split,group,json_path,image_path,page_id,instance_id,class_id,class_name,visual_instruction,visual_answer,x,y,w,h,width,height
train,press,/workspace/data/train/json/MI3_240725_TY2_0002_1.json,/workspace/data/train/jpg/MI2_240725_TY2_0002_1.jpg,MI3_240725_TY2_0002_1,MI3_240725_TY2_0002_1_V01_1,V01,표,감염병전문병원 추진 개요 차트(세로 막대형)에 대해 알려주세요,"차트(세로 막대형)은 권역별 감염병전문병원의 현황을 시각적으로 보여주는 자료입니다. 이 차트는 각 권역의 의료기관명과 지정 시기, 추진 단계, 완공 예정일을 나타냅니다. 이를 통해 호남권을 포함한 여러 권역에서 감염병 대응을 위한 전문 병원이 어떻게 준비되고 있는지를 알 수 있습니다.",234.24595863682708,2218.8136523654935,2019.9313566885296,639.3346680492356,2480,3508
train,press,/workspace/data/train/json/MI3_240725_TY2_0002_2.json,/workspace/data/train/jpg/MI2_240725_TY2_0002_2.jpg,MI3_240725_TY2_0002_2,MI3_240725_TY2_0002_2_V01_1,V01,표,감염병 대응 인프라 차트에 대해 알려주세요,"이 차트는 감염병 대응을 위한 인프라의 구축 상황을 나타냅니다. 차트의 범례는 각 권역별 감염병 전문 병원과 관련된 정보로 구성되어 있습니다. 본문과 이 차트를 통해, 권역별로 의료자원의 공동 활용 및 신종 감염병 대응 체계의 필요성이 강조되고 있음을 알 수 있습니다.",206.77973112719752,2227.4167528438466,2075.0527404343334,921.4395036194417,2480,3508
train,press,/workspace/data/train/json/MI3_240725_TY2_0002_3.json,/workspace/data/train/jpg/MI2_240725_TY2_0002_3.jpg,MI3_240725_TY2_0002_3,MI3_240725_TY2_0002_3_V01_1,V01,표,권역 구분 및 질병대응센터 현황에 대해 알려주세요,"이 차트는 각 권역별 질병대응센터의 현황을 보여줍니다. 범례는 각 권역과 해당 질병대응센터의 목록으로 구성되어 있습니다. 이 정보를 통해 권역별로 어떤 병원이 지정되었는지, 그리고 그들 간의 분포를 확인할 수 있습니다.",221.29059833085734,2471.801177418162,2038.7755946225464,357.8160493566608,2480,3508
train,press,/workspace/data/train/json/MI3_240725_TY2_0003_1.json,/workspace/data/train/jpg/MI2_240725_TY2_0003_1.jpg,MI3_240725_TY2_0003_1,MI3_240725_TY2_0003_1_V01_3,V01,표,2024년 질병관리청 민생정책과 구분 차트(세로 막대형)에 대해 알려주세요,"구분 차트(세로 막대형)는 2022년부터 2024년까지의 검역소에서 수행한 뎅기열 신속키트검사 현황을 보여줍니다. 이 차트의 범례는 각 연도와 검사 기관에 따라 나뉘어 있으며, 해당 기관과 검사 시기를 명시하고 있습니다. 본문 내용을 바탕으로 보면, 검역소 수가 증가함에 따라 유증상자 및 희망자를 대상으로 하는 검사 횟수가 지속적으로 확대되고 있는 추세입니다.",233.16265812922342,1905.7180486576062,2029.5423155926403,321.69870418624225,2480,3508
train,press,/workspace/data/train/json/MI3_240725_TY2_0003_2.json,/workspace/data/train/jpg/MI2_240725_TY2_0003_2.jpg,MI3_240725_TY2_0003_2,MI3_240725_TY2_0003_2_V01_1,V01,표,연도별 뎅기열 환자 발생현황 표에 대해 알려주세요,"연도별 뎅기열 환자 발생현황 표는 2014년부터 2023년까지의 환자 수를 보여줍니다. 이 표의 범례에는 각 연도와 해당 연도의 환자 수가 포함되어 있습니다. 2023년은 이전 해에 비해 두 배 증가한 206명의 환자가 보고되었으며, 이는 최근 몇 년 간 뎅기열 감염이 증가하고 있음을 나타냅니다.",235.8014477766288,1523.728323772171,1984.3598759048605,265.19262945874726,2480,3508
train,press,/workspace/data/train/json/MI3_240725_TY2_0003_2.json,/workspace/data/train/jpg/MI2_240725_TY2_0003_2.jpg,MI3_240725_TY2_0003_2,MI3_240725_TY2_0003_2_V02-1_1,V02-1,차트(세로 막대형),최근 5년간 뎅기열 유입국가 차트(세로 막대형)에 대해 알려주세요,"최근 5년간 뎅기열 유입국가 차트(세로 막대형)는 해당 기간 동안 유입된 국가들의 발생 빈도를 시각적으로 표현합니다. 차트의 범례는 각 국가와 그에 해당하는 발생 수치를 나타냅니다. 이 차트는 특정 국가에서의 뎅기열 발생이 시간이 지남에 따라 어떻게 변화했는지를 보여주며, 특히 동남아시아 국가에서 높은 빈도로 나타나는 경향을 보이고 있습니다.",199.52430196483982,1948.640460362013,2085.935884177871,773.512080330142,2480,3508
train,press,/workspace/data/train/json/MI3_240725_TY2_0003_3.json,/workspace/data/train/jpg/MI2_240725_TY2_0003_3.jpg,MI3_240725_TY2_0003_3,MI3_240725_TY2_0003_3_V02-5_1,V02-5,차트(영역형),전세계 토착 뎅기열 사례 국가 영역형에 대해 알려주세요,"전세계 토착 뎅기열 사례 국가 영역형은 각국에서 보고된 뎅기열 발생 현황을 시각적으로 나타냅니다. 이 영역형의 범례는 인구 10만 명당 발생 건수를 기준으로 합니다. 최근 데이터에 따르면, 여러 국가에서 뎅기열 발생이 급증하고 있으며, 이는 질병의 확산이 확대되고 있음을 시사합니다.",235.46431976406038,1007.8719941512,2030.5356792748398,1266.705048247973,2480,3508
train,press,/workspace/data/train/json/MI3_240725_TY2_0003_3.json,/workspace/data/train/jpg/MI2_240725_TY2_0003_3.jpg,MI3_240725_TY2_0003_3,MI3_240725_TY2_0003_3_V01_1,V01,표,2023년 주요 국가별 발생 및 사망 현황 표에 대해 알려주세요,"2023년 주요 국가별 발생 및 사망 현황 표는 각국의 뎅기열 발생과 사망자 수를 정리한 데이터입니다. 이 표에서는 방글라데시, 필리핀 등 여러 나라의 구체적인 수치를 보여주며, 날짜별 보고일도 포함되어 있습니다. 전체적으로 아시아 지역에서 높은 발생률을 보이고 있으며, 몇몇 국가는 심각한 상황에 처해 있는 것으로 분석됩니다.",264.86808968403136,2376.1530506721815,1995.2431972272786,841.629782833506,2480,3508
train,press,/workspace/data/train/json/MI3_240725_TY2_0004_1.json,/workspace/data/train/jpg/MI2_240725_TY2_0004_1.jpg,MI3_240725_TY2_0004_1,MI3_240725_TY2_0004_1_V01_1,V01,표,코로나19 인플루엔자 호흡기세포융합바이러스 차트(세로 막대형)에 대해 알려주세요,"이 차트는 1월 1주 동안 급성호흡기감염증으로 입원한 환자들 중 다양한 바이러스의 분포를 보여줍니다. 범례에는 각 바이러스별 환자 수와 그 비율이 포함되어 있습니다. 코로나19가 가장 높은 비중을 차지하며, 그 뒤를 인플루엔자와 호흡기세포융합바이러스가 따릅니다.",164.4249210239265,989.4363161093651,2131.9184088623197,396.3506539009743,2480,3508
train,press,/workspace/data/train/json/MI3_240725_TY2_0004_1.json,/workspace/data/train/jpg/MI2_240725_TY2_0004_1.jpg,MI3_240725_TY2_0004_1,MI3_240725_TY2_0004_1_V01_2,V01,표,인플루엔자 호흡기 리노 사람 파라인플 차트(가로 막대형)에 대해 알려주세요,"이 차트는 중증급성호흡기감염증 입원환자의 다양한 바이러스 감염률을 시각적으로 나타냅니다. 각 바이러스에 따른 환자 수와 비율이 범례로 제공됩니다. 최근 데이터에 따르면 인플루엔자가 가장 많이 발생하고 있으며, 코로나19는 그 다음으로 나타났습니다.",201.5021518323865,2072.5892683511615,2070.9082007621373,388.8487689222035,2480,3508
train,press,/workspace/data/train/json/MI3_240725_TY2_0004_2.json,/workspace/data/train/jpg/MI2_240725_TY2_0004_2.jpg,MI3_240725_TY2_0004_2,MI3_240725_TY2_0004_2_V01_1,V01,표,바이러스의 검출 현황 통계 표에 대해 알려주세요,"바이러스의 검출 현황 통계 표는 다양한 바이러스의 검출 현황을 단위별로 보여주는 자료입니다. 이 표에서는 인플루엔자, 코로나19 바이러스 등 여러 종류의 호흡기 바이러스에 대한 비율이 포함되어 있습니다. 최근 통계에 따르면 인플루엔자 바이러스의 검출 비율이 가장 높고, 나머지 바이러스들은 상대적으로 낮은 비율을 보이고 있어 감염병 관리에 중요한 참고자료가 될 수 있습니다.",221.24566419394128,364.95001380473144,2049.7485888820192,372.8426509825649,2480,3508
train,press,/workspace/data/train/json/MI3_240725_TY2_0004_2.json,/workspace/data/train/jpg/MI2_240725_TY2_0004_2.jpg,MI3_240725_TY2_0004_2,MI3_240725_TY2_0004_2_V01_2,V01,표,관련 부서와 책임자의 정보 표에 대해 알려주세요,관련 부서와 책임자의 정보 표는 관련 부서와 책임자의 정보를 담고 있는 내용입니다. 이 표는 각 부서의 연락처와 담당자를 정리하여 필요한 정보 접근성을 높이는 역할을 합니다. 이러한 정보 제공은 감염병 관련 정책 및 연구 협력에서 원활한 소통을 가능하게 합니다.,206.77973112719752,1951.71044467425,2067.797311271975,522.3908996897624,2480,3508
train,press,/workspace/data/train/json/MI3_240725_TY2_0004_3.json,/workspace/data/train/jpg/MI2_240725_TY2_0004_3.jpg,MI3_240725_TY2_0004_3,MI3_240725_TY2_0004_3_V01_1,V01,표,감염병 표본감시 주간소식지 내 시각요소 제목에 대해 알려주세요,"이 시각요소는 다양한 바이러스의 입원환자 수를 시각적으로 표현한 것입니다. 이 그래프에서는 각 바이러스 유형별로 환자 수를 비교할 수 있는 범례가 포함되어 있습니다. 최근 데이터에 따르면 코로나19와 인플루엔자바이러스의 입원환자 수가 가장 높게 나타나고 있으며, 시간에 따라 변화하는 경향을 보여주고 있습니다.",348.2605731563414,1229.7954188733152,1915.433298862461,862.5452088137876,2480,3508
train,press,/workspace/data/train/json/MI3_240725_TY2_0004_3.json,/workspace/data/train/jpg/MI2_240725_TY2_0004_3.jpg,MI3_240725_TY2_0004_3,MI3_240725_TY2_0004_3_V02-4_1,V02-4,차트(꺾은선형),감염병 표본감시 주간소식지 내 차트(꺾은선형)에 대해 알려주세요,이 차트는 다양한 바이러스성 급성호흡기감염증 및 인플루엔자바이러스의 입원환자 신고현황을 꺾은선형으로 나타낸 것입니다. 이 차트에서는 각 연도와 주차별로 기록된 환자 수를 시각적으로 쉽게 비교할 수 있도록 되어 있습니다. 2023년부터 2024년까지의 데이터에서 코로나19 환자의 변동 추세가 두드러진 것을 확인할 수 있습니다.,378.55450128203313,2105.2522219546404,1839.2512926577044,790.8417786970007,2480,3508
train,press,/workspace/data/train/json/MI3_240725_TY2_0004_4.json,/workspace/data/train/jpg/MI2_240725_TY2_0004_4.jpg,MI3_240725_TY2_0004_4,MI3_240725_TY2_0004_4_V01_1,V01,표,입원환자 감시 현황 차트(세로 막대형)에 대해 알려주세요,"입원환자 감시 현황 차트(세로 막대형)는 다양한 바이러스에 의해 발생하는 입원 환자의 수를 시각적으로 나타냅니다. 이 차트는 각 바이러스의 발생 건수와 비율을 포함하여, 특정 기간 동안의 변화를 쉽게 파악할 수 있도록 돕습니다. 분석 결과, 최근 몇 주간 코로나19와 인플루엔자 바이러스의 사례가 다소 증가하였음을 알 수 있습니다.",290.21716649431215,986.7383660806621,1955.3381592554285,896.6629669022769,2480,3508
train,press,/workspace/data/train/json/MI3_240725_TY2_0004_4.json,/workspace/data/train/jpg/MI2_240725_TY2_0004_4.jpg,MI3_240725_TY2_0004_4,MI3_240725_TY2_0004_4_V02-4_1,V02-4,차트(꺾은선형),아데노바이러스 등 다양한 바이러스 차트(꺾은선형)에 대해 알려주세요,아데노바이러스 등 다양한 바이러스를 나타내는 차트(꺾은선형)는 여러 종류의 바이러스 발생 추이를 시간에 따라 보여줍니다. 각 바이러스별로 특정한 경향성을 확인할 수 있는 범례가 제공됩니다. 이러한 정보를 통해 아데노바이러스 및 기타 호흡기 관련 바이러스의 유행 양상을 종합적으로 분석할 수 있습니다.,353.4183708643747,1904.550155118924,1868.2730093071355,870.6514994829374,2480,3508
train,press,/workspace/data/train/json/MI3_240725_TY2_0005_1.json,/workspace/data/train/jpg/MI2_240725_TY2_0005_1.jpg,MI3_240725_TY2_0005_1,MI3_240725_TY2_0005_1_V02-1_1,V02-1,차트(세로 막대형),2024년 외항선 입항검역 건수 차트(세로 막대형)에 대해 알려주세요,"이 차트(세로 막대형)는 최근 4년간 외항선 입항검역 건수를 시각적으로 나타냅니다. 범례는 연도별 외항선 입항검역 건수를 보여주며, 각 바의 높이는 해당 연도의 검역 건수를 나타냅니다. 최근 2023년에는 외항선 입항검역 건수가 증가하여 코로나19 이전 수준으로 회복하는 추세를 보이고 있습니다.",480.2696547718549,1789.3442711135542,1550.028020569193,936.4359841597785,2480,3508
train,press,/workspace/data/train/json/MI3_240725_TY2_0005_2.json,/workspace/data/train/jpg/MI2_240725_TY2_0005_2.jpg,MI3_240725_TY2_0005_2,MI3_240725_TY2_0005_2_V02-4_1,V02-4,차트(꺾은선형),최근 4년간 승선검역 대상 선박 수(척) 차트(꺾은선형)에 대해 알려주세요,"최근 4년간 승선검역 대상 선박 수를 나타내는 꺾은선형 차트입니다. 이 차트에서는 각 연도별로 검역 대상 선박의 수치가 표시되어 있습니다. 데이터에 따르면, 2020년에 비해 2023년에는 검역 대상 선박 수가 반등하여 증가한 추세를 보이고 있습니다.",414.0762873454119,844.8953344633462,1639.3990055389477,709.1331110892037,2480,3508
train,press,/workspace/data/train/json/MI3_240725_TY2_0008_2.json,/workspace/data/train/jpg/MI2_240725_TY2_0008_2.jpg,MI3_240725_TY2_0008_2,MI3_240725_TY2_0008_2_V01_1,V01,표,건강위해대응관 차트(세로 막대형)에 대해 알려주세요,"건강위해대응관 차트(세로 막대형)는 해당 부서의 책임자와 담당자 정보를 시각적으로 표현합니다. 이 차트는 각 담당 부서의 역할과 책임을 구분하기 위해 사용됩니다. 본문 내용에 따르면, 건강위해 대응을 위한 체계적인 관리가 필요하다는 추세를 보여줍니다.",219.64072473828114,1953.6882945417954,2029.6367355611908,338.1328157980457,2480,3508
train,press,/workspace/data/train/json/MI3_240725_TY2_0009_1.json,/workspace/data/train/jpg/MI2_240725_TY2_0009_1.jpg,MI3_240725_TY2_0009_1,MI3_240725_TY2_0009_1_V01_1,V01,표,국립줄기세포재생센터 제조시설 활용절차와 표에 대해 알려주세요,"표는 특정 데이터를 체계적으로 정리하여 시각적으로 표현하는 방법입니다. 이 표의 범례에는 제조시설의 역할, 제조공정, 품질관리 및 보관관리 등의 주요 내용이 포함되어 있습니다. 본문과 표를 통해 줄기세포 치료제 제조 과정에서의 주요 단계와 관련된 정보가 명확하게 제시되고 있습니다.",224.91830403309197,2198.5776558399994,2035.147880041364,975.6726026915417,2480,3508
train,press,/workspace/data/train/json/MI3_240725_TY2_0009_2.json,/workspace/data/train/jpg/MI2_240725_TY2_0009_2.jpg,MI3_240725_TY2_0009_2,MI3_240725_TY2_0009_2_V01_1,V01,표,국립줄기세포재생센터 제조시설 활용 절차 표에 대해 알려주세요,"국립줄기세포재생센터 제조시설 활용 절차를 나타낸 표입니다. 이 표는 제조시설 활용의 단계별 절차를 설명하며, 사전상담, 활용신청, 선정심의 등 여러 단계를 포함하고 있습니다. 전체적으로 보면 효율적인 제조시설 이용을 위한 체계적 접근이 강조되고 있습니다.",227.97949880296372,1395.322676909441,2015.5035571106798,1180.6379356332347,2480,3508
train,press,/workspace/data/train/json/MI3_240725_TY2_0009_2.json,/workspace/data/train/jpg/MI2_240725_TY2_0009_2.jpg,MI3_240725_TY2_0009_2,MI3_240725_TY2_0009_2_V01_2,V01,표,만성질환웅복합연구부 책임자 과장 담당 부서 난치성질환연구과 표에 대해 알려주세요,만성질환웅복합연구부 책임자 및 관련 부서를 나타낸 표입니다. 이 표는 각 담당자의 직위와 소속 부서를 명시하며 조직 구조를 보여줍니다. 이를 통해 연구 및 관리 체계가 어떻게 구성되어 있는지를 알 수 있습니다.,223.1740193509088,2991.403504696063,2037.2698445977535,191.65762774291395,2480,3508
train,press,/workspace/data/train/json/MI3_240725_TY2_0010_2.json,/workspace/data/train/jpg/MI2_240725_TY2_0010_2.jpg,MI3_240725_TY2_0010_2,MI3_240725_TY2_0010_2_V01_1,V01,표,연계 내용 소관기관과 관련된 시각요소 차트에 대해 알려주세요,"이 차트는 여러 기관 간의 데이터 연계 내용을 시각적으로 나타냅니다. 이 차트의 범례는 각 기관 및 시스템의 정보를 제공하며, 어떤 정보가 어떤 기관에 의해 관리되는지를 보여줍니다. 본문을 바탕으로 볼 때, 각 기관들이 협력하여 다양한 정보를 실시간으로 공유하고 있다는 추세를 확인할 수 있습니다.",217.15965247858918,453.41496598639515,2045.6266557732465,2729.8719224676147,2480,3508
train,press,/workspace/data/train/json/MI3_240725_TY2_0010_3.json,/workspace/data/train/jpg/MI2_240725_TY2_0010_3.jpg,MI3_240725_TY2_0010_3,MI3_240725_TY2_0010_3_V01_1,V01,표,붙임 2 방역통합정보시스템 구축 관련 법령 개정 추진사항에 대해 알려주세요,"법령 개정과 관련된 내용을 담고 있는 시각 요소입니다. 이 자료는 각 법령의 개정 내용을 이해하는 데 도움을 주기 위해 구성되어 있습니다. 전반적으로 감염병 대응을 위한 법령들이 체계적으로 정비되고 있으며, 여러 시스템 간의 연계가 강화되는 추세를 보이고 있습니다.",219.54829931972807,715.9183673469385,2061.7141366135493,1665.6053303513193,2480,3508
train,press,/workspace/data/train/json/MI3_240725_TY2_0010_3.json,/workspace/data/train/jpg/MI2_240725_TY2_0010_3.jpg,MI3_240725_TY2_0010_3,MI3_240725_TY2_0010_3_V01_2,V01,표,검역법 개정 추진에 대해 알려주세요,"이 자료는 검역법의 개정 내용과 그 진행 상황을 나타내는 시각 요소입니다. 검역법은 감염병 예방 및 관리와 관련된 규정을 포함하고 있으며, 이 범례에서는 주요 조항들이 어떻게 수정되고 있는지를 설명합니다. 현재 검역조치와 정보 시스템 간의 연계가 더욱 명확해지고, 관련 절차가 효율적으로 개선되고 있다는 점에서 긍정적인 변화가 일어나고 있습니다.",229.09387755102023,2554.0997283123775,2047.526530612244,638.2386386133404,2480,3508
train,press,/workspace/data/train/json/MI3_240725_TY2_0011_2.json,/workspace/data/train/jpg/MI2_240725_TY2_0011_2.jpg,MI3_240725_TY2_0011_2,MI3_240725_TY2_0011_2_V02-8_1,V02-8,차트(혼합형),중화항체 분석 결과 차트(혼합형)에 대해 알려주세요,"중화항체 분석 결과 차트(혼합형)는 BA.1 접종자의 중화항체가에 대한 다양한 수치를 시각적으로 표현합니다. 이 차트는 각 변이주에 대한 중화항체가의 비율을 나타내며, 이를 통해 백신의 효과를 비교할 수 있습니다. 본문에서 언급된 BA.1 접종 후의 중화항체가는 다른 변이주 대비 상대적으로 높은 수치로 나타났습니다.",332.02725212667747,486.9407987553444,878.5119073439893,782.3827478189849,2480,3508
train,press,/workspace/data/train/json/MI3_240725_TY2_0011_2.json,/workspace/data/train/jpg/MI2_240725_TY2_0011_2.jpg,MI3_240725_TY2_0011_2,MI3_240725_TY2_0011_2_V01_1,V01,표,담당 부서에 대한 표에 대해 알려주세요,담당 부서에 대한 표는 연구와 관련된 주요 인력 및 조직의 역할을 명시합니다. 이 표는 각 부서와 그 책임자의 정보를 상세히 나열하여 협업의 중요성을 강조합니다. 이를 통해 백신 연구 및 임상 연구의 진행 상황과 관계자들의 역할 분담을 이해할 수 있습니다.,234.46362685516482,2619.8563488726863,2025.0728676531812,493.42404265637424,2480,3508
train,press,/workspace/data/train/json/MI3_240725_TY2_0011_2.json,/workspace/data/train/jpg/MI2_240725_TY2_0011_2.jpg,MI3_240725_TY2_0011_2,MI3_240725_TY2_0011_2_V02-8_2,V02-8,차트(혼합형),중화항체 분석 결과 차트(혼합형)에 대해 알려주세요,"중화항체 분석 결과 차트(혼합형)는 BA.4/5 접종자와 관련된 데이터를 시각적으로 제공합니다. 이 차트는 각 변이주에 대한 항체 반응을 비교하며, 그 범례는 다양한 접종군의 면역 반응 강도를 보여줍니다. 본문 내용으로 미루어 보아, BA.4/5 접종 후에도 특정 변이주에 대한 항체가가 감소하는 경향이 observed되었습니다.",1255.0250259831005,489.38509401418577,874.7848723022612,779.5183931674815,2480,3508
train,press,/workspace/data/train/json/MI3_240725_TY2_0012_2.json,/workspace/data/train/jpg/MI2_240725_TY2_0012_2.jpg,MI3_240725_TY2_0012_2,MI3_240725_TY2_0012_2_V02-4_1,V02-4,차트(꺾은선형),알레르기질환 의사진단경험률 차트(꺾은선형)에 대해 알려주세요,"알레르기질환 의사진단경험률 차트(꺾은선형)는 2001년부터 2022년까지의 알레르기질환 진단 경험률을 시각적으로 나타냅니다. 이 차트의 범례는 각 질병에 대한 의사 진단 경험 비율을 보여줍니다. 본문에서 제공된 데이터에 따르면, 아토피 피부염과 알레르기 비염의 진단 경험률이 증가하는 추세를 보이고 있습니다.",254.99612996848856,2015.0131287352738,1990.7136474568433,1065.2331906987151,2480,3508
train,press,/workspace/data/train/json/MI3_240725_TY2_0012_3.json,/workspace/data/train/jpg/MI2_240725_TY2_0012_3.jpg,MI3_240725_TY2_0012_3,MI3_240725_TY2_0012_3_V01_1,V01,표,구분 운영조건에 대해 알려주세요,"운영조건 시각요소는 다양한 조건을 기반으로 시설과 인력의 요구 사항을 설명합니다. 이 요소는 의료기관 설치 여부, 시설 구비 요건 및 인력 기준에 대한 내용을 포함하고 있습니다. 본문에서 제시된 내용에 따르면, 독립적인 시설과 장비가 필요하며, 관련 분야의 전문가를 영입해야 한다는 점에서 알레르기 질환 관리의 중요성이 강조됩니다.",291.21927499246317,1195.596596382375,1888.7646634198647,997.7696267794128,2480,3508
train,press,/workspace/data/train/json/MI3_240725_TY2_0013_1.json,/workspace/data/train/jpg/MI2_240725_TY2_0013_1.jpg,MI3_240725_TY2_0013_1,MI3_240725_TY2_0013_1_V02-4_1,V02-4,차트(꺾은선형),T01 T02 T03 차트(꺾은선형)에 대해 알려주세요,"차트(꺾은선형)은 시간에 따른 데이터의 변화를 시각적으로 나타내는 도구입니다. 이 차트는 데이터 포인트를 선으로 연결하여 특정 시점의 값을 쉽게 비교할 수 있도록 합니다. 본문에서 제공된 데이터를 바탕으로 볼 때, 최근 몇 개월 동안의 입원 환자 수는 증가세를 보이다가 정점을 찍은 후 완만한 감소세로 전환되었습니다.",249.8265522493093,302.6884926619986,1967.9897837602857,688.6497996125304,2480,3508
train,press,/workspace/data/train/json/MI3_240725_TY2_0013_2.json,/workspace/data/train/jpg/MI2_240725_TY2_0013_2.jpg,MI3_240725_TY2_0013_2,MI3_240725_TY2_0013_2_V01_1,V01,표,마이코플라스마 폐렴 주요 항생제 요양급여 적용기준 개정 차트에 대해 알려주세요,"이 차트는 마이코플라스마 폐렴의 주요 항생제에 대한 요양급여 적용 기준을 시각적으로 나타냅니다. 이 차트의 범례는 각 항생제의 적응증과 치료 지침을 설명합니다. 본문과 함께 보면, 특정 항생제가 요양급여에 포함되는 추세가 지속적으로 증가하고 있음을 알 수 있습니다.",239.18167780136397,860.4369029838591,2015.469241251377,549.9996726029523,2480,3508
train,press,/workspace/data/train/json/MI3_240725_TY2_0013_3.json,/workspace/data/train/jpg/MI2_240725_TY2_0013_3.jpg,MI3_240725_TY2_0013_3,MI3_240725_TY2_0013_3_V01_1,V01,표,교육 일정표 에 대해 알려주세요,"교육 일정표 V01은 특정한 시간에 진행될 교육의 내용을 정리한 것입니다. 이 표는 각 발표자의 발표 시간과 주제를 명시하고 있습니다. 본문에서 제시된 내용과 함께, 교육 세션이 잘 계획되어 있으며, 질의응답 시간이 포함되어 있어 참여자들의 질문을 수용할 수 있는 구조로 되어 있습니다.",198.21143258287483,2200.6831318506797,2003.7320720020543,711.6475240582304,2480,3508
train,press,/workspace/data/train/json/MI3_240725_TY2_0014_1.json,/workspace/data/train/jpg/MI2_240725_TY2_0014_1.jpg,MI3_240725_TY2_0014_1,MI3_240725_TY2_0014_1_V02-1_1,V02-1,차트(세로 막대형),한센병 내·외국인별 신환자 발생현황 차트(세로 막대형)에 대해 알려주세요,이 차트는 2014년부터 2023년까지의 외국인 및 내국인 한센병 신환자 발생 현황을 세로 막대형으로 나타냅니다. 범례에는 각각의 연도에 따른 환자의 수가 표시되어 있습니다. 이 차트를 통해 외국인과 내국인의 한센병 신환자 수의 변화를 시각적으로 비교할 수 있습니다.,275.5576823301302,424.61065997115975,1905.5185508835737,820.218626074733,2480,3508
train,press,/workspace/data/train/json/MI3_240725_TY2_0014_2.json,/workspace/data/train/jpg/MI2_240725_TY2_0014_2.jpg,MI3_240725_TY2_0014_2,MI3_240725_TY2_0014_2_V01_1,V01,표,구분 내용 만성 감염병에 대해 알려주세요,"만성 감염병은 나균에 의해 발병하는 질환으로, 주로 피부와 말초신경에 영향을 미칩니다. 이 시각요소의 범례는 나균이 전파되는 경로와 잠복기에 대한 정보를 포함합니다. 본문과 시각요소를 기반으로 볼 때, 한센병은 오랜 잠복기를 가진 후 다양한 증상을 나타내며, 조기 진단과 치료가 중요합니다.",258.74129014345556,627.7670599934117,1977.178265139732,2035.4759492240903,2480,3508
train,press,/workspace/data/train/json/MI3_240725_TY2_0014_3.json,/workspace/data/train/jpg/MI2_240725_TY2_0014_3.jpg,MI3_240725_TY2_0014_3,MI3_240725_TY2_0014_3_V01_1,V01,표,성별 신환자 발생 현황 표에 대해 알려주세요,"성별 신환자 발생 현황 표는 2014년부터 2023년까지의 국내 한센병 환자의 성별 분포를 나타냅니다. 이 표는 남성과 여성의 환자 수를 연도별로 구분하여 보여줍니다. 최근 몇 년간 남성 환자가 더 많은 경향을 보이고 있으며, 전체적인 환자 수는 다소 감소하는 추세입니다.",139.35890410958905,625.1479903657986,2167.2712328767116,1056.7698178533785,2480,3508
train,press,/workspace/data/train/json/MI3_240725_TY2_0014_3.json,/workspace/data/train/jpg/MI2_240725_TY2_0014_3.jpg,MI3_240725_TY2_0014_3,MI3_240725_TY2_0014_3_V01_4,V01,표,지역별 신환자 발생 현황 표에 대해 알려주세요,"지역별 신환자 발생 현황 표는 세계 각 지역에서 보고된 한센병 환자의 수와 비율을 나타냅니다. 이 표에는 아프리카, 미주, 유럽 등 여러 지역의 데이터가 포함되어 있습니다. 특히 동남아시아 지역에서 높은 비율의 환자가 발견되며, 전 세계적으로 총 환자 수가 증가하는 경향이 있습니다.",110.5260273972602,1913.0956947162447,2258.5753424657532,811.4527321993073,2480,3508
train,press,/workspace/data/train/json/MI3_240725_TY2_0015_2.json,/workspace/data/train/jpg/MI2_240725_TY2_0015_2.jpg,MI3_240725_TY2_0015_2,MI3_240725_TY2_0015_2_V01_1,V01,표,국민건강영양조사 개요에 대해 알려주세요,"이 시각요소는 국민건강영양조사의 분석 결과를 담고 있는 차트입니다. 이 차트의 범례는 각 담당 부서와 책임자의 정보를 제공합니다. 본문과 이 차트를 기반으로, 여러 기관 간 협력을 통해 국민의 건강 관리에 대한 정보가 더욱 효과적으로 공유될 것으로 보입니다.",172.9972602739729,2062.303191329219,2114.4109589041113,1061.2584525064005,2480,3508
train,press,/workspace/data/train/json/MI3_240725_TY2_0015_3.json,/workspace/data/train/jpg/MI2_240725_TY2_0015_3.jpg,MI3_240725_TY2_0015_3,MI3_240725_TY2_0015_3_V01_1,V01,표,국민건강영양조사 본문 비율에 대해 알려주세요,"이 비율은 국민건강영양조사의 다양한 조사 영역을 보여주는 표입니다. 각 항목은 비만, 고혈압, 당뇨병 등 건강 관련 질환과 그 검진 방법 및 관련된 건강행태를 포함하고 있습니다. 이 표는 건강행태와 질병 간의 관계를 나타내며, 국민의 건강 상태가 어떻게 변화하고 있는지를 시각적으로 전달합니다.",197.0246575342464,2518.071232876711,2104.799999999998,648.7529278940235,2480,3508
train,press,/workspace/data/train/json/MI3_240725_TY2_0016_1.json,/workspace/data/train/jpg/MI2_240725_TY2_0016_1.jpg,MI3_240725_TY2_0016_1,MI3_240725_TY2_0016_1_V01_1,V01,표,팬데믹 발생시점 백신·치료제 개발에 대해 알려주세요,"이 시각요소는 팬데믹 발생 전후의 백신 및 치료제 개발 전략을 나타냅니다. 이 자료는 각 단계에서의 우선순위와 감염병 선정 기준을 설명하고 있습니다. 본문과 이 정보를 종합하면, 100일/200일 내 개발 목표를 설정하고 이를 달성하기 위한 다양한 전략이 필요함을 보여줍니다.",168.16537708866446,2575.961418034021,2186.4931506849316,629.2537708866473,2480,3508
train,press,/workspace/data/train/json/MI3_240725_TY2_0016_2.json,/workspace/data/train/jpg/MI2_240725_TY2_0016_2.jpg,MI3_240725_TY2_0016_2,MI3_240725_TY2_0016_2_V01_1,V01,표,간담회 진행 개요(안) 에 대해 알려주세요,"이 자료는 간담회 진행에 대한 내용과 각 발제자의 시간을 정리한 표입니다. 표에는 시간, 소요 내용, 비고가 포함되어 있으며 각 세션의 발제자와 발언 시간을 명시하고 있습니다. 본문과 시각 요소를 기반으로 볼 때, 간담회는 주요 주제를 다루며 시간 배분이 적절하게 이루어져 참석자들이 충분히 의견을 교환할 수 있는 구조로 되어 있습니다.",129.74794520547945,2206.0451151588136,2196.104109589041,893.4891314165279,2480,3508
train,press,/workspace/data/train/json/MI3_240725_TY2_0016_4.json,/workspace/data/train/jpg/MI2_240725_TY2_0016_4.jpg,MI3_240725_TY2_0016_4,MI3_240725_TY2_0016_4_V01_1,V01,표,1단계 초기 임상 2단계 임상3상에 대해 알려주세요,"이 시각요소는 초기 임상 및 임상 3상의 단계별 일정을 나타냅니다. 각 단계의 진행 기간과 일정이 제시되어 있어, 개발 과정에서 소요되는 시간을 한눈에 볼 수 있습니다. 본문 내용을 바탕으로, 백신 및 치료제 개발에서 필요한 다양한 단계를 고려할 때 일정에 따른 효율적인 진행 필요성이 강조됩니다.",139.358904109589,2254.0999096793603,2172.0767123287646,666.8922926388686,2480,3508
train,press,/workspace/data/train/json/MI3_240725_TY2_0017_2.json,/workspace/data/train/jpg/MI2_240725_TY2_0017_2.jpg,MI3_240725_TY2_0017_2,MI3_240725_TY2_0017_2_V02-8_1,V02-8,차트(혼합형),최근 4주 검출률 V에 대해 알려주세요,"최근 4주 검출률 V는 인플루엔자 아형별 검출 현황을 나타냅니다. 이 차트의 범례는 각 아형의 검출률을 백분율로 보여줍니다. 최근 데이터에 따르면, 특정 아형들이 높은 검출률을 보이며 유행하고 있음을 알 수 있습니다.",115.33150684931505,259.49589041095885,2152.8547945205487,802.2378292939942,2480,3508
train,press,/workspace/data/train/json/MI3_240725_TY2_0017_2.json,/workspace/data/train/jpg/MI2_240725_TY2_0017_2.jpg,MI3_240725_TY2_0017_2,MI3_240725_TY2_0017_2_V02-8_2,V02-8,차트(혼합형),당해면도 백신주와 최근 유행주 V에 대해 알려주세요,"당해면도 백신주와 최근 유행주는 인플루엔자 바이러스의 중화능 및 유전정보를 비교하는 차트입니다. 이 차트의 범례는 각 바이러스 아형별로 중화능이 있는지 여부를 나타냅니다. 분석 결과, 특정 아형들이 기준치를 초과하여 높은 중화능을 보이고 있어 예방 효과가 있을 것으로 예상됩니다.",110.52602739726022,2431.572602739726,2224.93698630137,686.8931205780519,2480,3508
train,press,/workspace/data/train/json/MI3_240725_TY2_0017_3.json,/workspace/data/train/jpg/MI2_240725_TY2_0017_3.jpg,MI3_240725_TY2_0017_3,MI3_240725_TY2_0017_3_V01_1,V01,표, T04 에 대해 알려주세요,"이 시각요소는 담당 부서와 관련된 정보를 제공하는 표입니다. 이 표는 각 부서의 책임자와 담당자에 대한 정보를 담고 있습니다. 본문과 함께 볼 때, 여러 부서가 협력하여 인플루엔자 예방접종 관리에 나서고 있음을 알 수 있습니다.",153.77534246575334,1173.2630889658283,2162.4657534246567,657.6245822670475,2480,3508
train,press,/workspace/data/train/json/MI3_240725_TY2_0018_1.json,/workspace/data/train/jpg/MI2_240725_TY2_0018_1.jpg,MI3_240725_TY2_0018_1,MI3_240725_TY2_0018_1_V01_1,V01,표,모기매개 감염병 예방과 관련된 표에 대해 알려주세요,"표는 데이터를 정렬하여 쉽게 비교할 수 있도록 도와주는 형식입니다. 이 표는 연도별 신고 현황을 나타내며, 각 감염병의 발생 빈도를 명확하게 보여줍니다. 최근 몇 년 동안 뎅기열과 말라리아 등의 환자 수가 급증하고 있어 우려되는 상황입니다.",134.5534246575339,620.936594911937,923.8666265241587,632.8842842089412,2480,3508
train,press,/workspace/data/train/json/MI3_240725_TY2_0018_1.json,/workspace/data/train/jpg/MI2_240725_TY2_0018_1.jpg,MI3_240725_TY2_0018_1,MI3_240725_TY2_0018_1_V02-1_1,V02-1,차트(세로 막대형),모기매개 감염병 예방과 관련된 차트(세로 막대형)에 대해 알려주세요,"차트(세로 막대형)은 여러 데이터 포인트를 세로 방향의 막대로 표현하여 비교할 수 있게 도와줍니다. 이 차트는 각 감염병별 환자 수의 변화를 시각적으로 나타내며, 특정 연도에 대한 정보를 제공합니다. 본문에서는 뎅기열, 말라리아 등 다양한 모기매개 감염병에 대한 환자 수가 증가하고 있는 추세를 보여주고 있습니다.",1064.9285714285713,616.7912087912088,1204.6703296703295,626.4285714285713,2480,3508
train,press,/workspace/data/train/json/MI3_240725_TY2_0018_3.json,/workspace/data/train/jpg/MI2_240725_TY2_0018_3.jpg,MI3_240725_TY2_0018_3,MI3_240725_TY2_0018_3_V01_1,V01,표,검역정책과 차트(세로 막대형)에 대해 알려주세요,"검역정책과 차트(세로 막대형)은 질병관리청의 검역 정책 관련 데이터를 시각적으로 표현한 것입니다. 이 차트는 특정 지표에 대한 수치적 변화를 보여주며, 각 기둥은 다양한 범주를 나타냅니다. 본문 내용을 통해 확인할 수 있는 추세는 해외감염병 예방을 위한 정책의 변화와 그에 따른 대응 전략의 효과입니다.",120.13698630136986,2508.4602739726038,2210.5205479452034,691.896628029504,2480,3508
train,press,/workspace/data/train/json/MI3_240725_TY2_0018_4.json,/workspace/data/train/jpg/MI2_240725_TY2_0018_4.jpg,MI3_240725_TY2_0018_4,MI3_240725_TY2_0018_4_V01_1,V01,표,홍역 환자수 비교에 대해 알려주세요,"이 시각요소는 전 세계 및 지역별 홍역 환자 수의 비교를 나타내는 표입니다. 이 표는 2021년과 2022년의 환자 수를 기준으로 각 지역의 변화 추이를 보여줍니다. 전 세계적으로 홍역 환자 수가 급증했으며, 아프리카와 동남아시아 지역에서 특히 두드러진 증가세를 보였습니다.",148.96986301369847,1845.6605599879563,2167.2712328767116,1306.681153093482,2480,3508
train,press,/workspace/data/train/json/MI3_240725_TY2_0019_2.json,/workspace/data/train/jpg/MI2_240725_TY2_0019_2.jpg,MI3_240725_TY2_0019_2,MI3_240725_TY2_0019_2_V02-1_1,V02-1,차트(세로 막대형),자원 활용 목적별 분양 현황 차트(세로 막대형)에 대해 알려주세요,"자원 활용 목적별 분양 현황 차트(세로 막대형)는 자원의 활용 비율을 시각적으로 나타냅니다. 이 차트는 진단기술 연구, 백신 및 치료제 연구 등 여러 항목의 비율을 보여줍니다. 해당 차트에 따르면, 진단기술 연구가 가장 높은 비율인 67.1%를 차지하고 있으며, 백신 및 치료제 연구는 17.5%입니다.",144.16438356164392,514.1863013698631,2172.076712328766,797.4191479753121,2480,3508
train,press,/workspace/data/train/json/MI3_240725_TY2_0019_2.json,/workspace/data/train/jpg/MI2_240725_TY2_0019_2.jpg,MI3_240725_TY2_0019_2,MI3_240725_TY2_0019_2_V02-1_2,V02-1,차트(세로 막대형),기관별 분양 현황 차트(세로 막대형)에 대해 알려주세요,"기관별 분양 현황 차트(세로 막대형)는 각 기관의 자원 활용 비율을 시각적으로 표현합니다. 이 차트는 민간영리기관, 대학 및 비영리기관, 국공립연구기관의 각각의 활용 비율을 보여줍니다. 민간영리기관이 59.6%로 가장 많은 활용률을 보이며, 다음으로 대학 및 비영리기관이 24.3%, 국공립연구기관이 16.1%를 기록하고 있습니다.",124.94246575342457,1643.4739726027392,2253.769863013698,797.4719554418182,2480,3508
train,press,/workspace/data/train/json/MI3_240725_TY2_0019_3.json,/workspace/data/train/jpg/MI2_240725_TY2_0019_3.jpg,MI3_240725_TY2_0019_3,MI3_240725_TY2_0019_3_V01_1,V01,표,공공백신개발지원센터 차트(세로 막대형)에 대해 알려주세요,"차트(세로 막대형)은 데이터의 비교를 시각적으로 나타내는 그래픽입니다. 이 차트는 여러 항목을 수직으로 나열하여 각각의 값을 쉽게 비교할 수 있도록 도와줍니다. 본문과 해당 차트를 기반으로 볼 때, 공공백신 개발에 대한 자원 관리 현황이 점차 증가하는 추세임을 알 수 있습니다.",134.55342465753426,1720.3616438356164,2244.1589041095895,432.49315068493166,2480,3508
train,press,/workspace/data/train/json/MI3_240725_TY2_0021_1.json,/workspace/data/train/jpg/MI2_240725_TY2_0021_1.jpg,MI3_240725_TY2_0021_1,MI3_240725_TY2_0021_1_V01_1,V01,표,전신성 홍반성 루푸스 관련된 데이터에 대해 알려주세요,"이 시각요소는 전신성 홍반성 루푸스 환자에 대한 다양한 변수를 나타내는 표입니다. 이 표에는 기본정보, 임상정보, 일반정보, 진단명 등 30개 변수의 설명이 포함되어 있습니다. 해당 데이터를 통해 전신성 홍반성 루푸스 환자의 주요 특징과 경향을 파악할 수 있습니다.",248.50059031877208,2085.8988944939356,1972.9440807126753,628.7817967156813,2480,3508
train,press,/workspace/data/train/json/MI3_240725_TY2_0021_1.json,/workspace/data/train/jpg/MI2_240725_TY2_0021_1.jpg,MI3_240725_TY2_0021_1,MI3_240725_TY2_0021_1_V01_2,V01,표,중추신경계 자가면역질환에 대한 유전정보 분석 플랫폼에 대해 알려주세요,이 시각요소는 중추신경계 자가면역질환자에 대한 유전정보와 관련된 데이터를 보여줍니다. 분석 플랫폼 및 파일종류와 용량 정보도 포함되어 있어 데이터 처리 방법을 이해하는 데 도움이 됩니다. 이를 통해 중추신경계 자가면역질환의 유전적 특성을 살펴볼 수 있습니다.,241.4597402597402,2833.7350649350665,2000.015584415583,340.239257238089,2480,3508
train,press,/workspace/data/train/json/MI3_240725_TY2_0021_1.json,/workspace/data/train/jpg/MI2_240725_TY2_0021_1.jpg,MI3_240725_TY2_0021_1,MI3_240725_TY2_0021_1_V01_3,V01,표,데이터종류와 대상자 수에 대해 알려주세요,"이 시각요소는 연구에서 사용된 데이터종류, 대상자 수 및 관련 정보를 정리한 내용입니다. 다양한 플랫폼과 파일형식으로 제공되는 데이터의 양과 종류를 나타내고 있습니다. 이러한 정보를 통해 연구의 범위와 자료의 신뢰성을 평가할 수 있습니다.",258.27133729599393,853.4031792945798,1972.8196125983154,385.851154514497,2480,3508
train,press,/workspace/data/train/json/MI3_240725_TY2_0021_2.json,/workspace/data/train/jpg/MI2_240725_TY2_0021_2.jpg,MI3_240725_TY2_0021_2,MI3_240725_TY2_0021_2_V01_1,V01,표,기본정보 가족력 증상/진찰 검사 결과에 대해 알려주세요,"이 시각요소는 기본정보, 가족력, 증상 및 진찰, 검사 결과 등을 포함한 자료를 제공합니다. 각 변수의 설명과 관련된 정보를 나타내며, 다양한 임상적 요소들을 종합적으로 분석할 수 있도록 돕습니다. 본문 내용에 따르면, 여러 변수들이 체계적으로 나열되어 있어 데이터를 통해 환자의 상태와 경향을 파악할 수 있습니다.",255.12727272727273,1102.5142857142855,1968.1246753246758,815.4961038961038,2480,3508
train,press,/workspace/data/train/json/MI3_240725_TY2_0021_2.json,/workspace/data/train/jpg/MI2_240725_TY2_0021_2.jpg,MI3_240725_TY2_0021_2,MI3_240725_TY2_0021_2_V01_2,V01,표,유전정보 데이터종류에 대해 알려주세요,"이 시각요소는 유전정보 분석 플랫폼과 관련된 데이터를 정리하여 제공하는 자료입니다. 각 항목에는 대상자 수와 파일 종류, 용량 등이 명시되어 있어 사용자가 필요한 정보를 쉽게 찾을 수 있습니다. 본문 내용을 바탕으로 볼 때, 유전정보에 대한 상세한 분석이 이루어지고 있으며 새로운 대상자와 기존 공개대상자의 데이터가 포함되어 있는 추세입니다.",250.57142857142858,2031.906493506494,1986.348051948052,286.68078450079355,2480,3508
train,press,/workspace/data/train/json/MI3_240725_TY2_0021_3.json,/workspace/data/train/jpg/MI2_240725_TY2_0021_3.jpg,MI3_240725_TY2_0021_3,MI3_240725_TY2_0021_3_V01_1,V01,표,유전정보 분석 데이터종류에 대해 알려주세요,"유전정보 분석 데이터종류는 다양한 종류의 유전자 데이터를 포함합니다. 각 데이터의 범례에는 Whole Genome, FASTQ, gVCF, VCF와 같은 파일 형식이 있으며, 이들 각각은 특정한 유전정보를 제공합니다. 본문에 따르면, 1,000명의 샘플에서 대량의 유전정보가 수집되어 연구에 활용될 것으로 보입니다.",256.0309112375228,918.9627133197383,1976.709241172051,500.7663410969194,2480,3508
train,press,/workspace/data/train/json/MI3_240725_TY2_0021_3.json,/workspace/data/train/jpg/MI2_240725_TY2_0021_3.jpg,MI3_240725_TY2_0021_3,MI3_240725_TY2_0021_3_V01_2,V01,표,임상·역학정보 변수 설명에 대해 알려주세요,"임상·역학정보 변수 설명은 참여자에 대한 기본적인 정보를 포함합니다. 여기서 제공되는 범례는 기본정보, 접수정보, 신체계측 등으로 세분화되어 있으며 각각의 항목은 주요 건강 지표를 나타냅니다. 본문을 통해 파악할 수 있는 것은 다양한 변수들이 통합적으로 연구되고 있어 질병 관리 및 예방에 기여할 가능성이 높다는 점입니다.",252.26575077814746,2617.0500804980143,1976.7092411720512,530.8876247719219,2480,3508
train,press,/workspace/data/train/json/MI3_240725_TY2_0022_1.json,/workspace/data/train/jpg/MI2_240725_TY2_0022_1.jpg,MI3_240725_TY2_0022_1,MI3_240725_TY2_0022_1_V02-1_1,V02-1,차트(세로 막대형),2024년 주요 정책계획 발표에 대해 알려주세요,"차트(세로 막대형)인 이 시각요소는 일상회복에 대한 국민 인식과 실질 GDP 증가율을 나타냅니다. 차트의 범례는 실질 GDP 증가율과 관련된 데이터입니다. 본문과 시각요소를 기반으로 보면, 코로나19 이전 대비 일상회복에 대한 긍정적인 인식이 높아지며, 실질 GDP 또한 증가하고 있음을 알 수 있습니다.",252.23892916970362,2692.831542977439,2000.0155844155825,527.5944466379633,2480,3508
train,press,/workspace/data/train/json/MI3_240725_TY2_0022_2.json,/workspace/data/train/jpg/MI2_240725_TY2_0022_2.jpg,MI3_240725_TY2_0022_2,MI3_240725_TY2_0022_2_V01_1,V01,표,2022년 2023년 진단 지원 건수 및 진단소요기간에 대해 알려주세요,"진단 지원 건수 및 진단소요기간은 표 형태로 제시되어 있습니다. 이 표는 2022년과 2023년에 대한 비교를 통해 변화 추세를 시각적으로 나타냅니다. 2023년에 진단 지원 건수가 701건으로 증가하였고, 진단 소요 기간이 14.5주에서 7.1주로 단축되었음을 보여줍니다.",277.9064935064935,1198.187012987013,1986.3480519480518,291.5740259740258,2480,3508
train,press,/workspace/data/train/json/MI3_240725_TY2_0026_1.json,/workspace/data/train/jpg/MI2_240725_TY2_0026_1.jpg,MI3_240725_TY2_0026_1,MI3_240725_TY2_0026_1_V02-4_1,V02-4,차트(꺾은선형),급성심장정지 성별 발생 꺾은선형에 대해 알려주세요,"급성심장정지 성별 발생 꺾은선형은 2012년부터 2022년까지 남성과 여성의 급성심장정지 환자 수 변화를 시각화한 자료입니다. 이 꺾은선형 그래프는 매년 이송된 환자 수의 변화를 보여주며, 남성이 지속적으로 더 높은 수치를 기록하고 있습니다. 또한 전반적으로 환자 수가 증가하는 추세를 나타내고 있습니다.",236.0,1152.0,1152.0,708.0,2480,3508
train,press,/workspace/data/train/json/MI3_240725_TY2_0026_1.json,/workspace/data/train/jpg/MI2_240725_TY2_0026_1.jpg,MI3_240725_TY2_0026_1,MI3_240725_TY2_0026_1_V02-3_1,V02-3,차트(원형),급성심장정지 연령별 발생현황 원형에 대해 알려주세요,"급성심장정지 연령별 발생현황 원형은 2022년 데이터를 기반으로 한 통계입니다. 이 원형 차트는 다양한 연령대에서의 급성심장정지 발생 비율을 나타냅니다. 데이터에 따르면, 고령층에서의 발생 비율이 높아지는 경향을 보이며, 특히 80세 이상에서 가장 높은 비율인 32.1%를 기록하고 있습니다.",1396.0,1147.9999999999998,852.0000000000003,720.0000000000002,2480,3508
train,press,/workspace/data/train/json/MI3_240725_TY2_0026_2.json,/workspace/data/train/jpg/MI2_240725_TY2_0026_2.jpg,MI3_240725_TY2_0026_2,MI3_240725_TY2_0026_2_V02-4_1,V02-4,차트(꺾은선형),[그림 3] 차트(꺾은선형)에 대해 알려주세요,"[그림 3] 차트(꺾은선형)은 급성심장정지 생존율 및 뇌기능 회복률을 보여줍니다. 이 차트는 생존율과 뇌기능 회복률의 변화를 연도별로 나타내며, 각 데이터 포인트는 해당 연도의 비율을 반영합니다. 분석 결과, 최근 몇 년간 생존율과 뇌기능 회복률이 개선되고 있음을 확인할 수 있습니다.",304.0000212461714,599.9999688211442,1896.0,816.0,2480,3508
train,press,/workspace/data/train/json/MI3_240725_TY2_0026_2.json,/workspace/data/train/jpg/MI2_240725_TY2_0026_2.jpg,MI3_240725_TY2_0026_2,MI3_240725_TY2_0026_2_V02-4_2,V02-4,차트(꺾은선형),일반인 심폐소생술 시행률 차트(꺾은선형)에 대해 알려주세요,"일반인 심폐소생술 시행률 차트(꺾은선형)는 2012년부터 2022년까지의 데이터를 기반으로 합니다. 이 차트는 해마다 변화하는 시행률을 시각적으로 표현하며, 각 연도의 수치는 해당 년도의 시행률을 나타냅니다. 이를 통해 일반인 심폐소생술 시행률이 지속적으로 증가하고 있는 추세를 알 수 있습니다.",260.0,2151.9999999999995,1192.0,712.0000000000003,2480,3508
train,press,/workspace/data/train/json/MI3_240725_TY2_0026_2.json,/workspace/data/train/jpg/MI2_240725_TY2_0026_2.jpg,MI3_240725_TY2_0026_2,MI3_240725_TY2_0026_2_V03_1,V03,다이어그램,일반인 성혈소생술 다이어그램에 대해 알려주세요,"일반인 성혈소생술 다이어그램은 심폐소생술 시험 결과와 관련된 정보를 시각적으로 제시합니다. 이 다이어그램에서는 생존율과 뇌기능 회복률 간의 비율 변화를 보여주며, 각각의 값은 시행 여부에 따른 생존 확률을 나타냅니다. 분석 결과, 심폐소생술을 실시한 경우에 비해 미실시한 경우의 생존율이 현저히 낮음을 보여줍니다.",1472.0,2264.0,748.0000000000001,560.0,2480,3508
train,press,/workspace/data/train/json/MI3_240725_TY2_0026_3.json,/workspace/data/train/jpg/MI2_240725_TY2_0026_3.jpg,MI3_240725_TY2_0026_3,MI3_240725_TY2_0026_3_V01_1,V01,표,행사개요 세부 시간계획에 대해 알려주세요,"세부 시간계획은 행사 진행을 위한 시간 분배를 보여줍니다. 주요내용은 각 활동의 시작 및 종료 시간을 포함하여 효율적인 일정 관리를 돕습니다. 본문에 명시된 내용을 바탕으로, 행사 동안 사전 간담회와 현장 홍보 활동이 순차적으로 진행될 예정입니다.",216.0,2191.9999999999995,2020.0,712.0000000000003,2480,3508
train,press,/workspace/data/train/json/MI3_240725_TY2_0028_1.json,/workspace/data/train/jpg/MI2_240725_TY2_0028_1.jpg,MI3_240725_TY2_0028_1,MI3_240725_TY2_0028_1_V01_1,V01,표,주요 일정(안) 표에 대해 알려주세요,"주요 일정(안) 표는 각 활동의 시간과 내용을 정리한 것입니다. 이 표에는 환영 인사, 훈련 설명 및 특강 등의 세부 내용이 포함되어 있습니다. 전체적으로 주요 일정은 훈련 프로그램의 흐름과 시간을 잘 나타내고 있어 참석자들이 어떤 순서로 진행되는지를 쉽게 이해할 수 있게 합니다.",223.99999999999997,2304.0,2052.0,771.9999999999997,2480,3508
train,press,/workspace/data/train/json/MI3_240725_TY2_0028_3.json,/workspace/data/train/jpg/MI2_240725_TY2_0028_3.jpg,MI3_240725_TY2_0028_3,MI3_240725_TY2_0028_3_V01_1,V01,표,홍역 개요 차트(세로 막대형)에 대해 알려주세요,"홍역 개요 차트(세로 막대형)에 대한 내용은 홍역 바이러스 감염과 관련된 주요 정보를 제공합니다. 이 차트의 범례는 법정감염병으로서의 홍역 발생 현황 및 예방접종에 관한 내용을 포함하고 있습니다. 본문에서는 국내외 홍역 발생 추세와 예방 조치에 대한 설명을 통해, 최근 몇 년간 환자 수가 크게 감소했음을 보여줍니다.",204.00000000000003,480.0,2092.0,2596.0,2480,3508
train,press,/workspace/data/train/json/MI3_240725_TY2_0028_4.json,/workspace/data/train/jpg/MI2_240725_TY2_0028_4.jpg,MI3_240725_TY2_0028_4,MI3_240725_TY2_0028_4_V01_1,V01,표,최근 10년 국내 발생 현황에 대해 알려주세요,"최근 10년 동안의 국내 홍역 발생 현황을 나타내는 표입니다. 이 표에는 매년 환자 수가 기재되어 있으며, 특정 기준일을 기준으로 작성되었습니다. 최근 몇 년간의 데이터에 따르면, 환자 수가 크게 변동하고 있음을 알 수 있습니다.",212.00000000000006,655.999828516293,2056.0000000000014,328.00001558942785,2480,3508
train,press,/workspace/data/train/json/MI3_240725_TY2_0028_4.json,/workspace/data/train/jpg/MI2_240725_TY2_0028_4.jpg,MI3_240725_TY2_0028_4,MI3_240725_TY2_0028_4_V01_2,V01,표,WHO 지역별 발생 현황에 대해 알려주세요,"WHO에서 제공하는 지역별 홍역 환자 수 비교를 보여주는 자료입니다. 각 지역마다 전년도와 비교한 환자 수 변화가 포함되어 있습니다. 전 세계적으로 환자 수가 증가하고 있는 추세이며, 특히 아프리카와 유럽에서 큰 변화가 관찰됩니다.",247.99999999999966,1187.9999064634312,1983.999999999998,1404.0007638819686,2480,3508
train,press,/workspace/data/train/json/MI3_240725_TY2_0029_1.json,/workspace/data/train/jpg/MI2_240725_TY2_0029_1.jpg,MI3_240725_TY2_0029_1,MI3_240725_TY2_0029_1_V03_1,V03,다이어그램,붙임 4 본인부담액 상한제 다이어그램에 대해 알려주세요,본인부담액 상한제 다이어그램은 의료비 지원의 한 형태를 시각적으로 나타냅니다. 이 다이어그램은 연간 최대 지원금과 환자의 부담 비율을 설명합니다. 본인부담액의 변화 추세는 희귀질환자에게 제공되는 다양한 지원 정책의 영향을 보여줍니다.,223.99999999999997,1312.0,2040.0000000000002,899.9999999999999,2480,3508
train,press,/workspace/data/train/json/MI3_240725_TY2_0029_1.json,/workspace/data/train/jpg/MI2_240725_TY2_0029_1.jpg,MI3_240725_TY2_0029_1,MI3_240725_TY2_0029_1_V01_1,V01,표,구분 대상 질환 표에 대해 알려주세요,대상 질환 표는 특정 연도별로 희귀질환 및 중중난치질환의 개수를 정리한 것입니다. 이 표에서는 각 연도의 변화와 증가 추세가 포함되어 있습니다. 전반적으로 희귀질환 관리가 강화됨에 따라 대상 질환의 수가 지속적으로 증가하고 있음을 나타냅니다.,228.00000000000009,2599.9999999999995,2024.0000000000002,588.0002650202757,2480,3508
train,press,/workspace/data/train/json/MI3_240725_TY2_0029_2.json,/workspace/data/train/jpg/MI2_240725_TY2_0029_2.jpg,MI3_240725_TY2_0029_2,MI3_240725_TY2_0029_2_V01_1,V01,표,상병코드 지원대상 질환명 비고 에 대해 알려주세요,"이 시각요소는 지원대상 질환과 관련된 상병코드를 나타내고 있습니다. 이 요소의 범례는 다양한 질환명과 그에 따른 코드 정보입니다. 본문과 함께 살펴보면, 특정 질환들에 대한 지원 정책의 중요성과 필요성이 강조되고 있습니다.",352.0,2423.9999999999995,1816.0000000000002,760.0000000000002,2480,3508
train,press,/workspace/data/train/json/MI3_240725_TY2_0029_3.json,/workspace/data/train/jpg/MI2_240725_TY2_0029_3.jpg,MI3_240725_TY2_0029_3,MI3_240725_TY2_0029_3_V01_1,V01,표,기본재산액에 대한 차트(세로 막대형)에 대해 알려주세요,"이 차트는 기본재산액을 지역구분별로 보여주는 세로 막대형 시각화입니다. 범례에는 각 지역구분에 따른 기본재산액이 나열되어 있으며, 이는 정책 변경에 따른 재산 기준의 변화를 나타냅니다. 해당 시각 요소를 통해 농어촌과 대도시 간의 재산 기준 차이를 확인할 수 있습니다.",324.0000000000002,692.4444753294522,1948.0,656.0,2480,3508
train,press,/workspace/data/train/json/MI3_240725_TY2_0029_3.json,/workspace/data/train/jpg/MI2_240725_TY2_0029_3.jpg,MI3_240725_TY2_0029_3,MI3_240725_TY2_0029_3_V03_1,V03,다이어그램,희귀질환자의 본인부담금 지원에 대한 다이어그램에 대해 알려주세요,"이 다이어그램은 희귀질환자의 본인부담금 지원 구조를 설명합니다. 다이어그램에서는 국고 지원 및 건보공단의 부담 비율을 명확히 나타내고 있으며, 이는 환자에게 실제적으로 발생하는 비용의 변동을 보여줍니다. 이를 통해 정부의 의료비 지원 정책이 환자의 부담을 얼마나 줄여주는지를 이해할 수 있습니다.",256.0,1947.9999220528605,1972.0,971.9999999999993,2480,3508
train,press,/workspace/data/train/json/MI3_240725_TY2_0030_1.json,/workspace/data/train/jpg/MI2_240725_TY2_0030_1.jpg,MI3_240725_TY2_0030_1,MI3_240725_TY2_0030_1_V02-1_1,V02-1,차트(세로 막대형),2016-2021년 성별 중증외상 발생 추이 세로 막대형 차트에 대해 알려주세요,"2016-2021년 성별 중증외상 발생 추이를 보여주는 세로 막대형 차트입니다. 이 차트는 남성과 여성의 중증외상 환자 수를 연도별로 비교하여 나타냅니다. 2021년에는 총 8,052명의 중증외상 환자가 발생하였으며, 특히 남성의 비율이 높은 경향을 보이고 있습니다.",192.0,788.0,2080.0,803.9999999999999,2480,3508
train,press,/workspace/data/train/json/MI3_240725_TY2_0030_1.json,/workspace/data/train/jpg/MI2_240725_TY2_0030_1.jpg,MI3_240725_TY2_0030_1,MI3_240725_TY2_0030_1_V02-4_1,V02-4,차트(꺾은선형),중증외상 치명률 및 장애율 꺾은선형 차트에 대해 알려주세요,중증외상 치명률 및 장애율을 나타내는 꺾은선형 차트입니다. 이 차트에서는 치명률과 중증장애율의 변화를 연도별로 시각적으로 표현하고 있습니다. 최근 몇 년간 전체적인 치명률과 장애율은 감소하는 추세를 보이고 있습니다.,204.00000000000003,2307.9999999999995,2044.0000000000005,704.0000000000001,2480,3508
train,press,/workspace/data/train/json/MI3_240725_TY2_0030_2.json,/workspace/data/train/jpg/MI2_240725_TY2_0030_2.jpg,MI3_240725_TY2_0030_2,MI3_240725_TY2_0030_2_V02-1_1,V02-1,차트(세로 막대형),중증외상 발생 추이에 대한 차트(세로 막대형)에 대해 알려주세요,"이 차트는 2016년부터 2021년까지의 손상기전별 중증외상 발생 추이를 나타냅니다. 범례는 각 손상의 원인에 따라 구분된 비율을 보여주며, 연도에 따른 변화를 시각적으로 표현합니다. 분석 결과, 운수사고의 비율은 감소하는 추세를 보이나, 추락 및 미끄러짐 사고는 증가하고 있어 주목할 필요가 있습니다.",212.00000000000003,788.0,2024.0,771.9999999999999,2480,3508
train,press,/workspace/data/train/json/MI3_240725_TY2_0030_3.json,/workspace/data/train/jpg/MI2_240725_TY2_0030_3.jpg,MI3_240725_TY2_0030_3,MI3_240725_TY2_0030_3_V02-1_1,V02-1,차트(세로 막대형),2016-2021년 지역별 중증외상 발생률 차트(세로 막대형)에 대해 알려주세요,"2016-2021년 지역별 중증외상 발생률 차트(세로 막대형)는 각 연도별 지역의 중증외상 발생 비율을 시각적으로 나타냅니다. 이 차트는 인구 10만명당 중증외상이 발생한 사람 수를 기준으로 하여, 전국 및 각 주요 도시의 데이터를 비교할 수 있는 범례를 제공합니다. 분석 결과, 전남은 매년 가장 높은 발생률을 기록했으며, 서울은 상대적으로 낮은 발생률을 보였습니다.",208.00000000000003,900.0,2052.0,791.9999999999998,2480,3508
train,press,/workspace/data/train/json/MI3_240725_TY2_0030_3.json,/workspace/data/train/jpg/MI2_240725_TY2_0030_3.jpg,MI3_240725_TY2_0030_3,MI3_240725_TY2_0030_3_V02-1_2,V02-1,차트(세로 막대형),2016-2021년 지역별 중증외상 이송소요시간 차트(세로 막대형)에 대해 알려주세요,"2016-2021년 지역별 중증외상 이송소요시간 차트(세로 막대형)는 각 연도별로 지역에서 중증 외상을 입은 환자들이 병원에 도착하는 데 걸린 평균 시간을 보여줍니다. 이 차트는 대전과 같은 특정 지역의 빠른 이송시간과 다른 지역들의 이송소요 시간 변화를 비교할 수 있는 범례를 포함하고 있습니다. 전반적으로, 시간이 경과함에 따라 대다수의 지역에서 이송 소요시간이 증가하는 추세를 보이고 있습니다.",208.00000000000003,2264.0,2056.0,796.0000000000001,2480,3508
train,press,/workspace/data/train/json/MI3_240725_TY2_0030_4.json,/workspace/data/train/jpg/MI2_240725_TY2_0030_4.jpg,MI3_240725_TY2_0030_4,MI3_240725_TY2_0030_4_V02-1_1,V02-1,차트(세로 막대형),2016-2021년 기관유형별 중증외상 발생 추이에 대해 알려주세요,"2016-2021년 기관유형별 중증외상 발생 추이는 차트(세로 막대형) 형태로 나타납니다. 이 차트는 권역외상센터, 권역응급의료센터, 지역응급의료센터, 지역응급의료기관의 비율을 보여주며, 각 연도별 수치를 시각적으로 비교할 수 있습니다. 분석 결과, 권역외상센터로 이송되는 비율이 증가하는 추세를 보였으며, 특히 2021년에는 40.4%에 달했습니다.",204.00000000000003,664.0,2044.0000000000005,775.9999999999998,2480,3508
train,press,/workspace/data/train/json/MI3_240725_TY2_0030_4.json,/workspace/data/train/jpg/MI2_240725_TY2_0030_4.jpg,MI3_240725_TY2_0030_4,MI3_240725_TY2_0030_4_V02-1_2,V02-1,차트(세로 막대형),2016-2021년 발생장소별 중증외상 발생 추이에 대해 알려주세요,"2016-2021년 발생장소별 중증외상 발생 추이는 차트(세로 막대형) 형태로 제공됩니다. 이 차트는 도로/도로 외 교통지역과 집/주거시설에서의 중증외상 비율을 비교하여 각각의 연도별 변화를 보여줍니다. 결과적으로 도로 및 도로 외 교통지역에서 중증외상이 주로 발생하고 있으며, 2021년에 해당 비율이 49.1%에 달함을 확인할 수 있습니다.",212.00000000000003,2264.0,2060.0,668.0000000000002,2480,3508
train,press,/workspace/data/train/json/MI3_240725_TY2_0030_5.json,/workspace/data/train/jpg/MI2_240725_TY2_0030_5.jpg,MI3_240725_TY2_0030_5,MI3_240725_TY2_0030_5_V02-1_1,V02-1,차트(세로 막대형),중증외상 발생 추이에 대한 차트(세로 막대형)에 대해 알려주세요,"이 차트는 2016년부터 2021년까지 중증외상의 손상부위별 발생 추이를 보여줍니다. 범례에는 두부, 흉부, 하지의 비율이 포함되어 있습니다. 최근 수치에 따르면 두부와 흉부의 부상이 가장 많고, 전체적으로 손상 부위에 따른 발생 비율은 일정한 경향을 보입니다.",211.7373943727365,666.8099173553728,2048.152103259355,886.6096202061467,2480,3508
train,press,/workspace/data/train/json/MI3_240725_TY2_0030_5.json,/workspace/data/train/jpg/MI2_240725_TY2_0030_5.jpg,MI3_240725_TY2_0030_5,MI3_240725_TY2_0030_5_V02-1_2,V02-1,차트(세로 막대형),내원요일별 중증외상 발생 추이에 대한 차트(세로 막대형)에 대해 알려주세요,"이 차트는 2016년부터 2021년까지 요일별 중증외상의 발생 빈도를 보여줍니다. 범례에는 각 요일에 따른 발생 비율이 나타나 있습니다. 분석 결과, 특정 요일에 따라 내원하는 환자의 수가 다소 변동성을 보이고 있으며 주말과 평일 사이의 차이가 있습니다.",207.2953511341475,2106.861108062706,2072.9535113414754,922.6716078980888,2480,3508
train,press,/workspace/data/train/json/MI3_240725_TY2_0030_6.json,/workspace/data/train/jpg/MI2_240725_TY2_0030_6.jpg,MI3_240725_TY2_0030_6,MI3_240725_TY2_0030_6_V02-1_1,V02-1,차트(세로 막대형),2016-2021년 내원시간별 중증외상 발생 추이에 대해 알려주세요,"2016-2021년 내원시간별 중증외상 발생 추이는 시간대에 따른 환자의 수치를 시각적으로 나타낸 것입니다. 범례에는 각 시간대의 비율이 포함되어 있어, 특정 시간에 의료기관을 찾는 환자 수를 파악할 수 있습니다. 데이터를 기반으로 보면, 특정 시간대에 따라 중증외상 환자의 발생 빈도가 차이를 보이며, 특히 10시에서 18시 사이에 많은 환자가 내원하는 경향을 보입니다.",202.005617977528,399.08426966292143,2039.76404494382,856.6406351564674,2480,3508
train,press,/workspace/data/train/json/MI3_240725_TY2_0031_1.json,/workspace/data/train/jpg/MI2_240725_TY2_0031_1.jpg,MI3_240725_TY2_0031_1,MI3_240725_TY2_0031_1_V02-1_1,V02-1,차트(세로 막대형),한랭질환자수(명) 차트(세로 막대형)에 대해 알려주세요,"한랭질환자수(명) 차트(세로 막대형)은 각 절기별 한랭질환자 수를 시각적으로 표현합니다. 이 차트는 각 절기별 환자 수의 변화를 비교할 수 있는 범례를 제공합니다. 데이터를 통해 확인해보면, 특정 절기에서의 환자 수가 다른 절기에 비해 현저히 증가한 경향이 관찰됩니다.",299.74899866488647,196.71028037383175,1873.4312416555406,524.5607476635513,2480,3508
train,press,/workspace/data/train/json/MI3_240725_TY2_0031_1.json,/workspace/data/train/jpg/MI2_240725_TY2_0031_1.jpg,MI3_240725_TY2_0031_1,MI3_240725_TY2_0031_1_V02-1_2,V02-1,차트(세로 막대형),연령대별 저체온증/동상 발생현황 차트(세로 막대형)에 대해 알려주세요,"연령대별 저체온증/동상 발생현황 차트(세로 막대형)은 특정 연령대에서의 저체온증 및 동상 발생 건수를 시각적으로 나타냅니다. 이 차트에는 연령대에 따른 발생 빈도를 비교할 수 있는 범례가 포함되어 있습니다. 분석 결과, 고령층에서 저체온증 사례가 상대적으로 많이 발생하는 경향이 있으며, 특정 연령층에서 더 높은 발병률을 보여주고 있습니다.",210.76101468624861,1892.1655540720965,2046.7236315086786,501.1428571428567,2480,3508
train,press,/workspace/data/train/json/MI3_240725_TY2_0031_2.json,/workspace/data/train/jpg/MI2_240725_TY2_0031_2.jpg,MI3_240725_TY2_0031_2,MI3_240725_TY2_0031_2_V01_1,V01,표,최근 5년간 운영 결과에 대해 알려주세요,"운영 결과는 시각적으로 표시된 데이터로, 각 연도별 참여 기관과 환자 수를 나타냅니다. 범례에는 각 절기별로 운영 기간과 환자 수가 포함되어 있습니다. 데이터에 따르면 최근 몇 년 동안 참여 기관 수는 다소 감소하였지만, 특정 연도에 환자 수는 증가하는 경향을 보였습니다.",257.59679572763685,1086.5901201602135,1962.419225634179,435.5727636849131,2480,3508
train,press,/workspace/data/train/json/MI3_240725_TY2_0031_2.json,/workspace/data/train/jpg/MI2_240725_TY2_0031_2.jpg,MI3_240725_TY2_0031_2,MI3_240725_TY2_0031_2_V01_2,V01,표,성별 통계에 대해 알려주세요,"성별 통계는 각 연도별 남성과 여성 환자의 수를 보여줍니다. 범례는 성별에 따른 환자 수의 변화를 나타내며, 남성과 여자의 비율이 강조됩니다. 분석 결과, 남성 환자가 전체적으로 더 많은 것으로 나타났으며, 여성 환자의 수도 점차 증가하는 추세입니다.",220.12817089452562,1866.0689681063222,2056.0907877169534,499.1379744837991,2480,3508
train,press,/workspace/data/train/json/MI3_240725_TY2_0031_2.json,/workspace/data/train/jpg/MI2_240725_TY2_0031_2.jpg,MI3_240725_TY2_0031_2,MI3_240725_TY2_0031_2_V01_3,V01,표,연령대 분포에 대해 알려주세요,"연령대 분포는 다양한 나이대의 환자 수를 보여주는 데이터입니다. 범례에는 각 연령대의 인원수가 포함되어 있어 나이에 따른 감염 경향을 파악할 수 있습니다. 최근 몇 년 간 65세 이상의 고령층에서 증가한 환자 수가 두드러지며, 이는 노인층의 취약성을 반영합니다.",220.1281708945253,2535.3336014627084,2042.0400534045352,513.6757443316882,2480,3508
train,press,/workspace/data/train/json/MI3_240725_TY2_0032_1.json,/workspace/data/train/jpg/MI2_240725_TY2_0032_1.jpg,MI3_240725_TY2_0032_1,MI3_240725_TY2_0032_1_V02-4_1,V02-4,차트(꺾은선형),연구데이터 공유 현황 꺾은선형 차트에 대해 알려주세요,연구데이터 공유 현황 꺾은선형 차트는 시간에 따른 데이터 분양 승인 과제 수의 변화를 시각적으로 나타냅니다. 이 차트의 범례에는 각 과제 수치가 포함되어 있어 다양한 연구 분야에서의 데이터 공유 동향을 확인할 수 있습니다. 본문에서는 지속적으로 증가하는 분양 승인 과제 수치를 통해 연구자들의 데이터 활용이 활발해지고 있음을 보여줍니다.,243.5460614152203,2575.967957276369,1058.4886515353805,627.5994659546055,2480,3508
train,press,/workspace/data/train/json/MI3_240725_TY2_0032_1.json,/workspace/data/train/jpg/MI2_240725_TY2_0032_1.jpg,MI3_240725_TY2_0032_1,MI3_240725_TY2_0032_1_V02-3_1,V02-3,차트(원형),자폐증 및 희귀질환 관련 원형 차트에 대해 알려주세요,"자폐증 및 희귀질환 관련 원형 차트는 특정 질병의 비율을 한눈에 볼 수 있도록 설계되었습니다. 이 차트는 각 질병군의 상대적인 비율을 시각적으로 비교하여 이해할 수 있게 돕습니다. 본문과 연계하여, 주요 질병들 사이에서 자폐증과 희귀질환이 높은 비율을 보이며, 이를 통해 해당 분야의 연구 필요성이 강조됩니다.",1311.4018691588785,2580.651535380507,917.9813084112147,627.599465954606,2480,3508
train,press,/workspace/data/train/json/MI3_240725_TY2_0032_2.json,/workspace/data/train/jpg/MI2_240725_TY2_0032_2.jpg,MI3_240725_TY2_0032_2,MI3_240725_TY2_0032_2_V01_1,V01,표,연구자 중심의 맞춤형 정보분석실 환경 구성 및 운영에 대해 알려주세요,"이 시각요소는 연구자 중심의 맞춤형 정보분석실 환경에 대한 구성을 나타냅니다. 이 분석실은 고성능 분석 소프트웨어와 빅데이터 심화분석을 지원하기 위한 설비를 갖추고 있습니다. 본문 내용과 관련하여, 이 공간은 연구자들에게 최적화된 환경을 제공함으로써 데이터 분석의 효율성을 높이는 추세를 보이고 있습니다.",220.12817089452602,1789.1268357810413,2056.0907877169557,1250.515353805073,2480,3508
train,press,/workspace/data/train/json/MI3_240725_TY2_0033_1.json,/workspace/data/train/jpg/MI2_240725_TY2_0033_1.jpg,MI3_240725_TY2_0033_1,MI3_240725_TY2_0033_1_V01_1,V01,표,BL3 연구시설 공동활용 지원에 대해 알려주세요,이 시각요소는 BL3 연구시설 공동활용 지원의 담당자를 나타냅니다. 이 요소에는 의료안전예방국의 책임자 및 관련 부서 담당자의 연락처 정보가 포함되어 있습니다. 이를 통해 연구자들은 필요한 지원을 요청할 수 있는 경로를 확보하게 됩니다.,210.76101468624833,2543.182910547396,2037.3564753004002,206.0774365821092,2480,3508
train,press,/workspace/data/train/json/MI3_240725_TY2_0033_2.json,/workspace/data/train/jpg/MI2_240725_TY2_0033_2.jpg,MI3_240725_TY2_0033_2,MI3_240725_TY2_0033_2_V01_1,V01,표,신청서 타당성 검토와 관련된 시각요소에 대해 알려주세요,"이 시각요소는 신청서 타당성 검토의 과정을 설명합니다. 이 과정은 지원 가능 여부를 결정하는 위원회의 심의를 포함하며, 분기별로 진행됩니다. 본문과 함께 보면, 신청서 접수 후 1.2개월 이내에 최종 결과가 통보되며, 이는 기관의 지원 가능성을 판단하는 중요한 절차임을 보여줍니다.",234.17890520694257,2421.4098798397863,2004.5714285714284,566.7129506008009,2480,3508
train,press,/workspace/data/train/json/MI3_240725_TY2_0033_3.json,/workspace/data/train/jpg/MI2_240725_TY2_0033_3.jpg,MI3_240725_TY2_0033_3,MI3_240725_TY2_0033_3_V01_1,V01,표,BL3 교육기관 목록 및 표에 대해 알려주세요,"이 표는 BL3 교육기관의 목록을 정리한 것입니다. 이 표에는 다양한 기관들이 나열되어 있으며, 각 기관의 역할과 위치에 대한 정보가 포함되어 있습니다. 본문 내용과 비교했을 때, BL3 교육기관의 수가 증가하고 있으며, 이들 기관은 질병 대응 및 연구에 중요한 역할을 하고 있습니다.",206.0774365821093,482.40854472630184,2070.1415220293716,2407.35914552737,2480,3508
train,press,/workspace/data/train/json/MI3_240725_TY2_0037_1.json,/workspace/data/train/jpg/MI2_240725_TY2_0037_1.jpg,MI3_240725_TY2_0037_1,MI3_240725_TY2_0037_1_V02-8_1,V02-8,차트(혼합형),저항성운동의 빈도 및 기간에 따른 오즈비 혼합형 차트에 대해 알려주세요,"혼합형 차트는 다양한 데이터 시각화를 결합하여 정보를 전달하는 방식입니다. 이 차트에서는 저항성 운동의 수행 빈도와 기간에 따른 근감소증 위험을 나타냅니다. 분석 결과, 주 3-4일 및 주 5일 이상의 저항성 운동이 각각 45%씩 근감소증 위험을 감소시키는 경향이 관찰되었습니다.",440.25634178905204,1161.5273698264352,1634.5687583444592,1091.2736982643526,2480,3508
train,press,/workspace/data/train/json/MI3_240725_TY2_0037_2.json,/workspace/data/train/jpg/MI2_240725_TY2_0037_2.jpg,MI3_240725_TY2_0037_2,MI3_240725_TY2_0037_2_V01_1,V01,표,연구성과 정보 연구내용 차트(세로 막대형)에 대해 알려주세요,"이 차트는 저항성운동 수행 빈도 및 기간이 근감소증 위험 감소에 미치는 영향을 보여줍니다. 차트의 범례는 연구 결과에 따른 저항성운동의 효과를 구분하는 데 사용됩니다. 본 연구는 한국인 성인을 대상으로 하여, 저항성운동 수행 빈도가 증가할수록 근감소증 위험이 감소하는 경향을 나타내고 있습니다.",252.91321762349796,665.0680907877169,1971.7863818424564,683.8024032042723,2480,3508
train,press,/workspace/data/train/json/MI3_240725_TY2_0037_3.json,/workspace/data/train/jpg/MI2_240725_TY2_0037_3.jpg,MI3_240725_TY2_0037_3,MI3_240725_TY2_0037_3_V02-4_1,V02-4,차트(꺾은선형),저근육 유병률 및 저항성운동 실천율 차트(꺾은선형)에 대해 알려주세요,"저근육 유병률 및 저항성운동 실천율 차트(꺾은선형)는 성별 및 연령에 따른 데이터 변화를 시각적으로 보여줍니다. 이 차트는 특정 연령대의 유병률과 운동 실천율을 비교할 수 있도록 범례를 제공합니다. 데이터를 기반으로 볼 때, 나이가 많아질수록 저근육 유병률이 증가하고 저항성 운동의 실천율이 감소하는 경향이 있음을 알 수 있습니다.",299.74899866488647,763.4232309746328,1901.5327102803735,814.9425901201603,2480,3508
train,press,/workspace/data/train/json/MI3_240725_TY2_0038_1.json,/workspace/data/train/jpg/MI2_240725_TY2_0038_1.jpg,MI3_240725_TY2_0038_1,MI3_240725_TY2_0038_1_V02-1_1,V02-1,차트(세로 막대형),전체 감염 예방효과 차트(세로 막대형)에 대해 알려주세요,"이 차트는 코로나19 백신 접종자의 감염 예방 효과를 나타냅니다. 범례는 65세 이상 연령대의 다양한 시간 경과에 따른 예방 효과를 보여줍니다. 분석 결과, 접종 후 일정 기간이 지나면 예방 효과가 감소하는 경향을 보입니다.",327.85046728971963,1386.3391188251003,1934.3177570093455,608.8651535380507,2480,3508
train,press,/workspace/data/train/json/MI3_240725_TY2_0038_1.json,/workspace/data/train/jpg/MI2_240725_TY2_0038_1.jpg,MI3_240725_TY2_0038_1,MI3_240725_TY2_0038_1_V02-1_2,V02-1,차트(세로 막대형),XBB.1.5백신 접종 효과 차트(세로 막대형)에 대해 알려주세요,"이 차트는 XBB.1.5 백신 접종자의 감염, 입원 및 중증화 예방 효과를 시각적으로 표현합니다. 범례는 각 예측 수치를 통해 미접종자 대비 백신의 효능을 명확히 보여줍니다. 데이터에 따르면, 이 백신은 특정 연령대에서 높은 예방 효과를 유지하는 경향이 있습니다.",327.85046728971963,2496.3471295060076,1929.634178905207,613.5487316421896,2480,3508
train,press,/workspace/data/train/json/MI3_240725_TY2_0038_2.json,/workspace/data/train/jpg/MI2_240725_TY2_0038_2.jpg,MI3_240725_TY2_0038_2,MI3_240725_TY2_0038_2_V01_1,V01,표,국외 24년 상반기 코로나19 예방접종 동향 차트(세로 막대형)에 대해 알려주세요,"차트(세로 막대형)는 데이터의 추세를 시각적으로 나타내는 도구입니다. 이 차트는 연령대별 권장 접종 일정을 보여주며, 고위험군에 대한 특별한 주의를 필요로 하는 데이터를 제공합니다. 본문과 차트를 통해 65세 이상 고위험군의 코로나19 질병부담이 여전히 높다는 것을 알 수 있으며, 국가별 권장 사항이 제시되고 있습니다.",206.07743658210947,1110.0080106809078,2060.7743658210943,1095.9572763684912,2480,3508
train,press,/workspace/data/train/json/MI3_240725_TY2_0038_3.json,/workspace/data/train/jpg/MI2_240725_TY2_0038_3.jpg,MI3_240725_TY2_0038_3,MI3_240725_TY2_0038_3_V01_1,V01,표,코로나19 상반기 고위험군 접종계획 차트(세로 막대형)에 대해 알려주세요,"코로나19 상반기 고위험군 접종계획 차트(세로 막대형)는 접종 대상자와 백신 종류에 대한 정보를 시각적으로 표현한 것입니다. 이 차트의 범례에는 접종 대상자인 5세 이상 면역저하자와 65세 이상 사람들을 포함하고 있습니다. 본문과 차트를 기반으로, 이번 백신 접종은 특정 연령대의 고위험군을 대상으로 하며, XBB.1.5 백신이 사용될 예정임을 알 수 있습니다.",224.81174899866485,524.5607476635513,2102.9265687583443,510.5100133511349,2480,3508
train,press,/workspace/data/train/json/MI3_240725_TY2_0038_4.json,/workspace/data/train/jpg/MI2_240725_TY2_0038_4.jpg,MI3_240725_TY2_0038_4,MI3_240725_TY2_0038_4_V01_1,V01,표,책임자 과장과 의료안전예방국 담당자에 대한 정보를 포함한 표에 대해 알려주세요.,이 표는 책임자와 각 담당자의 연락처 정보를 제공합니다. 이 표의 범례에는 각 직책과 관련된 전화번호가 나열되어 있습니다. 해당 정보는 질병관리청의 예방접종 관련 업무를 수행하는 인력에 대한 간단한 안내를 제공합니다.,201.39385847797027,2510.3978638184244,2102.9265687583434,379.3698264352465,2480,3508
train,press,/workspace/data/train/json/MI3_240725_TY2_0042_1.json,/workspace/data/train/jpg/MI2_240725_TY2_0042_1.jpg,MI3_240725_TY2_0042_1,MI3_240725_TY2_0042_1_V01_1,V01,표,최근 3년간 키 발달 상황 표에 대해 알려주세요,"최근 3년간 키 발달 상황 표는 남학생과 여학생의 학년별 키 변화를 보여줍니다. 이 표는 초등학교 6학년, 중학교 3학년, 고등학교 3학년에 대한 키 변화 및 연도별 차이를 포함하고 있습니다. 분석 결과에 따르면, 학생들의 키는 전반적으로 유사한 수준을 유지하고 있으며, 몇몇 학년에서는 미세한 변화가 관찰됩니다.",242.72721067383452,1278.4679404769267,1996.7303123811887,445.3865657521294,2480,3508
train,press,/workspace/data/train/json/MI3_240725_TY2_0042_1.json,/workspace/data/train/jpg/MI2_240725_TY2_0042_1.jpg,MI3_240725_TY2_0042_1,MI3_240725_TY2_0042_1_V02-4_1,V02-4,차트(꺾은선형),최근 5년간 키 증감 추이 차트(꺾은선형)에 대해 알려주세요,"최근 5년간 키 증감 추이 꺾은선형 차트는 남학생과 여학생의 신장 변화를 시각적으로 나타냅니다. 이 차트는 특정 연도 동안 각 학년에 따라 변화하는 신장 데이터를 제공합니다. 일반적으로 남학생과 여학생 모두 비슷한 경향을 보이며, 시간에 따라 약간의 증가와 감소가 반복적으로 나타납니다.",256.4801810802919,1868.0776947629945,1968.7777257093321,707.8902625133719,2480,3508
train,press,/workspace/data/train/json/MI3_240725_TY2_0042_2.json,/workspace/data/train/jpg/MI2_240725_TY2_0042_2.jpg,MI3_240725_TY2_0042_2,MI3_240725_TY2_0042_2_V01_1,V01,표,비만군 학생 비율 표에 대해 알려주세요,"비만군 학생 비율 표는 전국 및 지역별로 학생들의 비만 현황을 나타냅니다. 이 표의 범례는 도시 지역과 읍·면 지역 간의 차이를 포함하여 초등학교, 중학교, 고등학교별로 나누어져 있습니다. 최근 5년간의 데이터에 따르면 읍면지역과 도시지역 간의 비만군 학생 비율 격차가 증가하고 있음을 보여줍니다.",233.54615690678096,382.5645850095933,2010.3344008346694,488.8414857779475,2480,3508
train,press,/workspace/data/train/json/MI3_240725_TY2_0042_2.json,/workspace/data/train/jpg/MI2_240725_TY2_0042_2.jpg,MI3_240725_TY2_0042_2,MI3_240725_TY2_0042_2_V01_2,V01,표,시력 이상 및 소변검사 이상 비율 차트(꺾은선형)에 대해 알려주세요,"시력 이상 및 소변검사 이상 비율 차트(꺾은선형)는 특정 연도 간의 변화를 그래픽으로 나타냅니다. 이 차트는 각 학년별 시력 및 소변 검사 결과를 비교합니다. 2023년에는 전반적으로 시력 이상 비율이 증가하였고, 특히 초등학교 1학년에서 큰 상승세를 보였습니다.",293.87436493691376,2088.1314246810307,1921.8675036914549,422.4153210903703,2480,3508
train,press,/workspace/data/train/json/MI3_240725_TY2_0042_2.json,/workspace/data/train/jpg/MI2_240725_TY2_0042_2.jpg,MI3_240725_TY2_0042_2,MI3_240725_TY2_0042_2_V02-4_1,V02-4,차트(꺾은선형),시력 및 소변검사 이상 비율 차트(꺾은선형)에 대해 알려주세요,"시력 및 소변검사 이상 비율 차트(꺾은선형)는 연도별 데이터를 통해 이러한 건강 지표의 변화를 보여줍니다. 이 차트는 시력과 소변 검사 두 가지 지표의 연도별 수치를 포함하고 있습니다. 최근 몇 년 동안 시력 검사에서 이상이 있는 학생의 비율이 점진적으로 변화하고 있으며, 2023년까지 증가하는 경향을 보이고 있습니다.",279.860851112742,2645.40277809707,1921.941944667941,539.4303327173573,2480,3508
train,press,/workspace/data/train/json/MI3_240725_TY2_0042_3.json,/workspace/data/train/jpg/MI2_240725_TY2_0042_3.jpg,MI3_240725_TY2_0042_3,MI3_240725_TY2_0042_3_V01_1,V01,표,구분 총콜레스테롤 이상 비율 중성지방 이상 비율 LDL-C 이상 비율 HDL-C 이상 비율에 대해 알려주세요,"이 시각요소는 여러 지표에 대한 비율 변화를 나타내는 표입니다. 각 항목은 특정 년도에 따른 수치 변화와 그 증감을 보여줍니다. 2022년에 비해 2023년에는 대부분의 콜레스테롤 관련 지표가 감소하였고, HDL-C 이상 비율만 증가하는 추세를 보이고 있습니다.",224.402323627972,1016.2992281098857,2000.9300241381413,319.00439791686915,2480,3508
train,press,/workspace/data/train/json/MI3_240725_TY2_0042_3.json,/workspace/data/train/jpg/MI2_240725_TY2_0042_3.jpg,MI3_240725_TY2_0042_3,MI3_240725_TY2_0042_3_V02-1_1,V02-1,차트(세로 막대형),35.0 30.1 90.0 27.2 등의 데이터에 대해 알려주세요,"이 데이터는 다양한 콜레스테롤 수치의 변화를 시각적으로 표현한 차트입니다. 각각의 수치는 특정 범위 내에서 어떤 변화가 있었는지를 나타냅니다. 전반적으로 지표들이 감소하는 경향을 보여주며, 이는 건강 관리의 필요성을 강조합니다.",264.3469971314639,1467.1196897450525,1839.7768306654216,645.8516844281816,2480,3508
train,press,/workspace/data/train/json/MI3_240725_TY2_0042_4.json,/workspace/data/train/jpg/MI2_240725_TY2_0042_4.jpg,MI3_240725_TY2_0042_4,MI3_240725_TY2_0042_4_V02-4_1,V02-4,차트(꺾은선형),청소년건강행태조사(2023년) 주요 결과 차트(꺾은선형)에 대해 알려주세요,"차트(꺾은선형)은 시간에 따른 데이터의 변화를 시각적으로 나타내는 도구입니다. 이 차트는 일반담배, 전자담배 사용 현황과 같은 다양한 정보를 보여주며, 각각의 데이터 포인트가 선으로 연결되어 있습니다. 2023년 조사 결과에 따르면 흡연율이 감소하는 추세를 보이며, 남학생과 여학생 간의 사용률 변화도 확인할 수 있습니다.",304.7233009091485,1465.95994659546,1940.2056837688374,1226.0269311462898,2480,3508
train,press,/workspace/data/train/json/MI3_240725_TY2_0042_5.json,/workspace/data/train/jpg/MI2_240725_TY2_0042_5.jpg,MI3_240725_TY2_0042_5,MI3_240725_TY2_0042_5_V02-4_1,V02-4,차트(꺾은선형),위험음주율 차트(꺾은선형)에 대해 알려주세요,"위험음주율 차트(꺾은선형)는 특정 기간 동안의 음주 패턴을 시각적으로 나타냅니다. 이 차트는 남학생과 여학생의 위험음주율 변화를 보여줍니다. 2022년 대비 남학생과 여학생 모두에서 위험음주율이 증가하였으며, 특히 중학생에서 더욱 두드러진 증가세를 보이고 있습니다.",279.89807160098695,618.120648281593,1893.9521375078477,1040.052103024783,2480,3508
train,press,/workspace/data/train/json/MI3_240725_TY2_0043_1.json,/workspace/data/train/jpg/MI2_240725_TY2_0043_1.jpg,MI3_240725_TY2_0043_1,MI3_240725_TY2_0043_1_V01_1,V01,표,기존 장기요법 개정 단기요법에 대해 알려주세요,"이 시각요소는 기존과 개정된 요법의 치료 기간 및 약제 사용에 대한 정보를 제공합니다. 이 차트는 다양한 항결핵 약제의 조합과 치료 기간을 나타내며, 각 약제의 내성 여부도 포함됩니다. 전체적으로 단기 및 장기 요법 간의 비교를 통해 환자에게 적절한 치료 방법을 제시하는 추세를 보입니다.",228.93701977913156,276.3311081441921,2028.7709493452633,974.1842456608802,2480,3508
train,press,/workspace/data/train/json/MI3_240725_TY2_0043_1.json,/workspace/data/train/jpg/MI2_240725_TY2_0043_1.jpg,MI3_240725_TY2_0043_1,MI3_240725_TY2_0043_1_V01_2,V01,표,질병관리청 책임자와 담당 부서에 대해 알려주세요,이 시각요소는 질병관리청의 주요 연락처와 담당 부서 정보를 제공합니다. 이 정보는 결핵 관련 문의 및 상담을 위한 중요한 자료로 활용될 수 있습니다. 따라서 환자나 의료 종사자가 필요한 도움을 신속하게 받을 수 있도록 지원하는 역할을 합니다.,232.3178807947021,2509.033112582781,2016.5192052980142,181.2079470198678,2480,3508
train,press,/workspace/data/train/json/MI3_240725_TY2_0043_1.json,/workspace/data/train/jpg/MI2_240725_TY2_0043_1.jpg,MI3_240725_TY2_0043_1,MI3_240725_TY2_0043_1_V03_1,V03,다이어그램,더 아픈 환자를 위한 양보에 대해 알려주세요,"이 다이어그램은 환자 분류 및 진료 방침에 관한 내용을 설명합니다. 가벼운 질환은 동네 병원으로, 더 심각한 질환은 큰 병원으로 이송하는 원칙을 보여줍니다. 이를 통해 의료 자원의 효율적인 배분과 더 나은 환자 치료 결과를 도모하고 있습니다.",390.2940397350994,2713.472847682119,1691.274172185431,334.53774834437087,2480,3508
train,press,/workspace/data/train/json/MI3_240725_TY2_0044_1.json,/workspace/data/train/jpg/MI2_240725_TY2_0044_1.jpg,MI3_240725_TY2_0044_1,MI3_240725_TY2_0044_1_V01_1,V01,표,CJD 관련 정보와 발행정보에 대해 알려주세요.,"발행정보는 문서의 출처 및 책임 부서를 포함하는 정보를 제공합니다. 이 정보에는 담당 부서와 연락처가 명시되어 있어, 필요 시 추가적인 문의를 할 수 있습니다. 본문과 발행정보를 기반으로 CJD 관련 대응 체계가 철저하게 관리되고 있음을 알 수 있습니다.",247.59689121919723,2177.4543930538707,1996.8419738459208,450.44234873871676,2480,3508
train,press,/workspace/data/train/json/MI3_240725_TY2_0044_2.json,/workspace/data/train/jpg/MI2_240725_TY2_0044_2.jpg,MI3_240725_TY2_0044_2,MI3_240725_TY2_0044_2_V01_1,V01,표,보고 변종 CJD 차트(세로 막대형)에 대해 알려주세요,"변종 CJD 차트(세로 막대형)는 다양한 전파 경로와 발생 연도를 기반으로 한 데이터 시각화입니다. 이 차트는 각 질환의 특성과 전파 경로를 설명하는 범례를 포함하고 있습니다. 본문과 차트를 통해 확인할 수 있는 추세는 변종 CJD의 발생이 특정 위험 물질(SRM)의 섭취와 관련이 있으며, 이는 해당 질환의 예방 및 관리에 중요한 정보를 제공합니다.",252.8015561587632,1807.8611481975965,1967.2144652030483,1193.3074633727958,2480,3508
train,press,/workspace/data/train/json/MI3_240725_TY2_0045_1.json,/workspace/data/train/jpg/MI2_240725_TY2_0045_1.jpg,MI3_240725_TY2_0045_1,MI3_240725_TY2_0045_1_V01_1,V01,표,격리 의무 에 대해 알려주세요,"격리 의무 V01은 코로나19 확진자에 대한 격리 조치를 설명합니다. 이 차트는 각 단계별로 확진자의 격리 기간과 권고 사항을 나타냅니다. 본문에서는 7일에서 5일로의 격리 기간 단축이 언급되며, 이후 권고 전환 및 주의 사항이 강조되고 있습니다.",229.60698856753814,1831.3907001830244,2013.9385847797055,281.0146862483312,2480,3508
train,press,/workspace/data/train/json/MI3_240725_TY2_0045_2.json,/workspace/data/train/jpg/MI2_240725_TY2_0045_2.jpg,MI3_240725_TY2_0045_2,MI3_240725_TY2_0045_2_V01_2,V01,표,진단·검사 표에 대해 알려주세요,"진단·검사 표는 코로나19의 선별진료소 운영 및 검사 프로세스를 나타냅니다. 이 표는 각 단계에서의 검사 방법과 유무료 여부를 설명하며, 현재 무료로 제공되는 PCR 검사가 포함되어 있습니다. 본문에 따르면 1단계와 2단계에서 각각의 검사 체계가 변화하고 있으며, 특히 유증상 환자에 대한 접근성이 강조되고 있습니다.",231.17532073670031,1633.2660412558894,2010.4460622994022,357.3290939796095,2480,3508
train,press,/workspace/data/train/json/MI3_240725_TY2_0045_2.json,/workspace/data/train/jpg/MI2_240725_TY2_0045_2.jpg,MI3_240725_TY2_0045_2,MI3_240725_TY2_0045_2_V01_3,V01,표,검사비 일부 지원 유지 대상(안) (유증상자) 표에 대해 알려주세요,"검사비 일부 지원 유지 대상(안) 표는 유증상자에 대한 건강보험 급여 적용 대상을 보여줍니다. 이 표에서는 다양한 검사 유형과 해당하는 본인 부담 비율을 명시하고 있습니다. 본문 내용으로 볼 때, 고위험군에게는 보다 많은 혜택이 주어질 예정이며, 전체적으로 검사 접근성을 높이려는 노력이 엿보입니다.",360.33775011273343,2800.7052652985335,1864.547951794444,337.2920644744872,2480,3508
train,press,/workspace/data/train/json/MI3_240725_TY2_0045_3.json,/workspace/data/train/jpg/MI2_240725_TY2_0045_3.jpg,MI3_240725_TY2_0045_3,MI3_240725_TY2_0045_3_V01_1,V01,표,현황 표에 대해 알려주세요,"현황 표는 코로나19 치료와 관련된 정보를 시각적으로 나타냅니다. 이 표의 범례는 각 단계별로 의료기관 운영과 재택치료 상담 현황을 포함하고 있습니다. 최근에는 코로나19 환자의 치료를 위한 지정병상 운영이 유지되고 있으며, 재택치료 상담 서비스도 지속적으로 운영되고 있습니다.",247.11302487201445,426.2056074766352,2006.1346890777106,388.7369826435238,2480,3508
train,press,/workspace/data/train/json/MI3_240725_TY2_0045_3.json,/workspace/data/train/jpg/MI2_240725_TY2_0045_3.jpg,MI3_240725_TY2_0045_3,MI3_240725_TY2_0045_3_V01_2,V01,표,현황 표에 대해 알려주세요,"현황 표는 코로나19 치료를 위한 병상의 운영 상황을 보여줍니다. 이 표의 범례는 상시병상과 자율입원 확대와 같은 정보를 담고 있습니다. 향후 일반의료체계로 완전 전환될 예정이며, 지정병상의 축소가 예상됩니다.",233.36005446555671,1670.623004624266,2015.241301868274,371.7148126862321,2480,3508
train,press,/workspace/data/train/json/MI3_240725_TY2_0045_4.json,/workspace/data/train/jpg/MI2_240725_TY2_0045_4.jpg,MI3_240725_TY2_0045_4,MI3_240725_TY2_0045_4_V01_1,V01,표,현황 표에 대해 알려주세요,"현황 표는 감염 취약 시설의 운영 상황을 보여줍니다. 이 표는 종사자 및 입소자의 검사 주기와 외출 허용 여부를 포함하여, 각 단계에서의 지침을 나타냅니다. 전체적으로 감염 예방을 위한 조치가 유지되고 있으며, 낮은 양성률이 지속되는 추세로 보입니다.",238.0436325696953,636.5571967921911,2001.488331461816,272.24305785197,2480,3508
train,press,/workspace/data/train/json/MI3_240725_TY2_0045_4.json,/workspace/data/train/jpg/MI2_240725_TY2_0045_4.jpg,MI3_240725_TY2_0045_4,MI3_240725_TY2_0045_4_V01_2,V01,표,현황 표에 대해 알려주세요,현황 표는 의료기관 내 감염 관리를 위한 절차와 규정을 요약합니다. 이 표에서는 입원환자와 보호자에 대한 선제검사 유지 및 격리 기준을 설명합니다. 전반적으로 입원환자의 안전과 감염 예방 조치가 강화되고 있는 추세입니다.,237.8575301284712,1985.7254546901377,2006.1719095659544,351.5289012281242,2480,3508
train,press,/workspace/data/train/json/MI3_240725_TY2_0045_5.json,/workspace/data/train/jpg/MI2_240725_TY2_0045_5.jpg,MI3_240725_TY2_0045_5,MI3_240725_TY2_0045_5_V01_1,V01,표,현황 표에 대해 알려주세요,"현황 표는 코로나19 치료제의 지원 체계에 대한 정보를 담고 있습니다. 이 표는 각 단계별 무상 지원 현황과 일반 의료체계로의 전환 계획을 설명합니다. 이를 통해 1단계와 2단계에서의 지원이 유지되고 있으며, 향후 일반 의료체계로의 전환이 예고되어 있음을 알 수 있습니다.",251.79660297615382,672.9836479544472,1963.8708246757265,170.3953951847492,2480,3508
train,press,/workspace/data/train/json/MI3_240725_TY2_0045_5.json,/workspace/data/train/jpg/MI2_240725_TY2_0045_5.jpg,MI3_240725_TY2_0045_5,MI3_240725_TY2_0045_5_V01_2,V01,표,현황 표에 대해 알려주세요,"현황 표는 백신 접종 현황에 대한 정보를 제공합니다. 이 표는 1단계부터 3단계까지의 접종 상태와 국가필수예방접종으로서의 의무를 설명합니다. 현재 모든 국민에게 연 1회 무료 접종이 이루어지고 있으며, 고위험군에게 적극 권고되고 있는 상황입니다.",233.36005446555654,1760.8392647149813,2005.8369251717513,286.10768972316225,2480,3508
train,press,/workspace/data/train/json/MI3_240725_TY2_0045_5.json,/workspace/data/train/jpg/MI2_240725_TY2_0045_5.jpg,MI3_240725_TY2_0045_5,MI3_240725_TY2_0045_5_V01_3,V01,표,현황 표에 대해 알려주세요,"현황 표는 입원 치료비 지원 현황에 대한 내용을 포함하고 있습니다. 이 표에서는 중증 환자에 대한 본인 부담금 지원 현행 유지 및 일부 지원 사항을 다룹니다. 현재 모든 입원 치료자에게 지원되고 있으며, 향후 감염 취약층 보호를 위한 조치가 시행될 예정입니다.",233.43449544204597,2669.453416917917,2010.632164740623,215.6306952316128,2480,3508
train,press,/workspace/data/train/json/MI3_240725_TY2_0045_6.json,/workspace/data/train/jpg/MI2_240725_TY2_0045_6.jpg,MI3_240725_TY2_0045_6,MI3_240725_TY2_0045_6_V01_1,V01,표,현황 1단계 2단계 표에 대해 알려주세요,"표는 여러 항목의 현황을 나타내며, 각 단계에서의 내용을 비교할 수 있도록 구성되어 있습니다. 표에는 생활지원비와 유급휴가비에 대한 정보가 포함되어 있으며, 중위소득 이하 가구와 특정 기업에 대한 지원 내용을 담고 있습니다. 이 표를 통해 저소득층과 소규모 기업이 어떤 형태로 지원받고 있는지를 확인할 수 있습니다.",238.63916038161213,800.8174148312537,2009.8505344874823,393.6066631888864,2480,3508
train,press,/workspace/data/train/json/MI3_240725_TY2_0045_6.json,/workspace/data/train/jpg/MI2_240725_TY2_0045_6.jpg,MI3_240725_TY2_0045_6,MI3_240725_TY2_0045_6_V01_2,V01,표,현황 1단계 2단계 통계에 대해 알려주세요,"통계는 감시 및 신고 체계를 시각적으로 나타내어 현재 상황을 이해하는 데 도움을 줍니다. 이 통계에서는 확진자와 사망자 수 등의 데이터를 주간 단위로 발표하며, 이를 통해 코로나19의 전파 추세를 파악할 수 있습니다. 자료를 바탕으로 향후 대응 방안과 정책 방향성을 설정하는 데 기여합니다.",229.49532710280351,2210.462762712315,2009.813313999237,346.9197641004781,2480,3508
train,press,/workspace/data/train/json/MI3_240725_TY2_0045_7.json,/workspace/data/train/jpg/MI2_240725_TY2_0045_7.jpg,MI3_240725_TY2_0045_7,MI3_240725_TY2_0045_7_V01_1,V01,표,현황 차트(세로 막대형)에 대해 알려주세요,"현황 차트(세로 막대형)는 여러 단계의 방역 대응 체계를 시각적으로 나타냅니다. 이 차트의 범례는 각 단계의 이름과 그에 따른 조치 내용을 포함하고 있습니다. 본문을 기반으로 보면, 차트는 1단계에서 3단계까지의 방역 체계 변화와 그에 따른 운영 방식의 변화를 보여줍니다.",233.58337739502574,809.9984685983075,2000.9300241381445,281.53577308375884,2480,3508
train,press,/workspace/data/train/json/MI3_240725_TY2_0046_1.json,/workspace/data/train/jpg/MI2_240725_TY2_0046_1.jpg,MI3_240725_TY2_0046_1,MI3_240725_TY2_0046_1_V02-1_1,V02-1,차트(세로 막대형),일본뇌염 연령별 성별 분포 차트(가로 막대형)에 대해 알려주세요,일본뇌염 연령별 성별 분포 차트(가로 막대형)는 특정 연령대와 성별에 따른 환자의 분포를 보여줍니다. 이 차트는 20-29세에서 50-99세까지의 여러 연령대를 포함하고 있으며 각 연령대 별 환자 수를 나타냅니다. 최근 데이터에서는 고연령층에서의 발생률이 높아지고 있음을 확인할 수 있습니다.,192.02670226969272,2547.866488651537,1049.1214953271026,589.9075181920259,2480,3508
train,press,/workspace/data/train/json/MI3_240725_TY2_0046_1.json,/workspace/data/train/jpg/MI2_240725_TY2_0046_1.jpg,MI3_240725_TY2_0046_1,MI3_240725_TY2_0046_1_V02-1_2,V02-1,차트(세로 막대형),일본뇌염 환자 합병증 증상 차트(세로 막대형)에 대해 알려주세요,"일본뇌염 환자 합병증 증상 차트(세로 막대형)는 다양한 합병증의 발생 비율을 나타냅니다. 범례에는 인지장애, 운동장애, 마비, 언어장애, 발작 및 정신장애와 같은 여러 합병증이 포함되어 있습니다. 데이터에 따르면 인지장애와 운동장애가 가장 높은 비율을 차지하며, 이는 일본뇌염 환자들이 심각한 신경계 합병증을 경험할 가능성이 높음을 시사합니다.",1259.8825100133515,2547.866488651533,950.7663551401873,585.3356015526223,2480,3508
train,press,/workspace/data/train/json/MI3_240725_TY2_0046_2.json,/workspace/data/train/jpg/MI2_240725_TY2_0046_2.jpg,MI3_240725_TY2_0046_2,MI3_240725_TY2_0046_2_V01_1,V01,표,일본뇌염 예방접종 일정에 대해 알려주세요.,"이 표는 일본뇌염 예방접종의 접종 일정과 종류를 정리한 것입니다. 이 표에서 각 접종회차별로 생후 몇 개월에 어떤 백신을 접종해야 하는지, 교차접종 여부와 같은 중요한 정보가 제공됩니다. 이를 통해 일본뇌염 예방을 위한 적절한 시기에 예방접종을 받을 수 있는 방법을 이해할 수 있습니다.",233.88114130098378,491.77570093457837,1981.8607273273813,436.01940954385043,2480,3508
train,press,/workspace/data/train/json/MI3_240725_TY2_0046_3.json,/workspace/data/train/jpg/MI2_240725_TY2_0046_3.jpg,MI3_240725_TY2_0046_3,MI3_240725_TY2_0046_3_V01_1,V01,표,정의 · 일본뇌염 바이러스 감염에 대해 알려주세요,"정의 · 일본뇌염 바이러스 감염은 제3급 법정감염병으로 분류됩니다. 이 질병은 주로 Culex 속의 모기에 의해 전파되며, 초기에는 무증상이나 심각한 경우 뇌염으로 진행될 수 있습니다. 이러한 질환은 특정 인구집단에서 높은 사망률과 신경계 합병증을 초래할 수 있는 경향이 있습니다.",229.16034270860047,444.9399198931911,1968.4055208268853,2670.3467086357928,2480,3508
train,press,/workspace/data/train/json/MI3_240725_TY2_0047_1.json,/workspace/data/train/jpg/MI2_240725_TY2_0047_1.jpg,MI3_240725_TY2_0047_1,MI3_240725_TY2_0047_1_V02-4_1,V02-4,차트(꺾은선형),"[그림 2] 중증외상 치명률 by, 중증장애율 혼합형에 대해 알려주세요","[그림 2] 혼합형은 중증외상 환자의 치명률과 중증장애율을 비교하여 보여줍니다. 이 차트는 각 연도별로 치명률과 장애율의 변화를 시각적으로 표현합니다. 최근 몇 년 동안 치명률과 장애율 모두 감소하는 경향을 보이고 있으며, 이는 치료와 관리가 개선되었음을 나타냅니다.",220.12817089452616,2360.2628210682633,2008.8828017931228,837.2810864817527,2480,3508
train,press,/workspace/data/train/json/MI3_240725_TY2_0047_1.json,/workspace/data/train/jpg/MI2_240725_TY2_0047_1.jpg,MI3_240725_TY2_0047_1,MI3_240725_TY2_0047_1_V02-8_1,V02-8,차트(혼합형),[그림 1] 2015-2020년 성별 중증외상 발생 추이 혼합형에 대해 알려주세요,"[그림 1] 혼합형은 남성과 여성의 중증외상 발생 수를 나타냅니다. 이 차트는 2015년부터 2020년까지 남성과 여성 각각의 발생 수를 보여줍니다. 데이터에 따르면 남성의 비율이 여자보다 매년 두 배 이상 많으며, 전체적으로 남성이 압도적인 비중을 차지하고 있습니다.",224.4023236279719,739.8564585009585,2019.5898955782095,834.0863279074083,2480,3508
train,press,/workspace/data/train/json/MI3_240725_TY2_0047_2.json,/workspace/data/train/jpg/MI2_240725_TY2_0047_2.jpg,MI3_240725_TY2_0047_2,MI3_240725_TY2_0047_2_V02-1_1,V02-1,차트(세로 막대형),2015-2020년 손상기전별 중증외상 발생 추이에 대해 알려주세요,"2015-2020년 손상기전별 중증외상 발생 추이는 여러 손상 기전의 비율을 보여주는 차트입니다. 이 차트의 범례에는 운수사고, 추락 및 미끄러짐, 둔상, 관통상 및 기계와 같은 다양한 손상의 원인이 포함되어 있습니다. 데이터에 따르면 운수사고의 비율은 점차 감소하는 반면, 추락 및 미끄러짐의 비율은 증가하는 추세를 보이고 있습니다.",226.97560897974313,646.3337783711598,2013.9758052679472,1185.8323486502968,2480,3508
train,press,/workspace/data/train/json/MI3_240725_TY2_0047_2.json,/workspace/data/train/jpg/MI2_240725_TY2_0047_2.jpg,MI3_240725_TY2_0047_2,MI3_240725_TY2_0047_2_V02-8_1,V02-8,차트(혼합형),2015-2020년 지역별 중증외상 발생률2 추이에 대해 알려주세요,2015-2020년 지역별 중증외상 발생률2는 인구 10만 명당 중증외상 발생 수치를 나타내는 차트입니다. 이 차트는 각 시·도에서의 발생률을 비교하며 전국적으로 전남이 가장 높은 수치를 기록하고 있습니다. 전체적으로 전남과 충북이 발생률 1위를 기록하며 제주가 지속적으로 높은 순위를 유지하고 있는 경향을 보여줍니다.,225.2583948576027,2210.648865153536,2022.5985517113372,987.2300267906847,2480,3508
train,press,/workspace/data/train/json/MI3_240725_TY2_0047_3.json,/workspace/data/train/jpg/MI2_240725_TY2_0047_3.jpg,MI3_240725_TY2_0047_3,MI3_240725_TY2_0047_3_V02-1_1,V02-1,차트(세로 막대형),T01 T02 T03 세로 막대형에 대해 알려주세요,"이 세로 막대형 차트는 2015년부터 2020년까지 기관 유형별 중증외상 발생 비율을 나타냅니다. 각 막대는 권역외상센터와 지역 응급의료기관 등의 비율을 백분율로 표시합니다. 데이터 분석 결과, 권역외상센터의 비율이 지속적으로 증가하고 있는 것으로 나타났습니다.",219.9792889415468,2051.221107171593,2033.4173069611572,1147.6627379552426,2480,3508
train,press,/workspace/data/train/json/MI3_240725_TY2_0047_3.json,/workspace/data/train/jpg/MI2_240725_TY2_0047_3.jpg,MI3_240725_TY2_0047_3,MI3_240725_TY2_0047_3_V02-8_1,V02-8,차트(혼합형),T01 T02 T03 혼합형에 대해 알려주세요,"이 혼합형 차트는 2016년, 2018년, 2020년의 지역별 중증외상 이송 소요 시간을 보여줍니다. 차트는 각 지역의 이송 시간을 분 단위로 나타내며, 여러 연도의 데이터를 비교할 수 있습니다. 전체적으로 이송 소요 시간이 증가하는 추세를 보이며, 특히 광주에서의 빠른 이송 시간은 주목할 만합니다.",224.43954411621684,618.232309746328,2033.7150708671159,964.8170894526036,2480,3508
train,press,/workspace/data/train/json/MI3_240725_TY2_0048_1.json,/workspace/data/train/jpg/MI2_240725_TY2_0048_1.jpg,MI3_240725_TY2_0048_1,MI3_240725_TY2_0048_1_V01_1,V01,표,연구대상 현황 표에 대해 알려주세요,이 표는 다양한 인종별 당뇨 환자 수와 대조군 수를 나타냅니다. 각 인종의 환자 수와 비율을 통해 연구 대상자의 분포를 확인할 수 있습니다. 이를 바탕으로 특정 인종에서 당뇨병 발생률을 분석할 수 있는 기초 자료가 됩니다.,261.9826099258171,1868.636002086666,1920.8253300206015,595.0377421551035,2480,3508
train,press,/workspace/data/train/json/MI3_240725_TY2_0048_1.json,/workspace/data/train/jpg/MI2_240725_TY2_0048_1.jpg,MI3_240725_TY2_0048_1,MI3_240725_TY2_0048_1_V01_2,V01,표,논문명 표에 대해 알려주세요,"이 표는 'Genetic drivers of heterogeneity in type 2 diabetes pathophysiology'라는 제목의 논문 정보를 요약하고 있습니다. 이 표에는 저자, 저널명, DOI 및 게재일 등이 포함되어 있습니다. 이 정보를 통해 연구자와 독자는 해당 논문의 주요 내용을 신속하게 파악할 수 있습니다.",260.1960264900663,627.2582781456953,1942.1774834437088,320.5986754966887,2480,3508
train,press,/workspace/data/train/json/MI3_240725_TY2_0048_2.json,/workspace/data/train/jpg/MI2_240725_TY2_0048_2.jpg,MI3_240725_TY2_0048_2,MI3_240725_TY2_0048_2_V01_1,V01,표,고위험군에 대한 표 내용에 대해 알려주세요,"이 표는 인종별 당뇨병 발병 연도와 관련된 통계 정보를 제공합니다. 범례에는 인종과 상위 16%, 2.5%, 0.15%의 비율이 포함되어 있습니다. 이 데이터를 통해 특정 인종에서 당뇨병의 유전적 위험도가 어떻게 차별적으로 나타나는지를 알 수 있습니다.",314.87912713640236,426.20560747663495,1894.243697999097,593.6233636017993,2480,3508
train,press,/workspace/data/train/json/MI3_240725_TY2_0048_3.json,/workspace/data/train/jpg/MI2_240725_TY2_0048_3.jpg,MI3_240725_TY2_0048_3,MI3_240725_TY2_0048_3_T03_1,T03,시각요소 제목,한국인유전체칩 주요 콘텐츠 시각요소 제목에 대해 알려주세요,이 시각요소는 한국인유전체칩의 주요 콘텐츠를 나타냅니다. 내용에는 여러 가지 유전적 정보와 그 활용 방법이 포함되어 있습니다. 이를 통해 연구자들은 특정 유전변이에 대한 관심과 연구 방향을 설정할 수 있습니다.,332.3107224643896,1882.686736399085,909.1724595266099,70.36533302681632,2480,3508
train,press,/workspace/data/train/json/MI3_240725_TY2_0048_3.json,/workspace/data/train/jpg/MI2_240725_TY2_0048_3.jpg,MI3_240725_TY2_0048_3,MI3_240725_TY2_0048_3_V01_1,V01,표,한국인유전체칩 콘텐츠 표에 대해 알려주세요,이 표는 한국인유전체칩의 주요 콘텐츠를 정리한 것입니다. 각 콘텐츠의 수와 연구 활용 방안이 명시되어 있습니다. 이 데이터를 통해 유전변이에 따른 연구 방향과 관련된 다양한 분석 가능성을 엿볼 수 있습니다.,332.19906099965505,1981.0418765859984,1812.8797106959373,1124.468170364019,2480,3508
train,press,/workspace/data/train/json/MI3_240725_TY2_0049_2.json,/workspace/data/train/jpg/MI2_240725_TY2_0049_2.jpg,MI3_240725_TY2_0049_2,MI3_240725_TY2_0049_2_V01_1,V01,표,전략 추진과제에 대해 알려주세요,"전략 추진과제는 기후 관련 건강 문제를 해결하기 위한 구체적인 방안을 제시합니다. 이 과제의 범례에는 폭염, 한파 대비 감시체계 고도화와 같은 여러 세부 항목이 포함되어 있습니다. 본문에 따르면, 각 전략은 기후위기에 대응하기 위해 국민의 건강을 보호하고, 민관 협력을 강화하는 방향으로 발전하고 있습니다.",243.06219506803757,2243.322250417774,1991.3395450003975,955.7476971502849,2480,3508
train,press,/workspace/data/train/json/MI3_240725_TY2_0049_4.json,/workspace/data/train/jpg/MI2_240725_TY2_0049_4.jpg,MI3_240725_TY2_0049_4,MI3_240725_TY2_0049_4_V01_1,V01,표,건강위해대응관 책임자에 대한 정보와 다이어그램 타입에 대해 알려주세요,"다이어그램 타입은 다양한 정보를 시각적으로 나타내는 방식입니다. 이 타입의 범례는 각 담당 부서와 그들의 연락처 정보를 포함하여, 관련된 기관 간의 소통을 용이하게 합니다. 본문과 다이어그램을 기반으로 해당 시각요소는 건강 위해 대응의 중요성과 관련 기관의 협력을 강조하는 추세를 보여줍니다.",233.80670032449447,955.4499332443262,2028.361523974571,1789.1268357810418,2480,3508
train,press,/workspace/data/train/json/MI3_240725_TY2_0049_4.json,/workspace/data/train/jpg/MI2_240725_TY2_0049_4.jpg,MI3_240725_TY2_0049_4,MI3_240725_TY2_0049_4_V03_1,V03,다이어그램,환자 배려와 혼합형 차트에 대해 알려주세요,"혼합형 차트는 여러 데이터 세트를 동시에 보여주어 비교할 수 있도록 돕습니다. 이 차트의 범례는 환자 분류 및 치료 우선 순위를 설명하며, 이를 통해 의료 자원의 효율적 사용이 가능합니다. 본문과 혼합형 차트를 기반으로 해당 시각요소는 환자의 치료에 있어 중요한 결정을 내리는 경향을 나타냅니다.",394.94039735099346,2778.5218543046353,1686.627814569537,297.36688741721855,2480,3508
train,press,/workspace/data/train/json/MI3_240725_TY2_0050_2.json,/workspace/data/train/jpg/MI2_240725_TY2_0050_2.jpg,MI3_240725_TY2_0050_2,MI3_240725_TY2_0050_2_V02-8_1,V02-8,차트(혼합형),주간 확진환자 수 중증화율 치명률 차트(혼합형)에 대해 알려주세요,"주간 확진환자 수 중증화율 치명률 차트(혼합형)는 코로나19의 중증화율과 사망률을 나타내는 그래프입니다. 이 차트는 여러 기간 동안의 중증화율과 사망률을 비교하여 시각적으로 보여줍니다. 최근 데이터에 따르면, 확진환자 수와 치명률 간의 상관관계를 통해 전체적인 추세를 파악할 수 있습니다.",262.2803738317756,463.59979133325714,1934.4666389623244,505.82643524699637,2480,3508
train,press,/workspace/data/train/json/MI3_240725_TY2_0050_2.json,/workspace/data/train/jpg/MI2_240725_TY2_0050_2.jpg,MI3_240725_TY2_0050_2,MI3_240725_TY2_0050_2_V02-8_2,V02-8,차트(혼합형),전국 확진자수 및 발생률 추이 차트(혼합형)에 대해 알려주세요,"전국 확진자수 및 발생률 추이 차트(혼합형)은 지난 8주 동안의 코로나19 신규 확진자 수와 발생률을 보여주는 그래프입니다. 이 차트는 특정 날짜를 기준으로 하는 신규 확진자의 변화와 함께 일일 발생률을 나타냅니다. 데이터에 따르면, 최근 몇 주간 신규 확진자가 증가하고 있으며, 이에 따른 발생률 또한 상승하는 추세를 보이고 있습니다.",241.24966622162927,2327.328892386316,1962.3820051459356,815.3520154908535,2480,3508
train,press,/workspace/data/train/json/MI3_240725_TY2_0050_3.json,/workspace/data/train/jpg/MI2_240725_TY2_0050_3.jpg,MI3_240725_TY2_0050_3,MI3_240725_TY2_0050_3_V02-4_1,V02-4,차트(꺾은선형),60세 이상 추정 처방률 꺾은선형에 대해 알려주세요,"꺾은선형은 시간의 흐름에 따른 데이터의 변화를 시각적으로 표현하는 그래프입니다. 이 꺾은선형의 범례는 각 연도와 월별로 나누어진 추정 처방률을 나타냅니다. 본문과 시각요소를 기반으로 볼 때, 60세 이상의 환자들에 대한 추정 처방률이 시간이 지남에 따라 증가하거나 감소하는 경향을 보이고 있습니다.",261.9081689493277,1498.5216703949618,2010.036636928708,955.8221381267755,2480,3508
train,press,/workspace/data/train/json/MI3_240725_TY2_0050_3.json,/workspace/data/train/jpg/MI2_240725_TY2_0050_3.jpg,MI3_240725_TY2_0050_3,MI3_240725_TY2_0050_3_V02-4_2,V02-4,차트(꺾은선형),준-중환자 병상 일일기동 꺾은선형에 대해 알려주세요,"꺾은선형은 시간대별 데이터의 변화를 선으로 연결하여 시각화한 그래프입니다. 이 그래프의 범례는 특정 날짜 및 병상의 가동률을 보여줍니다. 본문과 시각요소를 통해 확인할 수 있는 바, 준-중환자 병상 가동률이 일정한 패턴을 보이며 변화하고 있음을 알 수 있습니다.",1263.809271523179,450.6966887417218,985.0278145695364,478.5748344370861,2480,3508
train,press,/workspace/data/train/json/MI3_240725_TY2_0050_4.json,/workspace/data/train/jpg/MI2_240725_TY2_0050_4.jpg,MI3_240725_TY2_0050_4,MI3_240725_TY2_0050_4_V02-8_1,V02-8,차트(혼합형),WHO 세부계통 점유율(%) 차트(혼합형)에 대해 알려주세요,"WHO 세부계통 점유율(%) 차트(혼합형)은 다양한 오미크론 변이의 점유율을 시각적으로 나타냅니다. 이 차트는 BN.1, XBB.1.5, BQ1 등 여러 변이의 비율을 보여주며, 각 변이에 대한 주목할 만한 수치를 포함하고 있습니다. 데이터에 따르면 BN.1은 48.1%로 가장 높은 점유율을 기록하고 있으며, XBB.1.5는 상대적으로 낮은 15.2%를 보입니다.",235.37954406798866,982.5003075854189,2000.7439216969187,1190.8943350515926,2480,3508
train,press,/workspace/data/train/json/MI3_240725_TY2_0050_4.json,/workspace/data/train/jpg/MI2_240725_TY2_0050_4.jpg,MI3_240725_TY2_0050_4,MI3_240725_TY2_0050_4_V01_1,V01,표,오미크론 세부계통 검출률(%) 표에 대해 알려주세요,"오미크론 세부계통 검출률(%) 표는 국내와 해외 유입 사례를 구분하여 다양한 주차별 데이터를 제공합니다. 이 표는 BA.5, BQ.1, BN.1 등 주요 변이의 검출률을 보여주며, 분석된 주차 동안의 변화 추세를 알 수 있게 해줍니다. 최근 데이터에 따르면 BN.1의 비율이 꾸준히 높아지고 있는 반면 BA.5의 비율은 감소하는 경향을 보입니다.",224.81174899866485,2369.8905206942595,2032.6728971962618,824.0119824224789,2480,3508
train,press,/workspace/data/train/json/MI3_240725_TY2_0050_5.json,/workspace/data/train/jpg/MI2_240725_TY2_0050_5.jpg,MI3_240725_TY2_0050_5,MI3_240725_TY2_0050_5_V02-8_1,V02-8,차트(혼합형),"<WHO 지역별 확진자·사망자 발생 현황(4주 단위, 3.26일 기준)> 혼합형에 대해 알려주세요","<WHO 지역별 확진자·사망자 발생 현황(4주 단위, 3.26일 기준)> 혼합형은 여러 데이터의 시각적 표현을 제공하는 도구입니다. 이 타입은 주로 다양한 범주의 데이터를 비교하기 위해 사용됩니다. 본문에서는 최근 4주간의 확진자와 사망자의 변화를 보여주고 있으며, 특정 지역에서의 추세가 두드러지는 것을 확인할 수 있습니다.",274.31151241534997,990.8803611738131,1970.5643340857785,727.7652370203169,2480,3508
train,press,/workspace/data/train/json/MI3_240725_TY2_0051_1.json,/workspace/data/train/jpg/MI2_240725_TY2_0051_1.jpg,MI3_240725_TY2_0051_1,MI3_240725_TY2_0051_1_V02-8_1,V02-8,차트(혼합형),어린이 손상 발생 유형 차트(혼합형)에 대해 알려주세요,"어린이 손상 발생 유형 차트(혼합형)는 여러 연령대의 어린이들에서 손상 발생 비율을 나타냅니다. 이 차트는 각 연령대별 손상의 비율을 시각적으로 비교할 수 있도록 도와줍니다. 데이터에 따르면, 남아가 여아보다 높은 비율로 손상을 입은 것으로 나타났으며, 특히 4세에서 13세 사이의 어린이들에게서 높은 빈도로 발생하고 있습니다.",362.73821989528733,1809.0994764397872,1722.382198952879,945.8743455497404,2480,3508
train,press,/workspace/data/train/json/MI3_240725_TY2_0051_2.json,/workspace/data/train/jpg/MI2_240725_TY2_0051_2.jpg,MI3_240725_TY2_0051_2,MI3_240725_TY2_0051_2_V02-8_1,V02-8,차트(혼합형),어린이 사고 시기별 현황 혼합형에 대해 알려주세요,"어린이 사고 시기별 현황 혼합형은 다양한 시간대에서의 사고 발생 비율을 시각적으로 표현합니다. 이 혼합형 차트는 시간대에 따른 사고 발생률을 나타내며, 각 시간대별로 명시된 비율들이 포함되어 있습니다. 데이터에 따르면 특정 시간대에서 어린이 사고의 비율이 높아지는 경향이 확인됩니다.",316.8219895287959,293.86387434554973,1813.6910994764394,941.2827225130887,2480,3508
train,press,/workspace/data/train/json/MI3_240725_TY2_0051_2.json,/workspace/data/train/jpg/MI2_240725_TY2_0051_2.jpg,MI3_240725_TY2_0051_2,MI3_240725_TY2_0051_2_V02-8_2,V02-8,차트(혼합형),어린이 사고 손상장소 혼합형에 대해 알려주세요,"어린이 사고 손상장소 혼합형은 다양한 장소에서 발생한 어린이 사고의 유형과 그 빈도를 보여줍니다. 이 차트는 각 장소별로 발생한 손상 유형의 비율을 나타내며, 집, 도로, 학교 등 다양한 카테고리가 포함되어 있습니다. 분석 결과, 집에서 발생하는 사고가 가장 높은 비율을 보이고 있음을 알 수 있습니다.",224.98952879581148,1942.2565445026175,2047.8638743455501,775.9842931937175,2480,3508
train,press,/workspace/data/train/json/MI3_240725_TY2_0052_2.json,/workspace/data/train/jpg/MI2_240725_TY2_0052_2.jpg,MI3_240725_TY2_0052_2,MI3_240725_TY2_0052_2_V01_1,V01,표,주요 연구성과 에 대해 알려주세요,"이 시각요소는 연구성과를 시각적으로 표현한 자료입니다. 범례에는 각 성과의 관련 정보가 포함되어 있으며, 이는 독자가 데이터를 쉽게 이해할 수 있도록 돕습니다. 본문에서 언급된 여러 연구 결과들은 한국인 유전체와 관련된 다양한 건강 이슈들을 다루고 있으며, 이러한 정보는 국민 건강 증진에 중요한 역할을 합니다.",252.5392670157068,1662.1675392670152,1956.031413612566,982.6073298429321,2480,3508
train,press,/workspace/data/train/json/MI3_240725_TY2_0052_3.json,/workspace/data/train/jpg/MI2_240725_TY2_0052_3.jpg,MI3_240725_TY2_0052_3,MI3_240725_TY2_0052_3_V01_1,V01,표,2023년 한국인유전체학조사사업 조사문항에 대해 알려주세요,"이 차트는 다양한 건강 관련 정보와 인구 통계적 변수를 시각화한 것입니다. 범례는 성별, 연령, 직업 등 여러 항목을 포함하고 있으며, 각 항목의 비율과 분포를 보여줍니다. 본문에서 제시된 조사 문항들을 기반으로 하여 특정 집단의 건강 행동 및 상태에 대한 경향성을 파악할 수 있습니다.",252.53926701570686,505.0785340314136,1974.3979057591646,2608.041884816754,2480,3508
train,press,/workspace/data/train/json/MI3_240725_TY2_0054_1.json,/workspace/data/train/jpg/MI2_240725_TY2_0054_1.jpg,MI3_240725_TY2_0054_1,MI3_240725_TY2_0054_1_V01_1,V01,표,주요내용 에 대해 알려주세요,"주요내용 V01은 잠복결핵감염 관리에 대한 내용을 포함합니다. 이 시각요소의 범례는 잠복결핵감염의 진단, 치료, 모니터링 등을 다룹니다. 본문과 관련하여, 해당 시각요소는 잠복결핵감염 관리의 중요성과 치료 접근법을 강조하며, 진단 기준 및 미치료자 관리를 통해 효과적인 건강 관리를 제안하고 있습니다.",230.1837270341208,464.9711286089239,2016.4094488188973,2739.1863517060374,2480,3508
train,press,/workspace/data/train/json/MI3_240725_TY2_0054_2.json,/workspace/data/train/jpg/MI2_240725_TY2_0054_2.jpg,MI3_240725_TY2_0054_2,MI3_240725_TY2_0054_2_V01_1,V01,표,잠복결핵감염 결핵 비교 표에 대해 알려주세요,"이 표는 잠복결핵감염과 전염성 결핵의 주요 차이점을 비교합니다. 범례에는 두 가지 상태에서 나타나는 증상, 전염성 여부, 신고 의무와 같은 중요한 정보가 포함되어 있습니다. 이 표를 통해 잠복결핵감염은 전혀 증상이 없으며 전염성이 없다는 것을 알 수 있으며, 반면에 전염성 결핵은 다양한 증상과 함께 공기 중으로 전파될 수 있음을 보여줍니다.",257.80577427821527,1075.786619468035,1974.9763779527557,434.21862987579624,2480,3508
train,press,/workspace/data/train/json/MI3_240725_TY2_0055_1.json,/workspace/data/train/jpg/MI2_240725_TY2_0055_1.jpg,MI3_240725_TY2_0055_1,MI3_240725_TY2_0055_1_V02-1_1,V02-1,차트(세로 막대형),최근 5년 CRE 감염증 발생/사망 신고현황 차트(세로 막대형)에 대해 알려주세요,"최근 5년 CRE 감염증 발생/사망 신고현황 차트(세로 막대형)는 특정 기간 동안의 감염증 관련 데이터를 시각화합니다. 이 차트는 각 연도별로 발생한 감염 증상과 그에 따른 사망자 수를 비교할 수 있도록 구성되어 있습니다. 본문에서 언급된 바와 같이, 전반적으로 패혈증 및 다제 내성균으로 인한 문제들이 심각하게 대두되고 있으며, 이에 대한 예방 관리가 필요함을 강조합니다.",301.7001626322002,1450.0217110887713,873.8941242969181,428.5198622731532,2480,3508
train,press,/workspace/data/train/json/MI3_240725_TY2_0055_1.json,/workspace/data/train/jpg/MI2_240725_TY2_0055_1.jpg,MI3_240725_TY2_0055_1,MI3_240725_TY2_0055_1_V02-8_1,V02-8,차트(혼합형),최근 5년 주요 의료관련감염 발생현황 차트(혼합형)에 대해 알려주세요,"최근 5년 주요 의료관련감염 발생현황 차트(혼합형)는 연도별 감염증 발생 및 사망 신고 현황을 시각적으로 나타냅니다. 이 차트의 범례는 각 연도와 해당하는 감염증의 수치를 보여주며, 데이터는 통계 기준일에 따라 잠정치로 제공됩니다. 본문과 차트를 기반으로 볼 때, CRE 감염증의 발생과 사망 건수는 지속적으로 증가하고 있는 추세임을 알 수 있습니다.",1260.9400921658985,1422.599078341013,901.2486644052009,549.6405529953914,2480,3508
train,press,/workspace/data/train/json/MI3_240725_TY2_0055_3.json,/workspace/data/train/jpg/MI2_240725_TY2_0055_3.jpg,MI3_240725_TY2_0055_3,MI3_240725_TY2_0055_3_V01_1,V01,표,4개 추진전략 및 12개 중점과제의 세부내용 차트(세로 막대형)에 대해 알려주세요,"차트(세로 막대형)은 데이터를 시각적으로 비교하기 위해 사용되는 그래픽 형식입니다. 이 차트는 각 항목에 대한 상대적인 크기와 변화를 쉽게 이해할 수 있도록 도와줍니다. 본문에서는 의료기관 내 감염 고위험 환자를 보호하기 위한 개선 방안에 대한 내용을 다루고 있으며, 해당 차트를 통해 이러한 방안의 중요성과 효과를 강조할 수 있습니다.",262.4094488188977,1201.55905511811,1988.7874015748039,437.3490813648294,2480,3508
train,press,/workspace/data/train/json/MI3_240725_TY2_0056_1.json,/workspace/data/train/jpg/MI2_240725_TY2_0056_1.jpg,MI3_240725_TY2_0056_1,MI3_240725_TY2_0056_1_V01_1,V01,표,코로나19 주간 발생 동향의 표에 대해 알려주세요,"이 표는 코로나19의 주간 발생 동향을 시각적으로 나타낸 것입니다. 표는 각 날짜별 재원중 위중증 환자수와 사망자수를 포함하여, 추세를 한눈에 확인할 수 있게 합니다. 이 데이터를 바탕으로 보면, 위중증 환자수와 사망자수가 일정한 범위 내에서 변동하고 있음을 알 수 있습니다.",230.18372703412064,635.307086614173,2039.4278215223082,584.6666666666658,2480,3508
train,press,/workspace/data/train/json/MI3_240725_TY2_0056_1.json,/workspace/data/train/jpg/MI2_240725_TY2_0056_1.jpg,MI3_240725_TY2_0056_1,MI3_240725_TY2_0056_1_V01_2,V01,표,코로나19 주간 위험도 평가의 차트(세로 막대형)에 대해 알려주세요,이 차트는 코로나19의 주간 위험도를 세로 막대형으로 표현합니다. 차트는 성별 및 연령대별 신규 사망자 수와 누적 사망자 수를 비교하여 각 집단의 위험도를 보여줍니다. 이를 통해 고연령층과 남성에서 높은 치명률을 나타내고 있음을 확인할 수 있습니다.,225.5800524934384,1514.6089238845143,2002.598425196851,1399.5170603674542,2480,3508
train,press,/workspace/data/train/json/MI3_240725_TY2_0056_2.json,/workspace/data/train/jpg/MI2_240725_TY2_0056_2.jpg,MI3_240725_TY2_0056_2,MI3_240725_TY2_0056_2_V02-8_1,V02-8,차트(혼합형),<일평균 재원중 위중증 환자 및 일평균 사망자 발생 현황> 혼합형에 대해 알려주세요,"<일평균 재원중 위중증 환자 및 일평균 사망자 발생 현황> 혼합형은 특정 기간 동안의 주간 평균 값을 시각적으로 표현합니다. 이 타입의 범례는 재원중 위중증 환자와 사망자의 주간 열평균을 나타내며, 두 가지 데이터가 함께 표시됩니다. 분석 결과, 재원중 위중증 환자는 시간에 따라 감소하는 추세를 보였으며, 반면 사망자는 일정한 수준을 유지하고 있습니다.",258.4742637226767,1902.199495289181,1930.975669453771,560.7663839759088,2480,3508
train,press,/workspace/data/train/json/MI3_240725_TY2_0056_3.json,/workspace/data/train/jpg/MI2_240725_TY2_0056_3.jpg,MI3_240725_TY2_0056_3,MI3_240725_TY2_0056_3_V02-8_1,V02-8,차트(혼합형),주간 위중증 환자 및 사망자 발생 현황 혼합형에 대해 알려주세요,"주간 위중증 환자 및 사망자 발생 현황 혼합형은 코로나19 확진환자 수와 중증화율의 변화를 보여줍니다. 이 차트의 범례는 확진환자 수와 중증화율을 나타내며, 각각의 데이터 포인트는 특정 시점을 기준으로 한 값을 제공합니다. 최근 8주간 데이터를 보면 전체적으로 중증화율이 일정하게 유지되면서 확진환자는 증가하는 추세를 보이고 있습니다.",225.58005249343833,370.86227936820416,2011.8057742782141,559.0799778496431,2480,3508
train,press,/workspace/data/train/json/MI3_240725_TY2_0056_3.json,/workspace/data/train/jpg/MI2_240725_TY2_0056_3.jpg,MI3_240725_TY2_0056_3,MI3_240725_TY2_0056_3_V02-8_2,V02-8,차트(혼합형),최근 8주간 전국 확진자수 및 발생률 혼합형에 대해 알려주세요,"최근 8주간 전국 확진자수 및 발생률 혼합형은 시간에 따른 일일 확진자 수와 발생률을 나타냅니다. 이 차트의 범례는 일일 확진자 수와 관련된 데이터를 포함하며, 해당 데이터는 특정 기간 동안의 추세를 시각적으로 표현합니다. 분석 결과, 최근 몇 주 동안 신규 확진자는 증가하고 있으며, 이에 따라 발생률도 상승하는 경향을 보이고 있습니다.",230.1837270341208,2229.835706127672,1997.9947506561678,811.4001675998304,2480,3508
train,press,/workspace/data/train/json/MI3_240725_TY2_0056_4.json,/workspace/data/train/jpg/MI2_240725_TY2_0056_4.jpg,MI3_240725_TY2_0056_4,MI3_240725_TY2_0056_4_V02-8_1,V02-8,차트(혼합형),주차별 확진자 수 및 2회감염 추정 비율 혼합형에 대해 알려주세요,"주차별 확진자 수 및 2회감염 추정 비율 혼합형은 특정 기간 동안의 확진자 수와 재감염 비율을 시각적으로 나타낸 것입니다. 이 혼합형 차트의 범례는 각각의 데이터 포인트가 어떤 지표를 나타내는지를 설명합니다. 최근 몇 주간 재감염 비율이 소폭 증가하는 경향을 보이며, 이를 통해 감염 추세를 분석할 수 있습니다.",261.9330725436256,1043.8892550151747,1968.4735552236914,594.1781614182004,2480,3508
train,press,/workspace/data/train/json/MI3_240725_TY2_0056_4.json,/workspace/data/train/jpg/MI2_240725_TY2_0056_4.jpg,MI3_240725_TY2_0056_4,MI3_240725_TY2_0056_4_V02-1_1,V02-1,차트(세로 막대형),전체 중증화율 위험도 세로 막대형에 대해 알려주세요,"전체 중증화율 위험도 세로 막대형은 예방접종력에 따른 중증화 위험도를 시각적으로 보여주는 자료입니다. 이 세로 막대형의 범례는 연령대 별 중증화 비율을 구분하여 나타냅니다. 데이터 분석 결과, 연령대가 높아질수록 중증화 위험이 증가함을 알 수 있습니다.",234.3688857074682,2500.6895282348196,1944.212079347312,634.6877303291502,2480,3508
train,press,/workspace/data/train/json/MI3_240725_TY2_0058_1.json,/workspace/data/train/jpg/MI2_240725_TY2_0058_1.jpg,MI3_240725_TY2_0058_1,MI3_240725_TY2_0058_1_V01_1,V01,표,2021년 대비 2022년 키 증감 현황 표에 대해 알려주세요,"2021년 대비 2022년 키 증감 현황 표는 초등학교, 중학교, 고등학교 학생들의 성별별 키 변화를 나타냅니다. 이 표는 남학생과 여학생의 평균 키와 그 변화를 보여줍니다. 데이터를 보면 초등학교 6학년과 고등학교 3학년의 경우 소폭 증가하였으나, 중학교 3학년 남학생은 감소한 경향을 보입니다.",230.1837270341208,1160.1259842519687,2002.598425196851,391.312335958005,2480,3508
train,press,/workspace/data/train/json/MI3_240725_TY2_0058_1.json,/workspace/data/train/jpg/MI2_240725_TY2_0058_1.jpg,MI3_240725_TY2_0058_1,MI3_240725_TY2_0058_1_V02-4_1,V02-4,차트(꺾은선형),최근 5년간 키 증감 추이 차트(꺾은선형)에 대해 알려주세요,"최근 5년간 키 증감 추이 차트(꺾은선형)는 특정 기간 동안 학생들의 평균 신장 변화를 시각적으로 나타냅니다. 이 차트에는 시간에 따른 신장의 증가 또는 감소 추세가 포함되어 있습니다. 분석 결과, 전반적으로 시간이 지남에 따라 학생들의 키가 증가하는 경향을 보이고 있으나 일부 연도에서는 정체 또는 감소하기도 했습니다.",239.3910761154857,1658.7668800084364,1993.391076115486,518.7711777343459,2480,3508
train,press,/workspace/data/train/json/MI3_240725_TY2_0058_1.json,/workspace/data/train/jpg/MI2_240725_TY2_0058_1.jpg,MI3_240725_TY2_0058_1,MI3_240725_TY2_0058_1_V01_2,V01,표,2021년 대비 2022년 몸무게 증감 현황 표에 대해 알려주세요,2021년 대비 2022년 몸무게 증감 현황 표는 각 학년에 따른 남녀 학생들의 평균 몸무게 변화를 보여줍니다. 이 표에는 남성과 여성 각각의 몸무게 변화가 기록되어 있습니다. 전체적으로 몸무게 변화가 크지 않았지만 몇몇 학급에서는 감소하는 추세를 보였습니다.,234.7874015748032,2651.7165354330705,2011.8057742782155,409.72703412073497,2480,3508
train,press,/workspace/data/train/json/MI3_240725_TY2_0058_2.json,/workspace/data/train/jpg/MI2_240725_TY2_0058_2.jpg,MI3_240725_TY2_0058_2,MI3_240725_TY2_0058_2_V01_1,V01,표,과체중 비만 학생 비율 차트에 대해 알려주세요,"과체중 비만 학생 비율 차트는 2021년과 2022년의 데이터를 바탕으로 학생들의 체중 상태를 비교하여 보여줍니다. 범례에는 합계, 과체중, 비만의 각 비율이 포함되어 있습니다. 이 차트를 통해 2021년 대비 2022년에 걸쳐 전체적인 과체중 및 비만 학생의 비율은 소폭 감소했음을 확인할 수 있습니다.",235.91174017372367,1408.7244094488187,2006.0777611386134,557.3352163456137,2480,3508
train,press,/workspace/data/train/json/MI3_240725_TY2_0058_2.json,/workspace/data/train/jpg/MI2_240725_TY2_0058_2.jpg,MI3_240725_TY2_0058_2,MI3_240725_TY2_0058_2_V02-8_1,V02-8,차트(혼합형),최근 5년간 이상 체중 증감 추이 차트에 대해 알려주세요,"최근 5년간 이상 체중 증감 추이 차트는 남학생과 여학생의 체중 변화를 연도별로 나타냅니다. 범례에는 각 연도의 체중 값이 포함되어 있으며, 성별로 구분되어 있습니다. 이 차트를 분석하면, 특정 연도에 남학생과 여학생 모두에서 체중 변화가 있었음을 알 수 있습니다.",230.18372703412078,2116.7792010376834,2011.805774278215,475.0895653665181,2480,3508
train,press,/workspace/data/train/json/MI3_240725_TY2_0058_3.json,/workspace/data/train/jpg/MI2_240725_TY2_0058_3.jpg,MI3_240725_TY2_0058_3,MI3_240725_TY2_0058_3_V01_1,V01,표,2021년과 2022년 충치 유병률에 대한 차트(세로 막대형)에 대해 알려주세요,"이 차트는 2021년과 2022년의 초등학교 1학년, 초등학교 4학년, 중학교 1학년, 고등학교 1학년의 충치 유병률을 비교합니다. 범례는 각 학년에 따른 충치 유병률의 변화를 보여줍니다. 본문에 따르면, 전반적으로 충치 유병률은 감소 추세를 보였으며, 특히 초등학교 4학년에서 큰 감소가 나타났습니다.",239.39107611548545,1014.2524443128984,1970.3727034120736,339.22787064773195,2480,3508
train,press,/workspace/data/train/json/MI3_240725_TY2_0058_3.json,/workspace/data/train/jpg/MI2_240725_TY2_0058_3.jpg,MI3_240725_TY2_0058_3,MI3_240725_TY2_0058_3_V01_2,V01,표,시력 이상 학생 비율에 대한 차트(가로 막대형)에 대해 알려주세요,"이 차트는 2021년과 2022년에 걸친 시력 이상 학생 비율을 학급별로 비교합니다. 범례에서는 각 학년에 해당하는 시력 이상 비율의 변화를 나타냅니다. 본문 내용을 바탕으로 하면, 전체적으로 시력 이상 비율이 감소하였고, 특히 초등학교 1학년에서 큰 변화가 있음을 알 수 있습니다.",234.7874015748032,1958.5678605282155,2002.598425196851,347.8730843536753,2480,3508
train,press,/workspace/data/train/json/MI3_240725_TY2_0058_3.json,/workspace/data/train/jpg/MI2_240725_TY2_0058_3.jpg,MI3_240725_TY2_0058_3,MI3_240725_TY2_0058_3_V02-4_1,V02-4,차트(꺾은선형),충치 유병률 및 시력 이상 비율에 대한 차트(꺾은선형)에 대해 알려주세요,"이 차트는 최근 몇 년간 충치 유병률과 시력 이상 비율의 변화를 시간에 따라 보여줍니다. 범례는 각각의 데이터 세트를 구분하기 위해 사용됩니다. 분석 결과, 두 지표 모두 시간이 지남에 따라 개선되는 경향을 보이고 있으며, 특히 최근 몇 년 동안 긍정적인 변화가 관찰되었습니다.",243.99475065616795,2443.077958050711,1993.3910761154839,676.9825182438123,2480,3508
train,press,/workspace/data/train/json/MI3_240725_TY2_0058_4.json,/workspace/data/train/jpg/MI2_240725_TY2_0058_4.jpg,MI3_240725_TY2_0058_4,MI3_240725_TY2_0058_4_V01_1,V01,표,청소년건강행태조사 주요 결과 차트(세로 막대형)에 대해 알려주세요,"이 차트는 청소년의 총콜레스테롤, HDL-C, TG, LDL-C의 변화를 시각적으로 나타냅니다. 범례에는 2021년과 2022년 수치 및 증감률이 포함되어 있습니다. 이 데이터를 통해 최근 몇 년간 청소년들의 지질 관련 건강 상태가 어떻게 변화했는지를 알 수 있습니다.",280.82414698162734,690.5511811023622,1979.5800524934389,299.23884514435696,2480,3508
train,press,/workspace/data/train/json/MI3_240725_TY2_0058_4.json,/workspace/data/train/jpg/MI2_240725_TY2_0058_4.jpg,MI3_240725_TY2_0058_4,MI3_240725_TY2_0058_4_V02-4_1,V02-4,차트(꺾은선형),청소년건강행태조사 자료 차트(꺾은선형)에 대해 알려주세요,이 꺾은선형 차트는 청소년의 흡연율과 전자담배 사용률을 시간에 따라 비교하여 보여줍니다. 범례에서는 일반담배와 전자담배 각각의 현재 사용률이 표시됩니다. 이를 통해 청소년들 사이에서 흡연과 전자담배 사용 경향의 변화를 살펴볼 수 있습니다.,271.6167979002627,2218.515584770798,1913.8979501799606,988.9563524189169,2480,3508
train,press,/workspace/data/train/json/MI3_240725_TY2_0058_5.json,/workspace/data/train/jpg/MI2_240725_TY2_0058_5.jpg,MI3_240725_TY2_0058_5,MI3_240725_TY2_0058_5_V02-4_1,V02-4,차트(꺾은선형),현재 음주율과 위험 음주율에 대해 알려주세요,위험 음주율을 나타내는 꺾은선형 차트입니다. 차트의 범례는 남학생과 여학생의 음주율 변화를 보여줍니다. 최근 몇 년 동안 남학생과 여학생 모두에서 위험 음주율이 증가하는 추세를 보이고 있습니다.,280.8241469816272,652.0353786506366,1924.3359580052493,790.6785725576502,2480,3508
train,press,/workspace/data/train/json/MI3_240725_TY2_0058_5.json,/workspace/data/train/jpg/MI2_240725_TY2_0058_5.jpg,MI3_240725_TY2_0058_5,MI3_240725_TY2_0058_5_V02-4_2,V02-4,차트(꺾은선형),하루 60분 주 5일 이상 신체활동 실천율에 대해 알려주세요,"하루 60분 주 5일 이상 신체활동 실천율을 나타내는 꺾은선형 차트입니다. 차트의 범례는 남학생과 여학생의 활동 실천률 변화를 비교합니다. 최근 데이터에 따르면, 남녀 학생 모두에서 신체활동 실천율이 증가하고 있는 것으로 나타났습니다.",326.86089238845165,2351.915554913291,1901.3175853018372,853.5502015382466,2480,3508
train,press,/workspace/data/train/json/MI3_240725_TY2_0058_6.json,/workspace/data/train/jpg/MI2_240725_TY2_0058_6.jpg,MI3_240725_TY2_0058_6,MI3_240725_TY2_0058_6_V02-4_1,V02-4,차트(꺾은선형),과일 섭취율 차트(꺾은선형)에 대해 알려주세요,"과일 섭취율 차트(꺾은선형)는 특정 기간 동안의 과일 소비 패턴을 시각적으로 나타냅니다. 이 차트는 시간에 따른 변화와 추세를 보여주며, 소비자 행동의 변화를 파악하는 데 도움이 됩니다. 본문에서 언급된 결식률과 과일 섭취율 관련 데이터로 볼 때, 청소년들의 아침식사 결식률이 높아지는 동시에 과일 섭취가 감소하는 경향이 있습니다.",303.8425196850392,1725.2536820050614,1869.0918635170594,756.1268954227569,2480,3508
train,press,/workspace/data/train/json/MI3_240725_TY2_0058_7.json,/workspace/data/train/jpg/MI2_240725_TY2_0058_7.jpg,MI3_240725_TY2_0058_7,MI3_240725_TY2_0058_7_V02-4_1,V02-4,차트(꺾은선형),정신건강 관련 차트(꺾은선형)에 대해 알려주세요,이 차트는 우울감 경험과 스트레스 인지율의 변화를 시간에 따라 나타냅니다. 범례는 남학생과 여학생 각각의 비율을 비교하여 보여줍니다. 전체적으로 우울감 경험률과 스트레스 인지율 모두 증가하는 경향을 보이고 있습니다.,350.9926299246496,1244.2708310820265,1915.1286089238843,851.5440208000578,2480,3508
train,press,/workspace/data/train/json/MI3_240725_TY2_0059_1.json,/workspace/data/train/jpg/MI2_240725_TY2_0059_1.jpg,MI3_240725_TY2_0059_1,MI3_240725_TY2_0059_1_V01_1,V01,표,코로나19 상반기 고위험군 접종계획 차트에 대해 알려주세요,"이 차트는 코로나19 예방접종의 대상과 일정에 대한 정보를 제공합니다. 이 차트의 범례에는 접종대상 및 백신 종류와 관련된 정보가 포함되어 있습니다. 본문과 차트를 기반으로 하여, 올해 상반기에 면역저하자 및 65세 이상의 고위험군을 대상으로 하는 추가접종이 진행되고 있음을 알 수 있습니다.",230.18372703412072,1811.9190021391084,2090.0682414698167,455.6571879902494,2480,3508
train,press,/workspace/data/train/json/MI3_240725_TY2_0059_1.json,/workspace/data/train/jpg/MI2_240725_TY2_0059_1.jpg,MI3_240725_TY2_0059_1,MI3_240725_TY2_0059_1_C02_1,C02,목록,코로나19 상반기 예방접종 목록에 대해 알려주세요,"이 목록은 코로나19 예방접종의 기준과 대상자에 대한 세부 정보를 나열하고 있습니다. 목록에서는 면역저하자의 구체적인 조건과 필요한 치료를 명시하고 있습니다. 본문과 목록을 통해, 특정 질병이나 치료를 받고 있는 환자가 추가접종을 받을 수 있음을 확인할 수 있습니다.",258.6543778801843,2659.2904516024096,1927.7930449942326,517.3131425003957,2480,3508
train,press,/workspace/data/train/json/MI3_240725_TY2_0060_2.json,/workspace/data/train/jpg/MI2_240725_TY2_0060_2.jpg,MI3_240725_TY2_0060_2,MI3_240725_TY2_0060_2_V01_1,V01,표,2024년 SFTS 매개 참진드기 발생 감시지점과 관련된 차트에 대해 알려주세요,"이 차트는 다양한 기관에서 수집된 참진드기 데이터를 시각적으로 나타냅니다. 각 기관의 데이터 포인트가 어떻게 배치되었는지를 보여주며, 이를 통해 해당 지역에서의 참진드기 발생 경향을 파악할 수 있습니다. 본문과 이 차트를 종합해보면, 특정 지역에서 참진드기의 활동이 높아지고 있는 추세를 알 수 있습니다.",252.5392670157068,711.7015706806283,1978.9895287958116,743.8429319371727,2480,3508
train,press,/workspace/data/train/json/MI3_240725_TY2_0060_2.json,/workspace/data/train/jpg/MI2_240725_TY2_0060_2.jpg,MI3_240725_TY2_0060_2,MI3_240725_TY2_0060_2_V03_1,V03,다이어그램,참진드기 채집지점과 관련된 다이어그램에 대해 알려주세요,"이 다이어그램은 여러 채집지점에서의 참진드기 데이터를 정리하여 보여줍니다. 각 지점 간의 거리와 위치 정보가 중요하며, 그에 따른 환경적 요인을 분석할 수 있게 해줍니다. 본문과 이 다이어그램을 통해 특정 환경에서 채집된 데이터의 빈도나 분포를 확인할 수 있습니다.",652.0104712041887,1492.277486910994,1060.6649214659687,1588.7015706806292,2480,3508
train,press,/workspace/data/train/json/MI3_240725_TY2_0061_1.json,/workspace/data/train/jpg/MI2_240725_TY2_0061_1.jpg,MI3_240725_TY2_0061_1,MI3_240725_TY2_0061_1_V02-3_1,V02-3,차트(원형),생존율 통계에 대해 알려주세요,이 원형 차트는 생존율과 사망률의 비율을 시각적으로 표현한 것입니다. 해당 범례에는 90.1%의 생존률과 9.9%의 사망률이 포함되어 있습니다. 이를 통해 극소저체중아의 건강 상태가 개선되고 있음을 알 수 있습니다.,391.40864714086473,2074.465829846583,567.5425383542538,396.3012552301258,2480,3508
train,press,/workspace/data/train/json/MI3_240725_TY2_0061_1.json,/workspace/data/train/jpg/MI2_240725_TY2_0061_1.jpg,MI3_240725_TY2_0061_1,MI3_240725_TY2_0061_1_V01_1,V01,표,퇴원형태 명 및 생존율 분석에 대해 알려주세요,"퇴원형태와 생존율을 나타내는 차트입니다. 이 차트는 생존과 사망 비율을 각각 보여주며, 전체 수치를 포함하고 있습니다. 분석 결과, 극소저체중아의 생존율은 90.1%로 나타났으며, 이는 과거 대비 개선된 수치입니다.",1144.8702928870302,2069.5732217573236,1066.5885634588528,410.97907949790545,2480,3508
train,press,/workspace/data/train/json/MI3_240725_TY2_0061_2.json,/workspace/data/train/jpg/MI2_240725_TY2_0061_2.jpg,MI3_240725_TY2_0061_2,MI3_240725_TY2_0061_2_V01_1,V01,표,극소저체중아 레지스트리의 시각요소 표에 대해 알려주세요,"이 표는 극소저체중 출생아의 다양한 특성과 관련된 데이터를 정리한 것입니다. 범례는 재태주수, 성별, 부모의 출신 국가 등 여러 요소를 포함하여 각 항목을 구분합니다. 본문과 이 표를 기반으로 볼 때, 극소저체중 출생아의 주요 특성과 관련된 경향을 확인할 수 있습니다.",225.05997210599716,640.9316596931659,2045.110181311018,2549.0488145048807,2480,3508
train,press,/workspace/data/train/json/MI3_240725_TY2_0061_3.json,/workspace/data/train/jpg/MI2_240725_TY2_0061_3.jpg,MI3_240725_TY2_0061_3,MI3_240725_TY2_0061_3_V02-3_6,V02-3,차트(원형),36.4% 62.5% 차트(원형)에 대해 알려주세요,"이 차트는 만 1.5세 및 만 3세 아동의 재입원율을 보여줍니다. 각 연령대에서 재입원의 비율을 나타내며, Yes와 No로 구분되어 있습니다. 결과적으로, 만 1.5세 아동의 재입원율은 약 36.4%, 반면 만 3세 아동은 62.5%로 나타나, 나이가 많을수록 재입원율이 높은 경향을 보입니다.",248.4334470989761,2795.624573378839,466.9351535836177,362.17406143344755,2480,3508
train,press,/workspace/data/train/json/MI3_240725_TY2_0062_3.json,/workspace/data/train/jpg/MI2_240725_TY2_0062_3.jpg,MI3_240725_TY2_0062_3,MI3_240725_TY2_0062_3_V01_1,V01,표,연령별 B형 간염 유병률 표에 대해 알려주세요,"이 표는 연도별로 특정 연령대의 B형 간염 유병률을 보여줍니다. 각 연령대의 수치가 포함되어 있어, 시간에 따른 변화를 분석할 수 있습니다. 표를 보면 10-18세와 같은 젊은 층에서 유병률이 상대적으로 낮음을 알 수 있으며, 나이가 많아질수록 유병률이 증가하는 경향이 나타납니다.",268.0,768.0,1967.9999999999998,651.9999999999998,2480,3508
train,press,/workspace/data/train/json/MI3_240725_TY2_0062_3.json,/workspace/data/train/jpg/MI2_240725_TY2_0062_3.jpg,MI3_240725_TY2_0062_3,MI3_240725_TY2_0062_3_V01_2,V01,표,연령별 C형 간염 항체양성률 표에 대해 알려주세요,"이 표는 여러 해에 걸쳐 연령대별 C형 간염 항체양성률을 나타냅니다. 각 연령대에서의 항체양성 비율을 비교할 수 있습니다. 분석 결과, 전반적으로 모든 연령대에서 항체 양성률이 증가 추세를 보이고 있어, C형 간염 예방 및 검진 활동이 중요함을 시사합니다.",276.0,1704.0,1956.0000000000002,548.0000000000001,2480,3508
train,press,/workspace/data/train/json/MI3_240725_TY2_0062_3.json,/workspace/data/train/jpg/MI2_240725_TY2_0062_3.jpg,MI3_240725_TY2_0062_3,MI3_240725_TY2_0062_3_V01_3,V01,표,B형 및 C형 발생 현황 표에 대해 알려주세요,"이 표는 2014년부터 2022년까지의 B형 및 C형 간염 발생 현황과 인구당 발생 수치를 보여줍니다. 각 해마다의 발생 건수를 확인할 수 있습니다. 데이터에 따르면 B형 간염의 경우 몇 년 동안 급증한 후 다시 감소하는 패턴을 보이며, C형 간염은 지속적인 발생 사례가 있음을 알 수 있습니다.",260.0,2508.0,1968.0000000000002,411.99999999999983,2480,3508
train,press,/workspace/data/train/json/MI3_240725_TY2_0062_4.json,/workspace/data/train/jpg/MI2_240725_TY2_0062_4.jpg,MI3_240725_TY2_0062_4,MI3_240725_TY2_0062_4_V01_1,V01,표,붙임4 질병관리청-대한간학회 업무협약(MOU) 추진 일정과 관련된 시간 소요 내용 비고에 대해 알려주세요,"이 시각요소는 기관의 주요 행사에 대한 시간 계획을 나타냅니다. 각 시간대마다 진행될 활동과 그에 소요되는 시간을 명시하여 참가자들이 이해할 수 있도록 구성되어 있습니다. 본문에서 제시된 내용을 바탕으로, 행사 전반에 걸쳐 체계적인 진행이 이루어질 것으로 보입니다.",288.0,2048.0,1888.0000000000002,783.9999999999999,2480,3508
train,press,/workspace/data/train/json/MI3_240725_TY2_0064_1.json,/workspace/data/train/jpg/MI2_240725_TY2_0064_1.jpg,MI3_240725_TY2_0064_1,MI3_240725_TY2_0064_1_V01_1,V01,표,코로나19 위기단계 하향 추진방안과 방역조치 변경안에 대해 알려주세요,"이 시각요소는 코로나19 관련 방역조치의 변경 내용을 나타냅니다. 이 내용은 감염병 대응의 여러 측면을 포함하며, 특정 시설에서의 마스크 착용 및 격리 기준 등의 변화를 설명합니다. 최근 지침에 따르면 격리 기간이 단축되었고, 이는 확진자들이 빠르게 일상으로 복귀할 수 있도록 돕는 추세로 보입니다.",228.0,1020.0,2008.0,528.0,2480,3508
train,press,/workspace/data/train/json/MI3_240725_TY2_0064_2.json,/workspace/data/train/jpg/MI2_240725_TY2_0064_2.jpg,MI3_240725_TY2_0064_2,MI3_240725_TY2_0064_2_V01_1,V01,표,이번 문서의 제목에 해당하는 내용에서 의료 지원 관련한 그래프 및 표에 대해 알려주세요.,"이 그래프는 특정 고위험군을 대상으로 한 의료 지원과 관련된 정보를 시각적으로 나타냅니다. 범례는 지원 유지, 검사비 지원, 그리고 정부 공급체계와 같은 다양한 요소를 포함하고 있습니다. 이를 통해 고위험군에 대한 의료지원의 변화 추세와 정책 방향을 이해할 수 있습니다.",236.0,1332.0,1992.0000000000002,835.9999999999999,2480,3508
train,press,/workspace/data/train/json/MI3_240725_TY2_0064_3.json,/workspace/data/train/jpg/MI2_240725_TY2_0064_3.jpg,MI3_240725_TY2_0064_3,MI3_240725_TY2_0064_3_V01_1,V01,표,제목에 대한 감시체계 변경(안) 관련 코로나19 대책반과 관련된 시각적 요소에 대해 알려주세요,"감시체계는 코로나19 양성자와 호흡기 표본을 모니터링하는 시스템입니다. 이 시각적 요소의 범례는 중수본과 방대본이 함께 하는 대응 체계를 포함합니다. 최근 위기 단계 하향에 따라 감시체계가 조정되고 있으며, 이는 현재의 방역 정책에도 영향을 미치고 있습니다.",228.0,2811.9999999999995,2000.0000000000002,288.00000000000057,2480,3508
train,press,/workspace/data/train/json/MI3_240725_TY2_0064_4.json,/workspace/data/train/jpg/MI2_240725_TY2_0064_4.jpg,MI3_240725_TY2_0064_4,MI3_240725_TY2_0064_4_V01_1,V01,표,정책 발표의 상세한 보도 자료 및 관련 통계에 대해 알려주세요,"이 보고서는 언론 보도를 포함한 여러 형식의 정보 제공을 보여주는 표입니다. 이 표는 연도별로 나누어 각기 다른 유형의 보도 건수를 정리하여 시각적으로 나타내고 있습니다. 2020년부터 2023년까지의 데이터를 분석해보면, 코로나19 관련 보도가 초기에 비해 점차 감소하는 추세를 보이고 있습니다.",248.0,2631.9999999999995,1980.0000000000002,568.0000000000003,2480,3508
train,press,/workspace/data/train/json/MI3_240725_TY2_0064_5.json,/workspace/data/train/jpg/MI2_240725_TY2_0064_5.jpg,MI3_240725_TY2_0064_5,MI3_240725_TY2_0064_5_V02-1_3,V02-1,차트(세로 막대형),코로나19 생활지원비 지원 규모 차트(세로 막대형)에 대해 알려주세요,"코로나19 생활지원비 지원 규모 차트(세로 막대형)는 2020년부터 2023년까지의 생활지원비 지급 현황을 시각적으로 나타냅니다. 이 차트는 각 연도별 지원 금액을 비교할 수 있도록 도와줍니다. 전체적으로 약 3조 6천억원이 지원되었으며, 해마다 점진적인 증가 추세를 보이고 있습니다.",236.0,2428.0,992.0,684.0000000000003,2480,3508
train,press,/workspace/data/train/json/MI3_240725_TY2_0064_5.json,/workspace/data/train/jpg/MI2_240725_TY2_0064_5.jpg,MI3_240725_TY2_0064_5,MI3_240725_TY2_0064_5_V02-1_4,V02-1,차트(세로 막대형),코로나19 유급휴가비 지원 규모 차트(세로 막대형)에 대해 알려주세요,"코로나19 유급휴가비 지원 규모 차트(세로 막대형)은 2020년부터 2023년까지의 유급휴가비 지급 현황을 보여줍니다. 이 차트는 각 연도별 지원 금액과 그 변화를 쉽게 파악할 수 있게 해 줍니다. 총 약 6천억원이 지급되었고, 일부 연도에서 급격한 증감을 보이는 경향이 있음을 알 수 있습니다.",1228.0,2428.0,992.0,692.0000000000001,2480,3508
train,press,/workspace/data/train/json/MI3_240725_TY2_0064_6.json,/workspace/data/train/jpg/MI2_240725_TY2_0064_6.jpg,MI3_240725_TY2_0064_6,MI3_240725_TY2_0064_6_V02-4_1,V02-4,차트(꺾은선형),60세이상 추정 처방 차트(꺾은선형)에 대해 알려주세요,"60세이상 추정 처방 차트(꺾은선형)는 특정 기간 동안의 60세 이상 인구의 치료제 처방률 변화를 나타냅니다. 이 차트는 시간에 따른 추세를 시각적으로 표현하며, 각 데이터 포인트는 해당 월의 처방률을 보여줍니다. 본문과 시각요소를 기반으로 볼 때, 60세 이상 환자의 처방률은 시간이 지남에 따라 꾸준히 증가하고 있으며, 특히 최근 몇 개월 동안 뚜렷한 상승세를 보이고 있습니다.",248.0,1220.0,1988.0,776.0000000000001,2480,3508
train,press,/workspace/data/train/json/MI3_240725_TY2_0064_7.json,/workspace/data/train/jpg/MI2_240725_TY2_0064_7.jpg,MI3_240725_TY2_0064_7,MI3_240725_TY2_0064_7_V02-4_1,V02-4,차트(꺾은선형),검사역량 확충 현황 꺾은선형 차트에 대해 알려주세요,"검사역량 확충 현황 꺾은선형 차트는 시기별 관찰사망자 수의 변화를 보여줍니다. 이 차트는 사망예방 규모와 관련된 데이터를 시각적으로 표현하여, 각 시점에서의 사망자 수를 한눈에 비교할 수 있도록 돕습니다. 본문에 따르면, 코로나19 팬데믹 초기부터 현재까지 검사 역량이 지속적으로 증가하며, 누적 관찰사망자 수가 감소하는 추세를 보이고 있습니다.",292.0,380.0,2000.0000000000002,807.9999999999999,2480,3508
train,press,/workspace/data/train/json/MI3_240725_TY2_0064_7.json,/workspace/data/train/jpg/MI2_240725_TY2_0064_7.jpg,MI3_240725_TY2_0064_7,MI3_240725_TY2_0064_7_V02-1_1,V02-1,차트(세로 막대형),주차별 사망예방규모 세로 막대형 차트에 대해 알려주세요,"주차별 사망예방규모 세로 막대형 차트는 특정 기간 동안의 검사 가능 기관과 처리 가능한 검사 건수를 나타냅니다. 이 차트는 각각의 검사 가능 기관에서 처리할 수 있는 최대 검사 건수를 시각적으로 비교할 수 있게 해줍니다. 본문 및 해당 시각 요소를 통해, 최근 몇 년간 검사의 범위와 양이 눈에 띄게 확대되었음을 알 수 있습니다.",220.0,2131.9999999999995,2008.0,960.0000000000001,2480,3508
train,press,/workspace/data/train/json/MI3_240725_TY2_0065_1.json,/workspace/data/train/jpg/MI2_240725_TY2_0065_1.jpg,MI3_240725_TY2_0065_1,MI3_240725_TY2_0065_1_V01_1,V01,표,대한민국 미래신종감염병 의료대응체계 구축 차트에 대해 알려주세요,이 차트는 권역별 감염병 전문병원 및 질병대응센터의 현황을 나타냅니다. 각 권역에 따라 지정된 병원과 대응 센터의 분포를 시각적으로 보여주고 있습니다. 이 정보를 바탕으로 특정 지역에서의 의료자원의 배치와 효율성을 파악할 수 있는 중요한 데이터를 제공합니다.,236.0,1699.9999999999998,2008.0,427.99999999999994,2480,3508
train,press,/workspace/data/train/json/MI3_240725_TY2_0066_1.json,/workspace/data/train/jpg/MI2_240725_TY2_0066_1.jpg,MI3_240725_TY2_0066_1,MI3_240725_TY2_0066_1_V02-4_1,V02-4,차트(꺾은선형),<그림1. 국내 발생 현황> 꺾은선형 차트에 대해 알려주세요,"<그림1. 국내 발생 현황> 꺾은선형 차트는 시간에 따른 감염자의 변화를 나타냅니다. 이 차트의 범례는 특정 기간 동안의 감염자 수를 보여줍니다. 본문과 차트를 종합적으로 고려할 때, 최근 몇 달 간 감염자가 증가하는 추세를 보이고 있습니다.",268.0,408.0,980.0,792.0000000000002,2480,3508
train,press,/workspace/data/train/json/MI3_240725_TY2_0066_1.json,/workspace/data/train/jpg/MI2_240725_TY2_0066_1.jpg,MI3_240725_TY2_0066_1,MI3_240725_TY2_0066_1_V02-1_1,V02-1,차트(세로 막대형),<그림2. 확진환자 임상증상 특성> 세로 막대형 차트에 대해 알려주세요,"<그림2. 확진환자 임상증상 특성> 세로 막대형 차트는 다양한 임상 증상을 시각적으로 나타냅니다. 이 차트의 범례는 각 증상의 발생 빈도를 보여줍니다. 본문과 차트를 기반으로 볼 때, 특정 증상이 다른 증상보다 더 많은 환자에게서 관찰되고 있음을 알 수 있습니다.",1260.0,372.0,996.0000000000001,828.0000000000001,2480,3508
train,press,/workspace/data/train/json/MI3_240725_TY2_0066_2.json,/workspace/data/train/jpg/MI2_240725_TY2_0066_2.jpg,MI3_240725_TY2_0066_2,MI3_240725_TY2_0066_2_V01_1,V01,표,주간 발생 동향 표에 대해 알려주세요,"주간 발생 동향 표는 특정 기간 동안의 코로나19 관련 데이터를 정리한 것입니다. 이 표에는 일평균 재원중 환자 수와 사망자 수 등이 포함되어 있으며, 각 날짜별 통계가 나열되어 있습니다. 최근 데이터에 따르면, 일평균 위중증 환자 수는 126명으로 나타나며, 이는 지속적인 감시와 대응이 필요함을 시사합니다.",232.00000000000003,692.0,2020.0,576.0,2480,3508
train,press,/workspace/data/train/json/MI3_240725_TY2_0066_2.json,/workspace/data/train/jpg/MI2_240725_TY2_0066_2.jpg,MI3_240725_TY2_0066_2,MI3_240725_TY2_0066_2_V01_2,V01,표,주간 사망 및 일평균 위중증 현황 차트에 대해 알려주세요,"주간 사망 및 일평균 위중증 현황 차트는 성별 및 연령대별로 코로나19 관련 사망자와 위중증 환자의 통계를 시각적으로 표현한 것입니다. 이 차트에는 각 연령대와 성별에 따른 비율과 총 사망자 수 등이 포함되어 있습니다. 분석 결과, 고연령층에서 높은 비율의 사망자가 발생하고 있으며, 이는 예방 조치가 절실히 요구됨을 보여줍니다.",236.0,1664.0,1984.0,1324.0,2480,3508
train,press,/workspace/data/train/json/MI3_240725_TY2_0066_3.json,/workspace/data/train/jpg/MI2_240725_TY2_0066_3.jpg,MI3_240725_TY2_0066_3,MI3_240725_TY2_0066_3_V01_1,V01,표,4월 2주차 코로나19 주간 위험도 평가 표에 대해 알려주세요,"4월 2주차 코로나19 주간 위험도 평가 표는 전국, 수도권 및 비수도권의 위험도를 시각적으로 나타낸 것입니다. 이 표는 각 지역별로 낮음, 중간 등의 위험 수준을 구분하여 보여줍니다. 분석 결과, 대부분의 지역이 '낮음'으로 평가되었으며, 이는 전반적인 안정세를 나타내고 있습니다.",236.0,947.9999999999999,1996.0,491.9999999999999,2480,3508
train,press,/workspace/data/train/json/MI3_240725_TY2_0066_3.json,/workspace/data/train/jpg/MI2_240725_TY2_0066_3.jpg,MI3_240725_TY2_0066_3,MI3_240725_TY2_0066_3_V02-1_1,V02-1,차트(세로 막대형),일평균 재원중 위중증 환자 및 사망자 발생 현황 차트(세로 막대형)에 대해 알려주세요,"일평균 재원중 위중증 환자 및 사망자 발생 현황 차트는 시간에 따른 위중증 환자와 사망자의 변화를 시각적으로 나타냅니다. 이 차트는 각 월별로 평균 수치를 바탕으로 비교할 수 있도록 설계되었습니다. 최근 데이터를 보면, 위중증 환자는 감소 추세에 있으며, 이는 전반적인 방역 효과를 반영하고 있습니다.",236.0,2036.0,1996.0,559.9999999999998,2480,3508
train,press,/workspace/data/train/json/MI3_240725_TY2_0066_4.json,/workspace/data/train/jpg/MI2_240725_TY2_0066_4.jpg,MI3_240725_TY2_0066_4,MI3_240725_TY2_0066_4_V02-1_1,V02-1,차트(세로 막대형),주간 위중증 환자 및 사망자 발생 현황 차트(세로 막대형)에 대해 알려주세요,"주간 위중증 환자 및 사망자 발생 현황 차트(세로 막대형)는 확진환자 수와 중증화율, 치명률을 시각적으로 나타냅니다. 이 차트의 범례는 각각의 데이터 포인트가 무엇을 의미하는지 설명합니다. 최근 데이터를 기반으로 볼 때, 확진환자 수와 중증화율은 다소 감소하는 추세를 보이고 있습니다.",235.99999999999991,368.00001558942796,1987.9999999999993,619.9999844105721,2480,3508
train,press,/workspace/data/train/json/MI3_240725_TY2_0066_4.json,/workspace/data/train/jpg/MI2_240725_TY2_0066_4.jpg,MI3_240725_TY2_0066_4,MI3_240725_TY2_0066_4_V02-4_1,V02-4,차트(꺾은선형),최근 8주간 전국 확진자수 및 발생률 차트(꺾은선형)에 대해 알려주세요,"최근 8주간 전국 확진자수 및 발생률 차트(꺾은선형)는 시간에 따른 확진자 수와 그에 따른 발생률 변화를 시각적으로 표현합니다. 이 꺾은선형의 범례는 각 선이 무엇을 의미하는지를 설명합니다. 분석 결과, 특정 주를 기점으로 확진자 수가 증가하였고, 그에 따라 발생률도 함께 상승하는 경향이 나타났습니다.",236.0,2300.0,1976.0000000000002,872.0,2480,3508
train,press,/workspace/data/train/json/MI3_240725_TY2_0066_5.json,/workspace/data/train/jpg/MI2_240725_TY2_0066_5.jpg,MI3_240725_TY2_0066_5,MI3_240725_TY2_0066_5_V02-4_1,V02-4,차트(꺾은선형),수도권확보병살 꺾은선형에 대해 알려주세요,"수도권확보병살 꺾은선형은 수도권 내 병상 확보 현황을 시간에 따라 표현합니다. 이 꺾은선형의 범례는 각 데이터 포인트의 수치를 통해 병상이 어떻게 변화하고 있는지를 나타냅니다. 분석 결과, 최근 수도권에서 병상 확보율이 지속적으로 증가하는 경향을 보여주고 있습니다.",244.00000000000003,852.0000155894278,1004.0,559.9999844105722,2480,3508
train,press,/workspace/data/train/json/MI3_240725_TY2_0066_5.json,/workspace/data/train/jpg/MI2_240725_TY2_0066_5.jpg,MI3_240725_TY2_0066_5,MI3_240725_TY2_0066_5_V02-4_2,V02-4,차트(꺾은선형),중환자병상일일가동 꺾은선형에 대해 알려주세요,중환자병상일일가동 꺾은선형은 시간에 따른 중환자 병상의 가동률 변화를 시각적으로 나타냅니다. 이 꺾은선형의 범례는 각각의 데이터 포인트가 특정 날짜 또는 기간을 기준으로 설정됩니다. 최근 데이터를 보면 중환자 병상의 가동률이 증가하는 추세를 보이고 있습니다.,1252.0,848.0,1007.9999999999999,564.0,2480,3508
train,press,/workspace/data/train/json/MI3_240725_TY2_0068_1.json,/workspace/data/train/jpg/MI2_240725_TY2_0068_1.jpg,MI3_240725_TY2_0068_1,MI3_240725_TY2_0068_1_V01_1,V01,표,미래의료연구부 유전체역학과 차트(세로 막대형)에 대해 알려주세요,"미래의료연구부 유전체역학과 차트(세로 막대형)은 특정 데이터를 시각적으로 표현하기 위해 세로 막대 형식으로 구성된 자료입니다. 이 차트는 여러 데이터 포인트를 비교하는 데 유용하며, 각 막대는 특정 항목에 대한 양을 나타냅니다. 본문에서는 엽산 섭취량과 관련된 데이터가 언급되며, 이를 통해 남녀 간의 차이를 시각적으로 분석할 수 있습니다.",244.00000000000003,2512.0,1984.0,259.9999999999995,2480,3508
train,press,/workspace/data/train/json/MI3_240725_TY2_0068_2.json,/workspace/data/train/jpg/MI2_240725_TY2_0068_2.jpg,MI3_240725_TY2_0068_2,MI3_240725_TY2_0068_2_V01_1,V01,표,에 대한 연구 결과를 바탕으로 작성된 표에 대해 알려주세요,"이 표는 혈중 엽산과 호모시스테인 농도와 사망 위험 간의 관계를 나타내고 있습니다. 범례에는 주요 변수와 함께 연관된 논문 제목, 저자 및 DOI 정보가 포함되어 있습니다. 이 표는 한국인 남성과 여성의 사망률 추세와 관련된 중요한 데이터를 시각적으로 보여줍니다.",248.0,703.9999999999999,1984.0,920.0,2480,3508
train,press,/workspace/data/train/json/MI3_240725_TY2_0068_3.json,/workspace/data/train/jpg/MI2_240725_TY2_0068_3.jpg,MI3_240725_TY2_0068_3,MI3_240725_TY2_0068_3_V01_1,V01,표,"한국 성인 남녀 혈청 엽산, 호모시스테인 수준과 사망위험 차트에 대해 알려주세요","이 차트는 혈청 엽산 및 호모시스테인 수치와 관련된 사망 위험을 나타냅니다. 이 차트의 범례는 남성과 여성 각각의 여러 조건에서의 위험비와 신뢰구간을 제공합니다. 본문과 차트를 바탕으로 볼 때, 엽산 결핍과 고호모시스테인혈증이 있는 경우 사망 위험이 크게 증가하는 추세를 보이고 있습니다.",228.0,960.0,2016.0000000000002,847.9999999999998,2480,3508
train,press,/workspace/data/train/json/MI3_240725_TY2_0069_1.json,/workspace/data/train/jpg/MI2_240725_TY2_0069_1.jpg,MI3_240725_TY2_0069_1,MI3_240725_TY2_0069_1_V02-4_1,V02-4,차트(꺾은선형),절기별 인플루엔자 의사환자 발생 현황 꺾은선형 차트에 대해 알려주세요,"절기별 인플루엔자 의사환자 발생 현황 꺾은선형 차트는 특정 기간 동안의 인플루엔자 환자의 변동을 시각적으로 나타냅니다. 이 차트의 범례는 2022-2023 절기와 관련된 데이터로, 다양한 시간대의 환자 수를 비교할 수 있습니다. 본문과 꺾은선형 차트를 바탕으로 최근 몇 년간 인플루엔자 환자가 증가하는 추세가 확인되고 있습니다.",372.0,2211.9999999999995,1836.0,679.9999999999999,2480,3508
train,press,/workspace/data/train/json/MI3_240725_TY2_0069_1.json,/workspace/data/train/jpg/MI2_240725_TY2_0069_1.jpg,MI3_240725_TY2_0069_1,MI3_240725_TY2_0069_1_V01_1,V01,표,의사환자분율 표에 대해 알려주세요,"의사환자분율 표는 외래환자 1,000명당 인플루엔자의 비율을 보여줍니다. 이 표에서는 각 주차별로 기록된 의사환자의 분율을 정리하여 시각적으로 제공하고 있습니다. 본문과 표를 통해 최근 15주 동안 의사환자의 비율이 증가하는 경향을 보이고 있으며, 이는 코로나19 유행 이후 처음으로 확인되는 상황입니다.",288.0,2928.0,1896.0,251.9999999999997,2480,3508
train,press,/workspace/data/train/json/MI3_240725_TY2_0069_2.json,/workspace/data/train/jpg/MI2_240725_TY2_0069_2.jpg,MI3_240725_TY2_0069_2,MI3_240725_TY2_0069_2_V01_1,V01,표,급성호흡기감염증 바이러스별 입원환자 수 표에 대해 알려주세요,급성호흡기감염증 바이러스별 입원환자 수 표는 각 바이러스에 따른 입원환자의 숫자를 나타냅니다. 이 표의 범례는 다양한 바이러스 유형과 주별 환자 수를 포함하고 있습니다. 최근 몇 주 동안 아데노바이러스와 인플루엔자 바이러스의 환자가 증가하는 추세를 보이고 있습니다.,247.99993763451587,372.00004676828377,1976.0,1116.0,2480,3508
train,press,/workspace/data/train/json/MI3_240725_TY2_0069_2.json,/workspace/data/train/jpg/MI2_240725_TY2_0069_2.jpg,MI3_240725_TY2_0069_2,MI3_240725_TY2_0069_2_V01_2,V01,표,연령별 인플루엔자 의사환자 분율 표에 대해 알려주세요,연령별 인플루엔자 의사환자 분율 표는 특정 연령대에서 발생한 의사환자의 비율을 보여줍니다. 이 표의 범례는 전체 및 각 연령대에 따른 의사환자의 수치를 포함하고 있습니다. 12주부터 15주까지 모든 연령대에서 의사환자 비율이 증가하는 경향을 나타내고 있습니다.,260.0,1859.999984410572,1975.9999999999995,484.0000155894281,2480,3508
train,press,/workspace/data/train/json/MI3_240725_TY2_0069_3.json,/workspace/data/train/jpg/MI2_240725_TY2_0069_3.jpg,MI3_240725_TY2_0069_3,MI3_240725_TY2_0069_3_V02-4_1,V02-4,차트(꺾은선형),2019-2023 바이러스성 급성호흡기감염증 입원환자 발생 추이에 대해 알려주세요,"바이러스성 급성호흡기감염증 발생 추이를 나타내는 꺾은선형 차트입니다. 이 차트의 범례는 각 연도의 입원환자 수를 보여주며, 특정 시점에 따른 변화를 시각적으로 표현합니다. 데이터를 기반으로 보면, 2019년부터 2023년까지의 기간 동안 입원환자 수가 일정한 패턴을 보이며 변화하고 있음을 알 수 있습니다.",251.99999999999997,427.99999999999994,1996.0000000000005,783.9999999999999,2480,3508
train,press,/workspace/data/train/json/MI3_240725_TY2_0070_1.json,/workspace/data/train/jpg/MI2_240725_TY2_0070_1.jpg,MI3_240725_TY2_0070_1,MI3_240725_TY2_0070_1_V01_1,V01,표,한국인 골밀도검사에 대한 시각요소 표에 대해 알려주세요,"이 표는 골밀도검사의 진행과 관련된 다양한 부서 및 담당자의 정보를 제공합니다. 각 부서의 역할과 책임자가 명시되어 있으며, 협력 학회와의 관계도 포함되어 있습니다. 이 표를 통해 다양한 기관 간의 협력이 어떻게 이루어지는지를 알 수 있습니다.",244.00000000000003,1660.0,1991.9999999999998,719.9999999999999,2480,3508
train,press,/workspace/data/train/json/MI3_240725_TY2_0070_1.json,/workspace/data/train/jpg/MI2_240725_TY2_0070_1.jpg,MI3_240725_TY2_0070_1,MI3_240725_TY2_0070_1_V03_1,V03,다이어그램,국민건강영양조사 결과를 나타내는 시각요소 다이어그램에 대해 알려주세요,이 다이어그램은 국민건강영양조사에서 수집한 데이터를 기반으로 합니다. 특히 특정 건강 문제에 대한 대처 방안이나 정책 제안과 관련된 정보를 제공하는 데 중점을 두고 있습니다. 이 내용을 통해 한국 내 질병 관리 정책의 방향성을 파악할 수 있습니다.,484.0,2423.9999999999995,1500.0,288.00000000000006,2480,3508
train,press,/workspace/data/train/json/MI3_240725_TY2_0070_2.json,/workspace/data/train/jpg/MI2_240725_TY2_0070_2.jpg,MI3_240725_TY2_0070_2,MI3_240725_TY2_0070_2_V01_1,V01,표,업무협약 세부일정 표에 대해 알려주세요,"업무협약 세부일정 표는 각 시간대에 따라 진행되는 내용을 정리한 것입니다. 이 표의 범례에는 각 시간대와 그에 따른 행사 내용이 포함되어 있습니다. 본문과 시각요소를 기반으로 볼 때, 일정은 체계적으로 구성되어 있으며 참석자들이 적절히 분배되어 있음을 보여줍니다.",240.60363528910457,1444.891162996636,1995.0051426054924,965.7562583132118,2480,3508
train,press,/workspace/data/train/json/MI3_240725_TY2_0070_3.json,/workspace/data/train/jpg/MI2_240725_TY2_0070_3.jpg,MI3_240725_TY2_0070_3,MI3_240725_TY2_0070_3_V01_1,V01,표,검사 개요에 대해 알려주세요,"이 검사는 40세 이상의 골밀도와 근육, 제지방량 등을 측정하는 혈액검사 및 설문조사를 포함합니다. 검사 항목에는 비타민D와 알칼리인산분해효소 등의 혈액검사가 포함되며, 가족력이나 골다공증 유발 약물복용 여부 등도 조사됩니다. 본 검사를 통해 골다공증과 관련된 다양한 요인을 파악하고, 이를 바탕으로 건강 관리 방향을 제시할 수 있습니다.",254.41562064156207,1766.2315202231512,1971.7210599721059,650.7168758716881,2480,3508
train,press,/workspace/data/train/json/MI3_240725_TY2_0072_1.json,/workspace/data/train/jpg/MI2_240725_TY2_0072_1.jpg,MI3_240725_TY2_0072_1,MI3_240725_TY2_0072_1_V02-1_1,V02-1,차트(세로 막대형),2020-2022년 전국 의료기관 종별 환자당 항생제 사용량 차트(세로 막대형)에 대해 알려주세요,"이 차트(세로 막대형)는 2020년부터 2022년까지의 전국 의료기관에서 환자당 항생제 사용량을 시각적으로 나타냅니다. 범례는 의료기관 종류에 따른 항생제 소비량을 보여줍니다. 데이터에 따르면, 특정 기간 동안 환자당 항생제 사용량은 변동이 있었음을 알 수 있습니다.",202.6281588447653,278.6137184115523,2089.6028880866425,791.5162454873647,2480,3508
train,press,/workspace/data/train/json/MI3_240725_TY2_0072_1.json,/workspace/data/train/jpg/MI2_240725_TY2_0072_1.jpg,MI3_240725_TY2_0072_1,MI3_240725_TY2_0072_1_V02-1_2,V02-1,차트(세로 막대형),2020-2022년 전국 요양병원의 환자군별 항생제 사용량 차트(세로 막대형)에 대해 알려주세요,"이 차트(세로 막대형)는 2020년부터 2022년까지 요양병원에서 환자군 별 항생제 사용량을 나타냅니다. 각 연도별 데이터는 환자군에 따라 다르게 표시되어, 어떤 군에서 더 많은 항생제가 사용되었는지를 보여줍니다. 전체적인 추세는 특정 환자군에서의 증가가 두드러진 것으로 분석됩니다.",221.62454873646206,2349.220216606498,2051.610108303248,766.1877256317684,2480,3508
train,press,/workspace/data/train/json/MI3_240725_TY2_0072_2.json,/workspace/data/train/jpg/MI2_240725_TY2_0072_2.jpg,MI3_240725_TY2_0072_2,MI3_240725_TY2_0072_2_V02-1_1,V02-1,차트(세로 막대형),요양병원의 항생제 사용량 차트(세로 막대형)에 대해 알려주세요,"이 차트는 2020년부터 2022년까지의 전국 요양병원에서의 항생제 사용량을 보여줍니다. 범례에는 다양한 항생제 종류가 포함되어 있으며, 각 항생제의 사용량이 표시됩니다. 이 데이터를 통해 특정 항생제가 어떤 경향으로 사용되었는지를 파악할 수 있습니다.",215.2924187725629,916.4621747394995,2026.2815884476531,634.9096664157344,2480,3508
train,press,/workspace/data/train/json/MI3_240725_TY2_0072_3.json,/workspace/data/train/jpg/MI2_240725_TY2_0072_3.jpg,MI3_240725_TY2_0072_3,MI3_240725_TY2_0072_3_V02-1_1,V02-1,차트(세로 막대형),항생제 사용 시작에 있어 가장 중요한 요소 차트(세로 막대형)에 대해 알려주세요,항생제 사용 시작에 있어 가장 중요한 요소를 나타내는 차트입니다. 이 차트는 다양한 요인이 얼마나 중요한지를 백분율로 보여줍니다. 응답자들이 중단 결정을 내리는 데 영향을 미치는 여러 요소들이 상대적으로 높은 비율을 기록하고 있습니다.,183.6317689530686,747.1913357400722,2064.274368231047,658.5415162454875,2480,3508
train,press,/workspace/data/train/json/MI3_240725_TY2_0072_3.json,/workspace/data/train/jpg/MI2_240725_TY2_0072_3.jpg,MI3_240725_TY2_0072_3,MI3_240725_TY2_0072_3_V02-3_1,V02-3,차트(원형),주요 참고 자료 차트(원형)에 대해 알려주세요,"주요 참고 자료를 나타내는 원형 차트입니다. 이 차트는 진료 지침을 따르지 못하는 이유를 시각적으로 보여줍니다. 응답자들은 접근성의 문제와 복잡성을 주요 이유로 꼽으며, 이는 의료 현장에서의 실질적인 어려움을 반영합니다.",164.63537906137185,1779.3285198555955,2102.2671480144404,696.5342960288813,2480,3508
train,press,/workspace/data/train/json/MI3_240725_TY2_0073_2.json,/workspace/data/train/jpg/MI2_240725_TY2_0073_2.jpg,MI3_240725_TY2_0073_2,MI3_240725_TY2_0073_2_V02-4_1,V02-4,차트(꺾은선형),제1차 재퇴치 실행계획과 관련된 차트(꺾은선형)에 대해 알려주세요,"이 차트(꺾은선형)는 말라리아 발생 현황 및 향후 추진 방향을 시각적으로 나타냅니다. 이 꺾은선형의 범례는 특정 기간 동안의 환자 수와 퇴치 추세를 보여줍니다. 2011년부터 2030년까지의 데이터에 따르면, 환자 수가 감소하는 추세를 보이고 있으며, 목표 달성을 위한 계획이 진행되고 있습니다.",177.2996389891696,1874.3104693140797,2127.595667870036,778.8519855595656,2480,3508
train,press,/workspace/data/train/json/MI3_240725_TY2_0073_3.json,/workspace/data/train/jpg/MI2_240725_TY2_0073_3.jpg,MI3_240725_TY2_0073_3,MI3_240725_TY2_0073_3_V01_1,V01,표,감염병정책국 차트(세로 막대형)에 대해 알려주세요,"감염병정책국 차트(세로 막대형)는 감염병 관련 데이터를 시각적으로 표현하는 도구입니다. 이 차트의 범례는 각 데이터 카테고리를 구분하는 색상 또는 기호를 사용하여 정보를 제공합니다. 본문과 차트를 기반으로 볼 때, 감염병 정책에 대한 관리 및 대응이 체계적으로 이루어지고 있음을 알 수 있습니다.",196.29602888086643,2323.891696750902,2114.9314079422375,272.2815884476538,2480,3508
train,press,/workspace/data/train/json/MI3_240725_TY2_0074_1.json,/workspace/data/train/jpg/MI2_240725_TY2_0074_1.jpg,MI3_240725_TY2_0074_1,MI3_240725_TY2_0074_1_V01_1,V01,표,연도별 말라리아 환자발생 현황 총계 차트에 대해 알려주세요,"총계 차트는 2013년부터 2022년까지의 연도별 말라리아 환자 발생 수를 시각적으로 나타낸 것입니다. 이 차트는 국내 발생과 해외 유입을 구분하여 각각의 수치를 보여줍니다. 전체적으로 보면, 2013년에 비해 2022년에는 환자 수가 감소하였음을 알 수 있으며, 이는 효과적인 방역 조치와 예방 활동의 결과일 가능성이 높습니다.",177.29963898916967,804.1805054151625,2095.9350180505417,411.58844765342934,2480,3508
train,press,/workspace/data/train/json/MI3_240725_TY2_0074_2.json,/workspace/data/train/jpg/MI2_240725_TY2_0074_2.jpg,MI3_240725_TY2_0074_2,MI3_240725_TY2_0074_2_V01_1,V01,표,말라리아 발생 현황에 대해 알려주세요,"이 시각요소는 말라리아 환자의 연도별 발생 수를 보여주는 표입니다. 표의 범례는 각 연도에 따른 총계, 국내 민간인, 현역군인 등의 구분으로 나뉘어 있습니다. 최근 몇 년간의 데이터를 기반으로 말라리아 환자 수가 감소 추세를 보이고 있음을 알 수 있습니다.",196.29602888086643,1101.7906137184116,2064.2743682310465,582.5559566787003,2480,3508
train,press,/workspace/data/train/json/MI3_240725_TY2_0074_2.json,/workspace/data/train/jpg/MI2_240725_TY2_0074_2.jpg,MI3_240725_TY2_0074_2,MI3_240725_TY2_0074_2_V02-1_1,V02-1,차트(세로 막대형),최근 3년간 추정감염지역 기준 국내발생 현황에 대해 알려주세요,"이 시각요소는 특정 지역에서의 말라리아 환자 수를 나타내는 차트입니다. 차트의 범례에는 경기, 인천, 강원 및 기타 지역의 환자 수가 포함되어 있습니다. 최근 데이터에 따르면 특정 지역에서 감염 사례가 여전히 존재하고 있으며, 이는 지속적인 관리 필요성을 시사합니다.",196.29602888086643,1893.3068592057762,1152.447653429603,525.5667870036101,2480,3508
train,press,/workspace/data/train/json/MI3_240725_TY2_0074_2.json,/workspace/data/train/jpg/MI2_240725_TY2_0074_2.jpg,MI3_240725_TY2_0074_2,MI3_240725_TY2_0074_2_V02-4_1,V02-4,차트(꺾은선형),전년 대비 주별 발생 추이에 대해 알려주세요,이 시각요소는 말라리아 발생 건수를 주별로 비교한 꺾은선형 차트입니다. 이 차트의 범례는 전년 대비 주별로 얼마나 변화했는지를 나타냅니다. 분석 결과 일부 주에서는 전년보다 증가하는 경향을 보이고 있어 지속적인 모니터링이 요구됩니다.,1361.4079422382672,1899.6389891696751,899.1624548736463,525.5667870036101,2480,3508
train,press,/workspace/data/train/json/MI3_240725_TY2_0074_2.json,/workspace/data/train/jpg/MI2_240725_TY2_0074_2.jpg,MI3_240725_TY2_0074_2,MI3_240725_TY2_0074_2_V02-8_1,V02-8,차트(혼합형),말라리아 발생 분포에 대해 알려주세요,이 시각요소는 주소지 기준으로 분포된 말라리아 발생 현황을 보여주는 혼합형 차트입니다. 이 차트에서는 다양한 지역에서의 감염 정도를 비교할 수 있는 정보가 제공됩니다. 전체적으로 특정 지역에서 상대적으로 높은 발병률을 기록하고 있어 해당 지역에 대한 집중 관리가 필요함을 나타냅니다.,196.29602888086643,2526.5198555956677,1101.7906137184116,607.8844765342961,2480,3508
train,press,/workspace/data/train/json/MI3_240725_TY2_0075_1.json,/workspace/data/train/jpg/MI2_240725_TY2_0075_1.jpg,MI3_240725_TY2_0075_1,MI3_240725_TY2_0075_1_V01_1,V01,표,구분 및 차트에 대해 알려주세요,"이 차트는 건강행태와 만성질환 이환 관련 데이터를 나타냅니다. 이 데이터는 조사 대상인 성인 약 23만명을 기준으로 하며, 흡연, 음주 등 여러 건강 지표를 포함합니다. 본문에서 언급된 내용을 기반으로, 이 차트는 지역 간의 건강행태 및 만성질환 현황의 차이를 시각적으로 보여줍니다.",189.9638989169676,1810.9891696750906,2095.9350180505417,614.2166064981955,2480,3508
train,press,/workspace/data/train/json/MI3_240725_TY2_0075_2.json,/workspace/data/train/jpg/MI2_240725_TY2_0075_2.jpg,MI3_240725_TY2_0075_2,MI3_240725_TY2_0075_2_V02-8_1,V02-8,차트(혼합형),고혈압 및 당뇨병 진단경험률의 추이 및 지역 간 건강격차(2008-2022년) 혼합형에 대해 알려주세요,"고혈압 및 당뇨병 진단경험률의 추이 및 지역 간 건강격차를 보여주는 혼합형 시각 요소입니다. 이 시각 요소는 고혈압과 당뇨병 진단 경험률을 연도별로 비교하여 나타내며, 각 시군구의 상하위 현황을 포함합니다. 분석 결과, 특정 지역에서의 질환 경험률에 차이가 있으며, 전반적으로 건강 격차가 존재함을 알 수 있습니다.",221.62454873646206,1412.0649819494586,2032.6137184115523,886.498194945848,2480,3508
train,press,/workspace/data/train/json/MI3_240725_TY2_0075_2.json,/workspace/data/train/jpg/MI2_240725_TY2_0075_2.jpg,MI3_240725_TY2_0075_2,MI3_240725_TY2_0075_2_V01_1,V01,표,고혈압 및 당뇨병 진단경험률 상하위 시군구 현황(2022년) 표에 대해 알려주세요,"고혈압 및 당뇨병 진단경험률 상하위 시군구 현황을 정리한 표입니다. 이 표는 30세 이상 인구 중 각각의 질환에 대한 진단 경험률을 상위와 하위로 나누어 보여줍니다. 해당 데이터는 지역 간의 건강 불균형 문제를 드러내며, 특정 구역에서 높은 비율이 관찰되고 있습니다.",208.96028880866413,2311.2274368231047,2045.2779783393498,899.1624548736459,2480,3508
train,press,/workspace/data/train/json/MI3_240725_TY2_0075_3.json,/workspace/data/train/jpg/MI2_240725_TY2_0075_3.jpg,MI3_240725_TY2_0075_3,MI3_240725_TY2_0075_3_V02-8_1,V02-8,차트(혼합형),"<혈압수치 인지율, 혈당수치 인지율의 추이 및 지역 간 건강격차(2011-2022년)> 혼합형에 대해 알려주세요","<혈압수치 인지율, 혈당수치 인지율의 추이 및 지역 간 건강격차(2011-2022년)> 혼합형은 2011년부터 2022년까지의 혈압과 혈당 수치 인지율 변화를 시각적으로 나타낸 것입니다. 이 혼합형 차트는 혈압과 혈당 수치의 변화 추세를 한눈에 볼 수 있도록 구성되어 있으며, 각 연도별 비교가 가능합니다. 2022년 데이터는 전반적으로 개선된 경향을 보이나, 지역 간 건강 격차가 심화되는 모습이 관찰됩니다.",221.62454873646206,911.8267148014439,2045.2779783393503,810.5126353790615,2480,3508
train,press,/workspace/data/train/json/MI3_240725_TY2_0075_3.json,/workspace/data/train/jpg/MI2_240725_TY2_0075_3.jpg,MI3_240725_TY2_0075_3,MI3_240725_TY2_0075_3_V01_1,V01,표,"<혈압수치 인지율, 혈당수치 인지율 상하위 시군구 현황(2022년)> 표에 대해 알려주세요","<혈압수치 인지율, 혈당수치 인지율 상하위 시군구 현황(2022년)> 표는 2022년도 각각의 지역에서의 혈압과 혈당 수치를 알고 있는 비율을 보여줍니다. 이 표는 상위와 하위 그룹으로 나뉘어 있으며, 특정 지역에서의 성과를 명확하게 비교할 수 있도록 돕습니다. 상위 지역에서는 높은 비율이 나타나고 있으나 일부 하위 지역에서는 낮은 수준을 유지하고 있어 주목할 필요가 있습니다.",221.62454873646206,1747.667870036101,2045.2779783393503,740.8592057761733,2480,3508
train,press,/workspace/data/train/json/MI3_240725_TY2_0075_4.json,/workspace/data/train/jpg/MI2_240725_TY2_0075_4.jpg,MI3_240725_TY2_0075_4,MI3_240725_TY2_0075_4_V02-8_1,V02-8,차트(혼합형),고혈압 및 당뇨병 진단 경험자의 치료율의 추이 및 지역 간 건강격차 차트(혼합형)에 대해 알려주세요,"고혈압 및 당뇨병 진단 경험자의 치료율의 추이 및 지역 간 건강격차 차트(혼합형)은 2008년부터 2022년까지의 데이터를 기반으로 한 연도별 변화 추이를 나타냅니다. 이 차트는 두 가지 질환의 치료율 변화를 동시에 보여주며, 격차를 시각적으로 비교할 수 있습니다. 최근 몇 년간 두 질환 모두에서 치료율이 상승세를 보이고 있지만, 여전히 지역 간 격차가 존재하는 상황입니다.",215.29241877256317,981.4801444043321,2038.945848375451,797.8483754512632,2480,3508
train,press,/workspace/data/train/json/MI3_240725_TY2_0075_4.json,/workspace/data/train/jpg/MI2_240725_TY2_0075_4.jpg,MI3_240725_TY2_0075_4,MI3_240725_TY2_0075_4_V01_1,V01,표,고혈압 및 당뇨병 진단 경험자의 치료율 상하위 시군구 현황 차트(세로 막대형)에 대해 알려주세요,"고혈압 및 당뇨병 진단 경험자의 치료율 상하위 시군구 현황 차트(세로 막대형)는 2022년 기준으로 각 시군구의 치료율을 비교하여 보여줍니다. 이 차트의 범례는 고혈압과 당뇨병 진단 경험자의 치료율을 각각 구분하여 표시합니다. 본문에 따르면, 특정 지역에서의 치료율은 상위 지역과 하위 지역 간에 큰 격차가 있는 것으로 나타났습니다.",215.29241877256317,1810.9891696750901,2051.610108303249,810.5126353790612,2480,3508
train,press,/workspace/data/train/json/MI3_240725_TY2_0075_5.json,/workspace/data/train/jpg/MI2_240725_TY2_0075_5.jpg,MI3_240725_TY2_0075_5,MI3_240725_TY2_0075_5_V02-8_1,V02-8,차트(혼합형),"뇌졸중 조기증상 인지율, 심근경색증 조기증상 인지율의 추이 및 지역 간 건강격차에 대해 알려주세요","뇌졸중 조기증상 인지율, 심근경색증 조기증상 인지율의 추이에 대한 그래프입니다. 이 그래프는 연도별로 두 질병의 조기 증상 인지율 변화와 지역 간 건강 격차를 시각적으로 보여줍니다. 최근 몇 년간 뇌졸중과 심근경색증의 조기 증상 인지율이 증가하는 추세를 보이고 있으며, 지역 간 격차도 여전히 존재합니다.",215.29241877256317,1006.8086642599278,2032.6137184115523,867.5018050541516,2480,3508
train,press,/workspace/data/train/json/MI3_240725_TY2_0075_5.json,/workspace/data/train/jpg/MI2_240725_TY2_0075_5.jpg,MI3_240725_TY2_0075_5,MI3_240725_TY2_0075_5_V01_1,V01,표,"뇌졸중 조기증상 인지율, 심근경색증 조기증상 인지율 상하위 시군구 현황에 대해 알려주세요","뇌졸중과 심근경색증의 조기 증상 인지율을 비교한 데이터 표입니다. 이 표는 각 시군구의 상위 및 하위 지자체에서 나타난 인지율을 명시하고 있습니다. 특정 지역에서는 상당히 높은 인지율을 보이는 반면, 다른 지역에서는 낮은 결과를 나타내어 건강 교육의 필요성이 강조됩니다.",215.29241877256317,1886.974729241877,2032.6137184115523,715.5306859205775,2480,3508
train,press,/workspace/data/train/json/MI3_240725_TY2_0075_6.json,/workspace/data/train/jpg/MI2_240725_TY2_0075_6.jpg,MI3_240725_TY2_0075_6,MI3_240725_TY2_0075_6_V02-8_1,V02-8,차트(혼합형),심폐소생술 인지율 및 교육경험률의 추이 및 지역 간 건강격차에 대해 알려주세요,"이 시각요소는 2012년부터 2022년까지의 심폐소생술 인지율 및 교육 경험률의 변화를 나타내고 있습니다. 그래프에서는 각 년도의 데이터 변화가 표시되며, 이를 통해 시간에 따른 건강 격차를 이해할 수 있습니다. 분석 결과, 최근 몇 년 간 지역 간 격차가 증가하는 경향을 보이고 있습니다.",189.9638989169675,880.1660649819495,2076.938628158845,772.5198555956677,2480,3508
train,press,/workspace/data/train/json/MI3_240725_TY2_0075_6.json,/workspace/data/train/jpg/MI2_240725_TY2_0075_6.jpg,MI3_240725_TY2_0075_6,MI3_240725_TY2_0075_6_V01_1,V01,표,2022년 심폐소생술 인지율 및 교육경험률 상하위 시군구 현황에 대해 알려주세요,"이 시각요소는 2022년 심폐소생술 인지율 및 교육경험률의 상하위 시군구 현황을 보여주는 표입니다. 표에는 각 지역의 인지율과 교육 경험률이 기재되어 있으며, 상위와 하위 구분이 명확하게 나타납니다. 이 데이터를 통해 특정 지역에서 심폐소생술에 대한 인식과 교육 경험의 격차를 확인할 수 있습니다.",189.9638989169675,1684.346570397112,2083.2707581227437,968.815884476534,2480,3508
train,press,/workspace/data/train/json/MI3_240725_TY2_0075_7.json,/workspace/data/train/jpg/MI2_240725_TY2_0075_7.jpg,MI3_240725_TY2_0075_7,MI3_240725_TY2_0075_7_V02-8_1,V02-8,차트(혼합형),3. 건강행태 영역에 대한 혼합형 차트에 대해 알려주세요,"혼합형 차트는 여러 데이터 시리즈를 함께 나타내어 복합적인 정보를 시각적으로 표현합니다. 이 차트에서는 자가보고 비만율과 연간 체중조절 시도율의 추이를 보여주고 있습니다. 2008년부터 2022년까지의 데이터에서 비만율은 증가하는 경향을 보였으며, 체중조절 시도율은 다소 변동이 있었음을 알 수 있습니다.",196.29602888086643,1310.7509025270756,2045.2779783393498,791.5162454873646,2480,3508
train,press,/workspace/data/train/json/MI3_240725_TY2_0075_7.json,/workspace/data/train/jpg/MI2_240725_TY2_0075_7.jpg,MI3_240725_TY2_0075_7,MI3_240725_TY2_0075_7_V01_1,V01,표,[비만·제중조절]에 대한 세로 막대형 차트에 대해 알려주세요,"세로 막대형 차트는 각 범주의 값을 막대로 표현하여 비교를 쉽게 해줍니다. 이 차트에서는 자가보고 비만율과 연간 체중조절 시도율을 지역별로 나타내고 있습니다. 상위 지역과 하위 지역 간의 비만률 차이가 크며, 이는 지역적 건강 격차를 시사합니다.",208.96028880866425,2121.263537906137,2038.9458483754515,804.1805054151619,2480,3508
train,press,/workspace/data/train/json/MI3_240725_TY2_0075_8.json,/workspace/data/train/jpg/MI2_240725_TY2_0075_8.jpg,MI3_240725_TY2_0075_8,MI3_240725_TY2_0075_8_V02-8_1,V02-8,차트(혼합형),일반담배 현재흡연율 남자 현재흡연율의 추이 및 지역 간 건강격차(2008-2022년) 혼합형에 대해 알려주세요,"일반담배 현재흡연율 남자 현재흡연율의 추이 및 지역 간 건강격차(2008-2022년) 혼합형은 시간에 따른 흡연율 변화를 나타내는 그래프입니다. 이 혼합형 차트는 두 가지 또는 그 이상의 데이터 세트를 비교하는 데 사용됩니다. 최근 몇 년간 남자와 여자의 흡연율 간 차이가 있으며, 특히 2022년에 전년에 비해 남자의 흡연률은 감소하고 여자는 증가하는 경향을 보였습니다.",189.9638989169675,1082.7942238267149,2076.938628158845,835.841155234657,2480,3508
train,press,/workspace/data/train/json/MI3_240725_TY2_0075_8.json,/workspace/data/train/jpg/MI2_240725_TY2_0075_8.jpg,MI3_240725_TY2_0075_8,MI3_240725_TY2_0075_8_V01_1,V01,표,일반담배 현재흡연율 상하위 시군구 현황(2022년) 표에 대해 알려주세요,"일반담배 현재흡연율 상하위 시군구 현황(2022년) 표는 각 지역의 흡연율을 비교한 데이터입니다. 이 표는 상위와 하위 지역의 흡연율 정보를 보여줍니다. 2022년에는 충북 음성군이 가장 높은 흡연율을 기록하며, 경기 성남시 분당구가 가장 낮은 수치를 보였습니다.",196.29602888086643,1943.9638989169673,2064.274368231047,759.85559566787,2480,3508
train,press,/workspace/data/train/json/MI3_240725_TY2_0077_1.json,/workspace/data/train/jpg/MI2_240725_TY2_0077_1.jpg,MI3_240725_TY2_0077_1,MI3_240725_TY2_0077_1_V02-4_1,V02-4,차트(꺾은선형),우울감 경험률 추이(2014-2023년) 꺾은선형에 대해 알려주세요,"우울감 경험률 추이(2014-2023년) 꺾은선형은 해당 기간 동안의 우울감 경험률 변화를 시각적으로 나타낸 것입니다. 이 꺾은선형의 범례는 전체, 대도시, 중소도시, 농어촌으로 나누어져 있으며 각 지역의 우울감 경험률을 비교할 수 있습니다. 본문에 따르면, 전체적으로 2020년부터 2023년까지 우울감 경험률이 증가하는 경향을 보이며, 특히 대도시에서 더 높은 수치를 기록하고 있습니다.",196.29602888086643,1507.046931407942,2095.935018050541,1196.7725631768953,2480,3508
train,press,/workspace/data/train/json/MI3_240725_TY2_0077_1.json,/workspace/data/train/jpg/MI2_240725_TY2_0077_1.jpg,MI3_240725_TY2_0077_1,MI3_240725_TY2_0077_1_V01_1,V01,표,전체 우울감 경험률 데이터 표에 대해 알려주세요,"전체 우울감 경험률 데이터 표는 다양한 지역에서의 우울감 비율을 정리하여 보여줍니다. 이 표는 연도별로 구분된 숫자를 통해 각 지역의 변화 추이를 명확히 이해할 수 있도록 돕습니다. 분석 결과, 최근 몇 년 간 모든 지역에서 우울감 비율이 점차 증가하고 있으며 특히 대도시가 가장 높은 수치를 기록하고 있습니다.",202.6281588447653,2716.4837545126356,2083.2707581227437,379.9277978339349,2480,3508
train,press,/workspace/data/train/json/MI3_240725_TY2_0077_2.json,/workspace/data/train/jpg/MI2_240725_TY2_0077_2.jpg,MI3_240725_TY2_0077_2,MI3_240725_TY2_0077_2_V01_1,V01,표,2023년 우울감 경험률 차트에 대해 알려주세요,"2023년 우울감 경험률 차트는 지역 유형별로 우울감 경험률을 비교하여 시각화한 것입니다. 차트의 범례는 걷기 활동 실천 여부와 중등도 이상의 신체활동 실천 여부에 따른 우울감 경험률입니다. 본문과 차트를 기반으로, 걷기 활동을 실천하는 사람들의 우울감 경험률이 그렇지 않은 사람들보다 낮다는 추세를 보여줍니다.",215.29241877256317,1418.3971119133573,2051.610108303249,1032.1371841155237,2480,3508
train,press,/workspace/data/train/json/MI3_240725_TY2_0078_2.json,/workspace/data/train/jpg/MI2_240725_TY2_0078_2.jpg,MI3_240725_TY2_0078_2,MI3_240725_TY2_0078_2_V01_1,V01,표,성매개감염병 신고현황 표에 대해 알려주세요,"성매개감염병 신고현황 표는 특정 기간 동안의 성매개감염병 발생 건수를 보여줍니다. 이 표에는 매년 각 감염병별 발생 건수가 나열되어 있으며, 총합도 포함되어 있습니다. 데이터에 따르면, 매독과 임질의 발생 건수는 시간에 따라 변화가 있으며, 특히 매독의 경우 2016년부터 증가세를 보이고 있습니다.",189.9638989169675,1412.0649819494586,2057.9422382671482,905.494584837545,2480,3508
train,press,/workspace/data/train/json/MI3_240725_TY2_0078_2.json,/workspace/data/train/jpg/MI2_240725_TY2_0078_2.jpg,MI3_240725_TY2_0078_2,MI3_240725_TY2_0078_2_V01_2,V01,표,임질 원인균 항균제 내성률 표에 대해 알려주세요,"임질 원인균 항균제 내성률 표는 다양한 항균제에 대한 임질균의 감수성을 나타냅니다. 이 표에서는 각각의 항균제와 그에 대한 감수성, 중간내성 및 내성 비율이 제시됩니다. 결과적으로, 여러 항균제에서 내성이 발견되며, 특히 Ciprofloxacin과 Tetracycline에서 높은 내성률을 기록하고 있어 주의가 필요합니다.",170.96750902527074,2456.8664259927796,2076.938628158845,715.5306859205778,2480,3508
train,press,/workspace/data/train/json/MI3_240725_TY2_0079_1.json,/workspace/data/train/jpg/MI2_240725_TY2_0079_1.jpg,MI3_240725_TY2_0079_1,MI3_240725_TY2_0079_1_V01_1,V01,표,(의사)환자 발생 누계 차트(세로 막대형)에 대해 알려주세요,"(의사)환자 발생 누계 차트(세로 막대형)은 특정 기간 동안의 백일해 환자 수 변화를 시각적으로 나타냅니다. 이 차트는 각 연도의 환자 발생 수를 비교할 수 있는 범례를 포함하고 있습니다. 최근 10년 간의 데이터를 보면, 올해 백일해 환자가 급격히 증가하여 전년도와 비교했을 때 큰 상승폭을 보였습니다.",196.29602888086643,2235.2418772563174,2089.6028880866415,259.6173285198558,2480,3508
train,press,/workspace/data/train/json/MI3_240725_TY2_0079_1.json,/workspace/data/train/jpg/MI2_240725_TY2_0079_1.jpg,MI3_240725_TY2_0079_1,MI3_240725_TY2_0079_1_T03_2,T03,시각요소 제목,최근 10년('15~'24) 국내 백일해 주별 발생 현황에 대해 알려주세요,"최근 10년('15~'24) 국내 백일해 주별 발생 현황은 특정 기간 내에서의 환자 수 변화를 주 단위로 보여줍니다. 이 정보는 각 주에 따른 환자 발생 상황을 이해하는 데 도움이 되는 범례를 제공합니다. 데이터에 따르면, 최근 몇 년 간 특히 2024년 초반에 급증한 경향이 뚜렷하게 나타나고 있습니다.",215.29241877256317,3083.7472924187723,2032.6137184115523,94.9819494584836,2480,3508
train,press,/workspace/data/train/json/MI3_240725_TY2_0079_2.json,/workspace/data/train/jpg/MI2_240725_TY2_0079_2.jpg,MI3_240725_TY2_0079_2,MI3_240725_TY2_0079_2_V02-1_1,V02-1,차트(세로 막대형),최근 5년 동안의 국내 백일해 연령별·성별 환자 발생 현황 차트(세로 막대형)에 대해 알려주세요,"이 차트는 최근 5년('20~'24) 동안의 국내 백일해 환자의 연령별 및 성별 발생 현황을 시각화한 것입니다. 범례는 연령대에 따른 환자 수를 나타내며, 각각의 바가 특정 연령대를 대표합니다. 본문에서 언급된 데이터를 바탕으로 보았을 때, 특히 12세 이하 어린이의 환자가 많은 경향이 관찰됩니다.",208.96028880866425,728.1949458483754,2057.9422382671482,734.5270758122742,2480,3508
train,press,/workspace/data/train/json/MI3_240725_TY2_0079_3.json,/workspace/data/train/jpg/MI2_240725_TY2_0079_3.jpg,MI3_240725_TY2_0079_3,MI3_240725_TY2_0079_3_V01_1,V01,표,백일해 표준예방접종 일정 및 백신 종류 에 대해 알려주세요,"백일해 표준예방접종 일정 및 백신 종류 V01는 백일해 예방을 위한 접종 스케줄과 사용되는 백신의 정보를 제공합니다. 이 V01의 범례에는 각 접종 시기와 최소 간격, 사용되는 백신 종류가 포함되어 있습니다. 본문에서 제공된 정보에 따르면, 적절한 시기에 접종을 받는 것이 아동 청소년의 건강을 지키는데 중요한 추세임을 보여줍니다.",151.97111913357395,2007.2851985559566,2184.5848375451255,886.4981949458471,2480,3508
train,press,/workspace/data/train/json/MI3_240725_TY2_0080_1.json,/workspace/data/train/jpg/MI2_240725_TY2_0080_1.jpg,MI3_240725_TY2_0080_1,MI3_240725_TY2_0080_1_V01_1,V01,표,Weight Changes and Unhealthy Weight Control Behaviors 논문명과 관련된 시각요소에 대해 알려주세요,"이 시각요소는 여성의 체중 변화 및 건강하지 않은 체중 조절 행동에 대한 연구 결과를 제시합니다. 이 차트의 범례는 다양한 건강 위험 요인을 포함하고 있습니다. 본문과 시각요소를 기반으로, 연구 결과는 생리통과 관련된 체중 조절 행동 간의 상관관계를 보여줍니다.",246.95306859205775,652.2093862815884,2019.9494584837548,645.8772563176894,2480,3508
train,press,/workspace/data/train/json/MI3_240725_TY2_0080_2.json,/workspace/data/train/jpg/MI2_240725_TY2_0080_2.jpg,MI3_240725_TY2_0080_2,MI3_240725_TY2_0080_2_V01_1,V01,표,경증 월경곤란증 종증 월경곤란증 오즈비 유의확률에 대해 알려주세요,"이 표는 경증 및 중증 월경곤란증과 관련된 다양한 변수들에 대한 오즈비와 유의확률을 보여줍니다. 범례에는 부적절한 체중조절 행동, 단식/끼니 거르기 등의 변수가 포함되어 있습니다. 분석 결과, 특정 체중조절 행동이 월경곤란증 위험 증가와 관련이 있음을 알 수 있습니다.",246.953068592058,1462.7220216606495,1969.2924187725632,994.1444043321299,2480,3508
train,press,/workspace/data/train/json/MI3_240725_TY2_0081_1.json,/workspace/data/train/jpg/MI2_240725_TY2_0081_1.jpg,MI3_240725_TY2_0081_1,MI3_240725_TY2_0081_1_V01_1,V01,표,국가별 백신종류 표에 대해 알려주세요,"국가별 백신종류를 보여주는 표입니다. 이 표에는 결핵, B형간염, 디프테리아 등 다양한 백신 종류가 나열되어 있습니다. 전반적으로 어린이 예방접종을 위한 다양한 백신들이 포함되어 있으며, 이는 국민 건강 증진에 기여하고 있습니다.",234.48577101257442,380.7491727332892,1991.9682329583056,738.2819324950364,2480,3508
train,press,/workspace/data/train/json/MI3_240725_TY2_0081_1.json,/workspace/data/train/jpg/MI2_240725_TY2_0081_1.jpg,MI3_240725_TY2_0081_1,MI3_240725_TY2_0081_1_V01_2,V01,표,국가별 예방접종률 관련 자료에 대해 알려주세요,"국가별 예방접종률을 비교한 자료입니다. 이 자료는 한국, 미국, 호주, 영국의 어린이 예방접종률에 대한 정보를 포함하고 있습니다. 이를 통해 한국의 높은 예방접종률과 다른 국가와의 차이를 쉽게 파악할 수 있습니다.",250.88203975841554,2290.0558282047386,2005.8980807412283,907.7617471872928,2480,3508
train,press,/workspace/data/train/json/MI3_240725_TY2_0081_2.json,/workspace/data/train/jpg/MI2_240725_TY2_0081_2.jpg,MI3_240725_TY2_0081_2,MI3_240725_TY2_0081_2_V01_1,V01,표,'23년도 예방접종 주간 기념행사 행사 프로그램 표에 대해 알려주세요,"행사 프로그램 표는 행사 진행 순서와 주요 내용을 정리한 것입니다. 이 표에는 각 시간대별로 예정된 활동이 나열되어 있으며, 주요 내용으로는 이벤트 관람, 질병관리청장 인사, 유공자 표창 및 응원 퍼포먼스 등이 포함됩니다. 이러한 프로그램을 통해 예방접종 주간의 중요성과 관련 활동들이 효과적으로 전달되고 있음을 알 수 있습니다.",261.34869431643625,1506.1228878648233,2001.877112135176,616.9984639016894,2480,3508
train,press,/workspace/data/train/json/MI3_240725_TY2_0081_2.json,/workspace/data/train/jpg/MI2_240725_TY2_0081_2.jpg,MI3_240725_TY2_0081_2,MI3_240725_TY2_0081_2_V01_2,V01,표,'23년도 예방접종 주간 기념행사 유공자 및 우수보건소 표에 대해 알려주세요,"유공자 및 우수보건소 표는 국가예방접종사업에 참여한 의료기관과 관계자들을 소개하는 자료입니다. 이 표에는 각 지역별 기관명과 관계자의 성명이 정리되어 있으며, 이는 예방접종 사업의 발전에 기여한 이들의 노고를 인정하는 내용입니다. 따라서 이 정보를 통해 국민들이 예방접종의 중요성을 인식하고, 관련 기관에 대한 신뢰를 높일 수 있는 계기가 됩니다.",253.2657450076805,2600.0153609831027,2066.5407066052226,538.8632872503842,2480,3508
train,press,/workspace/data/train/json/MI3_240725_TY2_0081_3.json,/workspace/data/train/jpg/MI2_240725_TY2_0081_3.jpg,MI3_240725_TY2_0081_3,MI3_240725_TY2_0081_3_V01_1,V01,표,부산광역시 해운대구보건소 관련 정보에 대해 알려주세요,이 차트는 기관명과 성명 정보를 포함한 데이터입니다. 각 기관별로 해당하는 유공자의 이름이 나열되어 있습니다. 데이터에서 나타나는 다양한 기관들은 지역 사회에서의 기여도를 보여줍니다.,237.099846390169,377.2043010752687,2058.4577572964668,1824.0522273425497,2480,3508
train,press,/workspace/data/train/json/MI3_240725_TY2_0081_3.json,/workspace/data/train/jpg/MI2_240725_TY2_0081_3.jpg,MI3_240725_TY2_0081_3,MI3_240725_TY2_0081_3_V01_2,V01,표,서울특별시 중구보건소 관련 정보에 대해 알려주세요,이 차트는 여러 보건소와 의료기관의 목록을 포함하고 있습니다. 각 보건소는 특정 지역 내 건강 관리의 중요한 역할을 수행하고 있습니다. 제공된 데이터는 다양한 지역에서의 예방접종 사업 및 건강 관리 활동을 반영합니다.,237.0998463901688,2360.2211981566816,2053.0691244239633,808.2949308755766,2480,3508
train,press,/workspace/data/train/json/MI3_240725_TY2_0082_1.json,/workspace/data/train/jpg/MI2_240725_TY2_0082_1.jpg,MI3_240725_TY2_0082_1,MI3_240725_TY2_0082_1_V01_1,V01,표,감염병 현황 표에 대해 알려주세요,"이 표는 2023년 모기매개 감염병 해외유입 국가 현황을 나타내고 있습니다. 표의 범례에는 각 감염병의 국가별 발생 수치가 포함되어 있으며, 특정 국가에서 발생한 질환에 대한 정보를 제공합니다. 이를 통해 최근 모기매개 감염병의 확산 추세와 각국의 위험도를 파악할 수 있습니다.",220.93394777265746,1298.6605222734254,2023.4316436251925,862.1812596006142,2480,3508
train,press,/workspace/data/train/json/MI3_240725_TY2_0082_2.json,/workspace/data/train/jpg/MI2_240725_TY2_0082_2.jpg,MI3_240725_TY2_0082_2,MI3_240725_TY2_0082_2_V03_1,V03,다이어그램,<다이어그램> 다이어그램에 대해 알려주세요,<다이어그램>은 감염병의 발생 현황을 시각적으로 표현한 자료입니다. 이 다이어그램은 다양한 감염병 관련 정보와 통계를 시각적으로 쉽게 이해할 수 있도록 도와줍니다. 최근 데이터에 기반해 특정 지역에서의 감염병 발생 추세가 증가하고 있음을 알 수 있습니다.,231.71121351766513,1013.0629800307219,2061.1520737327187,1018.4516129032257,2480,3508
train,press,/workspace/data/train/json/MI3_240725_TY2_0082_2.json,/workspace/data/train/jpg/MI2_240725_TY2_0082_2.jpg,MI3_240725_TY2_0082_2,MI3_240725_TY2_0082_2_V01_1,V01,표,<뎅기열 발생 국가> 표에 대해 알려주세요,"<뎅기열 발생 국가> 표는 각국에서 보고된 뎅기열 환자의 발생과 사망 현황을 정리한 것입니다. 이 표에서는 인도네시아, 태국, 필리핀 등 주요 국가의 환자 수와 사망자를 포함하여 보고된 날짜를 보여줍니다. 최근 데이터에 따르면, 인도네시아에서 가장 많은 환자가 발생하고 있으며, 전체적으로 아시아 지역에서 뎅기열이 심각한 상황임을 나타냅니다.",255.96006144393198,2268.6144393241166,2004.571428571427,689.745007680493,2480,3508
train,press,/workspace/data/train/json/MI3_240725_TY2_0082_3.json,/workspace/data/train/jpg/MI2_240725_TY2_0082_3.jpg,MI3_240725_TY2_0082_3,MI3_240725_TY2_0082_3_V03_1,V03,다이어그램,Current or previous local transmission of chikungunya virus 다이어그램에 대해 알려주세요,"이 다이어그램은 치쿤구니야열의 현재 또는 이전 지역 전파 상태를 시각적으로 표현합니다. 이 차트는 각국에서 보고된 치쿤구니야열 발생 상태를 비교하고 분석하는 데 도움을 줍니다. 데이터에 따르면, 최근 몇 년간 여러 국가에서 전파가 증가하고 있는 추세입니다.",229.01689708141322,1252.857142857143,2015.3486943164364,1069.6436251920122,2480,3508
train,press,/workspace/data/train/json/MI3_240725_TY2_0082_3.json,/workspace/data/train/jpg/MI2_240725_TY2_0082_3.jpg,MI3_240725_TY2_0082_3,MI3_240725_TY2_0082_3_V01_1,V01,표,국가 발생(명) 사망(명) 발생보고일 표에 대해 알려주세요,"이 표는 여러 국가에서의 치쿤구니야열 발생 및 사망 현황을 정리한 것입니다. 범례에는 각 국가의 발생자 수와 사망자를 나타내고 있습니다. 최근 보고된 데이터에 따르면 일부 국가에서는 감염자가 급증하고 있으며, 이는 공중보건 문제로 대두되고 있습니다.",255.96006144393243,2610.7926267281105,1999.182795698925,528.0860215053762,2480,3508
train,press,/workspace/data/train/json/MI3_240725_TY2_0082_4.json,/workspace/data/train/jpg/MI2_240725_TY2_0082_4.jpg,MI3_240725_TY2_0082_4,MI3_240725_TY2_0082_4_V01_1,V01,표,WHO 지역 현재 혹은 이전 전파 국가 및 영토 차트(다이어그램)에 대해 알려주세요,"WHO 지역 현재 혹은 이전 전파 국가 및 영토 차트는 각국의 지카 바이러스 감염 상황을 시각적으로 나타냅니다. 이 다이어그램은 각국에서의 지카 바이러스 전파 현황을 보여주며, 특정 지역의 위험도를 파악하는 데 유용합니다. 본문과 시각 요소를 기반으로 볼 때, 여러 국가에서 여전히 지카 바이러스가 발생하고 있으며, 특정 국가들에 대한 지속적인 모니터링이 필요함을 시사합니다.",231.71121351766507,778.6574500768049,2031.5145929339476,1196.2764976958508,2480,3508
train,press,/workspace/data/train/json/MI3_240725_TY2_0082_4.json,/workspace/data/train/jpg/MI2_240725_TY2_0082_4.jpg,MI3_240725_TY2_0082_4,MI3_240725_TY2_0082_4_V03_1,V03,다이어그램,과거 혹은 현재 지카바이러스 전파 국가(영토) 차트(다이어그램)에 대해 알려주세요,과거 혹은 현재 지카바이러스 전파 국가(영토) 차트는 해당 바이러스의 확산 경로와 영향을 받은 지역을 보여줍니다. 이 다이어그램은 과거와 현재의 데이터를 비교하여 감염이 발생했던 모든 국가와 영토를 나열합니다. 본문과 이 시각 요소를 통해 우리는 특정 지역에서의 높은 감염률과 예방 조치 필요성을 확인할 수 있습니다.,239.7941628264209,2009.960061443932,1983.0168970814132,1083.115207373272,2480,3508
train,press,/workspace/data/train/json/MI3_240725_TY2_0082_5.json,/workspace/data/train/jpg/MI2_240725_TY2_0082_5.jpg,MI3_240725_TY2_0082_5,MI3_240725_TY2_0082_5_V03_1,V03,다이어그램,최근 3년간 퇴치 현황 다이어그램에 대해 알려주세요,"최근 3년간 퇴치 현황 다이어그램은 말라리아 발생 국가들의 퇴치 상황을 시각화한 자료입니다. 이 다이어그램은 최근 몇 년 동안 말라리아를 효과적으로 통제한 국가들을 보여줍니다. 결과적으로, 일부 국가는 말라리아 없는 상태를 유지하고 있지만 여전히 많은 국가에서 퇴치 노력이 필요합니다.",250.57142857142858,608.9155145929338,1974.9339477726576,980.731182795699,2480,3508
train,press,/workspace/data/train/json/MI3_240725_TY2_0082_5.json,/workspace/data/train/jpg/MI2_240725_TY2_0082_5.jpg,MI3_240725_TY2_0082_5,MI3_240725_TY2_0082_5_V01_1,V01,표,주요 유입 국가명 표에 대해 알려주세요,"주요 유입 국가명 표는 말라리아 감염의 주요 유입국을 정리한 데이터입니다. 이 표에는 아프리카와 아시아에서의 주요 감염국들이 포함되어 있으며, 각 연도별로 나열된 국가들이 보입니다. 2018년부터 2022년까지의 데이터에 따르면, 가나와 나이지리아가 지속적으로 높은 발생률을 보이고 있으며, 아프리카 여러 나라에서도 감염이 발생하고 있습니다.",229.01689708141322,1832.1351766513055,2026.125960061444,1349.852534562212,2480,3508
train,press,/workspace/data/train/json/MI3_240725_TY2_0083_1.json,/workspace/data/train/jpg/MI2_240725_TY2_0083_1.jpg,MI3_240725_TY2_0083_1,MI3_240725_TY2_0083_1_V01_1,V01,표,소집훈련설명 농림축산식품부 조류인플루엔자 대응에 대해 알려주세요,"농림축산식품부 조류인플루엔자 대응에 관한 내용은 주제의 세부적인 설명을 포함합니다. 이 대응의 범례는 다양한 사례와 실습을 통해 강조되며, 주요 활동과 시간에 따라 구성됩니다. 본문에서 제시된 일정에 따르면, 각 단계마다 특정한 활동들이 계획되어 있으며, 이는 효과적인 대응을 위한 체계적 접근을 나타냅니다.",250.57142857142858,2123.121351766513,2015.3486943164364,1107.364055299539,2480,3508
train,press,/workspace/data/train/json/MI3_240725_TY2_0083_3.json,/workspace/data/train/jpg/MI2_240725_TY2_0083_3.jpg,MI3_240725_TY2_0083_3,MI3_240725_TY2_0083_3_V01_1,V01,표,조류인플루엔자 인체감염증에 대해 알려주세요,"조류인플루엔자 인체감염증에 대한 내용을 담고 있는 차트입니다. 이 차트의 범례는 조류인플루엔자 바이러스 감염 경로와 증상, 진단 방법 및 치료법을 설명합니다. 본문과 차트를 기반으로 볼 때, 조류인플루엔자 바이러스는 드물게 사람에게 전파될 수 있으며, 감염 시 다양한 증상을 초래할 수 있음을 알 수 있습니다.",220.93394777265746,468.8110599078341,2036.903225806452,2667.3732718894007,2480,3508
train,press,/workspace/data/train/json/MI3_240725_TY2_0083_4.json,/workspace/data/train/jpg/MI2_240725_TY2_0083_4.jpg,MI3_240725_TY2_0083_4,MI3_240725_TY2_0083_4_V01_1,V01,표,조류인플루엔자 인체감염 사례 발생 현황 차트(세로 막대형)에 대해 알려주세요,"이 차트는 조류인플루엔자 인체감염 사례의 발생과 사망에 대한 정보를 시각적으로 나타냅니다. 범례에는 연도별 발생 및 사망 건수가 나열되어 있어 각 연도의 통계를 쉽게 비교할 수 있습니다. 전체적으로 최근 몇 년 동안 발생 건수는 감소하는 경향을 보이고 있으며, 특정 아형에서 사망률이 상대적으로 높은 것으로 나타났습니다.",223.48747315676448,2104.2977809591985,2016.409448818898,931.6163206871867,2480,3508
train,press,/workspace/data/train/json/MI3_240725_TY2_0084_1.json,/workspace/data/train/jpg/MI2_240725_TY2_0084_1.jpg,MI3_240725_TY2_0084_1,MI3_240725_TY2_0084_1_V01_1,V01,표,하절기 수인성·식품매개감염병 집단발생 비상방역체계 운영 개시에 대해 알려주세요,이 시각요소는 2023년 하절기 동안 수인성 및 식품매개 감염병의 발생 상황을 시각적으로 나타냅니다. 이 차트는 연도별 현황을 기준으로 감염병 발생의 변동 추세를 보여줍니다. 2023년에는 이전 연도에 비해 증가한 집단발생 건수가 보고되고 있어 주의가 필요합니다.,276.2204724409449,2423.206871868289,1915.965640658554,763.3729420186116,2480,3508
train,press,/workspace/data/train/json/MI3_240725_TY2_0084_3.json,/workspace/data/train/jpg/MI2_240725_TY2_0084_3.jpg,MI3_240725_TY2_0084_3,MI3_240725_TY2_0084_3_V01_1,V01,표,수인성·식품매개감염병과 관련된 차트에 대해 알려주세요,"이 차트는 수인성·식품매개감염병의 종류를 나타냅니다. 이 차트의 범례에는 다양한 감염병이 포함되어 있습니다. 본문에 따르면, 특정 균이나 바이러스에 의해 발생하는 여러 질환들이 있으며, 이들 질환은 특정 조건에서 전파될 수 있음을 보여줍니다.",251.10952040085897,1335.9026485325699,2001.3428775948462,818.6170365068002,2480,3508
train,press,/workspace/data/train/json/MI3_240725_TY2_0085_1.json,/workspace/data/train/jpg/MI2_240725_TY2_0085_1.jpg,MI3_240725_TY2_0085_1,MI3_240725_TY2_0085_1_V03_1,V03,다이어그램,국내 뎅기열 환자 추정 감염국 현황에 대한 다이어그램에 대해 알려주세요,이 다이어그램은 2022년부터 2024년까지 국내에서 확인된 뎅기열 환자의 추정 감염국을 나타냅니다. 각각의 나라에서 발생한 환자 수를 통해 정보가 전달됩니다. 특정 국가로부터 유입된 사례들이 증가하고 있는 경향을 보여 주어 해외 여행 시 주의를 필요로 합니다.,283.7537580529707,361.597709377237,1227.9255547602002,467.06370794559774,2480,3508
train,press,/workspace/data/train/json/MI3_240725_TY2_0085_1.json,/workspace/data/train/jpg/MI2_240725_TY2_0085_1.jpg,MI3_240725_TY2_0085_1,MI3_240725_TY2_0085_1_V01_1,V01,표,발생원 및 활동시간에 대한 표에 대해 알려주세요,"이 표는 특정 연도별 뎅기열 환자 수를 나타냅니다. 각 연도에 해당하는 환자 수는 데이터 포인트로 시각적으로 표현됩니다. 2022년과 2023년에 환자 수가 급격히 변화한 것으로 보아, 특정 시기에 감염 사례가 증가하고 있음을 알 수 있습니다.",220.9763779527559,1617.1453113815319,2028.9649248389408,281.2426628489619,2480,3508
train,press,/workspace/data/train/json/MI3_240725_TY2_0085_1.json,/workspace/data/train/jpg/MI2_240725_TY2_0085_1.jpg,MI3_240725_TY2_0085_1,MI3_240725_TY2_0085_1_V01_2,V01,표,발생원 및 활동시간에 대한 차트(세로 막대형)에 대해 알려주세요,"이 차트는 뎅기열 환자 수의 변화를 여러 국가에서의 데이터를 기반으로 비교하여 보여줍니다. 각 국가별로 환자 수가 막대 그래프로 표시되어 있으며, 특정 국가에서의 감염률이 높음을 나타낼 수도 있습니다. 동남아시아 지역에서 방문 후 감염된 경우가 많아, 이 지역의 위험성을 강조하고 있습니다.",231.02075876879027,1941.0765926986396,1998.8317823908376,846.2390837508947,2480,3508
train,press,/workspace/data/train/json/MI3_240725_TY2_0085_2.json,/workspace/data/train/jpg/MI2_240725_TY2_0085_2.jpg,MI3_240725_TY2_0085_2,MI3_240725_TY2_0085_2_V01_1,V01,표,발생현황 표에 대해 알려주세요,"발생현황 표는 특정 지역의 뎅기열 발생 사례 및 사망자 수를 정리한 것입니다. 표에는 각국의 발생 건수와 사망자 수가 기재되어 있으며, 보고일자를 포함하고 있습니다. 전 세계적으로 여러 국가에서 뎅기열 사례가 다수 보고되고 있으며, 특히 브라질과 같은 국가에서 높은 발생률을 보이고 있습니다.",231.0207587687903,976.8160343593433,2033.9871152469568,851.5009553414161,2480,3508
train,press,/workspace/data/train/json/MI3_240725_TY2_0085_2.json,/workspace/data/train/jpg/MI2_240725_TY2_0085_2.jpg,MI3_240725_TY2_0085_2,MI3_240725_TY2_0085_2_V03_1,V03,다이어그램,2024년 1월~3월 전세계 뎅기열 발생 현황 다이어그램에 대해 알려주세요,2024년 1월~3월 전세계 뎅기열 발생 현황 다이어그램은 특정 기간 동안의 발병률을 시각적으로 나타낸 것입니다. 이 다이어그램은 10만명당 발생률을 기준으로 하여 각국의 상황을 비교할 수 있도록 도와줍니다. 최근 몇 달간 많은 국가에서 뎅기열이 지속적으로 발생하고 있는 경향이 관찰됩니다.,228.50966356478165,1838.3613705167938,2036.498210450966,1328.1296817380382,2480,3508
train,press,/workspace/data/train/json/MI3_240725_TY2_0085_3.json,/workspace/data/train/jpg/MI2_240725_TY2_0085_3.jpg,MI3_240725_TY2_0085_3,MI3_240725_TY2_0085_3_V01_1,V01,표,2024년 상반기 뎅기열 검역관리지역과 관련된 차트에 대해 알려주세요.,"이 차트는 다양한 국가와 지역의 뎅기열 검역 관리 현황을 나타냅니다. 각 나라의 데이터는 범례를 통해 구분되며, 이 정보를 통해 특정 지역에서의 뎅기열 발생 가능성을 이해할 수 있습니다. 전체적으로 아시아 및 아프리카 지역에서 높은 발생률이 예상됩니다.",241.0651395848246,507.24123120973513,2018.9205440229061,2546.2505368647103,2480,3508
train,press,/workspace/data/train/json/MI3_240725_TY2_0085_4.json,/workspace/data/train/jpg/MI2_240725_TY2_0085_4.jpg,MI3_240725_TY2_0085_4,MI3_240725_TY2_0085_4_V01_1,V01,표,검역소별 연락처에 대해 알려주세요,"검역소별 연락처는 각 검역소의 전화번호와 위치를 나타냅니다. 이 범례에는 검역소명과 해당 전화번호가 포함되어 있습니다. 전체적으로 다양한 검역소의 정보를 통해 접근성을 높이고, 필요 시 신속한 연락을 가능하게 합니다.",366.6198997852541,2450.8289191123836,1745.2111667859701,542.3965640658552,2480,3508
train,press,/workspace/data/train/json/MI3_240725_TY2_0087_2.json,/workspace/data/train/jpg/MI2_240725_TY2_0087_2.jpg,MI3_240725_TY2_0087_2,MI3_240725_TY2_0087_2_V01_1,V01,표,검사종류와 관련된 시각 요소에 대해 알려주세요,"이 시각 요소는 검사 종류를 보여주는 막대형 차트입니다. 각 국가에서의 검사 종류별 방사선량을 비교하여 나타냅니다. 데이터에 따르면, 특정 검사에서 방사선량의 차이가 두드러지며, 한국과 미국 간의 비교가 특히 눈에 띕니다.",243.62720403022664,293.6020151133501,1998.9924433249369,1674.1561712846349,2480,3508
train,press,/workspace/data/train/json/MI3_240725_TY2_0087_2.json,/workspace/data/train/jpg/MI2_240725_TY2_0087_2.jpg,MI3_240725_TY2_0087_2,MI3_240725_TY2_0087_2_V01_2,V01,표,유방엑스선촬영과 관련된 시각 요소에 대해 알려주세요,"이 시각 요소는 유방엑스선 촬영 진단 참고 수준을 나타내는 원형 차트입니다. 단위는 mGy로, 각 년도별 평균 유선 선량을 기준으로 합니다. 이 데이터를 통해 유방 검사의 방사선 노출이 시간에 따라 어떻게 변화했는지를 알 수 있습니다.",240.50377833753143,2142.6700251889165,2023.9798488664983,774.6095717884131,2480,3508
train,press,/workspace/data/train/json/MI3_240725_TY2_0088_1.json,/workspace/data/train/jpg/MI2_240725_TY2_0088_1.jpg,MI3_240725_TY2_0088_1,MI3_240725_TY2_0088_1_V01_1,V01,표,"2022년, 2023년, 2024년 수인성·식품매개감염병 집단발생 현황 표에 대해 알려주세요","수인성·식품매개감염병 집단발생 현황을 나타내는 표입니다. 이 표에는 연도별로 집단발생 건수가 나열되어 있으며, 각 월별 통계가 포함되어 있습니다. 2023년과 2024년의 현황은 잠정 통계로 변동 가능하며, 최근 몇 년간의 추세를 통해 감염병 발생이 증가하고 있음을 보여줍니다.",252.9974811083123,2879.7984886649865,1998.992443324936,331.08312342569275,2480,3508
train,press,/workspace/data/train/json/MI3_240725_TY2_0088_2.json,/workspace/data/train/jpg/MI2_240725_TY2_0088_2.jpg,MI3_240725_TY2_0088_2,MI3_240725_TY2_0088_2_V01_1,V01,표,수인성·식품매개감염병 집단발생 현황에 대한 표에 대해 알려주세요,"이 표는 2019년부터 2024년까지의 수인성 및 식품매개감염병 발생 건수와 사례수를 정리한 것입니다. 각 월별로 발생 건수와 사례수가 나열되어 있어 연도별 추세를 쉽게 파악할 수 있습니다. 최근 몇 년간 발생 건수가 증가하는 경향을 보이며, 특히 특정 월에 집중된 경우가 있음을 알 수 있습니다.",237.38035264483622,649.6725440806046,2033.3501259445845,1190.0251889168767,2480,3508
train,press,/workspace/data/train/json/MI3_240725_TY2_0088_2.json,/workspace/data/train/jpg/MI2_240725_TY2_0088_2.jpg,MI3_240725_TY2_0088_2,MI3_240725_TY2_0088_2_V02-1_1,V02-1,차트(세로 막대형),"2022년, 2023년 및 2024년에 대한 차트(세로 막대형)에 대해 알려주세요",이 차트는 최근 5년 동안의 발생건수를 시각적으로 비교한 것입니다. 5년 평균과 각 연도의 데이터를 통해 변화 추세를 한눈에 볼 수 있습니다. 최근의 데이터에서는 특정 월의 발생건수가 뚜렷하게 증가하거나 감소하는 패턴을 확인할 수 있습니다.,224.88664987405537,1930.2770780856422,1952.1410579345086,933.9042821158691,2480,3508
train,press,/workspace/data/train/json/MI3_240725_TY2_0088_3.json,/workspace/data/train/jpg/MI2_240725_TY2_0088_3.jpg,MI3_240725_TY2_0088_3,MI3_240725_TY2_0088_3_V01_1,V01,표,수인성·식품매개감염병 장관감염증에 대한 표에 대해 알려주세요,이 표는 수인성·식품매개감염병의 다양한 종류를 나열한 것입니다. 각 감염병의 세부 항목들이 포함되어 있습니다. 이 표를 통해 다양한 감염병들의 분류와 특징을 한눈에 살펴볼 수 있습니다.,240.50377833753143,1321.209068010075,2002.115869017632,855.8186397984886,2480,3508
train,press,/workspace/data/train/json/MI3_240725_TY2_0090_1.json,/workspace/data/train/jpg/MI2_240725_TY2_0090_1.jpg,MI3_240725_TY2_0090_1,MI3_240725_TY2_0090_1_V01_1,V01,표,인체 자원종류 표에 대해 알려주세요,"인체 자원종류 표는 코로나19 확진자로부터 수집된 다양한 인체 자원의 종류와 수량을 나타냅니다. 이 표는 혈청, 혈장, 뇨, gDNA 등 여러 인체 자원의 추적 명수 및 회수를 보여줍니다. 데이터에 따르면, 확진자 100명으로부터 총 819개의 혈청과 1,849개의 혈장을 수집한 것으로 보아, 대규모의 인체 자원이 수집되었음을 알 수 있습니다.",246.7506297229219,2114.5591939546593,1961.5113350125944,684.0302267002519,2480,3508
train,press,/workspace/data/train/json/MI3_240725_TY2_0090_2.json,/workspace/data/train/jpg/MI2_240725_TY2_0090_2.jpg,MI3_240725_TY2_0090_2,MI3_240725_TY2_0090_2_V01_1,V01,표,등록정보와 인구학적 정보에 대해 알려주세요,"이 시각요소는 변수 설명을 포함한 표 형식으로, 다양한 등록정보 및 인구학적 데이터를 보여줍니다. 이 표에는 성별, 나이, 거주지와 같은 인구학적 요소가 포함되어 있으며, 각 항목의 변수를 통해 데이터를 이해할 수 있습니다. 전체적인 추세는 COVID-19 관련 정보와 백신 접종 상태를 중심으로 분석되며, 다양한 건강 정보를 포괄적으로 제공합니다.",210.54478301015695,608.960295475531,2047.1431209602952,2477.950138504155,2480,3508
train,press,/workspace/data/train/json/MI3_240725_TY2_0090_3.json,/workspace/data/train/jpg/MI2_240725_TY2_0090_3.jpg,MI3_240725_TY2_0090_3,MI3_240725_TY2_0090_3_V01_1,V01,표,분석 항목에 대해 알려주세요,"분석 항목은 다양한 면역인자(Cytokine)의 데이터를 포함하고 있습니다. 이 데이터는 여러 생물학적 마커의 농도를 측정한 결과로, 각 마커가 어떤 역할을 하는지 이해하는 데 도움을 줍니다. 본문에서 언급된 내용과 함께, 특정 환자군에서 면역인자의 변화 추세를 살펴보면 코로나19의 영향을 보다 명확히 알 수 있습니다.",217.0230840258541,813.0267774699907,2034.1865189289013,2384.014773776546,2480,3508
train,press,/workspace/data/train/json/MI3_240725_TY2_0090_4.json,/workspace/data/train/jpg/MI2_240725_TY2_0090_4.jpg,MI3_240725_TY2_0090_4,MI3_240725_TY2_0090_4_V01_1,V01,표,주요 분석항목에 대한 시각요소 차트(세로 막대형)에 대해 알려주세요,"차트(세로 막대형)는 다양한 분석항목의 수치를 시각적으로 표현합니다. 이 차트의 범례는 각 분석항목을 구분하여 표시하는데 사용됩니다. 제공된 데이터에 따르면, 여러 사이토카인 분석항목들이 포함되어 있으며, 이들은 특정 질병이나 상태와 관련이 있을 것으로 추측됩니다.",206.14793537365395,290.579680029335,2055.6251018744906,1338.0146699266506,2480,3508
train,press,/workspace/data/train/json/MI3_240725_TY2_0090_4.json,/workspace/data/train/jpg/MI2_240725_TY2_0090_4.jpg,MI3_240725_TY2_0090_4,MI3_240725_TY2_0090_4_V01_2,V01,표,코로나19 유전체 정보에 대한 시각요소 차트(세로 막대형)에 대해 알려주세요,"차트(세로 막대형)는 코로나19 바이러스의 다양한 변종에 대한 정보를 직관적으로 전달합니다. 해당 차트의 범례는 각 변종의 국가별 발생 건수를 보여줍니다. 데이터에 따르면, 대한민국과 미국에서 다수의 변종이 확인되었으며, 이는 전 세계적인 감염 상황을 반영할 수 있습니다.",307.1605229134674,1795.4555827220865,1855.4947025264876,1403.771801140994,2480,3508
train,press,/workspace/data/train/json/MI3_240725_TY2_0090_5.json,/workspace/data/train/jpg/MI2_240725_TY2_0090_5.jpg,MI3_240725_TY2_0090_5,MI3_240725_TY2_0090_5_V01_1,V01,표,제목과 관련된 V 타입의 차트에 대해 알려주세요.,"V 타입의 차트는 여러 데이터 포인트를 시각적으로 표현하는 도구입니다. 이 차트는 다양한 범주의 데이터를 비교하기 위해 사용되며, 각 데이터 포인트는 특정한 색상이나 모양으로 구분됩니다. 본문에 따르면, 오믹스 분석 결과가 여러 변종에 걸쳐 나타나며, 이는 바이러스의 진화 양상을 보여줍니다.",291.6185819070905,267.499623785799,1864.0717196414018,843.4066829665852,2480,3508
train,press,/workspace/data/train/json/MI3_240725_TY2_0090_5.json,/workspace/data/train/jpg/MI2_240725_TY2_0090_5.jpg,MI3_240725_TY2_0090_5,MI3_240725_TY2_0090_5_V01_2,V01,표,소제목과 연결된 V 타입의 표에 대해 알려주세요.,"V 타입의 표는 데이터를 체계적으로 정리하여 한눈에 보기 쉽게 만들어 줍니다. 이 표에는 각 분석 종류와 그에 따른 확진자 수치가 명시되어 있으며, 총계도 포함되어 있습니다. 본문에서는 다양한 오믹스 분석 방법의 사용 현황이 나타나고 있으며, 이는 코로나19 확진자의 다양한 반응을 이해하는 데 도움을 줍니다.",388.8247758761206,2204.293398533007,1749.7114914425429,460.2999185004077,2480,3508
train,press,/workspace/data/train/json/MI3_240725_TY2_0091_1.json,/workspace/data/train/jpg/MI2_240725_TY2_0091_1.jpg,MI3_240725_TY2_0091_1,MI3_240725_TY2_0091_1_V02-8_1,V02-8,차트(혼합형),"질병관리청 보도자료 엠폭스, 국내 안정적 관리로 23개월 만에 감염병 위기경보 해제 혼합형에 대해 알려주세요","혼합형은 여러 데이터 시리즈를 시각적으로 비교할 수 있는 요소입니다. 이 차트는 확진 환자 발생 및 그 평균을 나타내며, 시간에 따른 변화를 확인할 수 있습니다. 본문과 해당 차트를 통해 최근 엠폭스 환자 수가 감소세를 보이고 있으며, 현재 상황이 안정화되었음을 알 수 있습니다.",271.7775298500544,2287.2616006279723,1940.0259024952286,856.6772524438479,2480,3508
train,press,/workspace/data/train/json/MI3_240725_TY2_0091_2.json,/workspace/data/train/jpg/MI2_240725_TY2_0091_2.jpg,MI3_240725_TY2_0091_2,MI3_240725_TY2_0091_2_V02-1_1,V02-1,차트(세로 막대형),< 확진 환자 발생 및 예방 접종자(4.25.0시 기준) > 차트(세로 막대형)에 대해 알려주세요,"< 확진 환자 발생 및 예방 접종자(4.25.0시 기준) >는 세로 막대형 차트로, 주어진 날짜의 확진 환자와 예방 접종자의 수를 비교하여 시각적으로 보여줍니다. 이 차트의 범례는 각 막대가 각각의 데이터 포인트를 나타내며, 이를 통해 해당 시점의 상황을 쉽게 파악할 수 있습니다. 본문에 언급된 내용에 따르면, 최근 엠폭스와 관련된 예방접종이 이루어지고 있으며, 차트는 이러한 데이터를 기반으로 추세를 보여주고 있습니다.",262.09689714910587,1507.649653751411,1932.07839449266,950.778589844116,2480,3508
train,press,/workspace/data/train/json/MI3_240725_TY2_0091_3.json,/workspace/data/train/jpg/MI2_240725_TY2_0091_3.jpg,MI3_240725_TY2_0091_3,MI3_240725_TY2_0091_3_V01_1,V01,표,감염병 위기 대응 총괄 표에 대해 알려주세요,"감염병 위기 대응 총괄 표는 담당 부서와 책임자의 정보를 정리한 것입니다. 이 표에는 각 부서의 역할과 연락처가 포함되어 있어, 신속한 대처를 위한 협조 체계를 설명합니다. 해당 정보는 감염병 발생 시 적절한 대응을 위한 필수적인 조직 구조를 나타냅니다.",250.51397154826824,2389.564210816326,1982.637603199555,464.37687915564237,2480,3508
train,press,/workspace/data/train/json/MI3_240725_TY2_0091_4.json,/workspace/data/train/jpg/MI2_240725_TY2_0091_4.jpg,MI3_240725_TY2_0091_4,MI3_240725_TY2_0091_4_V01_1,V01,표,구분 용 정의 원숭이두창 바이러스에 대한 표에 대해 알려주세요,"이 표는 원숭이두창 바이러스의 감염 경로와 치명률에 대한 정보를 제공합니다. 범례에는 Clade별 발생 지역과 감염 경로가 포함되어 있습니다. 본문에 따르면, 최근 전세계적으로 확산된 Clade 2b형은 성매개로 주로 전파되며, 치명률은 1% 미만으로 나타납니다.",240.051502248533,504.8934151936661,1984.3738431285824,2684.4000765978253,2480,3508
train,press,/workspace/data/train/json/MI3_240725_TY2_0091_5.json,/workspace/data/train/jpg/MI2_240725_TY2_0091_5.jpg,MI3_240725_TY2_0091_5,MI3_240725_TY2_0091_5_V01_1,V01,표,발진 증상과 치료에 대해 알려주세요,"발진 관련 시각요소는 여러 단계로 진행되는 증상을 시각적으로 나타냅니다. 이 요소의 범례는 발진의 형태와 치명률을 포함하고 있습니다. 본문 내용을 기반으로 볼 때, 최근 유행하는 질병의 발진은 다양한 형태로 나타나며, 일반적으로 자연 치유되는 경향이 있습니다.",237.81502658649302,298.77552539396476,1986.6103187906228,2883.323407059766,2480,3508
train,press,/workspace/data/train/json/MI3_240725_TY2_0091_5.json,/workspace/data/train/jpg/MI2_240725_TY2_0091_5.jpg,MI3_240725_TY2_0091_5,MI3_240725_TY2_0091_5_L02_1,L02,꼬리말,국민의 건강과 질병 관리에 대해 알려주세요,"건강과 질병 관리 관련 시각요소는 건강한 사회를 위한 지침을 제공합니다. 이 요소의 범례는 국민 건강 증진을 위한 활동이나 정책 등을 포함할 수 있습니다. 본문 내용에 따르면, 건강한 동행과 함께하는 노력은 질병 예방 및 관리를 효과적으로 할 수 있는 방법임을 보여줍니다.",263.8515577728433,3257.3483804969146,661.2930803860796,133.50054869209873,2480,3508
train,press,/workspace/data/train/json/MI3_240725_TY2_0091_6.json,/workspace/data/train/jpg/MI2_240725_TY2_0091_6.jpg,MI3_240725_TY2_0091_6,MI3_240725_TY2_0091_6_V02-3_1,V02-3,차트(원형),신고경로 원형 차트에 대해 알려주세요,"신고경로 원형 차트는 엠폭스 관련 감염자들의 신고 경로를 나타냅니다. 이 차트의 범례는 접축자관리, 의료기관, 본인 신고 경로 등으로 나뉘어 있으며 각 항목의 비율을 시각적으로 표현합니다. 데이터에 따르면, 대다수의 감염자는 본인을 통해 신고하고 있으며, 의료기관을 통한 신고도 일정 비율을 차지하고 있습니다.",298.0053353689399,606.3406954598603,584.4635878556812,427.19662801524396,2480,3508
train,press,/workspace/data/train/json/MI3_240725_TY2_0091_6.json,/workspace/data/train/jpg/MI2_240725_TY2_0091_6.jpg,MI3_240725_TY2_0091_6,MI3_240725_TY2_0091_6_V02-3_2,V02-3,차트(원형),국내발생 감염경로 원형 차트에 대해 알려주세요,"국내발생 감염경로 원형 차트는 엠폭스의 국내 발생 현황과 그 감염 경로를 보여줍니다. 이 차트는 해외유입과 관련된 비율이 포함되어 있으며, 전체 확진자 중에서 해외유입이 얼마나 영향을 미쳤는지를 시각화합니다. 현재 데이터를 기준으로 보면, 국내 발생자가 대다수를 차지하고 있으며, 해외 유입의 경우 상대적으로 적은 수치를 보이고 있습니다.",974.593368905834,621.9400481112682,592.2419276567424,418.28182763922115,2480,3508
train,press,/workspace/data/train/json/MI3_240725_TY2_0091_6.json,/workspace/data/train/jpg/MI2_240725_TY2_0091_6.jpg,MI3_240725_TY2_0091_6,MI3_240725_TY2_0091_6_V02-3_3,V02-3,차트(원형),치료제 사용 여부 원형 차트에 대해 알려주세요,"치료제 사용 여부 원형 차트는 엠폭스 환자들 중 치료제를 사용한 비율과 미사용한 비율을 나타냅니다. 이 범례에는 '사용'과 '미사용' 두 가지 항목이 포함되어 있어 각각의 비율을 확인할 수 있습니다. 데이터 분석 결과에 따르면, 치료제를 사용하는 환자가 더 많으며 이는 질병 관리 측면에서 긍정적인 추세라고 할 수 있습니다.",1627.8463830395453,642.4370015275531,502.91286723113444,391.7081340723067,2480,3508
train,press,/workspace/data/train/json/MI3_240725_TY2_0091_6.json,/workspace/data/train/jpg/MI2_240725_TY2_0091_6.jpg,MI3_240725_TY2_0091_6,MI3_240725_TY2_0091_6_V02-5_1,V02-5,차트(영역형),제품 분포 영역형 차트에 대해 알려주세요,제품 분포 영역형 차트는 다양한 제품의 배급 현황을 보여주는 그래프입니다. 이 차트는 특정 지역 내에서 어떤 제품이 어느 정도 분포되어 있는지를 시각화하여 한눈에 파악할 수 있도록 돕습니다. 현재 분석된 데이터에서는 김형 및 OPLOS 하남 제품들이 특정 지역에서 상대적으로 높은 배급량을 보이고 있음을 알 수 있습니다.,1322.3064024427279,1158.2330257558042,851.2337167337865,1026.488636363636,2480,3508
train,press,/workspace/data/train/json/MI3_240725_TY2_0091_7.json,/workspace/data/train/jpg/MI2_240725_TY2_0091_7.jpg,MI3_240725_TY2_0091_7,MI3_240725_TY2_0091_7_V01_6,V01,표,지역 접촉 경로 표에 대해 알려주세요,"지역 접촉 경로 표는 확진환자의 감염 경로를 분류하여 보여줍니다. 이 표는 국내 감염, 해외 유입, 성 접촉, 의료 노출 등 다양한 카테고리로 나뉘며 각 카테고리별 확진환자 수를 나타냅니다. 데이터를 기반으로 볼 때, 국내 감염이 가장 높은 비율을 차지하고 있으며, 이는 지역 내 전파가 활발함을 시사합니다.",243.6788040481063,2521.375000000001,1979.2048919037882,398.2722288002789,2480,3508
train,press,/workspace/data/train/json/MI3_240725_TY2_0091_8.json,/workspace/data/train/jpg/MI2_240725_TY2_0091_8.jpg,MI3_240725_TY2_0091_8,MI3_240725_TY2_0091_8_V02-1_1,V02-1,차트(세로 막대형),붙임 5 전체 현황 차트(세로 막대형)에 대해 알려주세요,"이 차트는 전 세계 월별 엠폭스 발생 현황을 시각적으로 나타냅니다. 범례에는 각 지역별 발생 수치가 포함되어 있으며, 이를 통해 시간에 따른 변화 추이를 쉽게 확인할 수 있습니다. 본문에 따르면 아프리카와 미주 지역에서 각각 30,000명과 25,000명의 사례가 보고되고 있으며, 이는 특정 기간 동안의 발병 동향을 반영합니다.",273.6983786074247,1611.1959159117473,1931.3192211659082,688.1337007531478,2480,3508
train,press,/workspace/data/train/json/MI3_240725_TY2_0091_9.json,/workspace/data/train/jpg/MI2_240725_TY2_0091_9.jpg,MI3_240725_TY2_0091_9,MI3_240725_TY2_0091_9_V02-4_1,V02-4,차트(꺾은선형),아시아의 분기별 엠폭스 발생 현황 꺾은선형에 대해 알려주세요,"아시아의 분기별 엠폭스 발생 현황 꺾은선형은 특정 기간 동안의 엠폭스 발생 추세를 시각적으로 나타냅니다. 이 꺾은선형은 각 분기의 환자 수를 비교할 수 있는 범례를 제공합니다. 최근 몇 년간 아시아 지역에서의 엠폭스 발생이 어떻게 변화해왔는지를 보여주며, 주목할 만한 증가 또는 감소 추세가 관찰됩니다.",290.22699556787927,831.6674356104897,1883.7990922878016,801.0400575686712,2480,3508
train,press,/workspace/data/train/json/MI3_240725_TY2_0092_2.json,/workspace/data/train/jpg/MI2_240725_TY2_0092_2.jpg,MI3_240725_TY2_0092_2,MI3_240725_TY2_0092_2_V01_1,V01,표,나와 가족을 위한 예방과 관리 정보 에 대해 알려주세요,"V01은 다양한 질환에 대한 관리 정보를 시각적으로 제공하는 요소입니다. 이 차트는 각 질환의 예방 및 관리에 대한 최신 데이터를 기반으로 구성되어 있습니다. 본문에서 언급된 여러 질환들에 대한 최근 발간된 자료가 반영되어 있어, 관련 정보의 추세를 명확히 파악할 수 있습니다.",245.86637333795466,971.1901628832178,1990.264585639621,1517.9776999893697,2480,3508
train,press,/workspace/data/train/json/MI3_240725_TY2_0092_3.json,/workspace/data/train/jpg/MI2_240725_TY2_0092_3.jpg,MI3_240725_TY2_0092_3,MI3_240725_TY2_0092_3_V01_1,V01,표,고혈압 임상진료지침 차트(세로 막대형)에 대해 알려주세요,"고혈압 임상진료지침 차트(세로 막대형)은 고혈압 관련 데이터와 지침을 시각적으로 표현합니다. 이 차트의 범례는 다양한 만성질환에 대한 정보를 포함하고 있습니다. 본문과 차트를 기반으로 하면, 만성질환 관리에 있어 고혈압이 주된 문제임을 알 수 있으며, 여러 개정판에서 지속적으로 업데이트되고 있음을 보여줍니다.",240.39745011333392,397.0566045507696,1977.5032912931053,1332.514596202377,2480,3508
train,press,/workspace/data/train/json/MI3_240725_TY2_0092_4.json,/workspace/data/train/jpg/MI2_240725_TY2_0092_4.jpg,MI3_240725_TY2_0092_4,MI3_240725_TY2_0092_4_V01_1,V01,표,[개발 절차 및 기간(3년)] 표에 대해 알려주세요,"이 표는 만성질환 임상진료지침의 개발 절차와 기간을 나타냅니다. 각 연도별 의사 및 환자용 자료, 약물 정보 리플릿 등이 포함되어 있으며, 최신화 작업은 5년마다 진행됩니다. 본문과 시각 요소를 기반으로 볼 때, 개발과정에서 지속적인 개정과 업데이트가 이루어지고 있음을 알 수 있습니다.",265.31222284060624,792.8975848520274,1951.4947339209084,708.9170083483928,2480,3508
train,press,/workspace/data/train/json/MI3_240725_TY2_0092_4.json,/workspace/data/train/jpg/MI2_240725_TY2_0092_4.jpg,MI3_240725_TY2_0092_4,MI3_240725_TY2_0092_4_V01_2,V01,표,[대상자별 임상진료지침] 표에 대해 알려주세요,"이 표는 대상자별로 구분된 임상진료지침의 내용을 정리한 것입니다. 2019년 이후 다양한 리플릿과 체크리스트가 통합되었으며, 특정 질환에 따라 연령에 맞춘 정보를 제공합니다. 본문과 시각 요소를 통해 보면, 환자의 필요에 따라 더욱 세분화된 관리가 이루어지고 있음을 확인할 수 있습니다.",253.64471313901515,1699.7953121247554,1995.2475401850756,634.7805022913295,2480,3508
train,press,/workspace/data/train/json/MI3_240725_TY2_0092_4.json,/workspace/data/train/jpg/MI2_240725_TY2_0092_4.jpg,MI3_240725_TY2_0092_4,MI3_240725_TY2_0092_4_V01_3,V01,표,[만성질환 가이드라인 개발 현황] 표에 대해 알려주세요,"이 표는 다양한 만성질환에 대한 가이드라인의 개발 현황을 보여줍니다. 각 질병별로 완료된 상태와 관련 연도들이 기재되어 있습니다. 본문과 시각 요소를 바탕으로 볼 때, 여러 만성질환의 연구와 지침 개발이 지속적으로 진행되고 있으며, 특정 질병군에서 더 많은 발전이 있었음을 나타냅니다.",250.36335920424293,2644.8550780311894,2002.9040326995462,364.24165529860124,2480,3508
train,press,/workspace/data/train/json/MI3_240725_TY2_0093_1.json,/workspace/data/train/jpg/MI2_240725_TY2_0093_1.jpg,MI3_240725_TY2_0093_1,MI3_240725_TY2_0093_1_V01_1,V01,표,주요 행사 일정 및 시각요소에 대해 알려주세요,"이 시각요소는 주요 행사 일정을 나타내며, 다양한 시간대별 활동과 그 내용이 포함되어 있습니다. 이 요소의 범례는 각 활동의 시간과 설명으로 구성되어 있어, 일정을 한눈에 확인할 수 있게 도와줍니다. 전체적으로 볼 때, 일정은 철저하게 계획되어 있으며, 각각의 세션 사이에 충분한 시간이 배정되어 있어 원활한 진행을 위한 준비가 되어 있습니다.",236.50828021280316,561.4941045507691,1980.784645227878,2400.933982592589,2480,3508
train,press,/workspace/data/train/json/MI3_240725_TY2_0094_1.json,/workspace/data/train/jpg/MI2_240725_TY2_0094_1.jpg,MI3_240725_TY2_0094_1,MI3_240725_TY2_0094_1_V01_1,V01,표,2024년도 인체자원 품질관리 숙련도시험 운영 계획과 관련된 시험항목 및 방법에 대해 알려주세요,"이 시험항목은 DNA 농도, 미생물 오염 등 여러 항목을 포함한 분석 방식입니다. 각 항목의 세부적인 방법과 비고 사항이 기재되어 있습니다. 이를 통해 인체자원 관리의 품질을 평가하고, 검사 결과에 따른 추세를 파악할 수 있습니다.",276.97973254219767,1736.8635651532857,1929.739467841817,1337.0115772674137,2480,3508
train,press,/workspace/data/train/json/MI3_240725_TY2_0096_3.json,/workspace/data/train/jpg/MI2_240725_TY2_0096_3.jpg,MI3_240725_TY2_0096_3,MI3_240725_TY2_0096_3_V01_2,V01,표,전략1 에 대해 알려주세요,"전략1 V01은 산불 발생을 최소화하기 위한 근본적 예방 대책을 설명합니다. 이 표의 범례는 영농 부산물 수거, 화목 보일러 점검 및 처벌 강화 등의 다양한 예방 조치를 포함하고 있습니다. 본문과 표를 기반으로 볼 때, 산불 예방을 위한 전반적인 관리와 노력이 강조되고 있으며, 구체적인 실행 방안이 제시되고 있습니다.",281.48170845390166,2695.680496815998,1904.0089726380197,186.9168758544317,2480,3508
train,press,/workspace/data/train/json/MI3_240725_TY2_0096_3.json,/workspace/data/train/jpg/MI2_240725_TY2_0096_3.jpg,MI3_240725_TY2_0096_3,MI3_240725_TY2_0096_3_V01_3,V01,표,전략2 에 대해 알려주세요,"전략2 V01은 과학적 감시와 입체적 지상 공중 작전을 통한 산불 초동 진화를 설명합니다. 이 표의 범례는 지능형 ICT 플랫폼 확대, 고성능 드론 도입 추진 등의 조치를 포함하고 있습니다. 본문과 표를 통해 이러한 전략들이 효과적으로 연계되어 산불 대응 역량을 강화하는 추세임을 알 수 있습니다.",284.4225103429596,2926.3999999999955,1904.4024702538597,258.31415529859936,2480,3508
train,press,/workspace/data/train/json/MI3_240725_TY2_0096_4.json,/workspace/data/train/jpg/MI2_240725_TY2_0096_4.jpg,MI3_240725_TY2_0096_4,MI3_240725_TY2_0096_4_V01_1,V01,표,과학적으로 복원 에 대해 알려주세요,"과학적으로 복원 V01은 산불 피해 지역의 복구 방안을 제시하는 요소입니다. 이 요소는 다양한 의견을 반영하여 수종 선정 및 조림 복구 방법을 설명합니다. 본문 내용과 함께 고려할 때, 산불 피해를 최소화하고 생태계 회복을 위한 과학적 접근이 중요하다는 추세가 드러납니다.",281.8301815473091,297.38685538792663,1903.6604995446135,185.76991587291826,2480,3508
train,press,/workspace/data/train/json/MI3_240725_TY2_0096_5.json,/workspace/data/train/jpg/MI2_240725_TY2_0096_5.jpg,MI3_240725_TY2_0096_5,MI3_240725_TY2_0096_5_V01_1,V01,표,복구지원과 엠폭스 방역대책본부 차트에 대해 알려주세요,"이 차트는 복구 지원 및 엠폭스 방역 대책 관련 정보를 시각적으로 나타냅니다. 이 차트의 범례는 각 담당 부서와 책임자에 대한 정보를 포함하고 있습니다. 본문 내용에 따르면, 여러 기관이 협력하여 방역을 강화하고 있어 향후 효과적인 대응이 기대됩니다.",247.99662083789556,2259.227563664563,1989.761842806913,618.9968269678368,2480,3508
train,press,/workspace/data/train/json/MI3_240725_TY2_0097_1.json,/workspace/data/train/jpg/MI2_240725_TY2_0097_1.jpg,MI3_240725_TY2_0097_1,MI3_240725_TY2_0097_1_V01_1,V01,표,국민의나라와 관련된 2022년 폐렴구균 감염증 발생신고 현황 표에 대해 알려주세요,"2022년 폐렴구균 감염증 발생신고 현황은 각 연령대별 환자 수를 나타내는 표입니다. 이 표에서는 0~9세부터 65세 이상까지의 연령대별 환자 수가 나열되어 있습니다. 특히, 65세 이상의 어르신에서의 환자 발생이 두드러지며, 이는 고위험군으로서 예방접종의 필요성을 강조합니다.",234.96901038371945,2447.1780650292612,2013.9511491330913,325.65647453461867,2480,3508
train,press,/workspace/data/train/json/MI3_240725_TY2_0097_2.json,/workspace/data/train/jpg/MI2_240725_TY2_0097_2.jpg,MI3_240725_TY2_0097_2,MI3_240725_TY2_0097_2_V02-4_1,V02-4,차트(꺾은선형),2020~2023.3월 65세 어르신 폐렴구균 접종현황 꺾은선형에 대해 알려주세요,"이 꺾은선형은 2020년부터 2023년 3월까지의 65세 이상 어르신들의 폐렴구균 접종 현황을 나타냅니다. 꺾은선형의 범례는 각 연도별 접종 건수를 표시하며, 이를 통해 시간에 따른 변화를 시각적으로 이해할 수 있습니다. 전체적으로 보면, 특정 시점에서의 접종 건수 변화가 뚜렷하게 나타나며, 이는 예방접종 정책이나 캠페인에 따른 영향을 반영하고 있습니다.",234.46319655413015,757.1409913549818,1995.0111134600286,920.463996136527,2480,3508
train,press,/workspace/data/train/json/MI3_240725_TY2_0097_3.json,/workspace/data/train/jpg/MI2_240725_TY2_0097_3.jpg,MI3_240725_TY2_0097_3,MI3_240725_TY2_0097_3_V01_1,V01,표,2019~2023.4월 폐렴구균 표에 대해 알려주세요,"2019~2023.4월 폐렴구균 표는 특정 연도별 감염증 발생 현황을 나타냅니다. 이 표에는 연령대별 발생 수치가 포함되어 있어, 각 연령대의 감염자 수를 비교할 수 있습니다. 2019년부터 2023년까지의 데이터를 살펴보면, 전반적으로 감소하는 추세를 보이고 있으며, 특히 65세 이상에서 가장 많은 발생이 있음을 알 수 있습니다.",226.17904292348004,595.4706684856753,2016.3228775448536,665.5095202367668,2480,3508
train,press,/workspace/data/train/json/MI3_240725_TY2_0097_3.json,/workspace/data/train/jpg/MI2_240725_TY2_0097_3.jpg,MI3_240725_TY2_0097_3,MI3_240725_TY2_0097_3_V02-1_1,V02-1,차트(세로 막대형),연도별 65세 이상 폐렴구균 감염증환자 차트(세로 막대형)에 대해 알려주세요,"연도별 65세 이상 폐렴구균 감염증환자 차트(세로 막대형)은 해당 연령대의 환자 수 변화를 시각적으로 보여줍니다. 이 차트는 매년 보고된 환자의 수치를 막대로 표현하여, 각 연도의 경향성을 쉽게 파악할 수 있게 해줍니다. 분석 결과, 최근 몇 년간 환자 수가 감소하고 있지만 여전히 높은 수준임을 확인할 수 있습니다.",481.0997166394411,1431.2831411965567,1486.6872075168753,704.3114972772478,2480,3508
train,press,/workspace/data/train/json/MI3_240725_TY2_0098_1.json,/workspace/data/train/jpg/MI2_240725_TY2_0098_1.jpg,MI3_240725_TY2_0098_1,MI3_240725_TY2_0098_1_V01_1,V01,표,엠폭스 질병개요 차트(세로 막대형)에 대해 알려주세요,"이 차트는 엠폭스와 관련된 여러 가지 발생 현황 및 통계 데이터를 시각적으로 나타냅니다. 차트의 범례는 각 데이터 포인트의 의미를 설명하며, 특정 항목에 대한 정보를 제공합니다. 본문 내용을 바탕으로, 엠폭스 감염 사례가 2022년 이후 유럽과 북미에서 급증하고 있음을 보여주는 경향을 확인할 수 있습니다.",238.75667960212152,471.87667576111903,1987.606640795758,2720.6158174180414,2480,3508
train,press,/workspace/data/train/json/MI3_240725_TY2_0098_2.json,/workspace/data/train/jpg/MI2_240725_TY2_0098_2.jpg,MI3_240725_TY2_0098_2,MI3_240725_TY2_0098_2_V02-1_1,V02-1,차트(세로 막대형),일본 및 주변국의 감염자 통계 차트(세로 막대형)에 대해 알려주세요,일본 및 인근 국가들의 감염자 통계를 보여주는 차트(세로 막대형)입니다. 이 차트는 각국의 감염자 수를 비교할 수 있는 정보를 제공합니다. 이를 통해 일본의 급격한 증가 추세와 다른 국가들 간의 변화를 파악할 수 있습니다.,463.70418930371255,2136.68916894028,1468.6657718899237,776.2958174180422,2480,3508
train,press,/workspace/data/train/json/MI3_240725_TY2_0098_2.json,/workspace/data/train/jpg/MI2_240725_TY2_0098_2.jpg,MI3_240725_TY2_0098_2,MI3_240725_TY2_0098_2_V02-1_2,V02-1,차트(세로 막대형),전 세계 엠폭스 발생 현황 차트(세로 막대형)에 대해 알려주세요,"전 세계 엠폭스 발생 현황을 나타내는 차트(세로 막대형)입니다. 이 차트는 아프리카, 중동, 유럽 등 지역별 엠폭스 발생 수치를 시각적으로 표현합니다. 해당 차트를 통해 최근 데이터에서 아시아 지역의 엠폭스 확산 추세를 확인할 수 있습니다.",461.5625291047735,765.5875068208404,1472.9490922878006,668.2717772485895,2480,3508
train,press,/workspace/data/train/json/MI3_240725_TY2_0098_3.json,/workspace/data/train/jpg/MI2_240725_TY2_0098_3.jpg,MI3_240725_TY2_0098_3,MI3_240725_TY2_0098_3_V02-2_1,V02-2,차트(가로 막대형),확진환자 임상증상 특성 차트(세로 막대형)에 대해 알려주세요,"확진환자 임상증상 특성 차트(세로 막대형)은 환자의 다양한 증상을 세로 방향으로 비교하여 보여주는 자료입니다. 이 차트의 범례는 각 증상의 종류와 그 빈도를 포함하고 있습니다. 본문에서 언급된 내용에 따르면, 이 차트를 통해 특정 증상이 환자들 사이에서 어떤 경향을 보이는지 시각적으로 이해할 수 있습니다.",1261.9816601989387,1925.8333515222382,963.7049805968187,666.6107764930056,2480,3508
train,press,/workspace/data/train/json/MI3_240725_TY2_0098_4.json,/workspace/data/train/jpg/MI2_240725_TY2_0098_4.jpg,MI3_240725_TY2_0098_4,MI3_240725_TY2_0098_4_V02-2_1,V02-2,차트(가로 막대형),엠폭스 확진자의 성별 및 연령 관련 차트(가로 막대형)에 대해 알려주세요,이 차트는 엠폭스 확진자의 성별과 연령 분포를 시각적으로 나타냅니다. 범례에는 각 연령대별 남성과 여성의 숫자가 포함되어 있습니다. 이 데이터를 통해 특정 연령대에서 남성이 더 많이 확진되었음을 알 수 있습니다.,275.61833980106076,755.9500272833568,1941.219131094167,857.1208037763639,2480,3508
train,press,/workspace/data/train/json/MI3_240725_TY2_0100_2.json,/workspace/data/train/jpg/MI2_240725_TY2_0100_2.jpg,MI3_240725_TY2_0100_2,MI3_240725_TY2_0100_2_V02-8_1,V02-8,차트(혼합형),위산억제제 처방 여부 차트(혼합형)에 대해 알려주세요,"위산억제제 처방 여부를 보여주는 혼합형 차트입니다. 이 차트는 CRE 감염과 관련된 여러 변수들을 통합적으로 시각화하여 제공합니다. 분석 결과, 항생제를 동시에 사용하는 경우 CRE 감염 위험이 유의미하게 증가하는 경향을 보이고 있습니다.",300.0613424195549,1456.0638088907074,915.2699281631998,574.2247900492398,2480,3508
train,press,/workspace/data/train/json/MI3_240725_TY2_0100_2.json,/workspace/data/train/jpg/MI2_240725_TY2_0100_2.jpg,MI3_240725_TY2_0100_2,MI3_240725_TY2_0100_2_V02-1_1,V02-1,차트(세로 막대형),위산억제제 처방 여부 차트(세로 막대형)에 대해 알려주세요,"위산억제제 처방 여부를 나타내는 세로 막대형 차트입니다. 이 차트는 CRE 비감염자와 CRE 감염자의 분포를 비교하여 항생제 사용의 영향을 분석합니다. 데이터에 따르면, 위산억제제를 처방받은 그룹과 그렇지 않은 그룹 간에 장내 마이크로바이옴의 차이가 있을 것으로 예상됩니다.",1256.7971379500232,1421.0612884281902,915.2699281631998,597.5598036909178,2480,3508
train,press,/workspace/data/train/json/MI3_240725_TY2_0100_3.json,/workspace/data/train/jpg/MI2_240725_TY2_0100_3.jpg,MI3_240725_TY2_0100_3,MI3_240725_TY2_0100_3_V02-3_1,V02-3,차트(원형),위산억제제 비 처방 CRE 감염자 차트(원형)에 대해 알려주세요,차트(원형)는 데이터를 비율로 나타내는 시각적 표현입니다. 이 차트의 범례는 위산억제제 비 처방과 위산 억제제 처방에 따른 CRE 감염자를 비교하는 내용을 담고 있습니다. 본문을 통해 확인할 수 있는 추세는 두 그룹 간의 항생제 내성 전파 양상에 대한 상이함을 보여줍니다.,462.6851913790583,1026.3213297442992,1598.58317291432,1063.5644891122263,2480,3508
train,press,/workspace/data/train/json/MI3_240725_TY2_0101_1.json,/workspace/data/train/jpg/MI2_240725_TY2_0101_1.jpg,MI3_240725_TY2_0101_1,MI3_240725_TY2_0101_1_V01_1,V01,표,감염병 전문병원 지정 현황 표에 대해 알려주세요,"감염병 전문병원 지정 현황 표는 각 권역의 병원 및 기관에 대한 정보를 나열하고 있습니다. 이 표에는 중앙, 호남권, 충청권 등 여러 지역의 병원들이 포함되어 있으며, 각 병원의 지정 연월이 기록되어 있습니다. 전체적으로 감염병 대응을 위한 전문병원의 분포가 권역별로 어떻게 이루어지고 있는지를 보여줍니다.",254.54680046821366,410.24858078624067,1966.604496247829,243.5595438702233,2480,3508
train,press,/workspace/data/train/json/MI3_240725_TY2_0101_1.json,/workspace/data/train/jpg/MI2_240725_TY2_0101_1.jpg,MI3_240725_TY2_0101_1,MI3_240725_TY2_0101_1_V01_2,V01,표,의료대응체계 구축 표에 대해 알려주세요,"의료대응체계 구축 표는 '23년 시범사업과 '24년 본사업의 내용을 정리한 것입니다. 이 표에서는 사업 규모와 내용이 구분되어 제시되며, 법정 기능 전반과 기존 기능이 포함됩니다. 이를 통해 향후 감염병 대응을 위한 체계적인 준비가 필요하다는 추세를 확인할 수 있습니다.",243.6349911024736,1066.0243144670073,2004.336956747486,545.1252948684831,2480,3508
train,press,/workspace/data/train/json/MI3_240725_TY2_0101_2.json,/workspace/data/train/jpg/MI2_240725_TY2_0101_2.jpg,MI3_240725_TY2_0101_2,MI3_240725_TY2_0101_2_V01_1,V01,표,'24년 2분기 신종감염병 대비 의료대응 관계기관 협의체 표에 대해 알려주세요,"이 표는 '24년 2분기 신종감염병 대비 의료대응 관계기관 협의체에 관련된 정보를 시각적으로 정리한 것입니다. 이 표에는 각 기관의 담당자와 부서, 협조 사항 등이 포함되어 있습니다. 이를 통해 감염병 대응을 위한 각 기관 간의 협력 구조와 역할 분담을 명확히 할 수 있습니다.",248.15722275826587,702.2052466589184,1981.8577453040812,2226.6942736948886,2480,3508
train,press,/workspace/data/train/json/MI3_240725_TY2_0101_4.json,/workspace/data/train/jpg/MI2_240725_TY2_0101_4.jpg,MI3_240725_TY2_0101_4,MI3_240725_TY2_0101_4_V01_1,V01,표,<권역별 감염병전문병원 및 질병대응센터 현황> 차트에 대해 알려주세요,<권역별 감염병전문병원 및 질병대응센터 현황> 차트는 각 권역에서 운영되는 감염병 전문 병원의 위치와 종류를 시각적으로 표현합니다. 이를 통해 각 지역의 의료 자원을 효과적으로 파악할 수 있습니다. 특히 차트를 통해 지역별로 필요한 의료 대응 체계를 강화하는 방안을 제시하고 있습니다.,275.4092233173181,2467.611393681518,1909.7397318190008,391.8182185271414,2480,3508
train,press,/workspace/data/train/json/MI3_240725_TY2_0102_1.json,/workspace/data/train/jpg/MI2_240725_TY2_0102_1.jpg,MI3_240725_TY2_0102_1,MI3_240725_TY2_0102_1_V02-5_1,V02-5,차트(영역형),말라리아 위험지역 및 매개모기 감시지점 영역형에 대해 알려주세요,말라리아 위험지역 및 매개모기 감시지점 영역형은 특정 지역 내의 말라리아 위험성을 시각적으로 나타내는 그래프입니다. 이 영역형의 범례에는 각 지역에 대한 신규 추가 위험지역이 포함되어 있습니다. 본문과 이 영역형을 통해 경기도를 포함한 다양한 지역에서의 말라리아 위험이 증가하고 있음을 알 수 있습니다.,253.8212097625746,427.777698221191,934.0863781426907,717.6460350702541,2480,3508
train,press,/workspace/data/train/json/MI3_240725_TY2_0102_1.json,/workspace/data/train/jpg/MI2_240725_TY2_0102_1.jpg,MI3_240725_TY2_0102_1,MI3_240725_TY2_0102_1_V02-5_2,V02-5,차트(영역형),A 영역형에 대해 알려주세요,"A 영역형은 데이터의 일부로, 특정 정보를 전달하는 데 사용되는 그래픽 요소입니다. 이 유형은 그 자체로 구체적인 범례를 제공하지 않지만, 관련 데이터와 함께 해석될 수 있습니다. 본문의 내용과 함께 분석하면 말라리아와 관련된 다른 지표나 데이터를 시각적으로 비교하는 데 도움이 될 수 있습니다.",1255.642804365807,435.03318600143734,924.4366643311876,721.535204010534,2480,3508
train,press,/workspace/data/train/json/MI3_240725_TY2_0102_2.json,/workspace/data/train/jpg/MI2_240725_TY2_0102_2.jpg,MI3_240725_TY2_0102_2,MI3_240725_TY2_0102_2_V01_1,V01,표,붙임 1 말라리아 퇴치를 위한 관계기관 협력 강화 계획과 관련된 시각요소 내용과 표에 대해 알려주세요,"이 표는 시간대별로 진행되는 회의 및 활동에 대한 내용을 정리한 것입니다. 각 시간대마다 어떤 활동이 이루어지는지를 명시하고 있으며, 비고란에는 추가적인 설명이 포함되어 있습니다. 본문에서 언급된 내용을 바탕으로 보면, 2024년도 말라리아 퇴치사업단 회의가 진행되며 여러 기관 간 협력이 강조되고 있는 추세를 보여줍니다.",244.1216309780927,2005.8785538222096,2009.8669170920223,975.9451518791241,2480,3508
train,press,/workspace/data/train/json/MI3_240725_TY2_0102_3.json,/workspace/data/train/jpg/MI2_240725_TY2_0102_3.jpg,MI3_240725_TY2_0102_3,MI3_240725_TY2_0102_3_V02-4_1,V02-4,차트(꺾은선형),< 연도별 말라리아 환자 발생 현황 ('14~'23) 차트(꺾은선형)에 대해 알려주세요,"< 연도별 말라리아 환자 발생 현황> 차트(꺾은선형)은 2022년과 2023년의 환자 발생 수를 비교하여 시각적으로 나타냅니다. 이 차트의 범례는 각 연도의 환자 수치를 포함하며, 그 변화 추세를 명확하게 보여줍니다. 전체적으로 보면 말라리아 환자 수가 감소하다가 다시 증가하는 경향을 보이고 있습니다.",1261.591080771363,1442.0237619006361,854.4462986801234,670.9735588357751,2480,3508
train,press,/workspace/data/train/json/MI3_240725_TY2_0102_4.json,/workspace/data/train/jpg/MI2_240725_TY2_0102_4.jpg,MI3_240725_TY2_0102_4,MI3_240725_TY2_0102_4_V02-5_1,V02-5,차트(영역형),2023년 말라리아 매개모기 밀도 현황과 차트(영역형)에 대해 알려주세요,"차트(영역형)은 데이터의 변화를 시각적으로 표현하는 방식입니다. 이 차트는 특정 기간 동안의 모기 밀도 변화를 보여주며, 이를 통해 시계열 데이터를 쉽게 이해할 수 있습니다. 본문에서 제공된 내용에 따르면, 2023년의 매개모기 밀도는 전년 대비 증가했지만 평년과 비교하면 감소한 추세를 보이고 있습니다.",316.4228537929202,758.4118903825614,1794.353070719627,944.409759186709,2480,3508
train,press,/workspace/data/train/json/MI3_240725_TY2_0102_4.json,/workspace/data/train/jpg/MI2_240725_TY2_0102_4.jpg,MI3_240725_TY2_0102_4,MI3_240725_TY2_0102_4_V02-8_1,V02-8,차트(혼합형),2023년 매개모기 밀도와 차트(혼합형)에 대해 알려주세요,"차트(혼합형)는 두 가지 이상의 데이터 세트를 하나의 그래프에서 동시에 비교할 수 있도록 하는 시각적 표현입니다. 이 유형은 다양한 기간의 매개모기 밀도를 비교하여 경향성을 나타내는데 유용합니다. 본문의 정보에 따르면, 2023년에 관찰된 매개모기 밀도는 이전 년도와 다소 다른 양상을 보이며, 여러 분석 결과가 혼합되어 제시되고 있습니다.",238.63945578231227,2096.1380419440757,1963.2031050557578,944.8196366844032,2480,3508
train,press,/workspace/data/train/json/MI3_240725_TY2_0103_1.json,/workspace/data/train/jpg/MI2_240725_TY2_0103_1.jpg,MI3_240725_TY2_0103_1,MI3_240725_TY2_0103_1_V01_1,V01,표,HIV 진단검사와 관련된 표에 대해 알려주세요,"표는 데이터나 정보를 정리하여 보여주는 형식입니다. 이 표는 책임자, 부서 및 담당자 정보를 포함하고 있습니다. HIV 진단검사와 관련하여 여러 기관의 역할과 책임이 명확히 나열되어 있어 협력의 중요성이 강조됩니다.",246.79217448983576,2673.054725580366,1979.2371988695493,197.23877278384413,2480,3508
train,press,/workspace/data/train/json/MI3_240725_TY2_0103_2.json,/workspace/data/train/jpg/MI2_240725_TY2_0103_2.jpg,MI3_240725_TY2_0103_2,MI3_240725_TY2_0103_2_V01_1,V01,표,시간 내 용 발표자 표에 대해 알려주세요,"시간 내 용 발표자는 행사 일정과 각 세션의 발표자를 나열한 표입니다. 이 표에는 등록, 개회, 축사 등 다양한 프로그램이 포함되어 있으며, 각각의 시간과 소요 시간이 명시되어 있습니다. 본문의 내용을 통해 5월 9일과 10일 동안 HIV 진단검사와 관련된 여러 활동들이 계획되어 있음을 알 수 있습니다.",265.3347189109764,791.3993730219123,1935.1093624468574,2397.352688166341,2480,3508
train,press,/workspace/data/train/json/MI3_240725_TY2_0103_3.json,/workspace/data/train/jpg/MI2_240725_TY2_0103_3.jpg,MI3_240725_TY2_0103_3,MI3_240725_TY2_0103_3_V01_1,V01,표,전 세계 HIV 감염 현황 표에 대해 알려주세요,"전 세계 HIV 감염 현황을 보여주는 표는 각 연도별 감염자, 사망자, 생존자의 수치를 제시합니다. 이 표에서는 2000년부터 2022년까지의 누적 데이터를 포함하고 있으며, 각 카테고리에 대한 수치가 나열되어 있습니다. 추세를 살펴보면, 감염자는 초기에는 증가하다가 최근 몇 년간 감소하는 경향을 보이고 있으며, 사망자는 지속적으로 줄어드는 모습을 나타내고 있습니다.",266.3724544319589,780.2547163013865,1933.2568835952218,799.1131189187803,2480,3508
train,press,/workspace/data/train/json/MI3_240725_TY2_0103_3.json,/workspace/data/train/jpg/MI2_240725_TY2_0103_3.jpg,MI3_240725_TY2_0103_3,MI3_240725_TY2_0103_3_V01_2,V01,표,국내 HIV 감염 신고 현황 표에 대해 알려주세요,"국내 HIV 감염 신고 현황을 나타내는 표는 2016년부터 2022년까지의 데이터로 구성되어 있습니다. 이 표에서는 매년 보고된 감염자와 사망자, 생존자의 숫자를 구분하여 보여줍니다. 최근 몇 년 간의 데이터를 분석해보면, 신고된 감염자는 소폭 감소하는 추세를 보이고 있으며, 이에 반해 생존자는 지속적으로 증가하고 있는 경향이 관찰됩니다.",267.8478247873966,1745.9571961511645,1941.395967355538,810.6647731822344,2480,3508
train,press,/workspace/data/train/json/MI3_240725_TY2_0103_4.json,/workspace/data/train/jpg/MI2_240725_TY2_0103_4.jpg,MI3_240725_TY2_0103_4,MI3_240725_TY2_0103_4_V01_1,V01,표,붙임 3 유공자 표창 명단에 포함된 내용의 표에 대해 알려주세요,"이 표는 다양한 기관과 그 소속의 인물들에 대한 정보를 나열하고 있습니다. 각 항목은 연번, 소속, 직위 및 성명으로 구성되어 있으며, 이들은 상을 수여받은 공로가 있음을 나타냅니다. 이 표를 통해 여러 지방보건기관에서 활동한 인물들의 기여도와 관련 정보를 확인할 수 있습니다.",312.08933031620137,638.920679741337,1835.9457510316288,979.5046867292599,2480,3508
train,press,/workspace/data/train/json/MI3_240725_TY2_0104_1.json,/workspace/data/train/jpg/MI2_240725_TY2_0104_1.jpg,MI3_240725_TY2_0104_1,MI3_240725_TY2_0104_1_V02-4_1,V02-4,차트(꺾은선형),알레르기질환 의사진단경험률 꺾은선형 차트에 대해 알려주세요,"알레르기질환 의사진단경험률 꺾은선형 차트는 시간에 따른 진단 경험률의 변화를 시각적으로 보여줍니다. 이 차트는 아토피피부염, 천식, 알레르기비염과 같은 다양한 질환의 진단 경험률을 백분율로 나타내고 있습니다. 최근 몇 년간 아토피피부염과 알레르기비염의 진단 경험률이 증가하는 추세를 보이고 있습니다.",293.6167605647875,390.35805769022267,1797.1768569921846,639.3260828751893,2480,3508
train,press,/workspace/data/train/json/MI3_240725_TY2_0104_2.json,/workspace/data/train/jpg/MI2_240725_TY2_0104_2.jpg,MI3_240725_TY2_0104_2,MI3_240725_TY2_0104_2_V01_1,V01,표,2022년 안심학교 운영현황에 대해 알려주세요,"2022년 안심학교 운영현황은 다양한 기관의 참여 현황을 시각적으로 나타내는 표입니다. 이 표는 전체기관 수, 참여기관 수 및 참여률 등을 범례로 포함하고 있습니다. 본문에서 제시된 데이터에 따르면, 어린이집과 유치원에서는 높은 참여율을 보이고 있으나 중·고등학교에서는 상대적으로 낮은 참여율을 기록하고 있습니다.",306.4011952895726,2237.455130037829,1897.1173126381373,665.1360347214523,2480,3508
train,press,/workspace/data/train/json/MI3_240725_TY2_0104_3.json,/workspace/data/train/jpg/MI2_240725_TY2_0104_3.jpg,MI3_240725_TY2_0104_3,MI3_240725_TY2_0104_3_V01_1,V01,표,붙임2 2023년 아토피 천식 예방관리사업 유공자 목록 표에 대해 알려주세요,"유공자 목록은 여러 기관과 개인의 성명 및 소속을 나타내는 표입니다. 이 표에는 각각의 유공자가 소속된 기관이나 단체명과 함께 연번과 직급이 기재되어 있습니다. 유공자 목록에서 확인할 수 있는 정보는 주로 아토피 천식 예방 관리 사업에 기여한 개인들의 명단으로, 각 지역 보건소와 교육정보센터 등이 포함되어 있습니다.",246.2496133675822,631.2464716794859,1968.8534624673314,871.2495868696097,2480,3508
train,press,/workspace/data/train/json/MI3_240725_TY2_0104_3.json,/workspace/data/train/jpg/MI2_240725_TY2_0104_3.jpg,MI3_240725_TY2_0104_3,MI3_240725_TY2_0104_3_V01_2,V01,표,붙임2 2023년 아토피 천식 예방관리사업 유공자 목록 표에 대해 알려주세요,"유공자 목록은 여러 기관과 개인의 성명 및 소속을 나타내는 표입니다. 이 표에는 각각의 유공자가 소속된 기관이나 단체명과 함께 연번과 직급이 기재되어 있습니다. 유공자 목록에서 확인할 수 있는 정보는 주로 아토피 천식 예방 관리 사업에 기여한 개인들의 명단으로, 각 지역 보건소와 교육정보센터 등이 포함되어 있습니다.",246.2496133675816,1717.6751496960976,1970.827328550954,857.9386310749885,2480,3508
train,press,/workspace/data/train/json/MI3_240725_TY2_0104_3.json,/workspace/data/train/jpg/MI2_240725_TY2_0104_3.jpg,MI3_240725_TY2_0104_3,MI3_240725_TY2_0104_3_V01_3,V01,표,붙임2 2023년 아토피 천식 예방관리사업 유공자 목록 표에 대해 알려주세요,"유공자 목록은 여러 기관과 개인의 성명 및 소속을 나타내는 표입니다. 이 표에는 각각의 유공자가 소속된 기관이나 단체명과 함께 연번과 직급이 기재되어 있습니다. 유공자 목록에서 확인할 수 있는 정보는 주로 아토피 천식 예방 관리 사업에 기여한 개인들의 명단으로, 각 지역 학교와 기타 교육기관 등이 포함되어 있습니다.",252.7451445566702,2788.615968788197,1957.8362661727779,320.54278138295393,2480,3508
train,press,/workspace/data/train/json/MI3_240725_TY2_0104_4.json,/workspace/data/train/jpg/MI2_240725_TY2_0104_4.jpg,MI3_240725_TY2_0104_4,MI3_240725_TY2_0104_4_V01_1,V01,표,제17회 아토피 천식 예방관리 심포지엄 프로그램에 대해 알려주세요,"이 프로그램은 아토피 및 천식과 관련된 다양한 주제를 다루는 행사입니다. 이 행사에서는 알레르기 질환 관리 및 사업 현황에 대한 정보와 각종 예방 관리 정책을 소개합니다. 또한, 여러 우수기관의 사례 발표를 통해 해당 분야의 추세와 방향성을 제시하고 있습니다.",241.47682425193574,930.1649456144669,1997.2976354177424,2246.5588386778954,2480,3508
train,press,/workspace/data/train/json/MI3_240725_TY2_0105_1.json,/workspace/data/train/jpg/MI2_240725_TY2_0105_1.jpg,MI3_240725_TY2_0105_1,MI3_240725_TY2_0105_1_V02-1_1,V02-1,차트(세로 막대형),<유전적 위험도 및 임상 위험도에 따른 심혈관질환 발생률> 차트(세로 막대형)에 대해 알려주세요,"<유전적 위험도 및 임상 위험도에 따른 심혈관질환 발생률> 차트(세로 막대형)은 심혈관질환의 발생률을 유전적 및 임상 위험도를 기준으로 시각적으로 나타낸 것입니다. 이 차트는 각 위험군의 분포를 나타내며, 저위험군, 중위험군, 고위험군으로 구분됩니다. 데이터를 통해 임상 위험도가 증가할수록 심혈관질환 발생률이 어떻게 변하는지를 보여줍니다.",601.2034222065478,1630.8813254391046,1218.6293227046365,841.3944678940419,2480,3508
train,press,/workspace/data/train/json/MI3_240725_TY2_0105_2.json,/workspace/data/train/jpg/MI2_240725_TY2_0105_2.jpg,MI3_240725_TY2_0105_2,MI3_240725_TY2_0105_2_V02-1_1,V02-1,차트(세로 막대형),<유전적 위험도 및 임상 위험도에 따른 심혈관질환 발생률> 차트(가로 막대형)에 대해 알려주세요,"<유전적 위험도 및 임상 위험도에 따른 심혈관질환 발생률> 차트(가로 막대형)은 여러 군집의 심혈관 질환 발병 확률을 비교하여 보여줍니다. 이 차트에서는 각 군집의 상대적인 비율을 쉽게 이해할 수 있도록 돕는 범례가 제공됩니다. 본문과 관련된 데이터는 고위험군이 저위험군보다 훨씬 높은 발병 가능성을 나타내며, 이는 중요한 건강 관리 지표입니다.",590.9546846652236,1994.4969184035792,1232.9414632814728,849.4091288203722,2480,3508
train,press,/workspace/data/train/json/MI3_240725_TY2_0106_1.json,/workspace/data/train/jpg/MI2_240725_TY2_0106_1.jpg,MI3_240725_TY2_0106_1,MI3_240725_TY2_0106_1_V02-8_1,V02-8,차트(혼합형),<면역저하자의 2가백신 접종 후 입원예방효과(22.9월-23.3월)> 혼합형에 대해 알려주세요,"<면역저하자의 2가백신 접종 후 입원예방효과> 혼합형은 면역저하자와 관련된 백신 효과를 시각적으로 나타낸 자료입니다. 이 자료는 다양한 시간대에 따른 백신의 예방 효과를 비교하고 있습니다. 본문 내용에 따르면, 면역저하자의 코로나19 중증 및 사망 위험이 시간이 지남에 따라 증가하는 경향이 있음을 알 수 있습니다.",270.1966968037635,2138.108639282471,1917.8736676134774,504.6469676932441,2480,3508
train,press,/workspace/data/train/json/MI3_240725_TY2_0106_2.json,/workspace/data/train/jpg/MI2_240725_TY2_0106_2.jpg,MI3_240725_TY2_0106_2,MI3_240725_TY2_0106_2_V01_1,V01,표,접종 필요성 및 예방효과에 대한 중증화 예방효과 차트에 대해 알려주세요,"중증화 예방효과 차트는 면역 저하자 및 전체 65세 이상의 중증화 예방 효과를 시각적으로 나타냅니다. 이 차트의 범례는 기간에 따른 중증화 예방 효과의 변화를 보여주며, 각 그룹별로 수치와 신뢰 구간을 제공합니다. 본문 내용과 차트를 기반으로 볼 때, 65세 이상 인구에서 접종 후 시간이 지남에 따라 예방 효과가 감소하는 추세가 확인됩니다.",235.75835356978791,1900.4599361183411,1996.6582040263365,698.5493557212213,2480,3508
train,press,/workspace/data/train/json/MI3_240725_TY2_0106_3.json,/workspace/data/train/jpg/MI2_240725_TY2_0106_3.jpg,MI3_240725_TY2_0106_3,MI3_240725_TY2_0106_3_V01_1,V01,표,국가 대상 일정 권고수준 차트에 대해 알려주세요,이 차트는 국가별 코로나19 백신 접종 권고 수준을 나타냅니다. 각 국가의 권고 수준은 면역저하자 및 고위험군의 연령에 따라 다르게 제시됩니다. 이를 통해 다양한 국가의 접종 정책과 추세를 비교할 수 있습니다.,270.3877307928727,2004.271045741671,1956.9441830168325,808.4240517369776,2480,3508
train,press,/workspace/data/train/json/MI3_240725_TY2_0106_5.json,/workspace/data/train/jpg/MI2_240725_TY2_0106_5.jpg,MI3_240725_TY2_0106_5,MI3_240725_TY2_0106_5_V01_1,V01,표,코로나19 2가백신 기초접종 활용 방안과 변경된 접종 기준에 대해 알려주세요,"변경 전과 변경 후의 접종 기준을 비교한 표입니다. 이 표는 BA.4/5 기반의 백신 접종 시기와 횟수에 대한 정보를 제공합니다. 분석 결과, 새로운 기준에 따라 5세 이상은 1회 접종으로 기초접종이 가능해짐에 따라, 면역 형성이 보다 효율적으로 이루어질 것으로 예상됩니다.",240.84299735620567,2052.885270165456,1994.1588434953314,592.111486701475,2480,3508
train,press,/workspace/data/train/json/MI3_240725_TY2_0107_1.json,/workspace/data/train/jpg/MI2_240725_TY2_0107_1.jpg,MI3_240725_TY2_0107_1,MI3_240725_TY2_0107_1_V01_1,V01,표,2023년 시행계획과 관련된 공공백신개발지원센터의 차트에 대해 알려주세요,"이 차트는 담당 부서와 책임자의 정보를 시각적으로 표현하고 있습니다. 이 차트의 범례에는 각 담당자의 역할과 해당 부서의 기능이 포함되어 있습니다. 본문 내용에 따르면, 차트는 병원체자원 관리 및 분양 활성화를 위한 체계적 접근을 강조하며, 보건의료 산업 발전에 기여할 것으로 예상됩니다.",248.20687466063893,2304.36570752266,1985.8609299329407,166.91406546124847,2480,3508
train,press,/workspace/data/train/json/MI3_240725_TY2_0108_1.json,/workspace/data/train/jpg/MI2_240725_TY2_0108_1.jpg,MI3_240725_TY2_0108_1,MI3_240725_TY2_0108_1_V01_1,V01,표,붙임 1 2023년 제1차 인수공통감염병 논의 사항에 대해 알려주세요,"논의 사항은 다양한 항목을 포함하는 중요한 시각 요소입니다. 이 요소는 각 항목별로 구체적인 관리계획 및 협력 방안을 설명하는 데 중점을 둡니다. 본문에서는 여러 기관 간의 협력과 감염병 관리의 필요성이 강조되며, 각 기관의 역할이 분명히 나타나 있습니다.",246.86167740058133,1598.490355865149,2051.8899071304963,1364.2616478399857,2480,3508
train,press,/workspace/data/train/json/MI3_240725_TY2_0109_1.json,/workspace/data/train/jpg/MI2_240725_TY2_0109_1.jpg,MI3_240725_TY2_0109_1,MI3_240725_TY2_0109_1_V01_1,V01,표,세부일정 표에 대해 알려주세요,"세부일정 표는 현장 방문 시 진행될 주요 활동과 시간을 정리한 것입니다. 이 표에는 각 활동의 시간, 주요 내용 및 비고가 포함되어 있습니다. 본문에서 확인할 수 있는 내용을 바탕으로, 참석자 소개와 인사말을 시작으로 고혈압·당뇨병 등록 관리 사업 운영현황 파악 및 의견 청취 등의 순서로 진행될 예정입니다.",245.19529934882027,1738.7154550025787,1982.8516325580267,531.1151673917525,2480,3508
train,press,/workspace/data/train/json/MI3_240725_TY2_0109_2.json,/workspace/data/train/jpg/MI2_240725_TY2_0109_2.jpg,MI3_240725_TY2_0109_2,MI3_240725_TY2_0109_2_V01_1,V01,표,"이 문서의 책임자, 담당 부서 및 관련 인물에 대해 알려주세요","이 시각요소는 책임자와 관련된 정보를 요약한 표입니다. 이 표에는 각 역할에 대한 담당자의 이름과 직위가 나열되어 있습니다. 본문에서는 만성질환 관리와 예방을 위한 정책과 노력을 설명하고 있으며, 이 표를 통해 관련된 책임자들이 어떤 역할을 맡고 있는지를 알 수 있습니다.",248.4465180126451,2391.373418887402,1986.793942633277,264.4372063045104,2480,3508
train,press,/workspace/data/train/json/MI3_240725_TY2_0111_1.json,/workspace/data/train/jpg/MI2_240725_TY2_0111_1.jpg,MI3_240725_TY2_0111_1,MI3_240725_TY2_0111_1_V01_1,V01,표,추진 전략 핵심 과제 1에 대해 알려주세요,"이 시각요소는 추진 전략 핵심 과제를 나타내며, 여러 관련 사항을 요약한 내용입니다. 이 요소의 범례는 각 과제의 세부 사항과 진행 상황을 설명합니다. 본문과 연계하여 보면, 다양한 인수공통감염병 관리 강화 노력이 지속적으로 이루어지고 있음을 알 수 있습니다.",242.7619031098429,337.5525120122219,2001.5231088671724,1521.1173247700078,2480,3508
train,press,/workspace/data/train/json/MI3_240725_TY2_0111_1.json,/workspace/data/train/jpg/MI2_240725_TY2_0111_1.jpg,MI3_240725_TY2_0111_1,MI3_240725_TY2_0111_1_L03_1,L03,페이지번호,페이지번호에 대해 알려주세요,"이 시각요소는 문서의 페이지 번호를 나타냅니다. 페이지 번호는 독자가 특정 정보를 찾는데 필요한 지침 역할을 합니다. 본문의 내용은 사람-동물 간 감염병 관리와 관련된 전략들을 다루고 있어, 관련 정보를 쉽게 추적할 수 있도록 도와줍니다.",1164.243332021969,3278.898671884669,147.0228748745824,64.41015854253888,2480,3508
train,press,/workspace/data/train/json/MI3_240725_TY2_0111_1.json,/workspace/data/train/jpg/MI2_240725_TY2_0111_1.jpg,MI3_240725_TY2_0111_1,MI3_240725_TY2_0111_1_L02_1,L02,꼬리말,머리말에 대해 알려주세요,"이 시각요소는 문서의 머리말 부분을 구성하고 있으며, 주제를 간략히 소개합니다. 머리말은 전체적인 흐름과 주요 테마를 제시하는 역할을 합니다. 본문에서는 여러 가지 인수공통감염병 관리 방안들이 제시되고 있어, 독자가 내용을 이해하는 데 도움을 줄 수 있습니다.",1678.0692522178813,3220.6571574842874,551.4247733933502,120.78745111686462,2480,3508
train,press,/workspace/data/train/json/MI3_240725_TY2_0112_1.json,/workspace/data/train/jpg/MI2_240725_TY2_0112_1.jpg,MI3_240725_TY2_0112_1,MI3_240725_TY2_0112_1_V01_1,V01,표,"이번 보고서의 제목과 관련하여 발생 원인, 주요 증상 및 특징, 치명률에 대한 정보를 포함한 시각적 자료에 대해 알려주세요.","이 자료는 SFTS 바이러스와 그 특성에 대한 내용을 담고 있습니다. 치명률은 국내에서 18.7%로 나타났으며, 주요 증상으로 발열과 피로감 등이 있습니다. 본문을 통해 확인해보면, SFTS 환자는 2013년 이후 누적적으로 증가하였으며, 최근 통계에 따르면 치료가 필요한 사례도 지속적으로 발생하고 있습니다.",272.3758336790743,1828.9806107532288,1934.3114605459195,255.58033058700124,2480,3508
train,press,/workspace/data/train/json/MI3_240725_TY2_0112_2.json,/workspace/data/train/jpg/MI2_240725_TY2_0112_2.jpg,MI3_240725_TY2_0112_2,MI3_240725_TY2_0112_2_V01_1,V01,표,중증열성혈소판감소증후군바이러스에 대한 법정감염병 정보와 관련된 시각요소 타입에 대해 알려주세요,"중증열성혈소판감소증후군바이러스는 질병 분류 제3급의 법정감염병입니다. 이 시각요소의 범례는 감염 경로 및 증상, 검사 소견 등을 포함합니다. 본문과 해당 시각요소를 기반으로 보면, 이 바이러스는 주로 50대 이상에서 고열과 위장관계 증상을 유발하며, 치명률이 12~47%로 보고되고 있습니다.",241.5128183427532,570.3825129956282,1997.522301969204,2545.4023533505874,2480,3508
train,press,/workspace/data/train/json/MI3_240725_TY2_0112_3.json,/workspace/data/train/jpg/MI2_240725_TY2_0112_3.jpg,MI3_240725_TY2_0112_3,MI3_240725_TY2_0112_3_V01_1,V01,표,월별 환자 발생 수 표에 대해 알려주세요,"월별 환자 발생 수 표는 특정 연도 동안의 환자 및 사망자의 월별 발생 현황을 나타냅니다. 이 표의 범례는 각 월에 따른 총 환자 수와 그 중 사망자 수를 포함하고 있습니다. 데이터를 기반으로 보면, 일부 연도에서는 계절적 변화가 있으며, 전체적으로 환자 수가 증가하는 경향이 관찰됩니다.",267.5324679859596,572.4151815037953,1946.4198747787152,749.0022576505647,2480,3508
train,press,/workspace/data/train/json/MI3_240725_TY2_0112_3.json,/workspace/data/train/jpg/MI2_240725_TY2_0112_3.jpg,MI3_240725_TY2_0112_3,MI3_240725_TY2_0112_3_V01_2,V01,표,연령별 환자 발생 수 표에 대해 알려주세요,"연령별 환자 발생 수 표는 다양한 연령대에서의 환자 및 사망자의 숫자를 보여줍니다. 이 표의 범례는 각 연령대별로 분류된 총환자 수와 그 중 사망자의 비율을 제시합니다. 분석 결과, 특정 연령대에서 더 높은 발생률이 나타나며, 이는 해당 그룹에서 더 많은 주의를 기울여야 함을 시사합니다.",270.5020894872281,1479.091232572809,1936.574138178987,738.7675228918805,2480,3508
train,press,/workspace/data/train/json/MI3_240725_TY2_0112_3.json,/workspace/data/train/jpg/MI2_240725_TY2_0112_3.jpg,MI3_240725_TY2_0112_3,MI3_240725_TY2_0112_3_V01_3,V01,표,시·도별 환자 발생 수 표에 대해 알려주세요,"시·도별 환자 발생 수 표는 각 지역에서의 환자의 분포를 보여줍니다. 이 표의 범례에는 각 시·도의 총환자 수와 그 변동 사항이 포함되어 있습니다. 데이터를 통해 볼 때, 일부 지역에서 특히 높은 발병률이 발견되어 추가적인 관리가 필요할 것으로 보입니다.",271.9869002378622,2373.110833677708,1938.058948929621,739.7044435261103,2480,3508
train,press,/workspace/data/train/json/MI3_240725_TY2_0112_4.json,/workspace/data/train/jpg/MI2_240725_TY2_0112_4.jpg,MI3_240725_TY2_0112_4,MI3_240725_TY2_0112_4_V01_1,V01,표,연도별 SFTS 첫 환자 발생 현황에 대한 표에 대해 알려주세요,"이 표는 각 연도별로 SFTS 첫 환자 발생일을 정리한 것입니다. 이 표의 범례는 SFTS 양성 확진일 기준으로 작성되었습니다. 2013년부터 2024년까지의 데이터를 통해, SFTS 첫 환자의 발생일은 해마다 다소 변동이 있음을 보여줍니다.",243.54556774809748,377.39130434782606,1084.748051222464,1321.5906955576736,2480,3508
train,press,/workspace/data/train/json/MI3_240725_TY2_0114_2.json,/workspace/data/train/jpg/MI2_240725_TY2_0114_2.jpg,MI3_240725_TY2_0114_2,MI3_240725_TY2_0114_2_V01_1,V01,표,붙임1 간담회 개요 추진 배경 시간 소요 내용 비고에 대해 알려주세요,"시간 소요 내용 비고는 특정한 일정이나 내용을 시각적으로 표현하는 형식입니다. 이 요소는 각 항목별로 소요 시간과 관련된 정보를 제공합니다. 본문의 내용을 바탕으로 보면, 간담회에서 진행될 활동의 세부 사항과 해당 시간대에 맞춰 어떤 내용이 다뤄질지를 나타내어, 전체적인 진행 흐름을 이해하는 데 도움을 줍니다.",273.9371251254182,2395.2953075038263,1929.499542852613,662.5349022337264,2480,3508
train,press,/workspace/data/train/json/MI3_240725_TY2_0114_3.json,/workspace/data/train/jpg/MI2_240725_TY2_0114_3.jpg,MI3_240725_TY2_0114_3,MI3_240725_TY2_0114_3_V01_1,V01,표,팬데믹 발생시점 백신·치료제 개발 표에 대해 알려주세요,"이 표는 팬데믹 상황에서 백신과 치료제 개발의 각 단계를 정리한 것입니다. 각 단계에는 팬데믹 발생 전, 발생 중, 발생 후의 대응과 평가 기준이 포함되어 있습니다. 이 자료를 통해 우리는 감염병 대응 체계와 우선순위를 명확히 파악할 수 있습니다.",263.683727108323,1076.9426256867944,1957.9973113085246,461.5606874990342,2480,3508
train,press,/workspace/data/train/json/MI3_240725_TY2_0114_4.json,/workspace/data/train/jpg/MI2_240725_TY2_0114_4.jpg,MI3_240725_TY2_0114_4,MI3_240725_TY2_0114_4_V01_1,V01,표,1단계: 초기 임상에 대해 알려주세요,"1단계: 초기 임상은 신약 개발 과정에서 첫 번째 단계로, 주로 안전성과 효능을 평가하는 데 중점을 둡니다. 이 단계의 범례는 보통 비임상 연구 결과와 관련된 데이터를 포함하며, 초기 환자 모집 및 치료 효과를 측정합니다. 본문과 해당 시각요소를 기반으로 볼 때, 이 과정은 약물의 안전성을 확보하기 위한 필수적인 절차이며, 다음 단계로 나아가기 위한 중요한 지표입니다.",258.84510641866825,2272.6436345609086,1968.4286945529586,628.3084251571062,2480,3508
train,press,/workspace/data/train/json/MI3_240725_TY2_0114_5.json,/workspace/data/train/jpg/MI2_240725_TY2_0114_5.jpg,MI3_240725_TY2_0114_5,MI3_240725_TY2_0114_5_V01_1,V01,표,공공백신개발지원사업과 관련된 여러 사업들에 대한 차트(표) 타입에 대해 알려주세요,"이 차트는 공공백신개발지원사업과 관련된 다양한 프로젝트들을 비교하고 분석하는 데 사용됩니다. 범례로는 각 사업의 기간과 특징을 설명합니다. 본문 내용을 바탕으로, 이 표는 감염병 대응을 위한 다각적인 연구와 개발 지원의 중요성을 강조하고 있습니다.",255.6927546865999,372.5737931034483,1946.4558157442877,500.24215286053806,2480,3508
train,press,/workspace/data/train/json/MI3_240725_TY2_0115_1.json,/workspace/data/train/jpg/MI2_240725_TY2_0115_1.jpg,MI3_240725_TY2_0115_1,MI3_240725_TY2_0115_1_V01_1,V01,표,붙임 연구성과 주요내용 논문 정보 차트(세로 막대형)에 대해 알려주세요,논문 정보 차트(세로 막대형)은 특정 연구 결과를 시각적으로 표현하는 데 사용됩니다. 이 차트의 범례는 다양한 영양소와 그에 따른 수치를 나타냅니다. 본문에서 제시된 논문의 내용을 바탕으로 해당 차트는 영양소 섭취량의 변화를 추세적으로 보여줍니다.,251.608275862069,614.5048275862068,1969.3186206896555,343.5420689655172,2480,3508
train,press,/workspace/data/train/json/MI3_240725_TY2_0115_2.json,/workspace/data/train/jpg/MI2_240725_TY2_0115_2.jpg,MI3_240725_TY2_0115_2,MI3_240725_TY2_0115_2_V03_1,V03,다이어그램,식품 구성 데이터베이스 업데이트에 대해 알려주세요,"식품 구성 데이터베이스 업데이트는 다양한 음식 항목을 기준으로 한 영양 정보를 갱신하는 과정입니다. 이 업데이트 과정은 423개의 음식 항목을 포함하며, 한국인의 식단에 대한 정확성을 높이기 위해 이루어집니다. 이러한 업데이트는 영양소 분석과 건강 연구를 위한 중요한 기초 자료가 됩니다.",572.3564360559884,400.3250510879652,1320.0983825132173,734.5560340275832,2480,3508
train,press,/workspace/data/train/json/MI3_240725_TY2_0115_2.json,/workspace/data/train/jpg/MI2_240725_TY2_0115_2.jpg,MI3_240725_TY2_0115_2,MI3_240725_TY2_0115_2_V01_1,V01,표,영양소 변화 표에 대해 알려주세요,"영양소 변화 표는 각 영양소의 섭취량 변화를 비교하여 보여주는 데이터입니다. 이 표에는 에너지, 단백질, 지방 등 다양한 영양소의 섭취량과 그 변화율이 포함되어 있습니다. 최근 데이터에 따르면 일부 영양소는 섭취량이 증가한 반면, 비타민 B6와 같은 일부는 감소하는 추세를 보이고 있습니다.",272.5054904378198,1572.637504880109,1955.8569569177323,1093.59788765775,2480,3508
train,press,/workspace/data/train/json/MI3_240725_TY2_0117_1.json,/workspace/data/train/jpg/MI2_240725_TY2_0117_1.jpg,MI3_240725_TY2_0117_1,MI3_240725_TY2_0117_1_V01_1,V01,표,2023년 상반기 코로나19 고위험군 접종계획 표에 대해 알려주세요,"이 표는 12세 이상 면역저하자와 65세 이상 중 2가백신 접종자의 접종 일정과 권고사항을 담고 있습니다. 표에는 접종 대상자의 세부 사항과 일정, 그리고 권장 기간이 포함되어 있습니다. 이 데이터를 바탕으로, 고위험군의 코로나19 예방접종이 중요한 시점에서 시행되고 있으며, 특히 백신 종류와 접종 간격에 대한 정보가 제공되고 있음을 알 수 있습니다.",240.42275075251064,458.91492072873024,2002.4770246078854,749.6300746475187,2480,3508
train,press,/workspace/data/train/json/MI3_240725_TY2_0119_1.json,/workspace/data/train/jpg/MI2_240725_TY2_0119_1.jpg,MI3_240725_TY2_0119_1,MI3_240725_TY2_0119_1_V01_1,V01,표,조사방법 조사에 대해 알려주세요,"조사방법 조사란 응답자의 건강행태 및 만성질환 이환을 조사하는 방법입니다. 이 조사에서는 전국 258개 지역에서 만 19세 이상의 성인을 대상으로 하며, 조사 결과는 지역보건의료계획 수립에 활용됩니다. 본문에 언급된 내용을 바탕으로 보면, 최신 통계를 활용하여 지역 맞춤형 건강정책을 수립할 수 있는 가능성이 높아 보입니다.",250.85413399694494,1223.4169896942467,1996.130120187981,410.74856024714086,2480,3508
train,press,/workspace/data/train/json/MI3_240725_TY2_0119_3.json,/workspace/data/train/jpg/MI2_240725_TY2_0119_3.jpg,MI3_240725_TY2_0119_3,MI3_240725_TY2_0119_3_V01_1,V01,표,붙임 3의 내용에 포함된 조사 문항과 관련된 시각적 요소에 대해 알려주세요,"영역 조사문항은 가구와 개인을 대상으로 하는 다양한 건강 관련 질문들을 포함하는 그래픽 표현입니다. 이 타입의 범례는 조사 문항의 주제를 시각적으로 나타내며, 각 항목이 어떤 영역에 속하는지를 구분할 수 있도록 돕습니다. 본문과 함께 제시된 이 시각적 요소는 특정 건강 행동이나 상태의 유병률을 보여주며, 전체적인 건강 추세를 파악하는 데 유용합니다.",246.0155133072898,634.0373764693444,2004.5192640201503,2253.50899821725,2480,3508
train,press,/workspace/data/train/json/MI3_240725_TY2_0120_1.json,/workspace/data/train/jpg/MI2_240725_TY2_0120_1.jpg,MI3_240725_TY2_0120_1,MI3_240725_TY2_0120_1_V01_1,V01,표,주간 확진자 및 위중증 사망자 통계 표에 대해 알려주세요,"이 표는 주간 확진자 및 재원중 위중증 환자의 통계를 나타냅니다. 이 표의 범례에는 각 날짜별 일평균 확진자 수와 위중증 사망자의 수가 포함되어 있습니다. 분석 결과, 일평균 재원중 환자는 147명으로 안정적인 수준을 유지하고 있으며, 위중증 사망자는 지난 주 대비 변동성이 없는 것으로 보입니다.",238.8538694953118,1554.7484046540228,2011.7419282958776,322.3403863101511,2480,3508
train,press,/workspace/data/train/json/MI3_240725_TY2_0120_1.json,/workspace/data/train/jpg/MI2_240725_TY2_0120_1.jpg,MI3_240725_TY2_0120_1,MI3_240725_TY2_0120_1_V01_2,V01,표,성별 및 연령대별 신규 사망자 비율에 대해 알려주세요,"이 데이터는 성별 및 연령대별 신규 사망자 비율과 누적 치명률을 보여줍니다. 이 표의 범례에는 각 성별 및 연령대에 따른 사망자 수와 비율이 나열되어 있습니다. 최근 1주간 80세 이상의 고연령층에서의 사망자가 전체의 대부분을 차지하고 있으며, 이는 고위험군에서 더 많은 영향을 받는 것으로 해석될 수 있습니다.",249.06729886333898,2197.086570075564,1969.6802896502454,994.7553954048279,2480,3508
train,press,/workspace/data/train/json/MI3_240725_TY2_0120_2.json,/workspace/data/train/jpg/MI2_240725_TY2_0120_2.jpg,MI3_240725_TY2_0120_2,MI3_240725_TY2_0120_2_V01_1,V01,표,5월 2주차 종합평가 결과 표에 대해 알려주세요,"5월 2주차 종합평가 결과 표는 코로나19 위험도를 지역별로 평가한 내용을 담고 있습니다. 이 표의 범례에는 전국, 수도권, 비수도권의 위험도가 각각 '낮음', '중간'으로 구분되어 있습니다. 최근 주간 위험도의 전반적인 경향은 낮음에서 중간으로 변화하고 있으며, 특히 수도권은 여전히 낮은 수준을 유지하고 있습니다.",240.06678029783197,1033.778671884668,2025.1618443259126,452.431924627981,2480,3508
train,press,/workspace/data/train/json/MI3_240725_TY2_0120_2.json,/workspace/data/train/jpg/MI2_240725_TY2_0120_2.jpg,MI3_240725_TY2_0120_2,MI3_240725_TY2_0120_2_V02-8_1,V02-8,차트(혼합형),일평균 재원중 위중증 환자 및 일평균 사망자 발생 현황 차트(혼합형)에 대해 알려주세요,"일평균 재원중 위중증 환자 및 일평균 사망자 발생 현황 차트(혼합형)는 COVID-19 관련 통계를 시각적으로 나타낸 것입니다. 이 차트는 각 월별 주차에 따른 위중증 환자와 사망자의 평균 수치를 포함하고 있습니다. 데이터에 따르면 최근 몇 주 동안 위중증 환자 수는 안정세를 보이고 있으나, 사망자는 증가하는 추세를 보이고 있어 주의가 필요합니다.",277.26426830103566,2133.1834918056575,1881.511507366505,516.1233938636146,2480,3508
train,press,/workspace/data/train/json/MI3_240725_TY2_0120_3.json,/workspace/data/train/jpg/MI2_240725_TY2_0120_3.jpg,MI3_240725_TY2_0120_3,MI3_240725_TY2_0120_3_V02-8_1,V02-8,차트(혼합형),최근 8주간 확진환자 수 및 중증화율에 대해 알려주세요,"최근 8주간 확진환자 수 및 중증화율을 나타내는 혼합형 차트입니다. 이 차트의 범례는 중증화율과 치명률, 주간 하진 환자수 등을 포함하고 있습니다. 데이터를 기반으로 볼 때, 확진환자 수가 증가하는 추세와 함께 중증화율이 일정하게 유지되고 있음을 알 수 있습니다.",277.91110538053954,385.3808109703526,1906.28970143178,633.9289824448416,2480,3508
train,press,/workspace/data/train/json/MI3_240725_TY2_0120_3.json,/workspace/data/train/jpg/MI2_240725_TY2_0120_3.jpg,MI3_240725_TY2_0120_3,MI3_240725_TY2_0120_3_V02-8_2,V02-8,차트(혼합형),신규 확진자수 및 발생률에 대해 알려주세요,"신규 확진자수 및 발생률을 보여주는 혼합형 차트입니다. 이 차트의 범례는 신규 확진자수와 10만 명당 발생률 등으로 구성되어 있습니다. 데이터 분석 결과, 최근 몇 주 동안 신규 확진자가 급격히 증가하며 발생률 또한 상승하고 있는 경향이 나타납니다.",258.0805071445469,2400.7388997767034,1946.2567282404896,797.3905058776458,2480,3508
train,press,/workspace/data/train/json/MI3_240725_TY2_0120_4.json,/workspace/data/train/jpg/MI2_240725_TY2_0120_4.jpg,MI3_240725_TY2_0120_4,MI3_240725_TY2_0120_4_V01_1,V01,표,3월 4주부터 5월 2주까지의 확진자 수에 대한 표에 대해 알려주세요,"이 표는 특정 기간 동안의 주간 확진자 수와 일평균 확진자 수를 나타냅니다. 표에는 전체 확진자 수와 성별, 연령대별 비중도 포함되어 있습니다. 전체적으로 확진자 수가 증가하는 추세를 보이며, 특히 고령층에서 발생률이 높은 경향이 관찰됩니다.",249.6427554398329,369.49754015917836,1989.617242700273,730.2683861493651,2480,3508
train,press,/workspace/data/train/json/MI3_240725_TY2_0120_4.json,/workspace/data/train/jpg/MI2_240725_TY2_0120_4.jpg,MI3_240725_TY2_0120_4,MI3_240725_TY2_0120_4_V01_2,V01,표,4월 4주부터 5월 2주까지의 누적 발생과 관련된 데이터에 대해 알려주세요,"이 데이터는 각 주차별로 누적 발생한 확진자 수와 그 비중을 보여줍니다. 또한 남성과 여성, 그리고 연령대별로 세분화된 정보를 제공하고 있습니다. 전반적으로 모든 그룹에서 확진자 수가 증가하는 경향을 보이고 있으며, 특히 여성과 젊은 층에서 상대적으로 높은 비율을 차지하고 있습니다.",241.55860198834367,1889.6067331884296,2000.353701816624,1163.9570693658254,2480,3508
train,press,/workspace/data/train/json/MI3_240725_TY2_0120_5.json,/workspace/data/train/jpg/MI2_240725_TY2_0120_5.jpg,MI3_240725_TY2_0120_5,MI3_240725_TY2_0120_5_V02-8_1,V02-8,차트(혼합형),주차별 확진자 수 및 2회 감염 추정 비율 혼합형에 대해 알려주세요,"주차별 확진자 수 및 2회 감염 추정 비율 혼합형은 시간에 따른 감염 추세를 시각적으로 나타냅니다. 이 혼합형 차트는 다양한 데이터 포인트를 포함하여 주간 확진자 수와 재감염 비율의 변화를 보여줍니다. 최근 데이터에 따르면, 주간 확진자 수가 증가하면서 2회 감염 추정 비율도 함께 상승하는 경향을 보이고 있습니다.",249.99869024957502,1010.6549290350752,1990.3593724058583,654.8054761172248,2480,3508
train,press,/workspace/data/train/json/MI3_240725_TY2_0120_5.json,/workspace/data/train/jpg/MI2_240725_TY2_0120_5.jpg,MI3_240725_TY2_0120_5,MI3_240725_TY2_0120_5_V01_1,V01,표,전체 중증 위험 감소 표에 대해 알려주세요,"전체 중증 위험 감소 표는 예방접종 후 중증화 위험의 변화를 시각적으로 보여줍니다. 이 표는 연령대별로 구분된 중증화 위험 감소 비율을 설명합니다. 분석 결과, 예방접종이 진행될수록 모든 연령대에서 중증화 위험이 현저히 낮아지는 경향을 나타냅니다.",239.45800303354994,2522.9428327964724,2012.6025785240495,687.3234638777645,2480,3508
train,press,/workspace/data/train/json/MI3_240725_TY2_0120_6.json,/workspace/data/train/jpg/MI2_240725_TY2_0120_6.jpg,MI3_240725_TY2_0120_6,MI3_240725_TY2_0120_6_V02-8_1,V02-8,차트(혼합형),병상가동률 중환자에 대해 알려주세요,중환자에 대한 병상가동률 혼합형 차트는 시간의 흐름에 따른 변화를 시각화합니다. 이 차트에는 각 데이터 항목이 무엇을 의미하는지를 설명하는 범례가 포함되어 있습니다. 최근 몇 주간 중환자 병상가동률은 일정한 수준에서 유지되고 있음을 알 수 있습니다.,254.65149274982042,1013.8122184788816,986.3813208655887,478.3277313509302,2480,3508
train,press,/workspace/data/train/json/MI3_240725_TY2_0120_6.json,/workspace/data/train/jpg/MI2_240725_TY2_0120_6.jpg,MI3_240725_TY2_0120_6,MI3_240725_TY2_0120_6_V01_1,V01,표,변이 바이러스에 대해 알려주세요,변이 바이러스와 관련된 세부계통 점유율 원형 차트는 각 변이의 비율을 시각적으로 보여줍니다. 이 원형 차트의 범례는 각 섹션이 어떤 변이를 나타내는지를 설명합니다. 현재 세부계통 점유율을 보면 특정 변이가 우세해지고 있는 경향을 보이고 있습니다.,241.28743573123833,2055.115020483035,1985.8123924562765,1124.0784242899308,2480,3508
train,press,/workspace/data/train/json/MI3_240725_TY2_0120_6.json,/workspace/data/train/jpg/MI2_240725_TY2_0120_6.jpg,MI3_240725_TY2_0120_6,MI3_240725_TY2_0120_6_V02-8_2,V02-8,차트(혼합형),병상가동률 준-중환자에 대해 알려주세요,"준-중환자에 대한 병상가동률 혼합형 차트는 시간에 따른 추세를 시각적으로 나타냅니다. 이 차트의 범례는 각 데이터 포인트의 의미를 설명하며, 서로 다른 카테고리 간의 비교를 가능하게 합니다. 최근 데이터를 보면 준-중환자 병상가동률이 증가하는 추세를 보이고 있습니다.",1263.9566451647577,1002.2183232465519,981.2739129584795,504.2871269587757,2480,3508
train,press,/workspace/data/train/json/MI3_240725_TY2_0121_1.json,/workspace/data/train/jpg/MI2_240725_TY2_0121_1.jpg,MI3_240725_TY2_0121_1,MI3_240725_TY2_0121_1_V02-1_1,V02-1,차트(세로 막대형),"연령별 고혈압 유병률 및 유병자 중 인지율, 치료율 비교 차트(세로 막대형)에 대해 알려주세요","연령별 고혈압 유병률 및 유병자 중 인지율, 치료율 비교 차트(세로 막대형)는 각 연령대의 고혈압 환자와 이들 중 질환을 인지하고 치료받는 비율을 시각적으로 표현합니다. 이 차트는 고혈압 환자 분율과 인지율, 치료율 등의 정보를 포함하여 각 연령대에서의 건강 상태를 비교할 수 있는 범례를 제공합니다. 데이터를 통해 19세 이상부터 70세 이상까지 다양한 연령층에서의 고혈압에 대한 인식과 치료 현황이 달라짐을 보여줍니다.",300.038157002488,1969.4293460838687,1893.4935069226553,1226.4735570286884,2480,3508
train,press,/workspace/data/train/json/MI3_240725_TY2_0121_2.json,/workspace/data/train/jpg/MI2_240725_TY2_0121_2.jpg,MI3_240725_TY2_0121_2,MI3_240725_TY2_0121_2_V01_1,V01,표,책임자 과장 만성질환예방과 차트(세로 막대형)에 대해 알려주세요,"이 차트는 만성질환 예방 관련 책임자를 나타냅니다. 이 세로 막대형 차트는 각 부서와 담당자의 역할을 시각적으로 구분하여 보여줍니다. 본문에서 언급된 내용을 기반으로, 건강 관리에 대한 책임의 중요성을 강조하는 경향이 나타납니다.",249.9639641234908,2657.577258075947,1974.3581744745977,235.59922534470402,2480,3508
train,press,/workspace/data/train/json/MI3_240725_TY2_0122_1.json,/workspace/data/train/jpg/MI2_240725_TY2_0122_1.jpg,MI3_240725_TY2_0122_1,MI3_240725_TY2_0122_1_V02-1_1,V02-1,차트(세로 막대형),최근 7년 동안의 레지오넬라증 환자 발생 추세 세로 막대형 차트에 대해 알려주세요,"최근 7년 동안의 레지오넬라증 환자 발생을 나타내는 세로 막대형 차트입니다. 이 차트는 연도별로 환자의 수를 시각적으로 비교할 수 있도록 설계되었습니다. 데이터에 따르면, 50대 이상의 환자가 다수인 것으로 보이며, 특정 연도에는 감염자 수가 증가하는 추세를 보여주고 있습니다.",283.34347638833333,1069.1047619047617,1807.407795512582,579.6649285897014,2480,3508
train,press,/workspace/data/train/json/MI3_240725_TY2_0122_1.json,/workspace/data/train/jpg/MI2_240725_TY2_0122_1.jpg,MI3_240725_TY2_0122_1,MI3_240725_TY2_0122_1_V02-4_1,V02-4,차트(꺾은선형),최근 7년 동안의 레지오넬라증 환자 발생 추세 꺾은선형 차트에 대해 알려주세요,"최근 7년 동안의 레지오넬라증 환자 발생을 나타내는 꺾은선형 차트입니다. 이 차트는 시간에 따른 변화를 명확하게 보여주는 데 유용합니다. 본문과 함께 볼 때, 이 꺾은선형 차트에서 특정 기간 동안의 환자 수 변화가 두드러진 경향을 확인할 수 있습니다.",274.94295500008565,1718.6454740532054,1968.8353009663026,483.34286693775766,2480,3508
train,press,/workspace/data/train/json/MI3_240725_TY2_0122_2.json,/workspace/data/train/jpg/MI2_240725_TY2_0122_2.jpg,MI3_240725_TY2_0122_2,MI3_240725_TY2_0122_2_V01_1,V01,표,행사 순서와 시간에 대한 주요 내용과 발표자에 대해 알려주세요,이 시각요소는 행사 순서 및 발표 내용을 요약한 표입니다. 표에는 각 시간대의 주요 내용과 발표자가 포함되어 있습니다. 이 정보를 바탕으로 행사 진행에 따른 주제와 발표자의 역할을 파악할 수 있습니다.,243.85355642133408,568.4032971824568,1972.0118727520644,2167.696032340335,2480,3508
train,press,/workspace/data/train/json/MI3_240725_TY2_0122_3.json,/workspace/data/train/jpg/MI2_240725_TY2_0122_3.jpg,MI3_240725_TY2_0122_3,MI3_240725_TY2_0122_3_V01_1,V01,표,붙임 2의 관리 대상 시설에 대한 시각요소인 표에 대해 알려주세요.,"표는 다양한 관리 대상 시설과 해당 관계부처 및 관련법령을 정리한 것입니다. 각 시설은 특정 부처와 법률에 따라 규제되며, 이는 효율적인 관리와 운영을 위한 기초 자료가 됩니다. 본문 내용을 통해 보건복지부, 국토교통부 등 여러 부처의 역할이 드러나며, 이들 법령이 어떻게 시설 운영에 영향을 미치는지를 알 수 있습니다.",248.62634553698012,502.4505289024282,1972.0118727520653,2558.198460484309,2480,3508
train,press,/workspace/data/train/json/MI3_240725_TY2_0122_4.json,/workspace/data/train/jpg/MI2_240725_TY2_0122_4.jpg,MI3_240725_TY2_0122_4,MI3_240725_TY2_0122_4_V01_1,V01,표,붙임 3 레지오넬라증 개요 표에 대해 알려주세요,"레지오넬라증 관련 정보를 요약하여 제공하는 표입니다. 이 표는 감염 경로, 병원체 정보, 진단 기준 및 치료 방법 등을 포함하고 있습니다. 본문과 연계하여 레지오넬라증의 발생 원인과 전파 방식이 나타나는 추세를 보여줍니다.",239.94706282414214,493.77123001015445,1995.4508343352159,2572.958220251799,2480,3508
train,press,/workspace/data/train/json/MI3_240725_TY2_0124_1.json,/workspace/data/train/jpg/MI2_240725_TY2_0124_1.jpg,MI3_240725_TY2_0124_1,MI3_240725_TY2_0124_1_V02-1_1,V02-1,차트(세로 막대형),고혈압 및 당뇨병 유병 수준 및 관리지표 차트(세로 막대형)에 대해 알려주세요,"이 차트(세로 막대형)는 고혈압과 당뇨병의 인지율, 치료율, 조절률을 보여줍니다. 이 차트에서 각 지표는 백분율로 나타나며, 이를 통해 두 질환의 관리 상태를 시각적으로 비교할 수 있습니다. 전반적으로 고혈압과 당뇨병 모두 인지와 치료에 있어 개선이 필요하다는 추세가 보입니다.",282.03586934650406,1450.5030042379958,1885.202718095386,722.7624443861395,2480,3508
train,press,/workspace/data/train/json/MI3_240725_TY2_0124_2.json,/workspace/data/train/jpg/MI2_240725_TY2_0124_2.jpg,MI3_240725_TY2_0124_2,MI3_240725_TY2_0124_2_V02-4_1,V02-4,차트(꺾은선형),붙임2 주요 만성질환 유병률 꺾은선형에 대해 알려주세요,"이 꺾은선형은 고혈압 유병률의 변화를 시간에 따라 보여줍니다. 이 그래프에서는 2005년부터 2021년까지의 데이터가 포함되어 있으며, 각 연도의 수치를 확인할 수 있습니다. 전체적으로 고혈압 유병률이 다소 감소하는 추세를 보이고 있으며, 특정 연도에는 소폭 증가한 경향도 나타납니다.",328.47019826817626,622.6365361326028,1739.1026370375332,805.7875788558646,2480,3508
train,press,/workspace/data/train/json/MI3_240725_TY2_0124_2.json,/workspace/data/train/jpg/MI2_240725_TY2_0124_2.jpg,MI3_240725_TY2_0124_2,MI3_240725_TY2_0124_2_V02-1_1,V02-1,차트(세로 막대형),붙임2 주요 만성질환 유병률 세로 막대형에 대해 알려주세요,"이 세로 막대형은 지역 및 소득 수준에 따른 고혈압 유병률을 시각화합니다. 범례는 지역과 소득 수준으로 구분되어 있으며, 이를 통해 각 집단 간의 차이를 쉽게 파악할 수 있습니다. 결과적으로, 저소득층에서 상대적으로 높은 고혈압 유병률을 확인할 수 있습니다.",333.9660030566912,2185.5443373759754,1741.2765395978136,967.197511026068,2480,3508
train,press,/workspace/data/train/json/MI3_240725_TY2_0124_2.json,/workspace/data/train/jpg/MI2_240725_TY2_0124_2.jpg,MI3_240725_TY2_0124_2,MI3_240725_TY2_0124_2_V02-1_2,V02-1,차트(세로 막대형),붙임2 주요 만성질환 유병률 세로 막대형에 대해 알려주세요,"이 세로 막대형은 성별 및 연령대별 고혈압 유병률을 비교합니다. 범례는 남자와 여자, 그리고 다양한 연령대로 나누어져 있어 각 그룹의 유병률을 명확히 알 수 있습니다. 이 차트는 특정 연령대에서 남성이 여성보다 더 높은 유병률을 보이는 경향이 있음을 나타냅니다.",533.1971765134812,1455.027009146642,1377.9726350589615,666.3962582257553,2480,3508
train,press,/workspace/data/train/json/MI3_240725_TY2_0124_3.json,/workspace/data/train/jpg/MI2_240725_TY2_0124_3.jpg,MI3_240725_TY2_0124_3,MI3_240725_TY2_0124_3_V02-4_1,V02-4,차트(꺾은선형),T01 T02 T03 꺾은선형에 대해 알려주세요,"꺾은선형은 시간에 따른 변화 추세를 나타내는 그래프입니다. 이 그래프의 범례는 당뇨병 유병률을 연도별로 보여주며, 자료원은 국민건강영양조사입니다. 분석 결과, 당뇨병 유병률이 전반적으로 감소하는 경향을 보이고 있으며, 특정 시점에서의 변화가 두드러집니다.",334.3917985633521,423.0456726144799,1711.6875994979634,837.9087821561943,2480,3508
train,press,/workspace/data/train/json/MI3_240725_TY2_0124_3.json,/workspace/data/train/jpg/MI2_240725_TY2_0124_3.jpg,MI3_240725_TY2_0124_3,MI3_240725_TY2_0124_3_V02-1_1,V02-1,차트(세로 막대형), 세로 막대형에 대해 알려주세요,세로 막대형은 다양한 집단 간의 차이를 비교하는 데 효과적인 그래프입니다. 이 타입의 범례는 지역 및 소득 수준에 따라 당뇨병 유병률을 나타냅니다. 결과적으로 소득이 낮을수록 당뇨병 유병률이 상대적으로 높은 경향을 보여줍니다.,329.59194072793093,2059.1017665591116,1720.8111365590871,1014.6156921027832,2480,3508
train,press,/workspace/data/train/json/MI3_240725_TY2_0124_3.json,/workspace/data/train/jpg/MI2_240725_TY2_0124_3.jpg,MI3_240725_TY2_0124_3,MI3_240725_TY2_0124_3_V02-1_3,V02-1,차트(세로 막대형), 세로 막대형에 대해 알려주세요,"세로 막대형은 여러 그룹 간의 비교를 시각적으로 표현하는 그래프입니다. 이 타입의 범례는 성별 및 연령대에 따른 당뇨병 유병률을 보여줍니다. 전체적으로 남성보다 여성이 더 낮은 유병률을 보이며, 연령이 높아질수록 유병률이 증가하는 경향이 있습니다.",505.38415260156944,1297.3323601167597,1439.543597561266,706.0014197492151,2480,3508
train,press,/workspace/data/train/json/MI3_240725_TY2_0124_4.json,/workspace/data/train/jpg/MI2_240725_TY2_0124_4.jpg,MI3_240725_TY2_0124_4,MI3_240725_TY2_0124_4_V02-4_1,V02-4,차트(꺾은선형),고콜레스테롤혈증 유병률 꺾은선형에 대해 알려주세요,"이 꺾은선형은 고콜레스테롤혈증의 유병률 변화를 시각적으로 나타낸 것입니다. 범례에는 연도별 고콜레스테롤혈증 비율이 포함되어 있습니다. 전체적으로, 시간이 지남에 따라 고콜레스테롤혈증 유병률이 감소하는 경향을 보이고 있습니다.",306.338843726854,438.2468248025228,1859.438267044073,833.1416845371319,2480,3508
train,press,/workspace/data/train/json/MI3_240725_TY2_0124_4.json,/workspace/data/train/jpg/MI2_240725_TY2_0124_4.jpg,MI3_240725_TY2_0124_4,MI3_240725_TY2_0124_4_V02-1_1,V02-1,차트(세로 막대형),고콜레스테롤혈증 유병률 차트(세로 막대형)에 대해 알려주세요,이 차트는 지역과 소득 수준에 따른 고콜레스테롤혈증 비율을 시각화한 것입니다. 범례는 지역과 소득 수준에 따라 나뉘어진 결과를 보여줍니다. 특정 지역에서는 소득 수준이 낮을수록 고콜레스테롤혈증 비율이 높아지는 경향이 있습니다.,304.7843996218783,2061.2563664073223,1867.9065291718207,1012.7939409502704,2480,3508
train,press,/workspace/data/train/json/MI3_240725_TY2_0124_4.json,/workspace/data/train/jpg/MI2_240725_TY2_0124_4.jpg,MI3_240725_TY2_0124_4,MI3_240725_TY2_0124_4_V02-1_4,V02-1,차트(세로 막대형),고콜레스테롤혈증 유병률 차트(세로 막대형)에 대해 알려주세요,"이 차트는 성별 및 연령대별로 고콜레스테롤혈증의 유병률을 비교하여 보여줍니다. 범례는 남성과 여성, 그리고 각 연령대의 비율을 나타냅니다. 특정 연령대에서 남성의 비율이 더 높게 나타나는 경향이 관찰됩니다.",511.82856027305183,1307.2999795182252,1434.2857398835135,704.1796685967028,2480,3508
train,press,/workspace/data/train/json/MI3_240725_TY2_0124_5.json,/workspace/data/train/jpg/MI2_240725_TY2_0124_5.jpg,MI3_240725_TY2_0124_5,MI3_240725_TY2_0124_5_V02-4_1,V02-4,차트(꺾은선형),비만 유병률 차트(꺾은선형)에 대해 알려주세요,"차트(꺾은선형)는 시간에 따른 변화를 시각적으로 나타내는 도구입니다. 이 차트의 범례는 비만 유병률을 연도별로 보여줍니다. 본문에 따르면, 2012년부터 2021년까지의 비만 유병률이 대체로 감소하는 추세를 보이고 있습니다.",309.33755827428496,436.9391530429515,1586.7346726225192,757.5739012815081,2480,3508
train,press,/workspace/data/train/json/MI3_240725_TY2_0124_5.json,/workspace/data/train/jpg/MI2_240725_TY2_0124_5.jpg,MI3_240725_TY2_0124_5,MI3_240725_TY2_0124_5_V02-1_1,V02-1,차트(세로 막대형),지역 및 소득에 따른 비만 유병률 차트(세로 막대형)에 대해 알려주세요,"차트(세로 막대형)은 지역과 소득 수준에 따른 비교를 통해 정보를 제공합니다. 이 차트의 범례는 각 지역 및 소득 계층 별 비만 유병률을 설명합니다. 분석 결과, 소득이 높은 계층에서 상대적으로 낮은 비만율을 보이는 경향이 관찰됩니다.",309.97062002954505,1946.7122733801084,1716.6322083886457,944.5746462114041,2480,3508
train,press,/workspace/data/train/json/MI3_240725_TY2_0124_5.json,/workspace/data/train/jpg/MI2_240725_TY2_0124_5.jpg,MI3_240725_TY2_0124_5,MI3_240725_TY2_0124_5_V02-1_3,V02-1,차트(세로 막대형),전체 및 성별 비만 유병률 차트(세로 막대형)에 대해 알려주세요,"차트(세로 막대형)는 여러 카테고리 간의 비교를 시각적으로 표현하는 방식입니다. 이 차트는 남성과 여성, 그리고 연령대별 비만 유병률을 보여주는 범례가 포함되어 있습니다. 데이터에 따르면, 남성보다 여성이 비만 유병률이 낮게 나타나는 경향이 있으며, 나이가 많아질수록 비만율이 증가하는 모습을 보이고 있습니다.",536.547248666678,1220.101454927405,1388.4867462245209,678.9319814007373,2480,3508
train,press,/workspace/data/train/json/MI3_240725_TY2_0125_1.json,/workspace/data/train/jpg/MI2_240725_TY2_0125_1.jpg,MI3_240725_TY2_0125_1,MI3_240725_TY2_0125_1_V02-4_1,V02-4,차트(꺾은선형),<주별 수족구병 의사환자 분율> 꺾은선형 차트에 대해 알려주세요,"<주별 수족구병 의사환자 분율> 꺾은선형 차트는 시간에 따른 수족구병 의사환자의 변화를 시각적으로 나타냅니다. 꺾은선형 차트의 범례는 각 연령대나 그룹에 따라 나뉘어 있으며, 이는 각 그룹에서의 환자 발생 추세를 쉽게 비교할 수 있도록 합니다. 본문과 이 차트를 기반으로 보면, 특정 주차에서 영유아의 수족구병 환자가 급증한 것을 확인할 수 있습니다.",247.76005001852567,2571.139503900812,938.0492256937345,554.5098167539868,2480,3508
train,press,/workspace/data/train/json/MI3_240725_TY2_0125_1.json,/workspace/data/train/jpg/MI2_240725_TY2_0125_1.jpg,MI3_240725_TY2_0125_1,MI3_240725_TY2_0125_1_V02-4_2,V02-4,차트(꺾은선형),<연령별 수족구병 의사환자 분율> 꺾은선형 차트에 대해 알려주세요,"<연령별 수족구병 의사환자 분율> 꺾은선형 차트는 다양한 연령대에서의 환자 발생 비율을 보여줍니다. 이 차트는 각각의 연령대가 어떻게 영향을 받았는지를 명확히 보여주는 범례를 포함하고 있습니다. 본문과 함께 보면, 특히 어린 연령층에서의 환자 발생이 두드러지게 나타나는 경향이 관찰됩니다.",1258.8412581428843,2581.992753891675,917.6504621893212,528.0305276566085,2480,3508
train,press,/workspace/data/train/json/MI3_240725_TY2_0127_1.json,/workspace/data/train/jpg/MI2_240725_TY2_0127_1.jpg,MI3_240725_TY2_0127_1,MI3_240725_TY2_0127_1_V02-8_1,V02-8,차트(혼합형),최근 5년간 결핵 역학조사 결과 차트(혼합형)에 대해 알려주세요,"최근 5년간 결핵 역학조사 결과를 시각화한 혼합형 차트입니다. 이 차트는 각 년도별 추가 환자 수 및 잠복결핵감염자의 변동을 나타냅니다. 분석 결과, 추가 환자의 수가 감소하는 추세를 보이며, 이는 결핵 예방과 관리의 효과를 시사합니다.",372.71868854445995,345.8312729272061,1757.6619729406239,942.3803958767325,2480,3508
train,press,/workspace/data/train/json/MI3_240725_TY2_0127_1.json,/workspace/data/train/jpg/MI2_240725_TY2_0127_1.jpg,MI3_240725_TY2_0127_1,MI3_240725_TY2_0127_1_V01_1,V01,표,최근 5년간 가족접촉자 조사 결과 표에 대해 알려주세요,"최근 5년간 가족접촉자 조사 결과를 정리한 표입니다. 이 표는 각 연도별로 가족 접촉자 수, 추가 결핵환자 수, 잠복결핵감염자의 수 및 그 비율을 보여줍니다. 데이터에 따르면, 2023년에는 가족 접촉자가 전년 대비 감소했으며, 추가 결핵환자는 소폭 감소하였으나 잠복결핵감염자는 비슷한 수준을 유지하고 있습니다.",268.58365831856133,2636.312150514771,1944.6830234989322,518.0600625068533,2480,3508
train,press,/workspace/data/train/json/MI3_240725_TY2_0127_2.json,/workspace/data/train/jpg/MI2_240725_TY2_0127_2.jpg,MI3_240725_TY2_0127_2,MI3_240725_TY2_0127_2_V02-1_1,V02-1,차트(세로 막대형),최근 5년간 집단시설별 결핵 역학조사 현황 차트(세로 막대형)에 대해 알려주세요,"최근 5년간 집단시설별 결핵 역학조사 현황 차트(세로 막대형)은 다양한 시설에서의 결핵 발생 추이를 시각적으로 나타냅니다. 이 차트의 범례는 각 시설 유형에 따른 결핵 건수를 보여주며, 연도별 변화량을 비교할 수 있게 합니다. 본문과 차트를 기반으로 분석해보면, 특정 시설에서 결핵 환자가 증가하는 경향이 있음을 알 수 있습니다.",295.50367710558595,1428.813009758354,1908.1855370210444,839.1115940105524,2480,3508
train,press,/workspace/data/train/json/MI3_240725_TY2_0127_3.json,/workspace/data/train/jpg/MI2_240725_TY2_0127_3.jpg,MI3_240725_TY2_0127_3,MI3_240725_TY2_0127_3_V02-1_1,V02-1,차트(세로 막대형),2023년 집단시설별 접촉자 조사 결과 차트(세로 막대형)에 대해 알려주세요,"2023년 집단시설별 접촉자 조사 결과는 세로 막대형 차트로 시각화된 데이터입니다. 이 차트는 각 시설별 접촉자의 수를 보여주며, 학교, 의료기관, 군부대 등 다양한 시설이 포함되어 있습니다. 최근 몇 년간의 데이터를 바탕으로 접촉자의 수가 일부 시설에서 증가하는 추세를 보이고 있습니다.",264.693144251019,311.98035669713,1954.1807675408693,985.7768903380995,2480,3508
train,press,/workspace/data/train/json/MI3_240725_TY2_0127_3.json,/workspace/data/train/jpg/MI2_240725_TY2_0127_3.jpg,MI3_240725_TY2_0127_3,MI3_240725_TY2_0127_3_V01_1,V01,표,최근5년간집단시설 역학조사 결과 (2019~2023년) 표에 대해 알려주세요,"최근5년간집단시설 역학조사 결과는 표 형식으로 제공되며, 각 연도별 접촉자와 추가 결핵환자의 수치를 나타냅니다. 표의 범례에는 명과 비율 등이 포함되어 있어 이해를 돕습니다. 분석 결과, 특정 기간 동안 접촉자 수가 감소하다가 다시 증가하는 경향을 보여 주목할 필요가 있습니다.",265.9846673636046,1976.3760862980996,1946.8408769298371,470.3156658483076,2480,3508
train,press,/workspace/data/train/json/MI3_240725_TY2_0127_4.json,/workspace/data/train/jpg/MI2_240725_TY2_0127_4.jpg,MI3_240725_TY2_0127_4,MI3_240725_TY2_0127_4_V02-8_1,V02-8,차트(혼합형),"<그림 1> 결핵 (신)환자 수(율), 2001~2023 차트(혼합형)에 대해 알려주세요","<그림 1> 결핵 (신)환자 수(율), 2001~2023 차트(혼합형)은 여러 연도의 결핵 환자 수와 비율을 시각적으로 나타내는 그래프입니다. 이 차트의 범례는 다양한 시각적 요소를 통해 각 연도에 따른 환자 수 및 비율을 구분합니다. 본문과 해당 차트를 기반으로 할 때, 최근 몇 년간 환자 수가 감소하는 추세를 보이며, 전반적으로 결핵 관리가 개선되고 있음을 알 수 있습니다.",277.81336117115455,1360.95810684999,1941.642895019924,725.8723269946136,2480,3508
train,press,/workspace/data/train/json/MI3_240725_TY2_0127_4.json,/workspace/data/train/jpg/MI2_240725_TY2_0127_4.jpg,MI3_240725_TY2_0127_4,MI3_240725_TY2_0127_4_V02-8_2,V02-8,차트(혼합형),"<그림 2> 65세 이상/미만 결핵 전체환자 수 및 65세 이상 결핵환자 비율, 2011~2023 차트(혼합형)에 대해 알려주세요","<그림 2> 65세 이상/미만 결핵 전체환자 수 및 65세 이상 결핵환자 비율, 2011~2023 차트(혼합형)은 특정 연령대의 결핵 환자의 경향을 비교하여 보여주는 그래프입니다. 이 차트의 범례는 각 연령대에 따라 분류된 데이터를 명확히 구분하여 제공합니다. 본문과 해당 차트를 바탕으로 분석할 때, 고령층에서의 환자 비율이 증가하고 있는 추세를 확인할 수 있습니다.",277.2629062315347,2395.0089486186125,1924.7095919882422,667.7075355208741,2480,3508
train,press,/workspace/data/train/json/MI3_240725_TY2_0128_1.json,/workspace/data/train/jpg/MI2_240725_TY2_0128_1.jpg,MI3_240725_TY2_0128_1,MI3_240725_TY2_0128_1_V01_1,V01,표,대한민국! 질병관리청 보도참고자료 확진환자 수와 관련된 표에 대해 알려주세요,"이 표는 2023년도와 2022년도의 주별 확진환자 수를 보여줍니다. 각 주마다의 확진환자 수는 숫자로 나타나며, 시간에 따른 변화를 시각적으로 표현합니다. 최근 데이터에 따르면, 5월 2주차에서 급격히 증가한 확진환자 수가 나타나며, 이후에는 다시 감소하는 추세가 관찰됩니다.",238.86957272127802,1552.464134344603,1996.74256624699,521.0837874423747,2480,3508
train,press,/workspace/data/train/json/MI3_240725_TY2_0128_2.json,/workspace/data/train/jpg/MI2_240725_TY2_0128_2.jpg,MI3_240725_TY2_0128_2,MI3_240725_TY2_0128_2_V01_1,V01,표,원숭이두창 바이러스에 대해 알려주세요,"원숭이두창 바이러스는 급성 발열과 발진을 동반하는 질병입니다. 이 질병의 범례로는 감염 경로, 주요 증상, 임상 경과 등이 포함됩니다. 최근 유럽과 북미를 중심으로 발생한 사례에서는 감염사례와 발생지역이 확대되고 있으며, 치명률은 1% 미만으로 보고되고 있습니다.",231.2676757117102,469.9072844319233,1994.1435752920327,2718.7407317382435,2480,3508
train,press,/workspace/data/train/json/MI3_240725_TY2_0128_3.json,/workspace/data/train/jpg/MI2_240725_TY2_0128_3.jpg,MI3_240725_TY2_0128_3,MI3_240725_TY2_0128_3_V02-1_1,V02-1,차트(세로 막대형),전 세계 엠폭스 발생 현황 차트(세로 막대형)에 대해 알려주세요,"전 세계 엠폭스 발생 현황을 나타내는 차트(세로 막대형)입니다. 이 차트는 각 지역의 엠폭스 발생 수치를 시각적으로 비교할 수 있게 도와줍니다. 최근 데이터에 따르면, 아프리카와 유럽에서 발생한 사례가 특히 주목받고 있으며, 전체적으로 감소하는 추세를 보이고 있습니다.",541.0737754344495,774.0581160737125,1414.8555974728422,725.4639455782303,2480,3508
train,press,/workspace/data/train/json/MI3_240725_TY2_0128_3.json,/workspace/data/train/jpg/MI2_240725_TY2_0128_3.jpg,MI3_240725_TY2_0128_3,MI3_240725_TY2_0128_3_V02-1_2,V02-1,차트(세로 막대형),'23년 아시아 국가별/주차별 발생현황 차트(세로 막대형)에 대해 알려주세요,"'23년 아시아 국가별/주차별 발생현황을 보여주는 차트(세로 막대형)입니다. 이 차트는 각 국가의 주차별 엠폭스 확진자 수를 나타내어 각국의 감염 상황을 비교합니다. 분석 결과, 일본에서 가장 높은 확진자 수를 기록하고 있으며, 다른 나라들에 비해 증가 추세를 보이고 있습니다.",432.60709361695723,2189.4355433262317,1676.492668515068,765.7871985978198,2480,3508
train,press,/workspace/data/train/json/MI3_240725_TY2_0129_1.json,/workspace/data/train/jpg/MI2_240725_TY2_0129_1.jpg,MI3_240725_TY2_0129_1,MI3_240725_TY2_0129_1_V02-4_1,V02-4,차트(꺾은선형),발생 추이(2019-2023) 꺾은선형 차트에 대해 알려주세요,"발생 추이(2019-2023) 꺾은선형 차트는 연도별 비브리오패혈증 환자의 발생 건수를 시각적으로 표현합니다. 이 차트는 8월부터 12월까지의 월별 발생 건수 데이터를 포함하고 있으며, 연도별 변화를 쉽게 파악할 수 있도록 돕습니다. 이 차트를 통해 비브리오패혈증 환자의 발생이 시간이 지남에 따라 어떻게 변화했는지를 확인할 수 있습니다.",370.98602790782166,360.9461700472302,1732.474614790234,597.9430497771173,2480,3508
train,press,/workspace/data/train/json/MI3_240725_TY2_0129_1.json,/workspace/data/train/jpg/MI2_240725_TY2_0129_1.jpg,MI3_240725_TY2_0129_1,MI3_240725_TY2_0129_1_V02-4_2,V02-4,차트(꺾은선형),발생 추이(2019-2023) 꺾은선형 차트에 대해 알려주세요,"발생 추이(2019-2023) 꺾은선형 차트는 연도별 비브리오패혈증 사망자 수를 시각적으로 나타냅니다. 이 차트는 각 달의 사망자 수를 보여주며, 이를 통해 계절별 혹은 연도별 경향을 비교할 수 있습니다. 이 정보를 바탕으로 사망자 수의 변화 양상을 이해하고 예방 조치의 필요성을 평가할 수 있습니다.",347.5632198536432,1149.933831046102,1753.723624683727,606.0111710911696,2480,3508
train,press,/workspace/data/train/json/MI3_240725_TY2_0129_2.json,/workspace/data/train/jpg/MI2_240725_TY2_0129_2.jpg,MI3_240725_TY2_0129_2,MI3_240725_TY2_0129_2_V01_1,V01,표,붙임 1 비브리오패혈증 개요 차트(세로 막대형)에 대해 알려주세요,"이 차트는 비브리오 패혈증의 감염 경로 및 증상 발생과 관련된 정보를 시각적으로 나타냅니다. 차트의 범례는 다양한 생물형 및 감염원에 대한 정보를 제공하며, 각 항목은 감염 확산 정도를 구분합니다. 이 차트를 통해 비브리오 패혈증의 전반적인 추세와 위험 요소를 쉽게 이해할 수 있습니다.",236.48160235140827,465.1344953162769,1978.0766025786709,2625.4589005239086,2480,3508
train,press,/workspace/data/train/json/MI3_240725_TY2_0129_3.json,/workspace/data/train/jpg/MI2_240725_TY2_0129_3.jpg,MI3_240725_TY2_0129_3,MI3_240725_TY2_0129_3_V01_1,V01,표,월 발생건수 표에 대해 알려주세요,"월 발생건수 표는 비브리오패혈증 환자 수와 사망자 수의 월별 변화를 나타냅니다. 이 표에서 각 연도별로 매달 발생한 환자 수와 사망자 수를 확인할 수 있습니다. 전체적으로 2023년에는 일부 달에 환자 수가 증가하는 경향이 보이며, 2022년과 비교했을 때 상당히 높은 발생 건수를 기록한 것으로 나타납니다.",279.0115115979574,610.9170068027208,1937.7204914928122,606.5691046055414,2480,3508
train,press,/workspace/data/train/json/MI3_240725_TY2_0129_3.json,/workspace/data/train/jpg/MI2_240725_TY2_0129_3.jpg,MI3_240725_TY2_0129_3,MI3_240725_TY2_0129_3_V01_2,V01,표,연도별 비브리오패혈증 환자 현황 표에 대해 알려주세요,"연도별 비브리오패혈증 환자 현황 표는 각 연도 및 성별, 연령대, 기저질환 유무에 따른 환자의 분포를 보여줍니다. 이 표는 총 환자 수와 성별, 연령대, 기저질환 여부에 따라 나눈 통계 정보를 제공합니다. 분석 결과, 남성이 여기에 비해 더 많은 사례를 보이고 있으며, 고령층에서 더욱 두드러진 영향을 미치는 것으로 보입니다.",259.47921761132073,1410.1467402142368,1962.466712119145,1111.177079104473,2480,3508
train,press,/workspace/data/train/json/MI3_240725_TY2_0130_1.json,/workspace/data/train/jpg/MI2_240725_TY2_0130_1.jpg,MI3_240725_TY2_0130_1,MI3_240725_TY2_0130_1_V02-4_1,V02-4,차트(꺾은선형),대한민국! 주별 수족구병 추세 꺾은선형 차트에 대해 알려주세요,"주별 수족구병 추세를 나타내는 꺾은선형 차트는 시간에 따른 변화를 시각적으로 보여줍니다. 이 차트의 범례는 각 연도별 수족구병 의사 환자 분율을 나타내며, 특정 시기에 발생한 환자 수의 비율을 비교할 수 있습니다. 최근 몇 년 동안 수족구병 환자가 증가하는 경향을 보이며, 특히 여름철에 유행이 두드러지는 모습을 확인할 수 있습니다.",275.5556451969604,2198.964616055437,1851.3374470368785,903.7703502848029,2480,3508
train,press,/workspace/data/train/json/MI3_240725_TY2_0130_2.json,/workspace/data/train/jpg/MI2_240725_TY2_0130_2.jpg,MI3_240725_TY2_0130_2,MI3_240725_TY2_0130_2_V02-4_1,V02-4,차트(꺾은선형),연령별 수족구병의사환자분율 차트(꺾은선형)에 대해 알려주세요,"연령별 수족구병의사환자분율 차트(꺾은선형)는 0-6세 및 7-18세의 환자 분율 변화를 시각적으로 나타냅니다. 이 차트는 주 단위로 데이터를 표시하며, 각 연령대에서의 환자 비율을 비교할 수 있는 범례를 제공합니다. 전체적으로 0-6세와 7-18세 사이에 환자 분율의 차이를 보여주며, 시간이 지남에 따라 변화하는 경향이 관찰됩니다.",387.57033695142553,416.98171724134767,1663.4577033195123,1001.1697118608529,2480,3508
train,press,/workspace/data/train/json/MI3_240725_TY2_0130_4.json,/workspace/data/train/jpg/MI2_240725_TY2_0130_4.jpg,MI3_240725_TY2_0130_4,MI3_240725_TY2_0130_4_V01_1,V01,표,붙임 3 소독액 만드는 방법 표에 대해 알려주세요,"소독액 만드는 방법 표는 염소를 이용한 소독액의 제조 과정을 나타냅니다. 이 표에서는 소독액의 농도와 혼합 비율을 설명하고 있습니다. 본문과 시각요소를 기반으로, 적절한 비율로 소독액을 제조함으로써 효과적인 소독이 가능하다는 추세를 보여줍니다.",351.5812917594655,1828.2227171492202,1777.4387527839642,1062.5567928730513,2480,3508
train,press,/workspace/data/train/json/MI3_240725_TY2_0132_1.json,/workspace/data/train/jpg/MI2_240725_TY2_0132_1.jpg,MI3_240725_TY2_0132_1,MI3_240725_TY2_0132_1_V01_1,V01,표,책임자와 관련된 정보가 담긴 다이어그램에 대해 알려주세요.,"이 다이어그램은 각 담당자의 역할과 책임을 시각적으로 나타냅니다. 이 자료는 조직 내의 각 부서 및 담당자의 기능을 쉽게 이해할 수 있도록 돕습니다. 본문에서 언급된 구급역량개발팀과 소방청의 협력 관계를 바탕으로, 이 다이어그램은 각 기관의 전문성을 강조하며 효율적인 대응 체계를 보여줍니다.",252.7182489824133,2300.387115536779,1985.5209953152607,356.9477539969374,2480,3508
train,press,/workspace/data/train/json/MI3_240725_TY2_0132_1.json,/workspace/data/train/jpg/MI2_240725_TY2_0132_1.jpg,MI3_240725_TY2_0132_1,MI3_240725_TY2_0132_1_V03_1,V03,다이어그램,환자 배분과 관련된 내용이 포함된 다이어그램에 대해 알려주세요.,"이 다이어그램은 의료 서비스 이용 시 환자의 우선순위와 배분 원칙을 설명합니다. 주로 아픈 환자에게 큰 병원을 양보하는 것을 강조하여, 가벼운 질환은 동네 병원으로 보내는 방침을 반영합니다. 본문과 연계하여, 이 다이어그램은 응급 상황에서 적절한 의료 자원의 활용 방안을 제시하고 있습니다.",635.2818001689584,2724.499580524897,1224.6661501879755,245.12527976131977,2480,3508
train,press,/workspace/data/train/json/MI3_240725_TY2_0132_2.json,/workspace/data/train/jpg/MI2_240725_TY2_0132_2.jpg,MI3_240725_TY2_0132_2,MI3_240725_TY2_0132_2_V01_1,V01,표,행사일정 다이어그램에 대해 알려주세요,"다이어그램은 정보나 데이터를 시각적으로 표현한 것입니다. 이 다이어그램의 범례는 각 발표자의 역할과 시간을 나타내며, 다양한 주제를 다루고 있습니다. 본문에서 언급된 내용을 기반으로 할 때, 각 발표자들은 특정 시간에 맞추어 자신의 주제를 발표하며, 전반적으로 심장정지 관련 내용이 중심이 되는 것을 볼 수 있습니다.",415.9117286062375,1930.452570082234,1656.882250350832,910.5718195338633,2480,3508
train,press,/workspace/data/train/json/MI3_240725_TY2_0132_2.json,/workspace/data/train/jpg/MI2_240725_TY2_0132_2.jpg,MI3_240725_TY2_0132_2,MI3_240725_TY2_0132_2_V03_1,V03,다이어그램,행사일정 다이어그램에 대해 알려주세요,다이어그램은 정보의 관계를 시각적으로 표현한 것입니다. 이 다이어그램은 주제를 중심으로 각 요소 간의 연관성을 보여줍니다. 본문을 통해 다양한 행사 일정과 관련된 내용이 연결되어 있음을 알 수 있습니다.,1893.890411991818,1704.1475747059856,162.7854444917645,189.66969847196938,2480,3508
train,press,/workspace/data/train/json/MI3_240725_TY2_0132_3.json,/workspace/data/train/jpg/MI2_240725_TY2_0132_3.jpg,MI3_240725_TY2_0132_3,MI3_240725_TY2_0132_3_V02-4_1,V02-4,차트(꺾은선형),급성심장정지 생존율 꺾은선형 차트에 대해 알려주세요,"급성심장정지 생존율을 나타내는 꺾은선형 차트는 시간에 따른 생존률 변화를 보여줍니다. 이 차트의 범례에는 각 연도별 생존율과 뇌기능 회복률이 포함되어 있습니다. 분석 결과, 시간이 지남에 따라 생존률과 뇌기능 회복률 모두 일정한 패턴으로 변화하고 있으며, 이는 의료 서비스의 향상을 반영할 수 있습니다.",280.81781122801556,797.3494090330291,1086.46970893172,624.0948966880476,2480,3508
train,press,/workspace/data/train/json/MI3_240725_TY2_0132_3.json,/workspace/data/train/jpg/MI2_240725_TY2_0132_3.jpg,MI3_240725_TY2_0132_3,MI3_240725_TY2_0132_3_V02-3_1,V02-3,차트(원형),급성심장정지 성별 발생 원형 차트에 대해 알려주세요,"급성심장정지 성별 발생을 나타내는 원형 차트는 각 연령대의 발생 비율을 시각적으로 표현합니다. 이 차트의 범례는 10대부터 80세 이상까지 다양한 연령대를 포함하여, 각 그룹의 비율을 보여줍니다. 데이터에 따르면, 특정 연령대에서 급성심장정지 발생이 두드러진 경향이 있으며, 특히 젊은 세대에서 상대적으로 낮은 비율이 관찰됩니다.",1430.987045541817,795.5760810540206,775.9143168727444,626.0045105011266,2480,3508
train,press,/workspace/data/train/json/MI3_240725_TY2_0133_1.json,/workspace/data/train/jpg/MI2_240725_TY2_0133_1.jpg,MI3_240725_TY2_0133_1,MI3_240725_TY2_0133_1_V01_1,V01,표,결핵환자 원시자료 제공 변수에 대해 알려주세요,"원시자료 제공 변수는 결핵환자에 대한 다양한 정보를 포함하고 있습니다. 이 변수에는 성별, 연령대, 지역 등 총 11개의 역학 정보가 포함됩니다. 이를 통해 결핵환자의 통계적 분석이 가능하며, 환자 관련 추세를 파악할 수 있습니다.",240.06671069810275,2241.3915563479,2014.55271945319,629.8574307378013,2480,3508
train,press,/workspace/data/train/json/MI3_240725_TY2_0133_2.json,/workspace/data/train/jpg/MI2_240725_TY2_0133_2.jpg,MI3_240725_TY2_0133_2,MI3_240725_TY2_0133_2_V01_1,V01,표,결핵정책과 다이어그램에 대해 알려주세요,"결핵정책과 다이어그램은 결핵 관리 정책을 시각적으로 표현한 것입니다. 이 다이어그램은 다양한 데이터 포인트를 연결하여 정보를 제공합니다. 본문에서 언급된 내용과 결합할 때, 이 다이어그램은 결핵 환자 신고의 중요성을 강조하며, 정책 개선의 필요성을 드러냅니다.",250.8539251977572,1236.068629937156,1985.3431840872436,195.98502807625854,2480,3508
train,press,/workspace/data/train/json/MI3_240725_TY2_0133_2.json,/workspace/data/train/jpg/MI2_240725_TY2_0133_2.jpg,MI3_240725_TY2_0133_2,MI3_240725_TY2_0133_2_V03_1,V03,다이어그램,건강한 동행 다이어그램에 대해 알려주세요,"건강한 동행 다이어그램은 질병 관리와 관련된 통계를 시각적으로 나타낸 것입니다. 이 타입은 특정 데이터를 시각적으로 비교하고 이해하기 쉽게 도와줍니다. 본문에서 전달하는 메시지와 연관 지어볼 때, 이 다이어그램은 국민의 참여와 협력을 강조합니다.",627.4688825743028,1509.07367650842,1223.3681898471705,237.31226020806398,2480,3508
train,press,/workspace/data/train/json/MI3_240725_TY2_0133_3.json,/workspace/data/train/jpg/MI2_240725_TY2_0133_3.jpg,MI3_240725_TY2_0133_3,MI3_240725_TY2_0133_3_V01_1,V01,표,연도별 환자 수 표에 대해 알려주세요,"연도별 환자 수 표는 2013년부터 2023년까지의 결핵환자 수를 보여줍니다. 이 표는 각 연도별로 신고된 환자의 숫자를 나열하고 있습니다. 전체적으로 환자 수가 점차 감소하는 경향을 보이고 있으며, 특히 2020년부터 2023년 사이에는 현저한 감소가 관찰됩니다.",243.97316949543054,795.5760810540204,1988.4952922202601,218.49197582299396,2480,3508
train,press,/workspace/data/train/json/MI3_240725_TY2_0133_3.json,/workspace/data/train/jpg/MI2_240725_TY2_0133_3.jpg,MI3_240725_TY2_0133_3,MI3_240725_TY2_0133_3_V01_2,V01,표,원시자료제공변수에 대해 알려주세요,"원시자료제공변수는 결핵환자와 관련된 다양한 정보를 포함하고 있습니다. 이 변수들은 성별, 내외국인 구분 등 여러 항목으로 구성되어 있습니다. 데이터 제공 이후에도 개인정보 보호를 위해 민감정보는 제외되었으며, 특정인을 유추할 수 없는 방식으로 집계되고 있습니다.",223.81356514533326,1356.8221462166946,2021.4334751555145,753.8417418288102,2480,3508
train,press,/workspace/data/train/json/MI3_240725_TY2_0134_1.json,/workspace/data/train/jpg/MI2_240725_TY2_0134_1.jpg,MI3_240725_TY2_0134_1,MI3_240725_TY2_0134_1_V01_1,V01,표,제목에 대해 알려주세요,"이 시각요소는 책임자와 관련 부서의 정보를 담고 있습니다. 이 정보는 만성질환관리국과 희귀질환관리과의 담당자를 명시하며, 각각의 역할을 나타냅니다. 이를 통해 각 부서의 연구와 지원 활동이 어떻게 구성되어 있는지를 확인할 수 있습니다.",244.90533138775808,1882.401514400378,1996.1303985868988,312.28999075249834,2480,3508
train,press,/workspace/data/train/json/MI3_240725_TY2_0135_1.json,/workspace/data/train/jpg/MI2_240725_TY2_0135_1.jpg,MI3_240725_TY2_0135_1,MI3_240725_TY2_0135_1_V01_1,V01,표,일평균 재원중 환자 수 및 사망자 현황 표에 대해 알려주세요,"일평균 재원중 환자 수 및 사망자 현황 표는 코로나19 관련 데이터를 시각적으로 정리한 것입니다. 이 표는 날짜별로 구분된 일평균 재원중 환자 수와 위중증 사망자의 수를 보여줍니다. 최근 데이터에 따르면, 위중증 환자는 148명으로 집계되었으며, 사망자는 전주 대비 변동이 있었습니다.",232.15839512197942,1503.2747713690799,2032.0687761265035,373.64351616883937,2480,3508
train,press,/workspace/data/train/json/MI3_240725_TY2_0135_1.json,/workspace/data/train/jpg/MI2_240725_TY2_0135_1.jpg,MI3_240725_TY2_0135_1,MI3_240725_TY2_0135_1_V01_2,V01,표,주간 신규 사망 및 재원중 위중증 현황 표에 대해 알려주세요,"주간 신규 사망 및 재원중 위중증 현황 표는 성별과 연령대별로 주간 누적 데이터를 정리한 것입니다. 이 표는 각 그룹의 신규 사망자 수와 전체 누적 사망자를 비율로 표시합니다. 데이터에 따르면, 80세 이상에서 높은 비율의 사망자가 발생하였고, 전체적으로 고연령층에서 치명률이 더 높게 나타났습니다.",237.62094559543806,2188.8248557880984,1991.0996475755646,1025.1830976402302,2480,3508
train,press,/workspace/data/train/json/MI3_240725_TY2_0135_2.json,/workspace/data/train/jpg/MI2_240725_TY2_0135_2.jpg,MI3_240725_TY2_0135_2,MI3_240725_TY2_0135_2_V02-8_1,V02-8,차트(혼합형),<일평균 재원중 위중증 환자 및 일평균 사망자 발생 현황(23.5.20. 0시 기준)> 차트(혼합형)에 대해 알려주세요,"(명) 단위로 표현된 혼합형 차트로, 재원중 위중증 환자와 주간 일평균 사망자 수를 보여줍니다. 이 차트는 시간에 따른 위중증 환자와 사망자의 변화를 시각적으로 비교할 수 있도록 설계되었습니다. 최근 데이터에 따르면, 재원중 위중증 환자는 소폭 증가하는 추세인 반면, 일평균 사망자는 감소하는 경향을 보이고 있습니다.",266.12413793103343,1997.5282851876714,1881.113475155514,508.87723205370185,2480,3508
train,press,/workspace/data/train/json/MI3_240725_TY2_0135_2.json,/workspace/data/train/jpg/MI2_240725_TY2_0135_2.jpg,MI3_240725_TY2_0135_2,MI3_240725_TY2_0135_2_V01_1,V01,표,<5월 3주차 종합평가 결과> 표에 대해 알려주세요,"'22.10월부터 '23.5월까지의 코로나19 주간 위험도 평가를 요약한 표입니다. 이 표는 전국, 수도권 및 비수도권의 주간 위험도를 '낮음', '중간' 등으로 구분하여 나타냅니다. 최근 주간 평가에 따르면, 전체적으로 위험도가 낮은 수준을 유지하고 있으며, 수도권과 비수도권에서도 비슷한 경향을 보이고 있습니다.",247.87962829275781,939.8025908306474,1986.4531572075878,441.0685275471329,2480,3508
train,press,/workspace/data/train/json/MI3_240725_TY2_0135_3.json,/workspace/data/train/jpg/MI2_240725_TY2_0135_3.jpg,MI3_240725_TY2_0135_3,MI3_240725_TY2_0135_3_V02-8_1,V02-8,차트(혼합형),주간 위중증 환자 및 사망자 발생 현황 중첩형 차트에 대해 알려주세요,"주간 위중증 환자 및 사망자 발생 현황을 보여주는 중첩형 차트입니다. 이 차트의 범례는 확진환자의 수와 중증화율, 치명률을 나타냅니다. 최근 데이터에 따르면, 확진환자의 수가 증가하고 있으며, 이에 따라 중증화율과 치명률도 영향을 받고 있는 추세입니다.",275.979190538361,382.0696289595335,1915.91598187543,682.4269227646042,2480,3508
train,press,/workspace/data/train/json/MI3_240725_TY2_0135_3.json,/workspace/data/train/jpg/MI2_240725_TY2_0135_3.jpg,MI3_240725_TY2_0135_3,MI3_240725_TY2_0135_3_V02-8_2,V02-8,차트(혼합형),최근 8주간 전국 확진자수 및 발생률 꺾은선형 차트에 대해 알려주세요,"최근 8주간의 전국 확진자수와 발생률 변화를 보여주는 꺾은선형 차트입니다. 이 차트의 범례는 일일 확진자수와 발생률을 포함하고 있습니다. 최근의 추세를 살펴보면 신규 확진자가 일정하게 증가하는 양상을 보이고 있으며, 이는 전반적인 감염 상황의 심각성을 나타냅니다.",259.4211934567236,2356.4082758620702,1946.2354903617215,821.7696921624229,2480,3508
train,press,/workspace/data/train/json/MI3_240725_TY2_0135_4.json,/workspace/data/train/jpg/MI2_240725_TY2_0135_4.jpg,MI3_240725_TY2_0135_4,MI3_240725_TY2_0135_4_V01_1,V01,표,최근 8주간 주요 발생 지표 표에 대해 알려주세요,"최근 8주간 주요 발생 지표 표는 확진자 수, 일 평균 확진자 및 발생률 등의 정보를 제공합니다. 이 표의 범례에는 주별 구분과 함께 해당 기간의 확진자 수와 비율이 포함되어 있습니다. 데이터에 따르면, 전반적으로 확진자 수와 일 평균 확진자가 증가하는 추세를 보이고 있으며, 특히 5월 초에 두드러진 상승을 나타냅니다.",232.25379310344832,362.8965517241379,2022.543448275862,580.6344827586206,2480,3508
train,press,/workspace/data/train/json/MI3_240725_TY2_0135_4.json,/workspace/data/train/jpg/MI2_240725_TY2_0135_4.jpg,MI3_240725_TY2_0135_4,MI3_240725_TY2_0135_4_V01_2,V01,표,"성별·연령별 발생 현황(명, %) 표에 대해 알려주세요","성별·연령별 발생 현황(명, %) 표는 각 연령대와 성별에 따른 확진자의 수와 비율을 보여줍니다. 이 표의 범례는 전체 인구 대비 각 그룹의 확진자 수 및 비율을 설명합니다. 분석 결과, 청소년과 고령층에서 상대적으로 높은 발생률을 보이며, 남성과 여성 간에도 차이가 나타나는 경향이 있습니다.",236.16025190077556,2153.3642730210686,2003.0111542892255,1001.2383505095876,2480,3508
train,press,/workspace/data/train/json/MI3_240725_TY2_0135_5.json,/workspace/data/train/jpg/MI2_240725_TY2_0135_5.jpg,MI3_240725_TY2_0135_5,MI3_240725_TY2_0135_5_V02-8_1,V02-8,차트(혼합형),중환자 병상가동률 혼합형에 대해 알려주세요,"중환자 병상가동률 혼합형은 다양한 데이터 포인트를 결합하여 표현하는 시각 요소입니다. 이 혼합형의 범례는 서로 다른 데이터 값을 비교하기 위해 사용됩니다. 본문과 혼합형을 기반으로 볼 때, 최근 중환자 병상가동률은 변동이 있으며 수도권과 비수도권 간의 차이가 나타나고 있습니다.",255.0695055788401,886.234643774396,984.1619861272055,527.6728490743342,2480,3508
train,press,/workspace/data/train/json/MI3_240725_TY2_0135_5.json,/workspace/data/train/jpg/MI2_240725_TY2_0135_5.jpg,MI3_240725_TY2_0135_5,MI3_240725_TY2_0135_5_V02-8_2,V02-8,차트(혼합형),준-중환자 병상가동률 혼합형에 대해 알려주세요,준-중환자 병상가동률 혼합형은 여러 데이터를 종합적으로 나타내는 시각적 요소입니다. 이 타입의 범례는 준-중환자의 데이터 추세를 명확하게 보여주는 데 도움을 줍니다. 본문과 혼합형을 통해 확인할 수 있는 것은 준-중환자 병상가동률 역시 시간이 지남에 따라 변화하고 있다는 점입니다.,1266.3185188471618,890.7491482979152,975.1329770801674,533.8366111127212,2480,3508
train,press,/workspace/data/train/json/MI3_240725_TY2_0135_5.json,/workspace/data/train/jpg/MI2_240725_TY2_0135_5.jpg,MI3_240725_TY2_0135_5,MI3_240725_TY2_0135_5_V01_1,V01,표,이번 표에 대해 알려주세요,"이 표는 WHO 세부 계통 점유율을 나타내며, 다양한 변이 바이러스에 대한 감염율을 비교합니다. 각 변이에 대한 점유율과 관련된 주석이 포함되어 있습니다. 본문 내용과 함께 살펴볼 때, 특정 변이가 국내 감염에 미치는 영향을 파악할 수 있습니다.",246.36102635297144,1867.596092820459,1985.910224625782,1309.919603535311,2480,3508
train,press,/workspace/data/train/json/MI3_240725_TY2_0135_6.json,/workspace/data/train/jpg/MI2_240725_TY2_0135_6.jpg,MI3_240725_TY2_0135_6,MI3_240725_TY2_0135_6_V01_1,V01,표,국내 오미크론 변이바이러스 세부계통 검출률에 대해 알려주세요,"오미크론 변이바이러스 세부계통 검출률은 각 변이의 발생 비율을 시각적으로 나타내는 데이터입니다. 이 범례는 특정 주차에 대한 다양한 오미크론 변이의 검출률을 보여줍니다. 최근 데이터를 보면 XBB.1.5와 XBB.1.9.1의 검출률이 비교적 높은 편이며, 전체적인 감염 추세가 감소하고 있음을 알 수 있습니다.",225.95095140214053,352.58280328685686,2036.0415401072003,1069.5902519189985,2480,3508
train,press,/workspace/data/train/json/MI3_240725_TY2_0136_1.json,/workspace/data/train/jpg/MI2_240725_TY2_0136_1.jpg,MI3_240725_TY2_0136_1,MI3_240725_TY2_0136_1_V02-8_1,V02-8,차트(혼합형),대한민국 질병관리청의 최근 5년간 결핵 역학조사 현황 혼합형 차트에 대해 알려주세요,"최근 5년간 결핵 역학조사를 통해 수집된 데이터를 기반으로 한 혼합형 차트입니다. 이 차트는 각 연도별 추가 결핵환자 수와 잠복결핵감염자 수를 비교하여 시각적으로 나타냅니다. 분석 결과, 2021년 대비 2022년에는 추가 환자가 감소하는 추세가 보이며, 특히 가족 접촉자의 경우 더 큰 폭으로 감소한 것을 확인할 수 있습니다.",307.0536381571165,2299.9359395471565,1869.6346913365883,769.7405662246913,2480,3508
train,press,/workspace/data/train/json/MI3_240725_TY2_0136_2.json,/workspace/data/train/jpg/MI2_240725_TY2_0136_2.jpg,MI3_240725_TY2_0136_2,MI3_240725_TY2_0136_2_V01_1,V01,표,결핵환자 조사 표에 대해 알려주세요,결핵환자 조사 표는 여러 해에 걸쳐 수집된 데이터를 정리한 것입니다. 이 표에는 각 연도의 추가 결핵환자 수와 잠복결핵 감염자의 수 및 비율이 포함되어 있습니다. 이를 통해 결핵의 전파 추세와 잠복감염률의 변화를 쉽게 확인할 수 있습니다.,271.19052388125357,2630.062689421738,1946.1916010133004,454.30866515935986,2480,3508
train,press,/workspace/data/train/json/MI3_240725_TY2_0136_2.json,/workspace/data/train/jpg/MI2_240725_TY2_0136_2.jpg,MI3_240725_TY2_0136_2,MI3_240725_TY2_0136_2_T03_1,T03,시각요소 제목,최근5년간 가족접촉자 조사 결과에 대해 알려주세요,"최근5년간 가족접촉자 조사 결과는 시각요소로서 중요한 통계 자료입니다. 이 자료는 결핵환자의 가족접촉자들에 대한 조사 결과를 보여줍니다. 분석 결과, 특정 연도에서의 결핵 환자 발생률이 상당히 높았으며, 이는 공공 보건 정책의 필요성을 강조합니다.",270.9627586206901,2540.2758620689638,1333.9408551456922,62.902068965517074,2480,3508
train,press,/workspace/data/train/json/MI3_240725_TY2_0136_3.json,/workspace/data/train/jpg/MI2_240725_TY2_0136_3.jpg,MI3_240725_TY2_0136_3,MI3_240725_TY2_0136_3_V01_1,V01,표,최근 5년간 집단시설 결핵 발생 현황과 조사 현황에 대해 알려주세요,"이 표는 최근 5년간 집단시설에서의 결핵 발생 및 조사 현황을 시각적으로 나타내고 있습니다. 범례에는 각 연도별 발생현황과 조사현황, 그리고 발생 건 대비 실시율이 포함되어 있습니다. 표에 따르면, 전체 결핵환자 수는 감소하는 추세를 보이고 있으며, 조사 실시율 또한 2018년부터 비교적 안정적인 수준을 유지하고 있는 것으로 나타났습니다.",264.0892082657578,1805.8789653470324,1977.4934856438276,458.16749002079405,2480,3508
train,press,/workspace/data/train/json/MI3_240725_TY2_0136_4.json,/workspace/data/train/jpg/MI2_240725_TY2_0136_4.jpg,MI3_240725_TY2_0136_4,MI3_240725_TY2_0136_4_V01_1,V01,표,가족접촉자 검진 현황 표에 대해 알려주세요,"가족접촉자 검진 현황 표는 2018년부터 2022년까지의 결핵환자 가족접촉자와 그 검진율을 나타냅니다. 이 표는 각 연도별로 가족접촉자의 수와 검진을 받은 인원, 그리고 결핵환자의 수를 포함한 다양한 통계 정보를 제공합니다. 최근 5년간 검진율은 증가 추세를 보이며, 특히 2022년에는 97.3%에 달하는 높은 비율로 나타났습니다.",239.17703727156697,985.9903604592262,2039.8492345071454,898.9703590408352,2480,3508
train,press,/workspace/data/train/json/MI3_240725_TY2_0136_4.json,/workspace/data/train/jpg/MI2_240725_TY2_0136_4.jpg,MI3_240725_TY2_0136_4,MI3_240725_TY2_0136_4_V02-8_1,V02-8,차트(혼합형),가족접촉자 관련 차트(혼합형)에 대해 알려주세요,"가족접촉자 관련 차트(혼합형)는 다양한 연도의 데이터를 시각적으로 비교하여 보여줍니다. 이 차트는 결핵환자 가족접촉자의 수와 그에 따른 검진율 변화 양상을 나타내며, 각 연도의 수치를 비교할 수 있는 범례를 포함하고 있습니다. 전반적으로 보았을 때, 시간이 지남에 따라 가족검진율이 지속적으로 증가하고 있는 모습을 확인할 수 있습니다.",265.7279734077947,2029.662003201188,1965.3105276704023,883.8235742985552,2480,3508
train,press,/workspace/data/train/json/MI3_240725_TY2_0136_5.json,/workspace/data/train/jpg/MI2_240725_TY2_0136_5.jpg,MI3_240725_TY2_0136_5,MI3_240725_TY2_0136_5_V01_1,V01,표,2018-2022년 데이터 표에 대해 알려주세요,"2018-2022년 데이터 표는 흉부X선 잠복결핵감염 관련 연도별 접촉자와 치료 현황을 보여줍니다. 이 표의 범례는 명수, 비율 및 기타 관련 지표를 포함하고 있습니다. 데이터를 기반으로 보면, 전체적으로 치료 시작자와 치료 완료자의 수가 변동하며, 2021년에 가장 많은 수치가 기록되었고 2022년에는 감소세를 보였습니다.",238.54850407267134,397.4266860316657,2042.8132968924806,1034.6042573586178,2480,3508
train,press,/workspace/data/train/json/MI3_240725_TY2_0136_5.json,/workspace/data/train/jpg/MI2_240725_TY2_0136_5.jpg,MI3_240725_TY2_0136_5,MI3_240725_TY2_0136_5_V02-8_1,V02-8,차트(혼합형),치료 시작률과 치료 완료율 차트(혼합형)에 대해 알려주세요,"치료 시작률과 치료 완료율을 나타내는 차트(혼합형)는 시간에 따른 추세를 시각화한 것입니다. 이 차트의 범례는 각 연도별 치료 시작자와 완료자의 비율을 보여줍니다. 분석 결과, 치료 시작률은 대체로 안정적인 반면, 치료 완료율은 해마다 약간씩 변동성을 보이며 증가하는 경향이 있습니다.",241.23887141761492,1588.9064267891417,2020.415704917891,897.8622200029173,2480,3508
train,press,/workspace/data/train/json/MI3_240725_TY2_0139_3.json,/workspace/data/train/jpg/MI2_240725_TY2_0139_3.jpg,MI3_240725_TY2_0139_3,MI3_240725_TY2_0139_3_V01_1,V01,표,2023 연보의 표에 대해 알려주세요,"표는 데이터를 정리하여 시각적으로 나타낸 형태입니다. 표의 범례는 각 열과 행이 무엇을 의미하는지를 설명합니다. 본문에서 다루고 있는 내용을 기반으로 볼 때, 이 표는 관련 연구 결과를 효과적으로 전달하고 있습니다.",251.7860870900851,1129.6189747647427,1978.640239612933,155.41184073296083,2480,3508
train,press,/workspace/data/train/json/MI3_240725_TY2_0139_3.json,/workspace/data/train/jpg/MI2_240725_TY2_0139_3.jpg,MI3_240725_TY2_0139_3,MI3_240725_TY2_0139_3_V03_1,V03,다이어그램,2023 연보의 다이어그램에 대해 알려주세요,다이어그램은 복잡한 정보를 간단하게 표현하기 위한 시각적 도구입니다. 다이어그램의 범례는 각 요소가 어떤 정보를 나타내는지 설명합니다. 본문에서 언급된 내용들을 통해 다루어지는 추세는 건강 관리 접근 방식을 강조하고 있습니다.,636.2139620612859,1356.1020362655079,1217.5974072651863,235.62610450652681,2480,3508
train,press,/workspace/data/train/json/MI3_240725_TY2_0139_4.json,/workspace/data/train/jpg/MI2_240725_TY2_0139_4.jpg,MI3_240725_TY2_0139_4,MI3_240725_TY2_0139_4_V02-5_1,V02-5,차트(영역형),한국인체자원은행네트워크 참여기관과 관련된 차트(영역형)에 대해 알려주세요,"차트(영역형)은 데이터의 변화를 시각적으로 나타내는 도구입니다. 이 유형의 차트는 각 영역이 다른 범주에 따라 구분되며, 전체를 기반으로 한 비율을 보여줍니다. 본문에서 언급된 기관들이 참여하는 다양한 사업들을 통해 보이는 추세는 바이오뱅킹 분야의 협력과 혁신적인 접근 방식이 강화되고 있다는 점입니다.",330.49180247292867,615.0390259597566,1770.0461162737122,1786.7810579352642,2480,3508
train,press,/workspace/data/train/json/MI3_240725_TY2_0140_1.json,/workspace/data/train/jpg/MI2_240725_TY2_0140_1.jpg,MI3_240725_TY2_0140_1,MI3_240725_TY2_0140_1_V01_1,V01,표,이번 보고서의 제목에 따라 변경 전후의 접종백신에 대한 내용과 적용 시기에 대해 알려주세요,"변경 전후의 접종백신을 비교하는 표입니다. 이 표는 접종백신 종류와 그에 따른 적용 시기를 보여줍니다. 최근 BA.4/5 기반 백신으로의 전환이 이루어졌으며, 이에 따라 12세 이상의 접종횟수가 기존 2회에서 1회로 줄어드는 추세를 보이고 있습니다.",243.3566235925693,2699.815657451837,2000.932238427792,279.70753842912086,2480,3508
train,press,/workspace/data/train/json/MI3_240725_TY2_0140_2.json,/workspace/data/train/jpg/MI2_240725_TY2_0140_2.jpg,MI3_240725_TY2_0140_2,MI3_240725_TY2_0140_2_V01_1,V01,표,<상반기 코로나19 추가접종 현황> 표에 대해 알려주세요,"이 표는 상반기 코로나19 추가접종 현황을 나타냅니다. 범례에는 예약 접종자 수와 면역저하자 및 65세 이상 접종자 수가 포함되어 있습니다. 현재까지 예약과 당일 접종에 참여한 인원 수는 각각 9,204명과 6,930명으로, 고위험군의 예방접종 참여가 이루어지고 있음을 보여줍니다.",251.92211229493392,931.7285288083151,1986.6261348266462,143.78599898421592,2480,3508
train,press,/workspace/data/train/json/MI3_240725_TY2_0140_2.json,/workspace/data/train/jpg/MI2_240725_TY2_0140_2.jpg,MI3_240725_TY2_0140_2,MI3_240725_TY2_0140_2_V01_2,V01,표,코로나19예방접종다응추진단 책임자 표에 대해 알려주세요,이 표는 코로나19 예방접종 관련 부서의 책임자를 명시하고 있습니다. 범례에는 담당 부서와 담당자의 직책이 포함되어 있습니다. 이를 통해 조직 내에서 접종 계획 및 관리 역할을 수행하는 인력의 정보를 확인할 수 있습니다.,247.47339058312474,2985.6884759572063,1983.5330704010412,172.05507039528538,2480,3508
train,press,/workspace/data/train/json/MI3_240725_TY2_0141_1.json,/workspace/data/train/jpg/MI2_240725_TY2_0141_1.jpg,MI3_240725_TY2_0141_1,MI3_240725_TY2_0141_1_V01_1,V01,표,이번 문서에서의 주요 통계와 함께한 세로 막대형 차트에 대해 알려주세요,"세로 막대형 차트는 특정 기간 동안 발생한 확진환자의 수를 시각적으로 표현합니다. 이 차트는 각 주마다의 확진환자 수를 비교할 수 있도록 설계되어 있으며, 이를 통해 감염 추세를 쉽게 파악할 수 있습니다. 최근 데이터에 따르면, 5월 3주 이후 확진환자가 다소 증가하는 경향을 보이고 있습니다.",249.0671944637474,1464.3505473303906,1975.3911389203513,471.08720807862943,2480,3508
train,press,/workspace/data/train/json/MI3_240725_TY2_0141_1.json,/workspace/data/train/jpg/MI2_240725_TY2_0141_1.jpg,MI3_240725_TY2_0141_1,MI3_240725_TY2_0141_1_V02-8_1,V02-8,차트(혼합형),이 보고서에서 제시된 혼합형 차트에 대해 알려주세요,"혼합형 차트는 여러 종류의 데이터를 함께 시각화하여 복합적인 정보를 제공합니다. 이 차트를 통해 고위험군 접종 현황과 관련된 다양한 수치들을 비교할 수 있으며, 이는 예방접종 진행 상황을 명확히 보여줍니다. 전체적으로 최근 몇 주간의 고위험군 접종자는 지속적으로 증가하고 있는 추세입니다.",289.63030777319887,2643.9004136486874,1889.4563974671948,499.00130784919895,2480,3508
train,press,/workspace/data/train/json/MI3_240725_TY2_0141_2.json,/workspace/data/train/jpg/MI2_240725_TY2_0141_2.jpg,MI3_240725_TY2_0141_2,MI3_240725_TY2_0141_2_V01_5,V01,표,지역 접촉 경로 에 대해 알려주세요,"지역 접촉 경로 V01은 확진환자의 감염 경로를 나타내는 데이터입니다. 이 표에서는 국내 감염과 해외 유입, 성 접촉, 의료 노출 등의 범주가 포함되어 있습니다. 데이터를 보면 대부분의 확진환자가 국내 감염으로 분류되었음을 알 수 있으며, 이는 지역 내 전파가 주요 원인임을 시사합니다.",233.399883865946,2592.228497404759,1993.4669376814347,406.21511702628356,2480,3508
train,press,/workspace/data/train/json/MI3_240725_TY2_0141_3.json,/workspace/data/train/jpg/MI2_240725_TY2_0141_3.jpg,MI3_240725_TY2_0141_3,MI3_240725_TY2_0141_3_V02-1_1,V02-1,차트(세로 막대형),'22-'23년 전 세계 엠폭스 발생 현황 차트(세로 막대형)에 대해 알려주세요,"'22-'23년 전 세계 엠폭스 발생 현황 차트(세로 막대형)은 각 지역별 발생 건수를 시각적으로 나타냅니다. 이 차트는 아프리카, 동부 지중해 지역, 유럽 지역, 아메리카 대륙, 동남아시아 지역 및 서태평양 지역의 데이터를 포함하고 있습니다. 최근 수치에 따르면 특정 지역에서 지속적인 발생이 관찰되며, 특히 아시아 지역에서는 증가세가 보입니다.",518.8603567214388,829.5156021470159,1417.777662633742,714.6871184699679,2480,3508
train,press,/workspace/data/train/json/MI3_240725_TY2_0141_3.json,/workspace/data/train/jpg/MI2_240725_TY2_0141_3.jpg,MI3_240725_TY2_0141_3,MI3_240725_TY2_0141_3_V02-1_2,V02-1,차트(세로 막대형),'23년 아시아 국가별/주차별 발생현황 차트(세로 막대형)에 대해 알려주세요,"'23년 아시아 국가별/주차별 발생현황 차트(세로 막대형)은 각 국가의 주차별 확진자 수를 비교하여 보여줍니다. 이 차트는 일본, 대만, 한국 등의 데이터가 포함되어 있으며, 각국의 확진자 수와 비율을 나타냅니다. 최근에는 일본과 대만에서 확진자가 급증하는 추세를 보이고 있습니다.",412.17426299731164,2246.7763925146887,1700.8395792358929,836.1008713936047,2480,3508
train,press,/workspace/data/train/json/MI3_240725_TY2_0141_4.json,/workspace/data/train/jpg/MI2_240725_TY2_0141_4.jpg,MI3_240725_TY2_0141_4,MI3_240725_TY2_0141_4_V01_1,V01,표,엠폭스 질병개요 에 대해 알려주세요,"V01은 원숭이두창 바이러스 감염에 대한 정보를 제공하는 표입니다. 이 표는 발병 현황, 병원체, 전파 경로 및 증상 등을 포함하여 독자에게 중요한 통계를 전달합니다. 최근 엠폭스의 발생이 증가하고 있는 추세가 나타나고 있으며, 특히 비풍토국에서 감염 사례가 확대되고 있습니다.",232.25379310344823,462.6433643808412,2001.1468305045698,2728.804002841002,2480,3508
train,press,/workspace/data/train/json/MI3_240725_TY2_0142_1.json,/workspace/data/train/jpg/MI2_240725_TY2_0142_1.jpg,MI3_240725_TY2_0142_1,MI3_240725_TY2_0142_1_V02-8_1,V02-8,차트(혼합형),최근 5년 결핵환자 치료성공률과 관련된 혼합형 차트에 대해 알려주세요.,"혼합형 차트는 다양한 데이터 시리즈를 동시에 시각화하여 비교할 수 있도록 도와줍니다. 이 차트의 범례는 결핵환자의 연도별 치료 성공률을 나타내며, 각 연도의 성과를 명확히 구분할 수 있게 합니다. 본문 내용을 바탕으로 볼 때, 최근 5년 간 결핵환자의 치료 성공률이 증가하는 추세를 보이고 있습니다.",281.56397647996346,399.60619432057615,893.2620991609525,541.090440026902,2480,3508
train,press,/workspace/data/train/json/MI3_240725_TY2_0142_1.json,/workspace/data/train/jpg/MI2_240725_TY2_0142_1.jpg,MI3_240725_TY2_0142_1,MI3_240725_TY2_0142_1_V02-8_2,V02-8,차트(혼합형),최근 5년 결핵환자 치료성과에 대한 혼합형 차트에 대해 알려주세요.,"혼합형 차트는 여러 유형의 데이터가 조합되어 있는 것을 표현합니다. 이 타입의 범례는 특정 연도와 환자군 별로 나타나는 데이터를 비교하는 데 유용합니다. 본문과 시각요소를 기반으로 보면, 여러 해에 걸쳐 결핵환자의 치료 성과가 변화하는 경향이 포착되고 있습니다.",1260.2106807498233,403.13948893320423,900.796272539459,545.6489601629773,2480,3508
train,press,/workspace/data/train/json/MI3_240725_TY2_0142_2.json,/workspace/data/train/jpg/MI2_240725_TY2_0142_2.jpg,MI3_240725_TY2_0142_2,MI3_240725_TY2_0142_2_V01_1,V01,표,지자체 전체 결핵 환자에 대한 줄기간 관리 표에 대해 알려주세요,"이 표는 지자체에서 전체 결핵 환자를 관리하는 방법을 설명합니다. 표의 범례는 진단, 복약관리, 보건서비스 연계 및 약제구성 관리를 포함하여 각 의료기관의 역할을 명확히 합니다. 이 정보를 통해 결핵환자의 치료 성공률을 높이기 위한 관리 방안을 제시하고 있습니다.",273.81961626621705,1164.471740507303,1883.9028842676937,204.54936956360905,2480,3508
train,press,/workspace/data/train/json/MI3_240725_TY2_0142_2.json,/workspace/data/train/jpg/MI2_240725_TY2_0142_2.jpg,MI3_240725_TY2_0142_2,MI3_240725_TY2_0142_2_V01_2,V01,표,현행 개선안 대상 전체 결핵환자 표에 대해 알려주세요,"이 표는 전체 결핵환자에 대한 현행과 개선된 관리 방안을 비교하는 내용을 담고 있습니다. 범례에는 진단관리 및 내성검사 진행, 전문의료기관 안내 등이 포함되어 있어 평가 주체와 대상이 명시되어 있습니다. 이를 통해 전염성 및 다제내성 환자의 집중 관리 필요성을 강조하고 있습니다.",321.63656212471136,1534.7155926791695,1897.5102549182882,1631.5279258241621,2480,3508
train,press,/workspace/data/train/json/MI3_240725_TY2_0142_4.json,/workspace/data/train/jpg/MI2_240725_TY2_0142_4.jpg,MI3_240725_TY2_0142_4,MI3_240725_TY2_0142_4_V01_1,V01,표,붙임 2 다제내성결핵 전문의료기관 안내 추진 목적 본문 표에 대해 알려주세요,"본 시각요소는 다제내성결핵 전문의료기관의 현황을 나타낸 표입니다. 이 표는 각 의료기관의 위치와 이름을 나열하며, 이를 통해 해당 지역 내 전문 치료 기관들을 쉽게 파악할 수 있도록 돕습니다. 본문 내용과 표를 기반으로, 여러 지역에서 다제내성결핵 치료를 위한 의료기관이 활성화되고 있음을 보여줍니다.",322.39180643304104,1112.9426487866826,1924.2843991939762,2090.0237347304233,2480,3508
train,press,/workspace/data/train/json/MI3_240725_TY2_0143_1.json,/workspace/data/train/jpg/MI2_240725_TY2_0143_1.jpg,MI3_240725_TY2_0143_1,MI3_240725_TY2_0143_1_V01_1,V01,표,2023년 세균분리율과 바이러스 검출률에 대한 차트(세로 막대형)에 대해 알려주세요,"이 차트는 2023년의 세균 분리율과 바이러스 검출률을 시각적으로 나타냅니다. 범례에는 각각의 병원체 유형별 데이터가 포함되어 있어 이를 비교할 수 있습니다. 데이터에 따르면, 세균 분리율은 증가한 반면, 바이러스 검출률은 감소하는 추세를 보이고 있습니다.",252.97376785903657,2148.1964944613674,1985.448382649274,515.0033265671595,2480,3508
train,press,/workspace/data/train/json/MI3_240725_TY2_0143_2.json,/workspace/data/train/jpg/MI2_240725_TY2_0143_2.jpg,MI3_240725_TY2_0143_2,MI3_240725_TY2_0143_2_V01_1,V01,표,연도별 검사현황 표에 대해 알려주세요,"연도별 검사현황 표는 특정 기간 동안의 수인성 식품매개감염병 검사 결과를 정리한 데이터입니다. 이 표는 세균, 바이러스, 원충 등 여러 병원체에 대한 검사 건수와 양성률을 나타냅니다. 5년간의 추세를 보면 검사 건수는 증가하고 있으며, 특히 세균과 바이러스에서 높은 양성률을 보이고 있습니다.",269.8584358245232,640.8614132561693,1950.3061982031131,669.0402500274103,2480,3508
train,press,/workspace/data/train/json/MI3_240725_TY2_0143_2.json,/workspace/data/train/jpg/MI2_240725_TY2_0143_2.jpg,MI3_240725_TY2_0143_2,MI3_240725_TY2_0143_2_V01_2,V01,표,연도별 병원체 분리 현황 표에 대해 알려주세요,"연도별 병원체 분리 현황 표는 수인성 식품매개감염병에서 발견된 다양한 병원체의 분리 데이터를 제공합니다. 이 표에서는 각각의 병원체가 연도별로 몇 건이 발견되었고 그 비율이 어떻게 변화했는지를 보여줍니다. 전체적으로 세균의 경우 일정한 비율로 발견되고 있으며, 바이러스와 원충은 변동성을 보이고 있습니다.",270.757456479251,1488.685317163165,1950.7473357271642,1678.6975914458267,2480,3508
train,press,/workspace/data/train/json/MI3_240725_TY2_0144_2.json,/workspace/data/train/jpg/MI2_240725_TY2_0144_2.jpg,MI3_240725_TY2_0144_2,MI3_240725_TY2_0144_2_V01_1,V01,표,2023 한국 생물안전 컨퍼런스 포상자 주요 공적에 대해 알려주세요,"주요 공적을 나타내는 시각 요소입니다. 이 요소는 수상자와 기관의 기여를 강조하며, 각 수상자의 활동과 성과를 구체적으로 설명합니다. 본문과 연계하여 볼 때, 생물안전 분야에서의 연구 및 관리 활동이 두드러지며, 기관들의 협력과 기여가 중요함을 보여줍니다.",246.33755676111835,582.6562838565782,2014.5262548672013,424.3368388719651,2480,3508
train,press,/workspace/data/train/json/MI3_240725_TY2_0144_2.json,/workspace/data/train/jpg/MI2_240725_TY2_0144_2.jpg,MI3_240725_TY2_0144_2,MI3_240725_TY2_0144_2_V01_2,V01,표,보건복지부장관상 수상자 주요 공적에 대해 알려주세요,"수상자의 주요 공적을 담고 있는 시각 요소입니다. 이 요소는 특정 분야에서의 성취와 발전을 반영합니다. 가축전염병 방역 및 관련 연구 발전에 대한 기여가 두드러지며, 이는 해당 분야의 안전성과 효율성을 높이는 데 중요한 역할을 합니다.",249.0673090617095,2092.655583751652,1977.6354650546189,177.44297111584416,2480,3508
train,press,/workspace/data/train/json/MI3_240725_TY2_0144_2.json,/workspace/data/train/jpg/MI2_240725_TY2_0144_2.jpg,MI3_240725_TY2_0144_2,MI3_240725_TY2_0144_2_V01_3,V01,표,국립수산과학원장상 수상자 주요 공적에 대해 알려주세요,"주요 공적 정보를 제공하는 시각 요소입니다. 이 타입은 수산생명과학 분야에서의 연구 및 관리 업무를 강조합니다. 제주특별자치도와 전남대학교 간의 협력을 통해 생물안전 관리가 이루어졌으며, 이는 해당 분야의 과학적 발전에 기여하고 있음을 나타냅니다.",242.12072178537343,2415.8975718560278,1997.6088965653082,324.9745467824104,2480,3508
train,press,/workspace/data/train/json/MI3_240725_TY2_0144_2.json,/workspace/data/train/jpg/MI2_240725_TY2_0144_2.jpg,MI3_240725_TY2_0144_2,MI3_240725_TY2_0144_2_V01_4,V01,표,국립야생동물질병관리원장상 수상자 주요 공적에 대해 알려주세요,해당 시각 요소는 주로 기관 내에서 이루어진 성취를 나타냅니다. 이 타입은 생물안전 3등급 연구시설 조성공사와 관련된 성과를 강조합니다. 이를 통해 동물이용 생물안전 시설이 원활하게 운영될 수 있도록 한 점이 중요한 추세로 나타납니다.,243.42818962774408,2873.2190476190467,2000.2078875202644,253.80759696618512,2480,3508
train,press,/workspace/data/train/json/MI3_240725_TY2_0144_2.json,/workspace/data/train/jpg/MI2_240725_TY2_0144_2.jpg,MI3_240725_TY2_0144_2,MI3_240725_TY2_0144_2_V01_6,V01,표,농림축산검역본부장상 수상자 주요 공적에 대해 알려주세요,"주요 공적을 설명하는 시각 요소입니다. 이 타입은 수상자의 기여도를 상세히 기록하며, 그들이 수행한 다양한 역할과 책임을 강조합니다. 본문에 따르면 COVID-19 대유행 시기에 발생한 여러 협력 연구사업을 통해 동물 및 사람의 건강 증진에 크게 기여했음을 알 수 있습니다.",234.7489417147708,1150.242176870747,2015.392585185522,797.480669231393,2480,3508
train,press,/workspace/data/train/json/MI3_240725_TY2_0145_1.json,/workspace/data/train/jpg/MI2_240725_TY2_0145_1.jpg,MI3_240725_TY2_0145_1,MI3_240725_TY2_0145_1_V02-8_1,V02-8,차트(혼합형),이번 워크숍의 검사현황과 관련된 차트(혼합형)에 대해 알려주세요,"검사현황을 보여주는 혼합형 차트는 양성률과 검시건수를 동시에 시각적으로 나타냅니다. 이 차트에서는 매년 증가하는 검시건수와 그에 따른 양성률 변화를 확인할 수 있습니다. 데이터에 따르면, 최근 3년간 양성률이 상승하면서 검시건수 또한 증가하는 추세를 보이고 있습니다.",261.2278229777436,307.20756758148366,1874.7600684817364,965.3780621159447,2480,3508
train,press,/workspace/data/train/json/MI3_240725_TY2_0145_2.json,/workspace/data/train/jpg/MI2_240725_TY2_0145_2.jpg,MI3_240725_TY2_0145_2,MI3_240725_TY2_0145_2_V01_1,V01,표,세균분석과 에 대해 알려주세요,"세균분석과 V01은 세균 관련 데이터를 시각적으로 표현한 자료입니다. 이 자료의 범례는 다양한 세균 분석 결과를 나타내며, 각 색상이나 기호는 특정한 의미를 지니고 있습니다. 본문에 따르면, 세균 분석 결과는 최근 감염병 발생 추세와 밀접하게 연결되어 있습니다.",253.52972199893773,307.89397719121905,1984.3364743694733,580.0081625461831,2480,3508
train,press,/workspace/data/train/json/MI3_240725_TY2_0145_3.json,/workspace/data/train/jpg/MI2_240725_TY2_0145_3.jpg,MI3_240725_TY2_0145_3,MI3_240725_TY2_0145_3_V01_1,V01,표,세션 I. 수인성·식품매개갈염병 병원체 감시사업 실적 및 계획 표에 대해 알려주세요,"세션 I. 수인성·식품매개갈염병 병원체 감시사업 실적 및 계획 표는 해당 사업의 성과와 향후 계획을 정리한 내용입니다. 이 표는 각 프로그램의 시간, 발표자, 주제 등을 포함하여 세부 정보를 제공합니다. 분석 결과에 따르면, 다양한 감염병 관리 활동이 진행 중이며, 향후에도 지속적인 모니터링과 대응이 필요함을 나타냅니다.",416.9653136978622,1397.5609315453348,1625.3472902746846,757.5657976281842,2480,3508
train,press,/workspace/data/train/json/MI3_240725_TY2_0145_3.json,/workspace/data/train/jpg/MI2_240725_TY2_0145_3.jpg,MI3_240725_TY2_0145_3,MI3_240725_TY2_0145_3_V01_2,V01,표,세션 II. 수인성· 식품매개감염병 발생 대응 성과 및 최신 병원체감시 동향 공유 표에 대해 알려주세요,"세션 II. 수인성· 식품매개감염병 발생 대응 성과 및 최신 병원체감시 동향 공유 표는 관련된 집단발생 사례와 그에 대한 대응 내용을 정리한 것입니다. 이 표는 각 사례의 시간, 주제 및 발표자를 포함하며, 질의 응답 시간도 명시되어 있습니다. 이를 통해 수인성 및 식품매개감염병에 대한 효과적인 대응 전략을 마련할 필요성을 강조하고 있습니다.",430.8584882505341,2274.8878494852274,1630.9704649788644,563.1726101441722,2480,3508
train,press,/workspace/data/train/json/MI3_240725_TY2_0145_4.json,/workspace/data/train/jpg/MI2_240725_TY2_0145_4.jpg,MI3_240725_TY2_0145_4,MI3_240725_TY2_0145_4_V01_1,V01,표,연도별 검사현황 표에 대해 알려주세요,"연도별 검사현황 표는 수인성 및 식품매개감염병에 대한 검사 결과를 연도별로 정리한 데이터입니다. 이 표에서는 각 년도의 검사 건수와 양성률을 포함하고 있으며, 세균, 바이러스, 원충 등으로 구분된 데이터를 보여줍니다. 최근 5년간의 데이터에서 전체 검사의 양성률은 감소하는 추세를 보이고 있으며, 특히 2022년에는 가장 높은 검사 건수를 기록했습니다.",265.98466736360473,637.8211828185599,1960.7340514825087,667.3076913493725,2480,3508
train,press,/workspace/data/train/json/MI3_240725_TY2_0145_4.json,/workspace/data/train/jpg/MI2_240725_TY2_0145_4.jpg,MI3_240725_TY2_0145_4,MI3_240725_TY2_0145_4_V01_2,V01,표,병원체 분리 현황 표에 대해 알려주세요,"병원체 분리 현황 표는 특정 병원체의 분리 건수와 비율을 연도별로 나타내는 자료입니다. 이 표에서는 다양한 병원체의 분리율을 비교할 수 있도록 구성되어 있습니다. 2018년부터 2022년까지의 데이터 분석 결과, 일부 병원체의 경우 분리율이 지속적으로 증가하고 있는 반면, 다른 병원체들은 일정한 수준에서 유지되고 있음을 알 수 있습니다.",262.0782085662772,1469.1527682800295,1956.386455161129,1599.7176220763436,2480,3508
train,press,/workspace/data/train/json/MI3_240725_TY2_0145_5.json,/workspace/data/train/jpg/MI2_240725_TY2_0145_5.jpg,MI3_240725_TY2_0145_5,MI3_240725_TY2_0145_5_V01_1,V01,표,붙임 3 수인성 식품매개감염병 병원체 감시사업 우수기관에 대해 알려주세요,"이 표는 수인성 질환 관련 기관의 실적 평가를 보여줍니다. 각 기관의 이름, 부서, 비고 및 연도별 성과가 포함되어 있습니다. 2021년과 2022년 동안 수인성 질환과 관련된 기관들의 실적은 차이가 있으며, 특히 코로나19로 인해 2022년도에는 시상하지 못한 점이 강조됩니다.",246.02718058270088,627.5400865938841,2001.515355362639,1083.1942385936113,2480,3508
train,press,/workspace/data/train/json/MI3_240725_TY2_0146_1.json,/workspace/data/train/jpg/MI2_240725_TY2_0146_1.jpg,MI3_240725_TY2_0146_1,MI3_240725_TY2_0146_1_V01_1,V01,표,이 보도 자료에서 제시된 예방접종기획과 관련된 총괄 차트에 대해 알려주세요,"이 총괄 차트는 예방접종기획과의 구조와 책임자를 시각적으로 나타냅니다. 차트의 범례는 각 담당 부서와 직책을 구분하는 정보를 포함하고 있습니다. 본문에 따르면, 예방접종기획과는 코로나19 백신 접종 전략 마련 및 국제 협력을 강화하기 위한 중요한 역할을 수행하고 있으며, 이는 감염병 관리에 대한 대응 능력을 높이는 데 기여할 것입니다.",243.05243277650945,2877.125557395675,1978.599283926283,261.99662826717656,2480,3508
train,press,/workspace/data/train/json/MI3_240725_TY2_0147_1.json,/workspace/data/train/jpg/MI2_240725_TY2_0147_1.jpg,MI3_240725_TY2_0147_1,MI3_240725_TY2_0147_1_V01_1,V01,표,치료임상연구과 치료임상연구에 대해 알려주세요,"치료임상연구과 치료임상연구는 신종바이러스와 관련된 연구를 진행하는 부서입니다. 이 연구의 범례로는 다양한 감염병 관리 및 예방에 필요한 임상 데이터를 분석하고 제공합니다. 본문에서 언급된 내용들을 바탕으로 볼 때, 최근 감염병 관리 정책이 강화되고 있으며, 연구 결과가 실질적인 정책 수립에 기여하고 있음을 알 수 있습니다.",248.95307490174284,307.0930785250167,1988.7823601210318,574.2056424094752,2480,3508
train,press,/workspace/data/train/json/MI3_240725_TY2_0147_2.json,/workspace/data/train/jpg/MI2_240725_TY2_0147_2.jpg,MI3_240725_TY2_0147_2,MI3_240725_TY2_0147_2_V01_1,V01,표,C형간염 항바이러스 치료효과 분석 결과에 대한 표에 대해 알려주세요,"해당 표는 C형간염 치료군과 미치료군의 간암, 사망 및 간경변 합병증에 대한 위험비 분석 결과를 나타냅니다. 이 표에서는 각 그룹의 위험비 수치를 비교하여 치료의 효과를 시각적으로 설명합니다. 분석 결과, 치료군에서 간암과 사망 발생 위험도가 각각 59%와 74% 낮아지는 경향을 보였습니다.",365.7721012681235,1276.5740256489582,1793.8493016610496,332.68981599420607,2480,3508
train,press,/workspace/data/train/json/MI3_240725_TY2_0148_1.json,/workspace/data/train/jpg/MI2_240725_TY2_0148_1.jpg,MI3_240725_TY2_0148_1,MI3_240725_TY2_0148_1_V01_1,V01,표,연번 업체명 계약단가(원) 계약물량 (도즈) 비고에 대해 알려주세요,"이 시각요소는 백신 조달계약 현황을 나타내는 표입니다. 표의 범례에는 업체명, 계약단가, 계약물량과 비고가 포함되어 있습니다. 이 정보를 통해 각 업체별로 계약 단가와 물량이 어떻게 배분되었는지 알 수 있으며, 특정 업체가 차지하는 비중과 전체 조달 물량에 대한 통찰을 제공합니다.",259.03808008726895,2021.0637470169559,1955.961262366862,461.21148003756474,2480,3508
train,press,/workspace/data/train/json/MI3_240725_TY2_0148_1.json,/workspace/data/train/jpg/MI2_240725_TY2_0148_1.jpg,MI3_240725_TY2_0148_1,MI3_240725_TY2_0148_1_V01_2,V01,표,의료안전예방국 책임자 과장 담당 부서 백신수급과 담당자 사무관에 대해 알려주세요,이 시각요소는 조직 내 특정 부서와 담당자의 정보를 정리한 표입니다. 해당 표에는 부서명 및 담당자의 직위 정보가 포함되어 있습니다. 이를 통해 질병관리청의 백신 수급 관련 업무를 책임지는 인력 구조를 파악할 수 있습니다.,236.04046482735654,2848.4888227017973,2001.5313000924205,103.56292743901375,2480,3508
train,press,/workspace/data/train/json/MI3_240725_TY2_0149_1.json,/workspace/data/train/jpg/MI2_240725_TY2_0149_1.jpg,MI3_240725_TY2_0149_1,MI3_240725_TY2_0149_1_V01_1,V01,표,2023년도와 관련된 구분 및 확진환자 수에 대해 알려주세요,"이 시각요소는 확진환자의 수를 월별로 나타낸 데이터입니다. 각 주마다 발생한 확진환자 수가 기재되어 있으며, 시간의 흐름에 따라 누적된 총 환자 수를 확인할 수 있습니다. 최근 몇 주간의 데이터를 통해 현재 엠폭스의 유행 추세와 증가 양상을 알 수 있습니다.",239.94692362468376,1430.1041760158398,1999.7826947259982,454.26473982332806,2480,3508
train,press,/workspace/data/train/json/MI3_240725_TY2_0149_1.json,/workspace/data/train/jpg/MI2_240725_TY2_0149_1.jpg,MI3_240725_TY2_0149_1,MI3_240725_TY2_0149_1_V02-8_1,V02-8,차트(혼합형),확진환자 발생과 접종자 수에 대해 알려주세요,"이 차트는 확진환자와 접종자의 관계를 시각적으로 표현한 것입니다. 각 주차별로 누적된 확진환자와 접종자의 숫자가 나열되어 있어, 고위험군의 접종 시작일과 관련하여 중요한 정보를 제공합니다. 이 데이터를 통해 엠폭스 백신 접종이 환자 발생에 미치는 영향을 유추할 수 있습니다.",292.46354862657773,2517.8752074647173,1895.6157750405282,650.373980483294,2480,3508
train,press,/workspace/data/train/json/MI3_240725_TY2_0149_2.json,/workspace/data/train/jpg/MI2_240725_TY2_0149_2.jpg,MI3_240725_TY2_0149_2,MI3_240725_TY2_0149_2_V01_4,V01,표,구분 계 본인 신고 의료기관 밀접접촉자 확진환자 수에 대해 알려주세요,"이 데이터는 각 경로별로 확진환자의 수를 나타내는 표입니다. 이 표에는 본인 신고, 의료기관, 밀접 접촉자 등 여러 경로의 확진환자 수가 포함되어 있습니다. 102명의 확진환자 중에서 본인 신고와 의료기관을 통한 신고가 주요한 경로임을 알 수 있습니다.",244.71971274033012,2052.299319727892,1965.0657030741027,363.5982521281332,2480,3508
train,press,/workspace/data/train/json/MI3_240725_TY2_0149_3.json,/workspace/data/train/jpg/MI2_240725_TY2_0149_3.jpg,MI3_240725_TY2_0149_3,MI3_240725_TY2_0149_3_V02-1_1,V02-1,차트(세로 막대형),'22-'23년 전 세계 엠폭스 발생 현황 차트(세로 막대형)에 대해 알려주세요,"'22-'23년 전 세계 엠폭스 발생 현황 차트(세로 막대형)은 다양한 지역에서의 확진자 수를 시각적으로 나타냅니다. 이 차트는 아프리카, 중동, 유럽 등 여러 대륙의 데이터를 포함하고 있으며, 특정 날짜에 대한 보고일자를 반영합니다. 전체적으로 해당 데이터는 확진자 수의 변화를 한눈에 보여주며, 각 지역별 발생 현황이 상이함을 나타냅니다.",465.1343423783769,832.197864800486,1511.6507370877077,777.9646258503408,2480,3508
train,press,/workspace/data/train/json/MI3_240725_TY2_0149_3.json,/workspace/data/train/jpg/MI2_240725_TY2_0149_3.jpg,MI3_240725_TY2_0149_3,MI3_240725_TY2_0149_3_V02-1_2,V02-1,차트(세로 막대형),일본 한국 더국 싱가포르 홍콩 필리핀 기타 차트(세로 막대형)에 대해 알려주세요,"일본 한국 더국 싱가포르 홍콩 필리핀 기타 차트(세로 막대형)은 각 국가별 확진자 수를 비교하는 그래프입니다. 이 차트는 주간 단위로 확진자 수의 변화를 보여주며, 특정 주차에 따른 데이터를 포함합니다. 따라서 최근 몇 개월 간 아시아 내에서의 감염 추세를 파악할 수 있습니다.",360.13298183415907,2113.0544119738074,1794.0956804993714,716.3267487633198,2480,3508
train,press,/workspace/data/train/json/MI3_240725_TY2_0151_1.json,/workspace/data/train/jpg/MI2_240725_TY2_0151_1.jpg,MI3_240725_TY2_0151_1,MI3_240725_TY2_0151_1_V01_1,V01,표,최근 10년 동안 백일해 환자 발생 누계 표에 대해 알려주세요,"최근 10년 동안 백일해 환자 발생 누계 표는 각 연도별로 의사환자 수를 기록한 것입니다. 이 표의 범례는 각 연도에 해당하는 환자 수를 나타내며, 2015년부터 2024년까지의 데이터를 포함합니다. 본문과 이 표를 기반으로 하면, 백일해 환자가 2024년까지 급격히 증가하여 총 1,365명에 달하는 심각한 상황임을 알 수 있습니다.",241.12537094239053,1958.1075278559733,2006.4721967678697,199.72877268975103,2480,3508
train,press,/workspace/data/train/json/MI3_240725_TY2_0151_1.json,/workspace/data/train/jpg/MI2_240725_TY2_0151_1.jpg,MI3_240725_TY2_0151_1,MI3_240725_TY2_0151_1_V02-4_1,V02-4,차트(꺾은선형),그림1. 최근 10년 동안 국내 백일해 환자 주별 발생 현황 차트(꺾은선형)에 대해 알려주세요,"그림1은 최근 10년간 국내 백일해 환자의 주별 발생 현황을 보여주는 꺾은선형 차트입니다. 이 차트의 범례는 특정 주와 해당 주의 환자 수를 시각적으로 나타냅니다. 본문과 꺾은선형 차트를 통해 볼 때, 최근 몇 년간 백일해 환자가 증가세를 보이며 특히 특정 시기에 집중적으로 발생하고 있음을 확인할 수 있습니다.",269.5456570155902,2211.0557812459056,1968.8552338530076,488.3071967280239,2480,3508
train,press,/workspace/data/train/json/MI3_240725_TY2_0151_3.json,/workspace/data/train/jpg/MI2_240725_TY2_0151_3.jpg,MI3_240725_TY2_0151_3,MI3_240725_TY2_0151_3_V01_1,V01,표,< 백일해 표준예방접종 일정 및 백신 종류 > 표에 대해 알려주세요,"백일해 표준예방접종 일정 및 백신 종류는 예방접종을 위한 중요한 정보를 제공합니다. 이 표에는 각 접종의 시기와 필요한 백신의 종류가 나열되어 있습니다. 본문에서 제시된 내용과 함께, 이 자료는 백일해 예방을 위한 체계적인 접근 방식을 보여줍니다.",265.8520842562631,2110.0878453264077,1971.7717725736202,772.3243735150207,2480,3508
train,press,/workspace/data/train/json/MI3_240725_TY2_0151_4.json,/workspace/data/train/jpg/MI2_240725_TY2_0151_4.jpg,MI3_240725_TY2_0151_4,MI3_240725_TY2_0151_4_V01_1,V01,표,책임자 과장 감염병정책국 담당 부서 담당자 연구관 감염병관리과의 표에 대해 알려주세요,이 표는 각 담당자의 역할과 소속 부서를 명확히 나타냅니다. 표의 범례는 각 직위와 해당 부서를 구분하여 이해할 수 있도록 돕습니다. 이를 통해 감염병 관리 및 정책 실행에 있어 책임자의 중요성과 역할을 파악할 수 있습니다.,250.2563155745137,2092.5616700916557,1992.558081973977,268.83956836328116,2480,3508
train,press,/workspace/data/train/json/MI3_240725_TY2_0152_1.json,/workspace/data/train/jpg/MI2_240725_TY2_0152_1.jpg,MI3_240725_TY2_0152_1,MI3_240725_TY2_0152_1_V01_1,V01,표,감염병 빅데이터 플랫폼의 운영 현황 표에 대해 알려주세요,"감염병 빅데이터 플랫폼의 운영 현황을 나타내는 표입니다. 이 표는 해당 플랫폼의 책임자와 부서 정보를 포함하여 관리 체계를 명확히 합니다. 전반적으로, 해당 플랫폼은 질병 관리와 연구 분석을 위해 중요한 역할을 하고 있으며, 관련 부서 간의 협력이 강조되고 있습니다.",251.55678680446417,2664.2263413189835,1989.5158238410518,194.66278923136474,2480,3508
train,press,/workspace/data/train/json/MI3_240725_TY2_0153_3.json,/workspace/data/train/jpg/MI2_240725_TY2_0153_3.jpg,MI3_240725_TY2_0153_3,MI3_240725_TY2_0153_3_V02-4_1,V02-4,차트(꺾은선형),흡연 차트(꺾은선형)에 대해 알려주세요,"흡연 차트(꺾은선형)은 최근 30일 동안의 담배 제품 사용률을 보여줍니다. 이 차트는 일반 담배, 궐련형 전자담배, 액상형 전자담배의 현재 사용률을 비교하는 범례를 포함하고 있습니다. 이러한 데이터를 기반으로 하면 최근 몇 년간 담배 사용 추세가 변화하고 있는지를 파악할 수 있습니다.",290.2062470036348,490.4374335491402,1896.5484910458,884.0008715885014,2480,3508
train,press,/workspace/data/train/json/MI3_240725_TY2_0153_3.json,/workspace/data/train/jpg/MI2_240725_TY2_0153_3.jpg,MI3_240725_TY2_0153_3,MI3_240725_TY2_0153_3_V02-4_2,V02-4,차트(꺾은선형),음주 차트(꺾은선형)에 대해 알려주세요,"음주 차트(꺾은선형)은 최근 30일 동안 술을 마신 사람들의 비율을 나타냅니다. 이 차트는 위험 음주의 기준도 제시하여, 남성과 여성 각각의 평균 음주량에 대한 정보를 제공합니다. 이를 통해 지역 내 음주 습관과 그에 따른 건강 문제를 분석할 수 있습니다.",315.8483702809149,1493.2158779306717,1851.7892015559862,767.2629773955815,2480,3508
train,press,/workspace/data/train/json/MI3_240725_TY2_0153_3.json,/workspace/data/train/jpg/MI2_240725_TY2_0153_3.jpg,MI3_240725_TY2_0153_3,MI3_240725_TY2_0153_3_V02-4_3,V02-4,차트(꺾은선형),신체활동 차트(꺾은선형)에 대해 알려주세요,신체활동 차트(꺾은선형)은 주 5일 이상 하루 60분 이상의 신체활동을 실천한 사람들의 비율을 보여줍니다. 또한 근력 강화 운동을 주 3일 이상 수행한 사람들의 비율도 함께 제시합니다. 이 데이터를 통해 국민들의 신체 활동 수준과 운동 습관 변화를 추적할 수 있습니다.,300.6376628657081,2393.468253472786,1889.193278432848,803.709729832337,2480,3508
train,press,/workspace/data/train/json/MI3_240725_TY2_0155_1.json,/workspace/data/train/jpg/MI2_240725_TY2_0155_1.jpg,MI3_240725_TY2_0155_1,MI3_240725_TY2_0155_1_V02-1_1,V02-1,차트(세로 막대형),[그림1] 어린이 손상 발생 월별 분포 세로 막대형에 대해 알려주세요,"[그림1]은 어린이 손상이 발생한 월별 분포를 보여주는 세로 막대형 차트입니다. 이 차트의 범례는 각 월별로 손상 발생 비율을 시각적으로 구분하여 나타냅니다. 분석 결과, 특정 여름철인 5월과 6월에 어린이 손상이 특히 많이 발생하는 추세가 관찰됩니다.",249.47203368165032,2101.000955853134,956.8844565540337,753.4528291437658,2480,3508
train,press,/workspace/data/train/json/MI3_240725_TY2_0155_1.json,/workspace/data/train/jpg/MI2_240725_TY2_0155_1.jpg,MI3_240725_TY2_0155_1,MI3_240725_TY2_0155_1_V02-8_1,V02-8,차트(혼합형),[그림 2] 체험활동 중 발생한 어린이 손상 분율 혼합형에 대해 알려주세요,"[그림 2]는 체험활동 중 발생한 어린이 손상의 비율을 나타내는 혼합형 차트입니다. 이 차트는 다양한 연도에서의 어린이 손상 발생률을 비교할 수 있도록 범례가 제공됩니다. 최근 데이터에 따르면, 어린이 손상 발생률은 2018년 이후로 변동성이 있으며, 특히 2021년과 2022년에 다시 증가하는 경향을 보이고 있습니다.",1249.0487927901377,2049.9375335615296,889.6343845797733,830.4678438945184,2480,3508
train,press,/workspace/data/train/json/MI3_240725_TY2_0155_2.json,/workspace/data/train/jpg/MI2_240725_TY2_0155_2.jpg,MI3_240725_TY2_0155_2,MI3_240725_TY2_0155_2_V01_1,V01,표,붙임 1 어린이 손상예방 현장 교육 개요와 관련된 시각요소에 대해 알려주세요.,이 시각요소는 어린이를 대상으로 한 손상예방 프로그램의 활동 일정을 나타냅니다. 이 요소의 범례는 어린이 체험활동과 손씻기 교육을 포함하여 다양한 프로그램을 보여줍니다. 이를 통해 어린이가 손상 예방을 위한 다양한 활동에 참여하고 있다는 추세를 확인할 수 있습니다.,276.56965709080623,1635.5064728009704,1933.5487952668404,1169.556661077015,2480,3508
train,press,/workspace/data/train/json/MI3_240725_TY2_0155_3.json,/workspace/data/train/jpg/MI2_240725_TY2_0155_3.jpg,MI3_240725_TY2_0155_3,MI3_240725_TY2_0155_3_V01_1,V01,표,진료결과 표에 대해 알려주세요,"진료결과 표는 헬멧 착용 여부에 따른 사고 발생 건수를 보여줍니다. 이 표는 귀가, 사망, 입원, 전원 등 다양한 결과를 포함하고 있습니다. 데이터를 기반으로 볼 때, 헬멧 미착용자의 경우 사고 발생이 더 높은 추세를 보이고 있습니다.",270.1231143156411,550.0154098663244,1927.7142034579895,738.3843804281528,2480,3508
train,press,/workspace/data/train/json/MI3_240725_TY2_0155_3.json,/workspace/data/train/jpg/MI2_240725_TY2_0155_3.jpg,MI3_240725_TY2_0155_3,MI3_240725_TY2_0155_3_V01_2,V01,표,진료결과 분율 차트에 대해 알려주세요,"진료결과 분율 차트는 헬멧 착용 여부에 따른 사고 발생 건수의 비율을 나타냅니다. 이 차트는 각 결과 항목별로 미착용과 착용의 비율을 시각적으로 비교할 수 있게 해줍니다. 분석 결과, 헬멧을 착용한 경우 귀가와 사망률이 상대적으로 낮은 경향을 보여줍니다.",273.47231466916026,1391.9238413505564,1947.5292814320228,778.8468312120176,2480,3508
train,press,/workspace/data/train/json/MI3_240725_TY2_0156_1.json,/workspace/data/train/jpg/MI2_240725_TY2_0156_1.jpg,MI3_240725_TY2_0156_1,MI3_240725_TY2_0156_1_V01_1,V01,표,다시 대한민국! 엠폭스 발생 추세에 대해 알려주세요.,"이 차트는 엠폭스 확진환자의 발생 추세를 보여줍니다. 범례에는 각 주차별 확진환자 수가 기재되어 있으며, 해당 숫자는 각 주의 발생한 환자의 수를 나타냅니다. 본문 내용을 바탕으로 보면, 6월까지 엠폭스 확진환자는 누적 106명에 달하며, 최근 몇 주 동안의 데이터에서는 증가세가 관찰되고 있습니다.",244.04635453633227,1426.3296703296694,1988.9670574414447,465.0720976111577,2480,3508
train,press,/workspace/data/train/json/MI3_240725_TY2_0156_2.json,/workspace/data/train/jpg/MI2_240725_TY2_0156_2.jpg,MI3_240725_TY2_0156_2,MI3_240725_TY2_0156_2_V02-8_1,V02-8,차트(혼합형),확진환자 발생 및 예방접종자 차트(혼합형)에 대해 알려주세요,"이 차트는 확진환자와 예방접종자의 변화를 시각적으로 표현한 것입니다. 범례에는 각 데이터 포인트가 무엇을 의미하는지가 명시되어 있어, 독자가 데이터를 쉽게 이해할 수 있도록 돕습니다. 본문과 함께 보면, 예방접종자의 수가 시간이 지남에 따라 변화하며, 특정 시점에서의 확진환자의 누적 접종 현황도 나타내고 있어 현재 상황에 대한 인사이트를 제공합니다.",307.80500012237303,417.65875524957903,1863.5847548887625,725.4195895367656,2480,3508
train,press,/workspace/data/train/json/MI3_240725_TY2_0156_4.json,/workspace/data/train/jpg/MI2_240725_TY2_0156_4.jpg,MI3_240725_TY2_0156_4,MI3_240725_TY2_0156_4_V01_5,V01,표,지역 접촉 경로 표에 대해 알려주세요,"지역 접촉 경로 표는 확진환자의 감염 경로를 구분하여 보여주는 데이터입니다. 이 표에서는 국내 감염, 해외 유입, 성 접촉, 의료 노출 등 다양한 범례를 포함하고 있습니다. 본문과 함께 분석해보면, 대다수의 확진환자가 국내에서 감염되었음을 알 수 있으며, 해외 유입은 상대적으로 적은 수치를 보이고 있습니다.",241.70677206980088,2602.0879120879135,1969.0376783572744,373.51715255620985,2480,3508
train,press,/workspace/data/train/json/MI3_240725_TY2_0156_5.json,/workspace/data/train/jpg/MI2_240725_TY2_0156_5.jpg,MI3_240725_TY2_0156_5,MI3_240725_TY2_0156_5_V02-1_1,V02-1,차트(세로 막대형),붙임 3 엠폭스 발생 현황 차트(세로 막대형)에 대해 알려주세요,"이 차트는 전 세계 엠폭스 확진자 수를 시간에 따라 보여줍니다. 범례는 보고일별 지역별 확진자 수를 구분하여 나타내고 있습니다. 이 시각요소는 아프리카, 중동, 유럽 등 여러 지역에서의 발생 추세를 한눈에 확인할 수 있게 도와줍니다.",274.38580239359754,844.1814023112839,1871.7732935216243,944.4615384615386,2480,3508
train,press,/workspace/data/train/json/MI3_240725_TY2_0156_5.json,/workspace/data/train/jpg/MI2_240725_TY2_0156_5.jpg,MI3_240725_TY2_0156_5,MI3_240725_TY2_0156_5_V02-1_2,V02-1,차트(세로 막대형),23년 아시아 국가별 확진자 수 차트(가로 막대형)에 대해 알려주세요,"이 차트는 일본, 대만, 한국 등 아시아 국가의 주차별 확진자 수를 보여줍니다. 범례는 각 국가별 확진자 수를 나타내며 시간 경과에 따른 변화를 확인할 수 있습니다. 최근 몇 개월 동안 일본과 대만의 확진자가 급증하고 있는 추세입니다.",333.12220073912704,2310.091817624053,1836.0785628625276,719.6887366760321,2480,3508
train,press,/workspace/data/train/json/MI3_240725_TY2_0157_1.json,/workspace/data/train/jpg/MI2_240725_TY2_0157_1.jpg,MI3_240725_TY2_0157_1,MI3_240725_TY2_0157_1_V01_1,V01,표,금기사항 주의사항에 대해 알려주세요,"이 시각요소는 금기사항과 주의사항을 설명합니다. 이 내용은 심한 면역결핍 상태나 특정 항바이러스제 사용에 대한 경고를 포함하고 있습니다. 본문에서는 이러한 조건들이 접종에 미치는 영향을 강조하며, 특히 고위험군에 대한 주의를 당부하고 있습니다.",247.95281333365972,2127.774976164621,2003.680670109399,524.9784401278511,2480,3508
train,press,/workspace/data/train/json/MI3_240725_TY2_0157_2.json,/workspace/data/train/jpg/MI2_240725_TY2_0157_2.jpg,MI3_240725_TY2_0157_2,MI3_240725_TY2_0157_2_V01_1,V01,표,이 시각요소 제목과 범례에 대해 알려주세요,"이 시각요소는 질병관리청의 책임자와 담당 부서에 대한 정보를 나타냅니다. 이 범례는 각 부서의 역할과 관련된 사람들을 명시합니다. 본문에서 다루어진 내용과 연계하여, 질병관리청은 백신 접종 후 발생할 수 있는 이상사례를 모니터링하고 있으며, 각 담당 부서는 이러한 관리 체계를 강화하기 위해 협력하고 있습니다.",244.5614919601556,2381.5985665790367,2001.7381727404,420.79179420097074,2480,3508
train,press,/workspace/data/train/json/MI3_240725_TY2_0158_1.json,/workspace/data/train/jpg/MI2_240725_TY2_0158_1.jpg,MI3_240725_TY2_0158_1,MI3_240725_TY2_0158_1_V01_1,V01,표,총괄 부서 에 대해 알려주세요,"총괄 부서 V01은 다양한 기관의 책임자와 담당자들의 정보를 시각적으로 표현한 것입니다. 이 V01의 범례는 각 기관의 역할과 책임자를 명확히 구분하여 보여줍니다. 본문과 시각요소를 기반으로 볼 때, 여러 기관이 공동으로 협력하고 있다는 추세를 알 수 있습니다.",239.88232702709297,303.18039875169325,2001.34108764287,781.6772458852455,2480,3508
train,press,/workspace/data/train/json/MI3_240725_TY2_0158_3.json,/workspace/data/train/jpg/MI2_240725_TY2_0158_3.jpg,MI3_240725_TY2_0158_3,MI3_240725_TY2_0158_3_V01_4,V01,표,수산생물 생물안전 관리 표에 대해 알려주세요,"수산생물 생물안전 관리 표는 수상자와 주요 공적을 정리한 자료입니다. 이 표의 범례는 각 기관이나 연구자들의 기여도를 나타내며, 다양한 생물안전 관련 활동을 포함합니다. 본문과 표를 기반으로 볼 때, 수상자들은 생물안전 분야에서의 연구 및 예방 활동에 상당히 기여하고 있으며, 이는 향후 연구 발전에 긍정적인 영향을 미칠 것으로 보입니다.",241.82482439609396,2477.9721929526627,1999.0015051763382,329.23684914602643,2480,3508
train,press,/workspace/data/train/json/MI3_240725_TY2_0158_3.json,/workspace/data/train/jpg/MI2_240725_TY2_0158_3.jpg,MI3_240725_TY2_0158_3,MI3_240725_TY2_0158_3_V01_5,V01,표,야생동물 생물안전 관리 표에 대해 알려주세요,"야생동물 생물안전 관리 표는 수상자와 그들이 속한 기관의 주요 공적을 요약한 자료입니다. 이 표의 범례는 각 기관이 수행하는 생물안전 관련 업무를 보여줍니다. 본문과 표를 통해 확인할 수 있듯이, 수상자들은 야생동물을 대상으로 한 생물안전 관리에서 중요한 역할을 하고 있으며, 이는 연구 및 정책 개발에 기여하고 있습니다.",237.91836559876643,2937.5712613114974,2000.4288651215156,240.67624232565277,2480,3508
train,press,/workspace/data/train/json/MI3_240725_TY2_0159_1.json,/workspace/data/train/jpg/MI2_240725_TY2_0159_1.jpg,MI3_240725_TY2_0159_1,MI3_240725_TY2_0159_1_V01_1,V01,표,국내 메르스 발생 보고와 관련된 표에 대해 알려주세요,"이 표는 국내외 메르스 환자 발생 현황과 질병 개요를 나타냅니다. 표의 범례는 여러 국가에서 발생한 메르스 확진자의 수를 구분하는 데 사용됩니다. 본문 내용에 따르면, 최근 몇 년간 사우디아라비아에서의 확진자 수가 꾸준히 보고되고 있으며, 이를 통해 메르스의 지속적인 감시가 필요함을 알 수 있습니다.",247.04059081230557,1498.2133657846587,1988.9670574414442,511.8310920390929,2480,3508
train,press,/workspace/data/train/json/MI3_240725_TY2_0159_2.json,/workspace/data/train/jpg/MI2_240725_TY2_0159_2.jpg,MI3_240725_TY2_0159_2,MI3_240725_TY2_0159_2_V02-4_1,V02-4,차트(꺾은선형),<연도별 환자 발생 현황> 차트(꺾은선형)에 대해 알려주세요,"<연도별 환자 발생 현황> 차트(꺾은선형)은 특정 기간 동안의 환자 수 변화를 시각적으로 보여줍니다. 이 차트는 연도별 데이터로 구성되어 있으며, 각 연도의 환자 수를 비교하는 데 사용됩니다. 분석 결과, 2020년부터 2023년까지의 추세를 살펴보면 전체적으로 감소세가 관찰되며, 특히 2022년에는 환자가 10명으로 줄어든 것을 확인할 수 있습니다.",322.71300780942784,2454.136609967668,1846.7792954358517,656.5302323163493,2480,3508
train,press,/workspace/data/train/json/MI3_240725_TY2_0159_3.json,/workspace/data/train/jpg/MI2_240725_TY2_0159_3.jpg,MI3_240725_TY2_0159_3,MI3_240725_TY2_0159_3_V01_1,V01,표,MERS 코로나바이러스 현황 차트에 대해 알려주세요,"MERS 코로나바이러스 현황 차트는 중동지역에서의 MERS 발생현황을 시각적으로 나타냅니다. 이 차트는 특정 기간 동안의 환자 수와 치명률 등을 나타내는 범례를 포함하고 있습니다. 2012년부터 2023년까지의 데이터에 따르면, MERS 환자는 꾸준히 발생하고 있으며, 고위험군에서는 높은 치명률이 보고되고 있습니다.",270.22177488435835,486.94463679522516,1937.1313541692157,2668.7759797242147,2480,3508
train,press,/workspace/data/train/json/MI3_240725_TY2_0159_5.json,/workspace/data/train/jpg/MI2_240725_TY2_0159_5.jpg,MI3_240725_TY2_0159_5,MI3_240725_TY2_0159_5_V01_1,V01,표, 본문 에 대해 알려주세요,"V01은 표를 의미하며, 데이터의 정량적 비교를 시각적으로 나타냅니다. 이 표는 메르스 환자 발생 국가 현황 및 예방 행동 수칙을 포함하고 있습니다. 해당 데이터는 여행 시 주의해야 할 사항들을 정리하여, 특정 지역에서의 위험성을 알리는 추세를 보여줍니다.",273.4521158129176,484.40089086859683,1937.6035634743878,2539.198218262806,2480,3508
train,press,/workspace/data/train/json/MI3_240725_TY2_0160_1.json,/workspace/data/train/jpg/MI2_240725_TY2_0160_1.jpg,MI3_240725_TY2_0160_1,MI3_240725_TY2_0160_1_V01_1,V01,표,코로나19 대응 차트(표)에 대해 알려주세요,"코로나19 대응에 대한 차트는 다양한 데이터와 정보를 시각적으로 표현한 것입니다. 이 표에는 각 부서의 책임자와 담당자가 나열되어 있어, 관리 체계를 이해하는 데 도움이 됩니다. 본문과 차트를 통해 코로나19 대응의 조직 구조와 역할을 명확히 알 수 있습니다.",241.96434078171254,1374.0976466494108,1996.1253212266577,540.881880667998,2480,3508
train,press,/workspace/data/train/json/MI3_240725_TY2_0160_2.json,/workspace/data/train/jpg/MI2_240725_TY2_0160_2.jpg,MI3_240725_TY2_0160_2,MI3_240725_TY2_0160_2_V01_1,V01,표,붙임 제12회 한국정책학회 한국정책대상 개요 기조강연 차트에 대해 알려주세요,"기조강연 차트는 행사 일정과 주요 내용을 시각적으로 나타낸 것입니다. 이 차트의 범례는 각 세부 내용이 시간에 따라 어떻게 구성되어 있는지를 보여줍니다. 본문과 시각요소를 기반으로 볼 때, 개회식과 기조강연은 효율적으로 진행될 예정이며, 각 발표자는 주어진 시간 내에 자신의 내용을 전달할 것으로 보입니다.",250.68948089772132,2283.4005971213023,1995.6101838028344,915.0338033326268,2480,3508
train,press,/workspace/data/train/json/MI3_240725_TY2_0162_1.json,/workspace/data/train/jpg/MI2_240725_TY2_0162_1.jpg,MI3_240725_TY2_0162_1,MI3_240725_TY2_0162_1_V01_1,V01,표,비브리오패혈증 개요와 관련된 시각요소 표에 대해 알려주세요,"이 표는 비브리오패혈증의 원인, 증상 및 치료 방법에 대한 정보를 제공합니다. 표의 범례는 감염 경로, 병원소, 그리고 치사율 등을 포함하여 독자가 이해하기 쉽게 설명하고 있습니다. 본문과 이 표를 기반으로 볼 때, 비브리오패혈증은 주로 해수와 어패류를 통해 전파되며, 적절한 조치를 취하지 않을 경우 높은 치사율을 보일 수 있습니다.",230.24496438973057,468.58208306255364,1985.833304779852,2622.413509621509,2480,3508
train,press,/workspace/data/train/json/MI3_240725_TY2_0162_2.json,/workspace/data/train/jpg/MI2_240725_TY2_0162_2.jpg,MI3_240725_TY2_0162_2,MI3_240725_TY2_0162_2_V02-4_1,V02-4,차트(꺾은선형),연도별 비브리오패혈증 환자 및 사망자 발생 현황 꺾은선형에 대해 알려주세요,"이 꺾은선형은 2018년부터 2022년까지의 비브리오패혈증 환자 발생 건수를 시각적으로 표현합니다. 이 차트는 각 연도의 월별 발생 건수를 나타내며, 특정 연도와 월에 따른 변화를 쉽게 비교할 수 있도록 돕습니다. 데이터에 따르면, 최근 몇 년 간 비브리오패혈증 환자의 발생 건수는 다소 증가하는 추세를 보이고 있습니다.",291.5785139137033,600.5108217510563,1871.1186397121812,418.70962750845183,2480,3508
train,press,/workspace/data/train/json/MI3_240725_TY2_0162_2.json,/workspace/data/train/jpg/MI2_240725_TY2_0162_2.jpg,MI3_240725_TY2_0162_2,MI3_240725_TY2_0162_2_V01_1,V01,표,(단위: 명) 월 발생건수 표에 대해 알려주세요,"이 표는 2018년부터 2022년까지의 월별 비브리오패혈증 환자의 발생 건수 및 사망자를 정리한 것입니다. 각 연도별로 발생 건수와 함께 사망자 수를 함께 보여주어 더 자세한 이해를 가능하게 합니다. 데이터 분석 결과, 특정 월에 따라 환자의 수가 급증하는 경향을 확인할 수 있습니다.",269.05198365109266,1186.3077759376572,1949.7629530825513,685.1649187948018,2480,3508
train,press,/workspace/data/train/json/MI3_240725_TY2_0162_2.json,/workspace/data/train/jpg/MI2_240725_TY2_0162_2.jpg,MI3_240725_TY2_0162_2,MI3_240725_TY2_0162_2_V01_2,V01,표,계열별 비브리오패혈증환자 현황 표에 대해 알려주세요,"이 표는 성별, 연령대, 기저질환 여부 등에 따른 비브리오패혈증 환자의 분포를 보여줍니다. 범례에는 각 항목별 비율과 총합이 포함되어 있어 다양한 인구 집단의 영향을 분석할 수 있습니다. 데이터 분석 결과, 성별과 연령대에 따라 발병률이 상이하며 기저질환을 가진 경우가 더 높은 경향을 보입니다.",255.90524731393313,2014.2087912087907,1965.2492718862409,1161.0443741937859,2480,3508
train,press,/workspace/data/train/json/MI3_240725_TY2_0164_1.json,/workspace/data/train/jpg/MI2_240725_TY2_0164_1.jpg,MI3_240725_TY2_0164_1,MI3_240725_TY2_0164_1_V01_1,V01,표,환자수 참여 기관 기간 운영 구분 표에 대해 알려주세요,"이 표는 온열질환자의 신고 및 치료를 위해 참여한 의료기관의 환자 수와 운영 기간을 정리한 것입니다. 각 기간별로 참여 기관 수와 환자 수의 변화를 보여주며, 이는 의료 서비스의 가용성과 효율성을 평가하는 데 중요한 지표가 됩니다. 2011년부터 2022년까지의 데이터는 전반적으로 온열질환 환자 수의 증가 추세를 나타내고 있습니다.",268.1397611297387,996.554861424979,1954.5816344012323,602.9895127688073,2480,3508
train,press,/workspace/data/train/json/MI3_240725_TY2_0164_1.json,/workspace/data/train/jpg/MI2_240725_TY2_0164_1.jpg,MI3_240725_TY2_0164_1,MI3_240725_TY2_0164_1_V02-8_1,V02-8,차트(혼합형),<온열질환자 수 및 평균최고기온 추이('23년 - '22년 비교)> 혼합형 차트에 대해 알려주세요,"이 혼합형 차트는 2023년과 2022년의 온열질환자 수와 평균 최고 기온을 비교하여 시각적으로 표현합니다. 차트는 두 해의 데이터를 기반으로 하여 기온 변화가 온열질환 발생에 미치는 영향을 분석하는 데 도움을 줍니다. 결과적으로, 기온 상승과 함께 온열질환자의 수가 증가하는 경향이 관찰됩니다.",301.61296164859635,2356.592988443574,1873.9733596025349,785.8415792702872,2480,3508
train,press,/workspace/data/train/json/MI3_240725_TY2_0164_2.json,/workspace/data/train/jpg/MI2_240725_TY2_0164_2.jpg,MI3_240725_TY2_0164_2,MI3_240725_TY2_0164_2_V01_1,V01,표,주별신고현황 표에 대해 알려주세요,"주별신고현황 표는 특정 기간 동안의 중상발생 온열질환자 및 사망자 수를 요약한 데이터입니다. 이 표에는 각 주마다의 환자 수와 사망 추정치가 포함되어 있습니다. 전체적으로 보면, 첫 주에 비해 5주 차에 환자 수가 다소 감소한 경향을 보이며, 주별로 편차가 있는 것을 확인할 수 있습니다.",273.3555275459505,399.95054945054926,1936.3371839741544,538.2644889334304,2480,3508
train,press,/workspace/data/train/json/MI3_240725_TY2_0164_2.json,/workspace/data/train/jpg/MI2_240725_TY2_0164_2.jpg,MI3_240725_TY2_0164_2,MI3_240725_TY2_0164_2_V01_2,V01,표,성별 표에 대해 알려주세요,"성별 표는 환자의 성비와 총 환자 수를 나타내는 데이터입니다. 이 표에서는 남성과 여성 각각의 환자 수와 그 구성비율이 기록되어 있습니다. 전체적으로 남자가 더 높은 비율로 나타나며, 여성보다 많은 발생률을 보이고 있습니다.",269.44906874862346,1087.1976349378695,1939.9860740595705,240.41841871724301,2480,3508
train,press,/workspace/data/train/json/MI3_240725_TY2_0164_2.json,/workspace/data/train/jpg/MI2_240725_TY2_0164_2.jpg,MI3_240725_TY2_0164_2,MI3_240725_TY2_0164_2_V01_3,V01,표,연령별 표에 대해 알려주세요,연령별 표는 다양한 연령대에서의 환자 분포를 보여주는 자료입니다. 이 표에는 각 연령대(0-9세부터 80세 이상)에서의 환자 수와 그 구성비율이 포함되어 있습니다. 전반적으로 60세 이상의 고령층에서 높은 발생률을 보이는 경향이 있습니다.,264.8879561418534,1478.4229932931094,1939.728505347659,259.95096760038035,2480,3508
train,press,/workspace/data/train/json/MI3_240725_TY2_0164_2.json,/workspace/data/train/jpg/MI2_240725_TY2_0164_2.jpg,MI3_240725_TY2_0164_2,MI3_240725_TY2_0164_2_V01_4,V01,표,질환별 표에 대해 알려주세요,"질환별 표는 온열질환의 종류별 환자 수를 정리한 것입니다. 이 자료에는 연사병, 열탈진 등 다양한 질환과 해당 질환에서 발생한 환자의 수와 비율이 나열되어 있습니다. 특히 열탈진과 연사병이 가장 높은 비율로 나타나는 것을 볼 수 있습니다.",271.2735137913308,1886.1865622969149,1930.3487114222085,244.06710488545772,2480,3508
train,press,/workspace/data/train/json/MI3_240725_TY2_0164_2.json,/workspace/data/train/jpg/MI2_240725_TY2_0164_2.jpg,MI3_240725_TY2_0164_2,MI3_240725_TY2_0164_2_V01_5,V01,표,발생장소별 표에 대해 알려주세요,"발생장소별 표는 온열질환이 발생한 장소를 분류하여 보여주는 자료입니다. 실내외 구분, 운동장, 강가 등 다양한 장소에서의 환자 수와 그 비율이 기록되어 있습니다. 대체로 운동장에서 발생하는 사례가 가장 많다는 점을 확인할 수 있습니다.",264.63038742994195,2275.5875775680474,1951.4478817396414,464.159926069104,2480,3508
train,press,/workspace/data/train/json/MI3_240725_TY2_0164_2.json,/workspace/data/train/jpg/MI2_240725_TY2_0164_2.jpg,MI3_240725_TY2_0164_2,MI3_240725_TY2_0164_2_V01_6,V01,표,발생시간별 표에 대해 알려주세요,"발생시간별 표는 시간대 별 온열질환자의 발생 현황을 정리한 것입니다. 이 자료에는 시간 구간 별로 집계된 환자수와 구성비율이 포함되어 있습니다. 특히 10-12시 사이에 가장 많은 발병 사례가 보고되고 있으며, 이는 활동적인 시간대임을 시사합니다.",273.3555275459508,2883.653595263944,1944.8047553782517,286.7808888199512,2480,3508
train,press,/workspace/data/train/json/MI3_240725_TY2_0165_1.json,/workspace/data/train/jpg/MI2_240725_TY2_0165_1.jpg,MI3_240725_TY2_0165_1,MI3_240725_TY2_0165_1_V02-1_1,V02-1,차트(세로 막대형),전체 채집지점 모기지수 차트(세로 막대형)에 대해 알려주세요,"전체 채집지점 모기지수 차트(세로 막대형)는 특정 기간 동안의 모기 수치를 시각적으로 나타낸 것입니다. 이 차트는 다양한 주별 데이터를 비교하는 데 도움을 줍니다. 최근 몇 주간의 데이터에 따르면, 모기 수가 증가하는 추세를 보이고 있습니다.",272.81892606280127,421.3074414177943,1949.6449007562587,462.732107310225,2480,3508
train,press,/workspace/data/train/json/MI3_240725_TY2_0165_1.json,/workspace/data/train/jpg/MI2_240725_TY2_0165_1.jpg,MI3_240725_TY2_0165_1,MI3_240725_TY2_0165_1_V02-4_1,V02-4,차트(꺾은선형),전체 채집지점 모기지수 차트(꺾은선형)에 대해 알려주세요,"전체 채집지점 모기지수 차트(꺾은선형)는 시간에 따른 모기의 변화 추세를 보여줍니다. 이 꺾은선형 차트는 각 주차별로 나타난 평균 기온과 함께 매개모기의 생태적 변화를 설명합니다. 분석 결과, 올해의 경우 과거 수년과 비교해 모기의 활동이 더 빨라진 것으로 나타났습니다.",268.9979808610117,1480.5051599856304,1921.9240681367608,638.9411494089137,2480,3508
train,press,/workspace/data/train/json/MI3_240725_TY2_0165_2.json,/workspace/data/train/jpg/MI2_240725_TY2_0165_2.jpg,MI3_240725_TY2_0165_2,MI3_240725_TY2_0165_2_V02-4_1,V02-4,차트(꺾은선형),2023년과 2024년의 음악세계 차트에 대해 알려주세요,"이 차트는 2023년과 2024년 동안의 음악 세계의 변화를 시각적으로 나타냅니다. 이 차트는 주별 말라리아 환자의 발생 추이를 보여주며, 그에 따른 변화도 함께 표현하고 있습니다. 데이터에 따르면 특정 시점에서 환자 수가 급증하거나 감소하는 경향을 보이고 있어, 이는 말라리아 예방 및 관리에 중요한 정보를 제공합니다.",433.3482831199981,307.602555745144,1538.8120732274406,672.6719186396832,2480,3508
train,press,/workspace/data/train/json/MI3_240725_TY2_0165_3.json,/workspace/data/train/jpg/MI2_240725_TY2_0165_3.jpg,MI3_240725_TY2_0165_3,MI3_240725_TY2_0165_3_V01_1,V01,표,말라리아 주의보 및 경보 발령 기준에 대해 알려주세요,"이 시각요소는 말라리아 주의보 및 경보 발령 기준에 대한 정보를 제공합니다. 이 기준은 매개모기의 개체 수와 군집사례 발생을 기반으로 하여 설정됩니다. 해당 시각요소는 특정 지역에서의 말라리아 감염 위험도를 나타내며, 이를 통해 예방 조치와 홍보 활동을 효과적으로 수행할 수 있습니다.",385.4730414351794,1305.8626373626382,1702.5828458846277,754.4508003404459,2480,3508
train,press,/workspace/data/train/json/MI3_240725_TY2_0165_4.json,/workspace/data/train/jpg/MI2_240725_TY2_0165_4.jpg,MI3_240725_TY2_0165_4,MI3_240725_TY2_0165_4_V01_1,V01,표,말라리아 관련 질의응답에서 시각요소 차트에 대해 알려주세요,"이 차트는 말라리아 위험지역에 대한 정보를 시각적으로 나타냅니다. 각 지역의 감염 위험도를 한눈에 파악할 수 있도록 구성되어 있으며, 특정 지역의 상황을 쉽게 비교할 수 있습니다. 본문에 언급된 서울시, 인천시, 경기도 및 강원도 내 여러 시군구에서의 말라리아 발생 경향이 반영되어 있어, 해당 지역들의 상대적인 위험성을 이해하는 데 도움이 됩니다.",284.677818840402,2491.258241758243,1934.7917717026853,617.1877331164378,2480,3508
train,press,/workspace/data/train/json/MI3_240725_TY2_0166_2.json,/workspace/data/train/jpg/MI2_240725_TY2_0166_2.jpg,MI3_240725_TY2_0166_2,MI3_240725_TY2_0166_2_V01_1,V01,표,2024년 질병관리 규제혁신 추진 과제 목록에 대한 세로 막대형 차트에 대해 알려주세요,"세로 막대형 차트는 다양한 항목의 상대적인 크기를 비교하는 데 사용됩니다. 이 차트에서는 각 과제가 소속 부서와 함께 나열되어 있어, 각 분야의 중요도를 시각적으로 나타낼 수 있습니다. 이를 통해 특정 과제들이 어느 정도 비중을 차지하고 있는지를 쉽게 파악할 수 있습니다.",236.88809075111996,470.4064261466614,2003.541153723782,2729.852317391377,2480,3508
train,press,/workspace/data/train/json/MI3_240725_TY2_0167_1.json,/workspace/data/train/jpg/MI2_240725_TY2_0167_1.jpg,MI3_240725_TY2_0167_1,MI3_240725_TY2_0167_1_V01_1,V01,표,지난 주 확진환자 수와 관련된 표에 대해 알려주세요,"확진환자 수를 시각적으로 나타낸 표입니다. 이 표는 각 주별로 발생한 확진환자의 수를 보여주며, 2023년도와 이전 년도의 데이터를 비교할 수 있습니다. 최근 몇 주 동안의 데이터에 따르면 확진환자 수가 증가하는 추세를 보이고 있습니다.",239.04849498327752,1249.225809125333,1992.070791527313,386.7511440525692,2480,3508
train,press,/workspace/data/train/json/MI3_240725_TY2_0167_1.json,/workspace/data/train/jpg/MI2_240725_TY2_0167_1.jpg,MI3_240725_TY2_0167_1,MI3_240725_TY2_0167_1_V02-8_1,V02-8,차트(혼합형),예방접종자의 현황과 관련된 차트(혼합형)에 대해 알려주세요,이 차트는 예방접종자 수를 다양한 방식으로 시각화한 혼합형 차트입니다. 차트는 첫 번째 및 두 번째 접종자의 누적 접종자를 한눈에 볼 수 있도록 해줍니다. 최근의 데이터에서는 고위험군을 대상으로 한 예방접종이 활발하게 진행되고 있음을 알 수 있습니다.,256.7169931517758,2456.899153248442,1931.089345437171,662.3931036215432,2480,3508
train,press,/workspace/data/train/json/MI3_240725_TY2_0167_2.json,/workspace/data/train/jpg/MI2_240725_TY2_0167_2.jpg,MI3_240725_TY2_0167_2,MI3_240725_TY2_0167_2_V01_5,V01,표,인지경로 표에 대해 알려주세요,"인지경로 표는 확진환자의 감염 경로를 구분하여 보여주는 데이터입니다. 이 표는 본인 신고, 의료기관 신고, 밀접접촉자 등의 항목으로 나누어져 있으며 각각의 신고에 따른 확진환자 수를 나타냅니다. 데이터에 따르면, 본인 신고를 통해 확인된 환자가 가장 많으며, 이는 역학조사와 관련된 정보를 이해하는 데 중요한 통찰을 제공합니다.",242.05144131231077,2104.8559028307827,1972.5167224080283,380.39631002190424,2480,3508
train,press,/workspace/data/train/json/MI3_240725_TY2_0167_2.json,/workspace/data/train/jpg/MI2_240725_TY2_0167_2.jpg,MI3_240725_TY2_0167_2,MI3_240725_TY2_0167_2_V01_6,V01,표,추정감염경로 표에 대해 알려주세요,"추정감염경로 표는 국내와 해외 유입, 성 접촉 등 다양한 감염 경로를 시각화한 데이터입니다. 이 표는 각 경로별 확진환자 수를 정리하여 보여줍니다. 분석 결과, 국내 감염이 압도적으로 많아 보이며, 이는 지역 내 전파가 주요한 문제임을 시사합니다.",238.1406274884536,2653.2777397275004,1975.5196687370585,391.5698253712509,2480,3508
train,press,/workspace/data/train/json/MI3_240725_TY2_0167_3.json,/workspace/data/train/jpg/MI2_240725_TY2_0167_3.jpg,MI3_240725_TY2_0167_3,MI3_240725_TY2_0167_3_V02-1_1,V02-1,차트(세로 막대형),<'22-'23년 전 세계 엠폭스 발생 현황 차트(세로 막대형)에 대해 알려주세요,"<'22-'23년 전 세계 엠폭스 발생 현황 차트(세로 막대형)은 2022년부터 2023년까지의 확진자 수를 지역별로 나타내는 시각적 자료입니다. 이 차트에서는 아프리카, 중동, 유럽, 미주, 동남아시아 및 서태평양 등의 지역을 포함한 확진자 수의 변화를 보여줍니다. 전체적으로 보았을 때, 특정 지역에서 확진자 수가 급증하거나 감소하는 추세를 확인할 수 있습니다.",308.53527631788495,860.7282891780512,1811.894011785316,920.0886177142115,2480,3508
train,press,/workspace/data/train/json/MI3_240725_TY2_0167_3.json,/workspace/data/train/jpg/MI2_240725_TY2_0167_3.jpg,MI3_240725_TY2_0167_3,MI3_240725_TY2_0167_3_V02-1_2,V02-1,차트(세로 막대형),<'23년 아시아 국가별/주차별 발생현황 차트(세로 막대형)에 대해 알려주세요,"<'23년 아시아 국가별/주차별 발생현황 차트(세로 막대형)은 2023년에 아시아 국가들에서 발생한 엠폭스 감염자의 수를 주차별로 시각화한 것입니다. 각 주마다 일본, 대만, 한국 등 주요 국가들의 데이터를 비교하여 나타내며, 이를 통해 특정 기간에 따른 감염자의 증가나 감소 추세를 파악할 수 있습니다. 특히 주간 변화가 뚜렷하게 나타나는 경향이 있으며, 이러한 데이터는 방역 정책 수립에 중요한 참고자료가 됩니다.",335.0582895365502,2283.1471116219896,1843.809046026438,742.7052423559578,2480,3508
train,press,/workspace/data/train/json/MI3_240725_TY2_0167_4.json,/workspace/data/train/jpg/MI2_240725_TY2_0167_4.jpg,MI3_240725_TY2_0167_4,MI3_240725_TY2_0167_4_V01_1,V01,표,엠폭스 질병개요에 대한 표에 대해 알려주세요,"이 표는 엠폭스에 대한 주요 정보를 정리한 것입니다. 이 표의 범례는 엠폭스 바이러스 감염의 발생 현황과 병원체, 전파 경로, 증상 및 예방 방법을 포함합니다. 2022년 이후 유럽과 북미에서 유행하고 있는 사례를 기반으로 보면, 감염 사례가 증가하고 있으며, 주요 증상으로 발진과 발열이 나타나는 것으로 보입니다.",231.1570313744225,516.1579294067426,1997.2386526516955,2690.0808143822373,2480,3508
train,press,/workspace/data/train/json/MI3_240725_TY2_0170_1.json,/workspace/data/train/jpg/MI2_240725_TY2_0170_1.jpg,MI3_240725_TY2_0170_1,MI3_240725_TY2_0170_1_V01_1,V01,표,붙임 1 호남권 감염병전문병원건립 착공식 개요와 관련된 시간 행사내용 비고 차트에 대해 알려주세요,"시간 행사내용 비고 차트는 특정 이벤트의 일정과 그에 따른 활동 내용을 시각적으로 나타낸 것입니다. 이 차트의 범례는 각 시간대에 진행되는 행사와 그 내용을 설명합니다. 본문과 시각 요소를 기반으로 해당 차트에서는 감염병전문병원 건립 착공식에서의 주요 일정과 참석자 소개가 포함되어 있어, 감염병 대응체계 구축을 위한 중요한 행사의 흐름을 보여줍니다.",255.37569676700096,1735.5542394286463,2017.2486064659977,1433.1589774855206,2480,3508
train,press,/workspace/data/train/json/MI3_240725_TY2_0170_2.json,/workspace/data/train/jpg/MI2_240725_TY2_0170_2.jpg,MI3_240725_TY2_0170_2,MI3_240725_TY2_0170_2_V01_1,V01,표,붙임 3 감염병전문병원 중심 의료대응체계 구축사업 개요 권역별 감염병전문병원 특성화 사업 현황 표에 대해 알려주세요,"권역별 감염병전문병원 특성화 사업 현황 표는 각 권역의 감염병 전문 병원의 특성과 대응 체계, 교육 및 훈련 등의 정보를 담고 있습니다. 이 표는 수도권, 충청권, 호남권 등 각 지역의 특성을 시각적으로 비교하는 데 유용한 자료를 제공합니다. 본문에서 언급된 내용과 함께, 다양한 권역에서의 응답 계획 및 자원 조사가 어떻게 이루어지는지를 보여주며, 신종감염병 발생에 대한 준비 상태를 평가할 수 있는 기초 자료를 제공합니다.",268.0000531154285,2464.0000467682826,1976.0,331.9999220528613,2480,3508
train,press,/workspace/data/train/json/MI3_240725_TY2_0170_3.json,/workspace/data/train/jpg/MI2_240725_TY2_0170_3.jpg,MI3_240725_TY2_0170_3,MI3_240725_TY2_0170_3_V01_1,V01,표,붙임 4 호남권 유관기관 감염병 대응 협력 강화 간담회 개요에 대한 시간 행사내용 및 표에 대해 알려주세요,"시간 행사내용은 다양한 활동과 일정이 포함된 표 형식입니다. 이 표의 범례는 각 시간대에 진행되는 구체적인 행사 내용을 설명합니다. 본문과 시각요소를 기반으로 할 때, 제시된 일정들은 질병 대응을 위한 회의와 준비 과정에서의 주요 활동들을 체계적으로 정리하고 있습니다.",247.28664328732995,2279.375935200102,2013.337543836256,853.3372817140628,2480,3508
train,press,/workspace/data/train/json/MI3_240725_TY2_0172_1.json,/workspace/data/train/jpg/MI2_240725_TY2_0172_1.jpg,MI3_240725_TY2_0172_1,MI3_240725_TY2_0172_1_V02-4_1,V02-4,차트(꺾은선형),급성심장정지 생존율 및 뇌기능회복률 추이에 대해 알려주세요,"이 차트는 급성심장정지 환자의 생존율과 뇌기능회복률의 추세를 나타냅니다. 차트의 범례는 생존율과 뇌기능회복률로 구성되어 있습니다. 2018년부터 2023년 상반기까지의 데이터를 기반으로, 전반적으로 두 지표 모두 증가하는 경향을 보이고 있으며 특히 최근 해에는 상승폭이 눈에 띄게 증가하고 있습니다.",315.64332164366493,991.7325436571872,1825.2483742471732,1060.8915211427081,2480,3508
train,press,/workspace/data/train/json/MI3_240725_TY2_0172_2.json,/workspace/data/train/jpg/MI2_240725_TY2_0172_2.jpg,MI3_240725_TY2_0172_2,MI3_240725_TY2_0172_2_V02-4_1,V02-4,차트(꺾은선형),일반인 심폐소생술 시행률 추이 꺾은선형에 대해 알려주세요,"일반인 심폐소생술 시행률 추이를 나타내는 꺾은선형 그래프입니다. 이 그래프는 2018년부터 2023년 상반기까지의 연도별 비율을 보여줍니다. 전반적으로 심폐소생술 시행률이 감소하는 경향을 보이며, 특히 2020년에서 2021년 사이에 큰 변화가 있었음을 알 수 있습니다.",318.84079534191125,463.5542394286462,1896.535017534503,1212.0773069720854,2480,3508
train,press,/workspace/data/train/json/MI3_240725_TY2_0172_2.json,/workspace/data/train/jpg/MI2_240725_TY2_0172_2.jpg,MI3_240725_TY2_0172_2,MI3_240725_TY2_0172_2_V02-1_1,V02-1,차트(세로 막대형),일반인 심폐소생술 시행 생존율 및 뇌기능회복률 차트(세로 막대형)에 대해 알려주세요,일반인 심폐소생술 시행과 미시행에 따른 생존율 및 뇌기능회복률을 비교한 세로 막대형 차트입니다. 이 차트는 각 항목의 비율을 시각적으로 표현하여 두 집단 간의 성과를 명확히 보여줍니다. 생존율과 뇌기능회복률 모두에서 시행군이 미시행군보다 월등히 높은 비율을 나타내고 있습니다.,315.3758128764137,1879.821695771459,1889.6050526035078,1313.3135914296904,2480,3508
train,press,/workspace/data/train/json/MI3_240725_TY2_0172_3.json,/workspace/data/train/jpg/MI2_240725_TY2_0172_3.jpg,MI3_240725_TY2_0172_3,MI3_240725_TY2_0172_3_V01_1,V01,표,최근 5년간(2018~2023년 상반기) 급성심장정지 이송 및 조사 현황 표에 대해 알려주세요,"최근 5년간 급성심장정지 이송 및 조사 현황을 보여주는 표입니다. 이 표는 연도별로 119구급대 이송 환자 수, 의무기록 조사 완료자 수, 그리고 조사율을 나타냅니다. 데이터에 따르면, 급성심장정지 환자의 이송 수가 매년 증가하는 추세를 보이고 있으며, 전반적으로 높은 조사율을 유지하고 있습니다.",251.28667515658626,1223.4651184932313,1966.1400701380103,573.5155859426028,2480,3508
train,press,/workspace/data/train/json/MI3_240725_TY2_0172_3.json,/workspace/data/train/jpg/MI2_240725_TY2_0172_3.jpg,MI3_240725_TY2_0172_3,MI3_240725_TY2_0172_3_V03_1,V03,다이어그램,수행체계 다이어그램에 대해 알려주세요,수행체계의 구조와 관계를 보여주는 다이어그램입니다. 이 다이어그램은 국가 심장정지 조사와 관련된 다양한 기관들의 역할과 협력 관계를 설명합니다. 이를 통해 급성심장정지 대응 체계의 복잡성과 각 기관의 협력 필요성을 강조하고 있습니다.,208.00000000000003,2356.0000000000005,2071.9998406537147,535.9999688211436,2480,3508
train,press,/workspace/data/train/json/MI3_240725_TY2_0175_1.json,/workspace/data/train/jpg/MI2_240725_TY2_0175_1.jpg,MI3_240725_TY2_0175_1,MI3_240725_TY2_0175_1_V01_1,V01,표,희귀질환자 DB의 표에 대해 알려주세요,"표는 데이터를 정리하여 시각적으로 표현하는 방법입니다. 이 표에는 일반정보와 임상정보에 대한 설명이 포함되어 있으며, 각 변수는 성별, 연령, 가족 관계 등 다양한 정보를 포함합니다. 본문과 표를 통해 희귀질환 연구 참여자의 다양한 임상적 특성과 정보를 파악할 수 있습니다.",287.64332164366533,671.2867830858337,1857.5158830144235,349.6047380568736,2480,3508
train,press,/workspace/data/train/json/MI3_240725_TY2_0175_1.json,/workspace/data/train/jpg/MI2_240725_TY2_0175_1.jpg,MI3_240725_TY2_0175_1,MI3_240725_TY2_0175_1_V01_2,V01,표,한국인유전체역학조사사업의 표에 대해 알려주세요,"표는 정보를 정리하고 비교하기 쉽게 만든 데이터 구조입니다. 이 표에는 기본정보, 일반사항, 질병 과거력 등 여러 항목이 있으며, 각 항목은 건강 관련 통계와 변수를 나타냅니다. 본문과 함께 분석하면 한국인의 건강 상태 및 질병 발생 경향을 알 수 있습니다.",255.554152054581,1555.7325436571878,1897.2483742471723,1372.891521142707,2480,3508
train,press,/workspace/data/train/json/MI3_240725_TY2_0175_2.json,/workspace/data/train/jpg/MI2_240725_TY2_0175_2.jpg,MI3_240725_TY2_0175_2,MI3_240725_TY2_0175_2_V01_1,V01,표,울산 만명 게놈프로젝트에 대한 시각적 표현으로써 다양한 데이터를 포함하는 표 형식에 대해 알려주세요,"이 표는 울산 만명 게놈프로젝트의 각종 변수와 그 설명을 요약한 것입니다. 표의 범례에는 기본정보, 신체계측, 혈압검사 등 다양한 검사 항목이 포함되어 있습니다. 본문에서 제공된 데이터는 건강 관련 여러 변수들을 나타내며, 이는 프로젝트 참여자들의 건강 상태 및 관련 정보를 분석하는 데 기여합니다.",267.8216608218323,775.5542394286464,1856.891695890838,2297.248129599789,2480,3508
train,press,/workspace/data/train/json/MI3_240725_TY2_0175_3.json,/workspace/data/train/jpg/MI2_240725_TY2_0175_3.jpg,MI3_240725_TY2_0175_3,MI3_240725_TY2_0175_3_V01_1,V01,표,4 자페스펙트럼장애 DB에 대해 알려주세요,"이 데이터베이스는 자폐 스펙트럼 장애 관련 정보를 수집한 표 형식입니다. 표의 범례는 각 변수에 대한 설명과 샘플 번호, 검사 기관 정보 등으로 구성되어 있습니다. 이 데이터를 통해 다양한 변수와 환자들의 정보가 어떻게 연관되는지를 파악할 수 있습니다.",267.46498246549737,847.7325436571871,1949.159204658089,2168.802369028438,2480,3508
train,press,/workspace/data/train/json/MI3_240725_TY2_0175_4.json,/workspace/data/train/jpg/MI2_240725_TY2_0175_4.jpg,MI3_240725_TY2_0175_4,MI3_240725_TY2_0175_4_V01_1,V01,표,5 대장암 DB의 표에 대해 알려주세요,"표는 데이터의 구조와 내용을 명확하게 제시합니다. 이 표는 다양한 환자 정보와 진단, 치료 관련 변수를 나열하여 각 변수의 설명을 제공합니다. 분석된 데이터에 따르면, 여러 변수들 간의 관계를 통해 대장암 환자들의 치료 및 생존 경과를 이해할 수 있습니다.",283.5541520545812,907.3759352001044,1865.1592046580888,981.0698253712497,2480,3508
train,press,/workspace/data/train/json/MI3_240725_TY2_0175_4.json,/workspace/data/train/jpg/MI2_240725_TY2_0175_4.jpg,MI3_240725_TY2_0175_4,MI3_240725_TY2_0175_4_V01_2,V01,표,6 폐암 DB의 표에 대해 알려주세요,"표는 연구에서 수집한 데이터를 체계적으로 정리하여 시각화합니다. 이 표에서는 환자의 정보, 진단시 정보, 생존 정보 등을 포함하여 각 항목에 대한 세부적인 설명을 제시합니다. 이를 통해 폐암 환자들의 특성과 추세를 파악하고 연구 결과를 해석하는 데 도움이 됩니다.",283.3758128764139,2635.465087314376,1885.1592046580884,512.8915211427067,2480,3508
train,press,/workspace/data/train/json/MI3_240725_TY2_0175_5.json,/workspace/data/train/jpg/MI2_240725_TY2_0175_5.jpg,MI3_240725_TY2_0175_5,MI3_240725_TY2_0175_5_V01_1,V01,표,7 치매 DB의 연번 구분(변수수) 변수 설명에 대해 알려주세요,"연번 구분(변수수) 변수 설명은 환자정보와 관련된 다양한 변수를 나열합니다. 이 데이터는 성별, 진단나이, 아밀로이드 검사 결과 등 여러 가지 정보를 포함하고 있습니다. 이를 통해 환자의 상태를 파악하고 연구를 진행하는 데 중요한 기초 자료로 활용됩니다.",267.28664328733004,915.3759352001042,1861.694222192591,705.1589774855205,2480,3508
train,press,/workspace/data/train/json/MI3_240725_TY2_0180_1.json,/workspace/data/train/jpg/MI2_240725_TY2_0180_1.jpg,MI3_240725_TY2_0180_1,MI3_240725_TY2_0180_1_V01_1,V01,표,식품알레르기 정의 표에 대해 알려주세요,"식품알레르기 정의 표는 우리 몸이 반응할 필요가 없는 상황에서 면역시스템이 비정상적으로 작동하여 발생하는 이상반응을 설명합니다. 이 표의 범례에는 알레르기를 유발하는 다양한 식품들과 그로 인해 나타나는 증상들이 포함되어 있습니다. 본문과 이 표를 바탕으로, 식품알레르기는 특정 단백질에 대한 과민반응으로, 소화 과정 중 문제로 인해 발생할 수 있음을 알 수 있습니다.",243.55415205458127,1335.2867830858345,1981.1592046580888,520.9806732569781,2480,3508
train,press,/workspace/data/train/json/MI3_240725_TY2_0180_1.json,/workspace/data/train/jpg/MI2_240725_TY2_0180_1.jpg,MI3_240725_TY2_0180_1,MI3_240725_TY2_0180_1_V01_2,V01,표,대체식품 및 주의식품 목록 표에 대해 알려주세요,"대체식품 및 주의식품 목록 표는 특정 알레르기를 가진 사람들에게 어떤 음식을 피해야 하는지와 안전하게 섭취할 수 있는 대체음식을 안내합니다. 이 표의 범례에서는 다양한 알레르기 유발 식품과 그 대체 식품들에 대한 정보가 제공됩니다. 본문과 이 목록을 통해 각 알레르기에 따른 적절한 대처 방법을 이해할 수 있으며, 개인의 건강 관리를 위한 중요한 자료임을 알 수 있습니다.",251.1974736982463,2287.999999999997,1981.248374247173,871.9999999999995,2480,3508
train,press,/workspace/data/train/json/MI3_240725_TY2_0180_2.json,/workspace/data/train/jpg/MI2_240725_TY2_0180_2.jpg,MI3_240725_TY2_0180_2,MI3_240725_TY2_0180_2_V01_1,V01,표,붙임 1 시도 아토피·천식 사업 운영현황에 대해 알려주세요,"사업 운영현황은 시도별로 아토피와 천식 관련 사업의 수행 현황을 보여주는 자료입니다. 이 자료는 각 지역에서 진행되고 있는 사업의 시작 연도와 관련된 웹사이트 정보를 포함하고 있습니다. 본문 내용을 기반으로, 다양한 지역에서 아토피와 천식 관리 사업이 지속적으로 진행되고 있음을 알 수 있습니다.",239.64332164366476,1411.6433915429163,1997.4267134253398,1200.713216914167,2480,3508
train,press,/workspace/data/train/json/MI3_240725_TY2_0181_1.json,/workspace/data/train/jpg/MI2_240725_TY2_0181_1.jpg,MI3_240725_TY2_0181_1,MI3_240725_TY2_0181_1_V01_1,V01,표,관계부처 다시 대한민국! 합동 보도자료 주요 진드기 매개 감염병의 발생 원인과 주요 특징 차트에 대해 알려주세요,"주요 진드기 매개 감염병의 발생 원인과 주요 특징 차트는 다양한 감염병의 발생 원인과 증상을 시각적으로 보여줍니다. 이 차트는 각 질병의 치명률, 잠복기 및 주요 증상 등을 설명합니다. 최근 몇 년 간 데이터에 따르면, 쯔쯔가무시증과 SFTS와 같은 질병이 농작업과 관련하여 주목받고 있으며, 예방 조치가 필요하다는 것을 나타냅니다.",239.55415205458144,2443.8216957714576,1993.2483742471723,732.6240647998967,2480,3508
train,press,/workspace/data/train/json/MI3_240725_TY2_0181_2.json,/workspace/data/train/jpg/MI2_240725_TY2_0181_2.jpg,MI3_240725_TY2_0181_2,MI3_240725_TY2_0181_2_V02-4_1,V02-4,차트(꺾은선형),최근 3년간 발생 동향 꺾은선형 차트에 대해 알려주세요,"최근 3년간 발생 동향을 나타내는 꺾은선형 차트입니다. 이 차트는 쯔쯔가무시증과 SFTS의 연도별 발생 수를 비교할 수 있는 범례를 제공합니다. 분석 결과, 쯔쯔가무시증은 지속적으로 증가하는 추세를 보이며, SFTS는 2021년에 감소한 후 다시 증가하는 경향이 확인되었습니다.",283.0192513740212,1121.9496572660498,902.3155941984643,619.1201681051981,2480,3508
train,press,/workspace/data/train/json/MI3_240725_TY2_0181_2.json,/workspace/data/train/jpg/MI2_240725_TY2_0181_2.jpg,MI3_240725_TY2_0181_2,MI3_240725_TY2_0181_2_V02-4_2,V02-4,차트(꺾은선형),최근 3년간 사망 동향 꺾은선형 차트에 대해 알려주세요,"최근 3년간 사망 동향을 나타내는 꺾은선형 차트입니다. 이 차트는 쯔쯔가무시증과 SFTS의 연도별 사망 수를 비교할 수 있는 범례를 제공합니다. 분석 결과, 두 질병 모두 비슷한 양상을 보이고 있으며, 특히 SFTS의 경우 올해 높은 치명률을 유지하고 있습니다.",1271.732491232748,1114.3952619431261,913.2483742471735,622.7637155423944,2480,3508
train,press,/workspace/data/train/json/MI3_240725_TY2_0184_1.json,/workspace/data/train/jpg/MI2_240725_TY2_0184_1.jpg,MI3_240725_TY2_0184_1,MI3_240725_TY2_0184_1_V01_1,V01,표,대한민국의 질병 관리에 대한 데이터 차트(세로 막대형)에 대해 알려주세요,"이 차트는 확진환자 수를 월별로 나타내며, 각 주차별 발생 건수를 시각적으로 표현하고 있습니다. 차트의 범례는 각 월 및 주차에 따른 확진환자 수의 변화를 설명합니다. 본문 내용과 함께 보면 2023년 6월까지의 누적 확진환자 수가 증가하는 추세를 보이고 있음을 알 수 있습니다.",251.37581287641365,1399.5542394286458,1981.1592046580888,240.98067325697892,2480,3508
train,press,/workspace/data/train/json/MI3_240725_TY2_0184_2.json,/workspace/data/train/jpg/MI2_240725_TY2_0184_2.jpg,MI3_240725_TY2_0184_2,MI3_240725_TY2_0184_2_V02-8_1,V02-8,차트(혼합형),< 확진환자 발생 및 예방접종자(6.26. 0시 기준) 혼합형에 대해 알려주세요,"확진환자 발생 및 예방접종자에 대한 혼합형은 두 가지 이상의 데이터 세트를 결합하여 정보를 시각적으로 나타냅니다. 이 혼합형 차트는 각 데이터의 비율과 변화를 동시에 보여줍니다. 본문에 따르면, 고위험군 접종자 수와 확진자의 수가 모두 언급되어 있어, 백신 접종의 진행 상황과 그에 따른 확진자의 변화 추세를 확인할 수 있습니다.",298.75162575282764,1531.4650873143732,1869.8725613707581,676.6240647998973,2480,3508
train,press,/workspace/data/train/json/MI3_240725_TY2_0184_3.json,/workspace/data/train/jpg/MI2_240725_TY2_0184_3.jpg,MI3_240725_TY2_0184_3,MI3_240725_TY2_0184_3_V02-1_1,V02-1,차트(세로 막대형),전 세계 엠폭스 발생 현황 차트(세로 막대형)에 대해 알려주세요,"이 차트는 다양한 지역의 엠폭스 확진자 수를 보여줍니다. 각 지역별 확진자 수는 세로 막대로 표현되며, 이를 통해 특정 기간 동안의 발생 양상을 비교할 수 있습니다. 분석 결과에 따르면 아프리카와 동남아시아에서의 확진자 수가 상대적으로 높았으며, 이러한 경향은 앞으로도 지속될 가능성이 있습니다.",275.55407769298154,879.9108946540126,1873.3375438362561,760.2674563428128,2480,3508
train,press,/workspace/data/train/json/MI3_240725_TY2_0184_3.json,/workspace/data/train/jpg/MI2_240725_TY2_0184_3.jpg,MI3_240725_TY2_0184_3,MI3_240725_TY2_0184_3_V02-1_2,V02-1,차트(세로 막대형),아시아 국가별 확진자 수 차트(가로 막대형)에 대해 알려주세요,"이 차트는 아시아 여러 국가의 엠폭스 확진자 수를 가로 막대로 나타냅니다. 각 국의 확진자 수는 시각적으로 비교하기 쉽게 표현되어 있어, 여러 국가 간의 발생 현황을 쉽게 이해할 수 있습니다. 최근 데이터를 기반으로 볼 때 일본과 대만에서 상당한 증가세를 보였으며, 이는 주목해야 할 점입니다.",335.10829348607683,2279.5541303026494,1842.407578905262,728.713216914167,2480,3508
train,press,/workspace/data/train/json/MI3_240725_TY2_0185_1.json,/workspace/data/train/jpg/MI2_240725_TY2_0185_1.jpg,MI3_240725_TY2_0185_1,MI3_240725_TY2_0185_1_V02-4_1,V02-4,차트(꺾은선형),2024년 주별 수족구병 의사환자분율 꺾은선형에 대해 알려주세요,"주별 수족구병 의사환자분율 꺾은선형은 특정 기간 동안의 환자 비율 변화를 시각적으로 나타내는 도표입니다. 이 타입의 차트는 시간에 따른 변화 추세를 보여주며, 고점과 저점을 쉽게 비교할 수 있게 해줍니다. 최근 6년간의 데이터를 분석한 결과, 2024년에는 환자 수가 증가하는 추세를 보이고 있으며, 이는 과거와 비교했을 때 유행이 심화되고 있음을 나타냅니다.",462.5733715593459,2603.8216490031737,1559.3884443851816,614.1278056003141,2480,3508
train,press,/workspace/data/train/json/MI3_240725_TY2_0185_2.json,/workspace/data/train/jpg/MI2_240725_TY2_0185_2.jpg,MI3_240725_TY2_0185_2,MI3_240725_TY2_0185_2_V02-4_1,V02-4,차트(꺾은선형),국내 연령대별 수족구병에 대한 차트(꺾은선형)에 대해 알려주세요,"차트(꺾은선형)은 시간에 따른 변화를 시각적으로 나타낸 것입니다. 이 차트의 범례는 0-6세와 7-18세의 환자 발생 비율을 포함하고 있습니다. 본문에 따르면, 0-6세에서 높은 비율의 환자가 발생하며, 시간이 지남에 따라 경향이 증가하는 모습을 보이고 있습니다.",328.0,403.99999999999994,1819.9999999999998,728.0,2480,3508
train,press,/workspace/data/train/json/MI3_240725_TY2_0185_3.json,/workspace/data/train/jpg/MI2_240725_TY2_0185_3.jpg,MI3_240725_TY2_0185_3,MI3_240725_TY2_0185_3_V02-4_1,V02-4,차트(꺾은선형),2014-2024년 수족구병 주별 발생현황 꺾은선형에 대해 알려주세요,"2014-2024년 수족구병 주별 발생현황 꺾은선형은 특정 기간 동안의 환자 발생 추세를 시각적으로 보여줍니다. 이 꺾은선형의 범례는 각 데이터 포인트가 시간에 따른 변화를 나타내며, 이를 통해 연도별 및 주차별 환자 수의 변동을 쉽게 파악할 수 있습니다. 분석 결과, 특정 기간 동안 수족구병 환자 수가 증가하는 경향이 관찰되었으며, 이는 공공 보건 관리에서 중요한 인사이트를 제공합니다.",388.0769996431662,1286.3766370339351,1714.5097610706205,552.2557509008226,2480,3508
train,press,/workspace/data/train/json/MI3_240725_TY2_0185_3.json,/workspace/data/train/jpg/MI2_240725_TY2_0185_3.jpg,MI3_240725_TY2_0185_3,MI3_240725_TY2_0185_3_V02-8_1,V02-8,차트(혼합형),2024년 수족구병 주벌 발생현황 혼합형에 대해 알려주세요,"2024년 수족구병 주벌 발생현황 혼합형은 다양한 데이터를 종합하여 여러 측면에서 상황을 시각화합니다. 이 혼합형의 범례는 서로 다른 데이터 시리즈들이 결합되어 나타나며, 이를 통해 다양한 정보가 통합된 형태로 제공됩니다. 본문과 함께 살펴보면, 최근 환자 발생률이 증가하고 있는 경향이 명확히 드러나며, 이는 향후 방역 대책 마련에 필요한 자료로 활용될 것입니다.",256.3606167445312,2429.022982444754,1921.7833917816736,665.9535613619344,2480,3508
train,press,/workspace/data/train/json/MI3_240725_TY2_0185_4.json,/workspace/data/train/jpg/MI2_240725_TY2_0185_4.jpg,MI3_240725_TY2_0185_4,MI3_240725_TY2_0185_4_V02-1_1,V02-1,차트(세로 막대형),2023~2024년 수족구병 주벌 발생현황 꺾은선형 차트에 대해 알려주세요,"2023~2024년 수족구병 주벌 발생현황 꺾은선형 차트는 특정 기간 동안의 수족구병 발생 추세를 시각적으로 보여줍니다. 이 차트의 범례는 각 주별 평균 환자 수를 나타내며, 데이터는 시간에 따라 변화하는 추세를 반영합니다. 최근 데이터를 보면, 환자 수가 증가하는 경향이 나타나며 이는 감염병 관리의 필요성을 시사합니다.",231.55415205458104,775.6433915429169,1988.9808654799224,616.534912685624,2480,3508
train,press,/workspace/data/train/json/MI3_240725_TY2_0185_4.json,/workspace/data/train/jpg/MI2_240725_TY2_0185_4.jpg,MI3_240725_TY2_0185_4,MI3_240725_TY2_0185_4_V02-4_1,V02-4,차트(꺾은선형),2023~2024년 수익 구원자수 꺾은선형 차트에 대해 알려주세요,"2023~2024년 수익 구원자수 꺾은선형 차트는 인구 1천명당 수익 구원자수를 나타내고 있습니다. 이 차트의 범례는 각 주차별로 측정된 데이터를 기반으로 하여 변화 추이를 보여줍니다. 최근 관찰 결과, 특정 주차에서 급격한 변동이 있었으며 이는 정책적 대응이 필요함을 암시합니다.",356.0,2432.0,1879.9999999999998,512.0000000000002,2480,3508
train,press,/workspace/data/train/json/MI3_240725_TY2_0185_5.json,/workspace/data/train/jpg/MI2_240725_TY2_0185_5.jpg,MI3_240725_TY2_0185_5,MI3_240725_TY2_0185_5_V02-4_1,V02-4,차트(꺾은선형),[2006-2023년 엔테로바이러스 주요 유전형 유행 경향] 꺾은선형 차트에 대해 알려주세요,"해당 꺾은선형 차트는 2006년부터 2023년까지의 엔테로바이러스 주요 유전형의 검출률 변화를 보여줍니다. 이 차트에서는 다양한 바이러스 유형의 검출률을 비교할 수 있는 범례가 제공되어 있으며, 각 년도에 따른 변화가 시각적으로 나타납니다. 본문 내용과 차트를 통해 EV-A71은 2009년에 가장 높은 검출률을 보였으나 이후 급감하였고, CV-A6는 2019년부터 증가 추세를 보이고 있음을 알 수 있습니다.",255.19747369824643,1235.8216957714574,1942.1400701380098,964.4457605713548,2480,3508
train,press,/workspace/data/train/json/MI3_240725_TY2_0187_1.json,/workspace/data/train/jpg/MI2_240725_TY2_0187_1.jpg,MI3_240725_TY2_0187_1,MI3_240725_TY2_0187_1_V02-3_1,V02-3,차트(원형),2022년 전체 입원환자 중 손상 규모에 대한 원형 차트에 대해 알려주세요,"이 원형 차트는 2022년 동안 발생한 손상의 규모를 시각적으로 나타냅니다. 이 차트의 범례는 손상의 종류 및 해당 비율을 보여줍니다. 데이터를 기반으로 볼 때, 손상 환자는 여전히 많은 비율을 차지하고 있으며, 이는 지속적인 예방 관리의 필요성을 강조합니다.",328.50975451696513,2479.978204538362,1579.8364091679998,712.6294052538342,2480,3508
train,press,/workspace/data/train/json/MI3_240725_TY2_0187_2.json,/workspace/data/train/jpg/MI2_240725_TY2_0187_2.jpg,MI3_240725_TY2_0187_2,MI3_240725_TY2_0187_2_V02-1_1,V02-1,차트(세로 막대형),소화기계통 차트(세로 막대형)에 대해 알려주세요,"소화기계통 차트(세로 막대형)는 소화기계에 관련된 환자 수의 변화를 시각적으로 나타냅니다. 이 차트는 각 연도별 환자 수를 비교할 수 있는 범례를 가지고 있습니다. 최근 10년 동안 소화기계 환자 수는 다소 변화가 있었으며, 특정 년도에서의 증가 또는 감소 추세를 확인할 수 있습니다.",297.5720314196285,400.5167230943936,1859.0508637295027,797.6593445530614,2480,3508
train,press,/workspace/data/train/json/MI3_240725_TY2_0187_2.json,/workspace/data/train/jpg/MI2_240725_TY2_0187_2.jpg,MI3_240725_TY2_0187_2,MI3_240725_TY2_0187_2_V02-1_2,V02-1,차트(세로 막대형),남자 여자 차트(세로 막대형)에 대해 알려주세요,"남자 여자 차트(세로 막대형)는 성별에 따른 손상환자 수를 나타내고 있습니다. 이 차트는 각각 남성과 여자의 환자 수를 연령대별로 나누어 범례로 제공합니다. 이를 통해 특정 연령층에서 성별에 따라 손상환자의 발생 비율을 파악할 수 있으며, 전체적인 추세 또한 확인할 수 있습니다.",321.8097615783485,1547.1734315963206,1825.4459773625028,800.8446590140627,2480,3508
train,press,/workspace/data/train/json/MI3_240725_TY2_0187_3.json,/workspace/data/train/jpg/MI2_240725_TY2_0187_3.jpg,MI3_240725_TY2_0187_3,MI3_240725_TY2_0187_3_V02-3_1,V02-3,차트(원형),그림 5. 손상환자의 주요 손상원인별 퇴원율 추이 원형 차트에 대해 알려주세요,"원형 차트는 손상환자의 주요 원인별 퇴원율 분포를 시각적으로 표현합니다. 이 차트의 범례는 다양한 손상의 종류와 그에 따른 환자 퇴원율을 나타냅니다. 분석 결과, 특정 원인이 다른 원인보다 더 높은 퇴원율을 기록하여 이에 대한 추가적인 관리가 필요하다는 것을 보여줍니다.",259.18938305888486,484.91552255625476,624.3671993473063,558.5608772735752,2480,3508
train,press,/workspace/data/train/json/MI3_240725_TY2_0187_3.json,/workspace/data/train/jpg/MI2_240725_TY2_0187_3.jpg,MI3_240725_TY2_0187_3,MI3_240725_TY2_0187_3_V02-1_1,V02-1,차트(세로 막대형),그림 4. 주요 손상 원인 세로 막대형 차트에 대해 알려주세요,"세로 막대형 차트는 여러 년도에 걸친 연구 결과를 나타냅니다. 이 차트의 범례는 특정 인구 집단에서의 손상 사례 수를 보여줍니다. 데이터에 따르면 시간이 지남에 따라 손상 환자의 수가 변동하는 경향을 보이며, 이는 각 년도의 의료 및 사회적 환경 변화와 관련이 있을 수 있습니다.",948.4481120605191,413.7475303947191,1237.0960913514696,707.9458271496952,2480,3508
train,press,/workspace/data/train/json/MI3_240725_TY2_0187_4.json,/workspace/data/train/jpg/MI2_240725_TY2_0187_4.jpg,MI3_240725_TY2_0187_4,MI3_240725_TY2_0187_4_V02-1_1,V02-1,차트(세로 막대형),중독 손상환자의 퇴원율 차트(세로 막대형)에 대해 알려주세요,"중독 손상환자의 퇴원율을 성별 및 연령대에 따라 나타낸 차트(세로 막대형)입니다. 이 차트는 10만명 당 남자와 여자의 퇴원율을 비교한 데이터를 포함하고 있습니다. 전반적으로 남성의 퇴원율이 여성보다 높은 경향을 보이며, 특정 연령대에서의 차이는 더욱 두드러지게 나타납니다.",318.6716788606544,405.15310440485104,1855.0458494289774,799.4407889582864,2480,3508
train,press,/workspace/data/train/json/MI3_240725_TY2_0187_4.json,/workspace/data/train/jpg/MI2_240725_TY2_0187_4.jpg,MI3_240725_TY2_0187_4,MI3_240725_TY2_0187_4_V02-2_1,V02-2,차트(가로 막대형),중독 손상환자의 의도성별 분율 차트(가로 막대형)에 대해 알려주세요,"중독 손상환자의 의도성별 분율을 나타내는 차트(가로 막대형)입니다. 이 차트는 각 연령별 비의도성과 의도적인 자해를 구분하여 보여주며, 전체적인 비율 변화 양상을 설명합니다. 특정 연령대에서는 의도적 자해가 매우 높은 수치를 보이고 있어, 자해 예방 관리에 대한 필요성을 시사합니다.",331.9496654798488,1867.2493999082635,1839.4025277853125,874.3308418308242,2480,3508
train,press,/workspace/data/train/json/MI3_240725_TY2_0187_5.json,/workspace/data/train/jpg/MI2_240725_TY2_0187_5.jpg,MI3_240725_TY2_0187_5,MI3_240725_TY2_0187_5_V02-2_1,V02-2,차트(가로 막대형),의도성 자해 중독 손상환자의 중독물질별 분율 차트(가로 막대형)에 대해 알려주세요,"의도성 자해 중독 손상환자의 중독물질별 분율 차트(가로 막대형)는 다양한 중독 물질에 따른 환자의 비율을 시각적으로 표현합니다. 이 차트는 진통해열제, 신경정신직용약물 등 여러 가지 물질군을 비교할 수 있는 범례를 포함하고 있습니다. 최근 통계에 따르면 특정 약물군에서 높은 비율이 나타나며, 이는 사회적 문제로 대두되고 있습니다.",321.76266963354533,383.3278711146571,1852.8688821837206,798.6208619461946,2480,3508
train,press,/workspace/data/train/json/MI3_240725_TY2_0187_5.json,/workspace/data/train/jpg/MI2_240725_TY2_0187_5.jpg,MI3_240725_TY2_0187_5,MI3_240725_TY2_0187_5_V02-1_1,V02-1,차트(세로 막대형),생애주기별 의도성 자해 환자 퇴원율 차트(세로 막대형)에 대해 알려주세요,"생애주기별 의도성 자해 환자 퇴원율 차트(세로 막대형)는 다양한 연령대의 퇴원율을 시각적으로 나타냅니다. 이 차트는 어린이, 청소년, 청장년, 노인 등 각 연령대의 비율을 보여줍니다. 최근 10년 동안 청소년의 퇴원율은 증가하는 추세를 보이며, 특히 여성 청소년에서 두드러진 상승이 관찰됩니다.",321.7626696335456,2142.8077778340457,1837.2255605400576,975.0041726729725,2480,3508
train,press,/workspace/data/train/json/MI3_240725_TY2_0187_6.json,/workspace/data/train/jpg/MI2_240725_TY2_0187_6.jpg,MI3_240725_TY2_0187_6,MI3_240725_TY2_0187_6_V02-1_1,V02-1,차트(세로 막대형),손상환자의 손상발생장소별 분율 차트(세로 막대형)에 대해 알려주세요,"손상환자의 손상발생장소별 분율을 나타내는 차트입니다. 이 차트는 남성과 여성 각각의 비율이 다양한 장소에서 어떻게 분포되어 있는지를 보여줍니다. 분석 결과, 길·간선도로와 주거지에서 남성의 비율이 높게 나타나며, 다른 장소들에 비해 상대적으로 높은 발생 빈도를 보이고 있습니다.",333.5032727518265,803.4650873143755,1816.3693098651038,807.3759352001041,2480,3508
train,press,/workspace/data/train/json/MI3_240725_TY2_0187_6.json,/workspace/data/train/jpg/MI2_240725_TY2_0187_6.jpg,MI3_240725_TY2_0187_6,MI3_240725_TY2_0187_6_V02-1_2,V02-1,차트(세로 막대형),전체 및 손상환자의 평균재원일수 차트(세로 막대형)에 대해 알려주세요,"전체 및 손상환자의 평균재원일수를 비교하는 차트입니다. 이 차트에서는 각 연령대별 재원일수를 시각적으로 보여줍니다. 데이터에 따르면, 연령대가 증가할수록 재원일수가 길어지는 경향을 보이며, 특히 75세 이상의 환자들이 가장 긴 재원 기간을 가지는 것으로 확인됩니다.",307.0191345200789,2448.0,1854.0509005489266,602.5735661716669,2480,3508
train,press,/workspace/data/train/json/MI3_240725_TY2_0187_7.json,/workspace/data/train/jpg/MI2_240725_TY2_0187_7.jpg,MI3_240725_TY2_0187_7,MI3_240725_TY2_0187_7_V02-1_1,V02-1,차트(세로 막대형),그림 13. 주요 손상 원인별 평균재원일수 차트(세로 막대형)에 대해 알려주세요,"이 차트는 주요 손상 원인별 평균 재원일수를 보여줍니다. 범례에는 진 불-화영-열 추락, 식상, 운수사고, 부덮힘, 자상 등의 손상 원인이 포함되어 있습니다. 이 데이터를 통해 각 손상 원인의 평균 재원일수가 어떻게 변화하는지를 파악할 수 있으며, 전체적으로 불·화염·일과 관련된 사고가 높은 경향을 보입니다.",303.55415205458127,388.0891521142704,1861.5158830144237,678.6627182859378,2480,3508
train,press,/workspace/data/train/json/MI3_240725_TY2_0187_7.json,/workspace/data/train/jpg/MI2_240725_TY2_0187_7.jpg,MI3_240725_TY2_0187_7,MI3_240725_TY2_0187_7_V02-1_2,V02-1,차트(세로 막대형),그림 14. 진료비 지불원별 평균재원일수: 성별 차트(세로 막대형)에 대해 알려주세요,"이 차트는 성별에 따른 진료비 지불원별 평균 재원일수를 나타냅니다. 범례에는 국민건강보험, 의료급여, 산재보험 등 다양한 지불원이 포함되어 있습니다. 분석 결과 남자의 경우 국민건강보험에서의 평균 재원일수가 높으며, 여자는 의료급여를 통한 재원일수가 상대적으로 낮은 경향을 보이고 있습니다.",337.0700350690051,1215.910847885729,1831.821660821833,694.3952619431265,2480,3508
train,press,/workspace/data/train/json/MI3_240725_TY2_0190_1.json,/workspace/data/train/jpg/MI2_240725_TY2_0190_1.jpg,MI3_240725_TY2_0190_1,MI3_240725_TY2_0190_1_V01_1,V01,표, V 타입에 대해 알려주세요,"이 시각요소는 병원체자원의 질적, 양적, 전략적 수집 확대와 관련된 내용을 담고 있습니다. 범례는 병원체 자원의 관리와 활용을 극대화하기 위한 여러 전략들을 설명합니다. 이 시각요소는 병원체자원 확보 및 관리 체계 정립의 중요성을 강조하고 있으며, 이를 통해 향후 협력과 활용 촉진이 예상됩니다.",247.46498246549743,354.8410225144801,1933.6942221925915,993.8721943996859,2480,3508
train,press,/workspace/data/train/json/MI3_240725_TY2_0190_1.json,/workspace/data/train/jpg/MI2_240725_TY2_0190_1.jpg,MI3_240725_TY2_0190_1,MI3_240725_TY2_0190_1_V01_2,V01,표, V 타입에 대해 알려주세요,"이 시각요소는 담당 부서와 관련된 정보를 제공합니다. 범례는 공공백신 개발과 관련하여 책임자 및 연구관의 역할을 설명합니다. 이 시각요소는 병원체자원의 관리와 개발을 위한 조직 구조를 보여주며, 향후 연구와 개발의 방향성을 제시하고 있습니다.",243.19747369824617,2579.465087314373,1993.42671342534,220.80236902843816,2480,3508
train,press,/workspace/data/train/json/MI3_240725_TY2_0190_2.json,/workspace/data/train/jpg/MI2_240725_TY2_0190_2.jpg,MI3_240725_TY2_0190_2,MI3_240725_TY2_0190_2_V01_1,V01,표,중점 전략 추진 과제 표에 대해 알려주세요,"중점 전략 추진 과제 표는 병원체자원의 질적, 양적, 전략적 수집 확대를 다루고 있습니다. 이 표의 범례는 병원체자원의 관리 및 활용 촉진을 위한 주요 추진 과제를 설명합니다. 본문과 표를 기반으로 볼 때, 병원체자원의 확보 및 보존 관리 체계가 강화되고 있으며, 유용한 자원의 안정적인 확보와 분양이 증가하는 추세입니다.",263.554120185324,1655.3758572529657,1937.248374247173,1345.6938901711442,2480,3508
train,press,/workspace/data/train/json/MI3_240725_TY2_0190_2.json,/workspace/data/train/jpg/MI2_240725_TY2_0190_2.jpg,MI3_240725_TY2_0190_2,MI3_240725_TY2_0190_2_V01_2,V01,표,병원체자원 관련 수치 데이터 표에 대해 알려주세요,"병원체자원 관련 수치 데이터 표는 병원체자원의 수집과 관리, 활용 촉진을 위한 목표를 보여줍니다. 이 표의 범례에서는 자원의 확대와 연도별 변동을 나타냅니다. 본문과 데이터를 바탕으로 보았을 때, 목표로 설정된 자원이 지속적으로 증가하고 있으며, 향후 5년간 더욱 체계적인 수집 네트워크가 기대됩니다.",308.9543418459039,629.6411278266413,1873.2798216276478,746.9654403567447,2480,3508
train,press,/workspace/data/train/json/MI3_240725_TY2_0194_1.json,/workspace/data/train/jpg/MI2_240725_TY2_0194_1.jpg,MI3_240725_TY2_0194_1,MI3_240725_TY2_0194_1_V02-8_1,V02-8,차트(혼합형),급성호흡기 세균 병원체 감시사업에서의 혼합형 차트에 대해 알려주세요,"혼합형 차트는 여러 데이터 시리즈를 동시에 표시하여 복잡한 정보를 시각적으로 이해하기 쉽게 도와줍니다. 이 차트는 분리건수와 비율을 함께 나타내며, 다양한 세균 종류의 데이터를 비교할 수 있는 범례가 포함되어 있습니다. 분석 결과, 특정 세균의 출현 빈도가 변화하고 있음을 알 수 있으며, 이러한 추세는 호흡기 감염증 관리에 중요한 정보를 제공합니다.",472.8790431358972,411.64336036406075,1557.7960232904443,720.4457605713544,2480,3508
train,press,/workspace/data/train/json/MI3_240725_TY2_0194_1.json,/workspace/data/train/jpg/MI2_240725_TY2_0194_1.jpg,MI3_240725_TY2_0194_1,MI3_240725_TY2_0194_1_V01_1,V01,표,담당 부서 감염병진단분석국의 세균분석과에 대한 표에 대해 알려주세요,"이 표는 담당 부서와 책임자의 역할 및 소속을 명확히 나타내는 정보입니다. 각 부서의 책임자와 담당자가 기재되어 있으며, 이를 통해 조직 내에서의 역할 분담을 알 수 있습니다. 따라서 해당 정보는 감염병 진단과 분석 과정에서 중요한 관리 체계를 이해하는 데 기여합니다.",239.4649824654974,2959.375935200102,1997.159204658089,209.2481295997932,2480,3508
train,press,/workspace/data/train/json/MI3_240725_TY2_0194_2.json,/workspace/data/train/jpg/MI2_240725_TY2_0194_2.jpg,MI3_240725_TY2_0194_2,MI3_240725_TY2_0194_2_V01_1,V01,표,호흡기 세균에 대한 표의 내용에 대해 알려주세요,"이 표는 호흡기 세균의 분류 및 해당 병원체명을 정리한 것입니다. 표에는 1급, 2급, 3급, 4급 병원체와 비법정 병원체가 나열되어 있습니다. 이 정보를 바탕으로 감염병 관리 및 예방을 위한 중요 병원체의 분포와 내성현상을 분석할 수 있습니다.",271.5541520545809,1527.4650873143748,1941.3375438362573,576.8915211427077,2480,3508
train,press,/workspace/data/train/json/MI3_240725_TY2_0194_2.json,/workspace/data/train/jpg/MI2_240725_TY2_0194_2.jpg,MI3_240725_TY2_0194_2,MI3_240725_TY2_0194_2_V03_1,V03,다이어그램,< 사업 수행 체계도 >에 대해 알려주세요,< 사업 수행 체계도 >는 사업의 전반적인 구조를 나타냅니다. 이 도식은 협력 의료기관과 검사 결과 보고 시스템 간의 관계를 보여줍니다. 이를 통해 사업 기획 및 관리 과정을 이해하고 관련 기관 간 협력 방안을 모색할 수 있습니다.,362.6624561637442,2525.682045028957,1738.8534268506794,470.67456342812613,2480,3508
train,press,/workspace/data/train/json/MI3_240725_TY2_0195_1.json,/workspace/data/train/jpg/MI2_240725_TY2_0195_1.jpg,MI3_240725_TY2_0195_1,MI3_240725_TY2_0195_1_V02-8_1,V02-8,차트(혼합형),C형간염 발생 추이에 대한 시각적 표현인 혼합형 차트에 대해 알려주세요,"이 혼합형 차트는 2017년부터 2023년까지의 C형간염 발생 추이를 보여줍니다. 이 차트에는 특정 연도별 발생 건수와 비율이 포함되어 있어, 각 연도의 변화 양상을 한눈에 파악할 수 있습니다. 최근 몇 년 간 C형간염 환자 수가 감소하고 있는 추세를 확인할 수 있습니다.",275.1083041091623,1239.2867830858315,1929.6050526035074,560.8915211427095,2480,3508
train,press,/workspace/data/train/json/MI3_240725_TY2_0195_2.json,/workspace/data/train/jpg/MI2_240725_TY2_0195_2.jpg,MI3_240725_TY2_0195_2,MI3_240725_TY2_0195_2_V02-8_1,V02-8,차트(혼합형),2017~2023년 국내 C형간염 발생 추이 혼합형에 대해 알려주세요,"2017~2023년 국내 C형간염 발생 추이를 보여주는 혼합형 차트입니다. 이 차트는 연도별 환자 수를 시각적으로 표현하며, 다양한 데이터를 동시에 비교할 수 있는 범례가 포함되어 있습니다. 최근 몇 년 간 환자 수가 감소하는 경향을 보이며, 2020년에 정점에 도달한 이후 지속적인 감소세를 보이고 있습니다.",267.4649824654974,859.5542394286458,1921.2483742471725,420.3566084570834,2480,3508
train,press,/workspace/data/train/json/MI3_240725_TY2_0195_2.json,/workspace/data/train/jpg/MI2_240725_TY2_0195_2.jpg,MI3_240725_TY2_0195_2,MI3_240725_TY2_0195_2_V02-3_1,V02-3,차트(원형),2023년 성별 발생 현황 원형에 대해 알려주세요,"2023년 성별 발생 현황을 나타내는 원형 차트입니다. 이 원형은 남성과 여성 환자의 비율을 쉽게 이해할 수 있도록 구성되어 있으며, 각 부분이 전체에서 차지하는 비율을 표시합니다. 분석 결과, 남성과 여성이 거의 동일한 비율로 발생하고 있음을 알 수 있습니다.",314.5732865746603,1483.7325436571882,742.1400701380102,512.5349126856239,2480,3508
train,press,/workspace/data/train/json/MI3_240725_TY2_0195_2.json,/workspace/data/train/jpg/MI2_240725_TY2_0195_2.jpg,MI3_240725_TY2_0195_2,MI3_240725_TY2_0195_2_V02-2_1,V02-2,차트(가로 막대형),전수감시체계 전환으로 집계 시작 가로 막대형에 대해 알려주세요,"전수감시체계 전환으로 집계가 시작된 가로 막대형 차트입니다. 이 차트는 특정 연령대와 성별에 따른 환자 분포를 시각적으로 나타내며, 각 범주에 대한 데이터를 제공합니다. 데이터에 따르면, 특정 연령대에서의 환자가 가장 많이 발생하는 경향을 확인할 수 있습니다.",1203.28664328733,1408.9806732569784,999.5541520545811,567.9999999999997,2480,3508
train,press,/workspace/data/train/json/MI3_240725_TY2_0195_2.json,/workspace/data/train/jpg/MI2_240725_TY2_0195_2.jpg,MI3_240725_TY2_0195_2,MI3_240725_TY2_0195_2_V03_1,V03,다이어그램,급성 C형간염 바이러스 감염 다이어그램에 대해 알려주세요,"급성 C형간염 바이러스 감염의 과정을 설명하는 다이어그램입니다. 이 다이어그램은 각 단계의 특성을 간단히 설명하며, 자연 관해 및 만성 감염으로의 발전 가능성을 시각적으로 표현합니다. 이를 통해 각 단계에서의 위험 요소와 치료 필요성을 이해하는 데 도움이 됩니다.",247.46498246549749,2399.7325436571873,1881.337543836256,756.5349126856242,2480,3508
train,press,/workspace/data/train/json/MI3_240725_TY2_0198_1.json,/workspace/data/train/jpg/MI2_240725_TY2_0198_1.jpg,MI3_240725_TY2_0198_1,MI3_240725_TY2_0198_1_V02-1_1,V02-1,차트(세로 막대형),"대한민국! 손 씻기, 음식 익혀 먹기 여름 나기에 대해 알려주세요","살모넬라균 감염증과 관련된 차트는 2022년과 2023년의 발생 현황을 비교하여 보여줍니다. 이 차트의 범례는 다양한 세부 사항을 포함하며, 각 항목은 시간에 따른 변화 양상을 나타냅니다. 최근 통계에 따르면 살모넬라균 감염증은 증가 추세를 보이고 있어 더욱 주의가 필요합니다.",275.28664328733015,2607.197630971562,1890.229239727093,554.9301746287499,2480,3508
train,press,/workspace/data/train/json/MI3_240725_TY2_0198_2.json,/workspace/data/train/jpg/MI2_240725_TY2_0198_2.jpg,MI3_240725_TY2_0198_2,MI3_240725_TY2_0198_2_V02-4_1,V02-4,차트(꺾은선형),최근 5년('18~'22) 살모넬라균 감염증 발생 현황 꺾은선형 차트에 대해 알려주세요,"최근 5년 동안의 살모넬라균 감염증 발생 현황을 보여주는 꺾은선형 차트입니다. 이 차트는 연도별로 살모넬라균 감염증의 발생 수치를 나타내며, 변화하는 추세를 시각적으로 표현합니다. 과거 5년 데이터를 통해 전체적인 감염증 발생 경향을 파악할 수 있습니다.",220.0,900.0,1992.0000000000002,855.9999999999998,2480,3508
train,press,/workspace/data/train/json/MI3_240725_TY2_0198_2.json,/workspace/data/train/jpg/MI2_240725_TY2_0198_2.jpg,MI3_240725_TY2_0198_2,MI3_240725_TY2_0198_2_V02-4_2,V02-4,차트(꺾은선형),최근 5년('18~'22) 캄필로박터균 감염증 발생 현황 꺾은선형 차트에 대해 알려주세요,"최근 5년 동안의 캄필로박터균 감염증 발생 현황을 보여주는 꺾은선형 차트입니다. 이 차트는 연도별 캄필로박터균 감염증의 발생 수치를 나타내며, 시간에 따른 변화를 시각적으로 확인할 수 있습니다. 과거 데이터 분석을 통해 해당 균의 감염 증세가 어떻게 변화했는지를 알 수 있습니다.",235.99999999999994,2219.999999999999,1964.9808654799208,908.3566084570843,2480,3508
train,press,/workspace/data/train/json/MI3_240725_TY2_0198_3.json,/workspace/data/train/jpg/MI2_240725_TY2_0198_3.jpg,MI3_240725_TY2_0198_3,MI3_240725_TY2_0198_3_V02-4_1,V02-4,차트(꺾은선형),최근 5년('18~'22) 아스트로바이러스 감염증 꺾은선형 차트에 대해 알려주세요,"최근 5년 아스트로바이러스 감염증 꺾은선형 차트는 시간에 따른 발생 현황을 시각적으로 나타냅니다. 이 차트의 범례는 다양한 연도별 평균 발생 건수를 표시합니다. 분석 결과, 아스트로바이러스 감염증의 발생 추세는 특정 연도에서 증가하거나 감소하는 패턴을 보여주고 있습니다.",239.82160770640405,547.6434227217726,1932.6241871235877,749.9613465139572,2480,3508
train,press,/workspace/data/train/json/MI3_240725_TY2_0198_3.json,/workspace/data/train/jpg/MI2_240725_TY2_0198_3.jpg,MI3_240725_TY2_0198_3,MI3_240725_TY2_0198_3_V02-4_2,V02-4,차트(꺾은선형),최근 5년('18~'22) 장병원성대장균 감염증 꺾은선형 차트에 대해 알려주세요,"최근 5년 장병원성대장균 감염증 꺾은선형 차트는 시간에 따른 발생 현황을 시각적으로 나타냅니다. 이 차트의 범례는 여러 해의 평균 발생 수치를 제공합니다. 분석 결과, 장병원성대장균 감염증의 발병 경향은 일정한 변동성을 보이며 특정 해에 급격한 변화가 관찰되었습니다.",275.9999999999997,1779.9999999999998,1904.8916958908376,780.4457605713546,2480,3508
train,press,/workspace/data/train/json/MI3_240725_TY2_0198_4.json,/workspace/data/train/jpg/MI2_240725_TY2_0198_4.jpg,MI3_240725_TY2_0198_4,MI3_240725_TY2_0198_4_V01_1,V01,표,수인성·식품매개감염병에 관한 시각적 자료와 표에 대해 알려주세요,"이 표는 수인성·식품매개감염병의 종류를 정리한 것입니다. 이 표에는 다양한 병원균과 그로 인해 발생하는 감염증 목록이 포함되어 있습니다. 주목할 점은 여러 종류의 세균, 바이러스 및 원충이 수인성·식품매개감염병을 유발할 수 있으며, 각 병원체별로 감염 증상이 다르게 나타난다는 것입니다.",259.4649824654973,1307.4650873143748,1961.3375438362564,792.802369028437,2480,3508
train,press,/workspace/data/train/json/MI3_240725_TY2_0199_1.json,/workspace/data/train/jpg/MI2_240725_TY2_0199_1.jpg,MI3_240725_TY2_0199_1,MI3_240725_TY2_0199_1_V02-8_1,V02-8,차트(혼합형),[그림 1] 혼합형에 대해 알려주세요,"[그림 1] 혼합형은 여러 데이터 집합을 결합하여 나타내는 시각적 표현입니다. 이 혼합형의 범례는 발생자 수와 생존율, 사망률 등을 포함합니다. 본문에서는 여름철에 익수사고가 빈번하게 발생하며, 여성과 남성의 생존율 차이가 두드러진다는 추세를 보여줍니다.",234.03002325396346,300.8950100364486,1972.4935711191088,894.1801604319303,2480,3508
train,press,/workspace/data/train/json/MI3_240725_TY2_0199_1.json,/workspace/data/train/jpg/MI2_240725_TY2_0199_1.jpg,MI3_240725_TY2_0199_1,MI3_240725_TY2_0199_1_V02-3_1,V02-3,차트(원형),[그림 2] 원형에 대해 알려주세요,"[그림 2] 원형은 데이터의 비율을 시각적으로 나타내는 방법으로, 각 조각이 전체에서 차지하는 비중을 보여줍니다. 이 원형의 범례는 월별 익수사고 발생 비율을 나타냅니다. 본문에서는 특정 월에 익수사고가 집중되는 경향이 있으며, 특히 여름철에 많이 발생함을 알 수 있습니다.",426.04023684516835,1855.516856251076,1621.5754099400344,761.9026436292644,2480,3508
train,press,/workspace/data/train/json/MI3_240725_TY2_0199_2.json,/workspace/data/train/jpg/MI2_240725_TY2_0199_2.jpg,MI3_240725_TY2_0199_2,MI3_240725_TY2_0199_2_V02-3_1,V02-3,차트(원형),원형에 대해 알려주세요,"원형은 데이터의 비율을 시각적으로 표현하는 그래픽 요소입니다. 이 원형의 범례는 각 섹션이 전체에서 차지하는 비율을 나타내며, 익수사고와 관련된 다양한 활동 유형을 포함하고 있습니다. 본문 내용을 바탕으로 볼 때, 여가활동과 일상생활에서 발생하는 익수사고의 비율이 상대적으로 높음을 알 수 있습니다.",363.00084904316276,711.1311416106947,806.7356549478375,855.5021358269088,2480,3508
train,press,/workspace/data/train/json/MI3_240725_TY2_0199_2.json,/workspace/data/train/jpg/MI2_240725_TY2_0199_2.jpg,MI3_240725_TY2_0199_2,MI3_240725_TY2_0199_2_V02-3_2,V02-3,차트(원형),원형에 대해 알려주세요,"원형은 데이터의 비율을 시각적으로 표현하는 그래픽 요소입니다. 이 원형의 범례는 각 섹션이 전체에서 차지하는 비율을 나타내며, 익수사고와 관련된 다양한 장소 유형을 포함하고 있습니다. 본문 내용을 바탕으로 볼 때, 야외 활동 지역에서 발생한 익수사고가 두드러지는 추세임을 알 수 있습니다.",1325.065130128561,769.7938598966327,795.0031637150893,781.1960259980543,2480,3508
train,press,/workspace/data/train/json/MI3_240725_TY2_0201_1.json,/workspace/data/train/jpg/MI2_240725_TY2_0201_1.jpg,MI3_240725_TY2_0201_1,MI3_240725_TY2_0201_1_V01_1,V01,표,2023년도 7월 확진환자 수에 대해 알려주세요,"이 차트는 2023년도 7월의 확진환자 수를 월별로 보여줍니다. 범례는 각 달에 확진된 환자의 수를 나타내며, 각 주차별로 구분되어 있습니다. 데이터에 따르면, 2023년 7월 첫 주와 둘째 주에는 각각 22명과 2명이 확진되었고, 총 누적 환자는 증가 추세를 보이고 있습니다.",239.68232294910734,1430.85670921126,2011.5261578104312,252.86602082981713,2480,3508
train,press,/workspace/data/train/json/MI3_240725_TY2_0201_2.json,/workspace/data/train/jpg/MI2_240725_TY2_0201_2.jpg,MI3_240725_TY2_0201_2,MI3_240725_TY2_0201_2_V02-8_1,V02-8,차트(혼합형),현재 예방접종 관련된 데이터와 통계에 대해 알려주세요,"이 차트는 예방접종과 확진환자 수의 관계를 나타내는 혼합형 시각 요소입니다. 이 차트의 범례는 각각의 접종자 수와 확진환자 수를 구분하는 데 사용되는 다양한 색상으로 구성되어 있습니다. 본문과 함께 이 시각 요소를 분석하면, 접종 인원이 증가할수록 확진환자 수가 어떻게 변화하는지를 알 수 있습니다.",298.1761542467544,1022.5854397499603,1872.517218127906,622.7742974694245,2480,3508
train,press,/workspace/data/train/json/MI3_240725_TY2_0201_3.json,/workspace/data/train/jpg/MI2_240725_TY2_0201_3.jpg,MI3_240725_TY2_0201_3,MI3_240725_TY2_0201_3_V02-1_1,V02-1,차트(세로 막대형),<'23년 아시아 국가별/주차별 발생현황 차트(세로 막대형)에 대해 알려주세요,"<'23년 아시아 국가별/주차별 발생현황 차트(세로 막대형)은 각국의 주간 확진자 수 변화를 나타냅니다. 이 차트는 일본, 대만, 한국 등 여러 국가의 확진자 수를 비교할 수 있는 정보를 제공합니다. 본문과 시각요소를 기반으로 볼 때, 최근 몇 주 동안 일본과 대만에서 높은 확진자 수가 보고되고 있으며, 한국은 상대적으로 낮은 수준을 유지하고 있습니다.",337.96302215953386,2315.2802406750925,1846.5020746380658,732.1364478887969,2480,3508
train,press,/workspace/data/train/json/MI3_240725_TY2_0201_3.json,/workspace/data/train/jpg/MI2_240725_TY2_0201_3.jpg,MI3_240725_TY2_0201_3,MI3_240725_TY2_0201_3_V02-1_2,V02-1,차트(세로 막대형),<'22-'23년 전 세계 엠폭스 발생 현황 차트(세로 막대형)에 대해 알려주세요,"<'22-'23년 전 세계 엠폭스 발생 현황 차트(세로 막대형)은 다양한 지역의 확진자 수를 시각적으로 나타낸 것입니다. 이 차트는 아프리카, 미주, 중동, 동남아시아 등 여러 지역의 확진자 수를 보여줍니다. 이 데이터에 따르면, 특정 지역에서는 확진자 수가 지속적으로 증가하는 반면, 다른 지역에서는 감소 추세를 보이고 있습니다.",279.20864744417196,957.1542519395588,1943.4606013915136,814.0482221315804,2480,3508
train,press,/workspace/data/train/json/MI3_240725_TY2_0203_2.json,/workspace/data/train/jpg/MI2_240725_TY2_0203_2.jpg,MI3_240725_TY2_0203_2,MI3_240725_TY2_0203_2_V01_1,V01,표,한국인칩 v2.0에 대한 시각요소 표에 대해 알려주세요,"이 표는 한국인칩 v2.0의 분류 및 각 분류별 유전변이 수에 대한 정보를 제공합니다. 범례는 다양한 질환 원인과 관련된 유전변이를 포함하며, ACMG 및 ADME와 같은 약물 반응 관련 정보도 포함되어 있습니다. 이 데이터를 통해 한국인칩 v2.0이 질환 진단 및 정밀의료 연구에서 어떻게 활용될 수 있는지를 보여줍니다.",269.3763789051882,765.0158882051336,1940.4526466103234,1901.1847512050927,2480,3508
train,press,/workspace/data/train/json/MI3_240725_TY2_0205_1.json,/workspace/data/train/jpg/MI2_240725_TY2_0205_1.jpg,MI3_240725_TY2_0205_1,MI3_240725_TY2_0205_1_V02-1_1,V02-1,차트(세로 막대형),코로나19 관련 용어 이해도 차트(세로 막대형)에 대해 알려주세요,"코로나19 관련 용어 이해도 차트(세로 막대형)는 다양한 코로나19 용어에 대한 인식 정도를 시각적으로 나타냅니다. 이 차트는 각 용어의 이해도를 비교할 수 있는 지표를 제공합니다. 분석 결과, 전반적으로 국민들은 코로나19 관련 용어에 대한 이해도가 다소 높은 편임을 보여줍니다.",271.6475300400534,1180.2616822429918,1916.8003574126826,802.8009459027087,2480,3508
train,press,/workspace/data/train/json/MI3_240725_TY2_0205_1.json,/workspace/data/train/jpg/MI2_240725_TY2_0205_1.jpg,MI3_240725_TY2_0205_1,MI3_240725_TY2_0205_1_V02-1_2,V02-1,차트(세로 막대형),유형별 전문용어 감염병 차트(가로 막대형)에 대해 알려주세요,"유형별 전문용어 감염병 차트(가로 막대형)는 다양한 전문용어에 대한 국민들의 이해도를 시각적으로 표현합니다. 이 차트는 외래어, 통계전문용어 등 여러 유형의 용어들 간의 비교를 가능하게 합니다. 결과적으로 일반 국민들은 특정 전문용어에 대한 이해도가 다소 낮은 경향을 보입니다.",290.5563233711171,2198.3787641183512,1964.7579129788896,967.5279816797606,2480,3508
train,press,/workspace/data/train/json/MI3_240725_TY2_0205_2.json,/workspace/data/train/jpg/MI2_240725_TY2_0205_2.jpg,MI3_240725_TY2_0205_2,MI3_240725_TY2_0205_2_V01_1,V01,표,단계별 맞춤형 소통 경계 단계의 주요 시나리오와 소동 목표및 소통 전략 차트(세로 막대형)에 대해 알려주세요,"경계 단계의 주요 시나리오와 소통 전략을 나타내는 차트(세로 막대형)입니다. 이 차트는 감염 확진 국민 증가 및 감염병 관련 루머 확산과 같은 주요 목표를 범례로 포함합니다. 본문과 차트를 기반으로 하여, 감염병에 대한 위험 평가와 대응을 위한 긴밀한 소통이 필요하다는 추세를 보여줍니다.",284.70219372977874,2440.9641192684335,1919.1583017128626,575.2129830033074,2480,3508
train,press,/workspace/data/train/json/MI3_240725_TY2_0206_1.json,/workspace/data/train/jpg/MI2_240725_TY2_0206_1.jpg,MI3_240725_TY2_0206_1,MI3_240725_TY2_0206_1_V01_1,V01,표,"건강한 국민, 코로나19 국내 발생 현황에 대해 알려주세요","이 시각요소는 코로나19 관련 재원중 환자와 사망자 수치를 나타내는 표입니다. 범례는 각 날짜별로 재원중 환자 수와 위중증 및 사망자 수를 비교할 수 있도록 구성되어 있습니다. 최근의 데이터에 따르면 9월 5일 기준으로 재원중 위중증 환자는 증가세를 보이며, 사망자 수는 감소하는 추세가 관찰됩니다.",242.82040566680072,1913.265253937562,2017.755231301013,446.66258273650203,2480,3508
train,press,/workspace/data/train/json/MI3_240725_TY2_0206_2.json,/workspace/data/train/jpg/MI2_240725_TY2_0206_2.jpg,MI3_240725_TY2_0206_2,MI3_240725_TY2_0206_2_V01_1,V01,표,구분 신규 사망 및 위중증 현황 차트(세로 막대형)에 대해 알려주세요,"이 차트는 성별과 연령별로 나누어진 신규 사망자 수와 위중증 환자의 비율을 보여줍니다. 범례는 각 성별과 연령대에 따른 사망자 수 및 위중증 환자의 비율을 나타냅니다. 본문에 따르면, 전체적으로 남성이 여성보다 높은 사망률을 보이며, 80세 이상 그룹에서 특히 높은 치명률이 관찰되고 있습니다.",247.9318756134004,425.6473001529633,1972.3074686778816,898.1303813473156,2480,3508
train,press,/workspace/data/train/json/MI3_240725_TY2_0206_3.json,/workspace/data/train/jpg/MI2_240725_TY2_0206_3.jpg,MI3_240725_TY2_0206_3,MI3_240725_TY2_0206_3_V01_1,V01,표,코로나19 병상 보유량 및 가동률에 대해 알려주세요,"이 데이터는 코로나19 관련 병상의 보유량과 가동률을 나타내는 표입니다. 이 표에서는 위중증, 준중증, 중등증, 경증으로 구분된 각 병상의 보유량과 사용 현황을 확인할 수 있습니다. 현재 전국적으로 위중증병상은 37.8%의 가동률을 보이고 있으며, 이는 의료 자원의 효율성을 시사합니다.",229.2720041733348,936.4178569218122,2060.9976887505622,618.5300736522868,2480,3508
train,press,/workspace/data/train/json/MI3_240725_TY2_0206_3.json,/workspace/data/train/jpg/MI2_240725_TY2_0206_3.jpg,MI3_240725_TY2_0206_3,MI3_240725_TY2_0206_3_V01_2,V01,표,호흡기환자 진료 기관 현황에 대해 알려주세요,"이 데이터는 호흡기환자 진료와 관련된 기관의 수치를 나타내는 표입니다. 범례에는 코로나19 검사 및 치료제 처방에 대한 정보를 포함하고 있습니다. 현재 전체 13,851개의 기관에서 호흡기환자 진료가 이루어지고 있으며, 이는 지속적인 의료 서비스 제공을 강조합니다.",258.46372731046574,2866.396996526658,1982.5577576027688,293.4255665365659,2480,3508
train,press,/workspace/data/train/json/MI3_240725_TY2_0206_3.json,/workspace/data/train/jpg/MI2_240725_TY2_0206_3.jpg,MI3_240725_TY2_0206_3,MI3_240725_TY2_0206_3_V01_3,V01,표,재택치료 현원 및 신규 재택치료자 수에 대해 알려주세요,이 데이터는 재택치료자의 수와 신규 재택치료자의 수치를 보여주는 정보입니다. 신규 재택치료자는 전일 대비 증가한 수치를 기록하고 있습니다. 이는 COVID-19 확산 방지를 위한 대처가 계속되고 있음을 나타냅니다.,240.4550706423293,1962.2703436811992,1954.503380922739,201.6916223839296,2480,3508
train,press,/workspace/data/train/json/MI3_240725_TY2_0206_4.json,/workspace/data/train/jpg/MI2_240725_TY2_0206_4.jpg,MI3_240725_TY2_0206_4,MI3_240725_TY2_0206_4_V01_1,V01,표,코로나19 예방접종현황 표에 대해 알려주세요,"코로나19 예방접종현황 표는 접종자의 수와 비율을 나타내는 데이터입니다. 이 표는 전체 인구와 연령대별로 구분된 접종 현황을 보여줍니다. 전반적으로 1차, 2차, 3차 및 4차 접종자 수가 증가하는 추세를 보이고 있으며, 특히 4차 접종자 수가 상대적으로 높습니다.",234.17890520694178,1301.9602719741101,2042.0400534045345,523.3696920397186,2480,3508
train,press,/workspace/data/train/json/MI3_240725_TY2_0206_4.json,/workspace/data/train/jpg/MI2_240725_TY2_0206_4.jpg,MI3_240725_TY2_0206_4,MI3_240725_TY2_0206_4_V01_2,V01,표,4차접종 연령별 표에 대해 알려주세요,"4차접종 연령별 표는 연령대별로 접종자 수와 그 비율을 보여주는 자료입니다. 이 표에는 총계와 함께 각 연령대의 예약률과 접종률이 포함되어 있습니다. 데이터 분석 결과, 고연령층에서의 접종률이 높아지고 있음을 알 수 있습니다.",238.86248331108123,1999.8878504672914,2039.743658210947,1033.4330595319127,2480,3508
train,press,/workspace/data/train/json/MI3_240725_TY2_0210_1.json,/workspace/data/train/jpg/MI2_240725_TY2_0210_1.jpg,MI3_240725_TY2_0210_1,MI3_240725_TY2_0210_1_V02-1_1,V02-1,차트(세로 막대형),"현재흡연자의 가향담배 사용현황(성별, 연령별) 차트(세로 막대형)에 대해 알려주세요","현재흡연자의 가향담배 사용현황을 보여주는 세로 막대형 차트입니다. 이 차트는 성별 및 연령별로 나뉘어진 가향담배 사용 비율을 시각적으로 나타냅니다. 데이터에 따르면, 남성과 여성의 사용률이 다르게 나타나며, 특정 연령대에서 높은 사용률을 보이는 경향이 있습니다.",310.47554781838596,1629.1968673038382,1866.3823285269314,852.3640181595844,2480,3508
train,press,/workspace/data/train/json/MI3_240725_TY2_0210_2.json,/workspace/data/train/jpg/MI2_240725_TY2_0210_2.jpg,MI3_240725_TY2_0210_2,MI3_240725_TY2_0210_2_V01_1,V01,표,흡연 시도에 대한 표 에 대해 알려주세요,"흡연 시도에 대한 표는 조사된 데이터의 통계를 통해 특정 담배 종류의 사용 패턴을 보여줍니다. 이 표에서는 일반담배와 가향담배의 비교 오즈비(OR)와 해당 신뢰구간을 제공합니다. 결과적으로, 현재흡연자들 사이에서 가향담배 사용 비율이 높게 나타나며, 이는 연구 목적과 관련하여 중요한 추세로 해석될 수 있습니다.",238.45305794038842,2088.7269524929475,998.0115615522684,304.6931201867399,2480,3508
train,press,/workspace/data/train/json/MI3_240725_TY2_0210_2.json,/workspace/data/train/jpg/MI2_240725_TY2_0210_2.jpg,MI3_240725_TY2_0210_2,MI3_240725_TY2_0210_2_V01_2,V01,표,흡연 시도에 대한 표 에 대해 알려주세요,"흡연 시도에 대한 표는 특정 집단의 흡연 행동과 관련된 데이터를 제공합니다. 이 표에서는 일반담배와 가향담배의 사용 확률을 오즈비(OR)와 신뢰구간으로 나타내고 있습니다. 분석 결과, 가향담배를 사용하는 집단이 일반담배보다 높은 확률로 흡연을 시도하는 경향이 있으며, 이는 청소년 및 청년층에서 가향담배의 영향력을 보여줍니다.",1255.1989319092118,2074.825100133511,983.6630633338933,313.98583541852656,2480,3508
train,press,/workspace/data/train/json/MI3_240725_TY2_0210_2.json,/workspace/data/train/jpg/MI2_240725_TY2_0210_2.jpg,MI3_240725_TY2_0210_2,MI3_240725_TY2_0210_2_V01_3,V01,표,흡연 경험자의 현재흡연 패턴에 대한 표 에 대해 알려주세요,"현재흡연 패턴에 대한 이 표는 다양한 담배 종류 간의 관계를 분석합니다. 각 그룹별로 일반 및 가향 담배의 비율과 그 통계적 유의성을 제시하고 있습니다. 데이터 분석 결과, 과거흡연자가 다시 흡연으로 돌아오는 경향과 함께 가향담배 소비가 증가하는 추세가 뚜렷하게 나타납니다.",252.91321762349793,2552.550066755671,1438.19346236483,431.07528802199823,2480,3508
train,press,/workspace/data/train/json/MI3_240725_TY2_0210_3.json,/workspace/data/train/jpg/MI2_240725_TY2_0210_3.jpg,MI3_240725_TY2_0210_3,MI3_240725_TY2_0210_3_V01_1,V01,표,다양한 복지서비스와 WHO FCTC에 대한 정보 시각요소에 대해 알려주세요,"이 시각요소는 담배 제품의 성분과 관련하여 맛을 향상시키는 방법에 대해 설명합니다. 이 타입의 범례는 담배 제품에서 사용되는 설탕 및 감미료와 같은 성분을 포함하고 있습니다. 본문과 함께 분석해보면, 이러한 성분들이 담배 소비를 지속시키는데 기여하고 있다는 추세를 보이고 있습니다.",254.50580495474566,1292.7147535360034,1971.1898651338945,1772.0396689606043,2480,3508
train,press,/workspace/data/train/json/MI3_240725_TY2_0211_1.json,/workspace/data/train/jpg/MI2_240725_TY2_0211_1.jpg,MI3_240725_TY2_0211_1,MI3_240725_TY2_0211_1_V01_1,V01,표,월 평균환자 신고수 에 대해 알려주세요,"월 평균환자 신고수 V01은 특정 기간 동안의 환자 신고수를 시각적으로 나타냅니다. 이 차트는 각 월별 평균 환자 신고수를 비교하여 보여주며, 데이터 포인트 간의 변화 양상을 쉽게 파악할 수 있습니다. 본문과 차트를 기반으로 볼 때, 8월에서 10월까지 환자 수가 급증하는 경향을 보입니다.",348.2244589823265,1641.6177238975094,1875.6082089007982,220.85370431925315,2480,3508
train,press,/workspace/data/train/json/MI3_240725_TY2_0211_2.json,/workspace/data/train/jpg/MI2_240725_TY2_0211_2.jpg,MI3_240725_TY2_0211_2,MI3_240725_TY2_0211_2_V01_1,V01,표,수인성·식품매개 감염병 발생 통계 표에 대해 알려주세요,"수인성·식품매개 감염병 발생 통계 표는 다양한 감염병의 연도별 발생 건수를 나타냅니다. 이 표에서는 장출혈성 대장균, 콜레라, 장티푸스 등 여러 감염병의 발생 수치를 기준으로 하여 비교할 수 있습니다. 2019년도에는 일부 감염병에서 큰 감소가 있었으나, 특정 질환은 여전히 높은 발생률을 보이고 있습니다.",229.542419047607,667.907368278373,2009.207914730764,610.9983180227607,2480,3508
train,press,/workspace/data/train/json/MI3_240725_TY2_0211_2.json,/workspace/data/train/jpg/MI2_240725_TY2_0211_2.jpg,MI3_240725_TY2_0211_2,MI3_240725_TY2_0211_2_V02-8_1,V02-8,차트(혼합형),월별 수인성식식매개 감염병 집단발생 현황 차트(혼합형)에 대해 알려주세요,"월별 수인성식식매개 감염병 집단발생 현황 차트(혼합형)는 2018년과 2019년의 월별 발행건수를 비교하는 그래프입니다. 이 차트는 각 월마다의 발생 건수를 시각적으로 나타내며, 두 해의 추세를 명확히 볼 수 있도록 구성되어 있습니다. 최근 몇 개월 동안 특정 월에 발생 건수가 눈에 띄게 증가한 경향이 관찰됩니다.",411.8211652113644,1689.9989653757168,1678.2180882819978,962.5124175570649,2480,3508
train,press,/workspace/data/train/json/MI3_240725_TY2_0211_3.json,/workspace/data/train/jpg/MI2_240725_TY2_0211_3.jpg,MI3_240725_TY2_0211_3,MI3_240725_TY2_0211_3_V02-4_1,V02-4,차트(꺾은선형),<연도별 주별 A형간염 신고 현황 (2011~2019년 35주)> 차트(꺾은선형)에 대해 알려주세요,<연도별 주별 A형간염 신고 현황 (2011~2019년 35주)>는 꺾은선형 그래프 형태로 A형 간염의 신고 현황을 시간에 따라 시각적으로 나타냅니다. 이 차트의 범례는 각 연도를 기준으로 정리된 신고 환자 수를 보여줍니다. 본문 내용과 함께 이 데이터를 통해 특정 기간 동안 A형 간염 환자의 증가 또는 감소 추세를 분석할 수 있습니다.,306.750819848693,1689.8573749946745,1878.1148197596788,862.6926917610008,2480,3508
train,press,/workspace/data/train/json/MI3_240725_TY2_0211_4.json,/workspace/data/train/jpg/MI2_240725_TY2_0211_4.jpg,MI3_240725_TY2_0211_4,MI3_240725_TY2_0211_4_V02-4_1,V02-4,차트(꺾은선형),< 연도별 월별 환자 발생 현황 꺾은선형에 대해 알려주세요,"< 연도별 월별 환자 발생 현황 꺾은선형은 특정 연도의 각 월마다의 환자 발생 수를 시각적으로 표현합니다. 이 꺾은선형은 발생 수의 변동을 쉽게 파악할 수 있도록 도와줍니다. 본문에서 언급된 데이터에 따르면, 최근 몇 년간 환자 발생 수는 변동이 있었지만 전반적인 추세는 증가 후 감소하는 경향을 보이고 있습니다.",289.4974332986516,1339.5133140891476,1596.2332019285202,711.7622814480626,2480,3508
train,press,/workspace/data/train/json/MI3_240725_TY2_0211_4.json,/workspace/data/train/jpg/MI2_240725_TY2_0211_4.jpg,MI3_240725_TY2_0211_4,MI3_240725_TY2_0211_4_V02-1_1,V02-1,차트(세로 막대형),<지역별 인구 10만 명당 발병률 세로 막대형에 대해 알려주세요,"<지역별 인구 10만 명당 발병률 세로 막대형은 각 지역의 인구 10만명 당 발병률을 비교하여 나타냅니다. 이 세로 막대형의 범례는 각 지역의 발병률을 직관적으로 이해할 수 있게 돕습니다. 본문에서는 특정 지역에서 발병률이 높거나 낮음을 확인할 수 있으며, 이를 통해 지역 건강 정책 개선 필요성을 제시하고 있습니다.",288.11069132174475,2260.6227638622468,1856.8268045394395,719.5839772195187,2480,3508
train,press,/workspace/data/train/json/MI3_240725_TY2_0211_5.json,/workspace/data/train/jpg/MI2_240725_TY2_0211_5.jpg,MI3_240725_TY2_0211_5,MI3_240725_TY2_0211_5_V02-4_1,V02-4,차트(꺾은선형),<연도별 월별 환자 발생 현황> 차트(꺾은선형)에 대해 알려주세요,<연도별 월별 환자 발생 현황> 차트(꺾은선형)은 특정 기간 동안의 환자 발생 추세를 나타냅니다. 이 차트는 연도와 월을 기준으로 하여 각 연도의 발생 수를 시각적으로 표현합니다. 데이터를 통해 2015년부터 2019년까지의 환자 발생량이 시간에 따라 어떻게 변화했는지 파악할 수 있습니다.,523.7606509386425,1579.9684546307299,1449.4496933689663,610.3162203875057,2480,3508
train,press,/workspace/data/train/json/MI3_240725_TY2_0211_5.json,/workspace/data/train/jpg/MI2_240725_TY2_0211_5.jpg,MI3_240725_TY2_0211_5,MI3_240725_TY2_0211_5_V02-8_1,V02-8,차트(혼합형),<지역별 SFTS 환자 발생 및 사망현황(19.8.17 기준)> 차트(혼합형)에 대해 알려주세요,"<지역별 SFTS 환자 발생 및 사망현황(19.8.17 기준)> 차트(혼합형)은 지역별로 발생한 SFTS 환자의 수와 사망자의 수를 비교하여 나타냅니다. 이 혼합형 차트는 각 지역에서의 상황을 명확하게 보여주며, 여러 지역 간의 데이터 변화를 쉽게 이해할 수 있도록 돕습니다. 이를 통해 어떤 지역에서 더 많은 사례가 있었는지를 파악하고, 그에 따른 대응 전략을 세울 수 있습니다.",293.5670171191056,2343.344488811681,1840.5520110369619,732.1364478887976,2480,3508
train,press,/workspace/data/train/json/MI3_240725_TY2_0216_1.json,/workspace/data/train/jpg/MI2_240725_TY2_0216_1.jpg,MI3_240725_TY2_0216_1,MI3_240725_TY2_0216_1_V01_1,V01,표,정부혁신 + 대한민국 대전한 보다 나은 정부 1차 접종 접종 완료 구분 인구에 대해 알려주세요,"이 표는 1차 접종 및 접종 완료자에 대한 인구 통계를 나타냅니다. 각 연령대별로 1차 접종자 수와 그 비율, 그리고 접종 완료자 수와 비율을 보여줍니다. 전반적으로, 고연령층에서 높은 접종률을 보이며, 특히 80세 이상에서 가장 높은 완전 접종률이 나타나고 있습니다.",244.36590105324638,2049.0890189575903,1981.8791937991512,1002.8534657227293,2480,3508
train,press,/workspace/data/train/json/MI3_240725_TY2_0216_2.json,/workspace/data/train/jpg/MI2_240725_TY2_0216_2.jpg,MI3_240725_TY2_0216_2,MI3_240725_TY2_0216_2_V01_1,V01,표,21년 백신 도입 현황 및 계획에 대해 알려주세요,"21년 백신 도입 현황 및 계획은 다양한 백신 종류와 그 도입 일정, 물량을 나타내는 표 형식입니다. 이 표는 각 백신의 도입 완료와 예정 물량에 대한 정보를 제공합니다. 최근 데이터를 바탕으로 한국에서 공급된 백신의 총량이 지속적으로 증가하고 있으며, 정부는 안정적인 공급을 위해 제약사와 협의를 이어가고 있습니다.",250.59497454383006,1761.845294168299,1981.8791937991527,1211.1846282890174,2480,3508
train,press,/workspace/data/train/json/MI3_240725_TY2_0216_3.json,/workspace/data/train/jpg/MI2_240725_TY2_0216_3.jpg,MI3_240725_TY2_0216_3,MI3_240725_TY2_0216_3_V02-8_1,V02-8,차트(혼합형),정부혁신 + 대한민국 대전한 보다 나은 정부 혼합형 차트에 대해 알려주세요,"혼합형 차트는 두 가지 이상의 데이터 시리즈를 동시에 시각화하는 방식으로, 주로 여러 변수 간의 관계를 이해하는 데 유용합니다. 이 차트의 범례는 각 데이터 시리즈가 무엇을 나타내는지 설명하며, 이를 통해 다양한 정보를 비교할 수 있습니다. 제공된 데이터에 따르면, 예방접종과 이상반응 신고율 간의 관계에서 특정 경향이 나타나며, 이는 예방접종의 안전성을 평가하는 데 중요한 역할을 합니다.",314.545131638839,2047.5807790090141,1910.0329349058222,893.6962940847494,2480,3508
train,press,/workspace/data/train/json/MI3_240725_TY2_0216_4.json,/workspace/data/train/jpg/MI2_240725_TY2_0216_4.jpg,MI3_240725_TY2_0216_4,MI3_240725_TY2_0216_4_V02-1_1,V02-1,차트(세로 막대형),최근 5주간 연령군별 재원중 위중증 환자수 차트(세로 막대형)에 대해 알려주세요,"최근 5주간 연령군별 재원중 위중증 환자수 차트는 각 연령대의 위중증 환자 수를 세로 막대형으로 나타냅니다. 이 차트는 시간에 따른 각 연령군의 환자 수 변화를 보여줍니다. 분석 결과, 특정 연령군에서 위중증 환자의 수가 증가하거나 감소하는 추세를 확인할 수 있습니다.",243.4343999504858,1985.7998956666277,978.8678237650197,579.9437579011274,2480,3508
train,press,/workspace/data/train/json/MI3_240725_TY2_0216_4.json,/workspace/data/train/jpg/MI2_240725_TY2_0216_4.jpg,MI3_240725_TY2_0216_4,MI3_240725_TY2_0216_4_V02-1_2,V02-1,차트(세로 막대형),최근 5주간 연령군별 재원중 위중증 환자수 차트(세로 막대형)에 대해 알려주세요,"최근 5주간 연령군별 재원중 위중증 환자수 차트는 각 연령대의 위중증 환자 수를 세로 막대형으로 나타냅니다. 이 차트는 시간에 따른 각 연령군의 환자 수 변화를 보여줍니다. 분석 결과, 특정 연령군에서 위중증 환자의 수가 증가하거나 감소하는 추세를 확인할 수 있습니다.",1246.5673029059133,1988.2769445802749,971.8878504672891,568.2112142439389,2480,3508
train,press,/workspace/data/train/json/MI3_240725_TY2_0216_5.json,/workspace/data/train/jpg/MI2_240725_TY2_0216_5.jpg,MI3_240725_TY2_0216_5,MI3_240725_TY2_0216_5_V01_1,V01,표,"정부혁신 + 대한민국 대전환 보다나은 정부 건강한 국민, 안전한 사회 차트(세로 막대형)에 대해 알려주세요",이 차트는 최근 몇 주간의 코로나19 확진자 수 및 관련 지표를 시각적으로 나타낸 것입니다. 범례에는 일일 평균 해외유입과 전체 확진환자 수가 포함되어 있습니다. 이 데이터를 통해 최근 몇 주간 확진자 수의 감소 추세와 감염 경로의 변화를 알 수 있습니다.,238.86248331108058,824.3097463284364,1995.204272363145,1131.1260546944509,2480,3508
train,press,/workspace/data/train/json/MI3_240725_TY2_0216_6.json,/workspace/data/train/jpg/MI2_240725_TY2_0216_6.jpg,MI3_240725_TY2_0216_6,MI3_240725_TY2_0216_6_V02-8_1,V02-8,차트(혼합형),이상반응 분류별 신고 현황 혼합형에 대해 알려주세요,"이상반응 분류별 신고 현황 혼합형은 예방접종 후 발생하는 여러 종류의 이상반응에 대한 신고 현황을 시각적으로 나타냅니다. 이 차트는 다양한 백신과 그로 인한 이상반응의 총량 및 세부 항목을 포함합니다. 본문에서 언급된 내용을 기반으로 볼 때, 백신 접종 후 이상반응의 비율은 특정 백신에 따라 다르게 나타나며, 전체적으로 많은 수의 사례가 보고되고 있습니다.",306.575865305376,417.86443333254454,1864.815813786018,858.4366646256815,2480,3508
train,press,/workspace/data/train/json/MI3_240725_TY2_0216_6.json,/workspace/data/train/jpg/MI2_240725_TY2_0216_6.jpg,MI3_240725_TY2_0216_6,MI3_240725_TY2_0216_6_V01_1,V01,표,예방접종 이상반응 전체 이상반응 표에 대해 알려주세요,"예방접종 이상반응 전체 이상반응 표는 각 백신별로 보고된 이상반응의 발생 건수를 정리한 데이터입니다. 이 표는 각각의 백신군에서 발생한 일반 및 중대한 이상반응 사례를 상세히 보여줍니다. 본문의 정보에 따르면, 아스트라제네카와 화이자 백신 모두 상당수의 일반적이고 중대한 반응이 보고되었으며, 이는 예방접종 모니터링 및 안전성 평가에 중요한 자료가 됩니다.",223.59845439230025,2037.3564753003964,2029.202613698486,1127.8356136873306,2480,3508
train,press,/workspace/data/train/json/MI3_240725_TY2_0216_7.json,/workspace/data/train/jpg/MI2_240725_TY2_0216_7.jpg,MI3_240725_TY2_0216_7,MI3_240725_TY2_0216_7_V02-2_1,V02-2,차트(가로 막대형),코로나19 예방접종 후 반응 종류별 가로 막대형 차트에 대해 알려주세요,"코로나19 예방접종 후 반응 종류별 가로 막대형 차트는 다양한 접종 반응을 비교하여 보여줍니다. 이 범례는 각 반응 유형에 따라 다른 색상으로 표시됩니다. 분석해보면, 두통과 근육통이 주된 이상반응으로 나타났으며, 다른 증상들보다 상대적으로 높은 비율을 보였습니다.",258.113712374582,2280.004459308807,481.03010033444815,672.6599777034558,2480,3508
train,press,/workspace/data/train/json/MI3_240725_TY2_0216_7.json,/workspace/data/train/jpg/MI2_240725_TY2_0216_7.jpg,MI3_240725_TY2_0216_7,MI3_240725_TY2_0216_7_V02-2_2,V02-2,차트(가로 막대형),복통 및 이상반응의 가로 막대형 차트에 대해 알려주세요,"복통 및 이상반응의 가로 막대형 차트는 각 이상반응의 발생 빈도를 시각적으로 나타냅니다. 이 차트의 범례는 다양한 이상반응을 구분할 수 있도록 색상과 레이블로 구성되어 있습니다. 분석 결과, 두통과 근육통이 가장 높은 빈도로 보고되었으며, 그 외에도 어지러움과 발열 등의 증상이 나타나는 경향이 확인되었습니다.",766.5195094760313,2268.272017837235,469.2976588628763,680.4816053511704,2480,3508
train,press,/workspace/data/train/json/MI3_240725_TY2_0216_7.json,/workspace/data/train/jpg/MI2_240725_TY2_0216_7.jpg,MI3_240725_TY2_0216_7,MI3_240725_TY2_0216_7_V02-2_3,V02-2,차트(가로 막대형),신고현황 그래프에 대해 알려주세요,"신고현황 그래프는 각 종류별 신고된 이상반응 데이터를 시각화한 것입니다. 이 그래프의 범례에는 다양한 백신 제조사와 관련된 정보가 포함되어 있습니다. 데이터 분석 결과, 아스트라제네카와 얀센 백신에서 특히 많은 신고가 있었음을 확인할 수 있었습니다.",1263.1928651059088,2280.004459308807,473.2084726867335,672.6599777034558,2480,3508
train,press,/workspace/data/train/json/MI3_240725_TY2_0216_7.json,/workspace/data/train/jpg/MI2_240725_TY2_0216_7.jpg,MI3_240725_TY2_0216_7,MI3_240725_TY2_0216_7_V02-2_4,V02-2,차트(가로 막대형),접종 후 반응에 대한 가로 막대형 차트에 대해 알려주세요,"접종 후 반응에 대한 가로 막대형 차트는 각 백신별 이상반응을 비교합니다. 이 차트는 주어진 데이터의 특징을 바탕으로 특정 이상반응이 얼마나 자주 발생하는지를 시각적으로 전달합니다. 통계적으로 근육통과 두통이 가장 높은 비율로 보고되었고, 나머지 반응들도 일정한 빈도로 나타났습니다.",1759.8662207357859,2268.271949713491,473.208472686734,684.3924872987718,2480,3508
train,press,/workspace/data/train/json/MI3_240725_TY2_0217_1.json,/workspace/data/train/jpg/MI2_240725_TY2_0217_1.jpg,MI3_240725_TY2_0217_1,MI3_240725_TY2_0217_1_V01_1,V01,표,코로나19 예방접종 현황 표에 대해 알려주세요,"코로나19 예방접종 현황 표는 접종자의 수와 접종 완료자 수를 포함하여 백신의 종류별로 구분된 정보를 제공합니다. 이 표는 각 백신의 접종 대상자와 신규 접종, 누적 접종, 그리고 접종률을 나타냅니다. 최근 통계에 따르면, 1차 접종과 전체 접종자가 증가하고 있으며, 전체적으로 예방접종이 활발히 진행되고 있음을 보여줍니다.",244.36590105324618,1875.7966291044527,1992.0190977006548,432.15630253041536,2480,3508
train,press,/workspace/data/train/json/MI3_240725_TY2_0217_1.json,/workspace/data/train/jpg/MI2_240725_TY2_0217_1.jpg,MI3_240725_TY2_0217_1,MI3_240725_TY2_0217_1_V01_2,V01,표,백신별 접종 현황 표에 대해 알려주세요,"백신별 접종 현황 표는 각 백신의 종류에 따른 신규 및 누적 접종자 수와 접종률을 시각적으로 나타냅니다. 이 표는 아스트라제네카, 화이자, 모더나 등 다양한 백신의 효과를 비교할 수 있는 정보를 제공합니다. 현재 아스트라제네카와 화이자의 접종률이 높고, 얀센 백신은 단일 회차로만 이루어지는 점에서 주목받고 있습니다.",249.8222268506071,2437.053271382701,1987.335519596513,724.3069283533164,2480,3508
train,press,/workspace/data/train/json/MI3_240725_TY2_0217_2.json,/workspace/data/train/jpg/MI2_240725_TY2_0217_2.jpg,MI3_240725_TY2_0217_2,MI3_240725_TY2_0217_2_V01_1,V01,표,정부혁신 + 대한민국 대천란 보다 나은 정부 일반 이상반응 구분에 대해 알려주세요,"일반 이상반응 구분은 예방접종 후 발생할 수 있는 다양한 반응을 카테고리별로 나누어 보여주는 차트입니다. 이 차트는 각 종류의 이상반응이 신고된 건수와 비율을 나타내며, 여러 예방접종 실적과 비교할 수 있는 정보를 제공합니다. 최근 데이터에 따르면, 전체 이상반응 건수는 상당한 규모로 보고되고 있으며, 그 중 대부분이 경미한 증상으로 분류되고 있습니다.",220.38871431223956,1564.3150867823765,2046.463088090963,1563.4217950645002,2480,3508
train,press,/workspace/data/train/json/MI3_240725_TY2_0217_3.json,/workspace/data/train/jpg/MI2_240725_TY2_0217_3.jpg,MI3_240725_TY2_0217_3,MI3_240725_TY2_0217_3_V01_1,V01,표,중대한 이상반응 차트(세로 막대형)에 대해 알려주세요,"중대한 이상반응 차트(세로 막대형)는 코로나19 예방접종 후 신고된 이상반응의 주요 통계를 시각적으로 나타냅니다. 이 차트는 각 유형의 이상반응에 대한 발생 건수를 비교할 수 있는 범례를 제공합니다. 본문 내용을 바탕으로, 최근 몇 주간의 접종 후 이상반응 신고율이 다소 증가하고 있음을 알 수 있습니다.",235.77149253819104,474.6340457485244,2034.944048331126,1255.8910177364253,2480,3508
train,press,/workspace/data/train/json/MI3_240725_TY2_0226_1.json,/workspace/data/train/jpg/MI2_240725_TY2_0226_1.jpg,MI3_240725_TY2_0226_1,MI3_240725_TY2_0226_1_V02-1_1,V02-1,차트(세로 막대형),연도별/월별 SFTS 환자 발생현황 꺾은선형에 대해 알려주세요,"연도별/월별 SFTS 환자 발생현황 꺾은선형은 특정 기간 동안의 환자 수 변화를 시각적으로 나타낸 것입니다. 이 꺾은선형의 범례는 연도 및 월을 기준으로 환자 수를 표시하며, 각 점들은 해당 기간의 데이터를 반영합니다. 분석 결과, 특정 시즌인 7월부터 10월까지 환자 수가 증가하는 경향이 있음을 보여줍니다.",297.4722053736213,868.3278484182413,1890.685211875017,785.0081527288436,2480,3508
train,press,/workspace/data/train/json/MI3_240725_TY2_0226_2.json,/workspace/data/train/jpg/MI2_240725_TY2_0226_2.jpg,MI3_240725_TY2_0226_2,MI3_240725_TY2_0226_2_V01_1,V01,표,정부혁신 대한민국 대전환에 대한 정의 중증열성혈소판감소증후군바이러스 감염에 따른 질병 분류 및 시각요소에 대해 알려주세요,"정의 중증열성혈소판감소증후군바이러스 감염은 특정 바이러스에 의해 발생하는 질환을 나타냅니다. 이 시각요소는 해당 질병의 법정 감염병 분류와 주요 매개체를 포함하고 있습니다. 본문과 시각요소를 기반으로 볼 때, 이 질환은 주로 특정 진드기에 의해 전파되며, 50대 이상의 환자에서 주로 발생하는 경향이 있습니다.",235.85128961353354,700.4677888762135,2014.9909314339243,2491.1500618846085,2480,3508
train,press,/workspace/data/train/json/MI3_240725_TY2_0226_2.json,/workspace/data/train/jpg/MI2_240725_TY2_0226_2.jpg,MI3_240725_TY2_0226_2,MI3_240725_TY2_0226_2_L02_1,L02,꼬리말,OPEN 공공누리 유이용하라에 대한 해외감염병 관련 시각요소에 대해 알려주세요,해외감염병 관련 내용은 다양한 정보 제공을 위한 포맷을 설명합니다. 해당 시각요소는 공개 자료 이용과 관련된 사항들을 설명합니다. 본문과 관련하여 해외 감염병의 증가 추세와 그에 따른 예방 조치가 필요함을 강조하고 있습니다.,245.4132680411414,3196.014019272324,388.4753011880584,140.5861346836968,2480,3508
train,press,/workspace/data/train/json/MI3_240725_TY2_0226_3.json,/workspace/data/train/jpg/MI2_240725_TY2_0226_3.jpg,MI3_240725_TY2_0226_3,MI3_240725_TY2_0226_3_V01_1,V01,표,정부혁신 대한민국 대전환 보다나은 정부 한국판뉴딜과 관련된 정의 쯔쯔가무시균 감염에 의한 급성 발열성 질환 차트(표)와 그 범례에 대해 알려주세요,"정의 쯔쯔가무시균 감염에 의한 급성 발열성 질환은 질병의 분류와 관련된 정보를 시각적으로 나타냅니다. 이 표는 해당 질병의 주요 증상 및 전파 경로를 설명하고 있습니다. 본문에서 언급된 내용을 바탕으로, 이 질병이 특히 50대 이상의 인구에서 주로 발생하며, 호발 시기가 가을부터 겨울까지라는 추세를 보이고 있습니다.",235.49666026729022,511.71713270823483,2009.4507769353745,2673.1088847223295,2480,3508
train,press,/workspace/data/train/json/MI3_240725_TY2_0228_1.json,/workspace/data/train/jpg/MI2_240725_TY2_0228_1.jpg,MI3_240725_TY2_0228_1,MI3_240725_TY2_0228_1_V01_1,V01,표,최근 5년간 일본뇌염환자 수 및 사망자 수(사망률) 표에 대해 알려주세요,"최근 5년간 일본뇌염 환자 수 및 사망자 수를 나타내는 표입니다. 이 표의 범례에는 각 연도별 환자 수, 사망자 수 및 사망률이 포함되어 있습니다. 데이터에 따르면, 전체적으로 환자 수는 해마다 변동이 있으며, 특히 2021년에 사망률이 가장 높은 것으로 나타났습니다.",245.05863869489795,2154.31785605563,1958.682948907005,311.4785510189286,2480,3508
train,press,/workspace/data/train/json/MI3_240725_TY2_0228_1.json,/workspace/data/train/jpg/MI2_240725_TY2_0228_1.jpg,MI3_240725_TY2_0228_1,MI3_240725_TY2_0228_1_V01_2,V01,표,최근 5년간 일본뇌염환자중유증상자(88명) 증상별 분포 표에 대해 알려주세요,"최근 5년간 일본뇌염 환자의 유증상자를 대상으로 한 증상별 분포를 나타내는 표입니다. 이 표의 범례에는 다양한 증상의 발생 건수가 나열되어 있습니다. 데이터를 통해 발열과 의식변화가 가장 흔한 증상으로 보고되고 있으며, 여러 가지 신경학적 증상이 뒤따르는 경향을 보입니다.",235.14203092104634,2644.4955161575394,1963.9958821401747,151.62133616295034,2480,3508
train,press,/workspace/data/train/json/MI3_240725_TY2_0228_1.json,/workspace/data/train/jpg/MI2_240725_TY2_0228_1.jpg,MI3_240725_TY2_0228_1,MI3_240725_TY2_0228_1_V01_3,V01,표,최근 5년간 일본뇌염환자 중 합병증(46명) 증상별 분포 표에 대해 알려주세요,"최근 5년간 일본뇌염 환자의 합병증을 분석한 증상별 분포를 나타내는 표입니다. 이 표의 범례에는 합병증으로 발생한 다양한 증상의 건수가 포함되어 있습니다. 데이터에 따르면 인지장애와 마비가 주요 합병증으로 나타나며, 많은 환자가 이러한 문제로 고통받고 있음을 알 수 있습니다.",235.49666026728974,2941.5462025123234,1963.995882140175,160.26654986889358,2480,3508
train,press,/workspace/data/train/json/MI3_240725_TY2_0228_2.json,/workspace/data/train/jpg/MI2_240725_TY2_0228_2.jpg,MI3_240725_TY2_0228_2,MI3_240725_TY2_0228_2_V01_1,V01,표,"건강한 국민, 안전한 사회 예방접종 실시기준 표에 대해 알려주세요","예방접종 실시기준 표는 일본뇌염 예방을 위한 접종 일정과 대상을 정리한 것입니다. 이 표는 불활성화 백신과 약독화 생백신의 접종 기준 및 연령대를 포함합니다. 표를 통해 특정 연령대에서 필요한 접종 횟수를 확인할 수 있으며, 이를 기반으로 아동들이 적절한 시기에 예방접종을 받을 수 있는 추세입니다.",276.92973113343186,2441.01139460041,1927.1664858147155,490.46539977555847,2480,3508
train,press,/workspace/data/train/json/MI3_240725_TY2_0228_3.json,/workspace/data/train/jpg/MI2_240725_TY2_0228_3.jpg,MI3_240725_TY2_0228_3,MI3_240725_TY2_0228_3_V02-8_1,V02-8,차트(혼합형),"건강한 국민, 안전한 사회와 관련된 혼합형 차트에 대해 알려주세요","혼합형 차트는 다양한 데이터 시리즈를 동시에 표시하여 여러 측면을 비교할 수 있는 시각적 도구입니다. 이 차트의 범례는 각 데이터 시리즈의 의미를 명확히 하기 위해 제공됩니다. 본문과 차트를 기반으로 볼 때, 전체적인 경향은 매개모기의 수가 증가하는 추세로 나타나며, 이는 일본뇌염 발생 위험성과 연관될 수 있습니다.",240.11565368567892,987.9167239552152,2212.494237532327,886.1411028876238,2480,3508
train,press,/workspace/data/train/json/MI3_240725_TY2_0229_1.json,/workspace/data/train/jpg/MI2_240725_TY2_0229_1.jpg,MI3_240725_TY2_0229_1,MI3_240725_TY2_0229_1_V01_1,V01,표,2020-2021절기 사업대상자별 접종기간에 대해 알려주세요,"2020-2021절기 사업대상자별 접종기간은 어린이와 임신부, 62세 이상 어르신 등을 대상으로 한 접종 기간을 명시합니다. 이 표는 각 대상자별로 정해진 접종 기간을 구분하여 나타냅니다. 본문에서 언급된 대상자들은 정해진 기간 내에 예방접종을 받아야 하며, 이를 통해 인플루엔자 예방 효과를 극대화할 수 있습니다.",245.05863869489824,1723.1927956001955,1990.554041345538,766.6858722165031,2480,3508
train,press,/workspace/data/train/json/MI3_240725_TY2_0229_2.json,/workspace/data/train/jpg/MI2_240725_TY2_0229_2.jpg,MI3_240725_TY2_0229_2,MI3_240725_TY2_0229_2_V01_1,V01,표,2020-2021절기 사업기간 2회 접종 대상자 에 대해 알려주세요,"이 시각요소는 2020-2021절기 인플루엔자 예방접종 일정에 대한 정보를 제공합니다. 이 V01의 범례에는 각 연령대별 접종 기간과 대상자가 포함되어 있습니다. 본문 내용을 기반으로 볼 때, 특정 연령대에서 집중적으로 예방접종을 실시하고 있어 어린이 및 고령층의 예방접종률 향상이 예상됩니다.",258.1604036244588,553.8594622668633,1988.432772228561,1918.8759014550164,2480,3508
train,press,/workspace/data/train/json/MI3_240725_TY2_0229_3.json,/workspace/data/train/jpg/MI2_240725_TY2_0229_3.jpg,MI3_240725_TY2_0229_3,MI3_240725_TY2_0229_3_V01_1,V01,표,제목과 관련된 건강 관리 및 예방접종에 대한 시각적 요소의 차트(표) 형태에 대해 알려주세요,"이 차트는 예방접종과 관련된 정보를 표 형식으로 정리하여 제공합니다. 표의 범례에는 예방접종 전·중·후 주의사항이 포함되어 있으며, 접종 대상자와 보호자가 유의해야 할 사항을 안내합니다. 본문 내용과 차트를 통해 접종 후 나타날 수 있는 이상 반응과 그 대처 방법에 대한 추세를 알 수 있습니다.",249.6623132355804,563.0668113482284,1929.2877549316931,2496.5971045138795,2480,3508
train,press,/workspace/data/train/json/MI3_240725_TY2_0235_1.json,/workspace/data/train/jpg/MI2_240725_TY2_0235_1.jpg,MI3_240725_TY2_0235_1,MI3_240725_TY2_0235_1_V01_1,V01,표,통계 데이터와 관련된 구분에 대해 알려주세요,"이 통계는 접종률 현황을 나타내는 표입니다. 표에는 주별로 접종 건수와 비율이 기재되어 있으며, 각 연령대별로 나누어져 있습니다. 이 데이터를 통해 특정 기간 동안의 접종 추세를 파악할 수 있습니다.",232.19771376463495,708.174377661616,2060.609402224357,717.5494751229933,2480,3508
train,press,/workspace/data/train/json/MI3_240725_TY2_0235_1.json,/workspace/data/train/jpg/MI2_240725_TY2_0235_1.jpg,MI3_240725_TY2_0235_1,MI3_240725_TY2_0235_1_V02-4_1,V02-4,차트(꺾은선형),어린이 지원사업에 대한 차트(꺾은선형)에 대해 알려주세요,"이 꺾은선형 차트는 어린이 지원대상자 별 누적 접종률 현황을 시각적으로 표현합니다. 차트의 범례에는 연령대 별 접종률이 포함되어 있으며, 집중 접종주간에 대한 정보도 나타나 있습니다. 이 차트를 통해 각 연령대의 접종률 변화 추세를 한눈에 확인할 수 있습니다.",359.69130541332015,1487.26267281106,1749.9584029982443,937.6221198156679,2480,3508
train,press,/workspace/data/train/json/MI3_240725_TY2_0235_1.json,/workspace/data/train/jpg/MI2_240725_TY2_0235_1.jpg,MI3_240725_TY2_0235_1,MI3_240725_TY2_0235_1_V01_2,V01,표,어르신 지원사업 기간 통계 표에 대해 알려주세요,"이 표는 만 65세 이상 어르신들의 주차별 누적 접종률을 보여줍니다. 여러 주차에 걸쳐 누적된 데이터로 구성되어 있어 전체적인 경향성을 파악하는 데 유용합니다. 데이터 분석 결과, 시간이 지남에 따라 어르신들 사이에서 예방접종 참여율이 점진적으로 증가함을 확인할 수 있습니다.",222.28110599078346,2655.2485253718532,2097.5253456221194,343.52566817653206,2480,3508
train,press,/workspace/data/train/json/MI3_240725_TY2_0235_2.json,/workspace/data/train/jpg/MI2_240725_TY2_0235_2.jpg,MI3_240725_TY2_0235_2,MI3_240725_TY2_0235_2_V01_1,V01,표,건강 상태에 대한 정보 에 대해 알려주세요,"건강 상태에 대한 정보는 예방접종과 관련된 지침을 제공합니다. 이 자료는 예방접종 시 주의해야 할 사항들을 포함하고 있으며, 각 단계별로 필요한 조치를 안내합니다. 본문과 자료를 통해 건강한 상태에서 예방접종을 받는 것이 중요하며, 적절한 사전 준비와 접종 후 관찰이 필요하다는 추세를 알 수 있습니다.",288.94687271010076,564.6839784403447,1892.3640976372303,2194.93202520721,2480,3508
train,press,/workspace/data/train/json/MI3_240725_TY2_0236_1.json,/workspace/data/train/jpg/MI2_240725_TY2_0236_1.jpg,MI3_240725_TY2_0236_1,MI3_240725_TY2_0236_1_V01_1,V01,표,2020년 환자수에 대해 알려주세요,"2020년 환자수는 연도별로 정리된 데이터로 나타내며, 이를 통해 특정 기간 동안의 감염 경향을 파악할 수 있습니다. 범례에는 각 연도의 환자 수가 기록되어 있으며, 2016년에 비해 환자가 급격히 줄어든 추세를 보여줍니다. 본문과 데이터를 기반으로 볼 때, 2020년에는 단 한 건의 환자만이 보고되었으며 이는 과거와 비교했을 때 상당히 낮은 수치입니다.",317.98569426018435,1792.2071238871429,1824.3700302842783,365.94027703976195,2480,3508
train,press,/workspace/data/train/json/MI3_240725_TY2_0236_1.json,/workspace/data/train/jpg/MI2_240725_TY2_0236_1.jpg,MI3_240725_TY2_0236_1,MI3_240725_TY2_0236_1_V02-1_1,V02-1,차트(세로 막대형),환자수에 대한 차트(세로 막대형)에 대해 알려주세요,"환자수에 대한 차트(세로 막대형)는 여러 국가에서 발생한 감�