split,group,json_path,image_path,page_id,instance_id,class_id,class_name,visual_instruction,visual_answer,x,y,w,h,width,height
train,report,/workspace/data/train/json/MI3_240819_TY1_0012_1.json,/workspace/data/train/jpg/MI2_240819_TY1_0012_1.jpg,MI3_240819_TY1_0012_1,MI3_240819_TY1_0012_1_V02-8_1,V02-8,차트(혼합형),제목에 따라 실질가계소득 및 민간소비 혼합형 차트에 대해 알려주세요,"실질가계소득 및 민간소비 혼합형 차트는 시간에 따른 소득과 소비 수준을 함께 보여주는 방식으로 구성되어 있습니다. 범례를 통해 각 축이 무엇을 의미하는지 이해할 수 있습니다. 본문에서는 실질가계소득과 민간소비 간의 관계를 분석하며, 물가상승률이 실질 소비에 미치는 영향을 설명합니다.",395.41067986280336,1409.6706192358345,812.2777645677022,804.2055335968358,2480,3508
train,report,/workspace/data/train/json/MI3_240819_TY1_0012_1.json,/workspace/data/train/jpg/MI2_240819_TY1_0012_1.jpg,MI3_240819_TY1_0012_1,MI3_240819_TY1_0012_1_V02-8_2,V02-8,차트(혼합형),제목에 따라 가계대출금리 및 이자지급액 혼합형 차트에 대해 알려주세요,"가계대출금리 및 이자지급액 혼합형 차트는 두 가지 데이터를 동시에 나타내며, 각 요소의 변화를 시각적으로 비교할 수 있도록 설계되었습니다. 범례를 통해 좌축과 우축에 해당하는 데이터의 의미를 구분할 수 있습니다. 본문에서는 가계대출금리와 이자지급액의 변동을 다루고 있으며, 최근 몇 년간 이러한 요소들이 어떻게 변화해 왔는지를 보여줍니다.",1238.6613965744343,1405.048748353092,836.0771909990302,820.8314343155578,2480,3508
train,report,/workspace/data/train/json/MI3_240819_TY1_0012_1.json,/workspace/data/train/jpg/MI2_240819_TY1_0012_1.jpg,MI3_240819_TY1_0012_1,MI3_240819_TY1_0012_1_V01_1,V01,표,제목에 따라 연도별 민간소비 변화 추세 표에 대해 알려주세요,"연도별 민간소비 변화 추세 표는 특정 기간 동안의 소비 증가율을 명확하게 제시합니다. 표에는 각 연도별 상반기와 하반기 소비 증가율이 나열되어 있어 연속적인 변화를 쉽게 비교할 수 있습니다. 본문에서는 2016년부터 2018년까지의 소비 변화 경향을 보여주며, 이를 바탕으로 향후 전망도 제시하고 있습니다.",445.21615154651096,2745.3913043478233,1651.5966824142197,365.1277997364944,2480,3508
train,report,/workspace/data/train/json/MI3_240819_TY1_0012_2.json,/workspace/data/train/jpg/MI2_240819_TY1_0012_2.jpg,MI3_240819_TY1_0012_2,MI3_240819_TY1_0012_2_V02-8_1,V02-8,차트(혼합형),설비투자 선행지표 미래 성장동력 관련 공약 차트(혼합형)에 대해 알려주세요,"설비투자 선행지표를 나타내는 혼합형 차트입니다. 이 차트의 범례에는 OECD 경기선행지수와 국내 기계수주 데이터를 포함하여, 시간에 따른 변화를 시각적으로 보여줍니다. 데이터 분석 결과, IT 부문의 높은 증가세와 정부의 신산업 육성 정책이 함께 작용하여 전체적인 설비투자가 견조하게 증가하고 있는 것을 확인할 수 있습니다.",380.46109074305576,1076.8959156785224,842.867014824823,695.482149948575,2480,3508
train,report,/workspace/data/train/json/MI3_240819_TY1_0012_2.json,/workspace/data/train/jpg/MI2_240819_TY1_0012_2.jpg,MI3_240819_TY1_0012_2,MI3_240819_TY1_0012_2_V02-1_1,V02-1,차트(세로 막대형),설비투자 미래 성장동력 관련 공약 차트(혼합형)에 대해 알려주세요,"미래 성장동력 관련 공약을 나타내는 혼합형 차트입니다. 이 차트의 범례는 전년 동기 대비 비율을 보여주며, OECD 경기선행지수와 국내 기계수주를 함께 비교합니다. 본문 내용과 이 차트를 통해 현재 설비투자의 증가 추세가 긍정적으로 나타나고 있으며, 특히 신산업 육성을 위한 정책들이 투자 회복에 도움이 되고 있음을 알 수 있습니다.",369.7496706192353,2432.790598487536,855.0461133069815,668.7809313950263,2480,3508
train,report,/workspace/data/train/json/MI3_240819_TY1_0012_3.json,/workspace/data/train/jpg/MI2_240819_TY1_0012_3.jpg,MI3_240819_TY1_0012_3,MI3_240819_TY1_0012_3_V02-4_1,V02-4,차트(꺾은선형),유가 및 나프타 가격 꺾은선형에 대해 알려주세요,"유가 및 나프타 가격 꺾은선형은 시간에 따른 두 가격의 변화를 시각적으로 표현합니다. 이 차트는 유가와 나프타 가격 간의 상관관계를 설명하는 범례를 포함하고 있습니다. 본문 내용과 함께 볼 때, 최근 몇 년간 유가는 불안정하게 변화하였으며, 나프타 가격도 이에 따라 영향을 받고 있음을 알 수 있습니다.",374.37154150197534,1100.0052700922247,842.6481790171001,713.0169584926448,2480,3508
train,report,/workspace/data/train/json/MI3_240819_TY1_0012_3.json,/workspace/data/train/jpg/MI2_240819_TY1_0012_3.jpg,MI3_240819_TY1_0012_3,MI3_240819_TY1_0012_3_V02-4_2,V02-4,차트(꺾은선형),해운운임 및 선박 발주량 꺾은선형에 대해 알려주세요,"해운운임 및 선박 발주량 꺾은선형은 시간에 따른 해운 운임과 선박 발주량의 변화를 나타냅니다. 이 차트는 두 가지 지표 간의 관계를 보여주는 범례를 포함하고 있습니다. 본문에서 언급된 바와 같이, 해운업계의 운임이 낮아지는 추세 속에서 신규 선박 발주량 역시 감소하는 경향을 보이고 있음을 알 수 있습니다.",1241.08174991967,1100.005270092224,847.051214092117,700.6190242027623,2480,3508
train,report,/workspace/data/train/json/MI3_240819_TY1_0012_4.json,/workspace/data/train/jpg/MI2_240819_TY1_0012_4.jpg,MI3_240819_TY1_0012_4,MI3_240819_TY1_0012_4_V02-8_1,V02-8,차트(혼합형),R&D투자와 IT수출 혼합형 차트에 대해 알려주세요,"R&D 투자와 IT 수출의 관계를 나타내는 혼합형 차트는 두 가지 데이터를 비교하는 데 유용합니다. 이 차트에서는 연도별 R&D 투자 및 IT 수출의 변화를 시각적으로 보여주며, 두 지표 간의 상관관계를 분석할 수 있습니다. 전체적인 추세로 보아, R&D 투자가 증가함에 따라 IT 수출 또한 상승하는 경향을 확인할 수 있습니다.",388.016551388955,1268.59325593163,833.5659831954675,682.8488718658808,2480,3508
train,report,/workspace/data/train/json/MI3_240819_TY1_0012_4.json,/workspace/data/train/jpg/MI2_240819_TY1_0012_4.jpg,MI3_240819_TY1_0012_4,MI3_240819_TY1_0012_4_V01_1,V01,표,과학기술 진흥에 대한 표에 대해 알려주세요,"과학기술 진흥을 다룬 표는 연구개발 생태계 조성과 관련된 내용을 포함합니다. 이 표는 ICT 기반 확충과 4차 산업혁명 핵심사업 지원 등을 설명하고 있습니다. 본문 내용과 함께 볼 때, 과학기술 분야에서의 혁신과 지원이 강조되고 있는 추세를 보여줍니다.",1253.715028002364,1224.7957839262174,845.2309617829393,729.4635869531866,2480,3508
train,report,/workspace/data/train/json/MI3_240819_TY1_0012_5.json,/workspace/data/train/jpg/MI2_240819_TY1_0012_5.jpg,MI3_240819_TY1_0012_5,MI3_240819_TY1_0012_5_V02-8_1,V02-8,차트(혼합형),주거용 건물 착공면적 혼합형에 대해 알려주세요,"주거용 건물 착공면적 혼합형은 여러 데이터를 시각적으로 표현하여 트렌드를 쉽게 이해할 수 있도록 도와줍니다. 이 혼합형 차트는 주거용 착공면적의 변화율을 나타내며, 두 축에서 다른 지표들을 비교할 수 있게 해줍니다. 최근 데이터에 따르면, 주거용 건물의 착공면적이 줄어들고 있는 가운데, 증가세가 둔화될 것으로 예상됩니다.",388.2371541501976,1663.873517786561,850.4242424242426,633.1963109354417,2480,3508
train,report,/workspace/data/train/json/MI3_240819_TY1_0012_5.json,/workspace/data/train/jpg/MI2_240819_TY1_0012_5.jpg,MI3_240819_TY1_0012_5,MI3_240819_TY1_0012_5_V02-1_1,V02-1,차트(세로 막대형),아파트 입주물량 세로 막대형에 대해 알려주세요,"아파트 입주물량 세로 막대형은 특정 기간 동안 아파트의 공급 상황을 시각적으로 나타냅니다. 이 차트는 각 연도별 아파트 입주 물량을 표시하며, 그래프를 통해 각각의 변화를 한눈에 파악할 수 있습니다. 최근 통계에 따르면, 아파트 분양 실적이 감소하고 있으며 이는 가계부채 관리 강화 등의 영향으로 나타나고 있습니다.",1258.8353942714627,1668.4953886693017,828.344894753434,639.2858601765206,2480,3508
train,report,/workspace/data/train/json/MI3_240819_TY1_0012_6.json,/workspace/data/train/jpg/MI2_240819_TY1_0012_6.jpg,MI3_240819_TY1_0012_6,MI3_240819_TY1_0012_6_V02-8_1,V02-8,차트(혼합형),상업용 부동산 공실률 및 입주물량 (%) 차트(혼합형)에 대해 알려주세요,"이 차트는 상업용 부동산의 공실률과 입주물량을 비교하는 혼합형 그래프입니다. 이 그래프는 비주거용 착공면적과 증가율을 동시에 시각화하여 보여줍니다. 최근 데이터를 바탕으로 보면, 비주거용 건축의 착공면적은 감소세를 보이고 있으며, 이는 전체적인 시장의 수요 둔화를 반영합니다.",388.2371541501976,406.7246376811594,822.6930171277996,651.683794466403,2480,3508
train,report,/workspace/data/train/json/MI3_240819_TY1_0012_6.json,/workspace/data/train/jpg/MI2_240819_TY1_0012_6.jpg,MI3_240819_TY1_0012_6,MI3_240819_TY1_0012_6_V02-8_2,V02-8,차트(혼합형),비주거용 건물 착공면적 차트(혼합형)에 대해 알려주세요,"이 차트는 오피스와 중대형 상가의 공실률과 오피스텔 입주량을 나타내는 혼합형 그래프입니다. 해당 그래프에서는 각각의 공실률과 입주량 간의 관계를 시각적으로 표현하고 있습니다. 최근 데이터에 따르면, 오피스와 중대형 상가의 공실률이 상승하고 있어 시장 상황이 악화되고 있음을 보여줍니다.",1224.0619447470483,414.5007010883009,864.8048584439107,643.9077310592611,2480,3508
train,report,/workspace/data/train/json/MI3_240819_TY1_0012_6.json,/workspace/data/train/jpg/MI2_240819_TY1_0012_6.jpg,MI3_240819_TY1_0012_6,MI3_240819_TY1_0012_6_V02-4_1,V02-4,차트(꺾은선형),일반토목 및 플랜트 건설 차트(꺾은선형)에 대해 알려주세요,"이 꺾은선형 그래프는 일반토목과 플랜트 건설의 전년 동기 대비 변화를 보여주는 자료입니다. 각 라인은 시간에 따른 두 분야의 변화 추이를 명확히 비교할 수 있도록 돕습니다. 현재 데이터로 볼 때, 일반토목 부문은 하락세를 보이는 반면, 플랜트 건설은 상대적으로 안정적인 흐름을 유지하고 있습니다.",1257.1488801053988,1557.5704874835287,821.0065029617359,684.3330582093104,2480,3508
train,report,/workspace/data/train/json/MI3_240819_TY1_0012_7.json,/workspace/data/train/jpg/MI2_240819_TY1_0012_7.jpg,MI3_240819_TY1_0012_7,MI3_240819_TY1_0012_7_V02-4_1,V02-4,차트(꺾은선형),상품수출에 대한 세계 교역신장률과 성장률 꺾은선형 차트에 대해 알려주세요,"이 꺾은선형 차트는 상품 수출 및 세계 교역 신장률과 성장률을 전년 동기 대비 비교하여 나타냅니다. 이 차트의 범례에는 각 연도별 성장률이 포함되어 있습니다. 최근 몇 년 동안 상품 수출 전망이 긍정적으로 변화하고 있는 경향을 보이며, 세계 교역 신장률도 함께 증가세를 보이고 있습니다.",383.61528326745685,2093.7075098814203,841.8705726763865,672.2414940502401,2480,3508
train,report,/workspace/data/train/json/MI3_240819_TY1_0012_7.json,/workspace/data/train/jpg/MI2_240819_TY1_0012_7.jpg,MI3_240819_TY1_0012_7,MI3_240819_TY1_0012_7_V02-4_2,V02-4,차트(꺾은선형),상품수출에 대한 세세계와 선진국 및 신흥국의 꺾은선형 차트에 대해 알려주세요,"이 꺾은선형 차트는 상품 수출 지표를 세세계, 선진국, 신흥국으로 나누어 보여줍니다. 각 카테고리별로 2010년 기준의 상대적인 변화를 나타내며, 과거 몇 년 간의 추세가 포함되어 있습니다. 분석 결과, 신흥국에서의 수출 증가세가 두드러지며 선진국도 경기 회복세를 이어가고 있음을 확인할 수 있습니다.",1234.0395256916968,2094.0525458902307,835.0420829725907,671.8964580414244,2480,3508
train,report,/workspace/data/train/json/MI3_240819_TY1_0012_9.json,/workspace/data/train/jpg/MI2_240819_TY1_0012_9.jpg,MI3_240819_TY1_0012_9,MI3_240819_TY1_0012_9_V02-4_1,V02-4,차트(꺾은선형),글로벌 반도체 수급 전망 꺾은선형에 대해 알려주세요,글로벌 반도체 수급 전망 꺾은선형은 반도체의 공급과 수요를 시각적으로 나타낸 데이터입니다. 이 꺾은선형의 범례는 DRAM과 NAND 플래시의 공급과 수요 우위를 비교하는 데 사용됩니다. 본문에서는 이러한 반도체 시장의 추세가 향후 몇 년간 어떻게 변화할 것인지에 대한 예측을 담고 있습니다.,367.3293172740028,2178.5876999368106,844.1158573754367,723.2907070010152,2480,3508
train,report,/workspace/data/train/json/MI3_240819_TY1_0012_9.json,/workspace/data/train/jpg/MI2_240819_TY1_0012_9.jpg,MI3_240819_TY1_0012_9,MI3_240819_TY1_0012_9_V02-8_1,V02-8,차트(혼합형),선박 수주잔고 및 수출금액 혼합형에 대해 알려주세요,"선박 수주잔고 및 수출금액 혼합형은 선박 산업의 성과와 잔고를 종합적으로 보여주는 차트입니다. 이 혼합형의 범례는 상선과 해양플랜트 부문의 데이터를 포함하고 있습니다. 본문에서는 이러한 선박 산업이 현재 어떤 상태이며, 향후 시장 전망에 대해 간략히 설명하고 있습니다.",1261.0369118089716,2193.1871517642003,818.5861496165052,762.3898598444492,2480,3508
train,report,/workspace/data/train/json/MI3_240819_TY1_0014_1.json,/workspace/data/train/jpg/MI2_240819_TY1_0014_1.jpg,MI3_240819_TY1_0014_1,MI3_240819_TY1_0014_1_V02-4_1,V02-4,차트(꺾은선형),미국 원유재고와 국제유가에 대해 알려주세요,"이 차트는 미국 원유 재고와 국제 유가의 변화를 나타내고 있습니다. 차트의 범례는 다양한 종류의 유가를 포함하여 각각의 가격을 비교합니다. 본문 내용에 따르면, 원유 재고 변화에 따라 국제 유가는 지속적인 상승세를 보이고 있습니다.",353.70946475747985,425.2121212121205,837.1005574714408,674.7897076641806,2480,3508
train,report,/workspace/data/train/json/MI3_240819_TY1_0014_1.json,/workspace/data/train/jpg/MI2_240819_TY1_0014_1.jpg,MI3_240819_TY1_0014_1,MI3_240819_TY1_0014_1_V02-4_2,V02-4,차트(꺾은선형),미국 원유재고와 국제유가에 대해 알려주세요,"이 차트는 5년 평균과 함께 미국 원유 재고 변화를 시각화한 것입니다. 범례에는 시간별로 표시된 재고량과 평균치가 포함되어 있습니다. 최근 수치들은 과거 5년 평균을 하회하고 있으며, 이는 현재 경제 상황을 반영합니다.",1236.4868033609052,425.212121212121,780.005441360444,701.9790052652022,2480,3508
train,report,/workspace/data/train/json/MI3_240819_TY1_0014_1.json,/workspace/data/train/jpg/MI2_240819_TY1_0014_1.jpg,MI3_240819_TY1_0014_1,MI3_240819_TY1_0014_1_V02-4_3,V02-4,차트(꺾은선형),미국 장기금리 및 달러화지수에 대해 알려주세요,"이 차트는 미국 10년 만기 국채 수익률과 달러화 지수를 보여줍니다. 범례에서는 두 가지 데이터를 통해 경제 상황을 이해할 수 있도록 돕습니다. 최근 장기금리는 완만한 상승세를 보이며, 이에 따라 달러화 지수도 안정적인 흐름을 유지하고 있습니다.",376.81881917118193,2407.9947299077703,844.1697060233882,658.4768173467531,2480,3508
train,report,/workspace/data/train/json/MI3_240819_TY1_0014_1.json,/workspace/data/train/jpg/MI2_240819_TY1_0014_1.jpg,MI3_240819_TY1_0014_1,MI3_240819_TY1_0014_1_V02-4_4,V02-4,차트(꺾은선형),글로벌 주가 및 VIX지수에 대해 알려주세요,"이 차트는 글로벌 주식 시장의 동향과 VIX지수를 나타냅니다. 범례에는 주요 글로벌 주가지수와 VIX 지수가 포함되어 있어 투자자들에게 중요한 정보를 제공합니다. 최근 자료에 따르면, 글로벌 주가는 긍정적인 추세를 보이고 있으며, VIX 지수는 상대적으로 낮은 수준으로 안정성을 나타내고 있습니다.",1252.5270092226574,2407.9947299077694,847.4315958436891,661.7387071670548,2480,3508
train,report,/workspace/data/train/json/MI3_240819_TY1_0014_2.json,/workspace/data/train/jpg/MI2_240819_TY1_0014_2.jpg,MI3_240819_TY1_0014_2,MI3_240819_TY1_0014_2_V02-8_1,V02-8,차트(혼합형),소매판매 및 서비스업생산 혼합형에 대해 알려주세요,"소매판매 및 서비스업생산 혼합형은 관련 데이터의 시각적 표현을 통해 경제 상황을 분석하는 데 유용합니다. 이 혼합형의 범례는 민간소비와 서비스업 생산지수를 포함하여, 다양한 경제 지표를 비교할 수 있도록 돕습니다. 본문에서는 민간소비가 완만하게 증가하고 있으며, 서비스업 생산지수와 소매판매액이 개선되고 있는 추세를 보여줍니다.",378.9934123847167,1529.839262187088,845.8023715415019,688.658761528327,2480,3508
train,report,/workspace/data/train/json/MI3_240819_TY1_0014_2.json,/workspace/data/train/jpg/MI2_240819_TY1_0014_2.jpg,MI3_240819_TY1_0014_2,MI3_240819_TY1_0014_2_V02-8_2,V02-8,차트(혼합형),출국자수와 일반여행 지급 혼합형에 대해 알려주세요,출국자수와 일반여행 지급 혼합형은 관광 산업과 해외 소비 동향을 시각적으로 나타냅니다. 이 혼합형의 범례는 출국자 수와 일반여행 지급을 비교하여 외환 수입을 이해하는 데 도움이 됩니다. 본문에서는 외부 소비 증가와 함께 출국자 수가 지속적으로 증가하는 추세를 보여주고 있습니다.,1238.6613965744382,1536.8814864150595,873.5335968379438,673.621638085489,2480,3508
train,report,/workspace/data/train/json/MI3_240819_TY1_0014_3.json,/workspace/data/train/jpg/MI2_240819_TY1_0014_3.jpg,MI3_240819_TY1_0014_3,MI3_240819_TY1_0014_3_V02-8_1,V02-8,차트(혼합형),수출물량지수 차트(혼합형)에 대해 알려주세요,"수출물량지수 차트(혼합형)는 수출 금액과 물량의 변화를 시각적으로 보여주는 그래프입니다. 이 차트에서는 전년 동기 대비 수출 물량, 단가, 그리고 총 수출 금액을 비교하여 나타내고 있습니다. 최근 자료를 기반으로 보면 수출 물량은 감소세를 보였으나, 특정 시점에서 증가세로 돌아서는 경향이 관찰됩니다.",378.04073739782365,2412.6166007905044,847.4888857075637,744.1212121212079,2480,3508
train,report,/workspace/data/train/json/MI3_240819_TY1_0014_3.json,/workspace/data/train/jpg/MI2_240819_TY1_0014_3.jpg,MI3_240819_TY1_0014_3,MI3_240819_TY1_0014_3_V02-8_2,V02-8,차트(혼합형),수입물량지수 차트(혼합형)에 대해 알려주세요,"수입물량지수 차트(혼합형)는 수입 금액 및 물량의 변화를 시각적으로 표현하는 그래프입니다. 이 차트에서는 전년 동기 대비 수입 물량, 단가 및 총 수입 금액을 비교하여 나타내고 있습니다. 최근 데이터에 따르면, 수입 물량은 증가 추세를 보이며 원자재와 소비재 모두 안정적인 상승세를 유지하고 있습니다.",1228.4649798220655,2421.8603425559927,851.1580816034125,730.2555994729897,2480,3508
train,report,/workspace/data/train/json/MI3_240819_TY1_0014_4.json,/workspace/data/train/jpg/MI2_240819_TY1_0014_4.jpg,MI3_240819_TY1_0014_4,MI3_240819_TY1_0014_4_V02-8_1,V02-8,차트(혼합형),총 취업자수 혼합형에 대해 알려주세요,"총 취업자수 혼합형은 다양한 데이터 포인트를 결합하여 시각적으로 표현하는 그래프입니다. 이 그래프는 고용 수치의 변화를 명확하게 나타내기 위해 좌측과 우측 축을 사용하여 두 가지 서로 다른 데이터를 비교할 수 있도록 설계되었습니다. 본문 내용과 시각적 자료를 바탕으로 볼 때, 최근 몇 년간 취업자수가 지속적으로 증가하고 있으며, 특히 상용근로자가 꾸준히 늘어난 것으로 보입니다.",392.8590250329376,1780.7802709175128,832.751371044374,636.1855163000677,2480,3508
train,report,/workspace/data/train/json/MI3_240819_TY1_0014_4.json,/workspace/data/train/jpg/MI2_240819_TY1_0014_4.jpg,MI3_240819_TY1_0014_4,MI3_240819_TY1_0014_4_V02-4_1,V02-4,차트(꺾은선형),종사상 지위별 취업자수 꺾은선형에 대해 알려주세요,"종사상 지위별 취업자수 꺾은선형은 시간에 따른 고용 구조의 변화를 시각적으로 보여주는 차트입니다. 이 차트는 상용근로자와 임시일용근로자의 수치를 각각 다른 선으로 표시하여 두 집단 간의 변화를 쉽게 비교할 수 있습니다. 분석 결과, 상용근로자는 점진적으로 증가하는 반면 임시일용근로자는 감소세를 보이고 있어 고용 형태의 변화가 감지됩니다.",1266.665306326552,1786.7621228626926,813.4458341463945,632.6509420240949,2480,3508
train,report,/workspace/data/train/json/MI3_240819_TY1_0014_5.json,/workspace/data/train/jpg/MI2_240819_TY1_0014_5.jpg,MI3_240819_TY1_0014_5,MI3_240819_TY1_0014_5_V01_1,V01,표,주택가격에 대한 표에 대해 알려주세요,"이 표는 주택가격의 변화 추이를 연도별로 보여줍니다. 각 연도 및 월별 전국과 서울, 경기·인천, 비수도권의 아파트 매매 가격 변동률을 나타냅니다. 최근 몇 개월 동안 서울은 상승세를 보였으나, 비수도권은 하락세를 지속하고 있는 것으로 보입니다.",516.7508336086696,1280.2582345191026,1545.5022853518242,330.2230487274453,2480,3508
train,report,/workspace/data/train/json/MI3_240819_TY1_0014_5.json,/workspace/data/train/jpg/MI2_240819_TY1_0014_5.jpg,MI3_240819_TY1_0014_5,MI3_240819_TY1_0014_5_V02-8_1,V02-8,차트(혼합형),아파트매매가격 및 거래량에 대한 차트(혼합형)에 대해 알려주세요,"이 차트는 아파트 매매거래량과 매매가격 간의 관계를 시각적으로 보여줍니다. 거래량이 증가함에 따라 매매가격이 어떻게 변화하는지를 파악할 수 있습니다. 최근 데이터에서는 매매거래량이 증가하고 있지만, 가격은 일정한 변동폭을 유지하고 있어 안정세를 띄고 있습니다.",388.2371541501976,2052.1106719367585,831.9367588932807,647.061923583663,2480,3508
train,report,/workspace/data/train/json/MI3_240819_TY1_0014_5.json,/workspace/data/train/jpg/MI2_240819_TY1_0014_5.jpg,MI3_240819_TY1_0014_5,MI3_240819_TY1_0014_5_V02-8_2,V02-8,차트(혼합형),아파트전세가격 및 거래량에 대한 차트(혼합형)에 대해 알려주세요,이 차트는 아파트 전세거래량과 전세가격의 변화를 동시에 보여줍니다. 전세거래량과 전세가격 간의 상관관계를 시각적으로 분석할 수 있게 해줍니다. 현재 데이터에서는 전세가격이 소폭 하락하면서 거래량에도 약간의 영향을 미치는 모습을 볼 수 있습니다.,1230.1077268265828,2060.3193056758005,841.5255366675706,640.5784698886812,2480,3508
train,report,/workspace/data/train/json/MI3_240819_TY1_0014_6.json,/workspace/data/train/jpg/MI2_240819_TY1_0014_6.jpg,MI3_240819_TY1_0014_6,MI3_240819_TY1_0014_6_V02-8_1,V02-8,차트(혼합형),제목 소비자물가 상승률 근원인플레이션 혼합형에 대해 알려주세요,"혼합형은 여러 종류의 데이터 시각화를 결합하여 정보를 전달하는 방식입니다. 이 차트는 소비자물가 및 근원인플레이션의 변동을 보여주는 범례를 포함하고 있습니다. 본문 내용을 바탕으로 볼 때, 최근 물가 상승률은 다소 둔화된 모습을 보이며, 특정 시점에서 급등락이 관찰됩니다.",406.7246376811593,2052.1106719367585,823.7803137345666,679.415019762846,2480,3508
train,report,/workspace/data/train/json/MI3_240819_TY1_0014_6.json,/workspace/data/train/jpg/MI2_240819_TY1_0014_6.jpg,MI3_240819_TY1_0014_6,MI3_240819_TY1_0014_6_V02-4_1,V02-4,차트(꺾은선형),제목 소비자물가 상승률 근원인플레이션 꺾은선형에 대해 알려주세요,"꺾은선형은 시간에 따른 변화를 시각적으로 표현하는 데 유용한 방식입니다. 이 차트는 전년 동월 대비 물가 변동 추세를 나타내며, 주로 식료품과 에너지를 제외한 가격 지수를 중심으로 구성됩니다. 전체적으로 최근 몇 년간 물가는 안정세를 유지하고 있으나 일부 구간에서는 명확한 상승세를 보이는 경향이 있습니다.",1247.9051383399187,2058.0925238819373,846.3442992369227,671.8005022995508,2480,3508
train,report,/workspace/data/train/json/MI3_240819_TY1_0014_7.json,/workspace/data/train/jpg/MI2_240819_TY1_0014_7.jpg,MI3_240819_TY1_0014_7,MI3_240819_TY1_0014_7_V01_1,V01,표,2017e) 2018. 2019e) 차트(세로 막대형)에 대해 알려주세요,"이 차트는 2017년부터 2019년까지의 세계경제 성장률 전망을 나타냅니다. 이 차트에서는 IMF, OECD, World Bank 등의 기관에서 제공한 데이터가 사용됩니다. 최근 몇 년간 성장률이 일정하게 유지되고 있으며, 선진국과 신흥국 모두 긍정적인 성장을 보일 것으로 예상됩니다.",377.7445698341003,1936.5638998682455,865.5386976230776,695.4821499485757,2480,3508
train,report,/workspace/data/train/json/MI3_240819_TY1_0014_7.json,/workspace/data/train/jpg/MI2_240819_TY1_0014_7.jpg,MI3_240819_TY1_0014_7,MI3_240819_TY1_0014_7_V02-4_1,V02-4,차트(꺾은선형),글로벌PMI 및 OECD 경기선행지수 차트(꺾은선형)에 대해 알려주세요,"이 꺾은선형 차트는 글로벌 PMI와 OECD 경기선행지수의 변화를 시각적으로 표현합니다. 이 지수들은 경제 활동의 선행 지표로 사용되며, 각각의 기준 값에 대한 비교를 통해 경제 상황을 평가할 수 있습니다. 전반적으로 두 지수가 상승세를 보여 향후 경제 회복 가능성이 있음을 시사합니다.",1252.5270092226572,1970.088506842038,872.5809218510516,745.6662222355465,2480,3508
train,report,/workspace/data/train/json/MI3_240819_TY1_0014_8.json,/workspace/data/train/jpg/MI2_240819_TY1_0014_8.jpg,MI3_240819_TY1_0014_8,MI3_240819_TY1_0014_8_V02-1_1,V02-1,차트(세로 막대형),주요국 물가상승률 전망 차트(세로 막대형)에 대해 알려주세요,"주요국 물가상승률을 나타내는 세로 막대형 차트입니다. 이 차트는 전년 대비 물가상승률을 표시하며, 각 국가의 예측된 수치를 시각적으로 비교할 수 있습니다. 본문에서는 소비자물가 기준 자료를 바탕으로 세계 경제와 주요국의 물가 전망에 대한 정보가 제공되고 있습니다.",368.0631564531734,415.96837944664003,865.9763692385258,789.387245961724,2480,3508
train,report,/workspace/data/train/json/MI3_240819_TY1_0014_8.json,/workspace/data/train/jpg/MI2_240819_TY1_0014_8.jpg,MI3_240819_TY1_0014_8,MI3_240819_TY1_0014_8_V02-1_2,V02-1,차트(세로 막대형),주요국 GDP갭 전망 차트(세로 막대형)에 대해 알려주세요,"주요국의 잠재 GDP 대비 실제 GDP 갭을 보여주는 세로 막대형 차트입니다. 이 차트는 선진국과 신흥국의 경제 성장을 비교할 수 있는 데이터를 제공합니다. 본문에서는 OECD 자료를 기반으로 각국의 경제 성장률에 대한 분석이 포함되어 있어, 앞으로의 경제 흐름을 예측하는 데 도움이 됩니다.",1243.283267457176,423.0106036746115,792.103766870678,643.470059443814,2480,3508
train,report,/workspace/data/train/json/MI3_240819_TY1_0014_8.json,/workspace/data/train/jpg/MI2_240819_TY1_0014_8.jpg,MI3_240819_TY1_0014_8,MI3_240819_TY1_0014_8_V02-4_1,V02-4,차트(꺾은선형),세계교역신장률 전망 차트(꺾은선형)에 대해 알려주세요,세계교역 신장률을 보여주는 꺾은선형 차트입니다. 이 차트는 전세계 및 선진국과 신흥국 간 교역량 변화를 시간에 따라 시각적으로 표현합니다. 본문에서는 보호무역기조와 중국의 소비 중심 성장 구조 전환 등의 제약 요인들이 교역량 변화에 미치는 영향을 분석하고 있습니다.,374.3715415019754,2423.546856722056,820.2726637825663,665.1117354991777,2480,3508
train,report,/workspace/data/train/json/MI3_240819_TY1_0014_8.json,/workspace/data/train/jpg/MI2_240819_TY1_0014_8.jpg,MI3_240819_TY1_0014_8,MI3_240819_TY1_0014_8_V01_1,V01,표,주요기관별 전망 차트(표)에 대해 알려주세요,"IMF, OECD, 월드뱅크 등 주요 기관들의 GDP 성장률 전망을 나열한 표입니다. 이 표는 다양한 기관들의 예측치를 쉽게 비교할 수 있도록 구성되어 있습니다. 본문에서는 각 기관에서 발표한 데이터들을 통해 향후 경제 성장에 대한 다각적인 시각을 제공하고 있습니다.",1220.1739130434783,2440.3478260869556,884.2450169617648,711.7681159420287,2480,3508
train,report,/workspace/data/train/json/MI3_240819_TY1_0014_9.json,/workspace/data/train/jpg/MI2_240819_TY1_0014_9.jpg,MI3_240819_TY1_0014_9,MI3_240819_TY1_0014_9_V01_1,V01,표,미국 경제성장률 전망과 관련된 본문에서 제시된 수치와 차트에 대해 알려주세요,"이 차트는 미국 경제성장률에 대한 여러 기관의 전망을 보여줍니다. 각 기관의 예측은 시계열 데이터로 표시되어 있으며, 그래프의 범례에는 IMF, OECD, World Bank 등의 정보가 포함되어 있습니다. 본문에서 설명된 바와 같이 미국 경제는 견조한 성장세를 지속할 것으로 보이며, 예측치에 따라 다소 차이가 있음을 나타냅니다.",374.37154150197625,1026.0553359683793,841.1805006587615,651.6837944664031,2480,3508
train,report,/workspace/data/train/json/MI3_240819_TY1_0014_9.json,/workspace/data/train/jpg/MI2_240819_TY1_0014_9.jpg,MI3_240819_TY1_0014_9,MI3_240819_TY1_0014_9_V02-4_2,V02-4,차트(꺾은선형),유로지역 경제성장률 전망과 관련된 본문에서 제시된 수치와 차트에 대해 알려주세요,"이 차트는 유로지역의 산업생산과 소매판매 지수 및 경기체감지수를 시각적으로 나타냅니다. 각각의 지표들은 특정 기준 연도를 기준으로 상대적인 변화를 보여주며, 좌축과 우축에 대한 명확한 구분이 있습니다. 본문에서는 유로지역 경제가 양호한 성장세를 유지할 것으로 예상되지만, 정치적 불확실성이 이를 제약할 가능성이 있다고 언급하고 있습니다.",1215.7708779684585,2542.0289855072397,845.8797032975009,613.5373166098641,2480,3508
train,report,/workspace/data/train/json/MI3_240819_TY1_0015_1.json,/workspace/data/train/jpg/MI2_240819_TY1_0015_1.jpg,MI3_240819_TY1_0015_1,MI3_240819_TY1_0015_1_V02-4_1,V02-4,차트(꺾은선형),국제유가에 대해 알려주세요.,"국제유가는 달러/배럴 단위로 나타낸 차트입니다. 이 차트는 Brent, WTI, Dubai 등의 유가 변화를 비교하여 보여줍니다. 최근 데이터에 따르면 국제유가는 상승세를 보이고 있으며, 특히 Brent와 WTI 가격 간의 차이가 눈에 띕니다.",388.92206366630074,435.130625686059,804.7991218441266,656.4404747578636,2480,3508
train,report,/workspace/data/train/json/MI3_240819_TY1_0015_1.json,/workspace/data/train/jpg/MI2_240819_TY1_0015_1.jpg,MI3_240819_TY1_0015_1,MI3_240819_TY1_0015_1_V02-8_1,V02-8,차트(혼합형),OPEC 생산량 및 감산이행률에 대해 알려주세요.,"OPEC 생산량 및 감산이행률은 백만 배럴/일과 퍼센트로 나타낸 그래프입니다. 이 그래프는 OPEC 원유 생산량과 감산 이행률 간의 관계를 시각적으로 보여줍니다. 현재 데이터에 따르면, OPEC 원유 생산량은 변동하고 있으며, 감산 이행률은 다소 증가하는 추세를 보이고 있습니다.",1236.07903402854,423.5784851811196,881.813391877058,708.5312843029636,2480,3508
train,report,/workspace/data/train/json/MI3_240819_TY1_0015_1.json,/workspace/data/train/jpg/MI2_240819_TY1_0015_1.jpg,MI3_240819_TY1_0015_1,MI3_240819_TY1_0015_1_V02-4_2,V02-4,차트(꺾은선형),미국 10년 만기 국채수익률 및 달러화지수에 대해 알려주세요.,미국 10년 만기 국채수익률 및 달러화지수를 나타낸 그래프입니다. 이 그래프는 국채 수익률과 달러화 지수의 상관관계를 시각적으로 표현합니다. 현재 수익률이 상승하는 가운데 달러화 지수가 상대적으로 안정적인 모습을 보이고 있습니다.,377.3699231613615,2449.0537870471967,874.1119648737648,670.0241492864982,2480,3508
train,report,/workspace/data/train/json/MI3_240819_TY1_0015_1.json,/workspace/data/train/jpg/MI2_240819_TY1_0015_1.jpg,MI3_240819_TY1_0015_1,MI3_240819_TY1_0015_1_V02-4_3,V02-4,차트(꺾은선형),VIX지수와 MSCI 신흥국 및 선진국 주가에 대해 알려주세요.,"VIX지수와 MSCI 신흥국 및 선진국 주가를 비교한 차트입니다. 이 차트는 시장의 변동성을 나타내며, 각 지역의 주가 흐름을 함께 보여줍니다. 최근에는 VIX지수가 상승하며 불확실성이 커지고 있는 반면, MSCI 신흥국 주가는 여전히 견조한 흐름을 유지하고 있습니다.",1261.07327936495,2449.053787047196,872.2220005472318,664.165496710685,2480,3508
train,report,/workspace/data/train/json/MI3_240819_TY1_0015_2.json,/workspace/data/train/jpg/MI2_240819_TY1_0015_2.jpg,MI3_240819_TY1_0015_2,MI3_240819_TY1_0015_2_V02-8_1,V02-8,차트(혼합형),소매판매 및 서비스업생산 혼합형에 대해 알려주세요,"소매판매 및 서비스업생산 혼합형은 소비와 생산의 변화를 시각적으로 나타낸 것입니다. 이 차트는 소매판매액지수와 서비스업생산지수를 함께 보여주며, 두 지표 간의 관계를 비교하는 데 유용합니다. 최근 데이터에 따르면 소비와 서비스 생산이 모두 증가세를 보이고 있어 경제 회복의 긍정적인 신호로 해석됩니다.",385.07135016465435,1533.1906934446556,854.858397365532,688.6709970053989,2480,3508
train,report,/workspace/data/train/json/MI3_240819_TY1_0015_2.json,/workspace/data/train/jpg/MI2_240819_TY1_0015_2.jpg,MI3_240819_TY1_0015_2,MI3_240819_TY1_0015_2_V02-8_2,V02-8,차트(혼합형),출국자수 및 여행지급 혼합형에 대해 알려주세요,"출국자수 및 여행지급 혼합형은 해외여행과 관련된 지표를 동시에 보여주는 그래프입니다. 이 차트는 출국자 수와 여행에 대한 지출을 비교하여 관광 산업의 동향을 파악할 수 있게 합니다. 최근 자료에서 출국자 수가 증가하고 있으며, 이에 따라 여행 지출도 상승하고 있어 관광 시장이 활기를 띠고 있음을 시사합니다.",1247.6311745334795,1528.733260153677,877.962678375412,650.7705817782656,2480,3508
train,report,/workspace/data/train/json/MI3_240819_TY1_0015_3.json,/workspace/data/train/jpg/MI2_240819_TY1_0015_3.jpg,MI3_240819_TY1_0015_3,MI3_240819_TY1_0015_3_V02-1_1,V02-1,차트(세로 막대형),설비투자지수 2010=100 차트(세로 막대형)에 대해 알려주세요,"설비투자지수 2010=100 차트는 계절조정된 설비투자 지수를 시각적으로 표현한 것입니다. 이 차트는 특정 기간의 설비투자 변동을 쉽게 비교할 수 있도록 도와줍니다. 본문에 따르면, 최근 몇 년간 설비투자는 전반적으로 안정적인 증가세를 보이고 있습니다.",354.26564215148176,428.2512502720549,870.2612513721182,703.8585192120279,2480,3508
train,report,/workspace/data/train/json/MI3_240819_TY1_0015_3.json,/workspace/data/train/jpg/MI2_240819_TY1_0015_3.jpg,MI3_240819_TY1_0015_3,MI3_240819_TY1_0015_3_V02-1_2,V02-1,차트(세로 막대형),"12 (계절조정, 조원) 차트(세로 막대형)에 대해 알려주세요","12 (계절조정, 조원) 차트는 특정 분기의 월 평균 데이터를 시각적으로 나타낸 것입니다. 이 차트는 시간에 따른 추세를 파악하는 데 유용합니다. 본문에 따르면, 최근의 데이터에서 계절적 요인이 반영된 조원 수치는 증가하고 있는 것으로 나타났습니다.",1236.079034028539,436.7747288646371,862.5598243688247,703.036467622739,2480,3508
train,report,/workspace/data/train/json/MI3_240819_TY1_0015_3.json,/workspace/data/train/jpg/MI2_240819_TY1_0015_3.jpg,MI3_240819_TY1_0015_3,MI3_240819_TY1_0015_3_V02-8_1,V02-8,차트(혼합형),"(전년동기대비, %) 30 수수물량지수 차트(혼합형)에 대해 알려주세요","(전년동기대비, %) 30 수수물량지수 차트는 수출금액과 물량의 관계를 한눈에 보여주는 그래프입니다. 이 차트에서는 각 연도별 변화 추이를 직관적으로 이해할 수 있도록 돕습니다. 본문에 따르면, 최근 몇 년간 수출은 증가세를 유지하고 있으나 단가 상승은 둔화되고 있는 것으로 분석됩니다.",358.1163556531284,2429.800219538968,877.9626783754117,754.7398463227221,2480,3508
train,report,/workspace/data/train/json/MI3_240819_TY1_0015_3.json,/workspace/data/train/jpg/MI2_240819_TY1_0015_3.jpg,MI3_240819_TY1_0015_3,MI3_240819_TY1_0015_3_V02-8_2,V02-8,차트(혼합형),"(전년동기대비, %) 30 수수물량지수 차트(혼합형)에 대해 알려주세요","(전년동기대비, %) 30 수수물량지수 차트는 수입단가 및 금액 변화를 시각적으로 표현한 것입니다. 이 그래프는 다양한 데이터 포인트를 통해 변화 양상을 명확히 보여줍니다. 본문에서는 소비재의 증가가 두드러지고 있으며 이는 전반적인 경제 성장과 관련이 있다고 볼 수 있습니다.",1240.8275397943987,2433.6509330406116,884.7663131144917,727.7848518111961,2480,3508
train,report,/workspace/data/train/json/MI3_240819_TY1_0015_4.json,/workspace/data/train/jpg/MI2_240819_TY1_0015_4.jpg,MI3_240819_TY1_0015_4,MI3_240819_TY1_0015_4_V02-8_1,V02-8,차트(혼합형),고용 최근 동향에 대한 혼합형 차트에 대해 알려주세요,"혼합형 차트는 두 개 이상의 데이터 시리즈를 동시에 표현할 수 있는 그래프입니다. 이 차트의 범례는 각 데이터 시리즈의 의미를 구분할 수 있도록 돕습니다. 본문에서 언급된 고용 증가세 둔화와 관련하여, 최근 고용 시장은 변동성이 있음을 나타내며 외국인 관광객 수 회복 지연 등의 요인이 반영되고 있습니다.",361.9670691547733,2043.3897550454833,881.3114772725032,745.6972788405453,2480,3508
train,report,/workspace/data/train/json/MI3_240819_TY1_0015_4.json,/workspace/data/train/jpg/MI2_240819_TY1_0015_4.jpg,MI3_240819_TY1_0015_4,MI3_240819_TY1_0015_4_V02-4_1,V02-4,차트(꺾은선형),고용 및 실업률 추이에 대한 꺾은선형 차트에 대해 알려주세요,"꺾은선형 차트는 시간에 따른 데이터의 변화를 시각적으로 보여주는 그래프입니다. 이 차트의 범례는 각 꺾은선이 어떤 데이터를 나타내는지 설명합니다. 최근 청년실업률과 전반적인 실업률이 안정세를 유지하고 있지만, 구조조정 등의 요인으로 인해 장기적으로 고용 시장의 불확실성이 지속될 것으로 보입니다.",1255.3326015367713,2046.403268822861,827.9034028540058,699.1554578511234,2480,3508
train,report,/workspace/data/train/json/MI3_240819_TY1_0015_5.json,/workspace/data/train/jpg/MI2_240819_TY1_0015_5.jpg,MI3_240819_TY1_0015_5,MI3_240819_TY1_0015_5_V02-8_1,V02-8,차트(혼합형),주택가격 아파트매매가격 및 거래량 꺾은선형에 대해 알려주세요,"아파트매매가격 및 거래량 꺾은선형은 시간에 따른 아파트 매매 가격과 거래량의 변화를 시각적으로 나타낸 것입니다. 꺾은선형의 범례는 수도권, 비수도권, 전국의 매매 거래량을 구분하여 표시합니다. 본문에 따르면 수도권과 비수도권 모두 아파트 매매 가격이 상승했지만, 최근 들어 상승세가 둔화되는 추세를 보이고 있습니다.",354.265642151481,1975.4160263446738,847.1569703622381,638.0459564293336,2480,3508
train,report,/workspace/data/train/json/MI3_240819_TY1_0015_5.json,/workspace/data/train/jpg/MI2_240819_TY1_0015_5.jpg,MI3_240819_TY1_0015_5,MI3_240819_TY1_0015_5_V02-8_2,V02-8,차트(혼합형),주택가격 아파트전세가격 및 거래량 꺾은선형에 대해 알려주세요,"아파트전세가격 및 거래량 꺾은선형은 아파트 전세 가격과 그에 따른 거래량의 변화 양상을 시각적으로 표현한 것입니다. 이 꺾은선형의 범례는 수도권, 비수도권, 전국의 전세 거래량을 구분하여 보여줍니다. 본문 내용을 통해 알 수 있듯이 입주물량 증가로 인해 전세 가격이 하락하고 있으며 이는 지속적인 하락세를 반영하고 있습니다.",1224.5268935235988,1975.4160263446747,839.4555433589453,632.6884860389991,2480,3508
train,report,/workspace/data/train/json/MI3_240819_TY1_0015_6.json,/workspace/data/train/jpg/MI2_240819_TY1_0015_6.jpg,MI3_240819_TY1_0015_6,MI3_240819_TY1_0015_6_V02-4_1,V02-4,차트(꺾은선형),금년 1/4분기중 소비자물가에 대한 꺾은선형에 대해 알려주세요,"꺾은선형은 시간에 따른 데이터의 변화를 시각적으로 표현하는 그래프입니다. 이 꺾은선형의 범례는 전년동월대비와 전월대비를 나타내며, 두 가지 기준으로 물가 상승률을 비교합니다. 본문에서 제시된 소비자물가 데이터에 따르면, 최근 몇 분기 동안 소비자물가는 다소 둔화된 추세를 보이고 있습니다.",394.4471766164943,1826.2430420645935,831.7541163556529,689.2777167947307,2480,3508
train,report,/workspace/data/train/json/MI3_240819_TY1_0015_7.json,/workspace/data/train/jpg/MI2_240819_TY1_0015_7.jpg,MI3_240819_TY1_0015_7,MI3_240819_TY1_0015_7_V01_1,V01,표,Ⅱ. 국내외 경제여건 전망 본문 표에 대해 알려주세요,"이 표는 세계경제 성장률 전망을 나타내며, 여러 기관의 예측치를 포함하고 있습니다. 표에는 각 기관별로 2017년부터 2019년까지의 성장률이 제시되어 있습니다. 최근 예측에 따르면 선진국과 신흥국 모두 안정적인 성장세를 보일 것으로 예상됩니다.",365.8177826564215,1913.804610318331,893.3655323819977,735.4862788144895,2480,3508
train,report,/workspace/data/train/json/MI3_240819_TY1_0015_7.json,/workspace/data/train/jpg/MI2_240819_TY1_0015_7.jpg,MI3_240819_TY1_0015_7,MI3_240819_TY1_0015_7_V02-4_1,V02-4,차트(꺾은선형),Ⅰ. 경제 여건 전망 차트(꺾은선형)에 대해 알려주세요,이 꺾은선형 차트는 글로벌 PMI와 경기 선행지수를 시각적으로 표현한 것입니다. 차트에서 PMI와 경기 선행지수가 어떻게 변화했는지를 보여줍니다. 최근 데이터에 따르면 글로벌 경제가 점진적으로 회복되고 있는 추세를 보이고 있습니다.,1266.8847420417087,1913.804610318333,858.7091108671776,775.3779725647332,2480,3508
train,report,/workspace/data/train/json/MI3_240819_TY1_0015_8.json,/workspace/data/train/jpg/MI2_240819_TY1_0015_8.jpg,MI3_240819_TY1_0015_8,MI3_240819_TY1_0015_8_V02-4_1,V02-4,차트(꺾은선형),전세계 물가상승률 및 주요국 물가상승률 꺾은선형에 대해 알려주세요,이 꺾은선형은 전세계와 주요국의 물가 상승 추세를 보여줍니다. 범례는 소비자물가를 기준으로 하여 IMF WEO와 각국 IB 전망치를 평균한 데이터를 포함합니다. 이 시각 요소는 2017년 이후로 글로벌 경제 회복세에도 불구하고 다소 낮은 물가 상승세가 지속될 것임을 시사합니다.,1266.790362243602,427.4291986827648,855.1415367598573,704.6805708013142,2480,3508
train,report,/workspace/data/train/json/MI3_240819_TY1_0015_8.json,/workspace/data/train/jpg/MI2_240819_TY1_0015_8.jpg,MI3_240819_TY1_0015_8,MI3_240819_TY1_0015_8_V02-4_2,V02-4,차트(꺾은선형),권역별 세계교역량 및 세계교역신장률 전망 꺾은선형에 대해 알려주세요,"이 꺾은선형은 권역별 세계교역량과 신장률의 변화를 시각화합니다. 범례는 2010년을 기준으로 한 수입량 데이터를 바탕으로 작성되었습니다. 이 시각 요소는 전세계와 선진국, 신흥국 간의 교역 신장률 차이를 보여주며, 최근 몇 년간 신흥국의 성장이 두드러짐을 나타냅니다.",340.5625171514818,2406.6959385290875,864.5205735439392,681.5762897914377,2480,3508
train,report,/workspace/data/train/json/MI3_240819_TY1_0015_9.json,/workspace/data/train/jpg/MI2_240819_TY1_0015_9.jpg,MI3_240819_TY1_0015_9,MI3_240819_TY1_0015_9_V02-8_1,V02-8,차트(혼합형),유로지역 경제성장률 전망 혼합형에 대해 알려주세요,"유로지역 경제성장률 전망 혼합형은 여러 기관의 예측치를 종합하여 보여주는 형태입니다. 혼합형 차트의 범례에는 각 기관별 성장률과 함께 실업률 등 여러 지표가 포함되어 있습니다. 본문 내용을 기반으로 하면, 유로지역 역시 긍정적인 성장세를 보일 것으로 예상되지만 몇 가지 리스크 요소가 존재합니다.",1263.0340285400653,2463.619441329513,881.8133918770576,636.2049274959533,2480,3508
train,report,/workspace/data/train/json/MI3_240819_TY1_0015_9.json,/workspace/data/train/jpg/MI2_240819_TY1_0015_9.jpg,MI3_240819_TY1_0015_9,MI3_240819_TY1_0015_9_V01_2,V01,표,미국경제 전망 원형에 대해 알려주세요,"미국경제 전망 원형은 다양한 기관의 경제 성장률 예측을 비교하여 보여줍니다. 원형 차트의 범례는 각 기관별 예측치로 구성되어 있어, IMF, OECD, 세계은행 등 다양한 출처의 정보를 제공합니다. 본문을 통해 확인할 수 있듯이, 예측치들은 다소 차이가 있지만 전반적으로 안정적인 성장이 예상되고 있습니다.",346.5642151481888,1047.3940724478593,870.2612513721185,635.3677277716796,2480,3508
train,report,/workspace/data/train/json/MI3_240819_TY1_0015_9.json,/workspace/data/train/jpg/MI2_240819_TY1_0015_9.jpg,MI3_240819_TY1_0015_9,MI3_240819_TY1_0015_9_V02-4_1,V02-4,차트(꺾은선형),미국 경제성장률 전망 꺾은선형에 대해 알려주세요,"미국 경제성장률 전망 꺾은선형은 시간에 따른 경제 성장률의 변화를 시각적으로 나타냅니다. 꺾은선형의 범례는 주요 경제 지표인 자본재수주와 ISM 제조업지수를 기준으로 하여 비교하고 있습니다. 본문에서 제시된 내용을 바탕으로, 최근 미국 경제는 견조한 성장세를 지속하는 가운데 일부 리스크 요인이 존재하는 것으로 보입니다.",1224.526893523598,1041.868959497666,862.5598243688247,605.9011340873324,2480,3508
train,report,/workspace/data/train/json/MI3_240819_TY1_0016_1.json,/workspace/data/train/jpg/MI2_240819_TY1_0016_1.jpg,MI3_240819_TY1_0016_1,MI3_240819_TY1_0016_1_V02-8_1,V02-8,차트(혼합형),I. 국내경제 현황 및 대내외 여건 점검에 대해 알려주세요,"(조원) (전기대비,%) 혼합형 차트에 대해 간단히 설명합니다. 이 차트는 여러 데이터를 동시에 비교할 수 있게 해주며, 각 데이터의 변화 양상을 서로 다른 형태로 보여줍니다. 본문과 혼합형 차트를 기반으로 분석할 때, 소비와 관련된 여러 지표들이 서로 다른 방향으로 변동하고 있음을 알 수 있습니다.",373.51920965971397,1671.2096597145983,834.2657155284726,638.8831561536039,2480,3508
train,report,/workspace/data/train/json/MI3_240819_TY1_0016_1.json,/workspace/data/train/jpg/MI2_240819_TY1_0016_1.jpg,MI3_240819_TY1_0016_1,MI3_240819_TY1_0016_1_V02-4_1,V02-4,차트(꺾은선형),I. 국내경제 현황 및 대내외 여건 점검에 대해 알려주세요,"민간소비 (전기대비,%) 꺾은선형 차트에 대해 간단히 설명합니다. 이 차트는 소비의 변화를 시간에 따라 시각적으로 보여주며, 각 점들은 특정 시점에서의 소비 증가율을 나타냅니다. 본문과 차트를 기반으로 볼 때, 최근 몇 분기 동안 민간소비가 서서히 개선되고 있는 추세를 보이고 있습니다.",1247.6311745334795,1663.5082327113062,854.8583973655325,685.4270032930845,2480,3508
train,report,/workspace/data/train/json/MI3_240819_TY1_0016_2.json,/workspace/data/train/jpg/MI2_240819_TY1_0016_2.jpg,MI3_240819_TY1_0016_2,MI3_240819_TY1_0016_2_V02-1_1,V02-1,차트(세로 막대형),설비투자지수 2010=100에 대해 알려주세요,"설비투자지수는 특정 시점의 설비 투자 수준을 나타내는 지표입니다. 이 지표의 범례에는 계절조정지수와 관련된 정보가 포함되어 있으며, 여러 시점의 데이터 변화가 기록됩니다. 본문에 따르면, 설비투자지수가 2010년을 기준으로 하여 상대적으로 안정적인 흐름을 보여주고 있습니다.",373.51920965971436,435.20141053464044,851.0076838638856,666.1026509362703,2480,3508
train,report,/workspace/data/train/json/MI3_240819_TY1_0016_2.json,/workspace/data/train/jpg/MI2_240819_TY1_0016_2.jpg,MI3_240819_TY1_0016_2,MI3_240819_TY1_0016_2_V02-8_1,V02-8,차트(혼합형),수출금액과 물량에 대해 알려주세요,수출금액과 물량은 수출 활동의 성과를 평가하는 데 사용되는 지표입니다. 이 타입은 전년 동기 대비 수출물량지수와 단가지수를 통해 세부 정보를 제공합니다. 본문에서는 선박을 제외한 경우에도 여전히 증가세가 있는 것으로 나타나고 있습니다.,377.36992316136116,2406.695938529089,843.3062568605927,704.6805708013175,2480,3508
train,report,/workspace/data/train/json/MI3_240819_TY1_0016_2.json,/workspace/data/train/jpg/MI2_240819_TY1_0016_2.jpg,MI3_240819_TY1_0016_2,MI3_240819_TY1_0016_2_V02-8_2,V02-8,차트(혼합형),수입금액과 물량에 대해 알려주세요,"수입금액과 물량은 수입 활동의 규모를 측정하는 지표입니다. 이 타입에서는 전년 동기 대비 수입물량과 단가지수에 대한 정보를 제공하며, 특정 기간 동안의 변화를 살펴볼 수 있습니다. 본문에서는 최근 수입물량이 감소하는 추세를 보이고 있음을 알 수 있습니다.",1228.3776070252447,2402.703655330279,877.9626783754121,683.4898490674974,2480,3508
train,report,/workspace/data/train/json/MI3_240819_TY1_0016_3.json,/workspace/data/train/jpg/MI2_240819_TY1_0016_3.jpg,MI3_240819_TY1_0016_3,MI3_240819_TY1_0016_3_V02-8_1,V02-8,차트(혼합형),취업자수(최근 3개월 평균) 혼합형에 대해 알려주세요,"취업자수(최근 3개월 평균) 혼합형은 시간에 따른 취업자 수의 변동을 시각적으로 분석하기 위한 차트입니다. 이 타입은 좌측 축에 전년 동기 대비 수치를, 우측 축에는 최근 3개월 평균과 직전 3개월 평균을 비교하는 데이터를 포함합니다. 본문 내용에 따르면 최근 취업자 수는 감소세를 보이며, 이는 고용 시장에서의 구조적 문제와 직결되어 있습니다.",404.32491767288667,1833.1072693436142,851.0076838638856,769.975057769448,2480,3508
train,report,/workspace/data/train/json/MI3_240819_TY1_0016_3.json,/workspace/data/train/jpg/MI2_240819_TY1_0016_3.jpg,MI3_240819_TY1_0016_3,MI3_240819_TY1_0016_3_V02-4_1,V02-4,차트(꺾은선형),실업률 꺾은선형에 대해 알려주세요,"실업률 꺾은선형은 특정 기간 동안의 실업률 변화를 시각적으로 나타내는 그래프입니다. 이 타입의 범례는 주로 좌축에는 실업률 수치가, 우축에는 청년실업률 수치가 표시됩니다. 본문에 따르면 최근 몇 년간 청년실업률이 지속적으로 증가하는 추세를 보이고 있으며, 이는 전체적인 고용 시장의 부진과 관련이 있습니다.",1270.735455543359,1825.2381997804612,831.7541163556529,700.8298572996706,2480,3508
train,report,/workspace/data/train/json/MI3_240819_TY1_0016_4.json,/workspace/data/train/jpg/MI2_240819_TY1_0016_4.jpg,MI3_240819_TY1_0016_4,MI3_240819_TY1_0016_4_V01_1,V01,표,제목에 관련된 소비자물가와 근원인플레이션의 표에 대해 알려주세요,"소비자물가와 근원인플레이션을 나타내는 표는 특정 기간 동안의 변화율을 시각적으로 보여줍니다. 이 표는 각 분기별 소비자물가와 근원인플레이션의 비율을 나열하고 있습니다. 본문에서 언급된 데이터에 따르면, 소비자물가는 전반적으로 증가세를 보이며, 특히 2/4분기에 큰 폭으로 상승한 것을 확인할 수 있습니다.",553.8342001477168,1260.3557998824074,1572.0939248058587,258.8339912595603,2480,3508
train,report,/workspace/data/train/json/MI3_240819_TY1_0016_4.json,/workspace/data/train/jpg/MI2_240819_TY1_0016_4.jpg,MI3_240819_TY1_0016_4,MI3_240819_TY1_0016_4_V02-8_1,V02-8,차트(혼합형),제목과 관련된 혼합형 차트의 내용에 대해 알려주세요,"혼합형 차트는 여러 종류의 데이터를 함께 보여주는 방식으로, 다양한 정보가 결합되어 있는 형태입니다. 이 차트는 각각의 항목들이 어떻게 변화했는지를 한눈에 파악할 수 있도록 돕고 있습니다. 본문에서 제시된 자료를 보면, 특정 항목들은 전년동월대비 및 전월대비로 비교해보았을 때 일부 항목에서는 감소세가 보이고 있어 인상적인 결과를 도출하고 있음을 확인할 수 있습니다.",408.1756311745334,1744.3732162458837,816.351262349067,693.1284302963776,2480,3508
train,report,/workspace/data/train/json/MI3_240819_TY1_0016_4.json,/workspace/data/train/jpg/MI2_240819_TY1_0016_4.jpg,MI3_240819_TY1_0016_4,MI3_240819_TY1_0016_4_V02-4_1,V02-4,차트(꺾은선형),제목에 연관된 근원인플레이션 꺾은선형 차트에 대해 알려주세요,"근원인플레이션을 나타내는 꺾은선형 차트는 특정 기간 동안의 변화를 시각적으로 표현합니다. 이 차트는 식료품과 에너지를 제외한 인플레이션 추세를 보여주며, 해당 범례를 통해 각 구간의 수치를 쉽게 비교할 수 있습니다. 본문과 데이터에 기반하여 분석해보면, 최근 몇 분기 동안 근원인플레이션은 일정하게 유지되거나 미세하게 하락하는 경향이 있음을 알 수 있습니다.",1251.4818880351263,1748.2239297475303,866.4105378704719,677.7255762897915,2480,3508
train,report,/workspace/data/train/json/MI3_240819_TY1_0016_5.json,/workspace/data/train/jpg/MI2_240819_TY1_0016_5.jpg,MI3_240819_TY1_0016_5,MI3_240819_TY1_0016_5_V01_1,V01,표,세계경제 성장률 전망 차트(세로 막대형)에 대해 알려주세요,"세계경제 성장률 전망 차트는 여러 기관의 예측치를 시각적으로 나타낸 것입니다. 이 차트의 범례는 각 기관의 이름과 그에 따른 성장률 예상 수치를 포함하고 있습니다. 본문 내용과 함께 살펴보면, 최근 몇 년간 세계 경제 성장률이 점진적으로 증가할 것으로 보이며, 특히 신흥국의 성장이 두드러질 것으로 예상됩니다.",369.6684961580678,1717.3474368857762,876.072714048878,689.3485016433128,2480,3508
train,report,/workspace/data/train/json/MI3_240819_TY1_0016_5.json,/workspace/data/train/jpg/MI2_240819_TY1_0016_5.jpg,MI3_240819_TY1_0016_5,MI3_240819_TY1_0016_5_V02-4_1,V02-4,차트(꺾은선형),글로벌 PMI 및 OECD 선행지수 차트(꺾은선형)에 대해 알려주세요,"글로벌 PMI 및 OECD 선행지수 차트는 경제 활동을 나타내는 지표를 시간에 따라 보여줍니다. 이 차트에는 기준선에 대한 상대적인 변화를 나타내는 데이터가 포함되어 있습니다. 본문 내용을 바탕으로 보면, 현재 경기 상황은 다소 둔화된 모습이나 향후 회복세가 기대되고 있는 것을 알 수 있습니다.",1261.1676591630592,1725.119648737648,858.4731613719075,785.5455543358933,2480,3508
train,report,/workspace/data/train/json/MI3_240819_TY1_0016_6.json,/workspace/data/train/jpg/MI2_240819_TY1_0016_6.jpg,MI3_240819_TY1_0016_6,MI3_240819_TY1_0016_6_V02-4_1,V02-4,차트(꺾은선형),"제목에 포함된 내용을 바탕으로 전세계와 선진국, 신흥국의 상품수출량 변화를 나타내는 차트(꺾은선형)에 대해 알려주세요",이 차트(꺾은선형)는 2010년 대비 상품수출량 변화를 시각적으로 표현하고 있습니다. 범례는 각 국가군 별 수출량 지표를 구분하여 제공합니다. 본문에서는 전세계와 각 지역의 경제적 상황을 반영하여 수출량이 어떻게 변화해 왔는지를 간략히 설명하고 있습니다.,373.5192096597146,1170.6169045005488,831.7541163556531,681.5762897914377,2480,3508
train,report,/workspace/data/train/json/MI3_240819_TY1_0016_6.json,/workspace/data/train/jpg/MI2_240819_TY1_0016_6.jpg,MI3_240819_TY1_0016_6,MI3_240819_TY1_0016_6_V02-1_1,V02-1,차트(세로 막대형),제목에 포함된 내용을 바탕으로 2018년과 2019년의 세계 경제 동향을 나타내는 차트(세로 막대형)에 대해 알려주세요,"이 차트(세로 막대형)는 2017년부터 2019년까지의 전세계 물가상승률 변화를 보여줍니다. 범례에는 각 연도의 소비자물가 기준 정보가 포함되어 있습니다. 본문에 따르면, 글로벌 경제는 상승 압력에 직면해 있으며, 주요국들의 내수 회복 및 유가 상승 등이 영향을 미칠 것으로 예상됩니다.",1251.4818880351258,1162.9154774972565,842.484205271304,800.9484083424808,2480,3508
train,report,/workspace/data/train/json/MI3_240819_TY1_0016_7.json,/workspace/data/train/jpg/MI2_240819_TY1_0016_7.jpg,MI3_240819_TY1_0016_7,MI3_240819_TY1_0016_7_V01_1,V01,표,미국 경제성장률 전망에 대해 알려주세요,"이 차트는 다양한 기관의 미국 경제 성장률 전망치를 정리한 것입니다. 각 기관별로 제시된 성장률 수치는 해당 기관들이 예상하는 미국 경제의 미래 성장 잠재력을 반영합니다. 전반적으로 기관들은 안정적인 성장세를 예상하고 있으며, 일부는 상향 조정을 하고 있어 긍정적인 신호를 주고 있습니다.",358.11635565312804,1049.0381756264371,874.1119648737646,668.3800461079201,2480,3508
train,report,/workspace/data/train/json/MI3_240819_TY1_0016_7.json,/workspace/data/train/jpg/MI2_240819_TY1_0016_7.jpg,MI3_240819_TY1_0016_7,MI3_240819_TY1_0016_7_V02-4_1,V02-4,차트(꺾은선형),미국 실업률 및 자본재수주에 대해 알려주세요,"이 그래프는 미국의 실업률과 자본재 수주 추세를 보여줍니다. 좌측은 실업률을, 우측은 자본재 수주량을 나타내며, 두 데이터 모두 경제의 건강성을 평가하는 중요한 지표입니다. 최근 자료에 따르면 실업률은 15.1%에서 점차 감소하고 있으며, 자본재 수주는 증가하는 추세로 보아 경제 회복세가 이어지고 있음을 시사합니다.",1242.958409442542,1048.6271498317906,801.8462006066943,649.5375043943305,2480,3508
train,report,/workspace/data/train/json/MI3_240819_TY1_0016_7.json,/workspace/data/train/jpg/MI2_240819_TY1_0016_7.jpg,MI3_240819_TY1_0016_7,MI3_240819_TY1_0016_7_V01_2,V01,표,유로지역 PMI에 대해 알려주세요,"이 데이터는 유로지역의 제조업과 서비스업 PMI 지수를 나타냅니다. PMI 지수는 경기를 판단하는 중요한 지표로서 50 이상일 경우 경기 확장을 의미하고, 그 이하일 경우 경기 위축을 의미합니다. 최근 PMI 지수가 기준선을 초과하고 있어 유로지역 경제가 안정적인 성장을 이어갈 가능성이 높다는 분석이 나옵니다.",367.85407897042444,2468.590714803368,877.9626783754104,676.08147311121,2480,3508
train,report,/workspace/data/train/json/MI3_240819_TY1_0016_7.json,/workspace/data/train/jpg/MI2_240819_TY1_0016_7.jpg,MI3_240819_TY1_0016_7,MI3_240819_TY1_0016_7_V02-4_2,V02-4,차트(꺾은선형),유로지역 차트(꺾은선형)에 대해 알려주세요,"이 그래프는 유로지역 전반과 산업별 PMI 변동 추이를 보여줍니다. 각각의 선은 전산업, 제조업 및 서비스업의 PMI를 구분하여 나타내며 이들 간의 비교를 가능하게 합니다. 최근 모든 분야에서 PMI가 상승세를 보이고 있어 유로지역 경제가 긍정적인 방향으로 발전하고 있다는 것을 시사합니다.",1278.436882546652,2468.3073545554334,804.7991218441274,635.3677277716798,2480,3508
train,report,/workspace/data/train/json/MI3_240819_TY1_0016_8.json,/workspace/data/train/jpg/MI2_240819_TY1_0016_8.jpg,MI3_240819_TY1_0016_8,MI3_240819_TY1_0016_8_V01_1,V01,표,일본 경제성장률 전망 차트(꺾은선형)에 대해 알려주세요,"이 차트는 일본의 경제 성장률 예측을 시각적으로 표현한 것입니다. 차트의 범례는 IMF, OECD, 세계은행 등 여러 기관의 예측치를 포함하고 있습니다. 본문에서는 일본 경제 성장률이 전반적으로 완만한 상승세를 보일 것으로 예상되며, 각 기관마다 약간의 차이가 존재합니다.",369.668496158068,1436.3161361141604,870.2612513721185,681.5762897914377,2480,3508
train,report,/workspace/data/train/json/MI3_240819_TY1_0016_8.json,/workspace/data/train/jpg/MI2_240819_TY1_0016_8.jpg,MI3_240819_TY1_0016_8,MI3_240819_TY1_0016_8_V02-4_1,V02-4,차트(꺾은선형),자본재출하와 소매판매액을 포함한 차트(영역형)에 대해 알려주세요,"이 영역형 차트는 일본의 자본재 출하 및 소매 판매량의 변화를 시각적으로 보여줍니다. 범례에는 자본재 출하, 소매판매액 및 수출 등이 포함되어 있어 각각의 추세를 비교할 수 있습니다. 본문에서는 이들 지표가 시간이 지남에 따라 변화하는 경향을 나타내며, 특히 최근 몇 년 동안의 안정적인 증가세가 확인됩니다.",1251.4818880351243,1448.203561738821,881.8133918770574,654.2860101601905,2480,3508
train,report,/workspace/data/train/json/MI3_240819_TY1_0016_9.json,/workspace/data/train/jpg/MI2_240819_TY1_0016_9.jpg,MI3_240819_TY1_0016_9,MI3_240819_TY1_0016_9_V01_1,V01,표,중국 경제성장률 전망 차트(꺾은선형)에 대해 알려주세요,"중국 경제성장률 전망 차트(꺾은선형)는 다양한 기관에서 예측한 중국의 경제 성장률을 시간에 따라 나타낸 것입니다. 이 차트는 IMF, OECD, 세계은행 등 여러 기관의 예측치를 보여주며, 각각의 기관에서 제시한 수치를 비교할 수 있습니다. 최근 몇 년 동안 중국 경제 성장률이 다소 감소세를 보이고 있으며, 이는 글로벌 경제 상황과 밀접한 관련이 있습니다.",369.6684961580679,628.8993781523195,886.897182762638,657.238931397624,2480,3508
train,report,/workspace/data/train/json/MI3_240819_TY1_0016_9.json,/workspace/data/train/jpg/MI2_240819_TY1_0016_9.jpg,MI3_240819_TY1_0016_9,MI3_240819_TY1_0016_9_V02-4_1,V02-4,차트(꺾은선형),"중국 고정투자, 소매판매 및 수출 차트(영역형)에 대해 알려주세요","중국 고정투자, 소매판매 및 수출 차트(영역형)은 세 가지 주요 지표의 변화 추이를 동시에 시각화하여 보여줍니다. 이 차트는 고정투자와 소매판매는 좌축에, 수출은 우축에 표시되어 서로 다른 축으로 데이터 간 관계를 분석할 수 있도록 돕습니다. 최근 데이터에서는 고정투자가 상승세를 보이는 반면, 소매판매와 수출은 일부 변동성을 보이며 다소 정체된 경향을 나타내고 있습니다.",1260.4163924223515,631.5170142700305,826.3350403503521,623.8155872667387,2480,3508
train,report,/workspace/data/train/json/MI3_240819_TY1_0016_9.json,/workspace/data/train/jpg/MI2_240819_TY1_0016_9.jpg,MI3_240819_TY1_0016_9,MI3_240819_TY1_0016_9_V01_2,V01,표,인도 및 아세안5 성장률 전망 차트(꺾은선형)에 대해 알려주세요,"인도 및 아세안5 성장률 전망 차트(꺾은선형)는 인도와 아세안 5개국의 미래 성장률 예측치를 시각적으로 표현합니다. 각 국가별로 IMF, OECD 등 여러 기관에서 제공하는 예측치를 통해 비교 분석할 수 있습니다. 전체적으로 인도는 지속적인 성장이 예상되지만 아세안 5개국은 상대적으로 낮은 성장률을 기록하며 지역 내 경제 상황에 따라 영향을 받을 가능성이 큽니다.",385.071350164654,2449.8758386364893,854.858397365532,715.4106597169674,2480,3508
train,report,/workspace/data/train/json/MI3_240819_TY1_0016_9.json,/workspace/data/train/jpg/MI2_240819_TY1_0016_9.jpg,MI3_240819_TY1_0016_9,MI3_240819_TY1_0016_9_V02-4_2,V02-4,차트(꺾은선형),인도 자동차판매 및 아세안5 수출 차트(꺾은선형)에 대해 알려주세요,인도 자동차판매 및 아세안5 수출 차트(꺾은선형)은 특정 기간 동안 인도의 자동차 판매량과 아세안 5개국의 수출량 변화를 동시에 보여주는 그래프입니다. 이 그래프는 두 지표 간의 상관관계를 파악할 수 있도록 도와줍니다. 최근 자료에서는 인도의 자동차 판매가 증가 추세를 보이고 있지만 아세안 5개국의 경우 부진한 성장을 겪고 있는 것으로 나타났습니다.,1282.2875960482984,2449.0537870472003,874.1119648737651,650.7705817782661,2480,3508
train,report,/workspace/data/train/json/MI3_240819_TY1_0017_1.json,/workspace/data/train/jpg/MI2_240819_TY1_0017_1.jpg,MI3_240819_TY1_0017_1,MI3_240819_TY1_0017_1_V02-1_1,V02-1,차트(세로 막대형),"설비투자지수(계절조정지수, 2010=100) 차트(세로 막대형)에 대해 알려주세요",설비투자지수는 특정 시점에서의 설비 투자 수준을 나타내는 세로 막대형 차트입니다. 이 차트에서는 시간에 따른 설비투자 변화를 보여주는 범례가 포함되어 있습니다. 본문 내용을 보면 최근 몇 분기 동안 설비투자가 다소 증가세를 보였음을 알 수 있습니다.,361.96706915477506,435.1306256860591,839.4555433589462,677.7255762897915,2480,3508
train,report,/workspace/data/train/json/MI3_240819_TY1_0017_1.json,/workspace/data/train/jpg/MI2_240819_TY1_0017_1.jpg,MI3_240819_TY1_0017_1,MI3_240819_TY1_0017_1_V02-1_2,V02-1,차트(세로 막대형),"12 (계절조정, 조원) 차트(세로 막대형)에 대해 알려주세요","이 차트는 분기별 조원 수치를 보여주며, 계절적인 변동을 고려한 데이터입니다. 범례에는 각 분기의 평균 조원 수치가 표시됩니다. 최근 몇 개월간 조원 수치는 상승세를 유지하고 있으며, 이는 경제 활동의 회복을 반영합니다.",1216.8254665203065,440.6254423662837,877.9626783754109,687.6336136161526,2480,3508
train,report,/workspace/data/train/json/MI3_240819_TY1_0017_1.json,/workspace/data/train/jpg/MI2_240819_TY1_0017_1.jpg,MI3_240819_TY1_0017_1,MI3_240819_TY1_0017_1_V02-8_1,V02-8,차트(혼합형),"(전년동기대비, %) 차트(혼합형)에 대해 알려주세요","이 혼합형 차트는 수출물량과 단가지수를 동시에 비교할 수 있도록 구성되어 있습니다. 범례에는 각각의 지표에 대한 비율 변화가 명시되어 있습니다. 추세를 살펴보면, 최근 몇 년 동안 수출 물량이 감소하는 경향을 보이고 있으며, 이는 글로벌 시장의 변화와 관련이 있습니다.",373.5192096597143,2425.949506037309,823.8875247056704,750.8891328210749,2480,3508
train,report,/workspace/data/train/json/MI3_240819_TY1_0017_1.json,/workspace/data/train/jpg/MI2_240819_TY1_0017_1.jpg,MI3_240819_TY1_0017_1,MI3_240819_TY1_0017_1_V02-8_2,V02-8,차트(혼합형),"(전년동기대비, %) 차트(혼합형)에 대해 알려주세요","이 혼합형 차트는 수입물량과 단가지수를 함께 시각화하여 비교합니다. 범례에는 각 항목의 변화율 정보가 포함되어 있습니다. 분석 결과에 따르면, 최근 몇 개월 간 수입 물량은 증가세를 보이며 이는 국내 소비 증가와 연관된 것으로 해석됩니다.",1210.7067315341058,2429.3466385620814,829.864152029121,747.038419319428,2480,3508
train,report,/workspace/data/train/json/MI3_240819_TY1_0017_2.json,/workspace/data/train/jpg/MI2_240819_TY1_0017_2.jpg,MI3_240819_TY1_0017_2,MI3_240819_TY1_0017_2_V02-8_1,V02-8,차트(혼합형),주택매매가격 및 거래량 혼합형에 대해 알려주세요,"혼합형은 여러 가지 데이터가 결합되어 표현되는 형태입니다. 이 혼합형의 범례는 매매거래량과 주택 가격의 변화를 함께 나타내며, 이를 통해 두 가지 정보의 상관관계를 시각적으로 이해할 수 있습니다. 본문에서 언급된 대로, 올해 중 주택 매매 가격은 안정세를 보일 것으로 예상되지만 수도권 지역의 급등세가 진정되고 비수도권이 하락세를 지속하는 경향이 나타나고 있습니다.",377.369923161361,431.27991218441235,828.3144286486507,670.0241492864972,2480,3508
train,report,/workspace/data/train/json/MI3_240819_TY1_0017_2.json,/workspace/data/train/jpg/MI2_240819_TY1_0017_2.jpg,MI3_240819_TY1_0017_2,MI3_240819_TY1_0017_2_V02-8_2,V02-8,차트(혼합형),주택전세가격 및 거래량 혼합형에 대해 알려주세요,혼합형은 다양한 데이터를 조화롭게 결합하여 보여주는 방식입니다. 이 혼합형의 범례는 전세 거래량과 전년 대비 변동률을 함께 보여줍니다. 본문에서는 내년에도 부동산 관련 세제 강화와 풍부한 입주물량 등의 영향으로 전세 수요가 증가할 것으로 예상하고 있습니다.,1224.5268935235997,438.4945727181375,835.2695447375775,658.958775251124,2480,3508
train,report,/workspace/data/train/json/MI3_240819_TY1_0017_2.json,/workspace/data/train/jpg/MI2_240819_TY1_0017_2.jpg,MI3_240819_TY1_0017_2,MI3_240819_TY1_0017_2_V02-8_3,V02-8,차트(혼합형),주택전세가격 변화 혼합형에 대해 알려주세요,혼합형은 서로 다른 유형의 데이터를 통합하여 제공하는 형태입니다. 이 혼합형의 범례는 주택 전세 가격과 공급 부족을 나타내는 지표를 포함합니다. 본문에서는 공급 부족을 의미하는 지표가 높아짐에 따라 전세 가격이 상승할 가능성이 있음을 암시하고 있습니다.,1236.0790340285394,2364.338090010975,818.8931577918574,720.0834248079026,2480,3508
train,report,/workspace/data/train/json/MI3_240819_TY1_0017_3.json,/workspace/data/train/jpg/MI2_240819_TY1_0017_3.jpg,MI3_240819_TY1_0017_3,MI3_240819_TY1_0017_3_V02-8_1,V02-8,차트(혼합형),주거용 건물 착공면적과 증가율 혼합형에 대해 알려주세요,"주거용 건물 착공면적과 증가율 혼합형은 주거용 건물의 착공면적과 그에 따른 증가율을 동시에 보여주는 그래프입니다. 이 혼합형의 범례는 두 개의 축으로 구성되어 있으며, 오른쪽 축은 증가율을, 왼쪽 축은 착공면적을 나타냅니다. 본문과 이 그래프를 기반으로 보면, 주거용 건물의 착공 면적이 감소하는 가운데, 증가율이 변동성을 보이며 하락세를 이어갈 것으로 예상됩니다.",392.7727771679471,1073.6795097949723,839.4555433589459,643.7387119393854,2480,3508
train,report,/workspace/data/train/json/MI3_240819_TY1_0017_3.json,/workspace/data/train/jpg/MI2_240819_TY1_0017_3.jpg,MI3_240819_TY1_0017_3,MI3_240819_TY1_0017_3_V02-4_1,V02-4,차트(꺾은선형),아파트 입주·분양 꺾은선형에 대해 알려주세요,"아파트 입주·분양 꺾은선형은 특정 기간 동안 아파트의 입주와 분양 추세를 시각적으로 나타낸 것입니다. 꺾은선형의 범례는 각 연도별로 구분된 입주 및 분양 수치를 보여줍니다. 본문 내용과 함께 분석해보면, 최근 몇 년 간 아파트 입주 물량이 분양 규모를 초과할 것으로 예상되며, 이는 향후 부동산 시장에 부정적인 영향을 미칠 가능성이 있습니다.",1251.4818880351252,1076.0234664079326,835.6048298572988,641.394755326425,2480,3508
train,report,/workspace/data/train/json/MI3_240819_TY1_0017_3.json,/workspace/data/train/jpg/MI2_240819_TY1_0017_3.jpg,MI3_240819_TY1_0017_3,MI3_240819_TY1_0017_3_V02-8_2,V02-8,차트(혼합형),주택수주금액과 증가율 혼합형에 대해 알려주세요,"주택수주금액과 증가율 혼합형은 특정 기간 동안 집계된 주택 수주의 금액 변화와 그에 대한 비율 변화를 동시에 보여주는 그래프입니다. 이 혼합형에는 두 개의 축이 있어 오른쪽 축에는 증가율이 표시되고 왼쪽 축에는 절대 금액이 나타납니다. 본문 및 시각요소를 바탕으로 볼 때, 전체적으로 주택 수주는 감소세를 보이고 있으며 이는 부동산 시장 위축 우려와 맞물려 진행될 것으로 예상됩니다.",377.36992316136053,2470.818953728254,839.4555433589453,675.213977116971,2480,3508
train,report,/workspace/data/train/json/MI3_240819_TY1_0017_3.json,/workspace/data/train/jpg/MI2_240819_TY1_0017_3.jpg,MI3_240819_TY1_0017_3,MI3_240819_TY1_0017_3_V02-1_1,V02-1,차트(세로 막대형),수도권 주택 수주금액 세로 막대형에 대해 알려주세요,"수도권 주택 수주금액 세로 막대형은 수도권 내에서 집계된 주택 수주 금액의 변화를 시간 순으로 나열한 그래프입니다. 이 세로 막대형의 범례는 매년 수집된 데이터를 기반으로 하여 각각의 수치를 시각화합니다. 본문 내용을 참고하면, 최근 몇 년간 수도권에서 주택 수주의 감소가 뚜렷하게 나타나고 있으며, 이는 향후 주거용 건물 공급에 중요한 영향을 미칠 것입니다.",1224.5268935236004,2468.3073545554334,839.455543358946,662.3227222832052,2480,3508
train,report,/workspace/data/train/json/MI3_240819_TY1_0017_4.json,/workspace/data/train/jpg/MI2_240819_TY1_0017_4.jpg,MI3_240819_TY1_0017_4,MI3_240819_TY1_0017_4_V02-8_1,V02-8,차트(혼합형),도소매 · 숙박음식업 취업자수 차트(혼합형)에 대해 알려주세요,"도소매 · 숙박음식업 취업자수 차트(혼합형)는 해당 업종의 고용 변화를 시각적으로 나타냅니다. 이 차트의 범례는 전년 동기 대비 증감과 관련된 데이터를 보여줍니다. 본문에 따르면, 도소매 · 숙박음식업의 고용은 감소세를 보이고 있으며, 향후 개선이 어려울 것으로 전망됩니다.",385.4861311610805,1039.69264544457,853.0367358638155,685.4270032930843,2480,3508
train,report,/workspace/data/train/json/MI3_240819_TY1_0017_4.json,/workspace/data/train/jpg/MI2_240819_TY1_0017_4.jpg,MI3_240819_TY1_0017_4,MI3_240819_TY1_0017_4_V02-8_2,V02-8,차트(혼합형),사업시설 관리 사업지원 및 임대서비스업 취업자수 차트(혼합형)에 대해 알려주세요,사업시설 관리 사업지원 및 임대서비스업 취업자수 차트(혼합형)은 이 분야의 고용 현황을 시각적으로 표현합니다. 이 차트는 전년 동기 대비 증감을 나타내는 범례를 포함하고 있습니다. 본문에서는 이 분야에서도 고용이 줄어들고 있는 추세가 이어지고 있음을 보여주고 있습니다.,1261.4197575365622,1039.6926454445675,864.17409537233,673.8748627881449,2480,3508
train,report,/workspace/data/train/json/MI3_240819_TY1_0017_4.json,/workspace/data/train/jpg/MI2_240819_TY1_0017_4.jpg,MI3_240819_TY1_0017_4,MI3_240819_TY1_0017_4_V02-8_3,V02-8,차트(혼합형),보건복지 · 공공행정 취업자수 차트(혼합형)에 대해 알려주세요,"보건복지 · 공공행정 취업자수 차트(혼합형)은 이 부문의 고용 변화를 나타내며, 시간에 따른 흐름을 쉽게 이해할 수 있도록 돕습니다. 범례에는 전년 동기 대비 증감 정보가 포함되어 있습니다. 본문 내용에 따르면, 보건복지 및 공공행정 부문은 정부 정책 덕분에 지속적인 증가세를 유지할 것으로 예상됩니다.",369.668496158068,2264.2195389681665,877.9626783754114,685.4270032930849,2480,3508
train,report,/workspace/data/train/json/MI3_240819_TY1_0017_4.json,/workspace/data/train/jpg/MI2_240819_TY1_0017_4.jpg,MI3_240819_TY1_0017_4,MI3_240819_TY1_0017_4_V02-8_4,V02-8,차트(혼합형),건설업 취업자수 차트(혼합형)에 대해 알려주세요,"건설업 취업자수 차트(혼합형)는 건설 산업 내 고용 현황을 그래픽으로 표시합니다. 이 차트를 통해 독자는 전년 대비 증감 추이를 확인할 수 있는 범례를 살펴볼 수 있습니다. 최근 자료에 따르면, 건설 업계는 둔화 추세가 계속되고 있으며, 향후 회복이 어려울 것이라는 전망이 나오고 있습니다.",1266.8847420417121,2264.2195389681665,851.007683863886,681.5762897914377,2480,3508
train,report,/workspace/data/train/json/MI3_240819_TY1_0017_5.json,/workspace/data/train/jpg/MI2_240819_TY1_0017_5.jpg,MI3_240819_TY1_0017_5,MI3_240819_TY1_0017_5_V02-4_1,V02-4,차트(꺾은선형),국제원자재가격1) 차트(꺾은선형)에 대해 알려주세요,"국제원자재가격1) 차트(꺾은선형)은 원자재 가격의 변동 추이를 시각적으로 나타냅니다. 이 차트는 2010년을 기준으로 하는 에너지 제외 원자재 가격과 국제유가의 변화를 비교하는 범례를 포함하고 있습니다. 본문에 언급된 바와 같이, 국제유가는 공급차질에 따른 우려로 인해 높은 수준을 지속할 것으로 보이며, 환율의 높은 변동성도 예측되고 있습니다.",361.96706915477495,1162.9154774972558,870.2612513721183,739.336992316136,2480,3508
train,report,/workspace/data/train/json/MI3_240819_TY1_0017_5.json,/workspace/data/train/jpg/MI2_240819_TY1_0017_5.jpg,MI3_240819_TY1_0017_5,MI3_240819_TY1_0017_5_V02-8_1,V02-8,차트(혼합형),원/달러 환율 차트(혼합형)에 대해 알려주세요,"원/달러 환율 차트(혼합형)는 시간에 따른 환율과 그 변동성을 함께 보여주는 시각적 자료입니다. 이 차트는 좌축에 원/달러 환율, 우축에 변동성을 표시하여 상호 관계를 설명합니다. 분석 결과, 최근 몇 년간의 데이터는 높은 변동성과 함께 환율이 어떻게 변화해 왔는지를 보여주며, 경제적 불확실성이 영향을 미치고 있음을 시사합니다.",1240.599304694599,1162.9154774972556,861.8902672044123,689.2777167947308,2480,3508
train,report,/workspace/data/train/json/MI3_240819_TY1_0017_5.json,/workspace/data/train/jpg/MI2_240819_TY1_0017_5.jpg,MI3_240819_TY1_0017_5,MI3_240819_TY1_0017_5_V02-8_2,V02-8,차트(혼합형),농산물가격 상승률 %) 차트(혼합형)에 대해 알려주세요,"농산물가격 상승률 %) 차트(혼합형)은 특정 기간 동안 농산물 가격의 변화 추세를 시각적으로 나타냅니다. 이 그래프는 전월대비 및 전년 동기 대비 상승률을 비교하여 농산물 시장의 동향을 이해할 수 있도록 돕습니다. 데이터 분석 결과, 농산물 가격은 기후 요인과 생산량 변화 등에 따라 다소 불안정하게 움직이고 있으며, 이러한 경향은 앞으로도 계속될 가능성이 있습니다.",377.36992316136116,2406.695938529089,854.8583973655323,650.7705817782656,2480,3508
train,report,/workspace/data/train/json/MI3_240819_TY1_0017_5.json,/workspace/data/train/jpg/MI2_240819_TY1_0017_5.jpg,MI3_240819_TY1_0017_5,MI3_240819_TY1_0017_5_V02-4_2,V02-4,차트(꺾은선형),돼지 사육 마릿수와 돼지고기가격 차트(꺾은선형)에 대해 알려주세요,"돼지 사육 마릿수와 돼지고기가격 차트(꺾은선형)은 두 변수 간의 관계를 시간에 따라 보여줍니다. 이 차트는 돼지 사육 마릿수와 그에 따른 돼지고기 가격의 변화 추세를 명확히 하기 위한 범례를 제공합니다. 통계자료에 따르면, 현재 축산물 가격이 약세를 보이고 있는 가운데, 사육 마릿수가 증가하면서 향후 시장 상황에도 큰 영향을 미칠 것으로 예상됩니다.",1244.4500181962449,2408.872252582186,869.591694207703,717.9071107548026,2480,3508
train,report,/workspace/data/train/json/MI3_240819_TY1_0017_6.json,/workspace/data/train/jpg/MI2_240819_TY1_0017_6.jpg,MI3_240819_TY1_0017_6,MI3_240819_TY1_0017_6_V02-1_1,V02-1,차트(세로 막대형),선진국의 재정확대가 신흥국 수출에 미치는 영향과 관련된 차트에 대해 알려주세요,"이 차트는 동아시아, 유럽·중앙아시아 등 대륙별 고소득 국가 제외 기준으로 각 지역의 수출 비중을 보여줍니다. 차트에는 각 대륙별로 선진국과 신흥국 간의 비교가 명시되어 있습니다. 본문 내용을 통해 선진국 재정확대가 신흥국 수출에 긍정적인 영향을 미칠 것이라는 점을 알 수 있습니다.",392.772777167947,436.4702465523999,885.6641053787039,718.7438039415624,2480,3508
train,report,/workspace/data/train/json/MI3_240819_TY1_0017_6.json,/workspace/data/train/jpg/MI2_240819_TY1_0017_6.jpg,MI3_240819_TY1_0017_6,MI3_240819_TY1_0017_6_V02-1_2,V02-1,차트(세로 막대형),신흥국 무역 의존도와 관련된 차트에 대해 알려주세요,"이 차트는 아시아 신흥국과 비아시아 신흥국의 평균 수출 비중을 보여줍니다. 차트의 범례에서는 아시아와 비아시아 신흥국의 평균 수치를 비교하여 표시하고 있습니다. 본문을 기반으로 볼 때, 아시아 신흥국의 평균 수출 비중이 상대적으로 낮은 것을 나타내고 있으며, 이는 글로벌 무역에서의 위치를 시사합니다.",1293.8397365532355,431.27991218441156,763.4109661781323,696.9791437980217,2480,3508
train,report,/workspace/data/train/json/MI3_240819_TY1_0017_6.json,/workspace/data/train/jpg/MI2_240819_TY1_0017_6.jpg,MI3_240819_TY1_0017_6,MI3_240819_TY1_0017_6_V01_1,V01,표,미국 상위 5개 수입 품목 국가별 비중에 대해 알려주세요,"이 표는 자동차, 석유제품 등 주요 품목별로 각 국가에서 미국으로 수출되는 비중을 나타냅니다. 각 품목에 대한 순위와 함께 해당 국가들의 기여도를 설명하는 자료입니다. 분석 결과, 특정 품목에서 멕시코와 중국이 두드러지게 높은 비율을 보이고 있어 이들 국가가 미국 시장에서 중요한 역할을 하고 있음을 알 수 있습니다.",373.519209659714,2406.7631981680383,908.7683863885823,693.0611706574246,2480,3508
train,report,/workspace/data/train/json/MI3_240819_TY1_0017_6.json,/workspace/data/train/jpg/MI2_240819_TY1_0017_6.jpg,MI3_240819_TY1_0017_6,MI3_240819_TY1_0017_6_V02-1_3,V02-1,차트(세로 막대형),미국 수입 상위 50개국 기준 아시아 및 중남미 지역과 관련된 차트에 대해 알려주세요,"이 차트는 아시아와 중남미 지역의 미국 내 수입비율 추세를 보여주고 있습니다. 범례에서는 두 지역 간의 비교를 통해 각각의 상대적 위치를 설명합니다. 본문 내용과 결합해 보면, 아시아 지역이 미국 시장에서 상당한 영향력을 미치고 있는 것으로 분석됩니다.",1297.6904500548846,2406.695938529089,851.007683863886,735.4862788144895,2480,3508
train,report,/workspace/data/train/json/MI3_240819_TY1_0017_7.json,/workspace/data/train/jpg/MI2_240819_TY1_0017_7.jpg,MI3_240819_TY1_0017_7,MI3_240819_TY1_0017_7_V02-8_1,V02-8,차트(혼합형),한국 기업의 중국내 LCD생산 비중에 대한 혼합형 차트에 대해 알려주세요,이 혼합형 차트는 한국 기업의 중국 내 LCD 생산 비중을 나타냅니다. 차트의 범례는 LCD와 OLED의 생산 비율을 비교합니다. 본문과 함께 이 차트를 통해 최근 몇 년간 한국 기업의 LCD 생산 비중이 변화해 온 추세를 확인할 수 있습니다.,385.0713501646542,435.13062568605926,839.4555433589463,619.9648737650934,2480,3508
train,report,/workspace/data/train/json/MI3_240819_TY1_0017_7.json,/workspace/data/train/jpg/MI2_240819_TY1_0017_7.jpg,MI3_240819_TY1_0017_7,MI3_240819_TY1_0017_7_V02-8_2,V02-8,차트(혼합형),향후 디스플레이 시장 전망에 대한 혼합형 차트에 대해 알려주세요,"이 혼합형 차트는 향후 디스플레이 시장에서 OLED와 LCD의 시장 점유율 변화를 보여줍니다. 범례에는 OLED와 LCD 각각의 비중 변화가 포함되어 있습니다. 본문과 결합하여, 앞으로 디스플레이 시장에서 OLED가 점차적으로 더 많은 비중을 차지할 것으로 예상되는 추세를 알 수 있습니다.",1255.3326015367725,438.98133918770515,838.7849731195042,600.7113062568598,2480,3508
train,report,/workspace/data/train/json/MI3_240819_TY1_0017_7.json,/workspace/data/train/jpg/MI2_240819_TY1_0017_7.jpg,MI3_240819_TY1_0017_7,MI3_240819_TY1_0017_7_V02-4_1,V02-4,차트(꺾은선형),대중국 주요 합성수지·원료 수출에 대한 꺾은선형 차트에 대해 알려주세요,"이 꺾은선형 차트는 대중국 주요 합성수지 및 원료 수출량을 시각적으로 표현합니다. 범례에는 LDPE와 TPA 두 가지 물질의 수출량 변화가 포함되어 있습니다. 본문 내용을 통해, 이들 물질의 수출량이 시간에 따라 어떻게 변화하고 있는지를 파악할 수 있습니다.",1234.7181513707587,2129.4445664105365,862.7274669286862,758.5905598243678,2480,3508
train,report,/workspace/data/train/json/MI3_240819_TY1_0018_1.json,/workspace/data/train/jpg/MI2_240819_TY1_0018_1.jpg,MI3_240819_TY1_0018_1,MI3_240819_TY1_0018_1_V02-8_1,V02-8,차트(혼합형),"설비투자 건설투자 (전기대비, %)% 차트(혼합형)에 대해 알려주세요","이 차트는 설비 투자와 건설 투자 간의 전기 대비 변화를 보여줍니다. 범례에는 증감률과 함께 두 가지 주요 항목인 설비투자와 건설투자의 수치가 포함되어 있습니다. 데이터를 기반으로 보면 설비 투자는 꾸준한 증가세를 보이는 반면, 건설 투자는 다소 감소하는 추세를 나타냅니다.",354.2656421514817,428.66227606669935,871.5700694309738,607.1796558762197,2480,3508
train,report,/workspace/data/train/json/MI3_240819_TY1_0018_1.json,/workspace/data/train/jpg/MI2_240819_TY1_0018_1.jpg,MI3_240819_TY1_0018_1,MI3_240819_TY1_0018_1_V02-8_2,V02-8,차트(혼합형),건설투자 수출입 차트(혼합형)에 대해 알려주세요,"이 차트는 건설 투자의 변화와 관련된 여러 지표들을 시각적으로 표현합니다. 범례에는 증감률과 좌측에 위치한 건설 투자 데이터가 포함되어 있습니다. 분석 결과, 전체적으로 건설 투자는 감소세로 전환되었음을 확인할 수 있습니다.",1236.0790340285375,434.23283342184646,836.9893885910791,617.0119525276581,2480,3508
train,report,/workspace/data/train/json/MI3_240819_TY1_0018_1.json,/workspace/data/train/jpg/MI2_240819_TY1_0018_1.jpg,MI3_240819_TY1_0018_1,MI3_240819_TY1_0018_1_V02-8_3,V02-8,차트(혼합형),수출 물량 지수 수출 금액 차트(혼합형)에 대해 알려주세요,"이 차트는 수출 물량 지수 및 금액의 변화를 시간에 따라 보여주는 형식입니다. 범례에는 각 항목의 지수가 나열되어 있어 상대적인 변화를 쉽게 이해할 수 있습니다. 본문 내용과 함께 분석하면, 최근 몇 개월 동안 수출 물량은 둔화되고 있음을 알 수 있습니다.",392.4374920482255,2458.0640321093515,846.6702038926717,708.5312843029624,2480,3508
train,report,/workspace/data/train/json/MI3_240819_TY1_0018_1.json,/workspace/data/train/jpg/MI2_240819_TY1_0018_1.jpg,MI3_240819_TY1_0018_1,MI3_240819_TY1_0018_1_V02-8_4,V02-8,차트(혼합형),수입 물량 지수 수입 금액 차트(혼합형)에 대해 알려주세요,이 차트는 수입 물량 및 금액의 변화를 시각적으로 나타내고 있습니다. 범례에는 각 항목의 세부 정보가 포함되어 있으며 이를 통해 다양한 추세를 파악할 수 있습니다. 데이터를 통해 최근 원자재와 자본재의 증가폭이 축소되고 있다는 사실을 확인할 수 있습니다.,1244.6782532960444,2464.456641053787,844.2040491248064,716.2327113062547,2480,3508
train,report,/workspace/data/train/json/MI3_240819_TY1_0018_2.json,/workspace/data/train/jpg/MI2_240819_TY1_0018_2.jpg,MI3_240819_TY1_0018_2,MI3_240819_TY1_0018_2_V02-8_1,V02-8,차트(혼합형),주택매매가격 및 거래량 차트(혼합형)에 대해 알려주세요,"주택매매가격 및 거래량을 보여주는 혼합형 차트입니다. 이 차트는 매매거래량과 주택가격의 변동 추이를 동시에 시각화하여 비교할 수 있게 합니다. 분석 결과, 매매거래량은 일정한 범위 내에서 상승세를 보이고 있으며, 주택가격은 전반적으로 안정세를 유지하고 있는 것으로 나타났습니다.",404.32491767288695,431.27991218441275,820.2019758507136,639.218441273326,2480,3508
train,report,/workspace/data/train/json/MI3_240819_TY1_0018_2.json,/workspace/data/train/jpg/MI2_240819_TY1_0018_2.jpg,MI3_240819_TY1_0018_2,MI3_240819_TY1_0018_2_V02-8_2,V02-8,차트(혼합형),주택전세가격 및 거래량 차트(혼합형)에 대해 알려주세요,"주택전세가격 및 거래량을 나타내는 혼합형 차트입니다. 이 차트는 전세거래량과 전세가격의 변화 양상을 함께 보여줍니다. 본문과 연계하여 볼 때, 전세거래량은 다소 감소하고 있으며, 전세가격은 안정적인 흐름을 유지하고 있는 것으로 분석됩니다.",1247.6311745334795,435.13062568605926,851.0076838638857,643.0691547749725,2480,3508
train,report,/workspace/data/train/json/MI3_240819_TY1_0018_2.json,/workspace/data/train/jpg/MI2_240819_TY1_0018_2.jpg,MI3_240819_TY1_0018_2,MI3_240819_TY1_0018_2_V02-4_1,V02-4,차트(꺾은선형),유형별 주택매매가격 상승률 차트(꺾은선형)에 대해 알려주세요,"유형별 주택매매가격 상승률을 나타내는 꺾은선형 차트입니다. 이 그래프는 여러 유형의 주택 가격이 시간에 따라 어떻게 변화했는지를 보여줍니다. 데이터에 따르면, 수도권 아파트와 단독주택의 가격 상승률이 상대적으로 높으며 비수도권에서는 하락하는 경향을 보이고 있습니다.",388.92206366630046,2475.961591659673,835.6048298572993,673.9220526871998,2480,3508
train,report,/workspace/data/train/json/MI3_240819_TY1_0018_2.json,/workspace/data/train/jpg/MI2_240819_TY1_0018_2.jpg,MI3_240819_TY1_0018_2,MI3_240819_TY1_0018_2_V02-8_3,V02-8,차트(혼합형),아파트입주물량 및 주택시장 동향 차트(혼합형)에 대해 알려주세요,"아파트입주물량과 관련된 정보를 보여주는 혼합형 차트입니다. 이 그래프는 입주물량과 주택 매매 및 전세 가격 간의 상관관계를 나타냅니다. 본문 내용을 종합하면, 아파트 입주물량이 증가함에 따라 매매가와 전세가는 하락하는 경향이 관찰됩니다.",1236.079034028539,2476.0795664073075,881.8133918770574,673.8040779395626,2480,3508
train,report,/workspace/data/train/json/MI3_240819_TY1_0018_3.json,/workspace/data/train/jpg/MI2_240819_TY1_0018_3.jpg,MI3_240819_TY1_0018_3,MI3_240819_TY1_0018_3_V02-8_1,V02-8,차트(혼합형),주택 매매 거래량 및 매수 우위 지수에 대해 알려주세요,"매매 거래량과 매수 우위 지수를 나타내는 차트는 각각의 수치를 시각적으로 표현하고 있습니다. 범례를 통해 두 변수의 상관관계를 이해할 수 있습니다. 최근 통계에 따르면, 주택 거래량은 감소하고 있으며, 이는 부동산 시장의 전반적인 위축을 반영하고 있습니다.",1220.6761800219529,2434.472984629904,847.1569703622388,738.514940726847,2480,3508
train,report,/workspace/data/train/json/MI3_240819_TY1_0018_3.json,/workspace/data/train/jpg/MI2_240819_TY1_0018_3.jpg,MI3_240819_TY1_0018_3,MI3_240819_TY1_0018_3_V02-1_2,V02-1,차트(세로 막대형),건설투자 및 주거용 건물 착공면적에 대해 알려주세요,"주거용 건물 착공면적을 나타내는 차트는 다양한 연도의 데이터를 시각화하여 보여줍니다. 이 차트의 범례는 주어진 연도에 따른 공사량의 변화를 설명합니다. 최근 몇 년간 주거용 건물 투자의 감소세가 지속되고 있으며, 이는 향후 착공 면적에도 영향을 미칠 것으로 예상됩니다.",369.668496158068,1133.7538726626608,851.0076838638856,753.0957431441437,2480,3508
train,report,/workspace/data/train/json/MI3_240819_TY1_0018_3.json,/workspace/data/train/jpg/MI2_240819_TY1_0018_3.jpg,MI3_240819_TY1_0018_3,MI3_240819_TY1_0018_3_V02-8_2,V02-8,차트(혼합형),주거용 건물 투자 누적착공에 대해 알려주세요,"주거용 건물 투자와 관련된 누적착공을 나타내는 차트는 시간에 따른 변동 추이를 보여줍니다. 이 차트의 범례는 각 연도의 공정률 변화와 함께 누적 착공량을 반영합니다. 전체적으로 최근 몇 년 간 하락세가 보이며, 시장 불황과 입주 물량이 높은 상황이 여기에 영향을 미치고 있습니다.",1251.481888035125,1138.0156119589508,849.8503471548753,764.2368578544379,2480,3508
train,report,/workspace/data/train/json/MI3_240819_TY1_0018_4.json,/workspace/data/train/jpg/MI2_240819_TY1_0018_4.jpg,MI3_240819_TY1_0018_4,MI3_240819_TY1_0018_4_V02-8_1,V02-8,차트(혼합형),제목에 대한 내용을 바탕으로 보건복지 · 공공행정 취업자수에 대해 알려주세요,"보건복지 · 공공행정 취업자수 차트는 해당 분야의 고용 현황을 시각적으로 나타냅니다. 이 차트는 시간에 따른 고용자 수의 변화를 보여주며, 전년 동기 대비 증감률도 함께 표현됩니다. 자료를 통해 보건복지와 공공행정 분야의 고용이 어떻게 변화해왔는지를 알 수 있습니다.",376.0090405035803,1077.7461994841508,862.5598243688255,646.9198682766192,2480,3508
train,report,/workspace/data/train/json/MI3_240819_TY1_0018_4.json,/workspace/data/train/jpg/MI2_240819_TY1_0018_4.jpg,MI3_240819_TY1_0018_4,MI3_240819_TY1_0018_4_V02-4_1,V02-4,차트(꺾은선형),제목에 대한 내용을 바탕으로 외국인 관광객수 차트에 대해 알려주세요,외국인 관광객수 차트는 특정 기간 동안 한국을 방문한 외국인 관광객의 수를 나타냅니다. 이 차트는 전체 외국인과 중국인의 비율을 비교하여 시각적으로 보여줍니다. 자료를 통해 외국인 관광객 수의 증가 또는 감소 추세를 확인할 수 있습니다.,1263.0340285400657,1078.1997804610317,866.410537870472,654.621295279912,2480,3508
train,report,/workspace/data/train/json/MI3_240819_TY1_0018_4.json,/workspace/data/train/jpg/MI2_240819_TY1_0018_4.jpg,MI3_240819_TY1_0018_4,MI3_240819_TY1_0018_4_V02-8_2,V02-8,차트(혼합형),제목에 대한 내용을 바탕으로 건설업 취업자수에 대해 알려주세요,건설업 취업자수 차트는 특정 기간 동안 건설 분야에서 일하는 인원의 변화를 나타냅니다. 이 차트는 전년 동기 대비 증감을 보여줘서 고용 시장의 동향을 이해하는 데 유용합니다. 자료를 통해 건설 분야에서 취업자의 변화 추세를 알 수 있습니다.,400.4742041712404,2456.7552140504936,847.156970362239,658.4720087815585,2480,3508
train,report,/workspace/data/train/json/MI3_240819_TY1_0018_4.json,/workspace/data/train/jpg/MI2_240819_TY1_0018_4.jpg,MI3_240819_TY1_0018_4,MI3_240819_TY1_0018_4_V02-8_3,V02-8,차트(혼합형),제목에 대한 내용을 바탕으로 건설기성액에 대해 알려주세요,건설기성액 차트는 건설 업계에서 발생한 매출액이나 진행 중인 프로젝트의 가치를 시각적으로 표시합니다. 이 차트는 전기 대비 증감률도 함께 제공하여 경제적 변동성을 분석하는 데 도움을 줍니다. 자료를 통해 건설 업계가 현재 어떤 추세인지 파악할 수 있습니다.,1255.3326015367727,2441.352360043908,885.6641053787046,700.8298572996703,2480,3508
train,report,/workspace/data/train/json/MI3_240819_TY1_0018_5.json,/workspace/data/train/jpg/MI2_240819_TY1_0018_5.jpg,MI3_240819_TY1_0018_5,MI3_240819_TY1_0018_5_V02-4_1,V02-4,차트(꺾은선형),이 보고서에서의 기대인플레이션율 차트(꺾은선형)에 대해 알려주세요,"기대인플레이션율 차트(꺾은선형)는 향후 1년과 5년간의 전문가 예측을 시각적으로 표현한 것입니다. 이 차트는 시간에 따른 인플레이션율 변동을 보여줍니다. 본문에 따르면, 전문가들의 예측치는 최근 몇 년 동안 변화가 있었으며, 향후 기간 동안 인플레이션 압력이 지속될 것으로 예상됩니다.",346.5642151481888,793.2469813391875,827.9034028540065,747.0384193194294,2480,3508
train,report,/workspace/data/train/json/MI3_240819_TY1_0018_5.json,/workspace/data/train/jpg/MI2_240819_TY1_0018_5.jpg,MI3_240819_TY1_0018_5,MI3_240819_TY1_0018_5_V02-4_2,V02-4,차트(꺾은선형),이 보고서에서의 전체임금 평균 차트(꺾은선형)에 대해 알려주세요,"전체임금 평균 차트(꺾은선형)는 전산업 및 서비스업의 임금 상승률을 비교하여 나타낸 것입니다. 이 차트는 각 연도의 임금 변화를 시각적으로 보여주며, 전산업과 서비스업 간의 격차를 명확히 합니다. 본문 내용에 따르면, 서비스업 임금 상승률이 높은 오름세를 지속할 전망이며, 전반적인 추세에서 다양한 요인들이 작용하고 있음을 알 수 있습니다.",1205.273326015366,798.7720942893814,904.9176728869372,791.5725818906404,2480,3508
train,report,/workspace/data/train/json/MI3_240819_TY1_0018_5.json,/workspace/data/train/jpg/MI2_240819_TY1_0018_5.jpg,MI3_240819_TY1_0018_5,MI3_240819_TY1_0018_5_V02-4_3,V02-4,차트(꺾은선형),이 보고서에서의 돼지와 산란계 가격 전망 차트(꺾은선형)에 대해 알려주세요,돼지와 산란계 가격 전망 차트(꺾은선형)는 향후 가격 변화를 예측하는 자료입니다. 이 차트는 특정 품목의 가격이 시간에 따라 어떻게 변화할 것인지를 시각적으로 보여줍니다. 본문 내용에서는 생산량 증가로 인해 당분간 하방압력이 지속될 것으로 예상되고 있습니다.,1232.897877691306,2443.026759492453,834.935272692886,733.8118793659409,2480,3508
train,report,/workspace/data/train/json/MI3_240819_TY1_0018_6.json,/workspace/data/train/jpg/MI2_240819_TY1_0018_6.jpg,MI3_240819_TY1_0018_6,MI3_240819_TY1_0018_6_V02-8_1,V02-8,차트(혼합형),경상수지 혼합형에 대해 알려주세요,"경상수지 혼합형은 여러 경제 지표를 시각적으로 표현한 차트입니다. 이 차트는 상품수지, 서비스수지, 본원소득수지 등의 다양한 구성 요소를 포함하여 경상수지를 이해하는 데 도움을 줍니다. 본문에서 언급된 흑자기조와 관련하여, 최근의 통계로 보아 상품수지는 축소되고 있지만 전체 경상수지는 여전히 양호한 상태임을 보여줍니다.",346.5642151481888,1263.034028540066,862.5598243688254,666.1734357848517,2480,3508
train,report,/workspace/data/train/json/MI3_240819_TY1_0018_6.json,/workspace/data/train/jpg/MI2_240819_TY1_0018_6.jpg,MI3_240819_TY1_0018_6,MI3_240819_TY1_0018_6_V02-8_2,V02-8,차트(혼합형),경기선행지수 및 수출입 혼합형에 대해 알려주세요,"경기선행지수 및 수출입 혼합형은 경제의 선행 지표들을 시각적으로 나타낸 차트입니다. 이 차트는 OECD 선행지수를 좌축으로 하고 수출 및 수입 증가율을 우축으로 하여 두 가지 변수를 비교합니다. 최근 데이터에 따르면, 수출 증가율이 감소세를 보이고 있어 경제 성장에 부정적인 영향을 미칠 가능성이 있습니다.",1232.22832052689,1263.0340285400616,875.1612384878256,657.163190722701,2480,3508
train,report,/workspace/data/train/json/MI3_240819_TY1_0018_6.json,/workspace/data/train/jpg/MI2_240819_TY1_0018_6.jpg,MI3_240819_TY1_0018_6,MI3_240819_TY1_0018_6_V02-8_3,V02-8,차트(혼합형),서비스수지 혼합형에 대해 알려주세요,"서비스수지 혼합형은 여행과 운송 등 다양한 서비스 항목을 시각적으로 보여주는 차트입니다. 이 차트는 각 항목별로 적자와 흑자를 구분하여 서비스 거래의 흐름을 이해하는 데 도움을 줍니다. 본문에서 나타난 바와 같이 여행 수지가 개선되는 반면, 운송 분야에서는 지속적인 적자가 발생하고 있어 종합적인 서비스 수지가 불균형한 상태임을 알 수 있습니다.",301.47435992371595,2375.890230515916,930.7539606031777,704.6805708013173,2480,3508
train,report,/workspace/data/train/json/MI3_240819_TY1_0018_6.json,/workspace/data/train/jpg/MI2_240819_TY1_0018_6.jpg,MI3_240819_TY1_0018_6,MI3_240819_TY1_0018_6_V02-4_1,V02-4,차트(꺾은선형),외국인 입국자수 꺾은선형에 대해 알려주세요,외국인 입국자수를 나타내는 꺾은선형 그래프는 시간에 따른 유입 인원의 변화를 시각화합니다. 이 그래프는 특정 기간 동안의 출입국자 추세를 한눈에 보여줍니다. 최근 통계에 따르면 외국인 입국자는 증가세를 보이며 관광 산업 회복의 긍정적인 신호로 해석될 수 있습니다.,1251.4818880351245,2381.385047196141,835.6048298572988,652.977192101333,2480,3508
train,report,/workspace/data/train/json/MI3_240819_TY1_0019_1.json,/workspace/data/train/jpg/MI2_240819_TY1_0019_1.jpg,MI3_240819_TY1_0019_1,MI3_240819_TY1_0019_1_V02-4_1,V02-4,차트(꺾은선형),산업 활동 제조업 생산지수 및 평균가동률 꺾은선형에 대해 알려주세요,"제조업 생산지수 및 평균가동률 꺾은선형은 시간에 따른 제조업의 생산성과 가동률의 변화를 시각적으로 표현합니다. 이 꺾은선형의 범례는 증가율과 제조업 생산지수를 각각 좌축과 우축으로 나타내어 두 가지 지표 간의 관계를 보여줍니다. 본문에서 언급된 바와 같이 최근 제조업 생산이 감소한 반면, 가동률 역시 하락세를 보이고 있어 전반적인 산업 활동의 위축을 암시합니다.",460.2711099872105,1409.3611416026345,847.1569703622393,693.1284302963776,2480,3508
train,report,/workspace/data/train/json/MI3_240819_TY1_0019_1.json,/workspace/data/train/jpg/MI2_240819_TY1_0019_1.jpg,MI3_240819_TY1_0019_1,MI3_240819_TY1_0019_1_V02-4_2,V02-4,차트(꺾은선형),산업 활동 평균가동률 꺾은선형에 대해 알려주세요,"평균가동률 꺾은선형은 특정 기간 동안 산업별 평균 가동률의 변화를 시각적으로 나타냅니다. 이 꺾은선형에는 계절 조정된 데이터가 포함되어 있어, 계절적 영향을 제거한 가동률 변화를 볼 수 있습니다. 본문에 따르면 최근 평균가동률이 하락하고 있어, 전반적인 산업 경쟁력 저하를 시사합니다.",1340.0482985729966,1409.3611416026345,839.455543358946,693.1284302963776,2480,3508
train,report,/workspace/data/train/json/MI3_240819_TY1_0019_2.json,/workspace/data/train/jpg/MI2_240819_TY1_0019_2.jpg,MI3_240819_TY1_0019_2,MI3_240819_TY1_0019_2_V02-4_1,V02-4,차트(꺾은선형),물가와 관련된 데이터의 추세 및 변동에 대해 알려주세요.,"소비자물가지수에 대한 그래프는 특정 기간 동안 가격 변동을 나타냅니다. 이 그래프에서는 농산물 및 석유류 제외지수가 소비자물가지수와 함께 표현됩니다. 본문 내용과 그래프를 종합해 볼 때, 최근 몇 년간 소비자 물가는 일정한 상승세를 보였으나, 농산물과 석유류 제외 지수의 상승률은 상대적으로 낮아지는 경향을 보이고 있습니다.",481.3391877058178,1578.7925356750823,773.993413830955,693.1284302963778,2480,3508
train,report,/workspace/data/train/json/MI3_240819_TY1_0019_2.json,/workspace/data/train/jpg/MI2_240819_TY1_0019_2.jpg,MI3_240819_TY1_0019_2,MI3_240819_TY1_0019_2_V02-4_2,V02-4,차트(꺾은선형),농산물 및 석유류 제외지수와 소비자물가의 관계에 대해 알려주세요.,"이 그래프는 다양한 가격 지수의 변화를 시각적으로 보여줍니다. 범례에는 농산물 및 석유류 제외지수와 식료품 및 에너지 제외지수가 포함되어 있습니다. 본문 내용을 참고하면, 최근 소비자 물가는 상승하고 있지만, 농산물 및 석유류 제외 지수는 상대적으로 안정적인 흐름을 유지하고 있음을 알 수 있습니다.",1328.496158068057,1559.5389681668498,816.3512623490667,689.2777167947306,2480,3508
train,report,/workspace/data/train/json/MI3_240819_TY1_0019_3.json,/workspace/data/train/jpg/MI2_240819_TY1_0019_3.jpg,MI3_240819_TY1_0019_3,MI3_240819_TY1_0019_3_V02-8_1,V02-8,차트(혼합형),최근의 경제동향과 관련된 수출입 및 경상수지에 대해 알려주세요,"<그림 10>은 수출입 및 경상수지에 관한 내용으로, 수출과 수입의 변화를 시각적으로 나타냅니다. 좌측 축은 수출과 수입을 억달러 단위로 표시하고, 우측 축은 경상수지를 보여줍니다. 최근의 데이터에 따르면 경상수지가 크게 개선되고 있으며, 이는 흑자폭이 확대됨을 의미합니다.",377.36992316136116,947.2755214050493,1655.806805708013,839.4555433589462,2480,3508
train,report,/workspace/data/train/json/MI3_240819_TY1_0019_3.json,/workspace/data/train/jpg/MI2_240819_TY1_0019_3.jpg,MI3_240819_TY1_0019_3,MI3_240819_TY1_0019_3_V01_1,V01,표,최근의 경제동향과 관련된 경상수지에 대해 알려주세요,"<표 17>은 경상수지에 대한 다양한 데이터를 정리한 표입니다. 이 표는 연간 및 월별로 상품수지와 서비스수지 등의 항목을 나누어 보여줍니다. 최근 통계에 따르면 서비스수지는 일부 기간에서 적자를 보였으나, 전반적으로 경상수지는 양호한 상태를 유지하고 있습니다.",315.75850713501643,1994.6695938529085,1732.8210757409438,797.0976948408347,2480,3508
train,report,/workspace/data/train/json/MI3_240819_TY1_0019_5.json,/workspace/data/train/jpg/MI2_240819_TY1_0019_5.jpg,MI3_240819_TY1_0019_5,MI3_240819_TY1_0019_5_V02-4_1,V02-4,차트(꺾은선형),유가변동 요인별 피급효과 분석에 대해 알려주세요,"이 차트는 국제유가의 10% 상승충격에 대한 다양한 요인의 반응을 보여주는 꺾은선형입니다. 범례는 SVAR과 BOKGM 모델의 충격반응 값을 포함하고 있습니다. 분석 결과, 공급 및 수요요인에 따른 유가 변화의 패턴을 관찰할 수 있습니다.",370.16932515337425,744.6429447852761,809.2073619631902,671.4699386503067,2480,3508
train,report,/workspace/data/train/json/MI3_240819_TY1_0019_5.json,/workspace/data/train/jpg/MI2_240819_TY1_0019_5.jpg,MI3_240819_TY1_0019_5,MI3_240819_TY1_0019_5_V02-4_2,V02-4,차트(꺾은선형),유가변동 요인별 피급효과 분석에 대해 알려주세요,"이 차트는 국제유가의 10% 상승충격에 대한 다양한 요인의 반응을 보여주는 꺾은선형입니다. 범례는 SVAR과 BOKGM 모델의 충격반응 값을 포함하고 있습니다. 분석 결과, 공급 및 수요요인에 따른 유가 변화의 패턴을 관찰할 수 있습니다.",1196.5938650306748,748.9472392638036,817.8159509202455,667.1656441717791,2480,3508
train,report,/workspace/data/train/json/MI3_240819_TY1_0019_5.json,/workspace/data/train/jpg/MI2_240819_TY1_0019_5.jpg,MI3_240819_TY1_0019_5,MI3_240819_TY1_0019_5_V02-4_3,V02-4,차트(꺾은선형),유가변동 요인별 피급효과 분석에 대해 알려주세요,"이 차트는 국제유가의 10% 상승충격에 대한 다양한 요인의 반응을 보여주는 꺾은선형입니다. 범례는 SVAR과 BOKGM 모델의 충격반응 값을 포함하고 있습니다. 분석 결과, 공급 및 수요요인에 따른 유가 변화의 패턴을 관찰할 수 있습니다.",365.86503067484665,1601.1975460122699,822.1202453987732,684.3828220858896,2480,3508
train,report,/workspace/data/train/json/MI3_240819_TY1_0019_5.json,/workspace/data/train/jpg/MI2_240819_TY1_0019_5.jpg,MI3_240819_TY1_0019_5,MI3_240819_TY1_0019_5_V02-4_4,V02-4,차트(꺾은선형),유가변동 요인별 피급효과 분석에 대해 알려주세요,"이 차트는 국제유가의 10% 상승충격에 대한 다양한 요인의 반응을 보여주는 꺾은선형입니다. 범례는 SVAR과 BOKGM 모델의 충격반응 값을 포함하고 있습니다. 분석 결과, 공급 및 수요요인에 따른 유가 변화의 패턴을 관찰할 수 있습니다.",1209.506748466258,1605.5018404907976,791.9901840490795,667.1656441717793,2480,3508
train,report,/workspace/data/train/json/MI3_240819_TY1_0019_5.json,/workspace/data/train/jpg/MI2_240819_TY1_0019_5.jpg,MI3_240819_TY1_0019_5,MI3_240819_TY1_0019_5_V02-4_5,V02-4,차트(꺾은선형),예비적수요요인에 의한 국제유가 변동 예측에 대해 알려주세요,"이 차트는 예비적수요요인이 국제유가에 미치는 영향을 나타내며, 꺾은선형으로 표현됩니다. 범례에는 SVAR와 BOKGM 모델에서 추출한 충격반응 값들이 포함되어 있습니다. 이 데이터로부터 예비적수요에서 발생하는 유가 변화를 이해할 수 있는 통찰력을 제공합니다.",361.5607361963189,2446.927578269589,822.1202453987729,647.86015179176,2480,3508
train,report,/workspace/data/train/json/MI3_240819_TY1_0019_5.json,/workspace/data/train/jpg/MI2_240819_TY1_0019_5.jpg,MI3_240819_TY1_0019_5,MI3_240819_TY1_0019_5_V02-4_6,V02-4,차트(꺾은선형),예비적수요요인에 의한 국제유가 변동 예측에 대해 알려주세요,"이 차트는 예비적수요요인이 국제유가에 미치는 영향을 나타내며, 꺾은선형으로 표현됩니다. 범례에는 SVAR와 BOKGM 모델에서 추출한 충격반응 값들이 포함되어 있습니다. 이 데이터로부터 예비적수요에서 발생하는 유가 변화를 이해할 수 있는 통찰력을 제공합니다.",1192.2893842492958,2449.015892735499,791.9901840490787,645.7718373258494,2480,3508
train,report,/workspace/data/train/json/MI3_240819_TY1_0019_6.json,/workspace/data/train/jpg/MI2_240819_TY1_0019_6.jpg,MI3_240819_TY1_0019_6,MI3_240819_TY1_0019_6_V01_1,V01,표,가계 및 비영리단체의 순금융자산 추이에 대한 표에 대해 알려주세요.,"이 표는 가계 및 비영리단체의 연말 기준 금융자산, 부채 및 순금융자산을 보여줍니다. 각 연도별로 금융자산과 부채의 변화를 나타내며, 괄호 안에는 전년 대비 증감액이 기록되어 있습니다. 2011년에는 순금융자산이 증가하였으며 이는 금융자산의 증가폭이 부채 증가폭을 초과한 결과입니다.",435.13062568605926,912.6190998902306,1752.0746432491762,596.860592755214,2480,3508
train,report,/workspace/data/train/json/MI3_240819_TY1_0019_6.json,/workspace/data/train/jpg/MI2_240819_TY1_0019_6.jpg,MI3_240819_TY1_0019_6,MI3_240819_TY1_0019_6_V02-8_1,V02-8,차트(혼합형),가계 및 비영리단체 금융자산/부채 비율에 대한 차트에 대해 알려주세요.,"이 차트는 가계 및 비영리단체의 금융자산과 부채를 시각적으로 비교하여 보여줍니다. 왼쪽 축은 금융자산과 부채를 나타내고, 오른쪽 축은 자산 대비 부채 비율을 보여줍니다. 최근 몇 년 간 금융부채의 증가율이 자산증가율보다 높아짐에 따라 금융자산/부채 비율이 감소하는 추세를 보이고 있습니다.",454.3841931942919,1725.119648737651,1717.4182217343578,851.0076838638857,2480,3508
train,report,/workspace/data/train/json/MI3_240819_TY1_0019_6.json,/workspace/data/train/jpg/MI2_240819_TY1_0019_6.jpg,MI3_240819_TY1_0019_6,MI3_240819_TY1_0019_6_V01_2,V01,표,가계 및 비영리단체의 금융자산/부채 비율 추이에 대한 표에 대해 알려주세요.,"이 표는 특정 연도의 가계 및 비영리단체의 금융자산/부채 비율을 나열합니다. 각 연도별 수치와 함께 주석으로 기관 범주를 설명하고 있습니다. 2011년에는 이 비율이 감소하며, 이는 자산증가 속도가 둔화된 것을 나타냅니다.",435.130625686059,2930.3929747530137,1722.0909868252897,243.157457748224,2480,3508
train,report,/workspace/data/train/json/MI3_240819_TY1_0019_7.json,/workspace/data/train/jpg/MI2_240819_TY1_0019_7.jpg,MI3_240819_TY1_0019_7,MI3_240819_TY1_0019_7_V02-4_1,V02-4,차트(꺾은선형),비금융법인기업의 자금조달 구성비 추이에 대해 알려주세요,"이 차트는 비금융법인기업의 자금조달 방식에 따른 구성비를 보여주는 꺾은선형 차트입니다. 차트에는 간접금융, 직접금융, 국외조달, 기타 등 다양한 자금 조달 방법에 대한 비율이 포함되어 있습니다. 2007년부터 2011년까지의 데이터를 바탕으로 보면 간접금융과 직접금융의 비율 변화가 두드러지며, 전체적으로 간접금융의 비율이 높은 경향을 보이고 있습니다.",450.5334796926454,700.8298572996706,1690.463227222832,623.8155872667402,2480,3508
train,report,/workspace/data/train/json/MI3_240819_TY1_0019_7.json,/workspace/data/train/jpg/MI2_240819_TY1_0019_7.jpg,MI3_240819_TY1_0019_7,MI3_240819_TY1_0019_7_V01_1,V01,표,비금융법인기업의 자금운용 규모에 대해 알려주세요,"이 표는 연도별 비금융법인기업의 자금운용 규모를 나타내는 데이터 표입니다. 각 연도마다 자금을 운용하는 방식에 따라 금융기관 예치금을 비롯한 여러 항목들이 나열되어 있습니다. 2011년 중 비금융법인기업의 자산 총액은 전년 대비 증가했으며, 특히 금융기관 예치금을 통해 안정적인 운용을 유지하고 있음을 알 수 있습니다.",400.4742041712404,2233.4138309549944,1775.1789242590557,931.8726673984636,2480,3508
train,report,/workspace/data/train/json/MI3_240819_TY1_0020_1.json,/workspace/data/train/jpg/MI2_240819_TY1_0020_1.jpg,MI3_240819_TY1_0020_1,MI3_240819_TY1_0020_1_V02-4_1,V02-4,차트(꺾은선형),"(SA, %) 차트(꺾은선형)에 대해 알려주세요","(SA, %) 차트(꺾은선형)은 경제 지표의 변화를 시각적으로 나타내는 그래프입니다. 이 차트는 시간에 따른 변화율을 보여주며, 각 데이터 포인트는 특정 연도의 통계를 반영합니다. 최근 금융위기 이전 수치와 비교할 때 고용률이 하락세를 보이는 경향이 있으며, 2012년 상반기에는 다소 개선된 모습을 나타내고 있습니다.",385.0713501646542,1039.6926454445663,793.2469813391876,720.0834248079035,2480,3508
train,report,/workspace/data/train/json/MI3_240819_TY1_0020_1.json,/workspace/data/train/jpg/MI2_240819_TY1_0020_1.jpg,MI3_240819_TY1_0020_1,MI3_240819_TY1_0020_1_V02-4_2,V02-4,차트(꺾은선형),120 110 차트(꺾은선형)에 대해 알려주세요,"120 110 차트(꺾은선형)는 제조업과 비제조업의 전망을 비교하는 시각적 도구입니다. 이 차트는 산업별 경기를 설명하며, 주어진 기간 동안의 경기 흐름을 파악할 수 있도록 돕습니다. 최근 데이터에 따르면 제조업 전망이 비제조업보다 낮아지는 추세를 보이고 있습니다.",388.92206366630074,1994.6695938529085,835.6048298572997,735.4862788144895,2480,3508
train,report,/workspace/data/train/json/MI3_240819_TY1_0020_1.json,/workspace/data/train/jpg/MI2_240819_TY1_0020_1.jpg,MI3_240819_TY1_0020_1,MI3_240819_TY1_0020_1_V02-4_3,V02-4,차트(꺾은선형),08.1 09.2 차트(꺾은선형)에 대해 알려주세요,08.1 09.2 차트(꺾은선형)는 선행지수와 동행지수를 비교하여 경제 활동의 흐름을 보여주는 그래프입니다. 이 그래프는 두 지표가 서로 어떤 관계를 가지는지를 분석하는 데 유용합니다. 현재 선행지수가 동행지수보다 높게 나타나면서 향후 경제 회복 가능성을 시사하고 있습니다.,1355.4511525795826,2425.9495060373215,747.0384193194293,812.5005488474201,2480,3508
train,report,/workspace/data/train/json/MI3_240819_TY1_0020_2.json,/workspace/data/train/jpg/MI2_240819_TY1_0020_2.jpg,MI3_240819_TY1_0020_2,MI3_240819_TY1_0020_2_V02-4_1,V02-4,차트(꺾은선형),유가급등기의 제조업 업종별 생산 차트(꺾은선형)에 대해 알려주세요,"유가급등기의 제조업 업종별 생산 차트(꺾은선형)는 특정 기간 동안의 제조업 생산 변화를 시각적으로 나타냅니다. 이 차트는 업종별 생산량 변화에 대한 정보를 제공합니다. 분석 결과, 유가 급등기 동안 특정 업종에서 생산량이 어떻게 변화했는지를 보여주며, 전반적으로 산업생산에 미치는 영향을 이해하는 데 도움이 됩니다.",292.9199654683495,703.432097283205,1830.6031261434318,2488.809395581779,2480,3508
train,report,/workspace/data/train/json/MI3_240819_TY1_0020_3.json,/workspace/data/train/jpg/MI2_240819_TY1_0020_3.jpg,MI3_240819_TY1_0020_3,MI3_240819_TY1_0020_3_V02-4_1,V02-4,차트(꺾은선형),제목에 대한 내용과 소제목의 맥락을 바탕으로 꺾은선형 차트에 대해 알려주세요,"꺾은선형 차트는 시간에 따른 데이터를 시각적으로 표현하는 방식입니다. 이 차트는 다양한 값의 변화를 연결하여 나타내며, 변화의 경향을 쉽게 파악할 수 있습니다. 본문에서 제시된 데이터를 기반으로 할 때, 이 차트는 특정 변수의 변동이 어떻게 이루어지는지를 보여주고 있어 안정적인 추세를 나타냅니다.",392.77277716794686,604.5620197585066,827.903402854005,647.4823754211102,2480,3508
train,report,/workspace/data/train/json/MI3_240819_TY1_0020_3.json,/workspace/data/train/jpg/MI2_240819_TY1_0020_3.jpg,MI3_240819_TY1_0020_3,MI3_240819_TY1_0020_3_V02-4_2,V02-4,차트(꺾은선형),제목에 대한 내용과 소제목의 맥락을 바탕으로 꺾은선형 차트에 대해 알려주세요,"꺾은선형 차트는 시간에 따른 데이터를 시각적으로 표현하는 방식입니다. 이 차트는 다양한 값의 변화를 연결하여 나타내며, 변화의 경향을 쉽게 파악할 수 있습니다. 본문에서 제시된 데이터를 기반으로 할 때, 이 차트는 특정 변수의 변동이 어떻게 이루어지는지를 보여주고 있어 안정적인 추세를 나타냅니다.",1332.3468715696956,616.1141602634461,827.9034028540042,631.9714583195729,2480,3508
train,report,/workspace/data/train/json/MI3_240819_TY1_0020_3.json,/workspace/data/train/jpg/MI2_240819_TY1_0020_3.jpg,MI3_240819_TY1_0020_3,MI3_240819_TY1_0020_3_V02-4_3,V02-4,차트(꺾은선형),제목에 대한 내용과 소제목의 맥락을 바탕으로 꺾은선형 차트에 대해 알려주세요,"꺾은선형 차트는 시간에 따른 데이터를 시각적으로 표현하는 방식입니다. 이 차트는 다양한 값의 변화를 연결하여 나타내며, 변화의 경향을 쉽게 파악할 수 있습니다. 본문에서 제시된 데이터를 기반으로 할 때, 이 차트는 특정 변수의 변동이 어떻게 이루어지는지를 보여주고 있어 안정적인 추세를 나타냅니다.",394.34113967159925,1584.3196747753336,814.7828998454075,664.4970101862376,2480,3508
train,report,/workspace/data/train/json/MI3_240819_TY1_0020_3.json,/workspace/data/train/jpg/MI2_240819_TY1_0020_3.jpg,MI3_240819_TY1_0020_3,MI3_240819_TY1_0020_3_V02-4_4,V02-4,차트(꺾은선형),제목에 대한 내용과 소제목의 맥락을 바탕으로 꺾은선형 차트에 대해 알려주세요,"꺾은선형 차트는 시간에 따른 데이터를 시각적으로 표현하는 방식입니다. 이 차트는 다양한 값의 변화를 연결하여 나타내며, 변화의 경향을 쉽게 파악할 수 있습니다. 본문에서 제시된 데이터를 기반으로 할 때, 이 차트는 특정 변수의 변동이 어떻게 이루어지는지를 보여주고 있어 안정적인 추세를 나타냅니다.",1337.2791811054335,1590.3446761800171,838.3739473248559,632.5662878840919,2480,3508
train,report,/workspace/data/train/json/MI3_240819_TY1_0020_3.json,/workspace/data/train/jpg/MI2_240819_TY1_0020_3.jpg,MI3_240819_TY1_0020_3,MI3_240819_TY1_0020_3_V02-4_5,V02-4,차트(꺾은선형),제목에 대한 내용과 소제목의 맥락을 바탕으로 꺾은선형 차트에 대해 알려주세요,"꺾은선형 차트는 시간에 따른 데이터를 시각적으로 표현하는 방식입니다. 이 차트는 다양한 값의 변화를 연결하여 나타내며, 변화의 경향을 쉽게 파악할 수 있습니다. 본문에서 제시된 데이터를 기반으로 할 때, 이 차트는 특정 변수의 변동이 어떻게 이루어지는지를 보여주고 있어 안정적인 추세를 나타냅니다.",392.7727771679464,2391.2930845225014,847.1569703622381,643.6316619194646,2480,3508
train,report,/workspace/data/train/json/MI3_240819_TY1_0020_3.json,/workspace/data/train/jpg/MI2_240819_TY1_0020_3.jpg,MI3_240819_TY1_0020_3,MI3_240819_TY1_0020_3_V02-4_6,V02-4,차트(꺾은선형),제목에 대한 내용과 소제목의 맥락을 바탕으로 꺾은선형 차트에 대해 알려주세요,"꺾은선형 차트는 시간에 따른 데이터를 시각적으로 표현하는 방식입니다. 이 차트는 다양한 값의 변화를 연결하여 나타내며, 변화의 경향을 쉽게 파악할 수 있습니다. 본문에서 제시된 데이터를 기반으로 할 때, 이 차트는 특정 변수의 변동이 어떻게 이루어지는지를 보여주고 있어 안정적인 추세를 나타냅니다.",1324.6454445664103,2391.2930845225023,835.6048298572994,681.5762897914382,2480,3508
train,report,/workspace/data/train/json/MI3_240819_TY1_0020_4.json,/workspace/data/train/jpg/MI2_240819_TY1_0020_4.jpg,MI3_240819_TY1_0020_4,MI3_240819_TY1_0020_4_V02-8_1,V02-8,차트(혼합형),최근의 세계경제 동향과 향후 전망 혼합형에 대해 알려주세요,"제조업 생산 증감률과 가동률을 나타낸 혼합형 차트입니다. 좌측은 제조업 생산의 변화를, 우측은 가동률을 보여줍니다. 이 데이터는 제조업이 회복세에 접어들고 있음을 시사하고 있으며, 가동률도 점진적으로 증가하는 경향을 보이고 있습니다.",349.37033084311634,1655.070251358299,828.4311632870864,737.5871659309229,2480,3508
train,report,/workspace/data/train/json/MI3_240819_TY1_0020_4.json,/workspace/data/train/jpg/MI2_240819_TY1_0020_4.jpg,MI3_240819_TY1_0020_4,MI3_240819_TY1_0020_4_V02-8_2,V02-8,차트(혼합형),최근의 세계경제 동향과 향후 전망 혼합형에 대해 알려주세요,"소매판매와 자동차판매를 비교한 혼합형 차트입니다. 좌측은 소매판매의 변화율을 나타내고, 우측은 자동차 판매의 변화를 보여줍니다. 이 자료는 최근 미국의 소비 경향을 반영하며, 소매판매가 상승세를 보이는 반면, 자동차 판매는 감소하고 있는 추세를 나타냅니다.",1288.964781216649,1651.5688367129137,799.3169690501602,730.5016008537888,2480,3508
train,report,/workspace/data/train/json/MI3_240819_TY1_0020_4.json,/workspace/data/train/jpg/MI2_240819_TY1_0020_4.jpg,MI3_240819_TY1_0020_4,MI3_240819_TY1_0020_4_V02-8_3,V02-8,차트(혼합형),<그림 1> 미국 제조업생산 및 가동률 혼합형에 대해 알려주세요,"ISM 지수를 기반으로 한 혼합형 차트로, 제조업과 비제조업 분야의 경제 활동 수준을 비교합니다. 기준치는 50이며 이 수치를 초과하면 해당 부문이 성장하고 있다는 것을 의미합니다. 현재 두 지수 모두 상승추세를 보이고 있어 전반적인 경제 회복세를 반영하고 있습니다.",336.1365094689828,2503.8206013083745,780.7897545357526,759.615795090715,2480,3508
train,report,/workspace/data/train/json/MI3_240819_TY1_0020_4.json,/workspace/data/train/jpg/MI2_240819_TY1_0020_4.jpg,MI3_240819_TY1_0020_4,MI3_240819_TY1_0020_4_V02-8_4,V02-8,차트(혼합형),<그림 2> 미국 ISM지수 혼합형에 대해 알려주세요,"ISM 제조업지수와 비제조업지수를 비교한 혼합형 차트입니다. 각 지수는 경제 활동 수준을 측정하여 경제 전반의 건강성을 나타냅니다. 현재 제조업지수가 비제조업지수보다 높은 추세로, 이는 제조업 부문에서 상대적으로 더 긍정적인 신호를 보내고 있음을 의미합니다.",1265.1440768409818,2498.527214514408,852.2518676627539,764.9092849519743,2480,3508
train,report,/workspace/data/train/json/MI3_240819_TY1_0020_5.json,/workspace/data/train/jpg/MI2_240819_TY1_0020_5.jpg,MI3_240819_TY1_0020_5,MI3_240819_TY1_0020_5_V02-4_1,V02-4,차트(꺾은선형),소비자물가상승률 혼합형에 대해 알려주세요,이 혼합형은 소비자 물가 상승률과 근원 소비자 물가의 변화를 시각적으로 표현합니다. 범례에서는 각각의 데이터 값들이 어떤 의미를 가지는지를 설명합니다. 본문에서 언급된 소비자물가 상승세와 관련하여 현재 경향을 파악할 수 있는 중요한 지표입니다.,1265.1440768409818,653.7459978655281,799.3169690501602,756.9690501600855,2480,3508
train,report,/workspace/data/train/json/MI3_240819_TY1_0020_5.json,/workspace/data/train/jpg/MI2_240819_TY1_0020_5.jpg,MI3_240819_TY1_0020_5,MI3_240819_TY1_0020_5_V02-8_1,V02-8,차트(혼합형),최근의 세계경제 동향과 향후 전망 혼합형에 대해 알려주세요,"이 혼합형은 실업률과 실업자 수의 변화를 동시에 보여줍니다. 범례에서는 왼쪽 축에 실업률, 오른쪽 축에 실업자 수를 나타냅니다. 본문 내용에 따르면, 최근 수출 증가에도 불구하고 내수 부진으로 인해 경상수지는 흑자를 기록하였으며, 이러한 경제 상황이 실업률 및 실업자 수와 어떤 관계가 있는지를 보여주는 자료입니다.",320.25613660619,624.6318036286019,899.8932764140877,794.0234791889006,2480,3508
train,report,/workspace/data/train/json/MI3_240819_TY1_0020_5.json,/workspace/data/train/jpg/MI2_240819_TY1_0020_5.jpg,MI3_240819_TY1_0020_5,MI3_240819_TY1_0020_5_V02-4_2,V02-4,차트(꺾은선형),<그림 13> 유로지역 소비자물가 · 근원소비자물가 꺾은선형에 대해 알려주세요,이 꺾은선형은 유로지역의 소비자 물가와 근원 소비자 물가 추이를 비교하여 나타냅니다. 범례에는 각 선의 의미와 변화하는 비율이 포함되어 있습니다. 본문 내용과 함께 이 꺾은선형을 통해 경제적 요인들이 가격 안정성에 미치는 영향을 분석할 수 있습니다.,370.54429028815326,2441.852744487059,754.3223052294557,728.9476824072842,2480,3508
train,report,/workspace/data/train/json/MI3_240819_TY1_0020_5.json,/workspace/data/train/jpg/MI2_240819_TY1_0020_5.jpg,MI3_240819_TY1_0020_5,MI3_240819_TY1_0020_5_V02-4_3,V02-4,차트(꺾은선형),<그림 15> 유로지역 수출입 막대형에 대해 알려주세요,이 막대형은 유로지역의 수출입 현황을 정량적으로 보여줍니다. 범례에는 각각의 막대그래프를 해석하는 데 필요한 정보들이 담겨 있습니다. 본문의 내용을 통해 최근 외부 거래 환경 변화 속에서 수출입 균형을 어떻게 유지하고 있는지 살펴볼 수 있습니다.,1265.1440768409745,2219.3345524246233,801.9637139807875,722.6751277681489,2480,3508
train,report,/workspace/data/train/json/MI3_240819_TY1_0020_6.json,/workspace/data/train/jpg/MI2_240819_TY1_0020_6.jpg,MI3_240819_TY1_0020_6,MI3_240819_TY1_0020_6_V02-4_1,V02-4,차트(꺾은선형),최근의 세계경제 동향과 향후 전망 꺾은선형에 대해 알려주세요,"꺾은선형은 시간에 따른 변화 추세를 나타내기 위해 사용되는 차트 유형입니다. 이 차트는 미국 가계와 유로가계 및 기업 대출 증가율을 비교하며 그 변화 양상을 설명합니다. 현재 미국 가계와 기업 대출이 증가하는 추세를 보이며, 유로지역에서는 더딘 회복세를 보이는 것으로 나타났습니다.",354.66382070437567,1111.6328708644612,862.8388473852722,870.7790821771611,2480,3508
train,report,/workspace/data/train/json/MI3_240819_TY1_0020_6.json,/workspace/data/train/jpg/MI2_240819_TY1_0020_6.jpg,MI3_240819_TY1_0020_6,MI3_240819_TY1_0020_6_V02-4_2,V02-4,차트(꺾은선형),최근의 세계경제 동향과 향후 전망 꺾은선형에 대해 알려주세요,"꺾은선형은 시간에 따른 변화를 시각적으로 표현하는 그래프입니다. 이 그래프는 미국, 일본 및 유로지역의 주가지수를 보여주며, 특정 기간 동안의 주가 변동을 나타냅니다. 최근 데이터에 따르면, 유로지역 주가는 경기침체 영향으로 하락세를 보이고 있으며, 이는 전반적인 경제 불확실성을 반영하고 있습니다.",1298.9685171384745,821.0068037776808,797.8367117209153,759.6157950907135,2480,3508
train,report,/workspace/data/train/json/MI3_240819_TY1_0020_6.json,/workspace/data/train/jpg/MI2_240819_TY1_0020_6.jpg,MI3_240819_TY1_0020_6,MI3_240819_TY1_0020_6_V02-4_3,V02-4,차트(꺾은선형),최근의 세계경제 동향과 향후 전망 꺾은선형에 대해 알려주세요,"꺾은선형은 특정 변수의 변화를 시간 축에 따라 시각적으로 표현한 것입니다. 이 그래프에서는 유로존과 미국의 주가변동성지수를 비교하여 두 시장 간의 위험 정도를 나타냅니다. 현재 주가변동성이 두 지역에서 다소 차이를 보이며, 이는 투자자들의 심리적 요인과 관련이 있습니다.",1302.198505869796,1765.3788687299898,794.0234791889006,715.0696380342857,2480,3508
train,report,/workspace/data/train/json/MI3_240819_TY1_0020_6.json,/workspace/data/train/jpg/MI2_240819_TY1_0020_6.jpg,MI3_240819_TY1_0020_6,MI3_240819_TY1_0020_6_V02-4_4,V02-4,차트(꺾은선형),최근의 세계경제 동향과 향후 전망 꺾은선형에 대해 알려주세요,꺾은선형 차트는 데이터 포인트들을 선으로 연결하여 변화 추세를 보여주는 방식입니다. 이 그래프에서는 미국 소비자 및 기업 대출 태도와 유로기업 및 소비자의 대출 기준 응답 비중을 비교하여 분석합니다. 최근 결과는 대출 기준 강화 응답 비중이 높아지고 있어 금융 환경이 더욱 엄격해질 가능성을 시사합니다.,365.25080042689433,2127.982924226254,794.0234791889009,788.7299893276418,2480,3508
train,report,/workspace/data/train/json/MI3_240819_TY1_0020_7.json,/workspace/data/train/jpg/MI2_240819_TY1_0020_7.jpg,MI3_240819_TY1_0020_7,MI3_240819_TY1_0020_7_V02-8_1,V02-8,차트(혼합형),최근의 세계경제 동향과 향후 전망 혼합형에 대해 알려주세요,"혼합형은 다양한 데이터 시각화를 통해 복합적인 정보를 전달하는 도구입니다. 이 차트는 특정 시간대의 데이터 변화를 보여주며, 두 가지 이상의 변수를 동시에 비교할 수 있도록 돕습니다. 본문 내용과 함께 분석했을 때, 글로벌 원유 재고 변화에 따라 국제유가가 어떻게 영향을 받을지를 나타내는 중요한 추세를 보여줍니다.",1279.3669503011479,640.5370865483524,783.4364994663817,736.7594727618075,2480,3508
train,report,/workspace/data/train/json/MI3_240819_TY1_0020_7.json,/workspace/data/train/jpg/MI2_240819_TY1_0020_7.jpg,MI3_240819_TY1_0020_7,MI3_240819_TY1_0020_7_V02-1_1,V02-1,차트(세로 막대형),<그림 49> 세계 분기별 원유수요 차트(세로 막대형)에 대해 알려주세요,"세로 막대형은 각 카테고리 간 비교를 쉽게 해주는 시각화 방법입니다. 이 차트는 각 분기의 원유 수요량을 나타내며, 이를 통해 계절적 패턴을 분석할 수 있습니다. 본문과 결합하여 살펴볼 때, 원유 수요 증가 추세와 그 배경이 되는 요인들을 이해하는 데 유용합니다.",1283.6712913553897,1505.9978655282819,770.2027748132336,735.795090715048,2480,3508
train,report,/workspace/data/train/json/MI3_240819_TY1_0020_7.json,/workspace/data/train/jpg/MI2_240819_TY1_0020_7.jpg,MI3_240819_TY1_0020_7,MI3_240819_TY1_0020_7_V02-4_1,V02-4,차트(꺾은선형),나. 국제유가 꺾은선형에 대해 알려주세요,"꺾은선형은 시간에 따른 데이터의 변화를 시각적으로 표현하는 방식입니다. 이 차트의 범례는 S&P500 지수와 브렌트유가 간의 관계를 설명합니다. 본문 내용을 바탕으로 볼 때, 유가와 주식 시장 간의 상관관계를 통해 경제 전반에 미치는 영향력을 이해할 수 있습니다.",1230.7363927427941,2368.836712913551,894.5997865528279,725.5892492385982,2480,3508
train,report,/workspace/data/train/json/MI3_240819_TY1_0022_1.json,/workspace/data/train/jpg/MI2_240819_TY1_0022_1.jpg,MI3_240819_TY1_0022_1,MI3_240819_TY1_0022_1_V01_1,V01,표,2015-15 한국은행 포항본부와 관련된 대분류 중분류 소분류의 다양한 평가 항목에 대해 알려주세요,"대분류 중분류 소분류는 기업의 재무적 및 비재무적 요소를 평가하는 데 사용되는 기준입니다. 이 타입은 산업위험, 경쟁력 및 경영진 전문성 등을 포함한 여러 지표로 구성됩니다. 본문에서 제시된 다양한 평가 항목들은 기업의 전반적인 성과와 위험 요소를 종합적으로 나타내며, 특정 산업 내에서의 위치를 이해하는 데 도움을 줍니다.",430.08252905945346,621.9850586979724,1617.161152614728,1754.7918890074711,2480,3508
train,report,/workspace/data/train/json/MI3_240819_TY1_0022_2.json,/workspace/data/train/jpg/MI2_240819_TY1_0022_2.jpg,MI3_240819_TY1_0022_2,MI3_240819_TY1_0022_2_V01_1,V01,표,경북동해안 지역금융의 기능 강화 방안에 대해 알려주세요,이 문서에서는 경북동해안 지역금융의 기능 강화를 위한 평가 항목과 기준을 다룬다. 각 항목은 다양한 지표를 통해 경영진의 역량 및 기업의 재무 상태를 평가한다. 이를 통해 해당 기업의 성과와 신뢰도를 종합적으로 판단할 수 있는 정보를 제공하고 있다.,328.86481871467043,592.8708644610458,1815.667022411953,2437.6520811099253,2480,3508
train,report,/workspace/data/train/json/MI3_240819_TY1_0022_3.json,/workspace/data/train/jpg/MI2_240819_TY1_0022_3.jpg,MI3_240819_TY1_0022_3,MI3_240819_TY1_0022_3_V01_1,V01,표,2015-15 한국은행 포항본부에 대한 평가 항목 및 기준에 대해 알려주세요,"이 평가는 여러 가지 평가 기준을 바탕으로 점수를 매기는 형식입니다. 각 항목에 따라 점수가 부여되며, A, B, C, D, E 등급으로 나뉩니다. 평가를 통해 기업의 기술개발 실적 및 종업원의 근속 연수와 같은 다양한 요소들을 확인할 수 있습니다.",336.13660618996795,436.7129135538955,1858.0149413020279,2133.2764140875133,2480,3508
train,report,/workspace/data/train/json/MI3_240819_TY1_0022_4.json,/workspace/data/train/jpg/MI2_240819_TY1_0022_4.jpg,MI3_240819_TY1_0022_4,MI3_240819_TY1_0022_4_V01_1,V01,표,주거래은행 점유율 현황 차트에 대해 알려주세요,"주거래은행 점유율 현황은 다양한 금융기관의 시장 점유율을 시각적으로 나타내는 자료입니다. 각 금융기관의 빈도와 점유율을 통해 금융시장 내 경쟁 상황을 파악할 수 있습니다. 본문과 함께 살펴보면, 특정 은행들의 높은 빈도와 점유율이 지속되는 경향이 있으며, 몇몇 은행은 시장에서 상대적으로 낮은 비중을 차지하고 있음을 알 수 있습니다.",325.5496264674493,571.6969050160086,1805.0800426894345,1950.6510138740662,2480,3508
train,report,/workspace/data/train/json/MI3_240819_TY1_0022_5.json,/workspace/data/train/jpg/MI2_240819_TY1_0022_5.jpg,MI3_240819_TY1_0022_5,MI3_240819_TY1_0022_5_V01_1,V01,표,2015-15 한국은행 포항본부의 상시종업원수 규모별 주거래은행 점유율 현황 차트에 대해 알려주세요,"상시종업원수 규모별 주거래은행 점유율 현황 차트는 다양한 은행의 점유율을 시각적으로 나타냅니다. 이 차트의 범례는 각 은행의 빈도 점유율을 보여주며, 특정 구간에 따라 분류된 데이터를 기반으로 합니다. 본문과 이 차트를 통해 대구와 농협이 상대적으로 높은 점유율을 보이고 있으며, 여러 은행 간의 경쟁 상황을 확인할 수 있습니다.",336.13660618996795,563.7566702241195,1823.6072572038422,2024.759871931697,2480,3508
train,report,/workspace/data/train/json/MI3_240819_TY1_0022_5.json,/workspace/data/train/jpg/MI2_240819_TY1_0022_5.jpg,MI3_240819_TY1_0022_5,MI3_240819_TY1_0022_5_L03_1,L03,페이지번호,2015-15 한국은행 포항본부의 페이지번호에 대해 알려주세요,"페이지번호는 문서 내 특정 위치를 표시하는 요소입니다. 이 번호는 문서가 여러 페이지로 구성되어 있을 때 독자가 원하는 정보를 쉽게 찾도록 도와줍니다. 본문에는 전체적인 데이터가 포함되어 있어, 독자는 해당 페이지에서 관련 내용을 신속히 확인할 수 있습니다.",362.24179504734894,3282.751160869107,84.38441304697682,59.49185751736976,2480,3508
train,report,/workspace/data/train/json/MI3_240819_TY1_0022_6.json,/workspace/data/train/jpg/MI2_240819_TY1_0022_6.jpg,MI3_240819_TY1_0022_6,MI3_240819_TY1_0022_6_V01_1,V01,표,경북동해안 지역금융의 기능 강화 방안에 대해 알려주세요,"이 표는 경북 동해안 지역의 규모별 주거래은행 점유율을 나타내는 표입니다. 각 규모에 따라 다양한 은행의 점유율이 나열되어 있으며, 이를 통해 금융기관의 경쟁 상황을 이해할 수 있습니다. 데이터를 기반으로 보면, 대구 지역에서 특정 은행들이 높은 점유율을 차지하고 있는 경향이 보이며, 이는 해당 지역 금융시장의 특성을 반영합니다.",325.5496264674493,569.0501600853788,1752.1451440768412,1823.6072572038424,2480,3508
train,report,/workspace/data/train/json/MI3_240819_TY1_0022_7.json,/workspace/data/train/jpg/MI2_240819_TY1_0022_7.jpg,MI3_240819_TY1_0022_7,MI3_240819_TY1_0022_7_V01_1,V01,표,2015-15 한국은행 포항본부 관련된 제조업 건설관련업 각종 도소매업 운송업 음식업 빈도 비율 차트에 대해 알려주세요,"제조업 건설관련업 각종 도소매업 운송업 음식업 빈도 비율 차트는 다양한 업종의 주거래 은행 점유율을 시각적으로 나타낸 것입니다. 이 차트는 각 업종별로 주거래 은행의 빈도 비율을 명확히 구분할 수 있는 범례를 제공합니다. 분석 결과, 대구은행과 국민은행이 주요 업종에서 높은 빈도를 보이며, 이는 특정 지역 내에서의 금융 거래 경향성을 반영하고 있습니다.",343.9422329067513,606.1045662103543,1802.5680347952173,2350.2316422158437,2480,3508
train,report,/workspace/data/train/json/MI3_240819_TY1_0022_8.json,/workspace/data/train/jpg/MI2_240819_TY1_0022_8.jpg,MI3_240819_TY1_0022_8,MI3_240819_TY1_0022_8_V01_1,V01,표,경북동해안 지역금융의 기능 강화 방안에 대해 알려주세요,"주거래은행 빈도 점유율을 나타내는 차트입니다. 이 차트는 각 은행의 시장 점유율을 보여줍니다. 분석 결과, 시중은행과 대구은행이 주거래은행으로 가장 높은 빈도를 보이며, 그 외 농협은행과 새마을금고 등도 일정한 비율로 사용되고 있음을 알 수 있습니다.",394.3649946638207,656.3926626327084,1659.5090715048027,1307.4919957310562,2480,3508
train,report,/workspace/data/train/json/MI3_240819_TY1_0022_9.json,/workspace/data/train/jpg/MI2_240819_TY1_0022_9.jpg,MI3_240819_TY1_0022_9,MI3_240819_TY1_0022_9_V01_1,V01,표,2015-15 한국은행 포항본부 업력별 주거래은행 점유율 현황 차트(세로 막대형)에 대해 알려주세요,"업력별 주거래은행 점유율 현황 차트(세로 막대형)는 각 업력 구간에 따른 주거래은행의 점유율을 시각적으로 나타냅니다. 이 차트의 범례는 각 은행의 이름과 해당 비율을 보여주며, 사용자가 쉽게 비교할 수 있도록 도와줍니다. 본문에서는 다양한 은행들의 주거래 비율이 나열되어 있어, 특정 기간 내 은행별로 어떤 변화가 있었는지를 알 수 있습니다.",327.12638036809824,628.6236513879192,1794.890797546013,2151.5572666951457,2480,3508
train,report,/workspace/data/train/json/MI3_240819_TY1_0023_4.json,/workspace/data/train/jpg/MI2_240819_TY1_0023_4.jpg,MI3_240819_TY1_0023_4,MI3_240819_TY1_0023_4_V02-1_1,V02-1,차트(세로 막대형),분산원장 활용 자기자본비용 절감에 대해 알려주세요,"이 차트는 분산원장 기술을 활용했을 때의 비용 절감 효과를 시각적으로 나타냅니다. 이 차트의 범례는 참여자의 예치금 감소와 관련된 수치들을 포함하고 있습니다. 본문 내용을 바탕으로, 이 차트는 예치금 감소가 75%에 달할 것으로 보이며, 이는 금융시장에서 경제적 효익을 가져올 수 있음을 시사합니다.",624.1226993865027,482.0809815950909,1233.7123078761174,959.8576687116541,2480,3508
train,report,/workspace/data/train/json/MI3_240819_TY1_0023_6.json,/workspace/data/train/jpg/MI2_240819_TY1_0023_6.jpg,MI3_240819_TY1_0023_6,MI3_240819_TY1_0023_6_V01_1,V01,표,제목에 대한 본문에서 클라우드 기반의 비공개 분산원장 환경으로 이전함에 따른 비용 절감 요소에 대해 알려주세요,"비용 절감 요소는 다양한 요인들로 구성되어 있으며, 클라우드 기반의 비공개 분산원장 환경이 도입됨으로써 여러 비용이 감소할 수 있음을 보여줍니다. 이 타입은 응용기술 개발비용, IT 인프라 장비 조달 비용, 운영 관리 측면에서의 비용 절감을 포함합니다. 본문과 연계된 정보에 따르면, 이러한 비용 절감은 기업의 경영 효율성을 향상시키고 재무적인 부담을 줄이는 데 기여할 수 있는 긍정적인 추세를 보이고 있습니다.",361.0062147072907,817.815950920246,1802.1345101351783,1175.0723926380354,2480,3508
train,report,/workspace/data/train/json/MI3_240819_TY1_0023_6.json,/workspace/data/train/jpg/MI2_240819_TY1_0023_6.jpg,MI3_240819_TY1_0023_6,MI3_240819_TY1_0023_6_V03_1,V03,다이어그램,제목에 대한 전 세계 분산원장 기술 참여 현황 차트(혼합형)에 대해 알려주세요,"전 세계 분산원장 기술 참여 현황은 다양한 국가와 기관들의 참여를 나타내며, 이 차트는 이러한 데이터들을 시각적으로 표현한 것입니다. 이 타입은 각국 중앙은행과 민간기업의 DLT 활동 및 투자의 규모를 보여줍니다. 본문을 통해 확인할 수 있는 바와 같이, 많은 기업들이 블록체인 기술에 대한 관심을 가지고 있으며 지속적인 실험과 투자를 이어가고 있다는 점에서 긍정적인 시장 전망을 시사하고 있습니다.",279.77900137715676,2147.842944785276,1876.6723926380369,1002.9006134969324,2480,3508
train,report,/workspace/data/train/json/MI3_240819_TY1_0024_1.json,/workspace/data/train/jpg/MI2_240819_TY1_0024_1.jpg,MI3_240819_TY1_0024_1,MI3_240819_TY1_0024_1_V01_1,V01,표,최근의 경제동향에 대한 표에 대해 알려주세요,"소매판매 액과 관련된 표는 다양한 내구재 및 비내구재의 판매 실적을 전기 대비로 보여줍니다. 이 표에는 내구재와 비내구재 각각의 세부 항목이 포함되어 있으며, 각 항목의 변동률을 나타냅니다. 본문 내용에 따라 소매판매가 전월 대비 0.8% 증가하며, 이는 긍정적인 소비 경향을 반영하고 있습니다.",284.0834355828221,1717.4134969325153,977.0748466257667,641.3398773006135,2480,3508
train,report,/workspace/data/train/json/MI3_240819_TY1_0024_1.json,/workspace/data/train/jpg/MI2_240819_TY1_0024_1.jpg,MI3_240819_TY1_0024_1,MI3_240819_TY1_0024_1_V01_2,V01,표,최근의 경제동향에 대한 설비투자 관련 지표 표에 대해 알려주세요,"설비투자지수를 포함한 이 표는 기계류와 운송장비 등 다양한 부문의 투자 동향을 보여줍니다. 각 부문별 투자 변동률이 명시되어 있어, 산업 분야별 추세를 파악할 수 있습니다. 본문에서는 기계류 투자가 감소하는 가운데 운송장비 투자는 증가하는 양상을 보이며, 향후 투자 회복 가능성을 시사하고 있습니다.",1308.5055214723927,2165.0601226993863,972.7705521472394,770.468711656442,2480,3508
train,report,/workspace/data/train/json/MI3_240819_TY1_0024_1.json,/workspace/data/train/jpg/MI2_240819_TY1_0024_1.jpg,MI3_240819_TY1_0024_1,MI3_240819_TY1_0024_1_V02-4_1,V02-4,차트(꺾은선형),최근의 경제동향에 대한 꺾은선형 차트에 대해 알려주세요,"소비자 심리지수와 관련된 꺾은선형 차트는 소비자들의 경제적 심리를 나타내는 지표입니다. 이 차트는 향후 경기 전망과 소비 지출 전망을 시각적으로 표현하고 있습니다. 본문 내용에 따르면, 소비자 심리지수는 과거 데이터를 반영하여 향후 민간 소비가 완만한 증가세를 보일 것으로 예상됩니다.",1291.288390133995,766.1644171779141,1011.5092024539881,791.9901840490797,2480,3508
train,report,/workspace/data/train/json/MI3_240819_TY1_0024_2.json,/workspace/data/train/jpg/MI2_240819_TY1_0024_2.jpg,MI3_240819_TY1_0024_2,MI3_240819_TY1_0024_2_V02-8_1,V02-8,차트(혼합형),최근의 경제동향에 대한 건설기성액 혼합형 차트에 대해 알려주세요,"<그림 2> 기계류투자지수 및 기계류와 정밀기기 수입액 혼합형 차트는 다양한 데이터 시각화 방법을 통해 정보를 전달합니다. 이 차트는 여러 요소가 함께 나타나며, 각 데이터의 증감률과 해당 건설기성액의 변화를 동시에 보여줍니다. 이를 통해 최근 건설기성액이 증가세를 보이고 있음을 알 수 있습니다.",1226.7239263803683,2298.493251533742,994.2920245398772,757.5558282208589,2480,3508
train,report,/workspace/data/train/json/MI3_240819_TY1_0024_2.json,/workspace/data/train/jpg/MI2_240819_TY1_0024_2.jpg,MI3_240819_TY1_0024_2,MI3_240819_TY1_0024_2_V02-8_2,V02-8,차트(혼합형),최근의 경제동향에 대한 기계류 투자지수 혼합형 차트에 대해 알려주세요,"<표 3> 건설투자 관련 지표 혼합형 차트는 건설투자와 관련된 다양한 지표들을 종합적으로 보여줍니다. 이 차트는 주로 기계류와 정밀기기의 수입액과 투자 지수를 비교하여 나타냅니다. 이를 통해 현재 기계류 투자가 증가하고 있으며, 향후에도 긍정적인 흐름을 이어갈 가능성이 있음을 알 수 있습니다.",219.51901840490802,852.2503067484663,977.0748466257669,731.7300613496932,2480,3508
train,report,/workspace/data/train/json/MI3_240819_TY1_0024_3.json,/workspace/data/train/jpg/MI2_240819_TY1_0024_3.jpg,MI3_240819_TY1_0024_3,MI3_240819_TY1_0024_3_V01_1,V01,표,산업 활동 제조업 생산 및 평균가동률 차트에 대해 알려주세요,"제조업 생산 및 평균가동률 차트는 다양한 산업 분야의 생산 변화 추이를 시각적으로 나타냅니다. 이 차트에서는 각 산업의 전기 대비 성장률과 평균 가동률을 비교할 수 있습니다. 본문에서 언급된 내용에 따르면, 제조업의 생산은 전년 동기 대비 감소세를 보이고 있으며, 특히 반도체와 영상음향통신 분야에서 큰 하락폭이 나타났습니다.",1274.0709793413212,469.1680981595092,981.3791411042945,1123.4208588957058,2480,3508
train,report,/workspace/data/train/json/MI3_240819_TY1_0024_3.json,/workspace/data/train/jpg/MI2_240819_TY1_0024_3.jpg,MI3_240819_TY1_0024_3,MI3_240819_TY1_0024_3_V01_2,V01,표,전산업 생산 2018 연간 차트에 대해 알려주세요,"2018 연간 전산업 생산 차트는 각 월별 산업 생산 변화를 보여주는 그래프입니다. 이 차트에서는 전산업, 광공업, 서비스업 등 여러 업종의 성장을 비교할 수 있습니다. 분석 결과, 전반적으로 광공업과 서비스업은 부진한 성과를 보였으며, 특히 건설업에서 큰 감소세가 관찰되었습니다.",275.4748466257669,1007.2049079754601,989.9877300613498,714.5128834355828,2480,3508
train,report,/workspace/data/train/json/MI3_240819_TY1_0024_4.json,/workspace/data/train/jpg/MI2_240819_TY1_0024_4.jpg,MI3_240819_TY1_0024_4,MI3_240819_TY1_0024_4_V01_1,V01,표,서비스업 생산 표에 대해 알려주세요,"서비스업 생산 표는 서비스업의 생산 변동을 나타내는 데이터입니다. 이 표에서는 각 업종별로 전기대비 및 전년동기대비의 변화율을 보여줍니다. 최근 데이터에 따르면, 금융·보험 부문은 증가세를 보였으나 정보통신 및 운수·창고업은 감소한 모습을 보이고 있습니다.",172.17177914110434,822.120245398773,1002.9006134969328,1652.8490797546012,2480,3508
train,report,/workspace/data/train/json/MI3_240819_TY1_0024_4.json,/workspace/data/train/jpg/MI2_240819_TY1_0024_4.jpg,MI3_240819_TY1_0024_4,MI3_240819_TY1_0024_4_V02-8_1,V02-8,차트(혼합형),취업자수 차트(혼합형)에 대해 알려주세요,"취업자수 차트(혼합형)는 취업자 수와 그 변화를 시각적으로 나타내는 그래프입니다. 이 차트는 전년 동월 대비 취업자 수의 증감 추이를 보여줍니다. 최근 자료에 따르면, 전체적인 취업자 수는 증가하고 있으나, 특정 시점에서 감소하는 경향도 확인됩니다.",1231.0282208588956,1205.20245398773,968.4662576687119,744.6429447852762,2480,3508
train,report,/workspace/data/train/json/MI3_240819_TY1_0024_5.json,/workspace/data/train/jpg/MI2_240819_TY1_0024_5.jpg,MI3_240819_TY1_0024_5,MI3_240819_TY1_0024_5_V01_1,V01,표,산업별 취업자수 증감 표에 대해 알려주세요,"이 표는 전년 동기 대비 산업별 취업자 수의 변화를 보여줍니다. 각 산업군에 대한 취업자 수의 증감 현황을 숫자로 제시하며, 농림어업, 제조업, 건설업, 서비스업 등 다양한 부문이 포함되어 있습니다. 2018년 데이터에 따르면 일부 산업은 감소폭이 확대되었고, 특정 산업에서는 증가폭이 축소되는 경향을 보였습니다.",1274.0711656441686,468.9553222483262,989.9877300613482,882.5931440093423,2480,3508
train,report,/workspace/data/train/json/MI3_240819_TY1_0024_5.json,/workspace/data/train/jpg/MI2_240819_TY1_0024_5.jpg,MI3_240819_TY1_0024_5,MI3_240819_TY1_0024_5_V01_2,V01,표,고용 관련 지표 표에 대해 알려주세요,"이 표는 계절조정된 고용 관련 지표를 나타내며, 취업자 수와 실업률 등의 변동을 기록하고 있습니다. 각각의 항목은 전년 동기 대비 및 전기 대비 증감을 통해 고용 시장의 상황을 분석합니다. 최근 자료에서 보면 취업자 수가 전체적으로 변화가 있었으며, 실업률은 안정세를 보이고 있습니다.",249.64907975460065,473.47239263803766,998.5963190184038,1087.2811852417049,2480,3508
train,report,/workspace/data/train/json/MI3_240819_TY1_0024_6.json,/workspace/data/train/jpg/MI2_240819_TY1_0024_6.jpg,MI3_240819_TY1_0024_6,MI3_240819_TY1_0024_6_V01_1,V01,표,월평균 명목임금 표에 대해 알려주세요,"월평균 명목임금 표는 다양한 기간에 따른 임금 변화를 보여줍니다. 이 표의 범례는 연도별 및 분기별 임금 데이터와 전년 동기 대비 증감률을 포함하고 있습니다. 본문에 따르면, 상용직과 임시일용직의 임금 변동이 있었으며, 특히 상용직 임금은 일정한 오름세를 유지했지만, 임시일용직은 축소된 것으로 나타났습니다.",210.9104294478528,1002.9006134969325,964.1619631901843,1312.8098159509202,2480,3508
train,report,/workspace/data/train/json/MI3_240819_TY1_0024_6.json,/workspace/data/train/jpg/MI2_240819_TY1_0024_6.jpg,MI3_240819_TY1_0024_6,MI3_240819_TY1_0024_6_V02-4_1,V02-4,차트(꺾은선형),경기종합지수 차트(꺾은선형)에 대해 알려주세요,"경기종합지수 차트(꺾은선형)는 시간에 따른 경기 동향을 시각적으로 표현합니다. 이 차트의 범례는 선행지수와 동행지수를 구분하여 표시하고 있습니다. 본문과 해당 차트를 통해 최근 경제 지표의 변화가 있으며, 선행지수와 동행지수가 모두 감소세를 보이고 있음을 알 수 있습니다.",1205.2024539877302,1291.2883435582821,1054.5521472392638,830.7288343558281,2480,3508
train,report,/workspace/data/train/json/MI3_240819_TY1_0024_7.json,/workspace/data/train/jpg/MI2_240819_TY1_0024_7.jpg,MI3_240819_TY1_0024_7,MI3_240819_TY1_0024_7_V02-4_1,V02-4,차트(꺾은선형),<그림 7> 소비자물가 상승률 추이 차트(꺾은선형)에 대해 알려주세요,"<그림 7> 차트(꺾은선형)는 소비자물가 상승률의 변화를 시각적으로 나타냅니다. 이 차트는 기간별 소비자물가 상승률의 변화를 보여주며, 특정 구간에서의 추세를 이해하는 데 도움이 됩니다. 본문에 따르면, 소비자물가 상승률은 전년 동월 대비 하락세를 보이고 있으며, 이는 다양한 경제적 요인에 의해 영향을 받고 있습니다.",284.0834355828221,1127.7251533742328,985.6834355828223,865.1631901840494,2480,3508
train,report,/workspace/data/train/json/MI3_240819_TY1_0024_8.json,/workspace/data/train/jpg/MI2_240819_TY1_0024_8.jpg,MI3_240819_TY1_0024_8,MI3_240819_TY1_0024_8_V02-8_1,V02-8,차트(혼합형),아파트 매매가격 및 거래량 차트(혼합형)에 대해 알려주세요,"아파트 매매가격 및 거래량 차트(혼합형)는 주택 시장의 가격 변화와 거래량을 시각적으로 표현한 것입니다. 이 차트의 범례는 수도권, 비수도권, 전국으로 나뉘어 있어 각 지역의 매매 가격과 거래량 변화를 비교할 수 있습니다. 최근 데이터에 따르면, 수도권은 하락세를 보이고 있으며, 전체적으로 거래량이 감소하는 추세를 나타내고 있습니다.",228.12760736196321,835.0331288343558,972.7705521472392,809.2073619631902,2480,3508
train,report,/workspace/data/train/json/MI3_240819_TY1_0024_8.json,/workspace/data/train/jpg/MI2_240819_TY1_0024_8.jpg,MI3_240819_TY1_0024_8,MI3_240819_TY1_0024_8_V02-8_2,V02-8,차트(혼합형),아파트 전세가격 및 전월세거래량 차트(혼합형)에 대해 알려주세요,"아파트 전세가격 및 전월세거래량 차트(혼합형)는 전세 시장의 가격 변화와 거래량을 시각적으로 나타낸 것입니다. 이 차트의 범례는 수도권, 비수도권, 전국으로 구분되어 각각의 지역에서 전세가격과 거래량의 변화를 쉽게 비교할 수 있습니다. 최근 자료에 따르면, 수도권은 소폭 하락하고 있지만 비수도권은 상승하는 경향을 보이고 있습니다.",1226.7239263803683,1041.639263803681,964.1619631901841,774.7730061349695,2480,3508
train,report,/workspace/data/train/json/MI3_240819_TY1_0024_8.json,/workspace/data/train/jpg/MI2_240819_TY1_0024_8.jpg,MI3_240819_TY1_0024_8,MI3_240819_TY1_0024_8_V02-4_1,V02-4,차트(꺾은선형),전세수요 우위지수 차트(꺾은선형)에 대해 알려주세요,"전세수요 우위지수 차트(꺾은선형)는 전세 시장에서 수요와 공급의 관계를 시각화한 것입니다. 이 그래프는 특정 기간 동안 전국, 지방광역시, 수도권 세 가지 영역에서 수요 우위를 비교합니다. 현재 지수를 보면 서울과 수도권에서는 공급이 부족하여 수요가 많아지고 있는 상황입니다.",1218.115337423313,2010.1055214723926,981.3791411042947,761.8601226993865,2480,3508
train,report,/workspace/data/train/json/MI3_240819_TY1_0024_8.json,/workspace/data/train/jpg/MI2_240819_TY1_0024_8.jpg,MI3_240819_TY1_0024_8,MI3_240819_TY1_0024_8_V02-4_2,V02-4,차트(꺾은선형),주택매수 심리지수 차트(꺾은선형)에 대해 알려주세요,"주택매수 심리지수 차트(꺾은선형)는 소비자의 주택 구매 심리를 시간에 따라 나타낸 것입니다. 이 꺾은선 그래프는 기준치 100을 기준으로 하여 주택 구매 심리의 변화 정도를 보여줍니다. 최근 추세로 볼 때, 주택 구매 심리는 점진적으로 하락하고 있는 것으로 분석됩니다.",163.5630504569112,1842.238036809817,1002.9112793351148,723.121472392637,2480,3508
train,report,/workspace/data/train/json/MI3_240819_TY1_0024_9.json,/workspace/data/train/jpg/MI2_240819_TY1_0024_9.jpg,MI3_240819_TY1_0024_9,MI3_240819_TY1_0024_9_V01_1,V01,표,부동산가격 상승률에 대해 알려주세요.,"부동산가격 상승률은 매매가격과 전세가격의 변동을 보여주는 차트입니다. 이 차트는 수도권과 비수도권, 아파트 가격 등을 포함하여 다양한 데이터를 시각적으로 나타냅니다. 최근 몇 년간의 데이터를 바탕으로 보면, 수도권 아파트 매매가격이 일시적으로 하락하는 경향을 보였으며, 비수도권에서는 가격 안정세가 나타났습니다.",296.99631901840496,469.1680981595092,964.161963190184,1024.4220858895706,2480,3508
train,report,/workspace/data/train/json/MI3_240819_TY1_0024_9.json,/workspace/data/train/jpg/MI2_240819_TY1_0024_9.jpg,MI3_240819_TY1_0024_9,MI3_240819_TY1_0024_9_V01_2,V01,표,총수출액에 대해 알려주세요.,"총수출액은 특정 기간 동안의 전체 수출 실적을 나타내는 차트입니다. 이 차트에는 연간 및 분기별 실적이 기록되어 있으며, 각 품목별로 세분화된 데이터가 포함됩니다. 2018년 대비 2019년 총수출액은 감소세를 보였으나 일부 품목에서 증가세가 나타나는 혼재된 상황이었습니다.",1295.5926380368098,1441.9386503067483,989.98773006135,1416.112883435583,2480,3508
train,report,/workspace/data/train/json/MI3_240819_TY1_0024_9.json,/workspace/data/train/jpg/MI2_240819_TY1_0024_9.jpg,MI3_240819_TY1_0024_9,MI3_240819_TY1_0024_9_V02-4_1,V02-4,차트(꺾은선형),품목별 수출에 대해 알려주세요.,"품목별 수출은 특정 품목의 수출 실적을 그래프로 표현한 것입니다. 이 그래프는 총수출 및 일평균 수출량을 나타내며, 주요 품목에 대한 데이터가 포함되어 있습니다. 최근 데이터에 따르면, 반도체와 IT제품의 수출이 부진한 반면 자동차와 기계류는 증가세를 보이고 있습니다.",1286.9840490797546,490.6895705521472,985.6834355828222,796.2944785276071,2480,3508
train,report,/workspace/data/train/json/MI3_240819_TY1_0026_1.json,/workspace/data/train/jpg/MI2_240819_TY1_0026_1.jpg,MI3_240819_TY1_0026_1,MI3_240819_TY1_0026_1_V01_1,V01,표,최근의 경제동향 소매판매액 표에 대해 알려주세요,"소매판매액 표는 특정 기간 동안의 소매 판매 동향을 수치로 정리한 것입니다. 이 표는 각 항목별 전기 대비 및 전년 동기 대비 변화를 보여줍니다. 최근 통계에 따르면 내구재와 비내구재에서 모두 감소세가 관찰되었으며, 이는 경기 둔화의 신호일 수 있습니다.",285.87386377307405,1657.1533742331253,983.8930073925662,667.7188615408539,2480,3508
train,report,/workspace/data/train/json/MI3_240819_TY1_0026_1.json,/workspace/data/train/jpg/MI2_240819_TY1_0026_1.jpg,MI3_240819_TY1_0026_1,MI3_240819_TY1_0026_1_V02-4_1,V02-4,차트(꺾은선형),최근의 경제동향 소비자심리지수 꺾은선형에 대해 알려주세요,소비자심리지수 꺾은선형은 소비자들이 경제 상황에 대해 어떻게 느끼는지를 시각적으로 나타내는 그래프입니다. 이 차트는 소비자의 향후 경기 전망과 소비 지출 전망을 함께 보여줍니다. 최근 데이터에 따르면 소비자 심리는 다소 회복세를 보이고 있지만 여전히 불확실성이 존재하여 증가세가 둔화되고 있는 것으로 분석됩니다.,1286.9840490797546,1028.726380368098,1020.1177914110433,766.1644171779143,2480,3508
train,report,/workspace/data/train/json/MI3_240819_TY1_0026_2.json,/workspace/data/train/jpg/MI2_240819_TY1_0026_2.jpg,MI3_240819_TY1_0026_2,MI3_240819_TY1_0026_2_V01_1,V01,표,설비투자 관련 지표 차트(혼합형)에 대해 알려주세요,"설비투자 관련 지표 차트(혼합형)는 설비 투자와 관련된 다양한 지표를 시각적으로 나타낸 것입니다. 이 차트의 범례는 기계류, 운송장비 등 여러 항목에 대한 데이터를 포함하고 있습니다. 본문과 이 차트를 기반으로 볼 때, 최근 설비 투자는 감소 추세를 보이고 있으며 특히 기계류에서 큰 폭의 감소가 관찰됩니다.",185.08466257668712,890.9889570552145,998.596319018405,860.8588957055215,2480,3508
train,report,/workspace/data/train/json/MI3_240819_TY1_0026_2.json,/workspace/data/train/jpg/MI2_240819_TY1_0026_2.jpg,MI3_240819_TY1_0026_2,MI3_240819_TY1_0026_2_V01_2,V01,표,건설기성액 차트(혼합형)에 대해 알려주세요,"건설기성액 차트(혼합형)는 건설 기성액에 관한 다양한 통계를 시각적으로 표현한 것입니다. 이 차트의 범례에는 건물, 토목 등의 세부 항목이 포함되어 있습니다. 본문과 이 차트를 바탕으로 살펴보면, 건설기성액은 전반적으로 감소하는 경향을 보이며, 특히 비주거용 건물에서 두드러진 하락이 나타납니다.",1200.8981595092025,899.59754601227,994.2920245398773,860.8588957055215,2480,3508
train,report,/workspace/data/train/json/MI3_240819_TY1_0026_2.json,/workspace/data/train/jpg/MI2_240819_TY1_0026_2.jpg,MI3_240819_TY1_0026_2,MI3_240819_TY1_0026_2_V02-8_1,V02-8,차트(혼합형),기계류 투자지수 및 기계류와 정밀기기 수입액 차트(혼합형)에 대해 알려주세요,"기계류 투자지수 및 기계류와 정밀기기 수입액 차트(혼합형)는 기계류의 투자 지수와 수입 상황을 비교하여 시각화한 것입니다. 이 차트의 범례에는 두 가지 주요 데이터가 함께 표시되어 있어 서로 간의 관계를 쉽게 이해할 수 있도록 돕습니다. 본문과 이를 바탕으로 분석해 보면, 최근 몇 년간 기계류 투자는 변동성이 크고 경기 불황에 따른 조정 양상이 뚜렷하게 나타나고 있습니다.",219.51901840490763,2252.680487259508,942.640490797545,687.1526415748457,2480,3508
train,report,/workspace/data/train/json/MI3_240819_TY1_0026_2.json,/workspace/data/train/jpg/MI2_240819_TY1_0026_2.jpg,MI3_240819_TY1_0026_2,MI3_240819_TY1_0026_2_V02-8_2,V02-8,차트(혼합형),건설기성액 증감률 및 자료에 대해 알려주세요,"건설기성액 증감률 및 자료는 과거와 현재의 건설 실적을 비교하여 보여주는 자료입니다. 이 데이터는 특정 기간 동안 건설 활동의 변화율을 나타내며 경제 동향 파악에 유용합니다. 본문 내용과 함께 고려했을 때, 최근 건설 분야에서는 안정적인 성장세가 아닌 축소되는 양상을 보이고 있어 주의 깊게 살펴봐야 합니다.",1231.0282208588928,2190.076407947162,964.1619631901827,711.0180705804436,2480,3508
train,report,/workspace/data/train/json/MI3_240819_TY1_0026_3.json,/workspace/data/train/jpg/MI2_240819_TY1_0026_3.jpg,MI3_240819_TY1_0026_3,MI3_240819_TY1_0026_3_V01_1,V01,표,산업 활동에 대한 전산업 생산에 대해 알려주세요.,"전산업 생산은 일정 기간 동안의 산업 활동을 수치로 나타낸 것입니다. 이 데이터에서는 전년 동기 대비 변화율을 보여줍니다. 최근 데이터에 따르면, 전산업 생산은 감소세를 보이고 있으며, 특히 광공업과 서비스 업종에서 큰 하락폭이 관찰됩니다.",290.22071343383817,977.0748466257643,962.328979817692,697.6787021616011,2480,3508
train,report,/workspace/data/train/json/MI3_240819_TY1_0026_3.json,/workspace/data/train/jpg/MI2_240819_TY1_0026_3.jpg,MI3_240819_TY1_0026_3,MI3_240819_TY1_0026_3_V01_2,V01,표,제조업 생산 및 평균가동률에 대해 알려주세요.,"제조업 생산 및 평균가동률은 특정 기간 동안의 제조업체의 운영 성과를 시각적으로 나타낸 것입니다. 이 차트는 각 업종별로 제조업 생산량과 가동률 변화를 보여줍니다. 최근 제조업은 반도체와 자동차 부문에서 감소세를 보이며, 전체적인 평균가동률 또한 낮아지는 추세입니다.",1286.9840956554658,1235.3325153374199,968.7641439443695,1119.1165644171756,2480,3508
train,report,/workspace/data/train/json/MI3_240819_TY1_0026_4.json,/workspace/data/train/jpg/MI2_240819_TY1_0026_4.jpg,MI3_240819_TY1_0026_4,MI3_240819_TY1_0026_4_V01_1,V01,표,서비스업 생산에 대해 알려주세요,"서비스업 생산을 나타내는 표로, 여러 연도와 월의 데이터를 비교하여 보여줍니다. 이 표는 서비스업의 생산 변화를 시각적으로 이해하는 데 도움을 줍니다. 최근 데이터에 따르면, 2월의 서비스업 생산이 전년 동월 대비 감소했음을 확인할 수 있습니다.",172.17177914110428,977.0748466257669,1007.2049079754603,1700.1963190184051,2480,3508
train,report,/workspace/data/train/json/MI3_240819_TY1_0026_4.json,/workspace/data/train/jpg/MI2_240819_TY1_0026_4.jpg,MI3_240819_TY1_0026_4,MI3_240819_TY1_0026_4_V02-8_1,V02-8,차트(혼합형),취업자수 차트에 대해 알려주세요,"취업자수에 대한 변화를 시각적으로 나타낸 차트로, 특정 기간 동안 취업자 수의 증감 추세를 보여줍니다. 이 차트는 시간에 따른 고용 상황을 쉽게 파악할 수 있도록 도와줍니다. 최근 통계에 따르면, 취업자 수가 전년 동월 대비 증가하였다는 점에서 긍정적인 신호를 보이고 있습니다.",1218.115337423313,1433.330061349693,994.2920245398775,718.8171779141105,2480,3508
train,report,/workspace/data/train/json/MI3_240819_TY1_0026_5.json,/workspace/data/train/jpg/MI2_240819_TY1_0026_5.jpg,MI3_240819_TY1_0026_5,MI3_240819_TY1_0026_5_V02-1_1,V02-1,차트(세로 막대형),산업별 취업자수 증감과 전체 취업자수 변동 차트에 대해 알려주세요.,"전체 취업자수 변동 차트는 2020년 1월과 2월 동안 전년 동기 대비 만명 단위로 각 산업의 변화량을 시각화한 것입니다. 이 차트에서는 농림어업, 제조업, 건설업 및 서비스 업종 각각의 변화량을 나타내며 자료 출처가 명시되어 있습니다. 최근 데이터 분석 결과, 전체적으로 서비스 업종에서 긍정적인 성장세를 보이며 다른 산업들은 혼조세를 보이고 있습니다.",279.77914110429447,2289.884662576687,985.6834355828222,783.3815950920246,2480,3508
train,report,/workspace/data/train/json/MI3_240819_TY1_0026_5.json,/workspace/data/train/jpg/MI2_240819_TY1_0026_5.jpg,MI3_240819_TY1_0026_5,MI3_240819_TY1_0026_5_V01_1,V01,표,고용 관련 지표와 계절조정후 취업자 수 차트에 대해 알려주세요.,"계절조정후 취업자 수 차트는 2018년과 2019년의 월별 취업자 수 및 실업률을 보여주는 그래프입니다. 이 그래프의 범례는 전기 대비 증감을 나타내며, 고용률과 실업자 수를 함께 제시합니다. 본문 내용에 따르면, 최근 몇 달간의 데이터에서 고용률이 안정적으로 유지되고 있으며 실업자는 다소 증가하는 경향을 보이고 있습니다.",262.56196319018403,443.34233128834353,989.9877300613498,1166.4638036809815,2480,3508
train,report,/workspace/data/train/json/MI3_240819_TY1_0026_5.json,/workspace/data/train/jpg/MI2_240819_TY1_0026_5.jpg,MI3_240819_TY1_0026_5,MI3_240819_TY1_0026_5_V01_2,V01,표,고용 관련 지표와 산업별 취업자수 증감 차트에 대해 알려주세요.,"산업별 취업자수 증감 차트는 전년 동기 대비 만명 단위로 각 산업의 취업자 수 변화를 나타냅니다. 이 차트는 농림어업, 제조업, 건설업, 서비스업 등 다양한 산업군의 고용 상황을 비교할 수 있는 범례를 제공합니다. 본문 내용을 바탕으로 볼 때, 최근 서비스 업종에서 취업자 수가 크게 증가하고 있으며, 제조업과 건설업은 감소폭이 축소되는 추세입니다.",1282.679754601227,439.03803680981594,989.9877300613498,934.0319018404908,2480,3508
train,report,/workspace/data/train/json/MI3_240819_TY1_0026_6.json,/workspace/data/train/jpg/MI2_240819_TY1_0026_6.jpg,MI3_240819_TY1_0026_6,MI3_240819_TY1_0026_6_V02-4_1,V02-4,차트(꺾은선형),경기종합지수 관련 꺾은선형 차트에 대해 알려주세요,"이 꺾은선형 차트는 선행지수와 동행지수의 순환변동치를 나타냅니다. 차트의 범례에는 두 지수의 변화 추이를 보여주는 데이터가 포함되어 있습니다. 최근 몇 년 동안 선행지수가 다소 하락하는 모습을 보인 반면, 동행지수는 상대적으로 안정적인 흐름을 유지하고 있습니다.",1196.593725303531,1338.6355828220765,984.6593117264582,798.3393046503841,2480,3508
train,report,/workspace/data/train/json/MI3_240819_TY1_0026_6.json,/workspace/data/train/jpg/MI2_240819_TY1_0026_6.jpg,MI3_240819_TY1_0026_6,MI3_240819_TY1_0026_6_V01_1,V01,표,최근의 경제동향과 관련된 표에 대해 알려주세요,"이 표는 연도별 명목임금에 대한 데이터를 제공합니다. 표의 범례는 각 연도 및 월별 임금 수치와 전년 동기 대비 등락률을 포함하고 있습니다. 최근 데이터를 보면 상용직 임금이 큰 폭으로 상승한 반면, 임시일용직은 완만한 상승세를 보이고 있습니다.",176.4760736196319,977.0748466257669,1002.9006134969326,1377.3742331288342,2480,3508
train,report,/workspace/data/train/json/MI3_240819_TY1_0026_7.json,/workspace/data/train/jpg/MI2_240819_TY1_0026_7.jpg,MI3_240819_TY1_0026_7,MI3_240819_TY1_0026_7_V02-4_1,V02-4,차트(꺾은선형),소비자물가에 대한 차트(꺾은선형)에 대해 알려주세요,소비자물가 추세를 나타내는 꺾은선형 차트는 전년 동월 대비 변화를 시각적으로 표현합니다. 이 차트에서는 식료품과 에너지 제외한 소비자 물가 및 농산물과 석유류의 변동 범위를 포함하고 있습니다. 전반적으로 2013년부터 2015년까지 물가안정목표 범위와 비교했을 때 최근 몇 년간 물가 상승률이 다소 낮아지는 경향을 보이고 있습니다.,253.9533742331283,1089.8177910731665,1015.8134969325138,795.4631905219244,2480,3508
train,report,/workspace/data/train/json/MI3_240819_TY1_0026_7.json,/workspace/data/train/jpg/MI2_240819_TY1_0026_7.jpg,MI3_240819_TY1_0026_7,MI3_240819_TY1_0026_7_V01_1,V01,표,물가와 관련된 통계의 표에 대해 알려주세요,"소비자물가 상승률에 대한 표는 여러 해의 데이터를 비교하여 보여줍니다. 이 표에는 연도별 소비자물가와 세부 항목별 상승률이 기재되어 있습니다. 최근 몇 년간 농축수산물과 공업제품 가격의 변동이 두드러지며, 서비스 물가는 대체로 안정세를 보이고 있습니다.",1282.679754601225,983.936371314248,972.7705521472384,1400.6427697900447,2480,3508
train,report,/workspace/data/train/json/MI3_240819_TY1_0026_8.json,/workspace/data/train/jpg/MI2_240819_TY1_0026_8.jpg,MI3_240819_TY1_0026_8,MI3_240819_TY1_0026_8_V02-4_1,V02-4,차트(꺾은선형),부동산가격 및 주택매수 심리지수에 대해 알려주세요,"주택가격전망CSI와 KB매매가격전망지수를 나타내는 꺾은선형 차트입니다. 이 차트의 범례에는 두 가지 지표가 포함되어 있으며, 각각의 값은 기준치인 100을 기준으로 표시됩니다. 본문에서는 주택 가격과 관련된 여러 지표가 혼합되어 하락세와 상승세가 교차하는 추세를 보여줍니다.",1208.739510971469,461.32674669723906,972.7705521472376,750.5662025105831,2480,3508
train,report,/workspace/data/train/json/MI3_240819_TY1_0026_8.json,/workspace/data/train/jpg/MI2_240819_TY1_0026_8.jpg,MI3_240819_TY1_0026_8,MI3_240819_TY1_0026_8_V02-8_1,V02-8,차트(혼합형),<그림 9> 아파트 매매가격 및 거래량에 대해 알려주세요,아파트 매매거래량을 나타내는 혼합형 차트입니다. 이 차트의 범례는 수도권과 비수도권의 매매 거래량을 비교하고 있습니다. 최근 데이터에 따르면 매매 거래량이 전월 대비 감소하는 경향이 뚜렷하게 나타나고 있습니다.,219.51901840490802,1695.8920245398772,968.4662576687118,727.4257668711656,2480,3508
train,report,/workspace/data/train/json/MI3_240819_TY1_0026_8.json,/workspace/data/train/jpg/MI2_240819_TY1_0026_8.jpg,MI3_240819_TY1_0026_8,MI3_240819_TY1_0026_8_V02-8_2,V02-8,차트(혼합형),<그림 10> 아파트 전세가격 및 전월세거래량에 대해 알려주세요,"아파트 전세가격과 전월세 거래량을 나타내는 혼합형 차트입니다. 이 차트의 범례에는 수도권과 비수도권에서의 전월세 거래량 변화가 포함되어 있습니다. 최근 통계로 볼 때, 전세 시장에서도 거래량이 감소하며 하락세를 보이고 있음을 알 수 있습니다.",1222.4196319018406,2255.4503067484657,964.1619631901843,688.6871165644176,2480,3508
train,report,/workspace/data/train/json/MI3_240819_TY1_0026_9.json,/workspace/data/train/jpg/MI2_240819_TY1_0026_9.jpg,MI3_240819_TY1_0026_9,MI3_240819_TY1_0026_9_V02-4_1,V02-4,차트(꺾은선형),<그림 11> 전세수요 우위지수 차트(꺾은선형)에 대해 알려주세요,"<그림 11>은 꺾은선형 형태로 전세수요의 변화를 시각화한 것입니다. 이 차트는 시간에 따른 전세 수요의 변화를 나타내며, 각 데이터 포인트는 특정 시점에서의 수치를 보여줍니다. 본문 내용을 기반으로 볼 때, 최근 몇 년 동안 전세 수요가 감소하는 추세를 보이고 있으며, 이는 주택 시장의 불안정성을 반영하는 것으로 해석됩니다.",282.1892744479496,442.6498422712933,979.3627760252368,741.4384858044164,2480,3508
train,report,/workspace/data/train/json/MI3_240819_TY1_0026_9.json,/workspace/data/train/jpg/MI2_240819_TY1_0026_9.jpg,MI3_240819_TY1_0026_9,MI3_240819_TY1_0026_9_V02-4_2,V02-4,차트(꺾은선형),<표 11> 부동산가격 상승률 차트(꺾은선형)에 대해 알려주세요,"<표 11>은 꺾은선형 형태로 부동산 가격 상승률을 나타내고 있습니다. 이 차트는 부동산 가격이 시간에 따라 어떻게 변화했는지를 시각적으로 표현하고 있으며, 각 선은 특정 연도의 상승률을 나타냅니다. 본문과 결합하여 분석해보면, 최근 몇 년 간 부동산 가격이 꾸준히 오름세를 보이다가 최근에는 하락세로 돌아섰음을 알 수 있습니다.",1305.8170347003154,1969.791798107255,935.0977917981073,730.3722397476345,2480,3508
train,report,/workspace/data/train/json/MI3_240819_TY1_0027_1.json,/workspace/data/train/jpg/MI2_240819_TY1_0027_1.jpg,MI3_240819_TY1_0027_1,MI3_240819_TY1_0027_1_V02-4_1,V02-4,차트(꺾은선형),최근의 경제동향 소비자심리지수 꺾은선형에 대해 알려주세요,"소비자심리지수 꺾은선형은 소비자들의 경제적 전망과 심리를 시각적으로 나타낸 그래프입니다. 이 그래프는 소비지출전망과 소비자심리지수의 변화를 보여주는 범례를 포함하고 있습니다. 본문에서 언급된 최근의 소비자 심리는 완만한 증가세를 보이고 있으며, 이러한 경향은 향후 민간소비에도 긍정적인 영향을 미칠 것으로 예상됩니다.",1311.3501577287068,1090.0252365930598,984.8958990536279,763.5709779179813,2480,3508
train,report,/workspace/data/train/json/MI3_240819_TY1_0027_2.json,/workspace/data/train/jpg/MI2_240819_TY1_0027_2.jpg,MI3_240819_TY1_0027_2,MI3_240819_TY1_0027_2_V01_1,V01,표,<표 2> 설비투자 관련 지표에 대해 알려주세요,"<표 2>는 설비 투자 지수의 변동을 나타내며, 연도별 및 월별 데이터가 포함되어 있습니다. 이 표의 범례는 전기 대비 비율과 함께 기계류와 운송장비 등의 세부 카테고리에 대한 정보를 제공합니다. 본문 내용을 바탕으로 볼 때, 최근 설비 투자는 다소 하락세를 보이며 기계류의 내수 수출이 감소하는 추세입니다.",187.32038834951456,408.6990291262136,987.6893203883496,828.7508090614884,2480,3508
train,report,/workspace/data/train/json/MI3_240819_TY1_0027_2.json,/workspace/data/train/jpg/MI2_240819_TY1_0027_2.jpg,MI3_240819_TY1_0027_2,MI3_240819_TY1_0027_2_V01_2,V01,표,<표 3> 건설투자 관련 지표에 대해 알려주세요,"<표 3>은 건설 기성액과 수주액의 변화를 보여주는 자료로, 각각 전년 동기 대비 변화율이 포함되어 있습니다. 이 표의 범례는 건설 기성액과 토목 및 건물 분야의 세부적인 성과를 설명합니다. 본문을 통해 확인할 수 있는 것처럼, 최근 건설 투자는 다소 조정 양상을 보이며 전반적으로 감소하는 경향이 있습니다.",1220.42071197411,408.6990291262136,1044.453074433657,874.1618122977346,2480,3508
train,report,/workspace/data/train/json/MI3_240819_TY1_0027_2.json,/workspace/data/train/jpg/MI2_240819_TY1_0027_2.jpg,MI3_240819_TY1_0027_2,MI3_240819_TY1_0027_2_V02-8_1,V02-8,차트(혼합형),<그림 2> 기계류 투자지수 및 기계류와 정밀기기 수입액에 대해 알려주세요,"<그림 2>는 기계류 투자 지수와 관련된 여러 데이터를 시각적으로 나타낸 것입니다. 이 그래프에서 좌축은 기계류와 정밀기기의 수입액을, 우측 축은 투자 지수를 나타냅니다. 전체적인 흐름을 보면, 최근 몇 년 동안 기계류 투자가 증가한 반면, 정밀기기의 수입액은 변동성을 보이고 있습니다.",192.9967637540453,1822.1165048543687,964.9838187702267,749.2815533980585,2480,3508
train,report,/workspace/data/train/json/MI3_240819_TY1_0027_2.json,/workspace/data/train/jpg/MI2_240819_TY1_0027_2.jpg,MI3_240819_TY1_0027_2,MI3_240819_TY1_0027_2_V02-8_2,V02-8,차트(혼합형),<그림 3> 건설기성액에 대해 알려주세요,"<그림 3>은 건설기성액의 증감률을 시각적으로 표현하고 있습니다. 이 그래프에서는 시간에 따른 건설기성액의 변화를 주로 다루며, 각 기간별로 증감률이 표시됩니다. 분석 결과, 최근 들어서 건설기성액이 증가하면서 안정적인 성장세를 유지하고 있다는 점이 두드러집니다.",1249.5752895752896,1781.003861003861,1005.4054054054054,775.5984555984555,2480,3508
train,report,/workspace/data/train/json/MI3_240819_TY1_0027_3.json,/workspace/data/train/jpg/MI2_240819_TY1_0027_3.jpg,MI3_240819_TY1_0027_3,MI3_240819_TY1_0027_3_V01_1,V01,표,전산업 생산에 대해 알려주세요,"이 표는 전산업 생산의 변화를 보여주는 자료입니다. 범례에는 광공업, 서비스업, 건설업 등 다양한 산업의 연도별 변화가 포함됩니다. 최근 몇 개월 동안 전산업 생산은 다소 증가세를 보이고 있으나, 특정 산업군에서는 여전히 감소하는 경향이 있음을 알 수 있습니다.",232.73139158576055,976.336569579288,1038.7766990291261,726.5760517799354,2480,3508
train,report,/workspace/data/train/json/MI3_240819_TY1_0027_3.json,/workspace/data/train/jpg/MI2_240819_TY1_0027_3.jpg,MI3_240819_TY1_0027_3,MI3_240819_TY1_0027_3_V01_2,V01,표,산업 활동 평균가동률에 대해 알려주세요,"이 표는 제조업 생산 및 평균가동률에 대한 자료입니다. 범례로는 전기대비와 연간, 월별 데이터가 포함되어 있습니다. 2018년과 2019년의 제조업 생산 변화 추세를 보면, 전반적으로 변동성이 있으며 일부 월에서는 감소세가 나타나는 것을 확인할 수 있습니다.",1299.8899676375406,408.6990291262136,1010.3948220064725,1163.6569579288023,2480,3508
train,report,/workspace/data/train/json/MI3_240819_TY1_0027_4.json,/workspace/data/train/jpg/MI2_240819_TY1_0027_4.jpg,MI3_240819_TY1_0027_4,MI3_240819_TY1_0027_4_V01_1,V01,표,서비스업 생산에 대해 알려주세요,"서비스업 생산은 전기대비와 전년동기대비의 변화를 나타내는 차트입니다. 이 차트는 각 업종별 서비스업 생산의 변화율을 시각적으로 표현하며, 연도별 데이터를 포함하고 있습니다. 본문에서는 서비스업의 다양한 업종에서의 생산 증가 및 감소 추세를 보여주고 있으며, 특히 정보통신과 교육 서비스 분야에서 감소가 관찰됩니다.",147.58576051779937,879.8381877022655,1021.7475728155339,1498.5631067961165,2480,3508
train,report,/workspace/data/train/json/MI3_240819_TY1_0027_4.json,/workspace/data/train/jpg/MI2_240819_TY1_0027_4.jpg,MI3_240819_TY1_0027_4,MI3_240819_TY1_0027_4_V02-8_1,V02-8,차트(혼합형),취업자수에 대해 알려주세요,"(S.A., 백만명) 기준으로 취업자수의 변화를 나타내는 차트입니다. 이 차트는 전년 동월 대비 증감률을 시각적으로 표현하여 경제활동 인구 조사의 결과를 보여줍니다. 본문에서는 최근 취업자 수가 증가하는 추세를 보이고 있으며, 이는 정부 정책 효과와 관련이 있는 것으로 분석됩니다.",1220.4207119740972,1258.1492869586816,973.925917514269,749.819477222242,2480,3508
train,report,/workspace/data/train/json/MI3_240819_TY1_0027_5.json,/workspace/data/train/jpg/MI2_240819_TY1_0027_5.jpg,MI3_240819_TY1_0027_5,MI3_240819_TY1_0027_5_V01_1,V01,표,고용 관련 지표와 산업별 취업자수 증감 차트에 대해 알려주세요,"이 차트는 고용과 실업, 취업자 수의 변동을 보여줍니다. 범례에는 전년 동기 대비 증감률과 계절 조정된 데이터가 포함되어 있습니다. 최근 데이터를 통해 고용 상황이 다소 개선되고 있으나, 특정 산업에서는 여전히 감소세가 나타나고 있음을 알 수 있습니다.",266.77181304137315,414.3754045307437,982.03077595539,1175.0097087378622,2480,3508
train,report,/workspace/data/train/json/MI3_240819_TY1_0027_6.json,/workspace/data/train/jpg/MI2_240819_TY1_0027_6.jpg,MI3_240819_TY1_0027_6,MI3_240819_TY1_0027_6_V01_1,V01,표,월평균 명목임금 표에 대해 알려주세요,"월평균 명목임금 표는 특정 기간 동안의 임금을 나타내는 자료입니다. 이 표에서는 각 연도 및 분기별로 전산업임금, 상용직, 임시일용직 등의 임금 변동을 보여줍니다. 전체적으로 2018년과 2019년 사이에 전반적인 임금이 변화하였으며, 특히 상용직 특별급여의 감소가 두드러지는 추세를 보였습니다.",170.29126213592224,967.8309219582777,1010.394822006472,1314.0719906630811,2480,3508
train,report,/workspace/data/train/json/MI3_240819_TY1_0027_6.json,/workspace/data/train/jpg/MI2_240819_TY1_0027_6.jpg,MI3_240819_TY1_0027_6,MI3_240819_TY1_0027_6_V02-4_1,V02-4,차트(꺾은선형),경기종합지수 꺾은선형 차트에 대해 알려주세요,"경기종합지수 꺾은선형 차트는 시간에 따른 경기의 변화를 시각적으로 보여주는 자료입니다. 이 차트에서는 동행지수와 선행지수의 순환변동치 비교를 통해 경제 상황을 분석합니다. 최근 데이터에 따르면 경기 종합지수가 일관된 흐름을 보이지 않으며, 경제의 불확실성이 증가하고 있음을 알 수 있습니다.",1226.0970873786398,1237.4498381877017,1010.394822006472,847.1589094401776,2480,3508
train,report,/workspace/data/train/json/MI3_240819_TY1_0027_7.json,/workspace/data/train/jpg/MI2_240819_TY1_0027_7.jpg,MI3_240819_TY1_0027_7,MI3_240819_TY1_0027_7_V02-4_1,V02-4,차트(꺾은선형),소비자물가 상승률 추이 차트(꺾은선형)에 대해 알려주세요,"소비자물가 상승률 추이 차트(꺾은선형)는 시간에 따른 소비자물가의 변화를 시각적으로 나타냅니다. 이 차트는 특정 기간 동안의 물가 변동을 비교할 수 있는 기준을 제공합니다. 최근 데이터에 따르면 소비자물가는 전년 동월 대비 증가세를 보이고 있으며, 이는 앞으로도 지속될 것으로 예상됩니다.",278.14239482200645,1106.8932038834953,947.9546925566345,845.7799352750808,2480,3508
train,report,/workspace/data/train/json/MI3_240819_TY1_0027_8.json,/workspace/data/train/jpg/MI2_240819_TY1_0027_8.jpg,MI3_240819_TY1_0027_8,MI3_240819_TY1_0027_8_V02-8_1,V02-8,차트(혼합형),<그림 9> 주택매수 심리지수 차트(혼합형)에 대해 알려주세요,"<그림 9>는 주택매수 심리지수를 나타내는 혼합형 차트입니다. 이 차트의 범례에는 KB매매가격 전망지수와 주택가격전망CSI가 포함되어 있습니다. 본문에서 언급된 자료에 따르면, 주택가격전망 CSI와 KB매매가격 전망지수는 모두 상승하는 추세를 보이고 있습니다.",1226.0970873786412,414.37540453074433,1021.7475728155339,783.3398058252426,2480,3508
train,report,/workspace/data/train/json/MI3_240819_TY1_0027_8.json,/workspace/data/train/jpg/MI2_240819_TY1_0027_8.jpg,MI3_240819_TY1_0027_8,MI3_240819_TY1_0027_8_V02-8_2,V02-8,차트(혼합형),<그림 8> 아파트 매매가격 및 거래량 차트(세로 막대형)에 대해 알려주세요,"<그림 8>은 아파트 매매가격과 거래량을 비교한 세로 막대형 차트입니다. 이 차트에서는 수도권과 비수도권의 매매거래량 변화를 보여줍니다. 최근 데이터에 따르면, 전반적으로 매매거래량이 증가세를 보이고 있으며, 이는 부동산 시장의 활기를 나타냅니다.",153.26213592233012,1680.2071197411,993.365695792881,800.3689320388355,2480,3508
train,report,/workspace/data/train/json/MI3_240819_TY1_0027_8.json,/workspace/data/train/jpg/MI2_240819_TY1_0027_8.jpg,MI3_240819_TY1_0027_8,MI3_240819_TY1_0027_8_V02-8_3,V02-8,차트(혼합형),<그림 10> 아파트 전세가격 및 전월세거래량 차트(꺾은선형)에 대해 알려주세요,"<그림 10>은 아파트 전세가격과 전월세 거래량을 나타내는 꺾은선형 차트입니다. 이 차트의 범례에는 각각의 가격 변화와 거래량이 포함됩니다. 본문에서 설명된 바에 따르면, 최근 전세가격이 상승하고 있는 반면, 거래량은 다소 감소하는 경향을 보이고 있습니다.",1215.7199635922289,2293.255663430417,968.5471554981816,781.871676802289,2480,3508
train,report,/workspace/data/train/json/MI3_240819_TY1_0027_9.json,/workspace/data/train/jpg/MI2_240819_TY1_0027_9.jpg,MI3_240819_TY1_0027_9,MI3_240819_TY1_0027_9_V02-4_1,V02-4,차트(꺾은선형),전세수요 우위지수와 대외 거래에 대한 차트(꺾은선형)에 대해 알려주세요,"이 차트는 전세수요 우위지수를 꺾은선형으로 나타낸 것입니다. 이 꺾은선형의 범례는 전국, 지방광역시, 수도권으로 구분되어 있습니다. 데이터를 보면 수도권에서 전세수요가 증가하는 추세를 보이는 반면, 다른 지역에서는 다소 감소세를 유지하고 있음을 알 수 있습니다.",238.40776699029126,414.37540453074433,1033.1003236245954,777.663430420712,2480,3508
train,report,/workspace/data/train/json/MI3_240819_TY1_0027_9.json,/workspace/data/train/jpg/MI2_240819_TY1_0027_9.jpg,MI3_240819_TY1_0027_9,MI3_240819_TY1_0027_9_V02-4_2,V02-4,차트(꺾은선형),부동산가격 상승률과 최근 경제동향에 대한 차트(꺾은선형)에 대해 알려주세요,"이 차트는 부동산가격 상승률을 꺾은선형으로 시각화한 것입니다. 꺾은선형의 범례는 총수출과 일평균 수출로 구성되어 있습니다. 분석 결과, 최근 몇 년간의 수출 추세가 상승하고 있으며, 이는 부동산 시장에도 긍정적인 영향을 미치고 있는 것으로 해석할 수 있습니다.",1316.9190938511329,1856.1747572815534,976.3365695792879,743.6051779935275,2480,3508
train,report,/workspace/data/train/json/MI3_240819_TY1_0028_1.json,/workspace/data/train/jpg/MI2_240819_TY1_0028_1.jpg,MI3_240819_TY1_0028_1,MI3_240819_TY1_0028_1_V01_1,V01,표,최근의 경제동향에 대한 소매판매액 관련 지표 표에 대해 알려주세요.,"소매판매액 관련 지표 표는 다양한 상품군의 판매 추세를 보여주는 자료입니다. 이 표는 전년 동기 대비 및 월별 변화율을 통해 각 카테고리에서의 판매 성과를 비교할 수 있도록 구성되어 있습니다. 본문 데이터를 기반으로 볼 때, 최근 소매판매가 전월 대비 감소하고 있으며 특히 내구재와 준내구재에서 두드러진 하락세가 관찰됩니다.",261.1132686084142,1788.0582524271842,1010.3948220064727,692.5177993527509,2480,3508
train,report,/workspace/data/train/json/MI3_240819_TY1_0028_1.json,/workspace/data/train/jpg/MI2_240819_TY1_0028_1.jpg,MI3_240819_TY1_0028_1,MI3_240819_TY1_0028_1_V02-4_1,V02-4,차트(꺾은선형),최근의 경제동향에 대한 소비자 심리지수 꺾은선형 차트에 대해 알려주세요.,"소비자 심리지수 꺾은선형 차트는 소비자들의 경제 상황에 대한 인식을 시각적으로 나타냅니다. 이 차트에서는 소비지출전망과 소비자심리지수가 함께 표시되어, 소비자들의 기대감과 실제 행동의 변화를 파악할 수 있습니다. 최근 데이터에 따르면, 소비자 심리는 다소 위축된 모습을 보이며, 향후 경기에 대한 불확실성이 반영되고 있습니다.",1305.5663430420711,1050.1294498381876,1010.3948220064727,834.4271844660191,2480,3508
train,report,/workspace/data/train/json/MI3_240819_TY1_0028_2.json,/workspace/data/train/jpg/MI2_240819_TY1_0028_2.jpg,MI3_240819_TY1_0028_2,MI3_240819_TY1_0028_2_V01_1,V01,표,설비투자지수 차트(혼합형)에 대해 알려주세요,"설비투자지수 차트(혼합형)는 2018년과 2019년의 설비투자 변화를 나타냅니다. 이 차트는 전기대비와 전년동기대비를 포함한 다양한 지표를 통해 설비 투자의 동향을 보여줍니다. 최근 수치는 기계류 및 운송장비의 투자 변화가 엇갈리는 모습을 보이며, 전체적으로 하락세를 보이는 경향이 있습니다.",192.9967637540453,403.0226537216828,982.0129449838188,840.10355987055,2480,3508
train,report,/workspace/data/train/json/MI3_240819_TY1_0028_2.json,/workspace/data/train/jpg/MI2_240819_TY1_0028_2.jpg,MI3_240819_TY1_0028_2,MI3_240819_TY1_0028_2_V01_2,V01,표,건설기성액 차트(혼합형)에 대해 알려주세요,"건설기성액 차트(혼합형)는 2018년과 2019년 동안의 건설기성액 변화를 시각화합니다. 이 차트는 분기별 및 연간 데이터를 통해 건설업체의 성과를 분석합니다. 최근 데이터에서는 건축과 토목 부문 모두 감소세를 나타내며, 이는 공사 물량 축소와 관련이 있는 것으로 분석됩니다.",1237.449838187699,403.022653721683,999.0420711974087,869.8644110582998,2480,3508
train,report,/workspace/data/train/json/MI3_240819_TY1_0028_2.json,/workspace/data/train/jpg/MI2_240819_TY1_0028_2.jpg,MI3_240819_TY1_0028_2,MI3_240819_TY1_0028_2_V02-8_1,V02-8,차트(혼합형),기계류 투자지수 차트(혼합형)에 대해 알려주세요,"기계류 투자지수 차트(혼합형)는 기계 및 정밀 기기의 수입액과 투자 지수를 함께 나타냅니다. 이 타입은 두 가지 축으로 구성되어 서로 다른 정보를 동시에 제공합니다. 현재 수치는 외부 요인에 따라 변화가 큰 상태로, 특히 반도체 경기 둔화 우려로 인해 조정 양상을 보이고 있습니다.",204.3495145631061,1827.1123086621367,976.3365695792861,761.3148758038787,2480,3508
train,report,/workspace/data/train/json/MI3_240819_TY1_0028_2.json,/workspace/data/train/jpg/MI2_240819_TY1_0028_2.jpg,MI3_240819_TY1_0028_2,MI3_240819_TY1_0028_2_V02-8_2,V02-8,차트(혼합형),건설기성액 혼합형에 대해 알려주세요,"건설기성액 혼합형은 특정 기간 동안의 건설 기성 실적을 다룹니다. 이 자료는 전년도 동기간 대비 증감률을 표시하여 시장의 추세를 이해하는 데 도움을 줍니다. 최근 경향으로는 기성이 감소하고 있으며, 이는 경제적 불확실성과 관련된 결과로 해석될 수 있습니다.",1226.0970873786375,1784.548408613943,1027.423948220063,764.1441480203589,2480,3508
train,report,/workspace/data/train/json/MI3_240819_TY1_0028_3.json,/workspace/data/train/jpg/MI2_240819_TY1_0028_3.jpg,MI3_240819_TY1_0028_3,MI3_240819_TY1_0028_3_V01_1,V01,표,산업 활동 제조업 생산 및 평균가동률에 대해 알려주세요,"제조업 생산 및 평균가동률에 대한 내용입니다. 이 자료는 전기 대비 비율을 나타내며, 연간, 분기별, 월별 데이터를 포함하고 있습니다. 본문에서 제공된 수치를 바탕으로 제조업의 생산량은 최근 몇 년 간 변동성이 있었으며, 특정 부문에서는 증가세를 보이고 있습니다.",1311.2427184466007,410.1136652344532,987.6893203883493,1156.565946416032,2480,3508
train,report,/workspace/data/train/json/MI3_240819_TY1_0028_3.json,/workspace/data/train/jpg/MI2_240819_TY1_0028_3.jpg,MI3_240819_TY1_0028_3,MI3_240819_TY1_0028_3_V01_2,V01,표,전산업 생산 전산업생산에 대해 알려주세요,"전산업생산에 관한 통계 자료입니다. 이 표는 연도별로 산업별 성과를 비교할 수 있는 데이터를 제공합니다. 최근 데이터에 따르면 전반적으로 전산업의 생산이 약간의 변화를 보였고, 특히 서비스 업종에서 긍정적인 성장을 기록했습니다.",256.8871912552664,959.3074433656931,997.5917731460249,717.3185086758748,2480,3508
train,report,/workspace/data/train/json/MI3_240819_TY1_0028_4.json,/workspace/data/train/jpg/MI2_240819_TY1_0028_4.jpg,MI3_240819_TY1_0028_4,MI3_240819_TY1_0028_4_V01_1,V01,표,서비스업 생산 표에 대해 알려주세요,"서비스업 생산 표는 전기 대비 및 전년 동기 대비 서비스업의 생산 변화를 나타냅니다. 이 표의 범례는 각 업종별로 수치가 어떻게 변화했는지를 보여주며, 특히 도소매와 정보통신업의 변동이 두드러집니다. 최근 데이터에 따르면, 전체적으로 서비스업 생산은 소폭 증가하였지만, 도소매와 금융·보험업은 감소세를 보이고 있어 업종 간 차별적인 성장이 이루어지고 있습니다.",171.06098859054276,884.0999269985538,1009.6429265234196,1470.8261394270796,2480,3508
train,report,/workspace/data/train/json/MI3_240819_TY1_0028_4.json,/workspace/data/train/jpg/MI2_240819_TY1_0028_4.jpg,MI3_240819_TY1_0028_4,MI3_240819_TY1_0028_4_V02-8_1,V02-8,차트(혼합형),취업자수 차트(혼합형)에 대해 알려주세요,"취업자수 차트(혼합형)는 시간에 따른 취업자 수의 변화를 시각적으로 표현하고 있습니다. 이 차트의 범례는 전년 동월 대비 증감을 나타내며, 좌축과 우축을 통해 각각의 고용 현황을 보여줍니다. 최근 통계에 따르면, 취업자 수가 증가하고 있는 추세를 보이나 증가 폭은 다소 축소되고 있으며, 이는 청년층 구직 활동이 활발해진 결과로 해석될 수 있습니다.",1260.1553398058254,1243.126213592233,953.6310679611647,794.6925566343043,2480,3508
train,report,/workspace/data/train/json/MI3_240819_TY1_0028_5.json,/workspace/data/train/jpg/MI2_240819_TY1_0028_5.jpg,MI3_240819_TY1_0028_5,MI3_240819_TY1_0028_5_V01_1,V01,표,고용 관련 지표 표에 대해 알려주세요,"고용 관련 지표 표는 기간별 취업자 수와 실업률 등을 포함하여 고용 시장의 상태를 제공합니다. 이 표는 연간 및 월별 데이터를 기반으로 하며, 각 항목의 수치를 통해 고용 상황을 분석할 수 있습니다. 최근 실업률은 다소 증가하는 반면, 취업자 수는 계절조정 후 안정적인 수준을 유지하고 있습니다.",210.02588996763734,415.80787161055576,1061.4822006472484,1145.1953646353982,2480,3508
train,report,/workspace/data/train/json/MI3_240819_TY1_0028_5.json,/workspace/data/train/jpg/MI2_240819_TY1_0028_5.jpg,MI3_240819_TY1_0028_5,MI3_240819_TY1_0028_5_V02-1_1,V02-1,차트(세로 막대형),산업별 취업자수 증감 차트(세로 막대형)에 대해 알려주세요,"산업별 취업자수 증감 차트(세로 막대형)는 다양한 산업의 고용 변화를 시각적으로 나타냅니다. 이 차트는 전년 동기 대비 취업자 수의 변화를 만명 단위로 보여줍니다. 최근 데이터에 따르면, 농림어업과 서비스업은 증가세를 보이고 있으며, 제조업은 감소폭이 축소되는 추세를 나타내고 있습니다.",1322.5954692556634,403.0226537216828,976.336569579288,783.3398058252428,2480,3508
train,report,/workspace/data/train/json/MI3_240819_TY1_0028_6.json,/workspace/data/train/jpg/MI2_240819_TY1_0028_6.jpg,MI3_240819_TY1_0028_6,MI3_240819_TY1_0028_6_V02-4_1,V02-4,차트(꺾은선형),경기종합지수 꺾은선형에 대해 알려주세요,"경기종합지수 꺾은선형은 경제의 전반적인 경기 흐름을 나타내는 시각화 자료입니다. 이 꺾은선형에서는 선행지수와 동행지수가 비교되어 보여지며, 각 지표의 변화 추이를 한눈에 파악할 수 있습니다. 최근 데이터에 따르면, 경기종합지수는 일정한 변동을 보이며 경제 상황이 안정세를 유지하고 있음을 시사합니다.",1231.519065116039,1226.0970873786407,984.8656969310445,857.1326860841424,2480,3508
train,report,/workspace/data/train/json/MI3_240819_TY1_0028_7.json,/workspace/data/train/jpg/MI2_240819_TY1_0028_7.jpg,MI3_240819_TY1_0028_7,MI3_240819_TY1_0028_7_V02-4_1,V02-4,차트(꺾은선형),소비자물가 상승률 추이에 대해 알려주세요,"소비자물가 상승률 추이는 소비자물가의 변화 추세를 시각적으로 나타냅니다. 이 그래프는 전년 동월 대비 소비자물가의 상승률을 보여주며, 물가안정 목표와 비교할 수 있는 유용한 자료입니다. 최근 데이터에 따르면 소비자물가는 다소 상승세를 보이고 있으며, 향후 정부의 정책과 시장 상황에 따라 변동이 있을 것으로 예상됩니다.",272.46601941747576,1101.9508929904416,953.6310679611643,793.958492122824,2480,3508
train,report,/workspace/data/train/json/MI3_240819_TY1_0028_8.json,/workspace/data/train/jpg/MI2_240819_TY1_0028_8.jpg,MI3_240819_TY1_0028_8,MI3_240819_TY1_0028_8_V02-4_1,V02-4,차트(꺾은선형),부동산가격 주택매수 심리지수 꺾은선형에 대해 알려주세요,"주택매수 심리지수를 나타내는 꺾은선형 그래프입니다. 이 그래프는 기준치 100을 기준으로 하여 시계열로 주택가격 전망 CSI와 KB 매매가격 전망지수를 나타냅니다. 최근 추세를 보면, 주택가격 전망이 상승하면서 소비자들의 주택 매수 심리가 개선된 것으로 보입니다.",1214.7443365695754,427.1784533911891,999.0420711974087,764.860381560266,2480,3508
train,report,/workspace/data/train/json/MI3_240819_TY1_0028_8.json,/workspace/data/train/jpg/MI2_240819_TY1_0028_8.jpg,MI3_240819_TY1_0028_8,MI3_240819_TY1_0028_8_V02-8_1,V02-8,차트(혼합형),<그림 8> 아파트 매매가격 및 거래량 혼합형에 대해 알려주세요,"<그림 8>에서는 아파트의 매매가격과 거래량을 동시에 보여주는 혼합형 차트입니다. 좌측 축은 수도권의 매매거래량을, 우측 축은 비수도권의 거래량을 나타냅니다. 최근 데이터에 따르면, 수도권의 거래량은 증가하고 있으며 비수도권과 비교할 때 상대적으로 높은 수준을 유지하고 있습니다.",175.96763754045259,1723.540746243916,1004.7184466019398,751.3589301314857,2480,3508
train,report,/workspace/data/train/json/MI3_240819_TY1_0028_8.json,/workspace/data/train/jpg/MI2_240819_TY1_0028_8.jpg,MI3_240819_TY1_0028_8,MI3_240819_TY1_0028_8_V02-8_2,V02-8,차트(혼합형),<그림 10> 아파트 전세가격 및 전월세거래량 원형에 대해 알려주세요,"<그림 10>에서는 아파트 전세 가격과 전월세 거래량 간의 관계를 보여주는 원형 차트입니다. 이 차트는 각 지역별 전월세 거래량 비율을 시각화하여 제공합니다. 최근에는 수도권에서 전세 수요가 다소 증가한 반면, 지방광역시에서는 감소하는 경향이 관찰되고 있습니다.",1233.886501459743,2281.9029126213513,964.9303258555087,797.4861669076405,2480,3508
train,report,/workspace/data/train/json/MI3_240819_TY1_0028_9.json,/workspace/data/train/jpg/MI2_240819_TY1_0028_9.jpg,MI3_240819_TY1_0028_9,MI3_240819_TY1_0028_9_V02-4_1,V02-4,차트(꺾은선형),<그림 12> 수출과 관련된 꺾은선형에 대해 알려주세요,"<그림 12> 꺾은선형은 시간에 따른 변화 추이를 시각적으로 나타내는 도구입니다. 이 유형의 그래프에서 각 축은 총수출과 일평균 수출을 의미하며, 두 값 간의 관계를 시각적으로 보여줍니다. 해당 그래프에서는 전체 수출이 증가하는 경향을 보이고 있으며, 특히 최근 몇 년간 일평균 수출이 상승세를 유지하고 있다는 점이 주목할 만합니다.",1305.5663430420661,2015.1132686084106,1004.7184466019389,776.4496990648931,2480,3508
train,report,/workspace/data/train/json/MI3_240819_TY1_0028_9.json,/workspace/data/train/jpg/MI2_240819_TY1_0028_9.jpg,MI3_240819_TY1_0028_9,MI3_240819_TY1_0028_9_V02-4_2,V02-4,차트(꺾은선형),<그림 11> 전세수요 우위지수와 관련된 꺾은선형에 대해 알려주세요,"<그림 11> 꺾은선형은 특정 기간 동안의 데이터를 시각적으로 표현하여 추세를 쉽게 이해할 수 있게 합니다. 꺾은선형의 범례는 다양한 지표와 값을 나타내며, 데이터의 변화를 명확하게 보여줍니다. 이 자료에서는 전반적인 부동산 시장과 관련된 수치들이 제시되어 있으며, 최근 몇 년 간의 변화가 두드러지는 모습을 볼 수 있습니다.",278.14239482200645,431.40453074433657,959.3074433656959,749.2815533980582,2480,3508
train,report,/workspace/data/train/json/MI3_240819_TY1_0029_1.json,/workspace/data/train/jpg/MI2_240819_TY1_0029_1.jpg,MI3_240819_TY1_0029_1,MI3_240819_TY1_0029_1_V01_1,V01,표,최근의 경제동향 표에 대해 알려주세요,"소매판매액 및 내구재, 준내구재, 비내구재의 변화를 나타내는 표입니다. 이 표는 연도별로 각 항목의 변화율을 정리하여 비교할 수 있도록 구성되어 있습니다. 본문과 이 표를 기반으로 보면, 최근 소매판매액이 전년 동기 대비 변화가 있었으며, 특히 내구재가 감소한 경향이 뚜렷하게 나타나고 있습니다.",394.28249349935624,1702.9126213592203,848.8437200928753,627.4650793161774,2480,3508
train,report,/workspace/data/train/json/MI3_240819_TY1_0029_1.json,/workspace/data/train/jpg/MI2_240819_TY1_0029_1.jpg,MI3_240819_TY1_0029_1,MI3_240819_TY1_0029_1_V02-4_1,V02-4,차트(꺾은선형),최근의 경제동향 차트(꺾은선형)에 대해 알려주세요,"소비자심리지수와 소비지출전망을 나타내는 꺾은선형 차트입니다. 이 차트는 소비자 심리지수와 관련된 두 가지 지표의 변화를 시각적으로 보여줍니다. 본문과 이 꺾은선형 차트를 기반으로 볼 때, 최근 소비자 심리는 다소 하락세를 보이고 있으며, 향후 소비 지출 전망에 대한 기대감도 약간 위축된 모습을 보이고 있습니다.",1311.2427184466,1226.0970873786407,868.4854368932032,697.3836511239033,2480,3508
train,report,/workspace/data/train/json/MI3_240819_TY1_0029_2.json,/workspace/data/train/jpg/MI2_240819_TY1_0029_2.jpg,MI3_240819_TY1_0029_2,MI3_240819_TY1_0029_2_V02-8_1,V02-8,차트(혼합형),제목에 대한 기계류와 정밀기기 수입액 차트에 대해 알려주세요,"기계류와 정밀기기 수입액 차트는 시간에 따른 수입 변화를 시각적으로 나타냅니다. 이 차트의 범례는 기계류 투자지수를 기준으로 하여, 두 가지 데이터 시리즈를 비교할 수 있도록 구성되어 있습니다. 본문과 차트를 기반으로 분석해보면, 기계류와 정밀기기 수입액은 시간이 지남에 따라 일정한 변동성을 보이며, 전반적인 추세는 감소세로 나타나고 있습니다.",312.200647249191,1805.0873786407765,862.8090614886731,698.1941747572819,2480,3508
train,report,/workspace/data/train/json/MI3_240819_TY1_0029_2.json,/workspace/data/train/jpg/MI2_240819_TY1_0029_2.jpg,MI3_240819_TY1_0029_2,MI3_240819_TY1_0029_2_V02-8_2,V02-8,차트(혼합형),제목에 대한 건설기성액 차트에 대해 알려주세요,"건설기성액 차트는 기간별 건설 활동의 변화를 보여주는 그래프입니다. 이 차트의 범례는 증감률을 나타내며, 좌측 축에는 건설기성액이 표시됩니다. 본문과 차트를 종합적으로 살펴보면, 최근 건설기성액은 감소세를 보이고 있으며, 이는 공사 물량 축소 흐름과 연관이 있는 것으로 해석됩니다.",1243.1262135922311,1765.3527508090608,865.6205027335827,715.2233009708726,2480,3508
train,report,/workspace/data/train/json/MI3_240819_TY1_0029_3.json,/workspace/data/train/jpg/MI2_240819_TY1_0029_3.jpg,MI3_240819_TY1_0029_3,MI3_240819_TY1_0029_3_V01_1,V01,표,산업 활동 <표 4> 전산업 생산 차트(가로 막대형)에 대해 알려주세요,"<표 4> 전산업 생산 차트(가로 막대형)는 다양한 산업 분야에서의 생산량 변화를 시각적으로 보여줍니다. 이 차트는 각 산업군별 증가 또는 감소 비율을 명확히 나타내고 있으며, 특히 광공업과 서비스업의 변화가 눈에 띕니다. 분석 결과, 전체적으로 일부 산업군에서 감소세를 보이는 경향이 있으며, 이는 경제적 불황과 관련이 있을 수 있습니다.",374.6407766990291,1033.1003236245954,902.5436893203885,652.7831715210357,2480,3508
train,report,/workspace/data/train/json/MI3_240819_TY1_0029_3.json,/workspace/data/train/jpg/MI2_240819_TY1_0029_3.jpg,MI3_240819_TY1_0029_3,MI3_240819_TY1_0029_3_V01_2,V01,표,산업 활동 <표 5> 제조업 생산 및 평균가동률 차트(세로 막대형)에 대해 알려주세요,"<표 5> 제조업 생산 및 평균가동률 차트(세로 막대형)에서는 특정 기간 동안의 제조업 생산과 평균 가동률을 시각적으로 표현합니다. 이 차트의 범례에는 전기 대비 변화율과 각 산업군의 세부 데이터가 포함되어 있습니다. 분석 결과, 특정 월에 비해 전반적으로 감소한 제조업 생산 추세와 함께 평균 가동률의 변화를 확인할 수 있습니다.",1302.719239854018,526.4704455415476,868.4854368932029,1043.7546718653211,2480,3508
train,report,/workspace/data/train/json/MI3_240819_TY1_0029_4.json,/workspace/data/train/jpg/MI2_240819_TY1_0029_4.jpg,MI3_240819_TY1_0029_4,MI3_240819_TY1_0029_4_V01_1,V01,표,서비스업 생산에 대해 알려주세요,"서비스업 생산은 전기 대비 및 전년 동기 대비의 변화를 보여주는 차트입니다. 이 차트는 각 업종별로 서비스업의 생산 변화율을 시각적으로 표현합니다. 최근 데이터에 따르면 도소매와 부동산 분야에서 긍정적인 성장세가 나타나고 있으며, 특히 도소매는 1.8% 증가했습니다.",283.8187702265372,947.9546925566343,896.8673139158577,1390.7119741100319,2480,3508
train,report,/workspace/data/train/json/MI3_240819_TY1_0029_4.json,/workspace/data/train/jpg/MI2_240819_TY1_0029_4.jpg,MI3_240819_TY1_0029_4,MI3_240819_TY1_0029_4_V02-8_1,V02-8,차트(혼합형),취업자수에 대해 알려주세요,"(S.A., 백만명)으로 표시된 취업자수 그래프는 시간 경과에 따른 고용 변화를 시각적으로 나타냅니다. 이 그래프는 취업자 수와 함께 전년 동월 대비 변화량을 함께 보여줍니다. 최근의 데이터에서는 취업자 수가 지속적으로 증가하고 있는 추세를 보이고 있습니다.",1226.0970873786382,1209.0679611650462,896.8673139158566,689.6941758954474,2480,3508
train,report,/workspace/data/train/json/MI3_240819_TY1_0029_5.json,/workspace/data/train/jpg/MI2_240819_TY1_0029_5.jpg,MI3_240819_TY1_0029_5,MI3_240819_TY1_0029_5_V02-1_1,V02-1,차트(세로 막대형),전체 농림어업 제조업 건설업 서비스업 차트(세로 막대형)에 대해 알려주세요,"전체 농림어업 제조업 건설업 서비스업 차트(세로 막대형)는 각 산업별 취업자의 전년 동기 대비 변화를 시각적으로 나타냅니다. 이 차트에서는 각 산업군의 취업자 수 증감을 비교할 수 있도록 구성되어 있으며, 양호한 업종과 부진한 업종이 명확히 드러납니다. 특히 서비스 업종이 상대적으로 높은 증가세를 보이는 반면, 제조 업종은 감소폭이 크게 나타나며 대조적인 추세를 보이고 있습니다.",1318.5148968678388,557.4209320091671,893.7494270435445,677.4200717231998,2480,3508
train,report,/workspace/data/train/json/MI3_240819_TY1_0029_5.json,/workspace/data/train/jpg/MI2_240819_TY1_0029_5.jpg,MI3_240819_TY1_0029_5,MI3_240819_TY1_0029_5_V01_1,V01,표,고용 관련 지표 표에 대해 알려주세요,"고용 관련 지표 표는 취업자 수, 고용률, 실업자 수 및 실업률을 포함하여 고용 시장의 전반적인 상황을 보여줍니다. 이 표에서 제시된 데이터는 계절 조정 전후의 취업자 수와 고용률 변화, 그리고 실업자 수와 실업률의 변화를 확인할 수 있습니다. 분석 결과, 취업자 수는 다소 증가세를 보이고 있으나 여전히 불확실한 경제 상황이 반영되어 있는 것으로 보입니다.",348.3880825057296,537.3216195569137,905.8090145148967,1059.903743315508,2480,3508
train,report,/workspace/data/train/json/MI3_240819_TY1_0029_5.json,/workspace/data/train/jpg/MI2_240819_TY1_0029_5.jpg,MI3_240819_TY1_0029_5,MI3_240819_TY1_0029_5_V01_2,V01,표,산업별 취업자수 증감 표에 대해 알려주세요,"산업별 취업자수 증감 표는 2018년과 2019년의 연간 및 분기별 데이터를 통해 각 산업의 변화 양상을 정리합니다. 이 표에서는 농림어업, 제조업, 건설업 및 서비스 업종 각각의 전년 동기 대비 변화량을 볼 수 있습니다. 분석 결과, 서비스 업종은 지속적인 증가세를 유지하고 있으며 반면에 제조 업종은 여전히 어려운 상황임을 알 수 있습니다.",1294.2582710779081,1410.715048025614,878.71931696905,878.7193169690502,2480,3508
train,report,/workspace/data/train/json/MI3_240819_TY1_0029_6.json,/workspace/data/train/jpg/MI2_240819_TY1_0029_6.jpg,MI3_240819_TY1_0029_6,MI3_240819_TY1_0029_6_V02-4_1,V02-4,차트(꺾은선형),경기종합지수 차트(꺾은선형)에 대해 알려주세요,경기종합지수 차트(꺾은선형)는 시간에 따른 경기 상황을 시각적으로 나타냅니다. 이 차트는 동행지수와 선행지수를 함께 보여주어 경제의 흐름을 파악하는 데 도움을 줍니다. 최근 경향을 보면 동행지수가 안정세를 보이는 반면 선행지수는 약간의 하락세를 보이고 있어 향후 경제 전망에 대한 신중한 접근이 필요함을 시사합니다.,1225.442483757268,1204.2689319845783,899.8932764140875,775.496264674493,2480,3508
train,report,/workspace/data/train/json/MI3_240819_TY1_0029_6.json,/workspace/data/train/jpg/MI2_240819_TY1_0029_6.jpg,MI3_240819_TY1_0029_6,MI3_240819_TY1_0029_6_V01_1,V01,표,월평균 명목임금 표에 대해 알려주세요,"월평균 명목임금 표는 다양한 근로자 그룹의 평균 임금을 비교하여 나타냅니다. 이 표는 각 연도와 분기별로 임금 변화를 보여주며, 전년 동기 대비 증가율도 포함되어 있습니다. 최근 데이터에 따르면 상용직과 임시일용직 모두 상승세를 보였으며, 특히 상용직의 특별급여가 크게 증가한 것을 확인할 수 있습니다.",308.5763303995448,941.5316045991194,881.3660618996801,1159.274279615795,2480,3508
train,report,/workspace/data/train/json/MI3_240819_TY1_0029_7.json,/workspace/data/train/jpg/MI2_240819_TY1_0029_7.jpg,MI3_240819_TY1_0029_7,MI3_240819_TY1_0029_7_V02-4_1,V02-4,차트(꺾은선형),소비자물가 상승률 추이 차트(꺾은선형)에 대해 알려주세요,"소비자물가 상승률 추이 꺾은선형 차트는 시간에 따른 소비자물가의 변화를 시각적으로 나타냅니다. 이 차트는 특정 기간 동안의 물가 변동을 쉽게 이해할 수 있도록 도와줍니다. 분석 결과, 최근 몇 년간 소비자물가는 점진적으로 안정세를 보이고 있으며, 전년 대비 물가는 비교적 낮은 수준을 유지하고 있습니다.",373.1910352187833,1169.8612593383139,844.3116328708645,730.5016008537887,2480,3508
train,report,/workspace/data/train/json/MI3_240819_TY1_0029_7.json,/workspace/data/train/jpg/MI2_240819_TY1_0029_7.jpg,MI3_240819_TY1_0029_7,MI3_240819_TY1_0029_7_V01_1,V01,표,소비자물가 상승률 표에 대해 알려주세요,"소비자물가 상승률 표는 연간 및 분기별 소비자물가의 변화를 나타냅니다. 이 표에는 다양한 품목의 가격 변화와 그에 따른 물가 상승률이 포함되어 있습니다. 최근 데이터에 따르면, 소비자물가는 안정세를 유지하고 있으며, 농축수산물과 공업제품의 가격 변화가 주요 영향을 미치고 있습니다.",1307.4919957310565,1016.350053361793,894.5997865528282,1130.1600853788684,2480,3508
train,report,/workspace/data/train/json/MI3_240819_TY1_0029_8.json,/workspace/data/train/jpg/MI2_240819_TY1_0029_8.jpg,MI3_240819_TY1_0029_8,MI3_240819_TY1_0029_8_V02-4_1,V02-4,차트(꺾은선형),주택매수 심리지수 꺾은선형에 대해 알려주세요,"주택매수 심리지수는 주택가격 전망을 나타내는 꺾은선형입니다. 이 차트에서는 기준치인 100을 중심으로 주택가격전망CSI와 KB매매가격 전망지수를 시각화하고 있습니다. 최근 데이터에 따르면, 두 지수가 모두 상승세를 보이며 주택 시장에 대한 긍정적인 전망이 이어지고 있음을 보여줍니다.",1225.4429028815368,553.1696905016008,870.7790821771613,664.3329775880469,2480,3508
train,report,/workspace/data/train/json/MI3_240819_TY1_0029_8.json,/workspace/data/train/jpg/MI2_240819_TY1_0029_8.jpg,MI3_240819_TY1_0029_8,MI3_240819_TY1_0029_8_V02-8_1,V02-8,차트(혼합형),아파트 매매가격 및 거래량 세로 막대형에 대해 알려주세요,"아파트 매매가격 및 거래량을 비교하는 세로 막대형입니다. 이 차트는 매매거래량과 수도권 및 비수도권의 가격 변화를 나타냅니다. 최근 거래량은 증가세를 보이고 있으며, 특히 수도권에서의 거래가 활발하게 이루어지고 있음을 알 수 있습니다.",291.14194236926306,1707.150480256136,881.3660618996788,704.7964280396255,2480,3508
train,report,/workspace/data/train/json/MI3_240819_TY1_0029_8.json,/workspace/data/train/jpg/MI2_240819_TY1_0029_8.jpg,MI3_240819_TY1_0029_8,MI3_240819_TY1_0029_8_V02-8_2,V02-8,차트(혼합형),아파트 전세가격 및 전월세거래량 원형에 대해 알려주세요,"아파트 전세가격 및 전월세거래량을 시각화한 원형 차트입니다. 이 차트에서는 전체 전월세 거래량과 지역별 변화를 분석합니다. 전세시장에서의 수요와 공급 상황을 반영하여, 특히 수도권에서 거래가 증가하고 있는 추세를 확인할 수 있습니다.",1220.1494130202739,2329.135538954099,868.9619822568758,736.1088604429045,2480,3508
train,report,/workspace/data/train/json/MI3_240819_TY1_0029_9.json,/workspace/data/train/jpg/MI2_240819_TY1_0029_9.jpg,MI3_240819_TY1_0029_9,MI3_240819_TY1_0029_9_V02-4_1,V02-4,차트(꺾은선형),부동산가격 상승률 차트(꺾은선형)에 대해 알려주세요,"부동산가격 상승률 차트는 특정 기간 동안의 부동산 가격 변화를 시각적으로 표현한 것입니다. 이 꺾은선형 그래프는 연도별 또는 분기별로 가격 상승률을 보여줍니다. 본문에서는 전체적인 부동산 시장의 흐름과 함께 가격 상승 및 하락의 추세를 설명하고 있으며, 특정 시점에서의 급격한 변화도 관찰할 수 있습니다.",1307.4919957310565,2077.6947705442903,846.9583778014944,722.5613660618998,2480,3508
train,report,/workspace/data/train/json/MI3_240819_TY1_0029_9.json,/workspace/data/train/jpg/MI2_240819_TY1_0029_9.jpg,MI3_240819_TY1_0029_9,MI3_240819_TY1_0029_9_V02-4_2,V02-4,차트(꺾은선형),전세수요 우위지수 차트(꺾은선형)에 대해 알려주세요,"전세수요 우위지수 차트는 전세 수요와 공급의 변화를 시각적으로 보여주는 그래프입니다. 이 꺾은선형 그래프는 시간에 따라 전세 수요 우위지수가 어떻게 변화하는지를 나타냅니다. 본문에서는 전반적인 부동산 시장과 관련된 데이터와 함께, 전세 수요가 감소하는 경향이 있음을 보여주고 있습니다.",394.3649946638207,542.5827107790823,860.1921024546426,714.6211312700106,2480,3508
train,report,/workspace/data/train/json/MI3_240819_TY1_0030_1.json,/workspace/data/train/jpg/MI2_240819_TY1_0030_1.jpg,MI3_240819_TY1_0030_1,MI3_240819_TY1_0030_1_V01_1,V01,표,최근의 경제동향과 관련된 소매판매액 표에 대해 알려주세요,"소매판매액 표는 기간별로 소매판매의 변동을 명확히 보여주는 데이터입니다. 표에는 전기 대비 및 전년 동기 대비 수치가 포함되어 있어, 소비 시장의 변화를 쉽게 이해할 수 있게 돕습니다. 본문 내용에 따르면, 소매판매는 전월 대비 감소했으며, 이는 경제 활동 위축을 나타내고 있습니다.",240.85369196631484,1611.8676169457826,1029.5837780149411,682.8601921024544,2480,3508
train,report,/workspace/data/train/json/MI3_240819_TY1_0030_1.json,/workspace/data/train/jpg/MI2_240819_TY1_0030_1.jpg,MI3_240819_TY1_0030_1,MI3_240819_TY1_0030_1_V02-4_1,V02-4,차트(꺾은선형),최근의 경제동향과 관련된 소비자심리지수 꺾은선형에 대해 알려주세요,"소비자심리지수 꺾은선형은 소비자들의 경제에 대한 신뢰도를 시각적으로 나타낸 그래프입니다. 이 꺾은선형에서 각 데이터 포인트는 특정 시점의 소비자 심리를 반영하며, 이를 통해 추세를 파악할 수 있습니다. 본문 내용을 바탕으로 보면, 소비자 심리는 최근 몇 달 동안 하락세를 보이며 경기 전망이 부정적임을 암시하고 있습니다.",1296.905016008538,1087.8121664887942,1011.0565635005339,764.909284951974,2480,3508
train,report,/workspace/data/train/json/MI3_240819_TY1_0030_2.json,/workspace/data/train/jpg/MI2_240819_TY1_0030_2.jpg,MI3_240819_TY1_0030_2,MI3_240819_TY1_0030_2_V02-8_1,V02-8,차트(혼합형),기계류 투자지수 및 기계류와 정밀기기 수입액 혼합형에 대해 알려주세요,"기계류 투자지수 및 기계류와 정밀기기 수입액 혼합형은 기계류의 투자 동향과 수입 현황을 시각적으로 표현한 것입니다. 범례에는 기계류와 정밀기기 수입액(좌축)과 기계류 투자지수(우축)가 포함되어 있습니다. 본문 내용을 바탕으로 볼 때, 최근 몇 년간 기계류 투자지수가 변동성을 보이며, 이에 따라 수입액도 변화하는 추세를 나타내고 있습니다.",190.5656350053362,1717.7374599786554,976.6488794023478,759.6157950907152,2480,3508
train,report,/workspace/data/train/json/MI3_240819_TY1_0030_2.json,/workspace/data/train/jpg/MI2_240819_TY1_0030_2.jpg,MI3_240819_TY1_0030_2,MI3_240819_TY1_0030_2_V02-8_2,V02-8,차트(혼합형),건설기성액 혼합형에 대해 알려주세요,"건설기성액 혼합형은 건설 분야의 성장을 나타내는 지표입니다. 범례에는 증감률이 우측 축으로 표시되고, 건설기성액이 좌측 축으로 설정되어 있습니다. 최근 데이터에 따르면, 건설기성액이 감소세를 보이고 있으며 이는 업종별로 차이를 보이고 있음을 나타냅니다.",1220.1494130202777,1760.08537886873,1003.1163287086445,815.197438633938,2480,3508
train,report,/workspace/data/train/json/MI3_240819_TY1_0030_3.json,/workspace/data/train/jpg/MI2_240819_TY1_0030_3.jpg,MI3_240819_TY1_0030_3,MI3_240819_TY1_0030_3_V01_1,V01,표,산업 활동 전산업 생산 차트(세로 막대형)에 대해 알려주세요,"전산업 생산을 보여주는 차트(세로 막대형)는 전체 산업의 생산 동향을 한눈에 파악할 수 있도록 도와줍니다. 이 차트는 연도별 및 분기별 데이터를 통해 각각의 산업군이 어떻게 변화했는지를 분석하는 데 유용합니다. 본문에서 나타난 바와 같이, 특정 기간 동안 전산업 전체적인 생산이 감소하는 경향을 보이고 있습니다.",267.3212379935966,971.3553895410886,1005.7630736392746,733.1483457844187,2480,3508
train,report,/workspace/data/train/json/MI3_240819_TY1_0030_3.json,/workspace/data/train/jpg/MI2_240819_TY1_0030_3.jpg,MI3_240819_TY1_0030_3,MI3_240819_TY1_0030_3_V01_2,V01,표,산업 활동 제조업 생산 및 평균가동률 차트(세로 막대형)에 대해 알려주세요,"제조업 생산 및 평균가동률을 나타내는 차트(세로 막대형)는 다양한 산업의 생산 변화를 시각적으로 표현합니다. 이 차트의 범례는 전기대비 비율과 산업별 구분을 통해 각 산업의 성과를 비교할 수 있게 해줍니다. 본문에 따르면, 전반적으로 제조업 생산은 변동성을 보이며, 일부 산업은 증가세를 보이는 반면, 다른 산업은 감소하고 있습니다.",1302.1985058697971,410.24546424759876,1021.6435432230526,1143.3938100320172,2480,3508
train,report,/workspace/data/train/json/MI3_240819_TY1_0030_4.json,/workspace/data/train/jpg/MI2_240819_TY1_0030_4.jpg,MI3_240819_TY1_0030_4,MI3_240819_TY1_0030_4_V01_1,V01,표,서비스업 생산 차트(혼합형)에 대해 알려주세요,"서비스업 생산 차트(혼합형)는 전기 대비와 전년 동기 대비의 서비스업 생산 변화를 시각적으로 보여줍니다. 범례에는 각 부문별 성장률이 포함되어 있으며, 이를 통해 다양한 산업군의 성과를 비교할 수 있습니다. 본문에서 언급된 데이터에 따르면, 전체 서비스업 생산은 감소세를 보였으나 일부 업종은 증가세를 나타내고 있어 혼합된 추세가 관찰됩니다.",201.15261472785485,865.4855923159013,967.7442625636995,1521.8783351120578,2480,3508
train,report,/workspace/data/train/json/MI3_240819_TY1_0030_4.json,/workspace/data/train/jpg/MI2_240819_TY1_0030_4.jpg,MI3_240819_TY1_0030_4,MI3_240819_TY1_0030_4_V02-8_1,V02-8,차트(혼합형),취업자수 차트(혼합형)에 대해 알려주세요,"취업자수 차트(혼합형)는 취업자 수와 전년 동월 대비 증감을 동시에 보여주는 자료입니다. 범례는 왼쪽 축에 취업자 수, 오른쪽 축에 증감량을 나타내어 두 가지 정보를 한눈에 비교할 수 있게 합니다. 최근 데이터를 보면 취업자수가 증가하고 있는 추세가 보이며, 이는 경제활동 참여가 활발해지고 있음을 시사합니다.",1225.442902881537,1071.931696905016,992.529348986126,756.9690501600852,2480,3508
train,report,/workspace/data/train/json/MI3_240819_TY1_0030_5.json,/workspace/data/train/jpg/MI2_240819_TY1_0030_5.jpg,MI3_240819_TY1_0030_5,MI3_240819_TY1_0030_5_V01_2,V01,표,산업별 취업자수 증감 차트(세로 막대형)에 대해 알려주세요,"산업별 취업자수 증감 차트는 다양한 산업 부문의 고용 변동을 시각적으로 나타낸 것입니다. 이 차트는 계절조정전과 계절조정후의 취업자 수, 실업자 수 및 실업률을 보여줍니다. 데이터에 따르면, 전반적인 취업자 수가 증가하는 추세를 보이고 있으며, 실업률은 상대적으로 낮은 수준을 유지하고 있습니다.",259.30265327331034,414.1033624489062,1011.134913428928,1134.2424219694467,2480,3508
train,report,/workspace/data/train/json/MI3_240819_TY1_0030_5.json,/workspace/data/train/jpg/MI2_240819_TY1_0030_5.jpg,MI3_240819_TY1_0030_5,MI3_240819_TY1_0030_5_V02-1_1,V02-1,차트(세로 막대형),고용 관련 지표 차트(가로 막대형)에 대해 알려주세요,"고용 관련 지표 차트는 특정 기간 동안의 산업별 고용 변화를 나타내며, 전년 동기 대비 만명 단위로 표시됩니다. 이 차트에서는 전체와 각 산업군의 고용 변화가 비교되고 있습니다. 결과적으로 전체 고용이 감소한 반면, 서비스 업종에서 긍정적인 변화가 나타나고 있음을 알 수 있습니다.",1336.6061899679828,418.18569903948776,952.8281750266809,751.6755602988261,2480,3508
train,report,/workspace/data/train/json/MI3_240819_TY1_0030_6.json,/workspace/data/train/jpg/MI2_240819_TY1_0030_6.jpg,MI3_240819_TY1_0030_6,MI3_240819_TY1_0030_6_V01_1,V01,표,월평균 명목임금 표에 대해 알려주세요,"월평균 명목임금 표는 전년 동기 대비 다양한 임금의 변화를 나타냅니다. 표에는 각 연도와 월별로 분류된 임금과 그 변화율이 기재되어 있습니다. 이 데이터를 통해 상용직, 정액급여, 특별급여 등 여러 형태의 임금에서 상승세와 하락세를 관찰할 수 있습니다.",172.03842049092853,857.5453575240127,1000.469583778015,1299.5517609391677,2480,3508
train,report,/workspace/data/train/json/MI3_240819_TY1_0030_6.json,/workspace/data/train/jpg/MI2_240819_TY1_0030_6.jpg,MI3_240819_TY1_0030_6,MI3_240819_TY1_0030_6_V02-4_1,V02-4,차트(꺾은선형),경기종합지수 차트(꺾은선형)에 대해 알려주세요,경기종합지수 꺾은선형 차트는 경제 활동의 동향을 시각적으로 표현합니다. 이 차트는 선행지수와 동행지수를 비교하여 경기가 어떻게 변화하고 있는지를 보여줍니다. 최근 데이터에 따르면 경기 지수가 감소 추세를 보이고 있어 경제 회복이 지연되고 있음을 암시합니다.,1236.0298826040553,1236.029882604056,987.2358591248665,852.2518676627533,2480,3508
train,report,/workspace/data/train/json/MI3_240819_TY1_0030_7.json,/workspace/data/train/jpg/MI2_240819_TY1_0030_7.jpg,MI3_240819_TY1_0030_7,MI3_240819_TY1_0030_7_V01_1,V01,표,소비자물가에 대해 알려주세요,"소비자물가는 특정 기간 동안 일반 소비자가 구매하는 상품과 서비스의 가격 변화율을 나타냅니다. 이 표는 연도별로 소비자물가와 농축수산물, 공업제품 등의 가격 변동을 상세히 설명합니다. 2019년에는 전반적으로 물가 상승이 지속되었으나, 개별 항목에 따라 다소 차이가 있는 것을 볼 수 있습니다.",1294.2582710779084,1140.7470651013862,1001.636071379401,1270.4375667022396,2480,3508
train,report,/workspace/data/train/json/MI3_240819_TY1_0030_7.json,/workspace/data/train/jpg/MI2_240819_TY1_0030_7.jpg,MI3_240819_TY1_0030_7,MI3_240819_TY1_0030_7_V02-4_1,V02-4,차트(꺾은선형),소비자물가 상승률 추이에 대해 알려주세요,"소비자물가 상승률 추이는 특정 기간 동안 소비자 물가의 변화를 시각적으로 나타낸 것입니다. 이 차트는 전년 동월 대비 물가 변동을 기준으로 하며, 주어진 범례에서는 식료품과 에너지를 제외한 소비자물가와 농산물 및 석유류를 구분해 보여줍니다. 최근의 자료에 따르면, 소비자물가는 낮은 수준을 유지하고 있으며, 이는 공급측 요인과 정부 정책의 영향을 받고 있음을 나타냅니다.",264.6742029000115,1101.0458911419423,966.0621898427844,844.3116328708645,2480,3508
train,report,/workspace/data/train/json/MI3_240819_TY1_0030_8.json,/workspace/data/train/jpg/MI2_240819_TY1_0030_8.jpg,MI3_240819_TY1_0030_8,MI3_240819_TY1_0030_8_V02-8_1,V02-8,차트(혼합형),<그림 9> 매매거래량 및 가격변화에 대한 가로 막대형에 대해 알려주세요.,"이 가로 막대형은 전국의 매매거래량과 그 변화율을 비교하여 보여줍니다. 각 지역별 거래량과 함께 수도권과 비수도권의 차이를 시각적으로 나타냅니다. 최근 통계에 따르면, 수도권의 거래량 증가가 두드러지며 전체적인 시장 회복세를 반영하고 있습니다.",172.03842049092853,1598.6339381003202,976.6488794023478,817.8441835645676,2480,3508
train,report,/workspace/data/train/json/MI3_240819_TY1_0030_8.json,/workspace/data/train/jpg/MI2_240819_TY1_0030_8.jpg,MI3_240819_TY1_0030_8,MI3_240819_TY1_0030_8_V02-8_2,V02-8,차트(혼합형),<그림 10> 전월세 거래량 및 가격변화에 대한 혼합형에 대해 알려주세요.,이 혼합형 차트는 전월세 거래량의 변화를 시각적으로 분석합니다. 해당 차트는 월세와 전세의 거래량 추이를 동시에 보여주어 두 시장 간의 관계를 파악하는 데 유용합니다. 최근 데이터에서는 수도권과 지방광역시 모두에서 거래량이 상승하는 경향을 보이고 있어 시장 활기를 나타냅니다.,1206.9156883671292,2281.4941302027746,1018.9967982924227,836.3713980789756,2480,3508
train,report,/workspace/data/train/json/MI3_240819_TY1_0030_8.json,/workspace/data/train/jpg/MI2_240819_TY1_0030_8.jpg,MI3_240819_TY1_0030_8,MI3_240819_TY1_0030_8_V02-4_1,V02-4,차트(꺾은선형),부동산가격과 관련된 주택가격전망 꺾은선형에 대해 알려주세요.,"주택가격전망을 나타내는 꺾은선형은 주택가격의 변화를 시각적으로 보여줍니다. 이 차트에서는 기준치인 100을 기준으로 한 다양한 수치를 확인할 수 있습니다. 최근 데이터에 따르면, 주택가격전망 CSI와 KB매매가격 전망지수가 모두 상승하여 긍정적인 추세를 보이고 있습니다.",1241.3233724653148,404.95197438633943,960.7684098185699,801.96371398079,2480,3508
train,report,/workspace/data/train/json/MI3_240819_TY1_0030_9.json,/workspace/data/train/jpg/MI2_240819_TY1_0030_9.jpg,MI3_240819_TY1_0030_9,MI3_240819_TY1_0030_9_V02-4_1,V02-4,차트(꺾은선형),전세수요 우위지수 대외 거래 꺾은선형에 대해 알려주세요,"꺾은선형은 시간에 따른 데이터의 변화를 시각적으로 표현하는 방법입니다. 이 타입의 범례는 주로 각 데이터 포인트를 연결하는 선으로 나타나며, 데이터 간의 경향성을 쉽게 파악할 수 있습니다. 본문과 꺾은선형을 기반으로 볼 때, 최근 전세 수요가 지속적으로 감소하고 있는 추세가 나타나고 있습니다.",264.674493062967,418.18569903948776,971.3553895410886,799.3169690501599,2480,3508
train,report,/workspace/data/train/json/MI3_240819_TY1_0030_9.json,/workspace/data/train/jpg/MI2_240819_TY1_0030_9.jpg,MI3_240819_TY1_0030_9,MI3_240819_TY1_0030_9_V02-4_2,V02-4,차트(꺾은선형),부동산가격 상승률 최근의 경제동향 꺾은선형에 대해 알려주세요,"꺾은선형은 특정 시점에서의 데이터 변화량을 직관적으로 보여주는 그래프입니다. 이 타입의 범례는 데이터 포인트와 그 사이를 연결하는 선으로 구성되어 있으며, 각 포인트 간의 변화를 한눈에 볼 수 있게 합니다. 본문과 꺾은선형을 통해 부동산 가격이 전반적으로 상승세를 보이고 있으나 일부 지역에서는 하락세도 관찰되고 있음을 알 수 있습니다.",1326.0192102454644,2106.8089647812167,997.8228388473855,804.6104589114199,2480,3508
train,report,/workspace/data/train/json/MI3_240819_TY1_0032_1.json,/workspace/data/train/jpg/MI2_240819_TY1_0032_1.jpg,MI3_240819_TY1_0032_1,MI3_240819_TY1_0032_1_V02-4_1,V02-4,차트(꺾은선형),소비자심리지수 꺾은선형에 대해 알려주세요,"소비자심리지수 꺾은선형은 소비자들이 경제 상황에 대해 어떻게 느끼고 있는지를 나타내는 지표입니다. 이 꺾은선형의 범례는 경기전망과 소비지출전망 등을 포함하여 소비자들의 기대감을 시각적으로 표현합니다. 최근 데이터를 보면 소비자심리지수가 개선되는 경향을 보이며, 이는 향후 민간소비에 긍정적인 영향을 미칠 것으로 예상됩니다.",1286.3175526810937,1061.3447286344187,1056.0512273212382,780.7897545357521,2480,3508
train,report,/workspace/data/train/json/MI3_240819_TY1_0032_2.json,/workspace/data/train/jpg/MI2_240819_TY1_0032_2.jpg,MI3_240819_TY1_0032_2,MI3_240819_TY1_0032_2_V02-8_1,V02-8,차트(혼합형),설비투자 관련 지표와 건설투자 관련 지표에 대해 알려주세요,"기계류와 정밀기기 수입액과 기계류 투자지수의 혼합형 차트에 대해 간단히 설명합니다. 이 차트는 기계류와 정밀기기의 수입액과 기계류 투자지수 간의 관계를 시각적으로 나타냅니다. 데이터에 따르면 기계류의 수입이 증가하고 있는 반면, 기계류 투자지수는 다소 변동성이 있으며, 최근 몇 년간 상승세를 보이고 있습니다.",161.45144076840944,1838.5010119062144,1003.1163287086436,750.0155302495999,2480,3508
train,report,/workspace/data/train/json/MI3_240819_TY1_0032_2.json,/workspace/data/train/jpg/MI2_240819_TY1_0032_2.jpg,MI3_240819_TY1_0032_2,MI3_240819_TY1_0032_2_V02-8_2,V02-8,차트(혼합형),건설기성액과 관련된 자료에 대해 알려주세요,"건설기성액을 나타내는 혼합형 차트에 대해 간단히 설명합니다. 이 차트는 건설기성액과 증감률을 동시에 보여줍니다. 최근 데이터에 따르면 건설기성액은 전년 동기 대비 감소세를 보이며, 이는 공사물량 축소 흐름과 연관이 있을 것으로 추측됩니다.",1243.9701173959402,1782.0110034099823,997.8228388473833,758.8641299944966,2480,3508
train,report,/workspace/data/train/json/MI3_240819_TY1_0032_3.json,/workspace/data/train/jpg/MI2_240819_TY1_0032_3.jpg,MI3_240819_TY1_0032_3,MI3_240819_TY1_0032_3_V01_1,V01,표,산업 활동 <표 4> 전산업 생산 차트(꺾은선형)에 대해 알려주세요,"<표 4> 전산업 생산 차트(꺾은선형)는 여러 산업 분야의 전반적인 생산 추세를 시간에 따라 나타낸 것입니다. 이 차트는 연도별 및 분기별 데이터를 시각화하여 각각의 산업이 어떻게 변화하고 있는지를 쉽게 이해할 수 있도록 돕습니다. 본문에 따르면, 전산업 생산은 지난 몇 년 간 변화가 있었으며 특히 광공업과 서비스 업종 간의 변화를 주목할 필요가 있습니다.",264.674493062967,971.3553895410886,1005.7630736392742,717.2678762006406,2480,3508
train,report,/workspace/data/train/json/MI3_240819_TY1_0032_3.json,/workspace/data/train/jpg/MI2_240819_TY1_0032_3.jpg,MI3_240819_TY1_0032_3,MI3_240819_TY1_0032_3_V01_2,V01,표,산업 활동 <표5> 제조업 생산 및 평균가동률 차트(세로 막대형)에 대해 알려주세요,"<표5> 제조업 생산 및 평균가동률 차트(세로 막대형)는 제조업의 생산과 평균 가동률을 비교하여 시각적으로 나타낸 것입니다. 이 차트는 각 연도와 분기별 제조업 생산량과 평균 가동률을 보여주며, 다양한 산업 분야의 성과를 분석하는 데 유용합니다. 본문에서 언급된 데이터에 따르면, 최근 몇 년간 제조업 생산은 감소세를 보였으며, 특정 산업군에서는 큰 변화를 겪고 있음을 확인할 수 있습니다.",1299.5514707762118,404.95199729018157,1006.6600871678255,1183.0949839914608,2480,3508
train,report,/workspace/data/train/json/MI3_240819_TY1_0032_4.json,/workspace/data/train/jpg/MI2_240819_TY1_0032_4.jpg,MI3_240819_TY1_0032_4,MI3_240819_TY1_0032_4_V02-8_1,V02-8,차트(혼합형),취업자수 변화에 대해 알려주세요.,"(S.A., 백만명) 형태의 차트는 취업자 수와 그 변화 추이를 시각적으로 나타냅니다. 이 차트는 특정 기간 동안 취업자 수의 증감 변화를 시간에 따라 보여줍니다. 최근 통계에 따르면, 취업자 수는 전년 동월 대비 증가하였으며 이는 고용 시장이 호조세를 이어가고 있음을 시사합니다.",1236.0298826040523,1164.1866312309874,989.882604055495,781.1708927818182,2480,3508
train,report,/workspace/data/train/json/MI3_240819_TY1_0032_4.json,/workspace/data/train/jpg/MI2_240819_TY1_0032_4.jpg,MI3_240819_TY1_0032_4,MI3_240819_TY1_0032_4_V01_1,V01,표,서비스업 생산에 대해 알려주세요.,"서비스업 생산은 다양한 업종의 생산 변화를 보여주는 표입니다. 이 표는 각 업종의 서비스업 생산량을 전년 동기 대비와 전기 대비로 비교하여 나타냅니다. 최근 데이터에 따르면, 도소매업과 부동산업 등에서 긍정적인 성장세가 관찰되며, 반면 교육 서비스업은 감소세를 보이고 있습니다.",153.5112059765208,865.4855923159018,1024.2902881536818,1516.5848452508005,2480,3508
train,report,/workspace/data/train/json/MI3_240819_TY1_0032_5.json,/workspace/data/train/jpg/MI2_240819_TY1_0032_5.jpg,MI3_240819_TY1_0032_5,MI3_240819_TY1_0032_5_V01_1,V01,표,<표 7> 고용 관련 지표에 대해 알려주세요,"<표 7> 고용 관련 지표는 취업자 수, 실업자 수, 실업률 등의 정보를 요약한 표입니다. 이 표의 범례는 전년 동기 대비 증감률을 포함하여 다양한 시점에서의 고용 상태를 보여줍니다. 최근 데이터에 따르면 취업자 수가 증가하는 추세를 보이고 있으며, 실업률은 일부 시점에서 소폭 감소하고 있습니다.",267.3212379935966,412.8922091782284,974.0021344717183,1140.7470651013875,2480,3508
train,report,/workspace/data/train/json/MI3_240819_TY1_0032_5.json,/workspace/data/train/jpg/MI2_240819_TY1_0032_5.jpg,MI3_240819_TY1_0032_5,MI3_240819_TY1_0032_5_V01_2,V01,표,<표8> 산업별 취업자수 증감에 대해 알려주세요,"<표8> 산업별 취업자수 증감은 각 산업 분야의 연도별 및 분기별 취업자 수 변화를 보여주는 자료입니다. 이 표는 농림어업, 제조업, 건설업, 서비스업 등 여러 산업의 세부 데이터를 포함하고 있습니다. 전체적으로 서비스 업종에서 강한 증가세를 보이고 있으며, 제조업은 감소세가 두드러지는 경향이 나타납니다.",1307.4919957310565,1365.7203842049094,981.9423692636074,974.0021344717183,2480,3508
train,report,/workspace/data/train/json/MI3_240819_TY1_0032_5.json,/workspace/data/train/jpg/MI2_240819_TY1_0032_5.jpg,MI3_240819_TY1_0032_5,MI3_240819_TY1_0032_5_V02-1_1,V02-1,차트(세로 막대형),"(전년동기대비, 만명) 차트(세로 막대형)에 대해 알려주세요","(전년동기대비, 만명) 차트(세로 막대형)는 각 산업군의 취업자 수 변화를 시각적으로 표현한 그래프입니다. 이 차트는 전체와 각각의 산업군에 대한 비교를 통해 고용 시장의 변동을 쉽게 이해할 수 있도록 돕습니다. 최근 데이터에서는 농림어업과 제조업의 변화가 상대적으로 부진함에도 불구하고 서비스 업종에서 긍정적인 성장이 지속되고 있음을 알 수 있습니다.",1323.3724653148345,418.18569903948776,960.76840981857,786.0832443970116,2480,3508
train,report,/workspace/data/train/json/MI3_240819_TY1_0032_6.json,/workspace/data/train/jpg/MI2_240819_TY1_0032_6.jpg,MI3_240819_TY1_0032_6,MI3_240819_TY1_0032_6_V02-4_1,V02-4,차트(꺾은선형),경기종합지수 꺾은선형에 대해 알려주세요,"경기종합지수 꺾은선형은 경제의 전반적인 흐름을 시각적으로 나타낸 것입니다. 이 꺾은선형의 범례는 특정 기간의 경기 상황을 지표로 하여 변화하는 추세를 보여줍니다. 최근 데이터에 따르면, 경기종합지수가 상승과 하락을 반복하며 일정한 패턴을 보이고 있어 경제 활동이 다소 불안정한 상태임을 나타냅니다.",1236.0298826040553,1251.9103521878333,960.7684098185699,865.4855923159018,2480,3508
train,report,/workspace/data/train/json/MI3_240819_TY1_0032_7.json,/workspace/data/train/jpg/MI2_240819_TY1_0032_7.jpg,MI3_240819_TY1_0032_7,MI3_240819_TY1_0032_7_V01_1,V01,표,소비자물가 상승률 표에 대해 알려주세요,"소비자물가 상승률 표는 특정 기간 동안의 소비자물가 변동을 보여줍니다. 이 표에는 2018년과 2019년의 연간 및 분기별 소비자물가 상승률이 포함되어 있으며, 농축수산물, 공업제품, 서비스 등의 가격 변동이 나열되어 있습니다. 최근 몇 년 간 소비자물가는 낮은 수준을 유지하고 있으며, 특히 농축수산물의 가격 하락이 두드러진 것을 볼 수 있습니다.",1283.6712913553893,687.0545628805368,1018.9967982924227,1266.243195924159,2480,3508
train,report,/workspace/data/train/json/MI3_240819_TY1_0032_7.json,/workspace/data/train/jpg/MI2_240819_TY1_0032_7.jpg,MI3_240819_TY1_0032_7,MI3_240819_TY1_0032_7_V02-4_1,V02-4,차트(꺾은선형),소비자물가 추세 차트에 대해 알려주세요,"소비자물가 추세 차트는 시간에 따른 소비자물가 변화를 시각적으로 표현한 것입니다. 이 차트는 전년 동월 대비 물가 상승률의 흐름을 보여주며, 식료품과 에너지를 제외한 데이터도 포함됩니다. 최근 몇 년간 물가는 안정적인 범위 내에서 변화하고 있으나, 특정 시점에서 급격한 변화가 나타난 것을 확인할 수 있습니다.",272.61472785485597,1093.1056563500533,958.1216648879403,825.784418356457,2480,3508
train,report,/workspace/data/train/json/MI3_240819_TY1_0032_8.json,/workspace/data/train/jpg/MI2_240819_TY1_0032_8.jpg,MI3_240819_TY1_0032_8,MI3_240819_TY1_0032_8_V02-4_1,V02-4,차트(꺾은선형),<그림 9> 주택매수 심리지수 꺾은선형에 대해 알려주세요,"주택매수 심리지수를 나타내는 꺾은선형 그래프입니다. 이 그래프는 기준치 100을 중심으로 주택가격 전망 CSI와 KB 매매가격 전망지수를 시각적으로 표현하고 있습니다. 최근 추세로 볼 때, 두 지수가 모두 상승하여 주택가격 전망이 긍정적인 방향으로 변화하고 있음을 알 수 있습니다.",1225.4429028815368,428.77267876200636,1045.4642475987196,764.9092849519745,2480,3508
train,report,/workspace/data/train/json/MI3_240819_TY1_0032_8.json,/workspace/data/train/jpg/MI2_240819_TY1_0032_8.jpg,MI3_240819_TY1_0032_8,MI3_240819_TY1_0032_8_V02-8_2,V02-8,차트(혼합형),<그림 10> 아파트 전세가격 및 전월세거래량 혼합형에 대해 알려주세요,"아파트 전세가격 및 전월세 거래량을 보여주는 혼합형 차트입니다. 이 차트는 전월 대비 전세 거래량과 가격의 변화를 동시에 나타내며, 수도권과 비수도권의 비교를 포함합니다. 현재 데이터에서 수도권은 상승세를 보이고 있지만, 비수도권은 하락세를 유지하고 있는 모습을 확인할 수 있습니다.",182.6254002134468,1631.7521189994306,976.6488794023468,792.666237457345,2480,3508
train,report,/workspace/data/train/json/MI3_240819_TY1_0032_9.json,/workspace/data/train/jpg/MI2_240819_TY1_0032_9.jpg,MI3_240819_TY1_0032_9,MI3_240819_TY1_0032_9_V02-4_1,V02-4,차트(꺾은선형),대외 거래 전세수요 우위지수 꺾은선형에 대해 알려주세요,"전세수요 우위지수 꺾은선형은 전세 수요의 변화를 시각적으로 나타냅니다. 이 차트는 시간에 따른 전세 수요의 변동을 보여주며, 각 데이터 포인트는 해당 시점에서의 수치를 나타냅니다. 본문 내용과 함께 볼 때, 최근 전세 수요가 어떻게 변화하고 있는지를 파악할 수 있습니다.",259.3810032017076,436.7129135538954,995.1760939167557,751.6755602988262,2480,3508
train,report,/workspace/data/train/json/MI3_240819_TY1_0032_9.json,/workspace/data/train/jpg/MI2_240819_TY1_0032_9.jpg,MI3_240819_TY1_0032_9,MI3_240819_TY1_0032_9_V02-4_2,V02-4,차트(꺾은선형),부동산가격 상승률 가로 막대형에 대해 알려주세요,"부동산가격 상승률 가로 막대형은 여러 지역의 부동산 가격 상승폭을 비교할 수 있게 해줍니다. 이 차트에서는 각 지역별 가격 변화를 일목요연하게 보여주며, 높이가 가격 상승률을 나타냅니다. 본문과 차트를 통해 특정 지역이 다른 지역에 비해 어떤 추세를 보이고 있는지를 알 수 있습니다.",1323.3724653148317,2124.6522527318884,971.3553895410877,762.9464665850802,2480,3508
train,report,/workspace/data/train/json/MI3_240819_TY1_0033_1.json,/workspace/data/train/jpg/MI2_240819_TY1_0033_1.jpg,MI3_240819_TY1_0033_1,MI3_240819_TY1_0033_1_V02-4_1,V02-4,차트(꺾은선형),최근의 경제동향에 대한 소비자심리지수 꺾은선형에 대해 알려주세요,"소비자심리지수 꺾은선형은 소비자들의 경제에 대한 신뢰도와 전망을 시각적으로 나타낸 그래프입니다. 이 차트는 소비지출전망과 소비자심리지수를 비교하여 보여주며, 소비자 심리가 전반적으로 어떤 추세를 보이고 있는지를 알 수 있습니다. 최근 자료를 보면, 경기 전망이 다소 불안정한 가운데 소비자들이 느끼는 심리적 부담이 증가하고 있음을 보여줍니다.",1307.4919957310565,1071.931696905016,1016.3500533617932,799.3169690501601,2480,3508
train,report,/workspace/data/train/json/MI3_240819_TY1_0033_2.json,/workspace/data/train/jpg/MI2_240819_TY1_0033_2.jpg,MI3_240819_TY1_0033_2,MI3_240819_TY1_0033_2_V02-8_1,V02-8,차트(혼합형),건설기성액 관련 데이터의 혼합형 차트에 대해 알려주세요,"건설기성액을 나타내는 혼합형 차트는 시계열 데이터를 통해 건설 기성액의 변화를 시각적으로 표현합니다. 이 차트에는 증감률과 함께 건설기성액의 동향이 나타나며, 두 가지 축을 사용하여 상관관계를 보여줍니다. 최근 몇 년간의 데이터에 따르면 건설기성액은 변동성이 있으며, 특정 시점에서는 감소세를 보이고 있습니다.",1254.5570971184632,1781.2593383137676,1011.0565635005337,788.7299893276412,2480,3508
train,report,/workspace/data/train/json/MI3_240819_TY1_0033_2.json,/workspace/data/train/jpg/MI2_240819_TY1_0033_2.jpg,MI3_240819_TY1_0033_2,MI3_240819_TY1_0033_2_V02-8_2,V02-8,차트(혼합형),기계류와 정밀기기 수입액 관련 데이터의 혼합형 차트에 대해 알려주세요,"기계류와 정밀기기 수입액을 나타내는 혼합형 차트는 다양한 경제적 지표들을 비교하여 시각화합니다. 이 차트는 기계류 투자지수와 수입액 간의 관계를 보여주며, 두 가지 축으로 각각 다른 데이터를 표현합니다. 최근 추세를 보면, 기계류 투자지수와 수입액 간의 상관관계가 뚜렷하게 나타나고 있으며, 일정한 패턴이 존재함을 알 수 있습니다.",195.85912486659552,1810.3735325506937,981.9423692636074,794.0234791889009,2480,3508
train,report,/workspace/data/train/json/MI3_240819_TY1_0033_3.json,/workspace/data/train/jpg/MI2_240819_TY1_0033_3.jpg,MI3_240819_TY1_0033_3,MI3_240819_TY1_0033_3_V01_1,V01,표,전산업 생산 전산업생산 차트(꺾은선형)에 대해 알려주세요,전산업생산 차트(꺾은선형)는 다양한 산업 부문의 생산 동향을 시간에 따라 표현합니다. 이 차트는 각 산업 부문별 전기 대비 변화율의 범례를 제공합니다. 최근 몇 개월간 전산업생산에서 광공업이 증가하고 서비스업 및 건설업이 감소하는 추세가 관찰됩니다.,267.32123799359584,968.1254008097643,992.5293489861238,711.1890369840629,2480,3508
train,report,/workspace/data/train/json/MI3_240819_TY1_0033_3.json,/workspace/data/train/jpg/MI2_240819_TY1_0033_3.jpg,MI3_240819_TY1_0033_3,MI3_240819_TY1_0033_3_V01_2,V01,표,산업 활동 제조업 생산 및 평균가동률 차트(세로 막대형)에 대해 알려주세요,"제조업 생산 및 평균가동률 차트(세로 막대형)는 산업 활동의 변화를 시각적으로 나타냅니다. 이 차트는 제조업 생산과 평균 가동률의 연도별 변화를 보여주는 범례를 가지고 있습니다. 2018년과 2019년을 비교할 때, 제조업 생산은 일관된 증가세를 보였으며, 평균 가동률도 전반적으로 상승하는 경향을 나타냅니다.",1292.1947699479704,405.4004811506149,1005.7630736392737,1213.8915411122584,2480,3508
train,report,/workspace/data/train/json/MI3_240819_TY1_0033_4.json,/workspace/data/train/jpg/MI2_240819_TY1_0033_4.jpg,MI3_240819_TY1_0033_4,MI3_240819_TY1_0033_4_V01_1,V01,표,고용 및 임금 서비스업 생산 표에 대해 알려주세요,"서비스업 생산 표는 다양한 업종의 생산 변화를 나타내는 데이터입니다. 이 표에는 각 업종별 전기 대비 및 전년 동기 대비 변화율이 포함되어 있습니다. 최근 데이터에 따르면, 서비스업 전체적으로 일부 업종에서는 감소세가 보였지만, 부동산업과 같은 특정 분야에서 증가세를 보이며 복합적인 경제 상황을 반영하고 있습니다.",153.5112059765208,783.4364994663822,1013.7033084311631,1503.3511205976522,2480,3508
train,report,/workspace/data/train/json/MI3_240819_TY1_0033_4.json,/workspace/data/train/jpg/MI2_240819_TY1_0033_4.jpg,MI3_240819_TY1_0033_4,MI3_240819_TY1_0033_4_V02-8_1,V02-8,차트(혼합형),고용 및 임금 취업자수 차트(혼합형)에 대해 알려주세요,"취업자수 차트(혼합형)는 시간에 따른 취업자 수와 그 변화를 동시에 보여주는 시각적 자료입니다. 이 차트는 취업자 수의 증감 추이를 좌축과 우축으로 나누어 표현하여 이해를 돕습니다. 최근 데이터에 따르면, 10월 중 취업자 수는 증가세를 보였으나 여전히 제조업과 건설업에서는 고용 감소가 지속되고 있어 산업 간 격차가 존재함을 나타냅니다.",1236.0298826040553,1159.2742796157952,1018.9967982924227,786.0832443970116,2480,3508
train,report,/workspace/data/train/json/MI3_240819_TY1_0033_5.json,/workspace/data/train/jpg/MI2_240819_TY1_0033_5.jpg,MI3_240819_TY1_0033_5,MI3_240819_TY1_0033_5_V01_1,V01,표,고용 관련 지표 표에 대해 알려주세요,"고용 관련 지표 표는 연간 및 분기별 취업자 수와 실업률을 정리한 것입니다. 이 표는 계절조정 전후의 취업자 수와 실업률 변화 등을 상세히 제시합니다. 데이터에 따르면, 최근 몇 년간 취업자 수가 꾸준히 증가하고 있으며 실업률은 비교적 안정적인 수준을 유지하고 있습니다.",259.3810032017076,410.24546424759876,1011.0565635005336,1177.8014941302026,2480,3508
train,report,/workspace/data/train/json/MI3_240819_TY1_0033_5.json,/workspace/data/train/jpg/MI2_240819_TY1_0033_5.jpg,MI3_240819_TY1_0033_5,MI3_240819_TY1_0033_5_V02-1_1,V02-1,차트(세로 막대형),산업별 취업자수 증감 차트(세로 막대형)에 대해 알려주세요,"산업별 취업자수 증감 차트(세로 막대형)는 전년 동기 대비 각 산업의 취업자 수 변동을 시각적으로 나타낸 것입니다. 이 차트는 전체, 농림어업, 제조업, 건설업, 서비스업으로 나누어 각 산업의 취업자 수 증가 또는 감소를 보여줍니다. 최근 데이터에 따르면, 서비스업의 고용이 증가하며 긍정적인 추세를 보이고 있습니다.",1318.0789754535754,404.95197438633943,1005.7630736392744,812.5506937033083,2480,3508
train,report,/workspace/data/train/json/MI3_240819_TY1_0033_5.json,/workspace/data/train/jpg/MI2_240819_TY1_0033_5.jpg,MI3_240819_TY1_0033_5,MI3_240819_TY1_0033_5_V01_2,V01,표,산업별 취임자수 증감 표에 대해 알려주세요,"산업별 취임자수 증감 표는 2018년과 2019년 간 각 산업 부문의 고용 변화를 나타냅니다. 이 표는 농림어 업, 제조 업 등 다양한 산업군에서의 인원 변화를 명확하게 구분하여 보여줍니다. 분석 결과 특정 산업에서 고용 호조가 지속되고 있는 반면 일부 업종에서는 감소세가 두드러지고 있습니다.",1288.964781216649,1365.7203842049094,1024.2902881536818,1003.1163287086449,2480,3508
train,report,/workspace/data/train/json/MI3_240819_TY1_0033_6.json,/workspace/data/train/jpg/MI2_240819_TY1_0033_6.jpg,MI3_240819_TY1_0033_6,MI3_240819_TY1_0033_6_V01_1,V01,표,월평균 명목임금 표에 대해 알려주세요,"월평균 명목임금 표는 다양한 산업에서의 임금 변화를 보여줍니다. 이 표는 전년 동기 대비 임금의 변화율을 포함하여, 각 분기별 임금을 나타냅니다. 본문 내용을 바탕으로 보면, 상용직과 임시 일용직의 임금은 전반적으로 상승세를 보이고 있습니다.",166.74493062966917,949.5981862953583,1005.7630736392737,1308.0752395317484,2480,3508
train,report,/workspace/data/train/json/MI3_240819_TY1_0033_6.json,/workspace/data/train/jpg/MI2_240819_TY1_0033_6.jpg,MI3_240819_TY1_0033_6,MI3_240819_TY1_0033_6_V02-4_1,V02-4,차트(꺾은선형),경기종합지수 차트(꺾은선형)에 대해 알려주세요,"경기종합지수 꺾은선형 차트는 경제 활동의 변동성을 시각적으로 나타냅니다. 이 차트는 동행지수와 선행지수를 비교하여 경기가 어떤 방향으로 나아가고 있는지를 보여줍니다. 최근 자료에 따르면 경기 동행지수가 일정 수준을 유지하고 있으며, 이는 안정적인 경제 흐름을 의미합니다.",1236.0298826040553,1251.9103521878333,1005.7630736392746,841.664887940235,2480,3508
train,report,/workspace/data/train/json/MI3_240819_TY1_0033_7.json,/workspace/data/train/jpg/MI2_240819_TY1_0033_7.jpg,MI3_240819_TY1_0033_7,MI3_240819_TY1_0033_7_V01_1,V01,표,소비자물가 상승률(전년동기대비) 표에 대해 알려주세요,"소비자물가 상승률(전년동기대비) 표는 다양한 품목별 물가 변화를 수치로 표현하는 자료입니다. 이 표에는 연간, 분기별 및 월별 데이터와 함께 각 항목별 물가 변화율이 포함되어 있습니다. 최근 수치를 보면 농축수산물이 큰 변동을 겪으며 전체 물가에 영향을 미친 것으로 분석됩니다.",1316.3405954759528,774.6662496498803,973.0937695187077,1261.2861786396722,2480,3508
train,report,/workspace/data/train/json/MI3_240819_TY1_0033_7.json,/workspace/data/train/jpg/MI2_240819_TY1_0033_7.jpg,MI3_240819_TY1_0033_7,MI3_240819_TY1_0033_7_V02-4_1,V02-4,차트(꺾은선형),소비자물가 상승률 추이에 대해 알려주세요,"소비자물가 상승률 추이는 경제 지표의 변화를 시각적으로 나타내는 꺾은선형 차트입니다. 이 차트의 범례는 소비자물가, 식료품·에너지 제외, 농산물·석유류 제외 등을 포함합니다. 최근 데이터를 기반으로 볼 때 소비자물가는 일정한 변동을 보이며, 특정 기간 동안의 가격 동향이 상승세를 나타내고 있음을 보여줍니다.",254.08751334044823,1111.6328708644612,987.2358591248665,783.4364994663822,2480,3508
train,report,/workspace/data/train/json/MI3_240819_TY1_0033_8.json,/workspace/data/train/jpg/MI2_240819_TY1_0033_8.jpg,MI3_240819_TY1_0033_8,MI3_240819_TY1_0033_8_V02-4_1,V02-4,차트(꺾은선형),<그림 9> 주택매수 심리지수 꺾은선형에 대해 알려주세요,주택매수 심리지수 꺾은선형은 주택 가격에 대한 전망을 시각적으로 보여주는 차트입니다. 이 꺾은선형에서는 기준치인 100을 기준으로 한 다양한 지수가 표현됩니다. 본문에서 언급된 자료를 통해 주택가격전망CSI와 KB매매가격 전망지수가 모두 상승했음을 알 수 있습니다.,1230.7363927427962,404.95197438633943,971.3553895410885,783.4364994663823,2480,3508
train,report,/workspace/data/train/json/MI3_240819_TY1_0033_8.json,/workspace/data/train/jpg/MI2_240819_TY1_0033_8.jpg,MI3_240819_TY1_0033_8,MI3_240819_TY1_0033_8_V02-8_2,V02-8,차트(혼합형),<그림 10> 아파트 전세가격 및 전월세거래량 혼합형에 대해 알려주세요,"아파트 전세가격 및 전월세거래량 혼합형은 두 가지 데이터의 관계를 동시에 보여주는 차트입니다. 이 혼합형에서는 거래량과 가격 변화를 비교할 수 있는 범례가 포함되어 있습니다. 본문 내용을 통해 최근 전세가격이 상승하고 있으며, 거래량도 증가하는 추세임을 확인할 수 있습니다.",1220.149413020276,2305.3148345784393,981.9423692636058,761.2080866074626,2480,3508
train,report,/workspace/data/train/json/MI3_240819_TY1_0033_9.json,/workspace/data/train/jpg/MI2_240819_TY1_0033_9.jpg,MI3_240819_TY1_0033_9,MI3_240819_TY1_0033_9_V02-4_1,V02-4,차트(꺾은선형),<그림 12> 수출 및 최근의 경제동향에 대해 알려주세요,"이 그래프는 총 수출과 일평균 수출량을 비교하여 나타냅니다. 범례에는 선박 제외 일평균 수출량을 포함하고 있습니다. 본문과 그래프를 통해 현재 수출 동향을 분석하면, 최근 몇 년간 증가세가 유지되고 있지만 특정 제품군에서 감소하는 현상이 있음을 알 수 있습니다.",1331.3127001067235,2127.982924226254,947.5346851654219,741.0885805763073,2480,3508
train,report,/workspace/data/train/json/MI3_240819_TY1_0033_9.json,/workspace/data/train/jpg/MI2_240819_TY1_0033_9.jpg,MI3_240819_TY1_0033_9,MI3_240819_TY1_0033_9_V01_1,V01,표,<표11> 부동산가격 상승률 및 최근의 경제동향에 대해 알려주세요,"이 표는 부동산 가격 상승률을 연도별 및 분기별로 정리한 것입니다. 범례에는 아파트 매매 가격, 전세 가격 및 토지 가격 관련 데이터가 포함되어 있습니다. 이 데이터를 통해 최근 몇 년 간의 부동산 시장 변화 추세를 파악할 수 있으며, 특히 수도권과 비수도권 간의 차이가 두드러집니다.",253.8630749511756,1373.8657740620731,1009.4642719837881,1037.3188348377053,2480,3508
train,report,/workspace/data/train/json/MI3_240819_TY1_0033_9.json,/workspace/data/train/jpg/MI2_240819_TY1_0033_9.jpg,MI3_240819_TY1_0033_9,MI3_240819_TY1_0033_9_V02-4_2,V02-4,차트(꺾은선형),<그림 11> 전세수요 우위지수 및 대외 거래에 대해 알려주세요,"이 그래프는 전세수요 우위지수와 대외 거래의 변화를 시각적으로 나타냅니다. 이 차트의 범례에는 전국, 지방광역시, 수도권에 대한 데이터가 포함되어 있습니다. 본문에서는 전반적인 주택가격 동향과 함께 지역별 가격 차이를 확인할 수 있으며, 이는 경제 상황에 따라 변화하는 수출입 실적과 연관이 있음을 보여줍니다.",287.4837239187471,424.1028597094115,981.9423692636074,770.2027748132338,2480,3508
train,report,/workspace/data/train/json/MI3_240819_TY1_0034_1.json,/workspace/data/train/jpg/MI2_240819_TY1_0034_1.jpg,MI3_240819_TY1_0034_1,MI3_240819_TY1_0034_1_V01_1,V01,표,국내 수요에서 소매판매액 표에 대해 알려주세요,"소매판매액 표는 연도별 및 분기별 소매 판매 성과를 정리한 자료입니다. 이 표는 각 카테고리별 판매액 변화와 전년 동기 대비 성장을 비교할 수 있도록 구성되어 있습니다. 최근 데이터에 따르면, 내구재와 준내구재 부문에서 부진한 실적이 이어지고 있으며, 전반적인 소비 감소가 우려됩니다.",264.674493062967,1601.2806830309498,1013.7033084311631,727.8548559231592,2480,3508
train,report,/workspace/data/train/json/MI3_240819_TY1_0034_1.json,/workspace/data/train/jpg/MI2_240819_TY1_0034_1.jpg,MI3_240819_TY1_0034_1,MI3_240819_TY1_0034_1_V02-4_1,V02-4,차트(꺾은선형),최근의 경제동향에서 소비자심리지수 꺾은선형에 대해 알려주세요,"소비자심리지수 꺾은선형은 소비자들의 경제에 대한 신뢰를 나타내는 지표입니다. 이 꺾은선형의 범례는 향후 경기전망과 소비지출전망을 포함하여 소비자심리의 변화를 시각적으로 보여줍니다. 분석 결과, 최근의 데이터에서는 소비자 심리가 다소 위축되고 있음을 알 수 있습니다.",1318.0789754535754,1063.991462113127,981.9423692636071,778.1430096051229,2480,3508
train,report,/workspace/data/train/json/MI3_240819_TY1_0034_2.json,/workspace/data/train/jpg/MI2_240819_TY1_0034_2.jpg,MI3_240819_TY1_0034_2,MI3_240819_TY1_0034_2_V02-8_1,V02-8,차트(혼합형),기계류와 정밀기기 수입액 관련 차트(혼합형)에 대해 알려주세요,"기계류와 정밀기기 수입액 관련 차트(혼합형)는 기계류 투자지수와 함께 표시되어 두 변수 간의 관계를 시각적으로 나타냅니다. 이 차트에서는 각 시점별 기계류 투자지수 및 수입액 변화를 비교할 수 있으며, 이를 통해 경제적 흐름을 이해하는 데 도움을 줍니다. 최근 추세를 보면 기계류 수입이 증가함에 따라 해당 투자지수도 상승세를 보이고 있습니다.",177.33191035218783,1828.9007470651015,1000.469583778015,770.2027748132338,2480,3508
train,report,/workspace/data/train/json/MI3_240819_TY1_0034_2.json,/workspace/data/train/jpg/MI2_240819_TY1_0034_2.jpg,MI3_240819_TY1_0034_2,MI3_240819_TY1_0034_2_V02-8_2,V02-8,차트(혼합형),건설기성액 관련 차트(혼합형)에 대해 알려주세요,"건설기성액 관련 차트(혼합형)는 시계열 데이터를 기반으로 한 다양한 지표의 변화를 보여줍니다. 이 차트는 건설기성액의 증감률을 좌측 축과 함께 표현하여, 시간에 따른 변화 추이를 쉽게 파악할 수 있도록 돕습니다. 최근 데이터에 따르면 건설기성액은 변동성을 보이며, 특정 시점에서 급증하거나 감소하는 경향이 나타나고 있습니다.",1248.0971196558164,1752.1451440768374,975.9982670834446,807.2572038420469,2480,3508
train,report,/workspace/data/train/json/MI3_240819_TY1_0034_3.json,/workspace/data/train/jpg/MI2_240819_TY1_0034_3.jpg,MI3_240819_TY1_0034_3,MI3_240819_TY1_0034_3_V01_1,V01,표,산업 활동 <표 4> 전산업 생산에 대해 알려주세요,"<표 4>는 전산업 전체의 생산량 변화를 보여주는 표입니다. 이 표는 연도별 및 분기별 데이터로 구성되어 있으며, 각 산업 부문의 성장을 시각화하여 비교할 수 있게 합니다. 최근 데이터에 따르면, 일부 산업 부문에서 감소세가 관찰되고 있어 전체적인 생산이 줄어드는 추세를 나타내고 있습니다.",255.67980485719323,952.8281750266787,1009.4642719837877,759.615795090713,2480,3508
train,report,/workspace/data/train/json/MI3_240819_TY1_0034_3.json,/workspace/data/train/jpg/MI2_240819_TY1_0034_3.jpg,MI3_240819_TY1_0034_3,MI3_240819_TY1_0034_3_V01_2,V01,표,산업 활동 <표5> 제조업 생산 및 평균가동률에 대해 알려주세요,"<표5>는 제조업 생산과 평균 가동률에 대한 정보를 제공하는 표입니다. 이 표에서는 전기 대비와 전년 동기 대비의 수치를 나타내며, 다양한 산업군의 생산 변화를 시각적으로 표현합니다. 최근 제조업 생산은 소폭 증가하였으나, 평균 가동률은 감소한 경향을 보이고 있습니다.",1302.1985058697967,408.2042959523082,1034.8772678762007,1145.434978327308,2480,3508
train,report,/workspace/data/train/json/MI3_240819_TY1_0034_4.json,/workspace/data/train/jpg/MI2_240819_TY1_0034_4.jpg,MI3_240819_TY1_0034_4,MI3_240819_TY1_0034_4_V01_1,V01,표,서비스업 생산과 고용 및 임금에 대해 알려주세요,"이 표는 서비스업 생산에 관한 데이터를 담고 있습니다. 이 데이터는 각 연도와 분기별로 서비스업의 생산량 변화를 나타내며, 다양한 업종별 성과를 비교할 수 있는 정보를 제공합니다. 최근 몇 년간 서비스업 생산은 전반적으로 증가세를 보였지만, 특정 업종에서는 감소세가 관찰되었으며, 이는 경제 전반의 변화와 연결될 수 있습니다.",132.3372465314835,794.0234791889008,1045.4642475987193,1516.5848452508003,2480,3508
train,report,/workspace/data/train/json/MI3_240819_TY1_0034_4.json,/workspace/data/train/jpg/MI2_240819_TY1_0034_4.jpg,MI3_240819_TY1_0034_4,MI3_240819_TY1_0034_4_V02-8_1,V02-8,차트(혼합형),취업자수와 고용 및 임금에 대해 알려주세요,"이 차트는 취업자수의 변화를 나타내는 그래프입니다. 좌축에는 취업자수가 표시되고, 우축에는 전년 동월 대비 증감률이 표시됩니다. 최근 몇 년 동안 취업자수는 지속적인 증가세를 보이고 있으며, 특히 서비스업 부문에서 그 성장이 두드러지게 나타나고 있습니다.",1243.9701173959447,1164.5677694770545,974.0021344717183,780.7897545357524,2480,3508
train,report,/workspace/data/train/json/MI3_240819_TY1_0034_5.json,/workspace/data/train/jpg/MI2_240819_TY1_0034_5.jpg,MI3_240819_TY1_0034_5,MI3_240819_TY1_0034_5_V01_1,V01,표,산업별 취업자수 증감 차트(세로 막대형)에 대해 알려주세요,"산업별 취업자수 증감 차트는 각 산업의 취업자 수 변화를 시각적으로 나타낸 것입니다. 이 차트는 연간, 분기별 및 월별 데이터로 나뉘어 있으며, 각 산업군의 고용 추세를 쉽게 파악할 수 있도록 도와줍니다. 본문에서는 취업자 수가 전년 동기 대비 어떻게 변화했는지를 보여주며, 전체적인 고용 시장의 흐름을 이해하는 데 기여합니다.",248.79402347918895,410.2453611803058,1004.2491320509266,1159.2742796157925,2480,3508
train,report,/workspace/data/train/json/MI3_240819_TY1_0034_5.json,/workspace/data/train/jpg/MI2_240819_TY1_0034_5.jpg,MI3_240819_TY1_0034_5,MI3_240819_TY1_0034_5_V01_2,V01,표,산업별 취업자수 증감 차트(가로 막대형)에 대해 알려주세요,"산업별 취업자수 증감 차트는 여러 산업군의 월별 변동 상황을 그래픽적으로 표현한 것입니다. 이 차트에는 농림어업, 제조업, 건설업, 서비스 업종의 구체적인 인원 변화가 나타나며 각각의 비율이 설명됩니다. 본문에서 언급된 내용으로는 서비스 업종은 지속적으로 증가세를 보이고 있지만 제조 업종은 감소세를 겪고 있다는 점이 강조되고 있습니다.",1296.905016008538,1365.7203842049094,1005.7630736392744,987.2358591248665,2480,3508
train,report,/workspace/data/train/json/MI3_240819_TY1_0034_5.json,/workspace/data/train/jpg/MI2_240819_TY1_0034_5.jpg,MI3_240819_TY1_0034_5,MI3_240819_TY1_0034_5_V02-1_1,V02-1,차트(세로 막대형),고용 관련 지표 차트(가로 막대형)에 대해 알려주세요,"고용 관련 지표 차트는 특정 시점에 전체 및 각 산업별 취업자 수의 변동을 보여주는 그래프입니다. 이 차트에서는 전체, 농림어업, 제조업, 건설업 및 서비스업 등 다양한 산업군의 변화량을 비교할 수 있습니다. 본문 내용을 통해 서비스 업종은 증가하고 있으나 제조업은 감소세를 보이는 등의 정보를 제공하여 경제적 상황을 분석하는 데 유용합니다.",1326.0192102454644,410.24546424759876,963.4151547491995,788.7299893276414,2480,3508
train,report,/workspace/data/train/json/MI3_240819_TY1_0034_6.json,/workspace/data/train/jpg/MI2_240819_TY1_0034_6.jpg,MI3_240819_TY1_0034_6,MI3_240819_TY1_0034_6_V02-4_1,V02-4,차트(꺾은선형),경기종합지수 차트(꺾은선형)에 대해 알려주세요,경기종합지수 차트(꺾은선형)는 경제 활동의 흐름을 시각적으로 나타내는 그래프입니다. 이 차트에서는 선행지수와 동행지수를 비교하여 경기를 분석합니다. 최근 수치에 따르면 경기선행지수는 상승세를 보이며 긍정적인 경제 전망을 나타내고 있습니다.,1249.2636072572038,1265.1440768409816,987.2358591248667,839.0181430096054,2480,3508
train,report,/workspace/data/train/json/MI3_240819_TY1_0034_6.json,/workspace/data/train/jpg/MI2_240819_TY1_0034_6.jpg,MI3_240819_TY1_0034_6,MI3_240819_TY1_0034_6_V01_1,V01,표,월평균 명목임금 표에 대해 알려주세요,"월평균 명목임금 표는 전년도와 비교한 임금의 변동을 보여줍니다. 이 표에는 전산업 임금, 상용직 임금, 정액급여 및 특별급여 등 다양한 항목이 포함되어 있습니다. 최근 데이터에 따르면, 상용직 정액급여는 다소 하락했으나 임시 일용직 임금은 견조한 상승세를 유지하고 있습니다.",153.5112059765208,953.8599255916494,1011.0565635005333,1303.8135002354584,2480,3508
train,report,/workspace/data/train/json/MI3_240819_TY1_0034_7.json,/workspace/data/train/jpg/MI2_240819_TY1_0034_7.jpg,MI3_240819_TY1_0034_7,MI3_240819_TY1_0034_7_V01_1,V01,표,소비자물가에 대한 표에 대해 알려주세요,"소비자물가에 대한 표는 다양한 품목의 가격 변동을 정리하여 보여줍니다. 이 표는 연도별 및 분기별로 물가변화를 비교할 수 있는 중요한 정보를 포함하고 있습니다. 최근 몇 년간 소비자물가는 전반적으로 안정세를 보였으나, 특정 품목군에서는 큰 폭의 변동이 있었음을 나타냅니다.",1302.198505869795,780.206510735058,988.9182220087367,1260.4338307804126,2480,3508
train,report,/workspace/data/train/json/MI3_240819_TY1_0034_7.json,/workspace/data/train/jpg/MI2_240819_TY1_0034_7.jpg,MI3_240819_TY1_0034_7,MI3_240819_TY1_0034_7_V02-4_1,V02-4,차트(꺾은선형),소비자물가 상승률 추이에 대해 알려주세요,"소비자물가 상승률 추이 꺾은선형 그래프는 소비자물가의 변화를 시간에 따라 나타냅니다. 이 그래프는 특정 기간 동안의 물가상승률을 시각적으로 비교할 수 있는 범례를 제공합니다. 최근 데이터에 따르면, 소비자물가는 전체적으로 상승세를 보이며, 특히 식료품과 에너지 제외 지수에서 두드러진 변화가 관찰됩니다.",277.90821771611525,1093.1056563500533,987.2358591248665,823.1376734258273,2480,3508
train,report,/workspace/data/train/json/MI3_240819_TY1_0034_8.json,/workspace/data/train/jpg/MI2_240819_TY1_0034_8.jpg,MI3_240819_TY1_0034_8,MI3_240819_TY1_0034_8_V02-8_2,V02-8,차트(혼합형),아파트 전세가격 및 전월세거래량 아파트 전세 거래량 차트(혼합형)에 대해 알려주세요,"아파트 전세 거래량을 나타내는 혼합형 차트는 전월 대비 변화율과 함께 거래량을 함께 표시합니다. 이 차트에서는 수도권과 비수도권의 거래량 변화가 비교됩니다. 최근 데이터에 따르면, 수도권의 거래량은 감소하는 반면, 지방광역시의 거래량은 증가하여 지역 간 불균형이 발생하고 있음을 보여줍니다.",1236.029882604053,2300.0213447171805,954.9277787063238,780.7897545357512,2480,3508
train,report,/workspace/data/train/json/MI3_240819_TY1_0034_8.json,/workspace/data/train/jpg/MI2_240819_TY1_0034_8.jpg,MI3_240819_TY1_0034_8,MI3_240819_TY1_0034_8_V02-4_1,V02-4,차트(꺾은선형),주택매수 심리지수 주택가격전망 차트(꺾은선형)에 대해 알려주세요,"주택가격전망을 나타내는 꺾은선형 차트는 주택가격의 미래 전망을 시각적으로 표현합니다. 이 차트에서는 기준치를 100으로 설정하고, 다양한 지수를 통해 가격의 변동성을 나타냅니다. 본문에 따르면 최근 주택가격전망 CSI와 KB매매가격 전망지수가 모두 상승세를 보이고 있어 주택 시장에 대한 긍정적인 전망이 반영되고 있습니다.",1225.4429028815368,410.24546424759876,1005.7630736392742,794.0234791889008,2480,3508
train,report,/workspace/data/train/json/MI3_240819_TY1_0034_9.json,/workspace/data/train/jpg/MI2_240819_TY1_0034_9.jpg,MI3_240819_TY1_0034_9,MI3_240819_TY1_0034_9_V02-4_1,V02-4,차트(꺾은선형),부동산가격 상승률 차트(꺾은선형)에 대해 알려주세요,"부동산가격 상승률을 나타내는 꺾은선형 그래프입니다. 이 그래프는 부동산 가격의 변동을 시간에 따라 시각적으로 표현합니다. 본문에서는 최근 몇 년간 부동산 가격의 상승과 하락 추세를 분석하고 있으며, 특정 기간 동안의 가격 변화 양상을 확인할 수 있습니다.",1323.3724653148345,2016.8196371398078,1008.4098185699041,770.2027748132341,2480,3508
train,report,/workspace/data/train/json/MI3_240819_TY1_0034_9.json,/workspace/data/train/jpg/MI2_240819_TY1_0034_9.jpg,MI3_240819_TY1_0034_9,MI3_240819_TY1_0034_9_V02-4_2,V02-4,차트(꺾은선형),전세수요 우위지수 차트(꺾은선형)에 대해 알려주세요,"전세수요 우위지수를 나타내는 꺾은선형 그래프입니다. 이 그래프는 각 연도별로 전세수요의 변화를 시각적으로 보여줍니다. 본문에서는 전세수요가 어떻게 변화해 왔는지를 설명하고 있으며, 특정 시점에서 수요가 증가하거나 감소한 경향을 파악할 수 있습니다.",235.56029882604057,412.8922091782286,1005.7630736392744,807.2576161112204,2480,3508
train,report,/workspace/data/train/json/MI3_240819_TY1_0036_1.json,/workspace/data/train/jpg/MI2_240819_TY1_0036_1.jpg,MI3_240819_TY1_0036_1,MI3_240819_TY1_0036_1_V02-4_1,V02-4,차트(꺾은선형),최근의 경제동향과 소비자심리지수 꺾은선형에 대해 알려주세요,"소비자심리지수 꺾은선형은 소비자들의 경제 전망과 소비 지출 예상을 시각적으로 나타냅니다. 이 차트의 범례에는 각 연도별로 측정된 지수가 포함되어 있어, 특정 시점의 소비자 심리를 비교할 수 있습니다. 최근 데이터에 따르면 소비자 심리지수가 증가세를 보이며, 향후 경기 전망이 긍정적임을 암시하고 있습니다.",1294.2582710779081,1146.0405549626469,1013.7033084311637,794.023479188901,2480,3508
train,report,/workspace/data/train/json/MI3_240819_TY1_0036_2.json,/workspace/data/train/jpg/MI2_240819_TY1_0036_2.jpg,MI3_240819_TY1_0036_2,MI3_240819_TY1_0036_2_V02-8_1,V02-8,차트(혼합형),기계류 투자지수 및 기계류와 정밀기기 수입액 혼합형에 대해 알려주세요,"기계류 투자지수 및 기계류와 정밀기기 수입액 혼합형은 두 가지 지표의 변화 추이를 시각적으로 나타냅니다. 혼합형의 범례는 기계류와 정밀기기 수입액을 좌축으로, 기계류 투자지수를 우축으로 설정하여 두 변수 간의 관계를 보여줍니다. 본문에 따르면, 최근 기계류와 정밀기기의 수입이 증가하고 있으며, 이는 투자 지수가 반등하는 조짐과 관련이 있습니다.",1236.0298826040553,1781.2593383137676,987.2358591248665,746.3820704375668,2480,3508
train,report,/workspace/data/train/json/MI3_240819_TY1_0036_2.json,/workspace/data/train/jpg/MI2_240819_TY1_0036_2.jpg,MI3_240819_TY1_0036_2,MI3_240819_TY1_0036_2_V02-8_2,V02-8,차트(혼합형),건설기성액 혼합형에 대해 알려주세요,"건설기성액 혼합형은 건설업체의 실적을 나타내며, 시간에 따른 증감률을 함께 표시합니다. 혼합형의 범례는 건설기성액을 좌축으로 하고 증감률을 우측 축으로 설정하여 두 데이터를 비교할 수 있게 합니다. 데이터 분석 결과, 건설기성액은 최근 감소세를 보이며, 이에 따라 향후 시장 상황도 부정적인 영향을 받을 것으로 예상됩니다.",185.27214514407686,1723.0309498399147,1005.7630736392744,764.9092849519745,2480,3508
train,report,/workspace/data/train/json/MI3_240819_TY1_0036_3.json,/workspace/data/train/jpg/MI2_240819_TY1_0036_3.jpg,MI3_240819_TY1_0036_3,MI3_240819_TY1_0036_3_V01_1,V01,표,산업 활동 제조업 생산 및 평균가동률 차트(세로 막대형)에 대해 알려주세요,제조업 생산 및 평균가동률 차트(세로 막대형)는 전기 대비 산업 생산의 변화를 시각적으로 나타냅니다. 이 차트는 각 연도와 분기에 따른 제조업의 평균 가동률과 생산량을 비교하여 보여줍니다. 데이터를 통해 제조업의 최근 동향과 계절적인 변화가 반영된 추세를 확인할 수 있습니다.,1288.964781216649,410.24546424759876,1011.0565635005336,1167.214514407684,2480,3508
train,report,/workspace/data/train/json/MI3_240819_TY1_0036_3.json,/workspace/data/train/jpg/MI2_240819_TY1_0036_3.jpg,MI3_240819_TY1_0036_3,MI3_240819_TY1_0036_3_V01_2,V01,표,산업 활동 전산업 생산 차트(꺾은선형)에 대해 알려주세요,"전산업 생산 차트(꺾은선형)는 시간에 따른 전체 산업 생산의 변화를 보여줍니다. 이 차트는 각 산업군별로 지난 기간 대비 성장 또는 감소한 비율을 나타내며, 이를 통해 다양한 산업 부문의 성과를 시각적으로 비교할 수 있습니다. 데이터 분석을 통해 특정 산업 분야에서의 성장 기회나 침체기를 파악할 수 있습니다.",243.50053361792956,963.41507458575,1011.0565635005337,735.7950907150482,2480,3508
train,report,/workspace/data/train/json/MI3_240819_TY1_0036_4.json,/workspace/data/train/jpg/MI2_240819_TY1_0036_4.jpg,MI3_240819_TY1_0036_4,MI3_240819_TY1_0036_4_V01_1,V01,표,서비스업 생산에 대한 표에 대해 알려주세요,"이 표는 서비스업 생산에 대한 전기대비 및 전년동기대비 성장률을 나타냅니다. 범례에는 각 업종별로 전기대비와 전년동기대비의 증가율이 기재되어 있습니다. 본문에서 언급된 데이터에 따르면, 부동산업과 도매 및 소매업은 각각 6.2%와 3.0%로 높은 증가세를 보였으며, 반면 운수 및 창고업은 -0.7%로 감소했습니다.",148.21771611526145,876.0725720384205,1024.2902881536822,1529.8185699039489,2480,3508
train,report,/workspace/data/train/json/MI3_240819_TY1_0036_4.json,/workspace/data/train/jpg/MI2_240819_TY1_0036_4.jpg,MI3_240819_TY1_0036_4,MI3_240819_TY1_0036_4_V02-8_1,V02-8,차트(혼합형),취업자수 변화에 대한 차트(혼합형)에 대해 알려주세요,"이 혼합형 차트는 특정 기간 동안 취업자수와 그 변화를 시각적으로 보여줍니다. 차트에는 좌측 축은 취업자 수를, 우측 축은 전년동월 대비 증감을 나타냅니다. 본문에서는 최근 몇 년간 취업자 수가 꾸준히 증가해왔음을 확인할 수 있으며, 이는 경제활동 참여가 활발해지고 있음을 시사합니다.",1217.502668089648,1251.9103521878333,1005.7630736392742,817.8441835645679,2480,3508
train,report,/workspace/data/train/json/MI3_240819_TY1_0036_5.json,/workspace/data/train/jpg/MI2_240819_TY1_0036_5.jpg,MI3_240819_TY1_0036_5,MI3_240819_TY1_0036_5_V01_1,V01,표,산업별 취업자수 증감 표에 대해 알려주세요,"이 표는 2019년 연간 취업자 수와 실업률 등의 지표를 나타냅니다. 범례에는 계절조정전과 계절조정후의 취업자 수, 고용률 및 실업자 수 등이 포함되어 있습니다. 본문과 표를 기반으로 보면, 취업자 수는 전년 동기 대비 증가세를 보였으며, 특히 서비스 업에서 눈에 띄는 증가가 있었습니다.",259.3810032017076,404.95197438633943,989.8826040554962,1159.2742796157952,2480,3508
train,report,/workspace/data/train/json/MI3_240819_TY1_0036_5.json,/workspace/data/train/jpg/MI2_240819_TY1_0036_5.jpg,MI3_240819_TY1_0036_5,MI3_240819_TY1_0036_5_V01_2,V01,표,산업별 취업자수 증감 표에 대해 알려주세요,"이 표는 2019년 연간 각 산업 분야의 전년 동기 대비 취업자 수 변화를 보여줍니다. 범례에는 농림어업, 제조업, 건설 업 및 서비스 업의 구체적인 변화량이 포함되어 있습니다. 본문과 표를 통해 분석하면, 서비스 업은 지속적으로 성장하는 반면 농림어업과 제조 업은 감소하는 경향을 보였습니다.",1307.4919957310565,1376.307466994721,995.1760939167558,995.1760939167557,2480,3508
train,report,/workspace/data/train/json/MI3_240819_TY1_0036_5.json,/workspace/data/train/jpg/MI2_240819_TY1_0036_5.jpg,MI3_240819_TY1_0036_5,MI3_240819_TY1_0036_5_V02-1_1,V02-1,차트(세로 막대형),산업별 취업자수 증감 차트에 대해 알려주세요,"이 차트는 전년 동기 대비 각 산업 분야의 취업자 수 변화를 나타냅니다. 범례에는 전체, 농림어업, 제조업, 건설업 및 서비스 업의 변화량이 포함되어 있습니다. 본문과 차트를 통해 분석해보면, 서비스 업에서 긍정적인 증가세가 나타나는 반면, 제조업과 건설 업은 감소폭이 축소되었음을 알 수 있습니다.",1288.964781216649,404.95197438633943,1063.9914621131272,807.2572038420493,2480,3508
train,report,/workspace/data/train/json/MI3_240819_TY1_0036_6.json,/workspace/data/train/jpg/MI2_240819_TY1_0036_6.jpg,MI3_240819_TY1_0036_6,MI3_240819_TY1_0036_6_V01_1,V01,표,월평균 명목임금 표에 대해 알려주세요,"월평균 명목임금 표는 특정 기간 동안의 임금 변동을 나타냅니다. 이 표에서는 전산업 임금과 상용직, 정액급여, 초과급여, 특별급여 및 임시·일용직의 각각의 연도와 월별 데이터가 포함되어 있습니다. 본문과 이 표를 종합적으로 보면, 최근 몇 년간 상용직 임금은 전반적으로 상승세를 보이고 있으며 특히 특별급여 항목에서 큰 폭의 변화가 있음을 알 수 있습니다.",172.03842049092853,952.82817502668,1002.1519466618847,1310.1387406616839,2480,3508
train,report,/workspace/data/train/json/MI3_240819_TY1_0036_6.json,/workspace/data/train/jpg/MI2_240819_TY1_0036_6.jpg,MI3_240819_TY1_0036_6,MI3_240819_TY1_0036_6_V02-4_1,V02-4,차트(꺾은선형),경기종합지수 꺾은선형 차트에 대해 알려주세요,"경기종합지수 꺾은선형 차트는 경제 활동의 동향을 시각적으로 표현합니다. 이 차트에서는 각 연도의 경기종합지수가 시간에 따라 어떻게 변화했는지를 보여줍니다. 본문 내용과 함께 살펴보면, 최근 몇 년간 경기종합지수가 일정한 패턴을 유지하며 변동성을 보였음을 확인할 수 있습니다.",1243.9701173959447,1257.2038420490928,992.5293489861259,831.0779082177161,2480,3508
train,report,/workspace/data/train/json/MI3_240819_TY1_0036_7.json,/workspace/data/train/jpg/MI2_240819_TY1_0036_7.jpg,MI3_240819_TY1_0036_7,MI3_240819_TY1_0036_7_V02-4_1,V02-4,차트(꺾은선형),소비자물가 상승률 추이 차트(꺾은선형)에 대해 알려주세요,"소비자물가 상승률 추이 꺾은선형 차트는 시간에 따른 소비자물가의 변화를 시각적으로 나타냅니다. 이 차트는 특정 기간 동안 소비자물가의 증감 추세를 보여줍니다. 최근 몇 년간의 데이터를 분석하면, 물가는 점진적인 상승세를 보이며 일정한 패턴을 형성하고 있음을 알 수 있습니다.",283.20170757737463,1098.3991462113129,960.76840981857,807.2572038420493,2480,3508
train,report,/workspace/data/train/json/MI3_240819_TY1_0036_7.json,/workspace/data/train/jpg/MI2_240819_TY1_0036_7.jpg,MI3_240819_TY1_0036_7,MI3_240819_TY1_0036_7_V01_1,V01,표,소비자물가 상승률 표에 대해 알려주세요,"소비자물가 상승률 표는 다양한 품목의 가격 변화를 보여줍니다. 이 표는 전년동기대비 소비자물가와 여러 품목의 가격 변화율을 포함하고 있습니다. 전체적으로 보면, 2019년 12월 소비자물가는 전년 동기 대비 소폭 상승한 반면, 농축수산물은 하락세를 보이는 등 품목별로 상이한 가격 움직임을 나타내고 있습니다.",1294.2582710779072,864.8800156805627,1013.7033084311635,1263.1029085456908,2480,3508
train,report,/workspace/data/train/json/MI3_240819_TY1_0036_8.json,/workspace/data/train/jpg/MI2_240819_TY1_0036_8.jpg,MI3_240819_TY1_0036_8,MI3_240819_TY1_0036_8_V02-8_1,V02-8,차트(혼합형),매매거래량 혼합형에 대해 알려주세요,"매매거래량 혼합형은 특정 기간 동안의 부동산 거래량 변화를 시각적으로 표현한 차트입니다. 이 차트는 수도권과 비수도권, 전국 단위로 거래량의 증감 현황을 보여줍니다. 최근 데이터에서는 수도권과 비수도권 모두에서 거래량 증가가 관찰되어 부동산 시장의 활기를 반영하고 있습니다.",185.27214514407686,1511.291355389541,987.2358591248667,823.1376734258274,2480,3508
train,report,/workspace/data/train/json/MI3_240819_TY1_0036_8.json,/workspace/data/train/jpg/MI2_240819_TY1_0036_8.jpg,MI3_240819_TY1_0036_8,MI3_240819_TY1_0036_8_V02-4_1,V02-4,차트(꺾은선형),주택가격전망 CSI 꺾은선형에 대해 알려주세요,"주택가격전망 CSI 꺾은선형은 주택 가격의 향후 전망을 보여주는 지표입니다. 이 꺾은선형의 범례는 기준치인 100을 기준으로 하여 수치가 올라갈수록 긍정적인 전망을 나타냅니다. 최근 자료에 따르면, 주택가격전망이 상승하는 추세를 보이고 있어 시장의 기대감이 높아지고 있음을 시사합니다.",1230.7363927427946,423.4791889007468,974.8317794820616,746.3820704375656,2480,3508
train,report,/workspace/data/train/json/MI3_240819_TY1_0036_8.json,/workspace/data/train/jpg/MI2_240819_TY1_0036_8.jpg,MI3_240819_TY1_0036_8,MI3_240819_TY1_0036_8_V02-8_2,V02-8,차트(혼합형),전월세거래량 혼합형에 대해 알려주세요,"전월세거래량 혼합형은 전세와 월세 거래량 변화를 동시에 보여주는 그래프입니다. 이 그래프는 수도권과 비수도권 각각의 거래량 변화 추이를 나타냅니다. 최근 분석 결과, 수도권에서는 전월세 거래량이 증가하고 있으나 일부 지방광역시는 감소세를 보이고 있어 지역별 차이가 뚜렷하게 나타나고 있습니다.",1241.3233724653148,2310.6083244397014,1005.7630736392742,783.4364994663823,2480,3508
train,report,/workspace/data/train/json/MI3_240819_TY1_0036_9.json,/workspace/data/train/jpg/MI2_240819_TY1_0036_9.jpg,MI3_240819_TY1_0036_9,MI3_240819_TY1_0036_9_V02-4_1,V02-4,차트(꺾은선형),전세수요 우위지수에 대한 꺾은선형 차트에 대해 알려주세요,"꺾은선형 차트는 시간의 흐름에 따른 데이터를 시각적으로 표현하는 방식입니다. 이 차트의 범례는 연도별 주택 가격 동향을 보여주며, 각 데이터 포인트 간의 연속적인 변화를 나타냅니다. 본문에서 언급된 내용에 따르면, 최근 주택 가격이 상승세를 보이고 있으며, 특히 수도권과 지방광역시 간의 가격 차이가 두드러지고 있습니다.",248.79402347918892,434.0661686232658,992.5293489861259,770.2027748132336,2480,3508
train,report,/workspace/data/train/json/MI3_240819_TY1_0036_9.json,/workspace/data/train/jpg/MI2_240819_TY1_0036_9.jpg,MI3_240819_TY1_0036_9,MI3_240819_TY1_0036_9_V02-4_2,V02-4,차트(꺾은선형),수출에 대한 꺾은선형 차트에 대해 알려주세요,"꺾은선형 차트는 수출량의 변화를 시간 순으로 보여주는 그래프입니다. 이 차트는 총 수출 및 일평균 수출량을 비교하여 시각적으로 나타냅니다. 본문에서는 전체 수출이 일정한 증가 추세를 보이고 있으며, 특히 특정 시점에서 급격한 변화가 있음을 알 수 있습니다.",1326.0192102454644,2122.6894343649947,987.2358591248664,775.4962646744931,2480,3508
train,report,/workspace/data/train/json/MI3_240819_TY1_0037_1.json,/workspace/data/train/jpg/MI2_240819_TY1_0037_1.jpg,MI3_240819_TY1_0037_1,MI3_240819_TY1_0037_1_V01_1,V01,표,소비 관련 지표 표에 대해 알려주세요,"소비 관련 지표 표는 다양한 소비 부문에서의 변화 추이를 보여주는 자료입니다. 이 표의 범례는 소매판매액, 내구재, 준내구재, 비내구재 등의 분류로 나뉘어 있습니다. 전체적으로 소매판매액이 일정한 변화를 보이며 특정 항목에서는 증가세가 관찰되지만, 다른 항목에서는 감소세가 나타나고 있음을 보여줍니다.",248.7940234791887,1605.6658079392005,1021.6435432230516,718.1762411536495,2480,3508
train,report,/workspace/data/train/json/MI3_240819_TY1_0037_1.json,/workspace/data/train/jpg/MI2_240819_TY1_0037_1.jpg,MI3_240819_TY1_0037_1,MI3_240819_TY1_0037_1_V02-4_1,V02-4,차트(꺾은선형),소비자심리지수 꺾은선형에 대해 알려주세요,"소비자심리지수 꺾은선형은 소비자들의 경제에 대한 신뢰도와 전망을 나타내는 지표입니다. 이 꺾은선형의 범례에는 소비지출전망과 향후 경기전망이 포함되어 있습니다. 데이터에 따르면, 소비자신뢰가 시간이 지남에 따라 다소 변동성이 있으며, 최근 몇 년간 감소세를 보이고 있음을 알 수 있습니다.",1294.2582710779081,1058.6979722518677,1005.7630736392744,828.4311632870867,2480,3508
train,report,/workspace/data/train/json/MI3_240819_TY1_0037_2.json,/workspace/data/train/jpg/MI2_240819_TY1_0037_2.jpg,MI3_240819_TY1_0037_2,MI3_240819_TY1_0037_2_V01_1,V01,표,설비투자지수 V에 대해 알려주세요,"설비투자지수는 특정 기간 동안의 설비 투자의 변화를 나타내는 지표입니다. 이 지표는 전기 대비 퍼센트로 표현되며, 경제 동향을 분석하는 데 중요한 역할을 합니다. 최근 데이터에 따르면, 설비투자지수가 다양한 장비군에서 등락을 보이고 있으며, 특히 기계류가 개선 조짐을 보이고 있습니다.",166.74493062966917,418.18569903948776,1005.7630736392744,852.2518676627535,2480,3508
train,report,/workspace/data/train/json/MI3_240819_TY1_0037_2.json,/workspace/data/train/jpg/MI2_240819_TY1_0037_2.jpg,MI3_240819_TY1_0037_2,MI3_240819_TY1_0037_2_V01_2,V01,표,건설기성액 V에 대해 알려주세요,"건설기성액은 일정 기간 내에 완료된 건축물 및 공사의 총 금액을 의미합니다. 이 값은 전년 동기 대비 변화율로 제시되며, 경제 활동의 중요한 척도가 됩니다. 최근 자료에 따르면, 건설기성액이 감소세를 보이다가 일부 긍정적인 변화가 나타나고 있으며, 이는 건설 산업의 회복 조짐으로 해석될 수 있습니다.",1236.0296569217546,420.2853027191283,1016.3500533617917,868.6794784975186,2480,3508
train,report,/workspace/data/train/json/MI3_240819_TY1_0037_2.json,/workspace/data/train/jpg/MI2_240819_TY1_0037_2.jpg,MI3_240819_TY1_0037_2,MI3_240819_TY1_0037_2_V02-8_1,V02-8,차트(혼합형),건설기성액 차트 V에 대해 알려주세요,이 차트는 건설기성액의 증감률을 시간대별로 보여줍니다. X축에는 시점이 표시되고 Y축에는 증감률이 나타납니다. 최근 데이터를 보면 건설기성액이 전월 대비 증가하였으며 이는 건설 업황의 회복세를 반영하고 있습니다.,1217.502668089648,1757.4386339381006,1029.5837780149411,788.7299893276413,2480,3508
train,report,/workspace/data/train/json/MI3_240819_TY1_0037_2.json,/workspace/data/train/jpg/MI2_240819_TY1_0037_2.jpg,MI3_240819_TY1_0037_2,MI3_240819_TY1_0037_2_V02-8_2,V02-8,차트(혼합형),기계류와 정밀기기 수입액 및 기계류 투자지수 V에 대해 알려주세요,"이 그래프는 기계류와 정밀기기의 수입액과 기계류 투자지수를 함께 나타냅니다. 좌측 축은 수입액(억 달러)이며 우측 축은 투자 지수(2015=100)로 설정되어 있습니다. 최근 추세를 보면 두 지표 모두 상승하고 있으며, 이는 국내 시장에서 기계류와 정밀기기에 대한 수요가 증가하고 있음을 보여줍니다.",158.80469583778014,1728.324439701174,1008.4098185699039,778.1430096051228,2480,3508
train,report,/workspace/data/train/json/MI3_240819_TY1_0037_3.json,/workspace/data/train/jpg/MI2_240819_TY1_0037_3.jpg,MI3_240819_TY1_0037_3,MI3_240819_TY1_0037_3_V01_1,V01,표,산업 활동 <표5> 제조업 생산 및 평균가동률에 대해 알려주세요,"<표5> 제조업 생산 및 평균가동률은 제조업의 생산량과 평균 가동률을 나타내는 데이터입니다. 이 표에는 다양한 산업군의 전기대비 및 전년동기대비 생산 변화를 포함하여, 각 분야별 성과를 시각적으로 표현한 것이 특징입니다. 최근 데이터를 보면 일부 산업군에서 증가세를 보이고 있으며, 전체적인 경향은 다소 혼조세를 띄고 있습니다.",1288.9647812166477,405.4004811506146,1018.9967982924223,1142.9453032677416,2480,3508
train,report,/workspace/data/train/json/MI3_240819_TY1_0037_3.json,/workspace/data/train/jpg/MI2_240819_TY1_0037_3.jpg,MI3_240819_TY1_0037_3,MI3_240819_TY1_0037_3_V01_2,V01,표,전산업 생산 <표 4> 전산업 생산에 대해 알려주세요,<표 4> 전산업 생산은 다양한 산업 분야의 월별 생산량 변화를 정리한 것입니다. 해당 표는 전년 동기 대비와 월별 변화율을 통해 각 산업군의 성과를 비교할 수 있도록 구성되어 있습니다. 최근 수치는 서비스업을 제외한 대부분의 분야에서 상승세를 보이는 경향이 나타나고 있습니다.,263.26160425193194,963.4151547491972,987.1011220884479,711.9743863393788,2480,3508
train,report,/workspace/data/train/json/MI3_240819_TY1_0037_4.json,/workspace/data/train/jpg/MI2_240819_TY1_0037_4.jpg,MI3_240819_TY1_0037_4,MI3_240819_TY1_0037_4_V01_1,V01,표,서비스업 생산에 대한 표와 관련된 내용에 대해 알려주세요,"이 표는 서비스업 생산의 전기 대비 및 전년 동기 대비 변화를 나타냅니다. 범례에는 다양한 업종별 서비스업 생산 변화율이 포함되어 있으며, 이들 업종은 도매 및 소매업, 운수 및 창고업 등으로 구분됩니다. 최근 데이터에 따르면, 전반적으로 서비스업 생산은 일부 업종에서 감소세를 보이고 있으며, 특히 부동산업과 도매 및 소매업에서 눈에 띄는 하락폭이 확인됩니다.",172.03842049092853,876.0724918749705,992.529348986126,1529.818569903949,2480,3508
train,report,/workspace/data/train/json/MI3_240819_TY1_0037_4.json,/workspace/data/train/jpg/MI2_240819_TY1_0037_4.jpg,MI3_240819_TY1_0037_4,MI3_240819_TY1_0037_4_V02-8_1,V02-8,차트(혼합형),취업자수 변화와 관련된 차트에 대해 알려주세요,"이 차트는 취업자수의 연도별 변화를 시각적으로 나타내고 있습니다. 범례에는 전년 동월 대비 취업자수 증감이 표시되어 있으며, 좌측 축은 취업자수를, 우측 축은 증감을 나타냅니다. 전체적으로 취업자수가 증가하고 있는 추세가 지속되고 있지만, 특정 시점에서는 감소세를 기록하기도 했습니다.",1225.4429028815312,1236.0298826040523,988.0655041352101,784.7146512409985,2480,3508
train,report,/workspace/data/train/json/MI3_240819_TY1_0037_5.json,/workspace/data/train/jpg/MI2_240819_TY1_0037_5.jpg,MI3_240819_TY1_0037_5,MI3_240819_TY1_0037_5_V02-1_1,V02-1,차트(세로 막대형),고용 관련 지표에 대해 알려주세요,이 차트는 전체 산업별 고용 변화를 전년 동기 대비로 보여줍니다. 차트에는 각 산업 부문별로 직업군의 변화량이 표시되어 있어 경제 동향을 이해하는 데 도움을 줍니다. 분석 결과 농림어업과 서비스업에서 긍정적인 성장이 있었으나 제조업과 건설업은 부정적인 영향을 받은 것으로 보입니다.,1331.3127001067235,423.4791889007471,944.8879402347918,764.9092849519745,2480,3508
train,report,/workspace/data/train/json/MI3_240819_TY1_0037_5.json,/workspace/data/train/jpg/MI2_240819_TY1_0037_5.jpg,MI3_240819_TY1_0037_5,MI3_240819_TY1_0037_5_V01_1,V01,표,취업자수 변동(전년동기대비)에 대해 알려주세요,"이 시각요소는 각 산업 분야에서의 취업자 수 변화를 전년 동기 대비로 정리한 표입니다. 표에서는 농림어업, 제조업, 건설업 및 서비스 업종별로 변화량이 명시되어 있어 각 분야의 성장세를 확인할 수 있습니다. 최근 데이터에 따르면 서비스 업종에서는 증가세가 계속되고 있는 반면 일부 업종에서는 감소세를 보였습니다.",1296.905016008538,1376.307363927428,992.5293489861259,952.8281750266812,2480,3508
train,report,/workspace/data/train/json/MI3_240819_TY1_0037_5.json,/workspace/data/train/jpg/MI2_240819_TY1_0037_5.jpg,MI3_240819_TY1_0037_5,MI3_240819_TY1_0037_5_V01_2,V01,표,산업별 취업자수 증감에 대해 알려주세요,"이 시각요소는 산업별 취업자 수의 변화를 나타내는 표입니다. 표에는 연간 및 월별 고용 관련 지표와 함께 계절 조정 전후의 취업자 수, 실업자 수, 실업률 등이 포함되어 있습니다. 데이터에 따르면, 2019년과 2020년 사이의 취업자 수 변화가 있으며, 실업률은 다소 증가한 경향을 보이고 있습니다.",254.08751334044823,410.24546424759876,1000.469583778015,1172.5080042689438,2480,3508
train,report,/workspace/data/train/json/MI3_240819_TY1_0037_6.json,/workspace/data/train/jpg/MI2_240819_TY1_0037_6.jpg,MI3_240819_TY1_0037_6,MI3_240819_TY1_0037_6_V02-4_1,V02-4,차트(꺾은선형),경기종합지수 꺾은선형에 대해 알려주세요,"경기종합지수를 나타내는 꺾은선형은 시간에 따른 경기 변화를 시각적으로 표현합니다. 이 타입의 범례는 주어진 시간대에 따른 지수의 변화량을 보여줍니다. 최근 자료를 기반으로 경기가 전반적으로 완만하게 상승하는 추세를 보이고 있으며, 이는 경제 회복의 조짐으로 해석될 수 있습니다.",1234.347519720183,1251.9103521878314,1007.4454365231427,831.3916779455757,2480,3508
train,report,/workspace/data/train/json/MI3_240819_TY1_0037_7.json,/workspace/data/train/jpg/MI2_240819_TY1_0037_7.jpg,MI3_240819_TY1_0037_7,MI3_240819_TY1_0037_7_V01_1,V01,표,소비자물가 표에 대해 알려주세요,"소비자물가 표는 특정 기간 동안의 소비자물가 변화율을 정리한 데이터입니다. 이 표에는 연도별, 월별로 나뉘어 있는 소비자물가와 다양한 품목의 가격 변화율이 포함되어 있습니다. 최근 소비자물가는 전년 동기 대비 상승세를 보이며, 특히 농축수산물과 공업제품에서 두드러진 상승률을 기록하고 있습니다.",1318.0789754535754,966.0618996798294,984.5891141942369,1246.616862326574,2480,3508
train,report,/workspace/data/train/json/MI3_240819_TY1_0037_7.json,/workspace/data/train/jpg/MI2_240819_TY1_0037_7.jpg,MI3_240819_TY1_0037_7,MI3_240819_TY1_0037_7_V02-4_1,V02-4,차트(꺾은선형),소비자물가 차트(꺾은선형)에 대해 알려주세요,"소비자물가 꺾은선형 차트는 시간에 따른 소비자물가의 변화를 시각적으로 나타낸 것입니다. 이 차트는 물가 안정 목표와 실제 물가 변화율 간의 관계를 보여줍니다. 최근 몇 년간 소비자물가는 목표치에 근접하거나 초과하는 경향을 보이고 있으며, 이는 경제 전반에 영향을 미치는 중요한 지표입니다.",243.50053361792956,1093.1056563500533,1029.5837780149416,825.784418356457,2480,3508
train,report,/workspace/data/train/json/MI3_240819_TY1_0037_8.json,/workspace/data/train/jpg/MI2_240819_TY1_0037_8.jpg,MI3_240819_TY1_0037_8,MI3_240819_TY1_0037_8_V02-8_1,V02-8,차트(혼합형),매매거래량 차트(혼합형)에 대해 알려주세요,"매매거래량 차트(혼합형)는 아파트의 매매 거래량 변화를 시각적으로 나타내는 도표입니다. 이 차트에서는 수도권과 비수도권 간의 거래량 비교를 통해 지역별 거래 동향을 설명합니다. 최근 데이터에 따르면, 수도권의 거래량이 지속적으로 증가하고 있으며, 이는 부동산 시장의 활발함을 반영하고 있습니다.",195.85912486659552,1524.5250800426895,939.5944503735328,794.0234791889011,2480,3508
train,report,/workspace/data/train/json/MI3_240819_TY1_0037_8.json,/workspace/data/train/jpg/MI2_240819_TY1_0037_8.jpg,MI3_240819_TY1_0037_8,MI3_240819_TY1_0037_8_V02-8_2,V02-8,차트(혼합형),전월세거래량 차트(혼합형)에 대해 알려주세요,전월세거래량 차트(혼합형)는 아파트 전월세 거래량의 변화를 보여주는 자료입니다. 이 차트에서는 전월대비 거래량 변화를 시각화하여 각 지역에서의 흐름을 파악할 수 있도록 돕습니다. 최근 경향으로는 전국적으로 전월세 거래가 증가하는 모습을 보여주고 있어 임대 시장이 활성화되고 있음을 알 수 있습니다.,1220.1494130202777,2210.032017075774,976.6488794023478,801.9637139807895,2480,3508
train,report,/workspace/data/train/json/MI3_240819_TY1_0037_8.json,/workspace/data/train/jpg/MI2_240819_TY1_0037_8.jpg,MI3_240819_TY1_0037_8,MI3_240819_TY1_0037_8_V02-4_1,V02-4,차트(꺾은선형),주택가격전망 CSI 차트(꺾은선형)에 대해 알려주세요,"주택가격전망 CSI 차트(꺾은선형)는 주택 가격에 대한 전망을 시각적으로 나타내는 자료입니다. 이 차트는 특정 기준치를 바탕으로 시간에 따른 변화 추이를 보여줍니다. 최근의 데이터에 따르면, 주택 가격 전망 지수가 감소하는 추세를 보이고 있어 향후 주택 시장의 불확실성을 시사합니다.",1220.1494130202777,428.77267876200636,1003.1163287086445,778.143009605123,2480,3508
train,report,/workspace/data/train/json/MI3_240819_TY1_0037_9.json,/workspace/data/train/jpg/MI2_240819_TY1_0037_9.jpg,MI3_240819_TY1_0037_9,MI3_240819_TY1_0037_9_V02-4_1,V02-4,차트(꺾은선형),전세수요 우위지수 차트(꺾은선형)에 대해 알려주세요,"전세수요 우위지수는 주택 전세 시장의 수요와 공급 상황을 나타내는 꺾은선형 차트입니다. 이 차트에서는 전국과 수도권, 지방광역시의 전세 수요 지수를 비교하여 시각적으로 표현하고 있습니다. 데이터에 따르면, 수도권과 지방광역시 간의 전세 수요 차이가 시간이 지남에 따라 어떻게 변화해왔는지를 보여줍니다.",267.3212379935966,418.18569903948776,1003.1163287086446,759.615795090715,2480,3508
train,report,/workspace/data/train/json/MI3_240819_TY1_0037_9.json,/workspace/data/train/jpg/MI2_240819_TY1_0037_9.jpg,MI3_240819_TY1_0037_9,MI3_240819_TY1_0037_9_V02-4_2,V02-4,차트(꺾은선형),부동산가격 상승률 차트(꺾은선형)에 대해 알려주세요,"부동산가격 상승률은 특정 기간 동안 부동산 가격의 변화를 나타내는 꺾은선형 차트입니다. 이 차트에서는 아파트 및 토지 가격의 연간 변화율을 상세히 설명하고 있습니다. 분석 결과, 최근 몇 년간 아파트 가격이 비수도권보다 수도권에서 더 큰 변화를 겪었음을 알 수 있습니다.",1307.4919957310565,2117.3959445037353,981.9423692636074,783.4364994663823,2480,3508
train,report,/workspace/data/train/json/MI3_240819_TY1_0038_1.json,/workspace/data/train/jpg/MI2_240819_TY1_0038_1.jpg,MI3_240819_TY1_0038_1,MI3_240819_TY1_0038_1_V01_1,V01,표,최근의 경제동향에 대한 소매 관련 지표 표에 대해 알려주세요,"소매 관련 지표 표는 각 연도 및 월별로 소매판매액과 관련된 다양한 데이터를 제공합니다. 이 표에는 연간 및 전년동기대비 변화율이 포함되어 있습니다. 본문과 표를 종합적으로 분석하면, 최근 소매 판매가 감소세를 보이며 내구재와 준내구재 모두에서 부진한 상황임을 확인할 수 있습니다.",271.0262390670554,1605.7026239067056,986.9446064139943,710.8046647230317,2480,3508
train,report,/workspace/data/train/json/MI3_240819_TY1_0038_1.json,/workspace/data/train/jpg/MI2_240819_TY1_0038_1.jpg,MI3_240819_TY1_0038_1,MI3_240819_TY1_0038_1_V02-4_1,V02-4,차트(꺾은선형),최근의 경제동향에 대한 소비자심리지수 꺾은선형에 대해 알려주세요,"소비자심리지수 꺾은선형은 소비자들의 경제에 대한 신뢰도를 나타내는 지표로, 시간이 지남에 따라 변화하는 경향을 보여줍니다. 이 꺾은선형의 범례는 소비자심리지수와 경기전망 CSI를 포함하고 있습니다. 본문에서 언급된 데이터와 꺾은선형을 기반으로 볼 때, 최근 소비자 심리가 전반적으로 하락세를 보이고 있음을 알 수 있습니다.",1303.99416909621,1068.7638483965015,997.1720116618075,823.3061224489795,2480,3508
train,report,/workspace/data/train/json/MI3_240819_TY1_0038_2.json,/workspace/data/train/jpg/MI2_240819_TY1_0038_2.jpg,MI3_240819_TY1_0038_2,MI3_240819_TY1_0038_2_V02-8_1,V02-8,차트(혼합형),<그림 2> 기계류 투자지수 및 기계류와 정밀기기 수입액 혼합형에 대해 알려주세요,"<그림 2>는 기계류 투자지수와 기계류 및 정밀기기 수입액의 변화를 보여주는 혼합형 차트입니다. 이 차트는 두 가지 데이터를 시각적으로 비교할 수 있도록 구성되어 있습니다. 데이터에 따르면, 기계류 투자지수는 일정한 변화 추세를 보이고 있으며, 수입액과의 관계에서 상관관계를 확인할 수 있습니다.",204.54810495626825,1733.5451895043732,976.7172011661809,782.396501457726,2480,3508
train,report,/workspace/data/train/json/MI3_240819_TY1_0038_2.json,/workspace/data/train/jpg/MI2_240819_TY1_0038_2.jpg,MI3_240819_TY1_0038_2,MI3_240819_TY1_0038_2_V02-8_2,V02-8,차트(혼합형),<그림 3> 건설기성액 혼합형에 대해 알려주세요,"<그림 3>은 건설기성액의 변화를 나타내는 혼합형 차트입니다. 이 차트는 시간에 따른 건설기성액의 증감률을 시각적으로 표현하여 분석할 수 있게 합니다. 최근 데이터에 따르면, 건설기성액은 감소세를 보이며 전년 동월 대비 변화를 보여주고 있습니다.",1252.8571428571431,1866.5014577259471,1012.5131195335276,782.3965014577261,2480,3508
train,report,/workspace/data/train/json/MI3_240819_TY1_0038_3.json,/workspace/data/train/jpg/MI2_240819_TY1_0038_3.jpg,MI3_240819_TY1_0038_3,MI3_240819_TY1_0038_3_V01_1,V01,표,산업 활동 <표 4> 전산업 생산에 대해 알려주세요,"<표 4> 전산업 생산은 전체 산업의 생산량 변화를 보여주는 표입니다. 이 표는 각 산업 부문별로 연도별 생산 변화율을 포함하고 있으며, 비교 분석이 가능합니다. 최근 데이터에서 광공업과 서비스업의 생산량이 상승세를 보인 반면, 건설업은 다소 하락세를 기록했습니다.",240.34402332361518,971.6034985422741,1007.3994169096211,741.486880466472,2480,3508
train,report,/workspace/data/train/json/MI3_240819_TY1_0038_3.json,/workspace/data/train/jpg/MI2_240819_TY1_0038_3.jpg,MI3_240819_TY1_0038_3,MI3_240819_TY1_0038_3_V01_2,V01,표,산업 활동 <표5> 제조업 생산 및 평균가동률에 대해 알려주세요,"<표5> 제조업 생산 및 평균가동률은 제조업의 생산량과 평균 가동률을 나타내는 표입니다. 이 표는 주로 다양한 산업 부문의 성과를 시각적으로 비교하기 위한 범례와 함께 제공됩니다. 최근 데이터에 따르면, 일부 업종에서는 감소세가 보였으나 평균 가동률은 상대적으로 안정적인 모습을 보였습니다.",1278.4256559766766,409.0962099125368,1017.6268221574338,1155.6967930029157,2480,3508
train,report,/workspace/data/train/json/MI3_240819_TY1_0038_4.json,/workspace/data/train/jpg/MI2_240819_TY1_0038_4.jpg,MI3_240819_TY1_0038_4,MI3_240819_TY1_0038_4_V01_1,V01,표,서비스업 생산에 대한 표에 대해 알려주세요.,이 표는 서비스업 생산의 전기 대비와 전년 동기 대비 변화를 보여줍니다. 범례에는 각 업종별 서비스업 생산 변화율이 포함되어 있습니다. 본문에서는 도매 및 소매업과 정보통신업 등 다양한 업종의 증가 및 감소 추세를 나타내고 있습니다.,189.20699708454814,874.4431486880466,976.7172011661809,1534.1107871720112,2480,3508
train,report,/workspace/data/train/json/MI3_240819_TY1_0038_4.json,/workspace/data/train/jpg/MI2_240819_TY1_0038_4.jpg,MI3_240819_TY1_0038_4,MI3_240819_TY1_0038_4_V02-8_1,V02-8,차트(혼합형),최근 취업자수 변화에 대한 차트(혼합형)에 대해 알려주세요.,"이 차트는 취업자수의 전년 동월 대비 증감 추세를 시각적으로 표현하고 있습니다. 범례에는 취업자수와 그 변동폭이 표시되어 있습니다. 본문과 함께 분석해보면, 최근 몇 년간 취업자수가 꾸준히 증가하는 경향을 보이고 있음을 알 수 있습니다.",1247.7434402332362,1058.536443148688,966.4897959183672,777.2827988338192,2480,3508
train,report,/workspace/data/train/json/MI3_240819_TY1_0038_5.json,/workspace/data/train/jpg/MI2_240819_TY1_0038_5.jpg,MI3_240819_TY1_0038_5,MI3_240819_TY1_0038_5_V01_1,V01,표,에 대한 고용 관련 지표 차트(세로 막대형)에 대해 알려주세요,"고용 관련 지표 차트(세로 막대형)는 취업자수, 실업자수, 실업률 등의 변화를 시각적으로 나타냅니다. 이 차트의 범례는 연도별 및 분기별 데이터를 포함하여 각 항목의 변화량을 보여줍니다. 본문과 차트를 통해 2019년과 2020년 동안의 고용 변화가 어떻게 이루어졌는지 확인할 수 있으며, 특히 실업률이 변화하는 추세를 알 수 있습니다.",272.94440628202887,406.3264639015897,981.8309037900875,1165.9241982507288,2480,3508
train,report,/workspace/data/train/json/MI3_240819_TY1_0038_5.json,/workspace/data/train/jpg/MI2_240819_TY1_0038_5.jpg,MI3_240819_TY1_0038_5,MI3_240819_TY1_0038_5_V01_2,V01,표,"에 대한 농림어업, 제조업 등 산업별 고용 변화에 대해 알려주세요","농림어업, 제조업 등 산업별 고용 변화 그래프는 각 산업군의 취업자수가 시간에 따라 어떻게 변화했는지를 보여줍니다. 이 그래프의 범례에는 특정 기간 동안의 연간 및 분기 데이터를 포함하여 각 항목별 변동폭이 나와 있습니다. 본문 내용을 바탕으로 봤을 때, 서비스 업종은 상대적으로 긍정적인 성장세를 보이고 있으나 제조업은 다소 부진한 상태임을 알 수 있습니다.",1293.7667638483945,1368.76914561505,1038.08163265306,998.8751692537531,2480,3508
train,report,/workspace/data/train/json/MI3_240819_TY1_0038_5.json,/workspace/data/train/jpg/MI2_240819_TY1_0038_5.jpg,MI3_240819_TY1_0038_5,MI3_240819_TY1_0038_5_V02-1_1,V02-1,차트(세로 막대형),에 대한 전체 산업별 취업자수 증감 차트(가로 막대형)에 대해 알려주세요,전체 산업별 취업자수 증감 차트(가로 막대형)는 각 산업의 취업자수가 전년 동월 대비 얼마나 증가하거나 감소했는지를 시각적으로 표현합니다. 이 차트의 범례는 각 산업군을 구분하여 해당되는 변화를 명확하게 나타냅니다. 본문과 함께 보면 서비스 업종에서 큰 폭으로 증가하고 있는 반면 농림어업은 감소하고 있다는 것을 알 수 있습니다.,1324.448979591831,419.323615160348,968.4037332852724,750.6519271433519,2480,3508
train,report,/workspace/data/train/json/MI3_240819_TY1_0038_6.json,/workspace/data/train/jpg/MI2_240819_TY1_0038_6.jpg,MI3_240819_TY1_0038_6,MI3_240819_TY1_0038_6_V01_1,V01,표,월평균 명목임금 표에 대해 알려주세요,"월평균 명목임금 표는 전 산업의 임금 변동을 보여주는 자료입니다. 이 표는 각 기간별로 상용직 및 임시 일용직의 임금을 비교하며, 전년 동기 대비 상승률도 함께 나타냅니다. 2019년 12월에는 전산업 임금이 2.0% 상승하였고, 상용직의 경우 특별급여 하락으로 상승폭이 둔화된 것으로 보입니다.",158.52478134110788,1063.6501457725947,1007.3994169096211,1329.5626822157433,2480,3508
train,report,/workspace/data/train/json/MI3_240819_TY1_0038_6.json,/workspace/data/train/jpg/MI2_240819_TY1_0038_6.jpg,MI3_240819_TY1_0038_6,MI3_240819_TY1_0038_6_V02-4_1,V02-4,차트(꺾은선형),경기종합지수 차트(꺾은선형)에 대해 알려주세요,"경기종합지수 꺾은선형 차트는 경제의 전반적인 흐름을 시각적으로 나타내줍니다. 이 차트는 순환변동치 형태로 동행지수와 선행지수를 비교하여 경제 상황을 분석합니다. 최근 수치에 따르면 경기종합지수가 변화하고 있으며, 이는 경제 상황이 불확실한 가운데서도 일부 긍정적인 지표가 나타나고 있음을 시사합니다.",1242.6297376093296,1247.743440233236,956.2623906705538,859.1020408163263,2480,3508
train,report,/workspace/data/train/json/MI3_240819_TY1_0038_7.json,/workspace/data/train/jpg/MI2_240819_TY1_0038_7.jpg,MI3_240819_TY1_0038_7,MI3_240819_TY1_0038_7_V02-4_1,V02-4,차트(꺾은선형),소비자물가 상승률 추이 차트(꺾은선형)에 대해 알려주세요,"소비자물가 상승률 추이 꺾은선형 차트는 시간에 따른 소비자 물가 변화 추세를 보여줍니다. 이 차트는 연도별 또는 월별 데이터로 구성되어 있어 경향을 시각적으로 이해하는 데 도움을 줍니다. 최근 데이터에 따르면 소비자물가는 일정한 감소세를 보이고 있으며, 향후에도 지속적인 안정세를 유지할 것으로 예상됩니다.",260.798833819242,1084.1049562682215,986.9446064139943,792.6239067055393,2480,3508
train,report,/workspace/data/train/json/MI3_240819_TY1_0038_7.json,/workspace/data/train/jpg/MI2_240819_TY1_0038_7.jpg,MI3_240819_TY1_0038_7,MI3_240819_TY1_0038_7_V01_1,V01,표,소비자물가 상승률 표에 대해 알려주세요,"소비자물가 상승률 표는 전년 동기 대비 소비자 물가의 변화를 나타냅니다. 이 표는 농축수산물, 공업제품, 서비스 등 다양한 품목별 가격 변화를 포함하고 있습니다. 최근 소비자물가는 다소 하락세를 보이며, 특히 농축수산물과 공업제품의 가격 변화가 두드러지고 있습니다.",1319.3352769679302,1048.3090379008745,1017.6268221574343,1247.7434402332362,2480,3508
train,report,/workspace/data/train/json/MI3_240819_TY1_0038_8.json,/workspace/data/train/jpg/MI2_240819_TY1_0038_8.jpg,MI3_240819_TY1_0038_8,MI3_240819_TY1_0038_8_V02-8_1,V02-8,차트(혼합형),부동산가격 아파트 매매가격 및 거래량 차트(혼합형)에 대해 알려주세요,아파트 매매가격과 거래량을 함께 나타내는 혼합형 차트입니다. 이 차트는 아파트 매매거래량과 가격 변동을 동시에 보여주어 시장 동향을 분석할 수 있게 합니다. 최근 데이터를 보면 수도권과 비수도권 모두 거래량이 감소하는 경향을 보이고 있습니다.,175.99906605082822,1539.4394994189452,969.470321704272,787.2951944586029,2480,3508
train,report,/workspace/data/train/json/MI3_240819_TY1_0038_8.json,/workspace/data/train/jpg/MI2_240819_TY1_0038_8.jpg,MI3_240819_TY1_0038_8,MI3_240819_TY1_0038_8_V02-8_2,V02-8,차트(혼합형),부동산가격 아파트 전세가격 및 전월세거래량 차트(혼합형)에 대해 알려주세요,"아파트 전세가격과 전월세 거래량을 나타내는 혼합형 차트입니다. 이 자료는 전세시장 동향을 파악하는 데 유용합니다. 현재 전세시장은 수도권에서 상승폭이 축소되고 있는 반면, 지방광역시는 여전히 높은 수준의 거래량을 유지하고 있습니다.",1225.7962519206228,2127.3002915451884,1008.8917947266068,797.7376093294448,2480,3508
train,report,/workspace/data/train/json/MI3_240819_TY1_0038_8.json,/workspace/data/train/jpg/MI2_240819_TY1_0038_8.jpg,MI3_240819_TY1_0038_8,MI3_240819_TY1_0038_8_V02-4_1,V02-4,차트(꺾은선형),부동산가격 주택매수 심리지수 차트(꺾은선형)에 대해 알려주세요,"주택매수 심리지수를 나타내는 꺾은선형 차트입니다. 이 차트는 특정 시점의 주택가격 전망을 기준치와 비교하여 시각적으로 보여줍니다. 최근 데이터에 따르면 주택가격전망 CSI가 하락하는 추세를 보이고 있으며, KB매매가격 전망지수가 상승하고 있어 향후 주택시장에 대한 기대감이 엿보입니다.",1237.5160349854227,439.77842565597666,1002.2857142857143,751.7142857142857,2480,3508
train,report,/workspace/data/train/json/MI3_240819_TY1_0038_9.json,/workspace/data/train/jpg/MI2_240819_TY1_0038_9.jpg,MI3_240819_TY1_0038_9,MI3_240819_TY1_0038_9_V02-4_1,V02-4,차트(꺾은선형),전세수요 우위지수 차트(꺾은선형)에 대해 알려주세요,"이 차트는 전세수요 우위지수를 꺾은선형으로 나타내고 있습니다. 꺾은선형의 범례에는 전국, 지방광역시, 수도권의 수치가 포함되어 있습니다. 본문에 따르면, 수도권의 지표는 점차 상승하고 있으며, 이는 전세 수요가 증가하고 있음을 나타냅니다.",250.57142857142858,429.5510204081632,986.9446064139943,767.0553935860057,2480,3508
train,report,/workspace/data/train/json/MI3_240819_TY1_0038_9.json,/workspace/data/train/jpg/MI2_240819_TY1_0038_9.jpg,MI3_240819_TY1_0038_9,MI3_240819_TY1_0038_9_V02-4_2,V02-4,차트(꺾은선형),수출 차트(꺾은선형)에 대해 알려주세요,"이 차트는 총수출과 일평균 수출을 꺾은선형으로 시각화하고 있습니다. 범례에는 총수출과 선박 제외 일평균 수출이 표시됩니다. 본문 내용을 바탕으로 보면 최근 몇 년간 총수출이 점진적으로 증가하는 추세를 보이고 있으며, 특히 일평균 수출도 꾸준히 상승하고 있는 것으로 분석됩니다.",1319.3352769679302,2035.2536443148688,971.6034985422738,792.6239067055393,2480,3508
train,report,/workspace/data/train/json/MI3_240819_TY1_0039_1.json,/workspace/data/train/jpg/MI2_240819_TY1_0039_1.jpg,MI3_240819_TY1_0039_1,MI3_240819_TY1_0039_1_V01_1,V01,표,최근의 경제동향에 따른 소비 관련 지표 표에 대해 알려주세요,"소비 관련 지표 표는 다양한 소비 항목에 대한 전년 대비 변화를 수치로 보여줍니다. 이 표에서는 소매판매, 내구재, 준내구재 및 비내구재의 변동률이 포함되어 있어 각 항목의 동향을 비교할 수 있습니다. 최근 데이터에 따르면 전체적인 소매판매가 감소하고 있으며, 특히 승용차와 같은 내구재에서 큰 하락세를 보이고 있습니다.",250.57142857142858,1606.554202702678,1001.0083460917544,709.9530859270575,2480,3508
train,report,/workspace/data/train/json/MI3_240819_TY1_0039_1.json,/workspace/data/train/jpg/MI2_240819_TY1_0039_1.jpg,MI3_240819_TY1_0039_1,MI3_240819_TY1_0039_1_V02-4_1,V02-4,차트(꺾은선형),최근의 경제동향에 따른 소비자심리지수 꺾은선형 차트에 대해 알려주세요,"소비자심리지수 꺾은선형 차트는 소비자들의 경제에 대한 신뢰도를 시각적으로 나타냅니다. 이 차트에서는 소비지출전망과 소비자심리지수가 함께 표시되며, 각 지표의 변화 추이를 확인할 수 있습니다. 최근 데이터를 보면 소비자 심리가 악화되고 있음을 알 수 있으며, 이는 향후 경기 전망에도 부정적인 영향을 미칠 것으로 예상됩니다.",1288.6530612244899,1058.536443148688,997.1720116618075,792.6239067055393,2480,3508
train,report,/workspace/data/train/json/MI3_240819_TY1_0039_2.json,/workspace/data/train/jpg/MI2_240819_TY1_0039_2.jpg,MI3_240819_TY1_0039_2,MI3_240819_TY1_0039_2_V02-8_1,V02-8,차트(혼합형),건설기성액 기계류와 정밀기기 수입액 혼합형에 대해 알려주세요,"이 혼합형은 기계류 투자지수와 기계류 및 정밀기기 수입액의 변화를 시각적으로 나타냅니다. 범례는 좌측 축에 기계류와 정밀기기 수입액, 우측 축에 기계류 투자지수를 표시하고 있습니다. 본문과 혼합형을 기반으로 보면, 최근 몇 년간 기계류 투자지수의 상승세가 뚜렷하며, 이에 따라 수입액도 증가하는 추세를 보이고 있습니다.",189.20699708454805,1861.3877551020405,976.7172011661813,782.3965014577254,2480,3508
train,report,/workspace/data/train/json/MI3_240819_TY1_0039_2.json,/workspace/data/train/jpg/MI2_240819_TY1_0039_2.jpg,MI3_240819_TY1_0039_2,MI3_240819_TY1_0039_2_V02-8_2,V02-8,차트(혼합형),증감률 건설기성액 혼합형에 대해 알려주세요,"이 혼합형은 건설기성액과 그 증감률을 동시에 보여줍니다. 범례는 좌측 축에 건설기성액, 우측 축에 증감률을 나타내고 있습니다. 본문과 혼합형을 기반으로 할 때, 최근의 데이터에서 건설기성액이 감소세를 보이고 있으며 이에 따른 증감률 또한 부정적인 흐름을 이어가고 있는 것으로 확인됩니다.",1237.5160349854168,1873.7483371878523,954.124983984487,800.7181351153489,2480,3508
train,report,/workspace/data/train/json/MI3_240819_TY1_0039_3.json,/workspace/data/train/jpg/MI2_240819_TY1_0039_3.jpg,MI3_240819_TY1_0039_3,MI3_240819_TY1_0039_3_V01_1,V01,표,산업 활동 <표 4> 전산업 생산 차트(꺾은선형)에 대해 알려주세요,"<표 4> 전산업 생산 차트(꺾은선형)는 다양한 산업 부문의 생산 변화를 시간에 따라 추적합니다. 이 꺾은선형 그래프는 각 분기의 전년 동기 대비 성장률을 보여주는 범례를 포함하여 경제 추세를 명확히 전달합니다. 본문에 따르면, 전반적으로 산업 전체의 생산이 감소하는 경향을 보이며 특히 광공업과 서비스업에서 두드러진 하락세가 관찰됩니다.",260.7988338192416,970.1111207252869,992.0583090378998,732.7518530356442,2480,3508
train,report,/workspace/data/train/json/MI3_240819_TY1_0039_3.json,/workspace/data/train/jpg/MI2_240819_TY1_0039_3.jpg,MI3_240819_TY1_0039_3,MI3_240819_TY1_0039_3_V01_2,V01,표,산업 활동 <표5> 제조업 생산 및 평균가동률 차트(세로 막대형)에 대해 알려주세요,"<표5> 제조업 생산 및 평균가동률 차트(세로 막대형)는 제조업의 생산량과 평균 가동률을 시각적으로 표현합니다. 이 차트는 각 카테고리별 성과를 비교할 수 있는 범례를 포함하고 있어, 각 산업 부문의 변화를 쉽게 이해할 수 있도록 돕습니다. 본문에 따르면, 최근 제조업의 생산이 전년 동기 대비 감소하며, 일부 업종에서 가동률도 하락한 것으로 나타났습니다.",1305.6973266881566,414.20991253644235,1000.5825566937652,1186.3790087463522,2480,3508
train,report,/workspace/data/train/json/MI3_240819_TY1_0039_4.json,/workspace/data/train/jpg/MI2_240819_TY1_0039_4.jpg,MI3_240819_TY1_0039_4,MI3_240819_TY1_0039_4_V01_1,V01,표,서비스업 생산에 대한 표에 대해 알려주세요.,"이 표는 서비스업의 생산 변화를 연도별 및 월별로 나타냅니다. 범례에는 전기대비와 전년동기대비의 변화율이 포함되어 있습니다. 본문에서 언급된 데이터에 따르면, 2020년 서비스업 생산은 전년 동기 대비 크게 감소하였으며, 특히 숙박 및 음식점업과 예술, 스포츠 및 여가 관련 서비스업이 큰 폭으로 하락한 것을 알 수 있습니다.",153.41107871720118,966.4897959183671,1017.6268221574345,1503.4285714285718,2480,3508
train,report,/workspace/data/train/json/MI3_240819_TY1_0039_4.json,/workspace/data/train/jpg/MI2_240819_TY1_0039_4.jpg,MI3_240819_TY1_0039_4,MI3_240819_TY1_0039_4_V02-8_1,V02-8,차트(혼합형),취업자수와 전년동월대비 증감에 대한 차트에 대해 알려주세요.,"이 차트는 취업자 수의 변화를 백만명 단위로 나타내며, 전년 동월 대비 증감을 시각적으로 표현합니다. 차트의 범례에는 좌측 축은 취업자 수를, 우측 축은 전년 동월 대비 증감을 표시하고 있습니다. 본문과 이 차트를 종합해 볼 때, 최근 몇 년간 취업자 수가 감소세를 보이며 실업률이 상승하고 있는 추세임을 확인할 수 있습니다.",1196.606413994169,1073.8775510204082,1043.195335276968,859.1020408163262,2480,3508
train,report,/workspace/data/train/json/MI3_240819_TY1_0039_5.json,/workspace/data/train/jpg/MI2_240819_TY1_0039_5.jpg,MI3_240819_TY1_0039_5,MI3_240819_TY1_0039_5_V01_1,V01,표,고용 관련 지표 표에 대해 알려주세요,"고용 관련 지표 표는 2019년과 2020년의 취업자 수, 실업자 수, 고용률 및 실업률을 시각적으로 정리한 것입니다. 이 표는 각 연도와 분기별로 구분된 데이터로 구성되어 있으며, 계절조정 전후의 취업자 수 변화와 관련된 통계가 포함되어 있습니다. 본문에서는 코로나19의 영향으로 인해 고용 상황이 어떻게 변화했는지에 대한 설명이 있어, 전체적으로 고용 시장의 불안정성이 반영되고 있습니다.",255.6851311953353,409.0962099125364,1012.5131195335277,1165.9241982507288,2480,3508
train,report,/workspace/data/train/json/MI3_240819_TY1_0039_5.json,/workspace/data/train/jpg/MI2_240819_TY1_0039_5.jpg,MI3_240819_TY1_0039_5,MI3_240819_TY1_0039_5_V01_2,V01,표,산업별 취업자수 증감 표에 대해 알려주세요,"산업별 취업자수 증감 표는 2019년과 2020년 동안 각 산업에서의 취업자 수 변화를 나타내고 있습니다. 이 표에는 농림어업부터 전문·과학·기술 서비스까지 다양한 분야가 포함되어 있으며, 각각의 변화폭이 기록되어 있습니다. 전체적으로 서비스 업종에서 큰 변화를 보이고 있으며, 이는 경제적 환경과 밀접한 연관이 있음을 보여줍니다.",1309.1078717201137,1370.6013089808134,986.944606413993,1063.5211399987766,2480,3508
train,report,/workspace/data/train/json/MI3_240819_TY1_0039_5.json,/workspace/data/train/jpg/MI2_240819_TY1_0039_5.jpg,MI3_240819_TY1_0039_5,MI3_240819_TY1_0039_5_V02-1_1,V02-1,차트(세로 막대형),전년동기대비 차트(세로 막대형)에 대해 알려주세요,"전년동기대비 차트는 각 산업 분야별로 만명 단위의 취업자 수 변화를 시각화한 것입니다. 이 차트는 농림어업, 제조업, 건설업 및 서비스업 등 여러 산업군을 비교할 수 있는 정보를 제공합니다. 최근 데이터에 따르면 서비스업은 큰 감소폭을 보였으며, 이는 코로나19의 영향을 명확하게 나타내고 있습니다.",1303.99416909621,419.32361516034985,1022.740524781341,721.0320699708454,2480,3508
train,report,/workspace/data/train/json/MI3_240819_TY1_0039_6.json,/workspace/data/train/jpg/MI2_240819_TY1_0039_6.jpg,MI3_240819_TY1_0039_6,MI3_240819_TY1_0039_6_V01_1,V01,표,월평균 명목임금 표에 대해 알려주세요,"월평균 명목임금 표는 다양한 기간의 전산업 및 상용직 임금을 천 원 단위로 나타냅니다. 이 표에는 각 연도별, 분기별 임금과 함께 전년 동기 대비 변화율이 포함되어 있습니다. 표에 따르면, 최근 몇 달 동안 상용직의 임금 상승폭이 확대되고 있음을 알 수 있습니다.",178.9795918367347,1073.8775510204077,993.7641583513447,1298.880466472302,2480,3508
train,report,/workspace/data/train/json/MI3_240819_TY1_0039_6.json,/workspace/data/train/jpg/MI2_240819_TY1_0039_6.jpg,MI3_240819_TY1_0039_6,MI3_240819_TY1_0039_6_V02-4_1,V02-4,차트(꺾은선형),경기종합지수 꺾은선형 차트에 대해 알려주세요,"경기종합지수 꺾은선형 차트는 시간에 따른 경기동향을 시각적으로 표현합니다. 이 차트는 특정 기간 동안의 지수 변화를 보여주며, 주요 경제 지표를 비교하는 데 유용합니다. 데이터에 따르면, 경기종합지수가 일정한 패턴으로 움직이고 있으며, 최근 경향이 안정세를 보이고 있습니다.",1204.2740839427101,1267.7732303941593,1027.8542274052468,827.1370734359327,2480,3508
train,report,/workspace/data/train/json/MI3_240819_TY1_0039_7.json,/workspace/data/train/jpg/MI2_240819_TY1_0039_7.jpg,MI3_240819_TY1_0039_7,MI3_240819_TY1_0039_7_V02-4_1,V02-4,차트(꺾은선형),소비자물가 상승률 추이 차트(꺾은선형)에 대해 알려주세요,"소비자물가 상승률 추이는 특정 기간 동안의 소비자 물가 변동을 시각적으로 나타낸 것입니다. 이 차트는 전년 동월 대비 비율로 표시되며, 물가 안정 목표와 관련된 통계청 자료를 기반으로 합니다. 최근 국제유가 하락 등 여러 요인으로 소비자물가 상승률이 둔화되고 있음을 보여줍니다.",250.57142857142858,1089.2186588921281,971.6034985422741,823.3061224489795,2480,3508
train,report,/workspace/data/train/json/MI3_240819_TY1_0039_8.json,/workspace/data/train/jpg/MI2_240819_TY1_0039_8.jpg,MI3_240819_TY1_0039_8,MI3_240819_TY1_0039_8_V02-4_1,V02-4,차트(꺾은선형),주택매수 심리지수 부동산가격 주택가격전망 CSI 꺾은선형에 대해 알려주세요,"주택가격전망 CSI 꺾은선형은 주택 가격의 전망을 시각적으로 표현하는 그래프입니다. 이 꺾은선형의 범례는 KB 매매가격 전망지수를 포함하여, 기준치에 대한 변화를 나타냅니다. 본문과 함께 분석할 때, 주택 가격의 상승과 하락 추세가 어떻게 변화하고 있는지를 보여줍니다.",1252.8571428571431,439.77842565597666,981.8309037900874,756.8279883381925,2480,3508
train,report,/workspace/data/train/json/MI3_240819_TY1_0039_8.json,/workspace/data/train/jpg/MI2_240819_TY1_0039_8.jpg,MI3_240819_TY1_0039_8,MI3_240819_TY1_0039_8_V02-8_1,V02-8,차트(혼합형),아파트 매매가격 및 거래량 아파트 전세가격 및 전월세거래량 막대형에 대해 알려주세요,"아파트 매매가격 및 거래량 막대형은 특정 기간 동안 아파트의 매매 거래량과 가격 변동을 시각적으로 보여주는 그래프입니다. 이 막대형은 수도권과 비수도권 간의 비교를 통해 거래량의 변화를 강조합니다. 본문 내용을 바탕으로 보면, 최근 아파트 시장에서의 거래 활발함이 확인됩니다.",209.66180758017495,1615.930029154519,946.0349854227406,823.3061224489795,2480,3508
train,report,/workspace/data/train/json/MI3_240819_TY1_0039_8.json,/workspace/data/train/jpg/MI2_240819_TY1_0039_8.jpg,MI3_240819_TY1_0039_8,MI3_240819_TY1_0039_8_V02-8_2,V02-8,차트(혼합형),최근의 경제동향 최근의 경제동향 전월세거래량 혼합형에 대해 알려주세요,"전월세거래량 혼합형은 전월 대비 전세와 월세 거래량을 비교하여 시각화한 그래프입니다. 이 그래프는 각 지역별로 수치적인 차이를 나타내며, 최근 경제 동향에 따라 임대 시장의 흐름을 설명합니다. 데이터 분석 결과, 특정 지역에서 전세와 월세 모두 증가하는 추세가 나타납니다.",1232.402332361514,2129.4330838515475,1007.3994169096201,785.377411775273,2480,3508
train,report,/workspace/data/train/json/MI3_240819_TY1_0039_9.json,/workspace/data/train/jpg/MI2_240819_TY1_0039_9.jpg,MI3_240819_TY1_0039_9,MI3_240819_TY1_0039_9_V02-4_1,V02-4,차트(꺾은선형),전세수요 우위지수에 대해 알려주세요,"전세수요 우위지수는 주택 시장의 전세 수요와 공급을 나타내는 지표입니다. 이 차트는 전반적인 가격 변동과 함께 전세시장 동향을 보여줍니다. 최근 자료를 바탕으로, 수도권과 지방광역시 간의 가격 차이가 나타나고 있으며, 이는 지역별 수요의 차이를 반영하고 있습니다.",286.36734693877554,429.5510204081632,961.3760932944607,787.5102040816325,2480,3508
train,report,/workspace/data/train/json/MI3_240819_TY1_0039_9.json,/workspace/data/train/jpg/MI2_240819_TY1_0039_9.jpg,MI3_240819_TY1_0039_9,MI3_240819_TY1_0039_9_V02-4_2,V02-4,차트(꺾은선형),부동산가격 상승률에 대해 알려주세요,"부동산가격 상승률은 특정 기간 동안의 부동산 가격 변화를 비율로 나타낸 것입니다. 이 차트에서는 총수출과 일평균 수출이 함께 시각화되어 있어 경제 흐름을 이해하는 데 도움을 줍니다. 최근 데이터에 따르면, 부동산 가격은 지속적으로 상승세를 보이고 있으며, 이는 경제 회복과 관련이 있을 것으로 보입니다.",1298.8804664722936,1964.5176162242142,1038.0816326530569,752.1316154161368,2480,3508
train,report,/workspace/data/train/json/MI3_240819_TY1_0040_1.json,/workspace/data/train/jpg/MI2_240819_TY1_0040_1.jpg,MI3_240819_TY1_0040_1,MI3_240819_TY1_0040_1_V02-4_1,V02-4,차트(꺾은선형),최근의 경제동향 소비자심리지수 꺾은선형에 대해 알려주세요,"소비자심리지수 꺾은선형은 소비자들의 경제적 심리를 나타내는 지표입니다. 이 꺾은선형의 범례는 향후 경기 전망과 소비 지출 전망을 포함하여, 소비자들의 심리 변화를 시각적으로 보여줍니다. 본문에서 언급된 내용에 따르면, 소비자 심리지수가 하락세를 보이며, 이는 경제 전반에 부정적인 영향을 미칠 것으로 예상됩니다.",1283.5393586005832,1053.4227405247811,1022.740524781341,787.5102040816324,2480,3508
train,report,/workspace/data/train/json/MI3_240819_TY1_0040_2.json,/workspace/data/train/jpg/MI2_240819_TY1_0040_2.jpg,MI3_240819_TY1_0040_2,MI3_240819_TY1_0040_2_V02-8_1,V02-8,차트(혼합형),<그림 2> 기계류 투자지수 및 기계류와 정밀기기 수입액 혼합형에 대해 알려주세요,"<그림 2>는 기계류 투자지수와 기계류 및 정밀기기 수입액을 비교한 혼합형 차트입니다. 이 차트의 범례는 좌측 축에는 수입액이, 우측 축에는 투자지수가 나타나 있습니다. 본문에서 언급된 대로, 기계류의 수입과 투자 간의 관계를 통해 최근 경제 동향을 분석할 수 있습니다.",181.57349896480332,1772.1573498964804,998.6542443064181,762.6086956521737,2480,3508
train,report,/workspace/data/train/json/MI3_240819_TY1_0040_2.json,/workspace/data/train/jpg/MI2_240819_TY1_0040_2.jpg,MI3_240819_TY1_0040_2,MI3_240819_TY1_0040_2_V02-8_2,V02-8,차트(혼합형),<그림 3> 건설기성액 혼합형에 대해 알려주세요,"<그림 3>은 건설기성액의 변동을 나타내는 혼합형 차트입니다. 이 차트에서는 전년 동기 대비 증감률과 함께 건설기성액의 흐름을 보여줍니다. 본문 내용에 따르면, 최근 건설기성액이 증가하고 있으며 이는 경제 회복세를 반영하고 있습니다.",1209.2795031055903,1935.5734989648033,1020.4430641821942,798.9233954451345,2480,3508
train,report,/workspace/data/train/json/MI3_240819_TY1_0040_3.json,/workspace/data/train/jpg/MI2_240819_TY1_0040_3.jpg,MI3_240819_TY1_0040_3,MI3_240819_TY1_0040_3_V01_1,V01,표,전산업 생산 전산업 생산에 대해 알려주세요,"전산업 생산은 전체 산업의 생산량 변화를 나타내는 지표입니다. 이 지표는 광공업, 서비스업, 건설업 등 다양한 분야의 변화를 반영합니다. 최근 데이터에 따르면 서비스업에서 감소세가 두드러지며, 전반적인 전산업 생산 또한 소폭 하락했습니다.",265.0973084886126,971.4843008455858,991.3913043478253,713.5177695477875,2480,3508
train,report,/workspace/data/train/json/MI3_240819_TY1_0040_3.json,/workspace/data/train/jpg/MI2_240819_TY1_0040_3.jpg,MI3_240819_TY1_0040_3,MI3_240819_TY1_0040_3_V01_2,V01,표,산업 활동 제조업 생산 및 평균가동률에 대해 알려주세요,"제조업 생산 및 평균가동률은 전기 대비 백분율로 나타낸 수치입니다. 이 데이터는 각 산업의 생산량과 평균 가동률을 비교하여 보여줍니다. 최근 제조업의 생산은 다소 감소세를 보였지만, 특정 산업군에서는 증가한 경향이 관찰됩니다.",1292.803312629398,407.5500108080714,1027.7060041407856,1183.0338401236043,2480,3508
train,report,/workspace/data/train/json/MI3_240819_TY1_0040_4.json,/workspace/data/train/jpg/MI2_240819_TY1_0040_4.jpg,MI3_240819_TY1_0040_4,MI3_240819_TY1_0040_4_V01_1,V01,표,서비스업 생산에 대한 표에 대해 알려주세요.,"이 표는 서비스업 생산의 변화율을 연도별로 나타냅니다. 범례에는 각 업종별 생산 변화율이 포함되어 있으며, 상승과 하락의 비율을 구분할 수 있습니다. 최근 데이터에 따르면 숙박 및 음식점업은 큰 폭으로 감소하고 있으며, 금융 및 보험업은 비교적 안정세를 유지하고 있습니다.",164.60475508272305,973.2339544513461,1008.3600482299054,1503.4285714285686,2480,3508
train,report,/workspace/data/train/json/MI3_240819_TY1_0040_4.json,/workspace/data/train/jpg/MI2_240819_TY1_0040_4.jpg,MI3_240819_TY1_0040_4,MI3_240819_TY1_0040_4_V02-8_1,V02-8,차트(혼합형),취업지수에 대한 차트(혼합형)에 대해 알려주세요.,"이 차트는 취업자 수와 전년 동월 대비 증감률을 함께 보여줍니다. 범례에서는 좌축과 우축에 각각 취업자 수와 그 변동폭이 표시됩니다. 최근 통계에 의하면 취업자 수가 큰 폭으로 감소했으며, 이는 경제 상황의 악화를 반영합니다.",1220.1739130434785,1085.8095238095239,1013.1801242236024,748.0828157349897,2480,3508
train,report,/workspace/data/train/json/MI3_240819_TY1_0040_5.json,/workspace/data/train/jpg/MI2_240819_TY1_0040_5.jpg,MI3_240819_TY1_0040_5,MI3_240819_TY1_0040_5_V01_1,V01,표,<표 7> 고용 관련 지표에 대해 알려주세요,"<표 7>은 고용 관련 다양한 지표를 정리한 표입니다. 이 표에는 취업자 수, 실업자 수 및 실업률 등 여러 통계가 포함되어 있습니다. 데이터를 보면 전체 취업자 수가 전년 동기 대비 감소하는 추세를 보이고 있으며, 특히 실업률이 증가하는 경향이 나타나고 있습니다.",250.57142857142858,417.6190476190469,998.4141826092574,1151.1759834368531,2480,3508
train,report,/workspace/data/train/json/MI3_240819_TY1_0040_5.json,/workspace/data/train/jpg/MI2_240819_TY1_0040_5.jpg,MI3_240819_TY1_0040_5,MI3_240819_TY1_0040_5_V01_2,V01,표,<그림 5> 산업별 취업자수 증감에 대해 알려주세요,"<그림 5>는 산업별로 취업자 수의 변화를 시각적으로 나타낸 차트입니다. 이 차트는 각 산업군의 취업자 수 변화량을 보여주며, 특정 기간 동안의 상승 및 하락 추세를 분석할 수 있게 합니다. 전체적으로 서비스 업종에서 큰 감소폭이 있었음을 확인할 수 있습니다.",1263.7515527950309,1459.8509316770187,1034.9689440993789,1100.3354037267077,2480,3508
train,report,/workspace/data/train/json/MI3_240819_TY1_0040_6.json,/workspace/data/train/jpg/MI2_240819_TY1_0040_6.jpg,MI3_240819_TY1_0040_6,MI3_240819_TY1_0040_6_V01_1,V01,표,월평균 명목임금 표에 대해 알려주세요,"월평균 명목임금 표는 특정 기간 동안의 임금 데이터를 나타냅니다. 이 표에는 전년 동기 대비 변화율과 다양한 직종의 평균 임금이 포함되어 있습니다. 2020년 2월 중 명목임금 상승률이 큰 폭으로 하락했음을 보여주며, 이는 상용직과 임시·일용직 간의 임금 변화가 상이함을 시사합니다.",192.4679089026915,689.9792960662526,969.6024844720497,1314.5921325051759,2480,3508
train,report,/workspace/data/train/json/MI3_240819_TY1_0040_6.json,/workspace/data/train/jpg/MI2_240819_TY1_0040_6.jpg,MI3_240819_TY1_0040_6,MI3_240819_TY1_0040_6_V02-4_1,V02-4,차트(꺾은선형),경기종합지수 꺾은선형 차트에 대해 알려주세요,"경기종합지수 꺾은선형 차트는 경제 상황을 종합적으로 분석하기 위해 사용됩니다. 이 차트는 시간에 따른 경기 지수 변화를 시각적으로 나타내며, 각 데이터 포인트는 특정 시점의 경기 상태를 반영합니다. 최근 몇 년간의 추세를 보면 경기 지수가 일정한 변동성을 보이며, 이는 경제적 불확실성이 존재함을 나타냅니다.",1209.2795031055903,1281.9089026915112,1045.863354037267,820.7122153209109,2480,3508
train,report,/workspace/data/train/json/MI3_240819_TY1_0040_7.json,/workspace/data/train/jpg/MI2_240819_TY1_0040_7.jpg,MI3_240819_TY1_0040_7,MI3_240819_TY1_0040_7_V01_1,V01,표,소비자물가 연간 비교 표에 대해 알려주세요,"소비자물가 연간 비교 표는 특정 기간 동안의 물가 변화를 비교하는 정보를 제공합니다. 이 표의 범례는 전년 동기 대비 각 품목별 물가 상승률을 나타내며, 다양한 품목들의 가격 변동 상황을 알 수 있게 해줍니다. 자료를 통해 우리는 농축수산물과 공업제품 등의 가격 변화 경향을 확인할 수 있습니다.",1309.0698545748953,1234.6997929606625,978.7562323816247,1245.5942028985476,2480,3508
train,report,/workspace/data/train/json/MI3_240819_TY1_0040_7.json,/workspace/data/train/jpg/MI2_240819_TY1_0040_7.jpg,MI3_240819_TY1_0040_7,MI3_240819_TY1_0040_7_V02-4_1,V02-4,차트(꺾은선형),소비자물가 상승률 추이 꺾은선형에 대해 알려주세요,"소비자물가 상승률 추이는 꺾은선형 형태로 나타내어집니다. 이 꺾은선형의 범례는 전년 동월 대비 소비자물가 상승률을 나타내며, 주요 품목들의 가격 변동을 시각적으로 표현합니다. 최근의 데이터에 따르면 소비자물가는 국제유가 하락과 수요 측 압력 완화로 인해 낮은 수준을 유지할 것으로 예상됩니다.",272.360248447205,1136.6501035196686,940.5507246376812,867.9213250517597,2480,3508
train,report,/workspace/data/train/json/MI3_240819_TY1_0040_8.json,/workspace/data/train/jpg/MI2_240819_TY1_0040_8.jpg,MI3_240819_TY1_0040_8,MI3_240819_TY1_0040_8_V02-8_1,V02-8,차트(혼합형),아파트 매매가격 및 거래량 아파트 매매거래량 혼합형에 대해 알려주세요,"아파트 매매거래량 혼합형은 전국 아파트의 거래량과 매매 가격 변화를 동시에 나타내는 그래프입니다. 이 그래프의 범례는 수도권과 비수도권 각각의 매매 거래량을 비교합니다. 최근 데이터를 통해 전국적인 거래량이 감소 추세를 보이며, 특히 수도권에서 더 두드러진 하락세가 관찰되고 있습니다.",174.3105590062112,1648.6873706004142,987.7598343685302,827.9751552795028,2480,3508
train,report,/workspace/data/train/json/MI3_240819_TY1_0040_8.json,/workspace/data/train/jpg/MI2_240819_TY1_0040_8.jpg,MI3_240819_TY1_0040_8,MI3_240819_TY1_0040_8_V02-8_2,V02-8,차트(혼합형),아파트 전세가격 및 전월세거래량 아파트 전월세거래량 혼합형에 대해 알려주세요,"아파트 전월세거래량 혼합형은 전세와 월세 거래량 변화 추이를 시각적으로 표현한 것입니다. 이 그래프는 각 지역별로 전월 대비 증가 또는 감소 폭을 명확히 보여줍니다. 분석 결과, 수도권과 비수도권 모두에서 전월세 거래량이 소폭 하락하며 시장 상황이 위축되고 있음을 나타냅니다.",1212.910973084886,2138.9358178053826,987.7598343685302,827.9751552795028,2480,3508
train,report,/workspace/data/train/json/MI3_240819_TY1_0040_8.json,/workspace/data/train/jpg/MI2_240819_TY1_0040_8.jpg,MI3_240819_TY1_0040_8,MI3_240819_TY1_0040_8_V02-4_1,V02-4,차트(꺾은선형),주택매수 심리지수 부동산가격 주택가격전망CSI 꺾은선형에 대해 알려주세요,"주택가격전망CSI 꺾은선형은 주택 가격에 대한 전망을 시각적으로 나타낸 것입니다. 이 그래프의 범례는 기준치 100을 기준으로 한 다양한 주택 가격 전망 지수를 포함하고 있습니다. 본문에서는 최근 아파트 매매 가격의 상승폭이 축소되었음을 보여주는 지표들이 하락세를 보이며, 전체적인 부동산 시장의 우려가 반영되고 있습니다.",1245.5942028985448,442.0790906854767,987.7598343685266,765.1594585464527,2480,3508
train,report,/workspace/data/train/json/MI3_240819_TY1_0040_9.json,/workspace/data/train/jpg/MI2_240819_TY1_0040_9.jpg,MI3_240819_TY1_0040_9,MI3_240819_TY1_0040_9_V02-4_1,V02-4,차트(꺾은선형),전세수요 우위지수 대외 거래 수출 꺾은선형에 대해 알려주세요,"수출 꺾은선형은 특정 기간 동안의 수출 데이터를 시각적으로 나타낸 것입니다. 이 차트는 각 연도와 월별 수출 현황을 비교할 수 있는 범례를 제공하여, 변화 추이를 쉽게 이해할 수 있게 도와줍니다. 본문 내용을 기반으로 볼 때, 최근의 수출은 전년 동월 대비 감소세를 보이고 있으며, 특히 IT 제품과 비IT 제품 모두에서 부진한 성과가 나타나고 있습니다.",268.72877846790885,435.776397515528,944.1821946169771,773.5033699159062,2480,3508
train,report,/workspace/data/train/json/MI3_240819_TY1_0040_9.json,/workspace/data/train/jpg/MI2_240819_TY1_0040_9.jpg,MI3_240819_TY1_0040_9,MI3_240819_TY1_0040_9_V02-4_2,V02-4,차트(꺾은선형),부동산가격 상승률1) 2) 최근의 경제동향 꺾은선형에 대해 알려주세요,"꺾은선형 그래프는 시간에 따른 부동산 가격 상승률을 보여주는 도구입니다. 이 그래프는 다양한 시점에서의 가격 변화를 한눈에 볼 수 있도록 해주며, 상승 및 하락의 경향성을 파악하는 데 유용합니다. 본문과 연결해보면, 현재 부동산 시장이 큰 변화를 겪고 있으며, 특히 수도권과 비수도권 간의 차이가 두드러지고 있다는 점이 눈에 띕니다.",1279.9229425465837,1899.2587991718424,986.1143245341602,751.714285714285,2480,3508
train,report,/workspace/data/train/json/MI3_240819_TY1_0041_1.json,/workspace/data/train/jpg/MI2_240819_TY1_0041_1.jpg,MI3_240819_TY1_0041_1,MI3_240819_TY1_0041_1_V01_1,V01,표,최근의 경제동향에 대한 소매판매액 관련 표에 대해 알려주세요,"소매판매액 관련 표는 다양한 시점에서의 소매판매 변화율을 정리한 것입니다. 이 표에는 내구재, 준내구재, 비내구재 등 여러 부문별 판매 실적이 포함되어 있습니다. 데이터에 따르면, 최근 소매판매가 전년 동기 대비 증가세를 보이며 회복 중임을 나타냅니다.",267.1112876299249,1605.9351039757717,978.4829152686244,681.8909829807471,2480,3508
train,report,/workspace/data/train/json/MI3_240819_TY1_0041_1.json,/workspace/data/train/jpg/MI2_240819_TY1_0041_1.jpg,MI3_240819_TY1_0041_1,MI3_240819_TY1_0041_1_V02-4_1,V02-4,차트(꺾은선형),최근의 경제동향에 대한 소비자심리지수 꺾은선형 그래프에 대해 알려주세요,"소비자심리지수 꺾은선형 그래프는 소비자들이 느끼는 경제적 심리를 시각적으로 나타낸 것입니다. 이 그래프는 소비지출전망과 향후 경기 전망을 비교하여 보여줍니다. 본문에 따르면, 소비자심리지수가 최근 3개월 연속 감소 후 증가 추세로 돌아섰음을 알 수 있습니다.",1285.5403726708073,1045.863354037267,1031.3374741200828,820.7122153209109,2480,3508
train,report,/workspace/data/train/json/MI3_240819_TY1_0041_2.json,/workspace/data/train/jpg/MI2_240819_TY1_0041_2.jpg,MI3_240819_TY1_0041_2,MI3_240819_TY1_0041_2_V01_1,V01,표,최근의 경제동향에 대한 설비투자 관련 지표 표에 대해 알려주세요,"설비투자 관련 지표 표는 전년 대비 비율로 다양한 기계류와 관련된 데이터들을 보여줍니다. 이 표에서는 설비투자지수와 기계류 내수 출하량 등의 정보를 제공하며, 각 항목은 연도별로 비교되고 있습니다. 데이터를 통해 2020년의 경우 일부 기계류 분야에서 긍정적인 추세가 나타나는 반면, 다른 분야에서는 감소세가 보이고 있습니다.",181.57349896480332,417.61904761904754,991.391304347826,842.5010351966874,2480,3508
train,report,/workspace/data/train/json/MI3_240819_TY1_0041_2.json,/workspace/data/train/jpg/MI2_240819_TY1_0041_2.jpg,MI3_240819_TY1_0041_2,MI3_240819_TY1_0041_2_V01_2,V01,표,최근의 경제동향에 대한 건설투자 관련 지표 표에 대해 알려주세요,"건설투자 관련 지표 표는 연도별 건설기성액과 같은 중요 지표들을 전년 동기 대비 비율로 정리하고 있습니다. 이 표는 건물 및 토목 분야의 변화 추세를 시각적으로 보여주며, 각각의 수치는 투자 경향을 파악하는 데 도움을 줍니다. 특히 2020년에는 건축 부분에서 감소세가 지속되어 어려운 상황을 나타내고 있습니다.",1216.5424430641822,689.9792960662526,998.6542443064185,907.8674948240165,2480,3508
train,report,/workspace/data/train/json/MI3_240819_TY1_0041_2.json,/workspace/data/train/jpg/MI2_240819_TY1_0041_2.jpg,MI3_240819_TY1_0041_2,MI3_240819_TY1_0041_2_V02-8_1,V02-8,차트(혼합형),최근의 경제동향에 대한 기계류 투자지수 및 기계류와 정밀기기 수입액 차트에 대해 알려주세요,"기계류 투자지수 및 기계류와 정밀기기 수입액 차트는 시간 경과에 따른 두 가지 주요 지표를 비교하여 보여줍니다. 이 차트에서는 기계류 투자지수가 오른쪽 축으로, 수입액이 왼쪽 축으로 설정되어 있어 그 상관관계를 쉽게 분석할 수 있습니다. 최근 몇 년간의 데이터를 보면, 기계류 투자지수가 상승하는 가운데 수입액이 일정한 변동성을 보이며 안정세를 유지하고 있음을 알 수 있습니다.",196.09937888198726,1753.9999999999975,954.9444417870893,744.4513457556912,2480,3508
train,report,/workspace/data/train/json/MI3_240819_TY1_0041_2.json,/workspace/data/train/jpg/MI2_240819_TY1_0041_2.jpg,MI3_240819_TY1_0041_2,MI3_240819_TY1_0041_2_V02-8_2,V02-8,차트(혼합형),최근의 경제동향에 대한 건설기성액 차트에 대해 알려주세요,"건설기성액 차트는 연도별 건설활동의 규모를 전년 동기 대비 변화율로 표현한 것입니다. 이 차트에서는 시간이 지나면서 증감률을 시각적으로 확인할 수 있도록 구성되어 있습니다. 최근 데이터에 따르면, 건설기성액은 특정 시점에서 급격한 감소세를 경험했으며 이는 시장 상황과 밀접하게 연결되어 있음을 나타냅니다.",1194.7536231884058,2135.304347826087,1034.9689440993786,762.6086956521734,2480,3508
train,report,/workspace/data/train/json/MI3_240819_TY1_0041_3.json,/workspace/data/train/jpg/MI2_240819_TY1_0041_3.jpg,MI3_240819_TY1_0041_3,MI3_240819_TY1_0041_3_V02-1_1,V02-1,차트(세로 막대형),산업별 취업자수 증감에 대해 알려주세요,"<그림 5>는 산업별 취업자수의 증감을 나타내는 차트입니다. 이 차트는 각 산업 부문에서의 취업자 수 변화를 시각적으로 표현하고 있습니다. 전체적으로 서비스업과 농림어업 부문에서 변화가 두드러지며, 제조업과 건설업은 감소세를 보이고 있는 것으로 분석됩니다.",1303.6977225672879,417.61904761904754,1005.9171842650104,806.1863354037267,2480,3508
train,report,/workspace/data/train/json/MI3_240819_TY1_0041_3.json,/workspace/data/train/jpg/MI2_240819_TY1_0041_3.jpg,MI3_240819_TY1_0041_3,MI3_240819_TY1_0041_3_V01_1,V01,표,고용 관련 지표에 대해 알려주세요,"<표 7>은 고용 관련 지표를 나타내는 표입니다. 이 표는 취업자 수, 실업자 수 및 실업률 등의 정보를 포함하고 있습니다. 최근 데이터에 따르면, 취업자 수가 전년 동기 대비 변화하는 모습을 보여주며, 특히 계절조정 후의 실업률이 지속적으로 변동하고 있음을 알 수 있습니다.",248.29590699155912,404.2309538041708,991.391304347826,1169.3333333333333,2480,3508
train,report,/workspace/data/train/json/MI3_240819_TY1_0041_3.json,/workspace/data/train/jpg/MI2_240819_TY1_0041_3.jpg,MI3_240819_TY1_0041_3,MI3_240819_TY1_0041_3_V01_2,V01,표,산업별 취업지수 증감에 대해 알려주세요,"<표 8>은 산업별 취업지수의 증감을 보여주는 표입니다. 이 표에서는 각 산업군 별로 연간 및 분기별 데이터가 제시되어 있으며, 관련된 통계적 정보도 포함됩니다. 최근 자료에 따르면, 서비스 업종이 긍정적인 변화세를 보이는 반면 일부 제조 및 건설 업종에서는 감소폭이 확대되고 있는 경향을 확인할 수 있습니다.",1289.1718426501036,1448.95652173913,1016.8115942028986,1089.44099378882,2480,3508
train,report,/workspace/data/train/json/MI3_240819_TY1_0041_4.json,/workspace/data/train/jpg/MI2_240819_TY1_0041_4.jpg,MI3_240819_TY1_0041_4,MI3_240819_TY1_0041_4_V02-4_1,V02-4,차트(꺾은선형),경기종합지수 꺾은선형에 대해 알려주세요,"경기종합지수 꺾은선형은 경제의 전반적인 흐름과 추세를 시각적으로 나타내는 그래프입니다. 이 그래프는 경기의 변화와 선행 지표 간의 관계를 설명하기 위해 사용됩니다. 최근 데이터에 따르면, 경기종합지수가 다소 하락세를 보이고 있으며 이는 경제 회복의 불확실성을 반영하고 있습니다.",1227.4368530020704,1281.9089026915112,1034.9689440993789,838.8695652173911,2480,3508
train,report,/workspace/data/train/json/MI3_240819_TY1_0041_4.json,/workspace/data/train/jpg/MI2_240819_TY1_0041_4.jpg,MI3_240819_TY1_0041_4,MI3_240819_TY1_0041_4_V01_1,V01,표,월평균 명목임금 표에 대해 알려주세요,"월평균 명목임금 표는 특정 기간 동안의 임금 변화를 정리한 자료입니다. 이 표는 각 카테고리별 임금 수준을 비교할 수 있도록 구성되어 있습니다. 최근 몇 개월 동안 전산업 및 상용직 임금이 상승하는 경향을 보였으나, 일부 직종에서는 여전히 하락세가 관찰되고 있습니다.",196.09937888198758,1336.3809523809523,965.9710144927537,1292.8033126293997,2480,3508
train,report,/workspace/data/train/json/MI3_240819_TY1_0041_5.json,/workspace/data/train/jpg/MI2_240819_TY1_0041_5.jpg,MI3_240819_TY1_0041_5,MI3_240819_TY1_0041_5_V02-4_1,V02-4,차트(꺾은선형),소비자물가 상승률 추이 꺾은선형에 대해 알려주세요,"소비자물가 상승률 추이는 시간에 따른 소비자물가의 변화를 보여주는 꺾은선형 그래프입니다. 이 그래프는 전년 동월 대비 백분율 변화로 나타내며, 물가의 전반적인 상승 또는 하락 추세를 시각적으로 설명합니다. 현재 소비자물가는 낮은 국제유가와 수요측 압력 약화로 인해 당분간 낮은 수준을 유지할 것으로 예상됩니다.",286.8861283643892,1103.966873706004,958.7080745341615,867.9213250517598,2480,3508
train,report,/workspace/data/train/json/MI3_240819_TY1_0041_5.json,/workspace/data/train/jpg/MI2_240819_TY1_0041_5.jpg,MI3_240819_TY1_0041_5,MI3_240819_TY1_0041_5_V01_1,V01,표,소비자물가 꺾은선형에 대해 알려주세요,"소비자물가는 다양한 품목의 가격 변화를 시간에 따라 나타내는 꺾은선형 그래프입니다. 이 그래프는 특정 기간 동안의 가격 변동을 백분율로 표시하며, 각 품목별 가격 변화를 상세히 보여줍니다. 최근 농축수산물 및 공업제품 가격 변화가 있었으며, 전체적으로 물가는 안정세를 보이고 있습니다.",1289.1718426501031,1240.9062896726305,1009.548654244306,1264.8079960416542,2480,3508
train,report,/workspace/data/train/json/MI3_240819_TY1_0041_6.json,/workspace/data/train/jpg/MI2_240819_TY1_0041_6.jpg,MI3_240819_TY1_0041_6,MI3_240819_TY1_0041_6_V02-4_1,V02-4,차트(꺾은선형),부동산가격 주택매수 심리지수 꺾은선형에 대해 알려주세요,"주택매수 심리지수를 나타내는 꺾은선형은 주택가격 전망에 대한 소비자의 심리를 시각적으로 표현합니다. 이 차트에서는 기준치인 100을 기준으로 다양한 수치가 나열되어 있으며, 특정 기간 동안의 주택가격 변화를 보여줍니다. 본문에서 언급된 데이터와 함께, 주택가격 전망이 상대적으로 안정세를 보이고 있는 반면, KB매매가격 전망지수가 상승하는 경향이 있음을 알 수 있습니다.",1220.1739130434785,432.14492753623193,1024.0745341614904,704.5051759834367,2480,3508
train,report,/workspace/data/train/json/MI3_240819_TY1_0041_6.json,/workspace/data/train/jpg/MI2_240819_TY1_0041_6.jpg,MI3_240819_TY1_0041_6,MI3_240819_TY1_0041_6_V02-8_1,V02-8,차트(혼합형),부동산가격 아파트 매매가격 및 거래량 혼합형에 대해 알려주세요,"아파트 매매가격과 거래량을 나타내는 혼합형 차트는 두 가지 지표를 동시에 시각화하여 비교할 수 있게 합니다. 이 차트에서는 수도권과 비수도권의 매매거래량 변화가 표시되고 있으며, 각 지역의 부동산 시장 동향을 파악할 수 있습니다. 본문에서 설명된 바와 같이, 최근 거래량이 감소세를 보이는 가운데 수도권과 비수도권 간의 가격 변화가 상이하게 나타나는 것을 확인할 수 있습니다.",203.36231884057972,1652.31884057971,962.3395445134576,769.8716356107661,2480,3508
train,report,/workspace/data/train/json/MI3_240819_TY1_0041_6.json,/workspace/data/train/jpg/MI2_240819_TY1_0041_6.jpg,MI3_240819_TY1_0041_6,MI3_240819_TY1_0041_6_V02-8_2,V02-8,차트(혼합형),부동산가격 아파트 전세가격 및 전월세거래량 혼합형에 대해 알려주세요,"아파트 전세가격과 전월세 거래량을 동시에 나타내는 혼합형 차트는 시장의 흐름을 종합적으로 이해하는 데 도움이 됩니다. 이 차트에는 전월 대비 변동률이 표기되어 있어 전세시장에 대한 통찰력을 제공합니다. 본문에서 언급된 내용처럼, 전세시장이 상대적으로 안정적이나 일부 지역에서 미세한 변화가 감지되고 있음을 알 수 있습니다.",1231.0683229813665,2149.8302277432713,962.3395445134579,733.5569358178054,2480,3508
train,report,/workspace/data/train/json/MI3_240819_TY1_0041_7.json,/workspace/data/train/jpg/MI2_240819_TY1_0041_7.jpg,MI3_240819_TY1_0041_7,MI3_240819_TY1_0041_7_V02-4_1,V02-4,차트(꺾은선형),전세수요 우위지수 대외 거래 수출 꺾은선형에 대해 알려주세요,"수출 꺾은선형은 특정 기간 동안의 수출량 변화를 시각적으로 나타낸 것입니다. 이 차트는 연도별 혹은 분기별로 수출량의 변동을 보여주며, 해당 데이터는 국민은행의 주택가격 동향 자료를 기반으로 합니다. 최근 데이터에 따르면, 반도체 분야에서 비대면 활동의 증가로 인해 서버 수요가 증가하면서 전반적인 수출량이 변화하고 있음을 알 수 있습니다.",286.8861283643892,417.61904761904754,965.9710144927537,726.2939958592133,2480,3508
train,report,/workspace/data/train/json/MI3_240819_TY1_0041_7.json,/workspace/data/train/jpg/MI2_240819_TY1_0041_7.jpg,MI3_240819_TY1_0041_7,MI3_240819_TY1_0041_7_V02-4_2,V02-4,차트(꺾은선형),부동산가격 상승률 부동산시장 동향 총수출 꺾은선형에 대해 알려주세요,"총수출 꺾은선형은 일정 기간 동안의 총수출 변화 추이를 나타내는 그래프입니다. 이 차트는 일평균 수출과 선박 제외 일평균 등을 포함하여 다양한 지표를 통해 수출 현황을 설명합니다. 현재 데이터에서는 특정 제품군에서의 성장은 보이지만, 전체적인 수치는 국제 경제 상황에 따라 불확실성이 존재함을 시사합니다.",1303.6977225672879,1870.207039337474,995.022774327122,744.4513457556935,2480,3508
train,report,/workspace/data/train/json/MI3_240819_TY1_0041_8.json,/workspace/data/train/jpg/MI2_240819_TY1_0041_8.jpg,MI3_240819_TY1_0041_8,MI3_240819_TY1_0041_8_V01_1,V01,표,<표 12> 품목별 수출에 대한 차트(세로 막대형)에 대해 알려주세요,"<표 12> 품목별 수출 차트(세로 막대형)는 특정 기간 동안의 품목별 수출액을 시각적으로 표현한 것입니다. 이 차트의 범례는 각 품목의 연도별 수출액 변화율을 나타내며, 세부 품목들에 대한 정보를 제공합니다. 본문과 차트를 통해 2019년과 2020년 사이의 주요 품목들의 수출 추세가 감소세를 보였음을 알 수 있습니다.",159.78467908902684,402.8620975821513,1024.0745341614902,1438.2931819209532,2480,3508
train,report,/workspace/data/train/json/MI3_240819_TY1_0041_8.json,/workspace/data/train/jpg/MI2_240819_TY1_0041_8.jpg,MI3_240819_TY1_0041_8,MI3_240819_TY1_0041_8_V01_2,V01,표,<표 13> 지역별 수출에 대한 차트(가로 막대형)에 대해 알려주세요,<표 13> 지역별 수출 차트(가로 막대형)는 다양한 국가 및 지역으로의 수출 변화를 보여주는 시각적 자료입니다. 이 차트의 범례는 각 국가 또는 지역에 대한 연도별 수출 변화율을 포함하고 있습니다. 본문과 차트를 바탕으로 선진국 및 신흥국으로의 수출이 모두 감소하는 추세를 확인할 수 있습니다.,1209.2795031055903,951.4451345755692,998.6542443064181,1078.5465838509315,2480,3508
train,report,/workspace/data/train/json/MI3_240819_TY1_0041_9.json,/workspace/data/train/jpg/MI2_240819_TY1_0041_9.jpg,MI3_240819_TY1_0041_9,MI3_240819_TY1_0041_9_V02-4_1,V02-4,차트(꺾은선형),최근의 경제동향에서 제시된 경상수지 꺾은선형 차트에 대해 알려주세요,"경상수지 꺾은선형 차트는 시간에 따른 경상수지의 변화를 시각적으로 나타냅니다. 이 차트는 수출과 수입 간의 관계를 이해하는 데 도움을 주며, 각 데이터 포인트는 특정 시점에서의 경상수지를 나타냅니다. 본문에서 설명된 바와 같이 4월에는 적자가 기록되었으며, 이는 코로나19로 인한 수출 부진 등 여러 요인에 기인합니다.",283.25465838509314,417.61904761904754,933.2877846790891,715.3995859213251,2480,3508
train,report,/workspace/data/train/json/MI3_240819_TY1_0042_1.json,/workspace/data/train/jpg/MI2_240819_TY1_0042_1.jpg,MI3_240819_TY1_0042_1,MI3_240819_TY1_0042_1_V02-4_1,V02-4,차트(꺾은선형),최근의 경제동향에 대한 소비자심리지수 꺾은선형 차트에 대해 알려주세요,"소비자심리지수 꺾은선형 차트는 소비자들의 경제에 대한 심리적 전망을 시각적으로 나타내는 그래프입니다. 이 차트의 범례는 향후 경기 전망과 소비 지출 전망을 보여줍니다. 본문 내용을 바탕으로 볼 때, 소비자 심리지수는 최근 몇 년간 변화가 있었으며, 향후 경기에 대한 긍정적인 전망이 보이는 추세를 보이고 있습니다.",1274.645962732919,962.3395445134574,1064.0207039337474,773.5031055900622,2480,3508
train,report,/workspace/data/train/json/MI3_240819_TY1_0042_1.json,/workspace/data/train/jpg/MI2_240819_TY1_0042_1.jpg,MI3_240819_TY1_0042_1,MI3_240819_TY1_0042_1_V01_1,V01,표,최근의 경제동향에 대한 소비 관련 지표 표에 대해 알려주세요,"소비 관련 지표 표는 소매판매액 및 다양한 상품군의 판매 변화를 수치로 나타낸 데이터입니다. 이 표에는 전기 대비와 전년 동기 대비의 변화율이 포함되어 있습니다. 본문 내용과 표를 종합하면, 소매판매액은 최근 몇 달간 증감을 반복하며 내구재 및 준내구재에서 긍정적인 성장이 있음을 알 수 있습니다.",268.7287784679089,1513.4526503523039,969.6024844720494,709.0069769768891,2480,3508
train,report,/workspace/data/train/json/MI3_240819_TY1_0042_2.json,/workspace/data/train/jpg/MI2_240819_TY1_0042_2.jpg,MI3_240819_TY1_0042_2,MI3_240819_TY1_0042_2_V01_1,V01,표,건설기성액 관련 자료와 설비투자 관련 지표에 대해 알려주세요.,"설비투자 지수는 특정 기간 동안의 설비 투자 변화를 나타내는 수치입니다. 이 차트에서는 다양한 기계류 및 운송 장비의 전기 대비 투자 지수를 보여줍니다. 본문에서 언급된 바와 같이, 2020년에는 기계류 투자가 감소세를 보였으며, 이는 최근 경제 상황과 밀접한 관련이 있습니다.",177.94202898550725,413.9875776397515,984.128364389234,849.7639751552795,2480,3508
train,report,/workspace/data/train/json/MI3_240819_TY1_0042_2.json,/workspace/data/train/jpg/MI2_240819_TY1_0042_2.jpg,MI3_240819_TY1_0042_2,MI3_240819_TY1_0042_2_V01_2,V01,표,건설기성액 및 건설수주액 변화에 대해 알려주세요.,"이 자료는 건설기성액과 건설수주액의 연간 변화율을 나타냅니다. 범례를 통해 각각의 시점에서의 기성과 수주의 변화가 명확히 드러납니다. 본문 내용을 보면, 최근 몇 년 간 건물 및 토목 부문에서 큰 변동을 겪었음을 알 수 있습니다.",1225.4560899270664,697.242162600998,990.1307657138344,911.4989648033109,2480,3508
train,report,/workspace/data/train/json/MI3_240819_TY1_0042_2.json,/workspace/data/train/jpg/MI2_240819_TY1_0042_2.jpg,MI3_240819_TY1_0042_2,MI3_240819_TY1_0042_2_V02-8_1,V02-8,차트(혼합형),기계류 투자지수 및 기계류와 정밀기기 수입액에 대해 알려주세요.,"이 차트는 기계류 투자지수와 기계류 및 정밀기기의 수입 액수를 동시에 보여주는 그래프입니다. 범례를 통해 두 가지 요소 간의 상관관계를 파악할 수 있습니다. 자료를 분석해보면, 최근 몇 년 간 기계류 투자는 증가 추세를 보였으나, 수입 액수는 변동성이 있음을 알 수 있습니다.",199.73084886128365,1750.3685300207037,955.0766045548655,748.0828157349895,2480,3508
train,report,/workspace/data/train/json/MI3_240819_TY1_0042_2.json,/workspace/data/train/jpg/MI2_240819_TY1_0042_2.jpg,MI3_240819_TY1_0042_2,MI3_240819_TY1_0042_2_V02-8_2,V02-8,차트(혼합형),건설기성액에 대한 최근 통계를 알려주세요.,"이 자료는 건설기성액의 변화율을 시간대별로 비교하여 보여줍니다. 범례에서는 각 시점에서의 증감률을 확인할 수 있습니다. 분석 결과, 최근 몇 년 간 건설기성액은 지속적으로 감소하는 경향을 보이고 있으며, 이는 경제적 요인과 관련되어 있습니다.",1204.7777021121367,2151.961097391412,1000.8750297290517,715.3995859213234,2480,3508
train,report,/workspace/data/train/json/MI3_240819_TY1_0042_3.json,/workspace/data/train/jpg/MI2_240819_TY1_0042_3.jpg,MI3_240819_TY1_0042_3,MI3_240819_TY1_0042_3_V01_1,V01,표,산업 활동 <표 4> 전산업 생산에 대해 알려주세요,"<표 4>는 전산업의 전체적인 생산 동향을 보여주는 표입니다. 이 표는 산업별로 전기 대비 성장률과 전년 동기 대비 변화율을 나열하고 있습니다. 최근 데이터에서는 광공업과 건설 업종에서 감소세가 두드러지며, 서비스 업종은 소폭 상승한 것을 볼 수 있습니다.",250.57140889666223,970.8629496821939,995.0227743271216,735.927867163111,2480,3508
train,report,/workspace/data/train/json/MI3_240819_TY1_0042_3.json,/workspace/data/train/jpg/MI2_240819_TY1_0042_3.jpg,MI3_240819_TY1_0042_3,MI3_240819_TY1_0042_3_V01_2,V01,표,산업 활동 <표 5> 제조업 생산 및 평균가동률에 대해 알려주세요,"<표 5>는 제조업의 생산량과 평균 가동률을 보여주는 표입니다. 이 표는 제조업의 세부 항목별로 생산량 변화와 평균 가동률을 나타내며, 각 요소에 대한 비교를 제공합니다. 전반적으로, 최근 몇 년간 제조업의 생산이 변동성을 보이고 있으며, 특히 반도체 부문에서 두드러진 증가세가 관찰됩니다.",1310.96066252588,406.7246376811594,973.2339544513458,1187.4906832298134,2480,3508
train,report,/workspace/data/train/json/MI3_240819_TY1_0042_4.json,/workspace/data/train/jpg/MI2_240819_TY1_0042_4.jpg,MI3_240819_TY1_0042_4,MI3_240819_TY1_0042_4_V01_1,V01,표,서비스업 생산에 대해 알려주세요,"서비스업 생산은 연간 또는 분기별로 서비스 산업의 생산량 변화를 나타내는 데이터입니다. 이 그래프는 다양한 서비스업 부문의 전기대비 및 전년동기대비 성장률을 보여줍니다. 최근의 추세를 보면, 숙박 및 음식점업과 예술, 스포츠 및 여가 관련 서비스업에서 특히 큰 증가폭을 보이고 있습니다.",174.3105590062112,809.8178053830227,987.7598343685302,1496.165631469979,2480,3508
train,report,/workspace/data/train/json/MI3_240819_TY1_0042_4.json,/workspace/data/train/jpg/MI2_240819_TY1_0042_4.jpg,MI3_240819_TY1_0042_4,MI3_240819_TY1_0042_4_V02-8_1,V02-8,차트(혼합형),취업자수 변화에 대해 알려주세요,"취업자수 변화는 특정 기간 동안의 고용 상태를 시각적으로 표현하는 데이터입니다. 이 차트는 취업자 수와 전년 동월 대비 증감을 나타내며, 특정 기간 동안의 취업자 수 변화를 쉽게 이해할 수 있도록 돕습니다. 최근 몇 년 간의 데이터를 보면, 취업자 수가 감소하였으나 일부 시점에서는 회복세를 보이기도 했습니다.",1245.5942028985487,1089.4409937888197,956.0997923856517,704.5051759834348,2480,3508
train,report,/workspace/data/train/json/MI3_240819_TY1_0042_5.json,/workspace/data/train/jpg/MI2_240819_TY1_0042_5.jpg,MI3_240819_TY1_0042_5,MI3_240819_TY1_0042_5_V01_1,V01,표,고용 관련 지표에 대해 알려주세요,"<표 7> 고용 관련 지표는 취업자 수, 실업자 수, 고용률 등의 통계 정보를 포함하는 표입니다. 이 표의 범례는 각 연도 및 분기별 고용 상황을 보여줍니다. 전체적으로 취업자 수가 감소하고 있으며, 특히 실업률이 상승하는 추세를 보이고 있습니다.",228.7826086956522,410.35610766045545,1024.0745341614906,1158.4389233954453,2480,3508
train,report,/workspace/data/train/json/MI3_240819_TY1_0042_5.json,/workspace/data/train/jpg/MI2_240819_TY1_0042_5.jpg,MI3_240819_TY1_0042_5,MI3_240819_TY1_0042_5_V01_2,V01,표,산업별 취업지수 증감에 대해 알려주세요,"<표 8> 산업별 취업지수 증감은 다양한 산업군의 연간 및 분기별 변화를 기록한 표입니다. 이 표에서는 각 산업의 변화폭을 비교할 수 있도록 설정되어 있습니다. 최근 분석 결과 서비스 업종에서 상대적으로 높은 증가세를 보였으나, 제조 및 건설 업종은 여전히 감소세를 면치 못하고 있는 것으로 나타났습니다.",1303.6977225672879,1448.95652173913,984.128364389234,1118.4927536231885,2480,3508
train,report,/workspace/data/train/json/MI3_240819_TY1_0042_5.json,/workspace/data/train/jpg/MI2_240819_TY1_0042_5.jpg,MI3_240819_TY1_0042_5,MI3_240819_TY1_0042_5_V02-1_1,V02-1,차트(세로 막대형),산업별 취업자수 증감에 대해 알려주세요,<그림 5> 산업별 취업자수 증감은 특정 기간 동안의 산업별 취업자 수 변화를 나타내는 차트입니다. 이 차트의 범례는 각 산업군에서의 취업자 수 변화를 보여줍니다. 최근 데이터에 따르면 전체적인 추세로 농림어업과 서비스업은 긍정적인 변화를 보였지만 제조업과 건설업에서는 부정적인 경향이 뚜렷하게 나타나고 있습니다.,1310.96066252588,432.144927536232,1027.7060041407867,766.2401656314698,2480,3508
train,report,/workspace/data/train/json/MI3_240819_TY1_0042_6.json,/workspace/data/train/jpg/MI2_240819_TY1_0042_6.jpg,MI3_240819_TY1_0042_6,MI3_240819_TY1_0042_6_V01_1,V01,표,월평균 명목임금 표에 대해 알려주세요,"월평균 명목임금 표는 특정 기간 동안의 임금 변화를 정리한 자료입니다. 이 표에는 다양한 직군과 관련된 급여의 변화가 포함되어 있습니다. 본문과 관련하여 살펴보면, 2020년 연간 통계에서 전반적인 임금 변화가 나타나며, 특히 상용직 임금에서 감소세가 관찰됩니다.",159.78467908902692,1459.8509316770187,1002.2857142857143,1310.9606625258798,2480,3508
train,report,/workspace/data/train/json/MI3_240819_TY1_0042_6.json,/workspace/data/train/jpg/MI2_240819_TY1_0042_6.jpg,MI3_240819_TY1_0042_6,MI3_240819_TY1_0042_6_V02-4_1,V02-4,차트(꺾은선형),경기종합지수 꺾은선형에 대해 알려주세요,"경기종합지수 꺾은선형은 경제의 전반적인 경기 흐름을 시각적으로 표현한 그래프입니다. 이 꺾은선형의 범례는 경제 동향을 파악하는 데 도움이 되는 중요한 지표들을 포함합니다. 본문에서 제시된 데이터와 함께 볼 때, 최근 경기종합지수는 다소 변동성이 있으며, 특정 시점에서 상승 및 하락의 패턴이 나타나고 있습니다.",1227.4368530020704,1278.2774327122152,1016.8115942028984,780.7660455486545,2480,3508
train,report,/workspace/data/train/json/MI3_240819_TY1_0042_7.json,/workspace/data/train/jpg/MI2_240819_TY1_0042_7.jpg,MI3_240819_TY1_0042_7,MI3_240819_TY1_0042_7_V01_1,V01,표,소비자물가 표에 대해 알려주세요,"소비자물가 표는 다양한 품목의 가격 변동을 정리하여 보여주는 자료입니다. 이 표는 전년 동기 대비 각 품목별 가격 상승률을 상세히 나열하고 있어, 특정 기간 동안 가격 변화의 경향성을 파악하는 데 유용합니다. 최근 데이터를 보면 농축수산물과 공업제품 등에서 큰 변화가 있었으며, 특히 축산물 가격이 급격히 상승한 것으로 나타났습니다.",1289.1718426501036,1154.807453416149,1013.1801242236025,1256.488612836439,2480,3508
train,report,/workspace/data/train/json/MI3_240819_TY1_0042_7.json,/workspace/data/train/jpg/MI2_240819_TY1_0042_7.jpg,MI3_240819_TY1_0042_7,MI3_240819_TY1_0042_7_V02-4_1,V02-4,차트(꺾은선형),소비자물가 상승률 꺾은선형에 대해 알려주세요,"소비자물가 상승률 꺾은선형은 시간에 따른 소비자물가의 변화를 시각적으로 보여줍니다. 이 꺾은선형의 범례는 전년 동월 대비 비율을 나타내며, 다양한 시점에서의 물가 변동을 한눈에 볼 수 있게 합니다. 최근 데이터에 따르면 소비자물가는 지속적인 하락세를 보였고, 향후 전망도 낮은 수준이 유지될 것으로 예상됩니다.",301.4120082815735,1107.5983436853003,933.2877846790891,827.975155279503,2480,3508
train,report,/workspace/data/train/json/MI3_240819_TY1_0042_8.json,/workspace/data/train/jpg/MI2_240819_TY1_0042_8.jpg,MI3_240819_TY1_0042_8,MI3_240819_TY1_0042_8_V02-8_1,V02-8,차트(혼합형),부동산가격 아파트 전세가격 및 전월세거래량 혼합형에 대해 알려주세요,"아파트 전세가격 및 전월세 거래량을 보여주는 혼합형 차트는 두 가지 지표를 동시에 시각화하여 비교할 수 있게 합니다. 이 차트에서는 전세 거래량과 아파트 전세 가격의 변화를 직관적으로 이해할 수 있는 범례가 포함되어 있습니다. 최근 데이터에 따르면, 아파트 전세 가격이 증가하는 가운데 거래량도 함께 증가하고 있어 시장의 활발한 움직임을 반영하고 있습니다.",196.09937888198758,1557.9006211180122,947.8136645962733,780.766045548654,2480,3508
train,report,/workspace/data/train/json/MI3_240819_TY1_0042_8.json,/workspace/data/train/jpg/MI2_240819_TY1_0042_8.jpg,MI3_240819_TY1_0042_8,MI3_240819_TY1_0042_8_V02-4_1,V02-4,차트(꺾은선형),부동산가격 주택매수 심리지수 꺾은선형에 대해 알려주세요,"주택매수 심리지수를 나타내는 꺾은선형 그래프는 주택 가격 전망을 시간에 따라 시각적으로 보여줍니다. 이 그래프의 범례는 기준치인 100과 비교하여 주택 가격 전망 CSI와 KB 매매 가격 전망 지수를 함께 제공합니다. 최근 데이터에 따르면, 주택 가격 전망이 상승세를 보이며, 이는 소비자들의 매수 심리가 개선되고 있음을 나타냅니다.",1216.5424430641822,443.0393374741201,1009.5486542443062,769.8716356107661,2480,3508
train,report,/workspace/data/train/json/MI3_240819_TY1_0042_9.json,/workspace/data/train/jpg/MI2_240819_TY1_0042_9.jpg,MI3_240819_TY1_0042_9,MI3_240819_TY1_0042_9_V02-4_1,V02-4,차트(꺾은선형),전세수요 우위지수 대외 거래 차트(꺾은선형)에 대해 알려주세요,"이 차트는 전세수요 우위지수를 꺾은선형으로 나타낸 것입니다. 꺾은선형의 범례에는 각 연도별 수치와 자료 출처가 포함되어 있습니다. 본문에 따르면, 최근 몇 년간 전세수요가 점진적으로 변화하고 있으며, 이는 시장의 상황을 반영하고 있습니다.",228.7826086956522,432.14492753623193,1027.7060041407867,748.0828157349895,2480,3508
train,report,/workspace/data/train/json/MI3_240819_TY1_0042_9.json,/workspace/data/train/jpg/MI2_240819_TY1_0042_9.jpg,MI3_240819_TY1_0042_9,MI3_240819_TY1_0042_9_V02-4_2,V02-4,차트(꺾은선형),부동산가격 상승률 차트(꺾은선형)에 대해 알려주세요,"이 차트는 부동산가격 상승률을 꺾은선형으로 표현한 것입니다. 꺾은선형의 범례에는 시간에 따른 가격 변동과 관련된 데이터가 포함되어 있습니다. 분석 결과, 부동산가격이 일정한 추세로 상승하거나 하락하는 경향을 보이고 있으며, 이는 경제적 요인과 밀접하게 연관되어 있습니다.",1318.223602484472,1997.3084886128363,965.9710144927537,773.5031055900621,2480,3508
train,report,/workspace/data/train/json/MI3_240819_TY1_0043_1.json,/workspace/data/train/jpg/MI2_240819_TY1_0043_1.jpg,MI3_240819_TY1_0043_1,MI3_240819_TY1_0043_1_V01_1,V01,표,최근의 경제동향 소비 관련 지표 표에 대해 알려주세요,"소비 관련 지표 표는 소매판매와 내구재, 준내구재, 비내구재 등의 변화를 수치로 나타낸 것입니다. 이 표는 연간 및 분기별 변화율을 포함하고 있으며, 각 항목별로 전년 동기 대비 성과를 비교할 수 있도록 구성되어 있습니다. 본문 내용을 토대로 보면, 전체적으로 소매판매액이 증가하고 있으며 특히 내구재에서 큰 폭의 성장률을 기록했습니다.",257.8343685300207,1514.3229813664593,976.865424430642,671.8219461697722,2480,3508
train,report,/workspace/data/train/json/MI3_240819_TY1_0043_1.json,/workspace/data/train/jpg/MI2_240819_TY1_0043_1.jpg,MI3_240819_TY1_0043_1,MI3_240819_TY1_0043_1_V02-4_1,V02-4,차트(꺾은선형),최근의 경제동향 소비자심리지수 꺾은선형에 대해 알려주세요,"소비자심리지수 꺾은선형은 소비자들이 경제 상황에 대해 어떻게 느끼고 있는지를 시각적으로 표현한 것입니다. 이 꺾은선형의 범례는 향후 경기 전망과 소비 지출 전망을 보여주며, 두 개의 선이 각각 다른 색상으로 표시됩니다. 본문에 따르면, 소비자심리지수는 감소세를 보이다가 2020년 7월까지 증가하는 모습을 나타내어, 긍정적인 경제 신호를 시사합니다.",1307.3291925465837,951.4451345755692,1020.4430641821948,802.5548654244308,2480,3508
train,report,/workspace/data/train/json/MI3_240819_TY1_0043_2.json,/workspace/data/train/jpg/MI2_240819_TY1_0043_2.jpg,MI3_240819_TY1_0043_2,MI3_240819_TY1_0043_2_V02-8_1,V02-8,차트(혼합형),향후 설비투자는 비IT부문의 부진으로 회복이 제약될 것으로 예상된다 기계류와 정밀기기 수입액 혼합형에 대해 알려주세요,"기계류와 정밀기기 수입액 혼합형은 두 가지 주요 요소인 기계류 투자지수와 수입액을 결합하여 나타냅니다. 이 그래프는 시간에 따라 변화하는 두 데이터 간의 관계를 시각적으로 설명합니다. 최근 들어 기계류 수입액이 증가하고 있으나, 전체적으로 보아 비IT 부문의 투자 회복이 더딘 상황입니다.",174.3105590062112,1721.3167701863351,962.3395445134576,729.9254658385097,2480,3508
train,report,/workspace/data/train/json/MI3_240819_TY1_0043_2.json,/workspace/data/train/jpg/MI2_240819_TY1_0043_2.jpg,MI3_240819_TY1_0043_2,MI3_240819_TY1_0043_2_V02-8_2,V02-8,차트(혼합형),최근의 경제동향 건설기성액 혼합형에 대해 알려주세요,"건설기성액 혼합형은 전년 동기 대비 건설업 성장을 시각적으로 나타낸 것입니다. 이 차트는 다양한 기간 동안의 증감률과 함께 총 액수를 제공합니다. 최근 데이터에서는 건설기성액이 감소하고 있는 추세가 명확히 드러나고 있으며, 이는 향후 시장 전망에도 영향을 미칠 것으로 보입니다.",1202.016563146998,2207.933747412008,1005.9171842650104,729.9254658385092,2480,3508
train,report,/workspace/data/train/json/MI3_240819_TY1_0043_2.json,/workspace/data/train/jpg/MI2_240819_TY1_0043_2.jpg,MI3_240819_TY1_0043_2,MI3_240819_TY1_0043_2_V01_1,V01,표,최근의 경제동향 설비투자 관련 지표 차트(세로 막대형)에 대해 알려주세요,"설비투자 관련 지표 차트는 전기 대비 설비 투자 지수를 나타냅니다. 이 차트의 범례에는 기계류, 운송 장비 및 기타 관련 지표가 포함되어 있습니다. 최근 데이터를 보면 기계류는 감소세를 보였으나, 일부 항목에서는 증가하는 추세를 보여주고 있습니다.",196.09937888198758,413.9875776397515,980.4968944099379,831.6066252587991,2480,3508
train,report,/workspace/data/train/json/MI3_240819_TY1_0043_2.json,/workspace/data/train/jpg/MI2_240819_TY1_0043_2.jpg,MI3_240819_TY1_0043_2,MI3_240819_TY1_0043_2_V01_2,V01,표,최근의 경제동향 건설투자 관련 지표 차트(가로 막대형)에 대해 알려주세요,"건설투자 관련 지표 차트는 전기 대비 건설기성액을 포함한 여러 지표를 시각적으로 표현합니다. 이 차트의 범례에는 건물과 토목에 대한 구체적인 수치들이 표시되어 있습니다. 최근 분석에 따르면, 건물 부문에서 감소세가 이어지는 반면 토목 부문은 소폭 상승하는 경향을 보이고 있습니다.",1231.068322981365,788.0289855072474,980.4968944099375,893.191468984158,2480,3508
train,report,/workspace/data/train/json/MI3_240819_TY1_0043_3.json,/workspace/data/train/jpg/MI2_240819_TY1_0043_3.jpg,MI3_240819_TY1_0043_3,MI3_240819_TY1_0043_3_V01_1,V01,표,산업 활동 제조업 생산 및 평균가동률 차트에 대해 알려주세요,"제조업 생산 및 평균가동률 차트는 전기대비와 연도별 제조업 생산과 평균 가동률을 보여줍니다. 이 차트의 범례에는 각 산업군의 비율 변화와 평균 가동률이 포함되어 있습니다. 본문에 따르면, 제조업 생산은 작년에 비해 큰 변화를 보였으며, 특히 전자부품과 자동차 산업에서 두드러진 성장이 있었습니다.",1321.8550724637682,399.46169772256724,969.6024844720496,1194.7536231884055,2480,3508
train,report,/workspace/data/train/json/MI3_240819_TY1_0043_3.json,/workspace/data/train/jpg/MI2_240819_TY1_0043_3.jpg,MI3_240819_TY1_0043_3,MI3_240819_TY1_0043_3_V01_2,V01,표,전산업 생산 전산업 생산 차트에 대해 알려주세요,"전산업 생산 차트는 연도별 전기대비 및 전년 동기 대비 전산업의 생산 변화를 나타냅니다. 이 차트의 범례에는 광공업, 서비스업, 건설업 등의 세부 산업군이 포함되어 있습니다. 본문에서는 최근 6월 중 전체 산업에서 생산이 증가했음을 알 수 있으며, 특히 광공업 부문에서 긍정적인 성장세를 보였습니다.",261.82907139680475,986.7033911219044,976.5021915431525,749.1392589816118,2480,3508
train,report,/workspace/data/train/json/MI3_240819_TY1_0043_4.json,/workspace/data/train/jpg/MI2_240819_TY1_0043_4.jpg,MI3_240819_TY1_0043_4,MI3_240819_TY1_0043_4_V01_1,V01,표,고용 및 임금 서비스업 생산 표에 대해 알려주세요,"서비스업 생산 표는 다양한 산업의 생산 변화를 수치로 나타낸 것입니다. 이 표는 전기대비와 전년동기대비로 각각의 산업 부문에서의 성장률을 보여줍니다. 최근 데이터에 따르면, 정보통신업은 감소세를 보이고 있는 반면, 예술 및 스포츠 관련 서비스업과 교육서비스업은 증가세를 기록하고 있어, 전체적으로 서비스업 생산의 회복 기미가 엿보입니다.",181.57349896480332,846.1325051759834,984.128364389234,1525.2173913043478,2480,3508
train,report,/workspace/data/train/json/MI3_240819_TY1_0043_4.json,/workspace/data/train/jpg/MI2_240819_TY1_0043_4.jpg,MI3_240819_TY1_0043_4,MI3_240819_TY1_0043_4_V02-8_1,V02-8,차트(혼합형),최근의 경제동향 취업지수 혼합형 차트에 대해 알려주세요,"취업지수 혼합형 차트는 취업자 수와 전년 동월 대비 증감율을 동시에 시각화한 자료입니다. 이 차트는 좌축에는 취업자 수, 우축에는 증감률이 표시되어 각 지표 간의 관계를 분석할 수 있게 돕습니다. 최근의 데이터에서는 취업자 수가 감소하는 추세지만 감소폭이 축소되고 있으며, 이는 고용 시장 개선 가능성을 시사합니다.",1234.6997929606625,1078.5465838509317,1002.2857142857142,737.1884057971013,2480,3508
train,report,/workspace/data/train/json/MI3_240819_TY1_0043_5.json,/workspace/data/train/jpg/MI2_240819_TY1_0043_5.jpg,MI3_240819_TY1_0043_5,MI3_240819_TY1_0043_5_V01_1,V01,표,고용 관련 지표에 대해 알려주세요,"고용 관련 지표는 취업자 수, 실업자 수 및 실업률을 포함한 통계 자료입니다. 이 지표는 경제의 고용 상태를 평가하는 데 중요한 역할을 합니다. 최근 통계에 따르면 취업자 수는 계절 조정 후 소폭 증가했으나, 여전히 전년 동기 대비 감소세가 나타나고 있습니다.",265.0973084886129,410.35610766045545,984.1283643892338,1147.5445134575568,2480,3508
train,report,/workspace/data/train/json/MI3_240819_TY1_0043_5.json,/workspace/data/train/jpg/MI2_240819_TY1_0043_5.jpg,MI3_240819_TY1_0043_5,MI3_240819_TY1_0043_5_V01_2,V01,표,산업별 취업지수 증감(전년동기대비)에 대해 알려주세요,"산업별 취업지수 증감 차트는 특정 산업의 취업 현황을 전년 동기 대비로 비교하여 보여줍니다. 이 차트에는 농림어업, 제조업, 건설업 및 서비스 업종의 변화가 포함되어 있습니다. 최근 분석 결과에서는 제조와 건설 분야에서도 개선의 조짐이 보이고 있는 것으로 나타났습니다.",1310.96066252588,1445.3250517598342,991.3913043478261,1089.4409937888197,2480,3508
train,report,/workspace/data/train/json/MI3_240819_TY1_0043_5.json,/workspace/data/train/jpg/MI2_240819_TY1_0043_5.jpg,MI3_240819_TY1_0043_5,MI3_240819_TY1_0043_5_V02-1_1,V02-1,차트(세로 막대형),산업별 취업자수 증감에 대해 알려주세요,"산업별 취업자수 증감 차트는 각 산업의 취업자 수 변화를 시각적으로 나타낸 것입니다. 이 차트는 농림어업, 제조업, 건설업 및 서비스업 등의 변동을 한눈에 보여줍니다. 최근 데이터에서는 서비스 업종에서 감소폭이 줄어드는 경향이 나타났습니다.",1307.3291925465837,428.5134575569358,1038.600414078675,798.9233954451345,2480,3508
train,report,/workspace/data/train/json/MI3_240819_TY1_0043_6.json,/workspace/data/train/jpg/MI2_240819_TY1_0043_6.jpg,MI3_240819_TY1_0043_6,MI3_240819_TY1_0043_6_V02-4_1,V02-4,차트(꺾은선형),경기종합지수 꺾은선형에 대해 알려주세요,"경기종합지수 꺾은선형은 경제의 전반적인 동향을 시각적으로 나타내는 도구입니다. 이 꺾은선형 차트는 시간에 따른 경기종합지수의 변화를 보여주며, 각 데이터 포인트 간의 흐름을 명확히 합니다. 본문에서 언급된 데이터를 기반으로 보면, 최근 몇 달간 경기 종합지수가 상승세를 보이고 있음을 확인할 수 있습니다.",1234.6997929606625,1285.5403726708078,1009.5486542443062,791.6604554865423,2480,3508
train,report,/workspace/data/train/json/MI3_240819_TY1_0043_6.json,/workspace/data/train/jpg/MI2_240819_TY1_0043_6.jpg,MI3_240819_TY1_0043_6,MI3_240819_TY1_0043_6_V01_1,V01,표,월평균 명목임금 표에 대해 알려주세요,"월평균 명목임금 표는 고용 시장에서 임금 수준을 비교하는 데 사용됩니다. 이 표에서는 다양한 직군과 그들의 임금 변화가 포함되어 있어, 각각의 연도 및 월별로 임금이 어떻게 변동했는지를 보여줍니다. 본문과 해당 표를 기반으로 분석해보면, 최근 몇 년 동안 명목임금이 소폭 증가하였으나 특정 직군에서는 감소하는 경향도 보이고 있습니다.",181.57361701340076,1467.113901005149,987.7598343685299,1289.1718426501036,2480,3508
train,report,/workspace/data/train/json/MI3_240819_TY1_0043_7.json,/workspace/data/train/jpg/MI2_240819_TY1_0043_7.jpg,MI3_240819_TY1_0043_7,MI3_240819_TY1_0043_7_V01_1,V01,표,소비자물가 상승률 표에 대해 알려주세요,"소비자물가 상승률 표는 다양한 품목의 가격 변동을 정리하여 보여주는 자료입니다. 이 표의 범례에는 연도별 및 분기별 물가 변화율이 포함되어 있어 세부적인 경제 분석에 도움을 줍니다. 분석 결과, 특정 품목에서의 가격 등락이 뚜렷하게 나타나며, 전체적으로는 물가 안정세를 이루고 있음을 알 수 있습니다.",1303.6977225672879,1151.1759834368531,980.4968944099379,1274.6459627329195,2480,3508
train,report,/workspace/data/train/json/MI3_240819_TY1_0043_7.json,/workspace/data/train/jpg/MI2_240819_TY1_0043_7.jpg,MI3_240819_TY1_0043_7,MI3_240819_TY1_0043_7_V02-4_1,V02-4,차트(꺾은선형),소비자물가 상승률 추이 꺾은선형에 대해 알려주세요,"소비자물가 상승률 추이는 꺾은선형으로 표현되어 있으며, 시간에 따른 물가 변동을 시각적으로 보여줍니다. 이 꺾은선형의 범례는 전년 동월 대비 소비자물가를 나타내며, 주요 지표로 사용됩니다. 본문 내용을 바탕으로 보면, 최근 소비자물가는 안정적인 수준을 유지하고 있는 것으로 보이며, 향후 전망 또한 낮은 수준을 지속할 것으로 예상됩니다.",265.0973084886129,1082.1780538302278,965.9710144927535,860.6583850931675,2480,3508
train,report,/workspace/data/train/json/MI3_240819_TY1_0043_8.json,/workspace/data/train/jpg/MI2_240819_TY1_0043_8.jpg,MI3_240819_TY1_0043_8,MI3_240819_TY1_0043_8_V02-8_1,V02-8,차트(혼합형),<그림 8> 아파트 매매가격 및 거래량 혼합형에 대해 알려주세요,"<그림 8>은 아파트 매매가격과 거래량을 비교하는 혼합형 차트입니다. 이 차트는 매매거래량과 수도권 및 비수도권의 가격 변동을 함께 보여줍니다. 본문에서는 전국 아파트 매매가격이 상승하고 있는 반면, 거래량 변화가 부진한 양상을 보이고 있음을 알 수 있습니다.",199.73084886128365,1532.4803312629397,962.3395445134577,769.8716356107664,2480,3508
train,report,/workspace/data/train/json/MI3_240819_TY1_0043_8.json,/workspace/data/train/jpg/MI2_240819_TY1_0043_8.jpg,MI3_240819_TY1_0043_8,MI3_240819_TY1_0043_8_V02-8_2,V02-8,차트(혼합형),<그림 10> 아파트 전세가격 및 전월세거래량 혼합형에 대해 알려주세요,"<그림 10>은 아파트 전세가격과 전월세 거래량을 나타내는 혼합형 차트입니다. 이 차트는 각각의 지역에서의 전세 거래량 변동을 시각적으로 표현합니다. 본문에서는 최근 전세가격이 상승하는 추세를 보이며, 특히 수도권에서 더 높은 오름세가 나타나고 있음을 확인할 수 있습니다.",1216.4289596273293,2263.342035455486,991.3913043478258,773.5031055900621,2480,3508
train,report,/workspace/data/train/json/MI3_240819_TY1_0043_8.json,/workspace/data/train/jpg/MI2_240819_TY1_0043_8.jpg,MI3_240819_TY1_0043_8,MI3_240819_TY1_0043_8_V02-4_1,V02-4,차트(꺾은선형),<그림 9> 주택매수 심리지수 꺾은선형에 대해 알려주세요,"<그림 9>은 주택매수 심리지수를 나타내는 꺾은선형입니다. 이 꺾은선형은 주택가격전망 CSI와 KB매매가격 전망지수를 비교하여 시각화합니다. 본문에 따르면, 주택가격전망 CSI는 상승세를 보였지만 KB매매가격 전망지수는 하락세를 보이고 있어, 두 지표의 상반된 흐름이 나타납니다.",1212.910973084886,435.77639751552795,1067.6521739130435,769.8716356107661,2480,3508
train,report,/workspace/data/train/json/MI3_240819_TY1_0043_9.json,/workspace/data/train/jpg/MI2_240819_TY1_0043_9.jpg,MI3_240819_TY1_0043_9,MI3_240819_TY1_0043_9_V02-4_1,V02-4,차트(꺾은선형),대외 거래 100 80 60 40 -전국 20 =지방광역시 - 수도권 차트(꺾은선형)에 대해 알려주세요,"이 차트는 전국과 지방광역시, 수도권의 경제적 지표를 꺾은선형으로 나타내고 있습니다. 꺾은선형의 범례는 각 지역에 따른 수치를 비교할 수 있도록 구성되어 있습니다. 본문에 언급된 대외 거래 동향을 바탕으로 볼 때, 각 지역의 수치가 다소 변동성을 보이며 특정 시점에서 상승하는 추세를 보여줍니다.",283.25465838509314,406.7246376811594,973.2339544513458,751.7142857142856,2480,3508
train,report,/workspace/data/train/json/MI3_240819_TY1_0043_9.json,/workspace/data/train/jpg/MI2_240819_TY1_0043_9.jpg,MI3_240819_TY1_0043_9,MI3_240819_TY1_0043_9_V02-4_2,V02-4,차트(꺾은선형),11 총수출(좌충) 일평균 수출(우축) 차트(꺾은선형)에 대해 알려주세요,"이 차트는 총수출과 일평균 수출을 꺾은선형으로 비교하고 있습니다. 꺾은선형의 범례는 두 가지 데이터를 명확히 구분하여 제공합니다. 본문 자료에 기반하면, 최근 몇 년 간 총수출과 일평균 수출 모두 일정한 패턴을 보이며 변동하고 있음을 확인할 수 있습니다.",1303.6977225672879,1717.6853002070393,1020.4430641821948,729.9254658385096,2480,3508
train,report,/workspace/data/train/json/MI3_240819_TY1_0045_1.json,/workspace/data/train/jpg/MI2_240819_TY1_0045_1.jpg,MI3_240819_TY1_0045_1,MI3_240819_TY1_0045_1_V01_1,V01,표,최근의 경제동향에 대해 알려주세요,"<표 1> 소비 관련 지표는 소매판매와 내구재 및 비내구재의 변화를 요약한 데이터입니다. 이 표에는 각 부문의 전년 동기 대비 성장률이 포함되어 있습니다. 최근 자료를 분석해보면, 소매판매가 증가했지만 일부 품목은 여전히 부진하며, 특히 준내구재가 감소세를 보이고 있습니다.",221.51976711089125,1554.2691511387163,1027.7060041407867,715.3995859213253,2480,3508
train,report,/workspace/data/train/json/MI3_240819_TY1_0045_1.json,/workspace/data/train/jpg/MI2_240819_TY1_0045_1.jpg,MI3_240819_TY1_0045_1,MI3_240819_TY1_0045_1_V02-4_1,V02-4,차트(꺾은선형),최근의 경제동향에 대해 알려주세요,"<그림 1> 소비자심리지수는 소비자들의 경제적 심리를 나타내는 지표입니다. 이 차트는 소비자심리지수와 향후경기전망을 비교하여 보여줍니다. 현재 추세를 보면, 소비자심리지수는 다소 감소세를 보이고 있으며, 경기 전망도 변동성을 내포하고 있어 향후 민간소비에 영향을 미칠 것으로 예상됩니다.",1300.0662525879918,1100.335403726708,1024.0745341614909,769.8716356107661,2480,3508
train,report,/workspace/data/train/json/MI3_240819_TY1_0045_2.json,/workspace/data/train/jpg/MI2_240819_TY1_0045_2.jpg,MI3_240819_TY1_0045_2,MI3_240819_TY1_0045_2_V01_1,V01,표,건설투자 관련 지표에 대해 알려주세요,"이 시각요소는 건설투자와 관련된 다양한 지표를 나타내는 표입니다. 표의 범례는 각각의 연도와 분기에 따른 설비 투자 지수를 보여줍니다. 최근 데이터를 보면, 전기 대비 건설기성액이 감소세를 보이고 있으며, 특히 2020년 상반기에 큰 변동성을 나타내고 있습니다.",183.2242452186272,425.11305769735094,982.2465480156972,838.6384950976764,2480,3508
train,report,/workspace/data/train/json/MI3_240819_TY1_0045_2.json,/workspace/data/train/jpg/MI2_240819_TY1_0045_2.jpg,MI3_240819_TY1_0045_2,MI3_240819_TY1_0045_2_V01_2,V01,표,건설투자 관련 지표에 대해 알려주세요,"이 시각요소는 건설기성액과 그에 따른 변화율을 설명하는 자료입니다. 범례에서는 각 항목별로 전년 동기 대비 증감률을 제시합니다. 전체적으로 최근 몇 년간 건설기성액은 감소세를 보이고 있으며, 이는 시장의 불확실성과 관련이 있을 수 있습니다.",1212.910973084886,700.8737060041407,1020.4430641821946,911.4989648033126,2480,3508
train,report,/workspace/data/train/json/MI3_240819_TY1_0045_2.json,/workspace/data/train/jpg/MI2_240819_TY1_0045_2.jpg,MI3_240819_TY1_0045_2,MI3_240819_TY1_0045_2_V02-8_1,V02-8,차트(혼합형),기계류 투자지수 및 기계류와 정밀기기 수입액에 대해 알려주세요,"이 시각요소는 기계류 투자지수와 기계류 및 정밀기기의 수입액을 비교하는 차트입니다. 차트의 범례는 왼쪽 축에는 수입액, 오른쪽 축에는 투자지수가 표시됩니다. 최근 데이터 분석 결과, 기계류 투자지수가 상승세를 보이는 반면, 수입액은 다소 변동성이 있는 모습을 보이고 있습니다.",163.41614906832297,1844.7867494824013,976.865424430642,708.1366459627332,2480,3508
train,report,/workspace/data/train/json/MI3_240819_TY1_0045_2.json,/workspace/data/train/jpg/MI2_240819_TY1_0045_2.jpg,MI3_240819_TY1_0045_2,MI3_240819_TY1_0045_2_V02-8_2,V02-8,차트(혼합형),건설기성액에 대해 알려주세요,"이 시각요소는 시간에 따른 건설기성액의 변화 추이를 나타냅니다. 범례에서는 연도별 증감률과 함께 해당 액수의 변화가 표시됩니다. 최근 데이터를 통해 볼 때, 건설기성액은 지속적인 하락세를 보여주며 이는 경제 전반의 영향으로 해석될 수 있습니다.",1183.8592132505175,2102.6211180124224,1049.4948240165634,737.1884057971013,2480,3508
train,report,/workspace/data/train/json/MI3_240819_TY1_0045_3.json,/workspace/data/train/jpg/MI2_240819_TY1_0045_3.jpg,MI3_240819_TY1_0045_3,MI3_240819_TY1_0045_3_V01_1,V01,표,<표 4> 전산업 생산 차트(세로 막대형)에 대해 알려주세요,"<표 4>는 전산업의 생산 변화를 시각적으로 표현한 차트입니다. 이 차트는 각 산업 부문별 전년 동기 대비 성장률을 보여주며, 특정 산업의 성과를 비교할 수 있게 합니다. 데이터를 기반으로 분석해보면, 광공업과 서비스업이 저조한 실적을 보이는 반면, 공공행정 부문은 상대적으로 높은 증가율을 기록했습니다.",254.20289855072465,998.654200252111,991.3913043478257,744.4513898100004,2480,3508
train,report,/workspace/data/train/json/MI3_240819_TY1_0045_3.json,/workspace/data/train/jpg/MI2_240819_TY1_0045_3.jpg,MI3_240819_TY1_0045_3,MI3_240819_TY1_0045_3_V01_2,V01,표,<표 5> 제조업 생산 및 평균가동률 차트(세로 막대형)에 대해 알려주세요,"<표 5>는 제조업 생산과 평균가동률을 시각적으로 나타낸 차트입니다. 이 차트는 각 연도 및 분기의 제조업 생산 변화와 평균가동률의 변화를 보여줍니다. 데이터에 따르면, 최근 몇 년 동안 제조업 생산은 다소 변동성이 있으며, 평균가동률은 비교적 안정적인 수준을 유지하고 있습니다.",1303.6977225672879,424.88198757763973,976.865424430642,1278.2774327122152,2480,3508
train,report,/workspace/data/train/json/MI3_240819_TY1_0045_4.json,/workspace/data/train/jpg/MI2_240819_TY1_0045_4.jpg,MI3_240819_TY1_0045_4,MI3_240819_TY1_0045_4_V02-8_1,V02-8,차트(혼합형),취업자수 변화에 대한 차트(혼합형)에 대해 알려주세요,"취업자수 변화 차트는 특정 기간 동안 취업자 수의 증감을 시각적으로 나타냅니다. 이 차트의 범례는 전년 동월 대비 취업자 수의 변화량을 보여주고 있습니다. 본문 내용과 함께 볼 때, 최근 몇 개월 간 취업자 수가 감소세를 이어오고 있음을 알 수 있습니다.",1216.5424430641822,1234.6997929606625,1013.1801242236022,722.6625258799173,2480,3508
train,report,/workspace/data/train/json/MI3_240819_TY1_0045_4.json,/workspace/data/train/jpg/MI2_240819_TY1_0045_4.jpg,MI3_240819_TY1_0045_4,MI3_240819_TY1_0045_4_V01_1,V01,표,서비스업 생산에 대한 차트(혼합형)에 대해 알려주세요,"서비스업 생산 차트는 전기 대비와 전년 동기 대비의 변화를 시각적으로 보여줍니다. 이 차트의 범례는 다양한 업종별 서비스업 생산의 증감률을 나타내고 있습니다. 본문에 따르면, 전체적으로 서비스업 생산이 감소세를 보였으며, 특히 숙박 및 음식점 업종에서 큰 폭으로 감소하였습니다.",192.4679089026915,955.0766045548654,984.128364389234,1655.9503105590065,2480,3508
train,report,/workspace/data/train/json/MI3_240819_TY1_0045_5.json,/workspace/data/train/jpg/MI2_240819_TY1_0045_5.jpg,MI3_240819_TY1_0045_5,MI3_240819_TY1_0045_5_V01_2,V01,표,<표 7> 고용 관련 지표에 대해 알려주세요,"<표 7>는 고용 관련 지표를 정리한 것입니다. 이 표는 취업자 수, 고용률, 실업자 수 및 실업률을 포함하고 있으며, 각 연도별로 비교할 수 있도록 구성되어 있습니다. 자료를 통해 2019년과 2020년의 고용 상황을 비교하며, 특정 시점에서의 변화를 확인할 수 있습니다.",254.2028985507245,422.0758907252557,998.6542443064177,1186.6653101029008,2480,3508
train,report,/workspace/data/train/json/MI3_240819_TY1_0045_5.json,/workspace/data/train/jpg/MI2_240819_TY1_0045_5.jpg,MI3_240819_TY1_0045_5,MI3_240819_TY1_0045_5_V02-1_1,V02-1,차트(세로 막대형),<그림 5> 산업별 취업자수 증감에 대해 알려주세요,"<그림 5>는 산업별 취업자수의 증감을 나타내는 차트입니다. 이 차트는 전체와 농림어업, 제조업, 건설업, 서비스업 등 각 산업군의 변화량을 시각적으로 표현하고 있습니다. 최근 몇 개월 동안 각 산업 분야에서 나타난 고용 변화가 어떻게 진행되고 있는지를 알 수 있습니다.",1303.6977225672879,443.0393374741201,1053.1262939958592,820.7122153209109,2480,3508
train,report,/workspace/data/train/json/MI3_240819_TY1_0045_6.json,/workspace/data/train/jpg/MI2_240819_TY1_0045_6.jpg,MI3_240819_TY1_0045_6,MI3_240819_TY1_0045_6_V01_1,V01,표,월평균 명목임금 차트(세로 막대형)에 대해 알려주세요,"월평균 명목임금 차트(세로 막대형)는 연간 및 분기별 임금 변동을 시각적으로 나타내는 자료입니다. 이 차트의 범례는 전산업임금과 상용직, 정액급여, 초과급여, 특별급여 등 다양한 임금 항목을 포함하고 있습니다. 최근 데이터를 보면 상용직과 임시 일용직 임금 모두 상승세를 보이고 있으며, 특히 상용직은 7월에 비해 증가한 수치를 기록했습니다.",163.41614906832297,1016.8115942028985,995.0227743271222,1343.6438923395444,2480,3508
train,report,/workspace/data/train/json/MI3_240819_TY1_0045_6.json,/workspace/data/train/jpg/MI2_240819_TY1_0045_6.jpg,MI3_240819_TY1_0045_6,MI3_240819_TY1_0045_6_V02-4_1,V02-4,차트(꺾은선형),경기종합지수 차트(꺾은선형)에 대해 알려주세요,경기종합지수 차트(꺾은선형)는 경기의 변화 추세를 시간에 따라 시각적으로 표현하는 그래프입니다. 이 차트의 범례는 선행지수와 동행지수의 순환변동치를 포함하여 경기를 측정하는 주요 지표들을 나타냅니다. 최근의 데이터에 따르면 선행지수가 상승하면서 경기 회복의 신호를 보여주고 있습니다.,1247.343856504311,1285.5403726708057,967.8528308662878,813.449275362317,2480,3508
train,report,/workspace/data/train/json/MI3_240819_TY1_0045_7.json,/workspace/data/train/jpg/MI2_240819_TY1_0045_7.jpg,MI3_240819_TY1_0045_7,MI3_240819_TY1_0045_7_V02-4_1,V02-4,차트(꺾은선형),소비자물가 상승률 추이에 대해 알려주세요,"이 그래프는 소비자물가 상승률의 변화를 시각적으로 나타낸 것입니다. 범례에서는 각 연도별 소비자물가 상승률을 보여주고 있습니다. 최근 몇 년간 소비자물가는 꾸준한 오름세를 보였으며, 특히 특정 시점에서 급격히 증가하거나 감소하는 경향이 있음을 알 수 있습니다.",305.0434782608696,1118.4927536231883,904.2360248447205,867.9213250517598,2480,3508
train,report,/workspace/data/train/json/MI3_240819_TY1_0045_7.json,/workspace/data/train/jpg/MI2_240819_TY1_0045_7.jpg,MI3_240819_TY1_0045_7,MI3_240819_TY1_0045_7_V01_1,V01,표,소비자물가에 대해 알려주세요,"이 차트는 여러 품목의 소비자물가 변동을 나타내고 있습니다. 범례에는 농축수산물, 공업제품, 전기·수도·가스 등 다양한 항목의 연도별 물가 변화가 포함되어 있습니다. 최근 몇 년 간 일부 품목에서 물가 상승폭이 두드러지게 나타나는 추세를 보이고 있으며, 특히 농산물과 축산물이 큰 영향을 미쳤습니다.",1281.9089026915115,1212.9109730848866,1016.8115942028984,1281.9089026915108,2480,3508
train,report,/workspace/data/train/json/MI3_240819_TY1_0045_8.json,/workspace/data/train/jpg/MI2_240819_TY1_0045_8.jpg,MI3_240819_TY1_0045_8,MI3_240819_TY1_0045_8_V02-8_1,V02-8,차트(혼합형),<그림 8> 아파트 매매가격 및 거래량 꺾은선형에 대해 알려주세요,"아파트 매매가격 및 거래량 꺾은선형은 아파트 시장의 동향을 시각적으로 나타내며, 시간에 따른 변화 추세를 파악할 수 있게 합니다. 이 차트는 매매거래량과 가격의 상관관계를 보여주며, 두 변수의 흐름을 비교할 수 있도록 설계되었습니다. 최근 통계에 따르면 매매 거래량이 감소하고 있는 경향이 관찰되어 시장 위축 우려가 제기되고 있습니다.",180.88028860566735,1543.3747412008238,1002.9789246448473,795.2919254658348,2480,3508
train,report,/workspace/data/train/json/MI3_240819_TY1_0045_8.json,/workspace/data/train/jpg/MI2_240819_TY1_0045_8.jpg,MI3_240819_TY1_0045_8,MI3_240819_TY1_0045_8_V02-4_1,V02-4,차트(꺾은선형),부동산가격 주택매수 심리지수 꺾은선형에 대해 알려주세요,"주택매수 심리지수 꺾은선형은 주택 가격 전망을 나타내는 지표로, 시간에 따라 변동하는 패턴을 보여줍니다. 이 꺾은선형의 범례에는 기준치와 매매가격 전망지수가 포함되어 있으며, 각 지표의 변화를 쉽게 이해할 수 있도록 도와줍니다. 최근 데이터에 따르면, 주택 가격 전망이 하락세를 보이고 있어 향후 시장에 대한 우려가 커지고 있습니다.",1227.4368530020683,410.3561076604541,959.5001922452349,784.3975155279486,2480,3508
train,report,/workspace/data/train/json/MI3_240819_TY1_0045_8.json,/workspace/data/train/jpg/MI2_240819_TY1_0045_8.jpg,MI3_240819_TY1_0045_8,MI3_240819_TY1_0045_8_V02-8_2,V02-8,차트(혼합형),<그림 10> 아파트 전세가격 및 전월세거래량 꺾은선형에 대해 알려주세요,"아파트 전세가격 및 전월세거래량 꺾은선형은 전세시장의 동향을 나타내며, 시간이 지남에 따라 어떻게 변화하는지를 보여줍니다. 이 차트는 전세 거래량과 가격 간의 관계를 명확하게 드러내어 시장 분석 시 유용합니다. 최근 데이터에서 나타나는 바와 같이, 전세 가격 상승폭이 커지고 있어 임대 시장의 과열 우려가 증가하고 있습니다.",1252.857142857143,2262.405797101449,962.3395445134579,758.9772256728777,2480,3508
train,report,/workspace/data/train/json/MI3_240819_TY1_0045_9.json,/workspace/data/train/jpg/MI2_240819_TY1_0045_9.jpg,MI3_240819_TY1_0045_9,MI3_240819_TY1_0045_9_V02-4_1,V02-4,차트(꺾은선형),전세수요 우위지수 대외 거래 수출 꺾은선형에 대해 알려주세요,"수출 꺾은선형은 시간에 따른 수출의 변화를 시각적으로 나타냅니다. 이 꺾은선형은 연도별 및 월별 수출 데이터를 기반으로 하여, 각 시점에서의 수출량을 연결하여 보여줍니다. 본문에서는 IT제품과 비IT제품의 수출 변화 추세를 설명하며, 전반적인 경제 동향과 함께 증가와 감소를 반복하는 모습을 보입니다.",283.25465838509314,417.61904761904754,973.2339544513458,780.7660455486542,2480,3508
train,report,/workspace/data/train/json/MI3_240819_TY1_0045_9.json,/workspace/data/train/jpg/MI2_240819_TY1_0045_9.jpg,MI3_240819_TY1_0045_9,MI3_240819_TY1_0045_9_V02-4_2,V02-4,차트(꺾은선형),전세수요 우위지수 대외 거래 총수출 꺾은선형에 대해 알려주세요,"총수출 꺾은선형은 특정 기간 동안 총 수출액의 변화를 보여주는 그래프입니다. 이 그래프는 수출액의 일평균과 총수를 비교하여 추세를 명확히 하는데 도움이 됩니다. 본문에서는 최근 몇 년간의 총수출량이 일정한 패턴을 보이며, 특정 시점에서 급증하거나 감소하는 현상을 확인할 수 있습니다.",1278.153846153846,1836.1536689672346,1054.0,786.9230769230766,2480,3508
train,report,/workspace/data/train/json/MI3_240819_TY1_0046_1.json,/workspace/data/train/jpg/MI2_240819_TY1_0046_1.jpg,MI3_240819_TY1_0046_1,MI3_240819_TY1_0046_1_V02-4_1,V02-4,차트(꺾은선형),소비자심리지수 꺾은선형에 대해 알려주세요,"소비자심리지수 꺾은선형은 소비자들의 경제에 대한 심리를 시각적으로 나타낸 그래프입니다. 이 그래프는 소비자심리와 관련된 여러 지표를 보여주며, 각 데이터 포인트는 특정 시점의 심리 상태를 반영합니다. 최근 데이터에 따르면 소비자심리지수가 완만하게 회복세를 보이고 있으며, 이는 향후 경기 전망이 긍정적이라는 신호로 해석될 수 있습니다.",1303.6977225672879,1016.8115942028985,1053.1262939958592,907.8674948240163,2480,3508
train,report,/workspace/data/train/json/MI3_240819_TY1_0046_2.json,/workspace/data/train/jpg/MI2_240819_TY1_0046_2.jpg,MI3_240819_TY1_0046_2,MI3_240819_TY1_0046_2_V01_1,V01,표,건설투자 관련 지표 차트에 대해 알려주세요,"이 차트는 전기대비 설비투자지수와 관련된 다양한 수치를 시각적으로 나타냅니다. 이 차트의 범례에는 기계류, 운송장비, 내수용 자본재 수입 등이 포함되어 있습니다. 본문에서 언급된 내용과 차트를 통해 최근 설비투자의 증가세가 보이고 있으며, 특히 운송장비 부문의 증가율이 두드러집니다.",167.04761904761898,420.380186584188,995.0227743271219,850.634306169435,2480,3508
train,report,/workspace/data/train/json/MI3_240819_TY1_0046_2.json,/workspace/data/train/jpg/MI2_240819_TY1_0046_2.jpg,MI3_240819_TY1_0046_2,MI3_240819_TY1_0046_2_V01_2,V01,표,건설기성액 관련 지표 차트에 대해 알려주세요,"이 차트는 건설기성액의 연간 변화 추이를 보여줍니다. 범례에는 건물과 토목 분야의 기성액 변동이 포함되어 있습니다. 본문 내용과 함께 살펴보면, 최근 몇 년 간 건축 분야에서의 회복세가 눈에 띄고 있으나, 토목 부문에서는 여전히 조정 흐름이 지속되고 있음을 알 수 있습니다.",1194.7536231884058,700.8737060041407,1012.3097932094468,907.8674948240159,2480,3508
train,report,/workspace/data/train/json/MI3_240819_TY1_0046_2.json,/workspace/data/train/jpg/MI2_240819_TY1_0046_2.jpg,MI3_240819_TY1_0046_2,MI3_240819_TY1_0046_2_V02-8_1,V02-8,차트(혼합형),기계류 투자지수 및 기계류와 정밀기기 수입액 혼합형 차트에 대해 알려주세요,"이 혼합형 차트는 기계류 투자지수와 기계류 및 정밀기기의 수입액을 동시에 보여줍니다. 좌측 축은 수입액을 나타내고 우측 축은 투자지수를 나타내며, 이를 통해 두 변수 간의 관계를 이해할 수 있습니다. 최근 데이터로 볼 때, 기계류 투자가 회복세를 보이는 가운데 수입액도 증가하고 있는 추세입니다.",177.94202898550725,1844.7867494824013,976.865424430642,715.3995859213251,2480,3508
train,report,/workspace/data/train/json/MI3_240819_TY1_0046_2.json,/workspace/data/train/jpg/MI2_240819_TY1_0046_2.jpg,MI3_240819_TY1_0046_2,MI3_240819_TY1_0046_2_V02-8_2,V02-8,차트(혼합형),건설기성액 변화 추세를 나타낸 차트에 대해 알려주세요,"이 차트는 건설기성액의 증감률을 시각적으로 표현한 것입니다. 범례에는 증감률과 함께 전년동기 대비 건설기성액 정보가 포함되어 있습니다. 본문과 함께 분석했을 때, 최근 몇 년 동안 건설기성액의 상승세가 관찰되며 특히 특정 시점에서 급격한 상승이나 하락폭이 두드러지는 모습을 볼 수 있습니다.",1198.385093167702,2077.20082815735,1031.3374741200826,766.2401656314698,2480,3508
train,report,/workspace/data/train/json/MI3_240819_TY1_0046_3.json,/workspace/data/train/jpg/MI2_240819_TY1_0046_3.jpg,MI3_240819_TY1_0046_3,MI3_240819_TY1_0046_3_V01_1,V01,표,산업 활동 제조업 생산 및 평균가동률 차트에 대해 알려주세요,"제조업 생산 및 평균가동률 차트는 전기 대비 비율을 보여줍니다. 이 차트의 범례는 반도체, 전자부품, 자동차 등 다양한 산업군의 생산 변화를 나타냅니다. 데이터에 따르면, 제조업 생산은 2019년과 2020년을 비교했을 때 변동성이 있으며 특히 반도체와 자동차 산업에서 두드러진 성장을 보이고 있습니다.",1300.0662525879918,413.9875776397515,1005.9171842650104,1267.383022774327,2480,3508
train,report,/workspace/data/train/json/MI3_240819_TY1_0046_3.json,/workspace/data/train/jpg/MI2_240819_TY1_0046_3.jpg,MI3_240819_TY1_0046_3,MI3_240819_TY1_0046_3_V01_2,V01,표,전산업 생산 전산업생산 차트에 대해 알려주세요,"전산업생산 차트는 광공업, 서비스업 등 다양한 산업 분야의 생산 변화를 시각적으로 표현합니다. 이 차트의 범례는 각 산업군별로 전년 동기 대비 변화를 보여줍니다. 분석 결과, 최근 몇 달간 서비스업이 정체된 반면 광공업과 건설업에서 긍정적인 성장세를 보이고 있습니다.",272.360248447205,987.75983436853,991.391304347826,748.0828157349895,2480,3508
train,report,/workspace/data/train/json/MI3_240819_TY1_0046_4.json,/workspace/data/train/jpg/MI2_240819_TY1_0046_4.jpg,MI3_240819_TY1_0046_4,MI3_240819_TY1_0046_4_V01_1,V01,표,서비스업 생산에 대한 표에 대해 알려주세요,"이 표는 다양한 업종의 서비스업 생산 변동을 전기 대비와 전년 동기 대비로 보여줍니다. 범례는 업종별 성과를 나열하며, 각 업종의 성장이 긍정적 또는 부정적인 비율로 나타납니다. 본문을 바탕으로 보면, 전체적으로 서비스업 생산은 상승세를 보이고 있으나 숙박음식업은 큰 폭으로 감소한 것을 확인할 수 있습니다.",175.72124356287458,875.8145343273451,989.9806197911616,1666.2144511798972,2480,3508
train,report,/workspace/data/train/json/MI3_240819_TY1_0046_4.json,/workspace/data/train/jpg/MI2_240819_TY1_0046_4.jpg,MI3_240819_TY1_0046_4,MI3_240819_TY1_0046_4_V02-8_1,V02-8,차트(혼합형),최근 취업자수 변화에 대한 차트(혼합형)에 대해 알려주세요,"이 혼합형 차트는 최근 몇 년간 취업자 수의 증감 추세를 시각화하여 보여줍니다. 범례는 연도별로 취업자 수의 변화를 나타내며, 상반기와 하반기의 증감을 비교할 수 있게 해줍니다. 본문과 차트를 통해 10월 중 취업자수가 코로나19 재확산 영향으로 감소하였으나, 이전 월보다는 증가하는 추세로 반전된 점이 인상적입니다.",1238.3312629399588,1049.494824016563,998.6542443064181,708.1366459627332,2480,3508
train,report,/workspace/data/train/json/MI3_240819_TY1_0046_5.json,/workspace/data/train/jpg/MI2_240819_TY1_0046_5.jpg,MI3_240819_TY1_0046_5,MI3_240819_TY1_0046_5_V01_1,V01,표,<표 7> 고용 관련 지표에 대해 알려주세요,"<표 7>는 고용 관련 지표를 나타내는 자료입니다. 이 표에서는 취업자 수, 고용률, 실업자 수 및 실업률 등의 수치가 제시됩니다. 최근 데이터에 따르면 취업자 수는 감소 추세를 보이고 있으며, 특히 실업률이 다소 상승하는 경향이 관찰되고 있습니다.",254.20289855072465,424.88198757763973,998.6542443064181,1111.2298136645961,2480,3508
train,report,/workspace/data/train/json/MI3_240819_TY1_0046_5.json,/workspace/data/train/jpg/MI2_240819_TY1_0046_5.jpg,MI3_240819_TY1_0046_5,MI3_240819_TY1_0046_5_V01_2,V01,표,<표 8> 산업별 취업지수 증감에 대해 알려주세요,"<표 8>은 산업별 취업지수를 나타내며, 연도별 및 월별 데이터를 제공합니다. 이 표의 범례에는 각 산업 분야에서의 취업자 수 변화가 포함되어 있습니다. 최근 분석 결과, 서비스 업종에서 큰 폭의 감소가 지속되고 있으며, 제조업과 건설업도 각각 다른 양상을 보이는 것으로 확인되었습니다.",1274.6459627329173,1366.9512957013687,1027.7060041407858,1240.4441494332075,2480,3508
train,report,/workspace/data/train/json/MI3_240819_TY1_0046_6.json,/workspace/data/train/jpg/MI2_240819_TY1_0046_6.jpg,MI3_240819_TY1_0046_6,MI3_240819_TY1_0046_6_V01_1,V01,표,최근 경제동향에 대한 표에 대해 알려주세요,"이 표는 최근의 전산업 임금과 상용직 및 임시 일용직의 변동을 보여줍니다. 각 항목별로 연간 및 분기별 데이터를 제공하며, 전년 동기 대비 등락률도 함께 표시되어 있습니다. 본문 내용을 바탕으로 볼 때, 상용직 임금은 하락세를 보이고 있으며, 임시·일용직의 오름세가 둔화된 것을 확인할 수 있습니다.",156.15320910973082,1016.8115942028985,1027.7060041407867,1321.8550724637678,2480,3508
train,report,/workspace/data/train/json/MI3_240819_TY1_0046_6.json,/workspace/data/train/jpg/MI2_240819_TY1_0046_6.jpg,MI3_240819_TY1_0046_6,MI3_240819_TY1_0046_6_V02-4_1,V02-4,차트(꺾은선형),경제 지표의 꺾은선형 차트에 대해 알려주세요,"이 차트는 경기종합지수와 선행지수의 순환변동치를 시각적으로 나타냅니다. 이 차트는 시간에 따른 지수의 변화를 비교할 수 있도록 도와줍니다. 최근 데이터를 보면 선행지수가 동행지수를 초과하는 추세를 보이며, 이는 경기 회복 신호로 해석될 수 있습니다.",1216.5424430641822,1278.2774327122152,998.6542443064185,806.1863354037267,2480,3508
train,report,/workspace/data/train/json/MI3_240819_TY1_0046_7.json,/workspace/data/train/jpg/MI2_240819_TY1_0046_7.jpg,MI3_240819_TY1_0046_7,MI3_240819_TY1_0046_7_V02-4_1,V02-4,차트(꺾은선형),소비자물가 상승률 추이 차트(꺾은선형)에 대해 알려주세요,"소비자물가 상승률 추이는 특정 기간 동안의 소비자물가의 변화를 나타내는 꺾은선형 차트입니다. 이 차트는 소비자물가의 변화 추세를 시각적으로 이해할 수 있도록 해줍니다. 본문에서 언급된 물가 상승률을 바탕으로, 현재 물가 상승률이 하락세를 보이고 있음을 알 수 있습니다.",283.25465838509314,1241.9627329192547,973.2339544513458,860.6583850931675,2480,3508
train,report,/workspace/data/train/json/MI3_240819_TY1_0046_8.json,/workspace/data/train/jpg/MI2_240819_TY1_0046_8.jpg,MI3_240819_TY1_0046_8,MI3_240819_TY1_0046_8_V02-8_1,V02-8,차트(혼합형),아파트 매매가격 및 거래량에 대해 알려주세요,아파트 매매가격과 거래량을 비교한 그래프입니다. 이 차트는 수도권과 비수도권의 매매거래량 변화를 보여줍니다. 최근 매매거래량이 증가하면서 가격 역시 오름세를 지속하고 있음을 나타냅니다.,196.09937888198758,1536.111801242236,969.6024844720497,798.9233954451346,2480,3508
train,report,/workspace/data/train/json/MI3_240819_TY1_0046_8.json,/workspace/data/train/jpg/MI2_240819_TY1_0046_8.jpg,MI3_240819_TY1_0046_8,MI3_240819_TY1_0046_8_V02-4_1,V02-4,차트(꺾은선형),주택매수 심리지수 부동산가격 주택가격전망 꺾은선형에 대해 알려주세요,"주택가격전망을 나타내는 꺾은선형 그래프입니다. 이 그래프의 범례에는 KB매매가격 전망지수가 포함되어 있습니다. 최근 주택가격전망이 상승세를 보이며, 소비자 심리가 개선되고 있는 것으로 분석됩니다.",1231.0683229813665,424.88198757763973,998.654244306418,751.7142857142858,2480,3508
train,report,/workspace/data/train/json/MI3_240819_TY1_0046_8.json,/workspace/data/train/jpg/MI2_240819_TY1_0046_8.jpg,MI3_240819_TY1_0046_8,MI3_240819_TY1_0046_8_V02-8_2,V02-8,차트(혼합형),아파트 전세가격 및 전월세거래량에 대해 알려주세요,"전세가격과 전월세 거래량을 나타낸 그래프입니다. 이 차트는 전월대비 전세 거래량의 변화를 보여줍니다. 최근 전세시장이 활발해지고 있으며, 가격 상승 추세가 이어지고 있음을 알 수 있습니다.",1249.2256728778466,2204.302277432712,987.7598343685302,748.0828157349898,2480,3508
train,report,/workspace/data/train/json/MI3_240819_TY1_0046_9.json,/workspace/data/train/jpg/MI2_240819_TY1_0046_9.jpg,MI3_240819_TY1_0046_9,MI3_240819_TY1_0046_9_V02-4_1,V02-4,차트(꺾은선형),전세수요 우위지수 대외 거래 100 80 60 40 - 전국 차트(꺾은선형)에 대해 알려주세요,이 꺾은선형 차트는 전국의 전세수요 우위지수를 나타냅니다. 범례는 수도권과 지방광역시의 전세수요 우위를 비교하는 자료를 포함하고 있습니다. 최근 데이터에 따르면 수도권의 전세 수요가 상대적으로 높아지는 추세를 보이고 있습니다.,283.25465838509314,410.35610766045545,947.8136645962733,780.7660455486542,2480,3508
train,report,/workspace/data/train/json/MI3_240819_TY1_0046_9.json,/workspace/data/train/jpg/MI2_240819_TY1_0046_9.jpg,MI3_240819_TY1_0046_9,MI3_240819_TY1_0046_9_V02-4_2,V02-4,차트(꺾은선형),부동산가격 상승률1) 2) 최근의 경제동향 총수출(좌축) 일평균 수출(우축) 차트(꺾은선형)에 대해 알려주세요,"이 꺾은선형 차트는 최근의 경제 동향을 바탕으로 총수출과 일평균 수출을 보여줍니다. 범례는 시간에 따른 변화와 함께 선박 제외 일평균도 포함되어 있습니다. 데이터 분석 결과, 전체 수출이 일정한 증가세를 보이는 가운데, 특정 시점에서는 감소하는 경향도 관찰됩니다.",1303.6977225672879,1833.8923395445133,1031.3374741200828,813.4492753623188,2480,3508
train,report,/workspace/data/train/json/MI3_240819_TY1_0047_1.json,/workspace/data/train/jpg/MI2_240819_TY1_0047_1.jpg,MI3_240819_TY1_0047_1,MI3_240819_TY1_0047_1_V02-4_1,V02-4,차트(꺾은선형),최근의 경제동향에 대한 소비자심리지수 꺾은선형 그래프에 대해 알려주세요,"소비자심리지수 꺾은선형 그래프는 소비자들의 경제에 대한 심리를 나타내는 지표입니다. 이 그래프의 범례에는 향후 경기 전망과 소비 지출 전망이 포함되어 있습니다. 본문과 그래프를 기반으로 볼 때, 소비자 심리는 전반적으로 하락세를 보이고 있으며, 코로나19 이후 회복이 더딘 상황임을 나타냅니다.",1303.6977225672863,1031.3374741200814,996.4334588837871,777.134575569357,2480,3508
train,report,/workspace/data/train/json/MI3_240819_TY1_0047_1.json,/workspace/data/train/jpg/MI2_240819_TY1_0047_1.jpg,MI3_240819_TY1_0047_1,MI3_240819_TY1_0047_1_V01_1,V01,표,최근의 경제동향에 대한 소비 관련 지표 표에 대해 알려주세요,"소비 관련 지표 표는 다양한 소비지표들을 비교하여 보여주는 데이터입니다. 이 표는 연도별 소매판매와 내구재, 준내구재, 비내구재 등의 변화 추이를 설명합니다. 본문과 표를 통해 살펴보면, 최근 소매판매가 감소하고 있으며 특히 내구재와 비내구재에서 큰 변화가 있음을 알 수 있습니다.",268.7287784679089,1561.5320910973066,985.1488413260636,708.136645962732,2480,3508
train,report,/workspace/data/train/json/MI3_240819_TY1_0047_2.json,/workspace/data/train/jpg/MI2_240819_TY1_0047_2.jpg,MI3_240819_TY1_0047_2,MI3_240819_TY1_0047_2_V01_1,V01,표,설비투자 관련 지표 표에 대해 알려주세요,"설비투자 관련 지표 표는 전기대비와 전년동기대비의 데이터를 포함하고 있습니다. 이 표의 범례에는 기계류, 운송장비 및 내수용 자본재 수입과 같은 항목들이 나열되어 있습니다. 전체적으로 설비투자 지수가 감소세를 보이고 있으며, 특히 기계류 부문에서 하락폭이 두드러지는 경향을 나타냅니다.",174.3105590062109,424.41984733821573,1002.2857142857132,846.5946454154061,2480,3508
train,report,/workspace/data/train/json/MI3_240819_TY1_0047_2.json,/workspace/data/train/jpg/MI2_240819_TY1_0047_2.jpg,MI3_240819_TY1_0047_2,MI3_240819_TY1_0047_2_V01_2,V01,표,건설투자 관련 지표 표에 대해 알려주세요,"건설투자 관련 지표 표는 건설기성액 및 건설수주액의 변화를 보여줍니다. 이 표의 범례에는 건물과 토목 각각의 세부사항이 포함되어 있습니다. 최근 데이터에서는 건축 부문에서 감소가 관찰되며, 전체적으로 건설 투자가 조정 흐름을 겪고 있는 것으로 해석됩니다.",1220.1739130434773,697.4733061445567,1034.9689440993784,918.5308346421926,2480,3508
train,report,/workspace/data/train/json/MI3_240819_TY1_0047_2.json,/workspace/data/train/jpg/MI2_240819_TY1_0047_2.jpg,MI3_240819_TY1_0047_2,MI3_240819_TY1_0047_2_V02-8_1,V02-8,차트(혼합형),기계류 투자지수 차트(혼합형)에 대해 알려주세요,"기계류 투자지수 차트(혼합형)는 기계류와 정밀기기의 수입액 변화 추이를 시각화한 것입니다. 이 차트의 범례에는 수입액과 투자지수가 함께 표현되어 있습니다. 최근 몇 년간 기계류 수입액이 불규칙하게 변동하며, 특정 기간 동안은 상승세를 보이다가 다시 하락하는 패턴을 보여주고 있습니다.",164.23890398550728,1735.8426501035196,976.865424430642,748.0828157349899,2480,3508
train,report,/workspace/data/train/json/MI3_240819_TY1_0047_2.json,/workspace/data/train/jpg/MI2_240819_TY1_0047_2.jpg,MI3_240819_TY1_0047_2,MI3_240819_TY1_0047_2_V02-8_2,V02-8,차트(혼합형),건설기성액 차트(혼합형)에 대해 알려주세요,"건설기성액 차트(혼합형)는 시간에 따른 건설기성액의 증감률을 나타내는 자료입니다. 이 차트의 범례에는 S.A 조원과 전년 동기 대비 증감률이 포함되어 있습니다. 최근 데이터 분석 결과, 건설기성액은 전반적으로 하락 추세에 있으며, 이는 경제 상황과 맞물려 영향을 받고 있음을 시사합니다.",1209.279503105588,2077.2008281573444,997.102405404532,784.3975155279484,2480,3508
train,report,/workspace/data/train/json/MI3_240819_TY1_0047_3.json,/workspace/data/train/jpg/MI2_240819_TY1_0047_3.jpg,MI3_240819_TY1_0047_3,MI3_240819_TY1_0047_3_V01_1,V01,표,산업 활동 제조업 생산 및 평균가동률 차트(세로 막대형)에 대해 알려주세요,"제조업 생산 및 평균가동률을 나타내는 차트(세로 막대형)입니다. 이 차트의 범례는 다양한 산업 분야의 생산 변화와 평균 가동률을 비교합니다. 본문에서는 최근 제조업의 생산 변화가 전년 동기 대비 어떻게 이루어졌는지를 보여주며, 특정 산업군에서의 상승과 하락 추세를 함께 설명하고 있습니다.",1303.6977225672879,428.5134575569358,987.7598343685299,1252.857142857143,2480,3508
train,report,/workspace/data/train/json/MI3_240819_TY1_0047_3.json,/workspace/data/train/jpg/MI2_240819_TY1_0047_3.jpg,MI3_240819_TY1_0047_3,MI3_240819_TY1_0047_3_V01_2,V01,표,전산업 생산 전산업 생산 차트(가로 막대형)에 대해 알려주세요,"전산업 생산 변화를 나타내는 차트(가로 막대형)입니다. 이 차트의 범례에는 광공업, 서비스업, 건설업 등 각 산업 부문의 생산 변화율이 포함되어 있습니다. 본문에 따르면, 최근 전산업은 서비스 업종에서 증가세를 보였지만 광공업과 건설업에서는 감소세가 나타났음을 알 수 있습니다.",250.57142857142858,987.75983436853,995.022774327122,744.4513457556933,2480,3508
train,report,/workspace/data/train/json/MI3_240819_TY1_0047_4.json,/workspace/data/train/jpg/MI2_240819_TY1_0047_4.jpg,MI3_240819_TY1_0047_4,MI3_240819_TY1_0047_4_V01_1,V01,표,서비스업 생산에 대한 표와 관련된 정보를 알려주세요,"이 표는 서비스업의 생산량 변화를 연도별로 나타냅니다. 범례에서는 각 업종별로 전기 대비 성장률을 보여주고 있습니다. 본문에서 언급된 데이터에 따르면, 일부 업종은 증가세를 보이는 반면, 금융 및 보험업과 같은 업종은 감소세를 보이고 있습니다.",174.3105393314449,878.8156615658024,984.128364389234,1692.2650103519668,2480,3508
train,report,/workspace/data/train/json/MI3_240819_TY1_0047_4.json,/workspace/data/train/jpg/MI2_240819_TY1_0047_4.jpg,MI3_240819_TY1_0047_4,MI3_240819_TY1_0047_4_V02-8_1,V02-8,차트(혼합형),서비스업 생산과 고용 및 임금 관련 차트(혼합형)에 대해 알려주세요.,"해당 혼합형 차트는 취업자 수와 전년 동월 대비 증감을 시각적으로 나타냅니다. 범례에는 왼쪽 축에 취업자 수, 오른쪽 축에 전년 동월 대비 증감이 표시되어 있습니다. 이 데이터를 기반으로 최근 취업자 수의 변화와 함께 고용 시장의 상황을 종합적으로 파악할 수 있습니다.",1231.0683229813665,1053.1262939958592,995.022774327122,697.2422360248445,2480,3508
train,report,/workspace/data/train/json/MI3_240819_TY1_0047_5.json,/workspace/data/train/jpg/MI2_240819_TY1_0047_5.jpg,MI3_240819_TY1_0047_5,MI3_240819_TY1_0047_5_V01_1,V01,표,산업별 취업자수 증감 및 고용 관련 지표에 대해 알려주세요,"고용 관련 지표의 표는 취업자 수, 고용률, 실업자 수 및 실업률 등의 데이터를 포함하고 있습니다. 이 표에서는 각 연도와 분기에 따른 변화 추이를 보여주며, 특히 계절조정 전후의 데이터를 비교하고 있습니다. 전체적으로 2019년과 2020년 간의 고용 동향을 살펴보면, 일부 기간에서 취업자 수가 감소하고 있는 모습을 확인할 수 있습니다.",254.20289855072465,417.61904761904754,995.022774327122,1125.7556935817804,2480,3508
train,report,/workspace/data/train/json/MI3_240819_TY1_0047_5.json,/workspace/data/train/jpg/MI2_240819_TY1_0047_5.jpg,MI3_240819_TY1_0047_5,MI3_240819_TY1_0047_5_V01_2,V01,표,산업별 고용 지표에 대해 알려주세요,고용 지표의 표는 다양한 산업군에서의 고용 변화율을 나타냅니다. 이 표는 연도와 월별로 나누어져 있으며 각 산업의 성과를 비교하는 데 필요한 정보를 제공합니다. 최근 데이터에서 농림어업은 소폭 상승했으나 제조업과 서비스 업종은 여전히 어려움을 겪고 있는 상황입니다.,1325.4865424430643,1369.064182194617,965.9710144927535,1241.962732919255,2480,3508
train,report,/workspace/data/train/json/MI3_240819_TY1_0047_5.json,/workspace/data/train/jpg/MI2_240819_TY1_0047_5.jpg,MI3_240819_TY1_0047_5,MI3_240819_TY1_0047_5_V02-1_1,V02-1,차트(세로 막대형),산업별 취업지수 증감에 대해 알려주세요,"산업별 취업지수 증감은 특정 기간 동안 산업별로 취업자가 얼마나 변동했는지를 나타내는 차트입니다. 이 차트에는 전체 산업뿐만 아니라 농림어업, 제조업 등 주요 산업 분야의 변화를 보여주는 범례가 포함되어 있습니다. 최근 데이터에서는 서비스 업종이 큰 폭으로 감소하였지만, 일부 산업에서는 증가세를 보이고 있어 상반된 양상이 나타나고 있습니다.",1325.4865424430643,443.0393374741201,962.3395445134576,755.3457556935816,2480,3508
train,report,/workspace/data/train/json/MI3_240819_TY1_0047_6.json,/workspace/data/train/jpg/MI2_240819_TY1_0047_6.jpg,MI3_240819_TY1_0047_6,MI3_240819_TY1_0047_6_V02-4_1,V02-4,차트(꺾은선형),경기종합지수 차트(꺾은선형)에 대해 알려주세요,경기종합지수 차트(꺾은선형)는 동행지수와 선행지수를 비교하여 경제 흐름을 시각적으로 나타냅니다. 이 차트의 범례는 경기종합지수의 변동을 보여줍니다. 최근 추세를 살펴보면 경기종합지수가 점진적으로 상승하고 있으며 이는 경제 회복 신호로 해석될 수 있습니다.,1220.1739130434785,1194.753623188406,1049.494824016563,846.1325051759832,2480,3508
train,report,/workspace/data/train/json/MI3_240819_TY1_0047_6.json,/workspace/data/train/jpg/MI2_240819_TY1_0047_6.jpg,MI3_240819_TY1_0047_6,MI3_240819_TY1_0047_6_V01_1,V01,표,월평균 임금 표에 대해 알려주세요,"월평균 임금 표는 전년동기 대비 각 연도의 산업별 임금을 나타냅니다. 이 표의 범례에는 전산업임금, 상용직, 정액급여, 초과급여, 특별급여와 관련된 데이터가 포함되어 있습니다. 최근 수치에 따르면 상용직의 임금은 상승세를 보이며, 특히 9월에는 1.5% 증가하였습니다.",177.94202898550725,1013.1801242236024,995.022774327122,1321.8550724637682,2480,3508
train,report,/workspace/data/train/json/MI3_240819_TY1_0047_7.json,/workspace/data/train/jpg/MI2_240819_TY1_0047_7.jpg,MI3_240819_TY1_0047_7,MI3_240819_TY1_0047_7_V02-4_1,V02-4,차트(꺾은선형),물가 상승률 추이에 대해 알려주세요,"소비자물가 상승률 추이 꺾은선형 그래프는 시간에 따른 소비자물가의 변동을 시각적으로 나타냅니다. 이 그래프의 범례는 전년 동월 대비 퍼센트 변화를 보여줍니다. 최근 데이터를 기반으로 소비자물가는 낮은 수준에서 점진적인 상승세를 보이고 있으며, 이는 국제 유가와 농산물 공급 차질 등의 요인에 영향을 받고 있습니다.",257.8343685300207,1151.1759834368531,940.5507246376812,871.5527950310557,2480,3508
train,report,/workspace/data/train/json/MI3_240819_TY1_0047_7.json,/workspace/data/train/jpg/MI2_240819_TY1_0047_7.jpg,MI3_240819_TY1_0047_7,MI3_240819_TY1_0047_7_V01_1,V01,표,소비자물가 변화에 대해 알려주세요,"소비자물가 변화 세로 막대형 차트는 여러 품목별 가격 변화를 비교하여 나타냅니다. 이 차트의 범례는 각 품목군의 전년 동기 대비 가격 변화를 보여줍니다. 최근 결과에 따르면 농축수산물과 공업제품 등에서 다양한 상승과 하락이 관찰되며, 전체적으로 물가는 다소 오름세를 유지하고 있습니다.",1300.0662525879918,1321.8550724637682,998.654244306418,1274.6459627329189,2480,3508
train,report,/workspace/data/train/json/MI3_240819_TY1_0047_8.json,/workspace/data/train/jpg/MI2_240819_TY1_0047_8.jpg,MI3_240819_TY1_0047_8,MI3_240819_TY1_0047_8_V02-4_1,V02-4,차트(꺾은선형),부동산가격 주택매수 심리지수 차트(꺾은선형)에 대해 알려주세요,"주택매수 심리지수를 나타내는 꺾은선형 차트입니다. 이 차트의 범례는 기준치 100을 기준으로 각 시점의 주택가격 전망 CSI와 KB 매매가격 전망지수를 보여줍니다. 최근 추세를 보면, 주택가격 전망 CSI와 KB 매매가격 전망지수가 모두 상승하여 시장에 대한 긍정적인 신호를 나타냅니다.",1231.068322981364,443.0393374741196,998.6542443064166,717.8604330411187,2480,3508
train,report,/workspace/data/train/json/MI3_240819_TY1_0047_8.json,/workspace/data/train/jpg/MI2_240819_TY1_0047_8.jpg,MI3_240819_TY1_0047_8,MI3_240819_TY1_0047_8_V02-8_1,V02-8,차트(혼합형),<그림 10> 아파트 전세가격 및 전월세거래량 차트(혼합형)에 대해 알려주세요,"아파트 전세가격과 전월세 거래량을 함께 보여주는 혼합형 차트입니다. 이 차트의 범례는 수도권, 비수도권, 전국별로 나누어져 있어 각 지역의 거래량 변화를 비교할 수 있습니다. 최근 데이터를 보면, 수도권과 비수도권 모두 거래량이 증가하고 있으며, 이는 전반적인 부동산 시장 활성화를 시사합니다.",181.57349896480332,1576.0579710144925,980.4968944099379,809.8178053830229,2480,3508
train,report,/workspace/data/train/json/MI3_240819_TY1_0047_8.json,/workspace/data/train/jpg/MI2_240819_TY1_0047_8.jpg,MI3_240819_TY1_0047_8,MI3_240819_TY1_0047_8_V02-8_2,V02-8,차트(혼합형),<그림 9> 주택매수 심리지수 차트(혼합형)에 대해 알려주세요,"주택매수 심리지수를 나타내는 혼합형 차트입니다. 이 차트의 범례는 매월 변동하는 전월세 거래량과 관련된 데이터 포인트를 제공합니다. 최근 분석 결과, 주택 매수 심리 지수가 상승하면서 매물 수요가 증가하고 있는 것으로 나타났습니다.",1227.4368530020704,2153.4616977225674,987.7598343685303,780.766045548654,2480,3508
train,report,/workspace/data/train/json/MI3_240819_TY1_0047_9.json,/workspace/data/train/jpg/MI2_240819_TY1_0047_9.jpg,MI3_240819_TY1_0047_9,MI3_240819_TY1_0047_9_V02-4_1,V02-4,차트(꺾은선형),<그림 11> 전세수요 우위지수와 관련된 꺾은선형 차트에 대해 알려주세요,"<그림 12> 수출 꺾은선형 차트는 여러 시점에서의 수출 추세를 보여줍니다. 꺾은선형 차트의 범례는 기간별 수출 금액을 나타내며, 각 점이 특정 기간의 데이터를 표현합니다. 본문과 꺾은선형 차트를 기반으로 보면, 최근 몇 년 간 수출이 증가하는 경향을 보이고 있음을 알 수 있습니다.",272.360248447205,417.61904761904754,995.0227743271222,798.9233954451346,2480,3508
train,report,/workspace/data/train/json/MI3_240819_TY1_0047_9.json,/workspace/data/train/jpg/MI2_240819_TY1_0047_9.jpg,MI3_240819_TY1_0047_9,MI3_240819_TY1_0047_9_V02-4_2,V02-4,차트(꺾은선형),<표 11> 부동산가격 상승률과 관련된 꺾은선형 차트에 대해 알려주세요,"<그림 12> 수출 꺾은선형 차트는 다양한 시점에서의 가격 상승률을 보여줍니다. 이 꺾은선형 차트의 범례는 특정 기간 동안의 부동산가격 변화를 나타내며, 각 선이 다른 종류의 부동산 가격 변화를 표현합니다. 본문 및 해당 차트를 통해 최근 몇 년간 부동산 가격이 전반적으로 상승하고 있는 추세를 확인할 수 있습니다.",1274.645962732919,1841.1552795031057,1045.863354037267,820.7122153209109,2480,3508
train,report,/workspace/data/train/json/MI3_240819_TY1_0050_1.json,/workspace/data/train/jpg/MI2_240819_TY1_0050_1.jpg,MI3_240819_TY1_0050_1,MI3_240819_TY1_0050_1_V02-4_1,V02-4,차트(꺾은선형),최근의 경제동향에 대한 소비자심리지수 꺾은선형 그래프에 대해 알려주세요,"소비자심리지수 꺾은선형 그래프는 소비자들의 경기 전망을 나타내는 지표입니다. 이 그래프의 범례는 소비지출전망과 향후경기전망을 포함하고 있습니다. 본문에서는 소비자 심리가 전반적으로 상승세를 보이고 있음을 나타내며, 향후 경기에 대한 긍정적인 전망이 반영되고 있습니다.",1282.3947019867544,1008.2596026490052,1033.6275692913052,787.4537268689743,2480,3508
train,report,/workspace/data/train/json/MI3_240819_TY1_0050_2.json,/workspace/data/train/jpg/MI2_240819_TY1_0050_2.jpg,MI3_240819_TY1_0050_2,MI3_240819_TY1_0050_2_V01_1,V01,표,경제 관련 자료에서 설비투자 지수와 연관된 내용에 대해 알려주세요.,"설비투자 관련 지수는 특정 기간 동안의 설비 투자 변화를 나타내는 자료입니다. 이 지수는 다양한 분야의 설비 투자 동향을 분석하기 위해 사용되며, 그 범례에는 기계류와 운송 장비 등 여러 카테고리가 포함됩니다. 최근 데이터에 따르면, 설비투자는 전년 동기 대비 다소 감소세를 보이고 있으며, 특히 기계류의 경우 지난 몇 개월 간 변화가 두드러지게 나타났습니다.",181.2079470198676,418.17218543046357,998.9668874172187,831.6980132450328,2480,3508
train,report,/workspace/data/train/json/MI3_240819_TY1_0050_2.json,/workspace/data/train/jpg/MI2_240819_TY1_0050_2.jpg,MI3_240819_TY1_0050_2,MI3_240819_TY1_0050_2_V02-8_1,V02-8,차트(혼합형),기계류 투자지수 및 수입액에 대한 정보를 알고 싶습니다.,"기계류 투자지수는 특정 시점의 기계 투자 활동을 정량적으로 평가한 값입니다. 이 지수와 함께 기계류와 정밀기기의 수입액이 함께 제시되어 있어 서로의 관계를 비교할 수 있습니다. 최근 데이터에 따르면, 기계류 투자는 점진적인 회복세를 보이고 있으나 여전히 불확실성이 남아 있는 상황입니다.",197.61564331058761,1723.7986754966805,961.42202599983,713.1120050146685,2480,3508
train,report,/workspace/data/train/json/MI3_240819_TY1_0050_2.json,/workspace/data/train/jpg/MI2_240819_TY1_0050_2.jpg,MI3_240819_TY1_0050_2,MI3_240819_TY1_0050_2_V01_2,V01,표,건설 관련 지표에서 건설기성액과 관련된 내용을 알려주세요.,"건설기성액은 특정 기간 동안의 건설 활동을 측정하는 중요한 경제 지표입니다. 이 데이터는 건물 및 토목 분야로 나뉘어 있으며, 각 항목은 전년 동기 대비 변화를 보여줍니다. 최근 통계에 따르면, 전체 건설기성액은 감소 추세를 보이고 있으며, 특히 토목 분야에서는 더 큰 하락폭이 나타나고 있습니다.",1231.4094350419962,699.3391546070889,982.4345242964198,901.185599433311,2480,3508
train,report,/workspace/data/train/json/MI3_240819_TY1_0050_2.json,/workspace/data/train/jpg/MI2_240819_TY1_0050_2.jpg,MI3_240819_TY1_0050_2,MI3_240819_TY1_0050_2_V02-8_2,V02-8,차트(혼합형),건설기성액의 추세에 대해 자세히 알려주세요.,"건설기성액은 특정 기간 동안 진행된 건축 및 토목 공사의 가치를 측정하는 지표입니다. 이 자료는 이전 기간과 비교하여 증가 또는 감소율을 나타내며, 그래프 형태로 표현됩니다. 최근 경향을 살펴보면 건설기성액은 전년 동기 대비 부정적인 성장을 경험하고 있으며, 이는 경제적 어려움으로 인한 결과로 해석될 수 있습니다.",1212.6993377483398,2086.214569536417,984.8200365194056,740.865483879957,2480,3508
train,report,/workspace/data/train/json/MI3_240819_TY1_0050_3.json,/workspace/data/train/jpg/MI2_240819_TY1_0050_3.jpg,MI3_240819_TY1_0050_3,MI3_240819_TY1_0050_3_V01_1,V01,표,전산업 생산 전산업생산 차트에 대해 알려주세요,"전산업생산 차트는 다양한 산업의 생산 변화를 보여주는 그래프입니다. 이 차트에는 연도별로 각 산업의 변화율이 포함되어 있습니다. 최근 데이터에 따르면, 전반적으로 모든 산업에서 하락세를 보이고 있으며, 특히 건설업과 서비스업의 감소폭이 두드러집니다.",268.9517771780703,994.3205298013213,984.0337383154651,724.8317880794681,2480,3508
train,report,/workspace/data/train/json/MI3_240819_TY1_0050_3.json,/workspace/data/train/jpg/MI2_240819_TY1_0050_3.jpg,MI3_240819_TY1_0050_3,MI3_240819_TY1_0050_3_V01_2,V01,표,산업 활동 제조업 생산 및 평균가동률 차트에 대해 알려주세요,"제조업 생산 및 평균가동률 차트는 전기 대비 산업의 생산 변화를 시각적으로 나타냅니다. 이 차트에서는 각 산업 부문별로 생산 변화율과 평균 가동률을 보여줍니다. 데이터에 따르면, 제조업 생산은 전년 동기 대비 감소세를 보이며, 일부 산업에서 가동률이 낮아지고 있는 추세입니다.",1296.3337748344354,422.818543046357,996.9254996867477,1156.9430463576136,2480,3508
train,report,/workspace/data/train/json/MI3_240819_TY1_0050_4.json,/workspace/data/train/jpg/MI2_240819_TY1_0050_4.jpg,MI3_240819_TY1_0050_4,MI3_240819_TY1_0050_4_V01_1,V01,표,서비스업 생산과 관련된 자료에 대해 알려주세요,"이 자료는 서비스업 생산을 전기 대비 백분율로 나타낸 표입니다. 범례에서는 각 업종의 생산 변화율을 표시하며, 이는 긍정적 혹은 부정적인 변화를 구분할 수 있게 돕습니다. 본문에 따르면, 전년 동기 대비 여러 업종에서 감소세가 두드러지며, 특히 예술 및 여가 관련 서비스업의 감소폭이 가장 크게 나타났습니다.",171.91523178807927,880.6302128470118,1012.9059602649006,1642.3419725834501,2480,3508
train,report,/workspace/data/train/json/MI3_240819_TY1_0050_4.json,/workspace/data/train/jpg/MI2_240819_TY1_0050_4.jpg,MI3_240819_TY1_0050_4,MI3_240819_TY1_0050_4_V02-8_1,V02-8,차트(혼합형),취업자수 변화에 대한 차트에 대해 알려주세요,"이 차트는 취업자 수를 시간에 따라 시각적으로 표현한 것입니다. 범례에는 전년 동월 대비 취업자 수의 증감 변화를 보여주어 시각적으로 쉽게 이해할 수 있도록 합니다. 본문과 차트를 기반으로 보면, 2월 중 취업자 수는 사회적 거리두기 완화 등의 영향으로 이전보다 감소폭이 축소되었음을 알 수 있습니다.",1212.6993377483395,1068.6622516556251,991.6441283081538,710.6433815716304,2480,3508
train,report,/workspace/data/train/json/MI3_240819_TY1_0050_5.json,/workspace/data/train/jpg/MI2_240819_TY1_0050_5.jpg,MI3_240819_TY1_0050_5,MI3_240819_TY1_0050_5_V01_1,V01,표,<표 7> 고용 관련 지표 표에 대해 알려주세요,"<표 7> 고용 관련 지표는 취업자수, 고용률, 실업자 수와 같은 고용 통계를 나타냅니다. 이 표의 범례에는 계절조정전과 계절조정후의 취업자 수 변화가 포함되어 있습니다. 본문에 따르면, 전체적으로 취업자수가 감소세를 보였으며 특히 서비스업에서 큰 하락폭을 기록했습니다.",269.48874172185407,418.1721854304632,1003.613245033112,1105.5837789226255,2480,3508
train,report,/workspace/data/train/json/MI3_240819_TY1_0050_5.json,/workspace/data/train/jpg/MI2_240819_TY1_0050_5.jpg,MI3_240819_TY1_0050_5,MI3_240819_TY1_0050_5_V02-1_1,V02-1,차트(세로 막대형),<차트(세로 막대형)> 전체 농림어업 제조업 건설업 서비스업 차트에 대해 알려주세요,"<차트(세로 막대형)>는 산업별로 전년동기대비 취업자 수 변화를 시각적으로 보여줍니다. 차트의 범례는 각 산업 부문을 구분하여 표현합니다. 분석 결과, 전반적으로 농림어업과 제조업은 상대적으로 안정적인 모습을 보였으나 서비스업은 큰 폭의 감소를 경험했습니다.",1310.272847682115,434.5798817211825,998.6759981470358,740.7408170498759,2480,3508
train,report,/workspace/data/train/json/MI3_240819_TY1_0050_5.json,/workspace/data/train/jpg/MI2_240819_TY1_0050_5.jpg,MI3_240819_TY1_0050_5,MI3_240819_TY1_0050_5_V01_2,V01,표,<표8> 산업별 취업지수 증감 표에 대해 알려주세요,"<표8> 산업별 취업지수 증감은 다양한 산업군의 연간 및 분기별 고용 변화를 분석한 데이터입니다. 이 표의 범례에서는 각 산업군의 상승 또는 하락을 명확히 나타내고 있습니다. 본문과 함께 살펴보면, 대부분의 산업군이 불안정성을 겪었고, 특히 서비스 업종에서 급격한 감소가 관찰되었습니다.",1291.6874172185426,1389.2609271523147,996.3320415340763,1231.2847682119175,2480,3508
train,report,/workspace/data/train/json/MI3_240819_TY1_0050_6.json,/workspace/data/train/jpg/MI2_240819_TY1_0050_6.jpg,MI3_240819_TY1_0050_6,MI3_240819_TY1_0050_6_V01_1,V01,표,경기종합지수 및 명목임금에 대한 표에 대해 알려주세요.,"이 표는 명목임금의 변동을 연간, 분기별로 나타낸 자료입니다. 각 연도와 월별로 전산업임금과 상용직, 임시·일용직의 임금을 비교하여 보여줍니다. 데이터에 따르면 2020년 12월 전산업임금은 4,004천원이었고, 상용직의 경우도 유사한 상승세를 보이며 임시·일용직의 임금 역시 증가하는 추세를 보였습니다.",187.89569236623322,1022.7090224293008,983.0130444502275,1287.0676772138108,2480,3508
train,report,/workspace/data/train/json/MI3_240819_TY1_0050_6.json,/workspace/data/train/jpg/MI2_240819_TY1_0050_6.jpg,MI3_240819_TY1_0050_6,MI3_240819_TY1_0050_6_V02-4_1,V02-4,차트(꺾은선형),경기종합지수와 관련된 꺾은선형 차트에 대해 알려주세요.,"이 차트는 경기종합지수와 선행지수를 시간 경과에 따라 시각적으로 표현한 것입니다. 수치 변화를 통해 경제 흐름을 분석할 수 있습니다. 최근 데이터에서는 경기종합지수가 상승하고 있는 모습이 확인되며, 이는 경제 회복세를 나타냅니다.",1249.870198675497,1166.2357615894039,994.3205298013246,803.8198675496691,2480,3508
train,report,/workspace/data/train/json/MI3_240819_TY1_0050_7.json,/workspace/data/train/jpg/MI2_240819_TY1_0050_7.jpg,MI3_240819_TY1_0050_7,MI3_240819_TY1_0050_7_V02-4_1,V02-4,차트(꺾은선형),물가에 관한 소비자물가 상승률 추이 차트(꺾은선형)에 대해 알려주세요,"소비자물가 상승률 추이는 시간에 따른 가격 변동을 시각적으로 나타낸 것입니다. 이 차트는 전년 동월 대비 물가 상승률을 보여주며, 주로 소비자에게 영향을 미치는 상품들의 가격 변화를 분석하는 데 사용됩니다. 본문에서 언급된 내용과 함께 이 차트를 보면 최근 소비자물가의 오름폭이 축소되고 있으며, 정부 정책 및 국제 유가의 변화에 따라 향후 상승세를 보일 것으로 예상됩니다.",281.2916360067063,1171.0067860353731,949.868465375135,822.1975199631125,2480,3508
train,report,/workspace/data/train/json/MI3_240819_TY1_0050_7.json,/workspace/data/train/jpg/MI2_240819_TY1_0050_7.jpg,MI3_240819_TY1_0050_7,MI3_240819_TY1_0050_7_V01_1,V01,표,물가와 관련된 소비자물가 지수 차트(세로 막대형)에 대해 알려주세요,"소비자물가 지수는 일정 기간 동안의 가격 변동을 측정하여 경제적 상황을 분석하는 데 도움을 줍니다. 이 차트는 연도별 소비자물가의 변화를 세로 막대 형태로 시각화하여 비교할 수 있게 합니다. 본문에서는 특정 기간 동안의 물가지수 변화를 보여주며, 농축수산물과 공업제품 등 다양한 카테고리에서 상이한 오름세를 나타내고 있습니다.",1296.3337748344347,1277.748344370859,998.8422205871401,1273.0188755349138,2480,3508
train,report,/workspace/data/train/json/MI3_240819_TY1_0050_8.json,/workspace/data/train/jpg/MI2_240819_TY1_0050_8.jpg,MI3_240819_TY1_0050_8,MI3_240819_TY1_0050_8_V02-8_1,V02-8,차트(혼합형),<그림 8> 아파트 매매가격 및 거래량에 대해 알려주세요.,매매거래량을 나타내는 혼합형 차트입니다. 이 차트에서는 수도권과 비수도권의 매매 거래량 변화를 비교하고 있습니다. 현재 매매 거래량이 증가 추세를 보이고 있어 부동산 시장이 활성화되고 있는 것으로 해석됩니다.,199.7933774834434,1607.6397350993368,947.6907312022795,754.8045567276364,2480,3508
train,report,/workspace/data/train/json/MI3_240819_TY1_0050_8.json,/workspace/data/train/jpg/MI2_240819_TY1_0050_8.jpg,MI3_240819_TY1_0050_8,MI3_240819_TY1_0050_8_V02-4_1,V02-4,차트(꺾은선형),부동산가격 및 주택 매수심리지수에 대해 알려주세요.,"주택 가격 전망을 나타내는 꺾은선형 차트입니다. 이 차트에서는 기준치인 100을 기준으로 다양한 지수들이 어떻게 변동했는지를 보여줍니다. 최근 데이터에 따르면 주택 가격 전망이 다소 긍정적으로 변화하고 있으며, 이는 시장에서의 매수 심리가 강해지고 있음을 시사합니다.",1240.7437058838102,408.8794701986736,956.6510015538599,757.3562913907253,2480,3508
train,report,/workspace/data/train/json/MI3_240819_TY1_0050_8.json,/workspace/data/train/jpg/MI2_240819_TY1_0050_8.jpg,MI3_240819_TY1_0050_8,MI3_240819_TY1_0050_8_V02-8_2,V02-8,차트(혼합형),<그림 10> 아파트 전세가격 및 전월세거래량에 대해 알려주세요.,"전월세 거래량을 나타내는 혼합형 차트입니다. 이 차트에서는 수도권과 비수도권의 전월세 거래량 변화를 보여줍니다. 최근 전월세 거래량이 감소하는 경향을 보이며, 이는 임대 시장의 불안정을 암시할 수 있습니다.",1226.6384105960212,2146.6172185430432,977.6634998504453,761.628648516387,2480,3508
train,report,/workspace/data/train/json/MI3_240819_TY1_0050_9.json,/workspace/data/train/jpg/MI2_240819_TY1_0050_9.jpg,MI3_240819_TY1_0050_9,MI3_240819_TY1_0050_9_V02-4_1,V02-4,차트(꺾은선형),전세수급동향 대외 거래 (기준치=100) 150 - 전국 = 지방광역시 125 - 수도권 100에 대해 알려주세요,"(기준치=100) 기준으로 나타난 이 차트는 각 지역의 부동산 가격 동향을 보여줍니다. 이 차트의 범례는 전국, 지방광역시, 수도권 등으로 나뉘어져 있습니다. 최근 데이터에 따르면, 수도권과 지방광역시의 가격 상승세가 두드러지며 전반적으로 부동산 시장이 활성화되고 있는 것으로 분석됩니다.",250.9033112582782,418.17218543046357,998.9668874172187,775.9417218543044,2480,3508
train,report,/workspace/data/train/json/MI3_240819_TY1_0050_9.json,/workspace/data/train/jpg/MI2_240819_TY1_0050_9.jpg,MI3_240819_TY1_0050_9,MI3_240819_TY1_0050_9_V02-4_2,V02-4,차트(꺾은선형),수출 <그림 12> 수 출 (억달러)에 대해 알려주세요,"(억달러)로 표시된 이 데이터는 최근 수출 현황을 나타내는 차트입니다. 이 차트의 범례에는 총수출과 일평균 수출이 포함되어 있습니다. 최근 수출량은 증가하는 추세를 보이고 있으며, 특히 일평균 수출도 상승하고 있는 상황입니다.",1296.3337748344325,1751.6768211920482,1011.9118840108304,725.3687526232527,2480,3508
train,report,/workspace/data/train/json/MI3_240819_TY1_0053_1.json,/workspace/data/train/jpg/MI2_240819_TY1_0053_1.jpg,MI3_240819_TY1_0053_1,MI3_240819_TY1_0053_1_V01_1,V01,표,최근의 경제동향 소비 관련 지표 표에 대해 알려주세요,"소비 관련 지표 표는 다양한 소비 항목의 전년 대비 변화를 숫자로 정리한 자료입니다. 이 표의 범례는 각 항목별로 연도와 월별 소매판매액 및 증가율을 명시하여 쉽게 비교할 수 있도록 돕습니다. 최근 소매판매액이 증가하고 있는 추세가 나타나며, 이는 소비 회복을 시사합니다.",236.9642384105961,1649.456953642384,1045.4304635761591,622.6119205298011,2480,3508
train,report,/workspace/data/train/json/MI3_240819_TY1_0053_1.json,/workspace/data/train/jpg/MI2_240819_TY1_0053_1.jpg,MI3_240819_TY1_0053_1,MI3_240819_TY1_0053_1_V02-4_1,V02-4,차트(꺾은선형),최근의 경제동향 소비자심리지수 꺾은선형에 대해 알려주세요,"소비자심리지수 꺾은선형은 소비자들의 경제적 전망과 심리를 나타내는 지표로, 시간이 지남에 따라 변화하는 추세를 보여줍니다. 이 꺾은선형의 범례는 특정 시점에서의 소비자 신뢰도를 수치로 표현하며, 다양한 기간에 따른 변화를 한눈에 볼 수 있도록 도와줍니다. 최근 데이터에 따르면, 소비자신뢰지수가 상승세를 보이며 향후 경기 전망이 긍정적임을 나타내고 있습니다.",1305.6264900662247,1245.2238410596005,989.5079497453271,789.8807947019857,2480,3508
train,report,/workspace/data/train/json/MI3_240819_TY1_0053_2.json,/workspace/data/train/jpg/MI2_240819_TY1_0053_2.jpg,MI3_240819_TY1_0053_2,MI3_240819_TY1_0053_2_V01_1,V01,표,조사통계월보 제75권 제6호에서 설비투자 관련 지표에 대해 알려주세요,"설비투자 관련 지표는 특정 기간 동안의 설비 투자 동향을 나타내는 데이터입니다. 이 표는 연도별 설비 투자지수와 전년 동기 대비 변화를 보여줍니다. 본문 내용과 함께 분석해보면, 최근 몇 년간 기계류 및 내수용 자본재 수입이 증가하는 추세를 보이고 있으며, 이는 IT 부문에서의 강력한 성장이 영향을 미친 것으로 판단됩니다.",181.2079470198676,413.52582781456954,994.3205298013248,757.3562913907286,2480,3508
train,report,/workspace/data/train/json/MI3_240819_TY1_0053_2.json,/workspace/data/train/jpg/MI2_240819_TY1_0053_2.jpg,MI3_240819_TY1_0053_2,MI3_240819_TY1_0053_2_V02-8_1,V02-8,차트(혼합형),조사통계월보 제75권 제6호에서 기계류 투자지수 및 기계류와 정밀기기 수입액에 대해 알려주세요,"기계류 투자지수 및 기계류와 정밀기기 수입액 차트는 해당 기간 동안의 기계류 투자의 변화와 그에 따른 수입액을 시각적으로 표현합니다. 이 차트에는 주요 투자 지수와 동시에 실질적인 수입액이 함께 나타나 있습니다. 분석 결과, 최근 몇 년간 기계류 투자는 전반적으로 증가하고 있으며, 이는 산업 전반의 회복세를 반영하고 있다고 볼 수 있습니다.",206.7836917122976,1768.0429618727458,956.8172239939643,720.1854304635746,2480,3508
train,report,/workspace/data/train/json/MI3_240819_TY1_0053_2.json,/workspace/data/train/jpg/MI2_240819_TY1_0053_2.jpg,MI3_240819_TY1_0053_2,MI3_240819_TY1_0053_2_V01_2,V01,표,조사통계월보 제75권 제6호에서 건설투자 관련 지표에 대해 알려주세요,"건설투자 관련 지표는 건설 기성액과 수주액의 변화를 보여주는 데이터입니다. 이 표에는 연도별 건축 및 토목 분야의 변화와 전년 대비 변동률이 포함되어 있습니다. 본문과 시각적 자료를 기반으로, 건축 기성액은 상승세를 보이나 토목 분야에서는 하락세가 지속되고 있어 향후 건설 투자 전망은 다소 비관적일 수 있습니다.",1217.3456953642396,710.8927152317852,993.9049737010623,785.2344370860906,2480,3508
train,report,/workspace/data/train/json/MI3_240819_TY1_0053_2.json,/workspace/data/train/jpg/MI2_240819_TY1_0053_2.jpg,MI3_240819_TY1_0053_2,MI3_240819_TY1_0053_2_V02-8_2,V02-8,차트(혼합형),조사통계월보 제75권 제6호에서 건설기성액에 대해 알려주세요,"건설기성액 차트는 일정 기간 동안의 건설 활동 규모를 측정하여 보여주는 데이터입니다. 이 차트에서는 시간에 따른 증감률과 함께 실제 건설기성액이 표시됩니다. 분석 결과, 최근 들어 전체적인 건설기성액이 상승하는 경향을 보이며 이는 경제 회복과 맞물려 있음을 시사합니다.",1221.9920529801284,2021.1655629139016,986.9146594722089,773.3899871912139,2480,3508
train,report,/workspace/data/train/json/MI3_240819_TY1_0053_3.json,/workspace/data/train/jpg/MI2_240819_TY1_0053_3.jpg,MI3_240819_TY1_0053_3,MI3_240819_TY1_0053_3_V01_1,V01,표,전산업 생산 <표 4> 전산업 생산에 대해 알려주세요,"<표 4>는 전산업 생산의 변화 추이를 나타내고 있습니다. 이 표의 범례는 각 산업 부문별로 연도와 월별 데이터를 제공합니다. 본문에서는 전반적인 산업 생산이 감소세를 보였으며, 특히 광공업과 건설업에서 더 두드러진 감소가 발생했습니다.",260.1960264900663,975.7350993377484,1012.9059602649008,687.6609271523179,2480,3508
train,report,/workspace/data/train/json/MI3_240819_TY1_0053_3.json,/workspace/data/train/jpg/MI2_240819_TY1_0053_3.jpg,MI3_240819_TY1_0053_3,MI3_240819_TY1_0053_3_V01_2,V01,표,산업 활동 <표 5> 제조업 생산 및 평균가동률에 대해 알려주세요,"<표 5>는 제조업 생산과 평균 가동률에 대한 내용을 담고 있습니다. 이 표의 범례는 각각의 연도와 월별 데이터를 제공하여, 전년 동기 대비 변화를 나타냅니다. 본문에서는 제조업 생산이 전년 동기 대비 감소했음을 보여주며, 평균 가동률은 일정한 수준을 유지하고 있는 것으로 보입니다.",1296.3337748344338,413.5258278145676,993.9049737010629,1157.5045049466883,2480,3508
train,report,/workspace/data/train/json/MI3_240819_TY1_0053_4.json,/workspace/data/train/jpg/MI2_240819_TY1_0053_4.jpg,MI3_240819_TY1_0053_4,MI3_240819_TY1_0053_4_V01_1,V01,표,조사통계월보 제75권 제6호 (2021.6) 표에 대해 알려주세요,"이 표는 서비스업 생산의 전기대비 및 전년동기대비 변화를 나타냅니다. 범례에는 서비스업 생산, 도매 및 소매업, 운수 및 창고업 등 여러 업종의 변화율이 포함되어 있습니다. 본문과 이 표를 기반으로, 최근 서비스업 생산은 전월 대비 증가세를 보이고 있으며, 특히 도소매와 숙박·음식 업종에서 눈에 띄는 증가가 나타났습니다.",181.20794701986745,906.4327909954835,1003.6132450331123,1518.9658845012038,2480,3508
train,report,/workspace/data/train/json/MI3_240819_TY1_0053_4.json,/workspace/data/train/jpg/MI2_240819_TY1_0053_4.jpg,MI3_240819_TY1_0053_4,MI3_240819_TY1_0053_4_V02-8_1,V02-8,차트(혼합형),조사통계월보 제75권 제6호 (2021.6) 차트(혼합형)에 대해 알려주세요,"이 차트는 취업자 수와 전년 동월 대비 증감을 보여주는 혼합형 차트입니다. 차트의 범례에는 취업자 수와 그 증감 값이 포함되어 있습니다. 본문에 따르면, 최근 취업자 수는 큰 폭으로 증가하고 있으며 이는 경제 회복세를 반영하고 있습니다.",1242.5287002968644,1077.9549668874145,986.1647943752549,701.9649306410023,2480,3508
train,report,/workspace/data/train/json/MI3_240819_TY1_0053_5.json,/workspace/data/train/jpg/MI2_240819_TY1_0053_5.jpg,MI3_240819_TY1_0053_5,MI3_240819_TY1_0053_5_V01_1,V01,표,고용 관련 지표에 대해 알려주세요,"고용 관련 지표는 취업자 수, 고용률, 실업자 수, 실업률 등의 변화를 보여주는 데이터입니다. 이 차트의 범례에는 각각의 통계 값이 연도별로 어떻게 변화했는지를 나타냅니다. 2020년과 2021년을 비교할 때, 취업자 수가 전반적으로 증가세를 보이고 있으며, 실업률은 일정한 수준에서 유지되고 있는 것을 확인할 수 있습니다.",260.1960264900663,399.5867549668874,1003.6132450331128,989.6741721854303,2480,3508
train,report,/workspace/data/train/json/MI3_240819_TY1_0053_5.json,/workspace/data/train/jpg/MI2_240819_TY1_0053_5.jpg,MI3_240819_TY1_0053_5,MI3_240819_TY1_0053_5_V02-1_1,V02-1,차트(세로 막대형),산업별 취업자수 증감에 대해 알려주세요,"(전년동기대비) 차트는 다양한 산업의 취업자 수 변화를 시각적으로 표현합니다. 이 그래프의 범례는 각 산업군 별로 나타난 취업자 수의 증감을 보여줍니다. 전체적으로 서비스 업종에서 긍정적인 변화를 보였으며, 농림어업 부문은 소폭 증가하고 제조업 부문에서는 다소 감소한 경향이 있습니다.",1291.6874172185403,408.8794701986749,1005.5363366311279,761.7948709564914,2480,3508
train,report,/workspace/data/train/json/MI3_240819_TY1_0053_5.json,/workspace/data/train/jpg/MI2_240819_TY1_0053_5.jpg,MI3_240819_TY1_0053_5,MI3_240819_TY1_0053_5_V01_2,V01,표,산업별 취업자수 증감에 대해 알려주세요,"(전년동기대비) 차트는 여러 산업군의 취업자수 변화 추이를 나타냅니다. 이 차트에서 제공하는 범례는 각 산업별로 연간 및 분기별 변화를 구체적으로 설명합니다. 데이터에 따르면, 서비스 업종은 전반적으로 큰 폭으로 증가했으며, 건설 업종도 상승세를 보이고 있습니다.",1300.9801324503296,1458.9562913907278,1008.2596026490053,993.1357370618592,2480,3508
train,report,/workspace/data/train/json/MI3_240819_TY1_0053_6.json,/workspace/data/train/jpg/MI2_240819_TY1_0053_6.jpg,MI3_240819_TY1_0053_6,MI3_240819_TY1_0053_6_V01_1,V01,표,월평균 명목임금 표에 대해 알려주세요,"월평균 명목임금 표는 다양한 산업의 임금을 연도별로 비교하여 보여줍니다. 이 표에서는 전년 동기 대비 임금 상승률이 포함되어 있습니다. 전체적으로 상용직 임금은 증가하는 추세를 보이고 있으며, 특히 2021년에는 전반적으로 높은 성장률을 기록했습니다.",171.32093023255814,991.2139534883721,1015.6883720930231,1174.7720930232558,2480,3508
train,report,/workspace/data/train/json/MI3_240819_TY1_0053_6.json,/workspace/data/train/jpg/MI2_240819_TY1_0053_6.jpg,MI3_240819_TY1_0053_6,MI3_240819_TY1_0053_6_V02-4_1,V02-4,차트(꺾은선형),경기종합지수 차트(꺾은선형)에 대해 알려주세요,경기종합지수 차트(꺾은선형)는 경제 활동의 전반적인 경향을 시각적으로 나타냅니다. 이 차트는 선행지수와 동행지수를 순환변동치로 표현하여 시기에 따른 변화 양상을 보여줍니다. 최근 몇 년간 두 지수가 모두 상승세를 유지하고 있어 경제 회복의 신호로 해석될 수 있습니다.,1215.5627906976686,1203.3255813953463,1004.4860152657491,802.1153879552523,2480,3508
train,report,/workspace/data/train/json/MI3_240819_TY1_0053_7.json,/workspace/data/train/jpg/MI2_240819_TY1_0053_7.jpg,MI3_240819_TY1_0053_7,MI3_240819_TY1_0053_7_V02-4_1,V02-4,차트(꺾은선형),기저효과가 더해지면서 오름폭이 크게 확대되었다. 소비자물가 상승률 추이에 대해 알려주세요.,"소비자물가 상승률 추이는 전년동월대비 물가 변화를 시각적으로 나타낸 것입니다. 이 차트는 소비자물가의 오름폭을 비율로 보여주며, 특정 기간 동안의 가격 변동을 한눈에 파악할 수 있도록 도와줍니다. 본문에서 언급된 내용과 함께, 최근 소비자물가는 상승세를 이어가고 있으며, 농축산물 및 공업제품의 가격도 여전히 높은 수준을 유지하고 있습니다.",273.29767441860463,1129.9023255813954,1003.4511627906974,897.3953488372091,2480,3508
train,report,/workspace/data/train/json/MI3_240819_TY1_0053_7.json,/workspace/data/train/jpg/MI2_240819_TY1_0053_7.jpg,MI3_240819_TY1_0053_7,MI3_240819_TY1_0053_7_V01_1,V01,표,2020년부터 2021년까지의 소비자물가 변화에 대해 알려주세요.,"이 표는 특정 기간 동안의 소비자물가 지수를 연도별로 나열하여 보여주는 자료입니다. 각 항목은 농축수산물, 공업제품 등으로 세분화되어 있으며, 이를 통해 물가의 변화 양상을 자세히 알 수 있습니다. 최근 데이터에 따르면, 소비자물가는 전반적으로 상승세를 보이며 특히 농축수산물에서 큰 폭의 증가를 나타내고 있습니다.",1309.3813953488357,1378.7255813953464,976.6020403110095,1133.9813953488358,2480,3508
train,report,/workspace/data/train/json/MI3_240819_TY1_0053_8.json,/workspace/data/train/jpg/MI2_240819_TY1_0053_8.jpg,MI3_240819_TY1_0053_8,MI3_240819_TY1_0053_8_V02-8_1,V02-8,차트(혼합형),조사통계월보 제75권 제6호 (2021.6) 차트(혼합형)에 대해 알려주세요,"<그림 8> 아파트 매매가격 및 거래량 차트(혼합형)은 아파트 매매가격과 거래량 간의 관계를 시각화하여 보여줍니다. 이 차트는 수도권과 비수도권의 매매거래량을 비교하며, 두 지표의 변화 추세를 함께 분석할 수 있게 합니다. 본문에 따르면, 매매거래량이 증가함에 따라 가격도 오름세를 보이고 있는 것으로 해석됩니다.",175.39999999999992,1582.6790697674398,992.2488059634233,775.0232558139528,2480,3508
train,report,/workspace/data/train/json/MI3_240819_TY1_0053_8.json,/workspace/data/train/jpg/MI2_240819_TY1_0053_8.jpg,MI3_240819_TY1_0053_8,MI3_240819_TY1_0053_8_V02-4_1,V02-4,차트(꺾은선형),조사통계월보 제75권 제6호 (2021.6) 차트(꺾은선형)에 대해 알려주세요,"<그림9> 주택매수 심리지수 차트(꺾은선형)은 주택시장에 대한 소비자들의 심리를 나타내는 지표입니다. 이 차트는 기준치 100을 중심으로 한 주택가격 전망 CSI와 KB 매매가격 전망지수의 변화를 시각적으로 보여줍니다. 본문 내용을 통해 볼 때, 최근 주택시장에 대한 소비자들의 신뢰가 상승하고 있음을 알 수 있습니다.",1227.7999999999995,428.3023255813947,980.5290228986233,726.0744186046498,2480,3508
train,report,/workspace/data/train/json/MI3_240819_TY1_0053_8.json,/workspace/data/train/jpg/MI2_240819_TY1_0053_8.jpg,MI3_240819_TY1_0053_8,MI3_240819_TY1_0053_8_V02-8_2,V02-8,차트(혼합형),조사통계월보 제75권 제6호 (2021.6) 차트(혼합형)에 대해 알려주세요,"<그림 10> 아파트 전세가격 및 전월세거래량 차트(혼합형)은 전세가격과 전월세 거래량 간의 상관관계를 나타냅니다. 이 차트에서는 수도권과 비수도권의 전세 거래량 변화를 시각적으로 비교합니다. 본문의 내용으로 볼 때, 전세시장이 활발하게 움직이고 있으며 전세가격이 지속적으로 상승하는 경향이 있음을 보여줍니다.",1240.0372093023257,2194.5395348837205,970.8186046511628,787.2604651162792,2480,3508
train,report,/workspace/data/train/json/MI3_240819_TY1_0053_9.json,/workspace/data/train/jpg/MI2_240819_TY1_0053_9.jpg,MI3_240819_TY1_0053_9,MI3_240819_TY1_0053_9_V02-4_1,V02-4,차트(꺾은선형),전세수급동향지수 차트(꺾은선형)에 대해 알려주세요,"이 꺾은선형 차트는 전세수급동향지수를 시각적으로 표현하고 있습니다. 기준치 100을 기준으로 전국, 지방광역시, 수도권의 지수가 표시되며, 각 지역의 변화 추이를 파악할 수 있습니다. 최근 몇 년간 전세수급동향지수가 상승 추세를 보이고 있으며, 이는 주택 시장의 활성화와 관련이 있을 것으로 분석됩니다.",256.98139534883717,407.906976744186,1019.7674418604649,766.8651162790699,2480,3508
train,report,/workspace/data/train/json/MI3_240819_TY1_0053_9.json,/workspace/data/train/jpg/MI2_240819_TY1_0053_9.jpg,MI3_240819_TY1_0053_9,MI3_240819_TY1_0053_9_V01_1,V01,표,부동산가격 상승률 차트(세로 막대형)에 대해 알려주세요,"이 세로 막대형 차트는 부동산 가격 상승률을 연도별로 비교하여 보여줍니다. 각 연도의 아파트 매매가격 및 전세가격 변화를 시각화하여 쉽게 이해할 수 있도록 구성되어 있습니다. 최근 몇 년간 아파트 매매가격과 전세가격 모두 증가하고 있는 추세이며, 특히 수도권에서의 상승폭이 두드러집니다.",256.98139534883717,1382.8046511627908,1003.4511627906978,1007.5302325581392,2480,3508
train,report,/workspace/data/train/json/MI3_240819_TY1_0053_9.json,/workspace/data/train/jpg/MI2_240819_TY1_0053_9.jpg,MI3_240819_TY1_0053_9,MI3_240819_TY1_0053_9_V02-4_2,V02-4,차트(꺾은선형),수출 통계 차트(꺾은선형)에 대해 알려주세요,"이 꺾은선형 차트는 시간에 따른 총 수출과 일평균 수출을 시각적으로 나타내고 있습니다. 선박 제외 일평균 수출과 함께 다양한 데이터를 통해 추세를 확인할 수 있습니다. 최근 몇 년 동안 총 수출량이 증가하는 경향을 보이고 있으며, 이는 글로벌 경제 회복과 관련이 깊습니다.",1305.302325581393,1827.4232558139495,985.216936124542,736.393680310589,2480,3508
train,report,/workspace/data/train/json/MI3_240819_TY1_0054_1.json,/workspace/data/train/jpg/MI2_240819_TY1_0054_1.jpg,MI3_240819_TY1_0054_1,MI3_240819_TY1_0054_1_V02-4_1,V02-4,차트(꺾은선형),최근의 경제동향에 대한 소비자심리지수 꺾은선형 차트에 대해 알려주세요,"소비자심리지수 꺾은선형 차트는 소비자의 경제적 기대와 소비 경향을 나타내는 지표입니다. 이 차트에서는 향후 경기 전망과 소비 지출 전망 등 다양한 소비 관련 지표의 변화를 시각적으로 보여줍니다. 본문에서 제시된 내용에 따르면, 소비자 심리와 관련된 데이터가 코로나19 이후의 회복 흐름을 반영하고 있음을 알 수 있습니다.",1313.4604651162786,1235.9581395348841,979.4942498663127,828.0511619222086,2480,3508
train,report,/workspace/data/train/json/MI3_240819_TY1_0054_2.json,/workspace/data/train/jpg/MI2_240819_TY1_0054_2.jpg,MI3_240819_TY1_0054_2,MI3_240819_TY1_0054_2_V01_1,V01,표,조사통계월보 제75권 제7호 (2021.7) 표에 대해 알려주세요,"이 표는 설비투자 관련 지표를 나타냅니다. 이 표의 범례에는 연간 및 월별 설비투자지수와 전년 동기 대비 비율이 포함되어 있습니다. 본문 내용과 함께 볼 때, 2021년의 설비투자지수가 전반적으로 감소세를 보이고 있는 것으로 분석됩니다.",183.5581395348837,407.906976744186,1003.4511627906976,766.8651162790699,2480,3508
train,report,/workspace/data/train/json/MI3_240819_TY1_0054_2.json,/workspace/data/train/jpg/MI2_240819_TY1_0054_2.jpg,MI3_240819_TY1_0054_2,MI3_240819_TY1_0054_2_V02-8_1,V02-8,차트(혼합형),조사통계월보 제75권 제7호 (2021.7) 차트(혼합형)에 대해 알려주세요,이 차트는 기계류 투자지수와 기계류 및 정밀기기 수입액을 시각적으로 비교합니다. 범례에는 기계류 투자지수와 수입액의 상관관계를 보여주는 정보가 포함되어 있습니다. 본문과 차트를 통해 확인할 수 있는 점은 기계류 투자와 수입이 점진적으로 증가하고 있다는 것입니다.,179.47906976744184,1758.0790697674418,1003.4511627906978,726.0744186046511,2480,3508
train,report,/workspace/data/train/json/MI3_240819_TY1_0054_2.json,/workspace/data/train/jpg/MI2_240819_TY1_0054_2.jpg,MI3_240819_TY1_0054_2,MI3_240819_TY1_0054_2_V01_2,V01,표,조사통계월보 제75권 제7호 (2021.7) 표에 대해 알려주세요,"이 표는 건설투자 관련 지표를 나타냅니다. 범례에는 건설기성액과 건물 및 토목 부문에서의 변화가 포함되어 있습니다. 본문을 고려할 때, 2021년 건설기성액은 감소하는 추세를 보이고 있으며, 특히 토목 부분에서 큰 감소폭이 관찰됩니다.",1215.5627906976742,705.6790697674419,1007.5302325581395,795.4186046511626,2480,3508
train,report,/workspace/data/train/json/MI3_240819_TY1_0054_2.json,/workspace/data/train/jpg/MI2_240819_TY1_0054_2.jpg,MI3_240819_TY1_0054_2,MI3_240819_TY1_0054_2_V02-8_2,V02-8,차트(혼합형),조사통계월보 제75권 제7호 (2021.7) 차트(혼합형)에 대해 알려주세요,"이 차트는 건설기성액의 변화를 나타내고 있습니다. 범례에는 증감률과 함께 건설기성액의 연도별 변화가 포함되어 있습니다. 본문을 바탕으로 할 때, 최근 몇 년 동안 건설기성액이 변동성이 큰 모습을 보이며, 특히 특정 기간에 급격한 감소가 있었음을 알 수 있습니다.",1215.5627906976724,2031.3767441860443,1027.9255813953475,757.6109595710931,2480,3508
train,report,/workspace/data/train/json/MI3_240819_TY1_0054_3.json,/workspace/data/train/jpg/MI2_240819_TY1_0054_3.jpg,MI3_240819_TY1_0054_3,MI3_240819_TY1_0054_3_V01_1,V01,표,산업 활동 <표 4> 전산업 생산에 대해 알려주세요,"<표 4> 전산업 생산은 다양한 산업 부문의 생산량을 비교한 데이터를 제공합니다. 이 표의 범례는 각 산업별로 연도별 성장률을 나타냅니다. 전반적으로 전산업 생산은 일부 산업에서 증가하는 경향을 보이고 있으며, 특히 공공행정 분야에서 두드러진 성장을 확인할 수 있습니다.",261.06046511627824,978.5536614739307,1007.5302325581365,693.8649431772287,2480,3508
train,report,/workspace/data/train/json/MI3_240819_TY1_0054_3.json,/workspace/data/train/jpg/MI2_240819_TY1_0054_3.jpg,MI3_240819_TY1_0054_3,MI3_240819_TY1_0054_3_V01_2,V01,표,산업 활동 <표 5> 제조업 생산 및 평균가동률에 대해 알려주세요,"<표 5> 제조업 생산 및 평균가동률은 제조업의 생산량과 평균 가동률을 나타내는 데이터입니다. 이 표의 범례에는 다양한 산업군의 생산 변화와 평균 가동률이 포함되어 있습니다. 최근 데이터에 따르면, 제조업 생산은 전년 대비 변화를 보이며, 특정 산업군에서는 증가 또는 감소하는 추세를 나타내고 있습니다.",1301.2232558139533,411.9860465116279,1015.6883720930236,1170.6930232558136,2480,3508
train,report,/workspace/data/train/json/MI3_240819_TY1_0054_4.json,/workspace/data/train/jpg/MI2_240819_TY1_0054_4.jpg,MI3_240819_TY1_0054_4,MI3_240819_TY1_0054_4_V01_1,V01,표,조사통계월보 제75권 제7호 (2021.7) 차트(혼합형)에 대해 알려주세요,"이 차트는 서비스업 생산에 대한 전기 대비 변화를 보여줍니다. 범례에서는 각 업종별로 생산 변화율을 나타내고 있습니다. 본문 내용을 바탕으로 보면, 서비스업 생산은 지난 몇 개월간 변동성을 보였으며, 일부 업종에서는 증가세를 보인 반면, 도소매업과 금융·보험업은 감소세를 기록하고 있습니다.",175.4,864.7627906976744,1040.1627906976744,1509.2558139534883,2480,3508
train,report,/workspace/data/train/json/MI3_240819_TY1_0054_4.json,/workspace/data/train/jpg/MI2_240819_TY1_0054_4.jpg,MI3_240819_TY1_0054_4,MI3_240819_TY1_0054_4_V02-8_1,V02-8,차트(혼합형),조사통계월보 제75권 제7호 (2021.7) 차트(혼합형)에 대해 알려주세요,"이 차트는 취업자 수와 그 전년 동월 대비 증감을 시각적으로 나타냅니다. 범례는 좌측 축에서 취업자 수를, 우측 축에서 전년 동월 대비 증감을 설명합니다. 최근 데이터에 따르면 취업자 수는 계속해서 증가하고 있으며, 이는 고용 시장의 회복세를 시사합니다.",1223.7209302325573,1154.376744186045,985.8561970189875,709.7581395348822,2480,3508
train,report,/workspace/data/train/json/MI3_240819_TY1_0054_5.json,/workspace/data/train/jpg/MI2_240819_TY1_0054_5.jpg,MI3_240819_TY1_0054_5,MI3_240819_TY1_0054_5_V01_1,V01,표,고용 관련 지표에 대해 알려주세요.,"<계절조정전>과 <계절조정후>의 취업자 수 및 고용률을 포함한 표입니다. 이 표에서는 연도별 취업자 수와 실업률의 변화를 시각적으로 나타냅니다. 2020년과 2021년 동안의 고용 변화가 크게 나타나며, 특히 COVID-19의 영향을 받아 실업률이 증가한 것으로 보입니다.",261.0604651162791,395.6697674418604,999.3720930232558,1015.6883720930233,2480,3508
train,report,/workspace/data/train/json/MI3_240819_TY1_0054_5.json,/workspace/data/train/jpg/MI2_240819_TY1_0054_5.jpg,MI3_240819_TY1_0054_5,MI3_240819_TY1_0054_5_V02-1_1,V02-1,차트(세로 막대형),산업별 취업자수 증감에 대해 알려주세요.,"이 차트는 전년 동기 대비 산업별 취업자 수의 변화를 보여줍니다. 차트는 전체 산업뿐만 아니라 농림어업, 제조업, 건설업, 서비스업 등 세부 분야로 나누어져 있습니다. 최근 몇 달간 서비스업에서 큰 폭으로 감소가 있었고, 건설업은 증가세를 유지하고 있는 모습입니다.",1297.1441661858212,416.06511743705414,995.2930232558114,768.4173949916459,2480,3508
train,report,/workspace/data/train/json/MI3_240819_TY1_0054_5.json,/workspace/data/train/jpg/MI2_240819_TY1_0054_5.jpg,MI3_240819_TY1_0054_5,MI3_240819_TY1_0054_5_V01_2,V01,표,산업별 취업자수 증감에 대해 알려주세요.,"이 표는 각 산업 부문별로 전년 동기 대비 취업자 수의 변화 추세를 보여줍니다. 표에는 농림어업, 제조업, 건설업 등 다양한 산업군이 포함되어 있으며, 각각의 변화를 숫자로 명확히 제시합니다. 특히 서비스 업종에서 큰 감소가 있었으며, 이는 경제 상황과 밀접하게 연결되어 있습니다.",1293.0651162790662,1456.2279075557367,1011.6093023255797,991.0311190464663,2480,3508
train,report,/workspace/data/train/json/MI3_240819_TY1_0054_6.json,/workspace/data/train/jpg/MI2_240819_TY1_0054_6.jpg,MI3_240819_TY1_0054_6,MI3_240819_TY1_0054_6_V01_1,V01,표,조사통계월보 제75권 제7호에서 명목임금에 대한 표에 대해 알려주세요,"명목임금에 대한 표는 다양한 연도와 월별 임금을 비교하여 보여줍니다. 이 표의 범례에는 각 임금 항목과 해당 데이터가 포함되어 있어, 구체적인 숫자를 통해 임금 변화 추이를 이해할 수 있습니다. 본문 내용과 함께 분석해보면, 상용직과 임시·일용직 모두에서 일정한 상승세를 보이고 있으며, 특별급여 항목에서는 큰 변동이 있었음을 알 수 있습니다.",171.32093023255814,1007.5302325581395,1015.6883720930231,1199.246511627907,2480,3508
train,report,/workspace/data/train/json/MI3_240819_TY1_0054_6.json,/workspace/data/train/jpg/MI2_240819_TY1_0054_6.jpg,MI3_240819_TY1_0054_6,MI3_240819_TY1_0054_6_V02-4_1,V02-4,차트(꺾은선형),조사통계월보 제75권 제7호에서 경기종합지수에 대한 차트에 대해 알려주세요,"경기종합지수에 대한 차트는 선행지수와 동행지수를 시각적으로 나타냅니다. 이 차트의 범례에는 각 지수의 변화 추세가 표시되어 있어 경제 활동을 예측하는 데 유용합니다. 본문 내용과 함께 살펴보면, 최근 경기선행지수가 상승하고 있음을 나타내어 앞으로의 경제 회복 가능성을 시사하고 있습니다.",1203.3255813953458,1129.9023255813947,1060.5581395348822,804.0635880745502,2480,3508
train,report,/workspace/data/train/json/MI3_240819_TY1_0054_7.json,/workspace/data/train/jpg/MI2_240819_TY1_0054_7.jpg,MI3_240819_TY1_0054_7,MI3_240819_TY1_0054_7_V02-4_1,V02-4,차트(꺾은선형),소비자물가 상승률 추이 차트(꺾은선형)에 대해 알려주세요,"소비자물가 상승률 추이는 꺾은선형으로 나타낸 그래프입니다. 이 차트는 전년동월대비 소비자물가의 변화를 시각적으로 보여줍니다. 최근 몇 년간 소비자물가는 전반적으로 오름세를 보였으며, 특히 농축산물과 석유류의 가격 상승이 주요 요인으로 작용하고 있습니다.",261.0604651162791,1129.9023255813954,1011.6093023255813,905.5534883720929,2480,3508
train,report,/workspace/data/train/json/MI3_240819_TY1_0054_7.json,/workspace/data/train/jpg/MI2_240819_TY1_0054_7.jpg,MI3_240819_TY1_0054_7,MI3_240819_TY1_0054_7_V01_1,V01,표,소비자물가 상승률 표에 대해 알려주세요,"소비자물가 상승률 표는 다양한 품목군의 가격 변동을 수치로 나타내고 있습니다. 이 표에는 연간 및 분기별 데이터가 포함되어 있으며, 각 품목의 가격 변화율을 비교할 수 있습니다. 전반적으로 농축수산물의 가격이 높은 상승폭을 보였으나, 공업제품 중 석유류는 기저효과로 인해 오름폭이 축소되는 경향이 관찰됩니다.",1305.3023255813953,1264.5116279069766,999.3720930232558,1125.8232558139534,2480,3508
train,report,/workspace/data/train/json/MI3_240819_TY1_0054_8.json,/workspace/data/train/jpg/MI2_240819_TY1_0054_8.jpg,MI3_240819_TY1_0054_8,MI3_240819_TY1_0054_8_V02-8_1,V02-8,차트(혼합형),조사통계월보 제75권 제7호 (2021.7) 아파트 매매가격 및 거래량 혼합형에 대해 알려주세요,아파트 매매가격 및 거래량 혼합형은 아파트의 가격 변화와 거래량을 함께 나타내는 차트입니다. 이 차트는 각각의 데이터 포인트를 시각적으로 비교하여 두 변수 간의 관계를 설명합니다. 최근 수도권과 비수도권의 매매거래량이 다소 증가한 경향이 관찰됩니다.,171.32093023255777,1513.4263009418833,1011.60930232558,779.0109083604425,2480,3508
train,report,/workspace/data/train/json/MI3_240819_TY1_0054_8.json,/workspace/data/train/jpg/MI2_240819_TY1_0054_8.jpg,MI3_240819_TY1_0054_8,MI3_240819_TY1_0054_8_V02-4_1,V02-4,차트(꺾은선형),조사통계월보 제75권 제7호 (2021.7) 주택매수 심리지수 꺾은선형에 대해 알려주세요,"주택매수 심리지수 꺾은선형은 주택 가격 전망을 시간의 흐름에 따라 나타내는 그래프입니다. 이 차트는 각 시점에서의 지수를 표시하며, 기준치인 100을 기준으로 상승 및 하강 추세를 보여줍니다. 분석 결과, 최근 주택가격전망 CSI와 KB 매매가격전망지수가 모두 상승하였음을 알 수 있습니다.",1227.800178746165,403.82790726624023,1032.0046511627907,758.706976744186,2480,3508
train,report,/workspace/data/train/json/MI3_240819_TY1_0054_8.json,/workspace/data/train/jpg/MI2_240819_TY1_0054_8.jpg,MI3_240819_TY1_0054_8,MI3_240819_TY1_0054_8_V02-8_2,V02-8,차트(혼합형),조사통계월보 제75권 제7호 (2021.7) 아파트 전세가격 및 전월세거래량 혼합형에 대해 알려주세요,아파트 전세가격 및 전월세거래량 혼합형은 전세 가격과 함께 월별 거래량 변화를 보여주는 그래프입니다. 이 차트는 두 가지 데이터를 동시에 분석하여 시장 동향을 이해하는 데 도움을 줍니다. 현재 전세 가격이 상승함에도 불구하고 거래량이 안정적인 추세를 보이고 있는 것으로 나타났습니다.,1239.9457920813725,2239.40930232558,966.8309521046734,787.260465116278,2480,3508
train,report,/workspace/data/train/json/MI3_240819_TY1_0054_9.json,/workspace/data/train/jpg/MI2_240819_TY1_0054_9.jpg,MI3_240819_TY1_0054_9,MI3_240819_TY1_0054_9_V02-4_1,V02-4,차트(꺾은선형),대외 거래 6월중 수출(통관 기준) 차트(꺾은선형)에 대해 알려주세요,"해당 차트는 2020년과 2021년의 수출 동향을 꺾은선형으로 보여줍니다. 차트의 범례는 각 연도의 월별 및 분기별 수출 증가율을 나타내며, 이를 통해 비교할 수 있습니다. 본문에 따르면, 최근 수출이 증가하고 있으며, 특히 IT 제품의 반도체가 단가 상승과 양호한 모바일용 수요로 인해 증가폭이 확대되었습니다.",273.29767441860463,407.906976744186,999.3720930232558,779.1023255813953,2480,3508
train,report,/workspace/data/train/json/MI3_240819_TY1_0054_9.json,/workspace/data/train/jpg/MI2_240819_TY1_0054_9.jpg,MI3_240819_TY1_0054_9,MI3_240819_TY1_0054_9_V02-4_2,V02-4,차트(꺾은선형),최근의 | 경제동향 총수출(억달러) 차트(꺾은선형)에 대해 알려주세요,"이 꺾은선형 차트는 최근 몇 년간의 총수출 및 일평균 수출 동향을 시각적으로 나타냅니다. 범례에서는 좌측 축에 총수출, 우측 축에는 일평균 수출 데이터를 제공합니다. 이 데이터에 따르면, 전체적으로 수출이 증가하는 추세를 보이고 있으며, 특히 최근 몇 년간 강한 상승세를 유지하고 있음을 알 수 있습니다.",1280.8279069767443,1668.339534883721,1032.0046511627909,734.232558139535,2480,3508
train,report,/workspace/data/train/json/MI3_240819_TY1_0055_1.json,/workspace/data/train/jpg/MI2_240819_TY1_0055_1.jpg,MI3_240819_TY1_0055_1,MI3_240819_TY1_0055_1_V02-4_1,V02-4,차트(꺾은선형),최근의 경제동향 소비자심리지수 꺾은선형 그래프에 대해 알려주세요,"소비자심리지수 꺾은선형 그래프는 소비자들의 경제 전반에 대한 기대감을 시각적으로 나타냅니다. 이 그래프에서 각 점은 특정 시점의 소비자 심리를 나타내며, 일반적으로 상승하면 소비자 신뢰가 높아지고 하락하면 신뢰가 낮아짐을 의미합니다. 최근 데이터에 따르면, 소비자 심리지수가 증가하는 추세를 보이고 있어 향후 경기 회복에 대한 기대감이 형성되고 있음을 알 수 있습니다.",1309.3813953488373,1248.1953488372092,991.2139534883721,815.813953488372,2480,3508
train,report,/workspace/data/train/json/MI3_240819_TY1_0055_2.json,/workspace/data/train/jpg/MI2_240819_TY1_0055_2.jpg,MI3_240819_TY1_0055_2,MI3_240819_TY1_0055_2_V01_1,V01,표,조사통계월보 제75권 제8호에 포함된 설비투자 관련 지표 차트에 대해 알려주세요.,"설비투자 관련 지표 차트는 여러 해의 설비투자지수를 비교하여 나타냅니다. 이 차트에는 연도별 기계류와 운송장비의 투자 변화가 포함되어 있습니다. 2021년의 경우 기계류 투자지수가 이전 해에 비해 증가하였으며, 이는 향후 설비투자가 견조하게 이어질 것임을 시사합니다.",175.3999999999998,411.98604651162753,995.2930232558135,751.7663592132023,2480,3508
train,report,/workspace/data/train/json/MI3_240819_TY1_0055_2.json,/workspace/data/train/jpg/MI2_240819_TY1_0055_2.jpg,MI3_240819_TY1_0055_2,MI3_240819_TY1_0055_2_V02-8_1,V02-8,차트(혼합형),조사통계월보 제75권 제8호에 나오는 기계류 투자지수 및 수입액 차트에 대해 알려주세요.,"기계류 투자지수 및 수입액 차트는 기계류와 정밀기기의 수입량과 투자지수를 시간에 따라 비교합니다. 좌측 축은 수입액을, 우측 축은 투자지수를 나타내며 각각의 변화 추세를 보여줍니다. 이 자료는 경제 회복이 진행되는 가운데 기계류 투자가 점진적으로 증가할 것이라는 전망을 뒷받침합니다.",195.79534883720927,1758.0790697674418,983.0558139534884,721.9953488372091,2480,3508
train,report,/workspace/data/train/json/MI3_240819_TY1_0055_2.json,/workspace/data/train/jpg/MI2_240819_TY1_0055_2.jpg,MI3_240819_TY1_0055_2,MI3_240819_TY1_0055_2_V01_2,V01,표,조사통계월보 제75권 제8호에서 건설기성액 관련 데이터 차트에 대해 알려주세요.,"건설기성액 관련 데이터 차트는 연도별 건설기성액의 변화를 시각적으로 보여줍니다. 이 차트는 건물과 토목 부문 각각의 기여도를 나타내며, 전년 동기 대비 증감률도 포함됩니다. 최근 몇 년간 건축 분야에서 감소세를 보인 반면, 토목 분야는 긍정적인 성장을 지속하고 있는 것으로 분석됩니다.",1219.641860465115,705.679069767441,996.5105452597138,780.502517114144,2480,3508
train,report,/workspace/data/train/json/MI3_240819_TY1_0055_2.json,/workspace/data/train/jpg/MI2_240819_TY1_0055_2.jpg,MI3_240819_TY1_0055_2,MI3_240819_TY1_0055_2_V02-8_2,V02-8,차트(혼합형),조사통계월보 제75권 제8호에서 제공하는 건설기성액 추세와 관련된 차트에 대해 알려주세요.,"건설기성액 추세와 관련된 차트는 특정 기간 동안의 건설기성액 변화를 시각적으로 설명합니다. 이 차트에서는 각 연도의 증감률이 표시되며, 이는 경제적 흐름을 파악하는 데 도움이 됩니다. 최근 들어 건설시장의 전반적인 경기가 불확실한 가운데 일부 긍정적인 신호가 감지되고 있습니다.",1231.8790697674406,2031.3767441860425,984.7601798458926,762.7860465116262,2480,3508
train,report,/workspace/data/train/json/MI3_240819_TY1_0055_3.json,/workspace/data/train/jpg/MI2_240819_TY1_0055_3.jpg,MI3_240819_TY1_0055_3,MI3_240819_TY1_0055_3_V01_1,V01,표,전산업 생산 전산업생산 차트(세로 막대형)에 대해 알려주세요,"전산업 생산을 나타내는 차트입니다. 이 차트는 특정 기간 동안 전산업의 생산 변화량을 보여줍니다. 본문에 따르면, 전산업 생산은 최근 몇 달간 감소세에서 증가세로 돌아섰음을 알 수 있습니다.",265.13957460509096,978.9767444755428,999.3720930232557,689.3627906976744,2480,3508
train,report,/workspace/data/train/json/MI3_240819_TY1_0055_3.json,/workspace/data/train/jpg/MI2_240819_TY1_0055_3.jpg,MI3_240819_TY1_0055_3,MI3_240819_TY1_0055_3_V01_2,V01,표,산업 활동 제조업 생산 및 평균가동률 차트(세로 막대형)에 대해 알려주세요,"제조업 생산 및 평균가동률을 나타내는 차트입니다. 이 차트는 각 연도와 분기에 따른 제조업 생산과 평균 가동률의 변화를 시각적으로 표현합니다. 본문에 따르면, 최근 제조업 생산은 변동성이 있으며 평균 가동률은 전반적으로 안정적인 추세를 보이고 있습니다.",1301.2232558139533,411.9860465116279,1015.6883720930236,1162.53488372093,2480,3508
train,report,/workspace/data/train/json/MI3_240819_TY1_0055_4.json,/workspace/data/train/jpg/MI2_240819_TY1_0055_4.jpg,MI3_240819_TY1_0055_4,MI3_240819_TY1_0055_4_V01_1,V01,표,조사통계월보 제75권 제8호의 서비스업 생산에 대해 알려주세요,"서비스업 생산은 전기대비와 전년동기대비로 나뉘어 나타난 차트입니다. 이 차트는 각 업종별 서비스업 생산 변화를 백분율로 나타내며, 여러 업종의 성과를 비교하는 데 유용합니다. 본문에서는 2020년과 2021년의 서비스업 생산 변화가 기록되어 있으며, 일부 업종에서 성장이 있었던 반면 다른 업종에서는 감소세가 지속된 것으로 보입니다.",171.32093023255786,939.4037334285842,1011.6093023255802,1512.117196803973,2480,3508
train,report,/workspace/data/train/json/MI3_240819_TY1_0055_4.json,/workspace/data/train/jpg/MI2_240819_TY1_0055_4.jpg,MI3_240819_TY1_0055_4,MI3_240819_TY1_0055_4_V02-8_1,V02-8,차트(혼합형),조사통계월보 제75권 제8호의 취업자수에 대해 알려주세요,"취업자수는 만명 단위로 표시된 차트로, 좌측 축에는 취업자수가, 우측 축에는 전년 동월 대비 증감이 표시됩니다. 이 차트는 최근 몇 년간의 취업자 수 변화를 시각적으로 보여주며 경제 상황을 이해하는 데 도움을 줍니다. 본문에서는 전체적으로 취업자 수가 증가세를 보였지만 특정 시점에서는 감소한 경우도 있어 경기 회복의 변동성을 보여줍니다.",1211.4837209302289,1162.53488372093,999.3720930232538,693.776452260736,2480,3508
train,report,/workspace/data/train/json/MI3_240819_TY1_0055_5.json,/workspace/data/train/jpg/MI2_240819_TY1_0055_5.jpg,MI3_240819_TY1_0055_5,MI3_240819_TY1_0055_5_V01_1,V01,표,산업별 취업자수 증감 표에 대해 알려주세요,"이 표는 2020년과 2021년의 산업별 취업자 수와 고용률, 실업자 수 및 실업률을 보여줍니다. 표의 범례에는 계절조정전 및 계절조정후의 데이터가 포함되어 있습니다. 분석 결과, 전년 동기 대비 취업자 수는 전체적으로 감소세를 보였으나, 특정 기간에서는 증가하는 경향을 나타냈습니다.",256.98139534883717,399.74883720930234,1019.7674418604649,1011.6093023255814,2480,3508
train,report,/workspace/data/train/json/MI3_240819_TY1_0055_5.json,/workspace/data/train/jpg/MI2_240819_TY1_0055_5.jpg,MI3_240819_TY1_0055_5,MI3_240819_TY1_0055_5_V02-1_1,V02-1,차트(세로 막대형),고용 관련 지표 차트(세로 막대형)에 대해 알려주세요,"이 차트는 전년 동기 대비 산업별 취업자 수 증감을 시각적으로 나타냅니다. 차트의 범례에는 전체, 농림어업, 제조업, 건설업 및 서비스업이 포함되어 있습니다. 분석 결과, 서비스업 부문에서 큰 증가폭을 보였으며, 전체적인 고용 상황은 개선되고 있는 것으로 해석됩니다.",1293.065116279065,425.5634370400549,1007.5302325581378,769.6040048204076,2480,3508
train,report,/workspace/data/train/json/MI3_240819_TY1_0055_5.json,/workspace/data/train/jpg/MI2_240819_TY1_0055_5.jpg,MI3_240819_TY1_0055_5,MI3_240819_TY1_0055_5_V01_2,V01,표,산업별 취업자수 증감 표에 대해 알려주세요,"이 표는 2020년과 2021년의 산업별 전년 동기 대비 취업자 수 변화를 정리한 것입니다. 각 산업군에 대한 데이터가 연간 및 분기별로 나열되어 있으며, 특정 업종의 변화폭을 강조합니다. 본문과 함께 분석할 때, 다양한 산업에서 상반된 추세를 보여주며 특히 서비스 업종에서 큰 변동성을 드러내고 있습니다.",1309.3813953488373,1460.306976744186,995.293023255814,1007.5302325581397,2480,3508
train,report,/workspace/data/train/json/MI3_240819_TY1_0055_6.json,/workspace/data/train/jpg/MI2_240819_TY1_0055_6.jpg,MI3_240819_TY1_0055_6,MI3_240819_TY1_0055_6_V01_1,V01,표,조사통계월보 제75권 제8호에서 월평균 명목임금 표에 대해 알려주세요.,"월평균 명목임금 표는 각 연도의 전산업임금, 상용직 및 임시·일용직의 평균 급여 변동을 보여줍니다. 표의 범례에는 각 직종별 임금 수치와 함께 전년 동기 대비 등락률이 포함되어 있습니다. 본문과 표를 통해 확인할 수 있는 바, 2021년의 평균 명목임금은 전년 대비 상승세를 보였으며, 특히 상용직의 임금 상승폭이 두드러진 것으로 나타났습니다.",167.24186046511628,1003.4511627906976,1019.7674418604649,1191.088372093023,2480,3508
train,report,/workspace/data/train/json/MI3_240819_TY1_0055_6.json,/workspace/data/train/jpg/MI2_240819_TY1_0055_6.jpg,MI3_240819_TY1_0055_6,MI3_240819_TY1_0055_6_V02-4_1,V02-4,차트(꺾은선형),조사통계월보 제75권 제8호에서 경기종합지수 꺾은선형 차트에 대해 알려주세요.,경기종합지수 꺾은선형 차트는 선행지수와 동행지수의 순환변동치를 비교하여 경제 흐름을 시각적으로 나타냅니다. 차트의 범례에는 각 지수의 수치가 포함되어 있어 시간에 따른 변화를 쉽게 분석할 수 있습니다. 본문과 꺾은선형 차트를 통해 2021년 중반까지 지속적인 상승세를 보인 선행지수와 동행지수가 경기 회복세를 반영하고 있음을 알 수 있습니다.,1227.7999999999963,1227.7999999999997,1007.5302325581375,800.1671878359571,2480,3508
train,report,/workspace/data/train/json/MI3_240819_TY1_0055_7.json,/workspace/data/train/jpg/MI2_240819_TY1_0055_7.jpg,MI3_240819_TY1_0055_7,MI3_240819_TY1_0055_7_V02-4_1,V02-4,차트(꺾은선형),소비자물가 상승률 추이에 대해 알려주세요,"소비자물가 상승률 추이는 전년 동월 대비 소비자물가의 변동을 시각적으로 나타낸 것입니다. 이 그래프는 물가안정 목표와 관련된 자료를 기반으로 하며, 각 연도별 소비자물가 상승률을 비교할 수 있게 도와줍니다. 최근 데이터에 따르면, 소비자물가는 지속적인 상승세를 보이고 있으며, 특히 농축산물 및 개인 서비스 물가의 오름폭이 두드러집니다.",263.18498062015505,1142.139534883721,974.8976744186045,889.2372093023254,2480,3508
train,report,/workspace/data/train/json/MI3_240819_TY1_0055_7.json,/workspace/data/train/jpg/MI2_240819_TY1_0055_7.jpg,MI3_240819_TY1_0055_7,MI3_240819_TY1_0055_7_V01_1,V01,표,소비자물가에 대해 알려주세요,"소비자물가는 특정 기간 동안 다양한 품목의 가격 변화를 나타내는 통계 자료입니다. 이 차트는 연간 소비자물가의 변화를 분기별로 나누어 보여주며, 각 품목군(농축수산물, 공업제품 등)의 가격 동향을 확인할 수 있습니다. 데이터에 따르면 일부 품목은 상승세를 유지하고 있는 반면, 특정 항목은 안정세를 보이는 경향이 관찰됩니다.",1297.1441860465106,1264.5116279069762,1015.6883720930231,1114.620898986679,2480,3508
train,report,/workspace/data/train/json/MI3_240819_TY1_0055_8.json,/workspace/data/train/jpg/MI2_240819_TY1_0055_8.jpg,MI3_240819_TY1_0055_8,MI3_240819_TY1_0055_8_V02-8_1,V02-8,차트(혼합형),조사통계월보 제75권 제8호 (2021.8) 아파트 매매가격 및 거래량 혼합형에 대해 알려주세요,"아파트 매매가격 및 거래량 혼합형은 아파트 시장의 가격 변화와 거래량 변화를 동시에 나타내는 그래프입니다. 이 혼합형의 범례는 매매거래량과 수도권 및 비수도권의 가격 변화를 각각 시각적으로 표현합니다. 본문에서는 수도권과 비수도권 모두 최근 몇 개월간 거래량이 증가하는 추세를 보이며, 이는 아파트 시장의 활발한 움직임을 시사합니다.",199.8744186046512,1497.0186046511628,958.5813953488373,799.4976744186048,2480,3508
train,report,/workspace/data/train/json/MI3_240819_TY1_0055_8.json,/workspace/data/train/jpg/MI2_240819_TY1_0055_8.jpg,MI3_240819_TY1_0055_8,MI3_240819_TY1_0055_8_V02-4_1,V02-4,차트(꺾은선형),조사통계월보 제75권 제8호 (2021.8) 주택매수 심리지수 꺾은선형에 대해 알려주세요,"주택매수 심리지수 꺾은선형은 주택가격에 대한 소비자의 기대를 나타내는 지표입니다. 이 꺾은선형의 범례는 기준치 100을 중심으로 하여 각 시점의 심리지수를 보여줍니다. 본문에서 언급된 자료에 따르면, 최근 주택가격전망 CSI와 KB 매매가격전망지수가 상승세를 보이며, 이는 소비자들의 주택 구매에 대한 긍정적인 전망을 반영하고 있습니다.",1223.7209302325582,407.906976744186,995.2930232558139,754.627906976744,2480,3508
train,report,/workspace/data/train/json/MI3_240819_TY1_0055_8.json,/workspace/data/train/jpg/MI2_240819_TY1_0055_8.jpg,MI3_240819_TY1_0055_8,MI3_240819_TY1_0055_8_V02-8_2,V02-8,차트(혼합형),조사통계월보 제75권 제8호 (2021.8) 아파트 전세가격 및 전월세거래량 혼합형에 대해 알려주세요,아파트 전세가격 및 전월세거래량 혼합형은 전세시장의 가격 변화와 거래량 변화를 동시에 보여주는 그래프입니다. 이 혼합형의 범례는 전세거래량과 지역별 전세가격 변화를 함께 나타냅니다. 본문에서는 수도권과 비수도권에서 전세가격이 상승하면서 거래량 또한 증가하고 있음을 확인할 수 있습니다.,1235.9581395348837,2239.4093023255814,995.2930232558139,787.2604651162792,2480,3508
train,report,/workspace/data/train/json/MI3_240819_TY1_0055_9.json,/workspace/data/train/jpg/MI2_240819_TY1_0055_9.jpg,MI3_240819_TY1_0055_9,MI3_240819_TY1_0055_9_V02-4_1,V02-4,차트(꺾은선형),대외 거래 및 전세수급동향지수에 대해 알려주세요,"(기준치=100) 150 - 전국 - 지방광역시 -- 수도권을 기반으로 한 꺾은선형 그래프입니다. 이 그래프의 범례는 지역별 수치 변화를 시각적으로 나타내며, 특정 기준치를 중심으로 비교합니다. 최근 데이터에 따르면, 수도권과 지방광역시 간의 경제적 동향이 상이하게 나타나며, 이는 지역별 경제 회복 정도를 반영하고 있습니다.",252.90232558139533,416.06511627906974,1019.7674418604652,787.2604651162791,2480,3508
train,report,/workspace/data/train/json/MI3_240819_TY1_0055_9.json,/workspace/data/train/jpg/MI2_240819_TY1_0055_9.jpg,MI3_240819_TY1_0055_9,MI3_240819_TY1_0055_9_V02-4_2,V02-4,차트(꺾은선형),전세수급동향지수 및 경제 동향에 대해 알려주세요,"(억달러) (억달러) 600 30 500 25 400을 보여주는 꺾은선형 그래프입니다. 이 그래프의 범례는 총수출과 일평균 수출을 비교하여 시각적으로 표현하고 있습니다. 데이터 분석 결과, 최근 수출이 증가하는 추세를 보이며, 이는 글로벌 경기 회복과 관련이 있을 것으로 보입니다.",1309.9294039353827,1747.4247215267123,983.7253273708423,775.0232558139516,2480,3508
train,report,/workspace/data/train/json/MI3_240819_TY1_0056_1.json,/workspace/data/train/jpg/MI2_240819_TY1_0056_1.jpg,MI3_240819_TY1_0056_1,MI3_240819_TY1_0056_1_V01_1,V01,표,최근의 경제동향 표에 대해 알려주세요,"소매판매액 및 내구재, 준내구재, 비내구재에 대한 전기대비 변화를 보여주는 표입니다. 이 표는 다양한 소비 품목의 실적을 비교하여 가시적으로 제시합니다. 본문에서 설명하는 경기 회복과 관련하여, 각 품목의 변화 추세를 통해 소비 패턴을 이해할 수 있습니다.",240.66511627906976,1570.4418604651164,1032.0046511627907,632.2558139534882,2480,3508
train,report,/workspace/data/train/json/MI3_240819_TY1_0056_1.json,/workspace/data/train/jpg/MI2_240819_TY1_0056_1.jpg,MI3_240819_TY1_0056_1,MI3_240819_TY1_0056_1_V02-4_1,V02-4,차트(꺾은선형),최근의 경제동향 차트(꺾은선형)에 대해 알려주세요,"소비자심리지수와 소비지출전망을 보여주는 꺾은선형 차트입니다. 이 차트는 소비자 심리에 대한 정보를 시각적으로 제공하며, 두 가지 지표의 변화를 나타냅니다. 본문에서 언급된 소비 관련 동향과 함께 분석할 때, 소비자 심리지수의 추세가 향후 경기에 미치는 영향을 알 수 있습니다.",1284.906976744186,1142.139534883721,1036.0837209302324,803.5767441860464,2480,3508
train,report,/workspace/data/train/json/MI3_240819_TY1_0056_2.json,/workspace/data/train/jpg/MI2_240819_TY1_0056_2.jpg,MI3_240819_TY1_0056_2,MI3_240819_TY1_0056_2_V01_1,V01,표,설비투자 관련 지표 표에 대해 알려주세요,"설비투자 관련 지표 표는 특정 기간 동안의 설비투자지수를 나타냅니다. 이 표의 범례는 전기 대비 백분율을 기준으로 하여 각 항목의 변화를 보여줍니다. 해당 표를 통해 2020년과 2021년 간의 설비투자 추세를 살펴보면, 기계류와 운송 장비에서의 변동이 있으며, 전반적으로 회복세가 보이고 있습니다.",175.4,416.06511627906974,1015.6883720930233,762.786046511628,2480,3508
train,report,/workspace/data/train/json/MI3_240819_TY1_0056_2.json,/workspace/data/train/jpg/MI2_240819_TY1_0056_2.jpg,MI3_240819_TY1_0056_2,MI3_240819_TY1_0056_2_V02-8_1,V02-8,차트(혼합형),기계류와 정밀기기 수입액 혼합형 차트에 대해 알려주세요,"기계류와 정밀기기 수입액 혼합형 차트는 기계류 투자지수 및 해당 제품의 수입액을 비교하여 시각화한 것입니다. 이 차트의 범례는 좌측 축은 수입액, 우측 축은 투자지수를 나타냅니다. 최근 경향으로는 기계류 수입이 증가하는 반면 투자지수는 다소 불안정성을 보이고 있어 향후 시장 상황에 대한 주목이 필요합니다.",199.8744186046512,1749.920930232558,958.5813953488373,726.0744186046511,2480,3508
train,report,/workspace/data/train/json/MI3_240819_TY1_0056_2.json,/workspace/data/train/jpg/MI2_240819_TY1_0056_2.jpg,MI3_240819_TY1_0056_2,MI3_240819_TY1_0056_2_V01_2,V01,표,건설기성액 표에 대해 알려주세요,"건설기성액은 특정 기간 동안 건설 활동의 결과로 발생한 수익을 정리한 것입니다. 이 표의 범례에는 전년 동기 대비 변화율이 포함되어 있습니다. 최근 데이터에 따르면 건물과 토목 부문에서 차이가 있으며, 전체적으로 감소세를 보이고 있습니다.",1211.4837209302327,713.8372093023255,1040.1627906976744,779.1023255813952,2480,3508
train,report,/workspace/data/train/json/MI3_240819_TY1_0056_2.json,/workspace/data/train/jpg/MI2_240819_TY1_0056_2.jpg,MI3_240819_TY1_0056_2,MI3_240819_TY1_0056_2_V02-8_2,V02-8,차트(혼합형),건설기성액 혼합형 차트에 대해 알려주세요,"건설기성액 혼합형 차트는 연도별 건설기성액과 그 변화율을 함께 나타낸 것입니다. 이 차트는 조원 단위로 표현되며, 전년 동기 대비 증감률도 함께 제공합니다. 분석 결과, 최근 몇 년간 건설 기성이 지속적인 감소세를 기록하고 있는 것으로 나타났습니다.",1215.5627906976742,2006.9023255813952,1019.7674418604652,795.4186046511628,2480,3508
train,report,/workspace/data/train/json/MI3_240819_TY1_0056_3.json,/workspace/data/train/jpg/MI2_240819_TY1_0056_3.jpg,MI3_240819_TY1_0056_3,MI3_240819_TY1_0056_3_V01_1,V01,표,전산업 생산에 대해 알려주세요,"이 차트는 전산업의 생산 변화를 그래프로 나타냅니다. 범례는 각 산업별 전년 동기 대비 성장률을 보여주며, 주요 산업들의 성장을 비교할 수 있습니다. 최근 몇 개월간 전반적인 생산량은 감소세를 보였으며, 특히 건설업에서 큰 하락폭이 있었습니다.",252.90236530276528,917.7906970954247,999.889519260781,701.5999999999985,2480,3508
train,report,/workspace/data/train/json/MI3_240819_TY1_0056_3.json,/workspace/data/train/jpg/MI2_240819_TY1_0056_3.jpg,MI3_240819_TY1_0056_3,MI3_240819_TY1_0056_3_V01_2,V01,표,산업 활동 평균가동률에 대해 알려주세요,"이 차트는 제조업의 생산과 평균 가동률 변화를 보여줍니다. 범례는 전년 동기 대비의 비율을 나타내며, 다양한 산업별로 세분화된 데이터를 포함합니다. 전체적으로 제조업 생산은 감소세를 보였으나, 일부 산업군은 증가세를 기록하며 평균 가동률은 소폭 상승하였습니다.",1297.1441860465115,407.906976744186,987.1348837209302,1182.9302325581396,2480,3508
train,report,/workspace/data/train/json/MI3_240819_TY1_0056_4.json,/workspace/data/train/jpg/MI2_240819_TY1_0056_4.jpg,MI3_240819_TY1_0056_4,MI3_240819_TY1_0056_4_V01_1,V01,표,조사통계월보 제75권 제9호에 포함된 서비스업 생산에 대해 알려주세요,"서비스업 생산은 전기 대비 변화를 보여주는 데이터입니다. 이 차트는 여러 업종의 생산 변화율을 시각적으로 표현하고 있습니다. 최근의 데이터에 따르면, 도소매업과 정보통신업은 증가세를 보인 반면, 숙박 및 음식점업은 감소하였습니다.",179.47906976744184,938.1860465116278,1007.5302325581395,1529.6511627906978,2480,3508
train,report,/workspace/data/train/json/MI3_240819_TY1_0056_4.json,/workspace/data/train/jpg/MI2_240819_TY1_0056_4.jpg,MI3_240819_TY1_0056_4,MI3_240819_TY1_0056_4_V02-8_1,V02-8,차트(혼합형),조사통계월보 제75권 제9호에 포함된 취업자수 차트(혼합형)에 대해 알려주세요,"취업자수 차트(혼합형)는 시간에 따른 취업자 수의 변화를 보여줍니다. 이 차트는 좌측 축에는 총 취업자 수, 우측 축에는 전년 동월 대비 증감이 표시되어 있습니다. 최근 경향으로는 취업자 수가 증가하는 추세가 이어지고 있으며, 이는 경제 회복을 반영합니다.",1223.7209302325582,1150.2976744186049,983.0558139534885,726.0744186046508,2480,3508
train,report,/workspace/data/train/json/MI3_240819_TY1_0056_5.json,/workspace/data/train/jpg/MI2_240819_TY1_0056_5.jpg,MI3_240819_TY1_0056_5,MI3_240819_TY1_0056_5_V01_1,V01,표,<표 7> 고용 관련 지표에 대해 알려주세요,"<표 7>는 고용 관련 지표에 대한 정보를 제공합니다. 이 표의 범례는 취업자 수, 고용률, 실업자 수 및 실업률을 포함합니다. 표를 기반으로 보면, 최근 몇 년간의 취업자 수는 변동성이 있으며, 특히 2020년과 2021년 사이에 큰 감소가 있었음을 알 수 있습니다.",252.90232558139533,391.5906976744186,1015.6883720930233,1040.1627906976744,2480,3508
train,report,/workspace/data/train/json/MI3_240819_TY1_0056_5.json,/workspace/data/train/jpg/MI2_240819_TY1_0056_5.jpg,MI3_240819_TY1_0056_5,MI3_240819_TY1_0056_5_V02-1_1,V02-1,차트(세로 막대형),<그림 5> 산업별 취업자수 증감에 대해 알려주세요,"<그림 5>는 산업별 취업자 수의 증감을 나타내고 있습니다. 이 차트의 범례는 전체, 농림어업, 제조업, 건설업 및 서비스업을 포함합니다. 데이터에 따르면 서비스업에서의 취업자는 증가세를 보인 반면, 제조업에서는 감소세로 전환된 것을 확인할 수 있습니다.",1321.6186046511582,411.9860465116272,999.3720930232527,772.4050475381355,2480,3508
train,report,/workspace/data/train/json/MI3_240819_TY1_0056_5.json,/workspace/data/train/jpg/MI2_240819_TY1_0056_5.jpg,MI3_240819_TY1_0056_5,MI3_240819_TY1_0056_5_V01_2,V01,표,<표 8> 산업별 취업자수 증감에 대해 알려주세요,"<표 8>은 산업별 취업자 수의 연도별 변화 추이를 보여줍니다. 이 표의 범례에는 각 산업군(농림어업, 제조업 등)의 연도별 변화량이 포함되어 있습니다. 분석 결과 일부 산업군에서는 증가가 있었지만 전체적으로 서비스 업종 외에는 대부분 감소세를 나타냈습니다.",1309.3814350702035,1460.3069773231775,985.308353345495,990.513692808939,2480,3508
train,report,/workspace/data/train/json/MI3_240819_TY1_0056_6.json,/workspace/data/train/jpg/MI2_240819_TY1_0056_6.jpg,MI3_240819_TY1_0056_6,MI3_240819_TY1_0056_6_V01_1,V01,표,조사통계월보 제75권 제9호 (2021.9) 본문 표에 대해 알려주세요,"이 표는 전년 동기 대비 다양한 임금 지표를 나타내고 있습니다. 표의 범례에는 각 연도별 산업 전체 및 상용직, 임시·일용직의 임금과 그 변동률이 포함되어 있습니다. 이를 통해 최근 몇 년간의 임금 상승 추세와 상용직 임금의 상승폭 확대 등을 알 수 있습니다.",171.32093023255814,1015.6883720930232,1011.6093023255816,1166.613953488372,2480,3508
train,report,/workspace/data/train/json/MI3_240819_TY1_0056_6.json,/workspace/data/train/jpg/MI2_240819_TY1_0056_6.jpg,MI3_240819_TY1_0056_6,MI3_240819_TY1_0056_6_V02-4_1,V02-4,차트(꺾은선형),조사통계월보 제75권 제9호 (2021.9) 경기종합지수 차트에 대해 알려주세요,"이 차트는 경기종합지수와 선행지수를 시각적으로 표현한 것입니다. 차트의 범례는 두 지수의 순환변동치를 보여주며, 시간 경과에 따른 변화 양상을 설명합니다. 최근 데이터에 따르면 경기동행지수와 선행지수가 어떻게 변화했는지를 확인할 수 있으며, 이는 경제 상황을 평가하는 데 중요한 정보를 제공합니다.",1199.246511627907,1231.879069767442,1048.3209302325579,807.6558139534884,2480,3508
train,report,/workspace/data/train/json/MI3_240819_TY1_0056_7.json,/workspace/data/train/jpg/MI2_240819_TY1_0056_7.jpg,MI3_240819_TY1_0056_7,MI3_240819_TY1_0056_7_V02-4_1,V02-4,차트(꺾은선형),소비자물가에 대한 꺾은선형 차트 타입에 대해 알려주세요,"소비자물가 상승률 추이에 대한 꺾은선형 차트는 시계열 데이터를 기반으로 물가의 변화를 보여줍니다. 이 차트의 범례에는 전년 동월 대비 변화율이 포함되어 있습니다. 최근 몇 년간 소비자물가는 꾸준히 2% 이상의 상승세를 기록하고 있으며, 특히 농산물과 석유류 가격이 큰 영향을 미치고 있음을 알 수 있습니다.",261.0604651162791,1142.139534883721,1011.6093023255813,897.3953488372093,2480,3508
train,report,/workspace/data/train/json/MI3_240819_TY1_0056_7.json,/workspace/data/train/jpg/MI2_240819_TY1_0056_7.jpg,MI3_240819_TY1_0056_7,MI3_240819_TY1_0056_7_V01_1,V01,표,물가에 대한 표와 관련된 차트 타입에 대해 알려주세요,"소비자물가 상승률에 대한 표는 다양한 품목의 가격 변동을 시각적으로 나타냅니다. 표의 범례에는 연도별 소비자물가, 농축수산물, 공업제품 등의 데이터가 포함되어 있습니다. 분석 결과, 전반적인 소비자물가는 지속적인 상승세를 보이고 있으며, 특히 농축수산물과 개인 서비스 분야에서 뚜렷한 증가 추세를 확인할 수 있습니다.",1309.3813953488373,917.7906976744187,1007.5302325581397,1154.3767441860462,2480,3508
train,report,/workspace/data/train/json/MI3_240819_TY1_0056_8.json,/workspace/data/train/jpg/MI2_240819_TY1_0056_8.jpg,MI3_240819_TY1_0056_8,MI3_240819_TY1_0056_8_V02-8_1,V02-8,차트(혼합형),조사통계월보 제75권 제9호 (2021.9) 매매거래량 혼합형에 대해 알려주세요,"매매거래량을 나타내는 혼합형 차트는 수도권과 비수도권의 거래량 변화를 비교하여 보여줍니다. 이 차트의 범례에는 매매거래량과 각 지역별 데이터가 포함되어 있습니다. 분석 결과, 수도권의 거래량이 증가하고 있는 반면 비수도권에서는 상대적으로 안정세를 유지하는 경향이 관찰됩니다.",199.8744186046512,1497.0186046511628,974.8976744186045,799.4976744186048,2480,3508
train,report,/workspace/data/train/json/MI3_240819_TY1_0056_8.json,/workspace/data/train/jpg/MI2_240819_TY1_0056_8.jpg,MI3_240819_TY1_0056_8,MI3_240819_TY1_0056_8_V02-4_1,V02-4,차트(꺾은선형),조사통계월보 제75권 제9호 (2021.9) 주택매수 심리지수 꺾은선형에 대해 알려주세요,"주택매수 심리지수를 나타내는 꺾은선형은 주택가격 전반에 대한 소비자들의 전망을 보여줍니다. 이 꺾은선형의 범례에는 기준치와 함께 다양한 시점에서의 지수가 포함되어 있습니다. 최근 데이터에 따르면 주택가격전망CSI와 KB매매가격전망지수 모두 상승세를 보이며, 이는 향후 주택시장에서 긍정적인 신호로 해석될 수 있습니다.",1219.641860465116,411.9860465116279,1023.846511627907,750.5488372093022,2480,3508
train,report,/workspace/data/train/json/MI3_240819_TY1_0056_8.json,/workspace/data/train/jpg/MI2_240819_TY1_0056_8.jpg,MI3_240819_TY1_0056_8,MI3_240819_TY1_0056_8_V02-8_2,V02-8,차트(혼합형),조사통계월보 제75권 제9호 (2021.9) 전월세거래량 혼합형에 대해 알려주세요,"전월세거래량을 나타내는 혼합형 차트는 전국적으로 전세와 월세 거래의 변동을 시각화합니다. 이 차트의 범례에는 전세 및 월세 거래량 데이터가 포함되어 있으며, 수도권과 비수도권 간의 차이를 드러냅니다. 최근 통계에 따르면 수도권에서 전세거래가 증가하고 있는 반면 비수도권에서는 큰 변화가 없는 모습을 보이고 있습니다.",1244.1162790697674,2129.274418604651,974.8976744186045,811.73488372093,2480,3508
train,report,/workspace/data/train/json/MI3_240819_TY1_0056_9.json,/workspace/data/train/jpg/MI2_240819_TY1_0056_9.jpg,MI3_240819_TY1_0056_9,MI3_240819_TY1_0056_9_V02-4_1,V02-4,차트(꺾은선형),전세수급동향지수 꺾은선형에 대해 알려주세요,"전세수급동향지수 꺾은선형은 주택 시장의 전세 수요와 공급 변화를 시각적으로 나타냅니다. 이 꺾은선형의 범례는 다양한 지역별 또는 기간별 전세가격 지수를 포함하여 비교할 수 있게 도와줍니다. 최근 자료에 따르면, 수도권과 지방광역시의 전세 가격이 기준치 대비 상승하는 경향을 보이며, 이는 주택 시장에서의 수요 증가를 반영하고 있습니다.",265.1395348837209,407.906976744186,991.2139534883719,775.0232558139535,2480,3508
train,report,/workspace/data/train/json/MI3_240819_TY1_0056_9.json,/workspace/data/train/jpg/MI2_240819_TY1_0056_9.jpg,MI3_240819_TY1_0056_9,MI3_240819_TY1_0056_9_V02-4_2,V02-4,차트(꺾은선형),총수출 꺾은선형에 대해 알려주세요,"총수출 꺾은선형은 일정 기간 동안의 수출량 변화를 시각적으로 표현합니다. 이 꺾은선형에는 일평균 수출량 및 총수출량이 포함되어, 이를 통해 수출 추세를 한눈에 파악할 수 있습니다. 데이터에 따르면 최근 몇 년간 전체적인 수출 증가가 나타나며, 특히 특정 품목에서 두드러진 성장을 보이고 있습니다.",1305.3023255813953,1590.8372093023254,978.9767441860464,762.7860465116281,2480,3508
train,report,/workspace/data/train/json/MI3_240819_TY1_0057_1.json,/workspace/data/train/jpg/MI2_240819_TY1_0057_1.jpg,MI3_240819_TY1_0057_1,MI3_240819_TY1_0057_1_V01_1,V01,표,최근의 경제동향 소비 관련 지표 표에 대해 알려주세요,"소비 관련 지표 표는 다양한 소비 지표들의 변화를 정리하여 보여줍니다. 이 표에는 소매 판매액, 내구재, 비내구재 등의 세부 항목이 포함되어 있습니다. 분석 결과, 최근 소매판매는 감소세를 보였으나 특정 항목에서는 여전히 긍정적인 흐름을 유지하고 있음을 알 수 있습니다.",261.0604651162791,1660.181395348837,995.2930232558139,632.2558139534882,2480,3508
train,report,/workspace/data/train/json/MI3_240819_TY1_0057_1.json,/workspace/data/train/jpg/MI2_240819_TY1_0057_1.jpg,MI3_240819_TY1_0057_1,MI3_240819_TY1_005