query_id,query_text,pred_x,pred_y,pred_w,pred_h
MI3_240819_TY1_0011_1_V02-8_1,Ⅲ. 거시경제 전망 소비심리 및 구성항목 기여도 혼합형에 대해 알려주세요,359.4393310546875,1833.7464599609375,870.7385665670533,643.9971072813187
MI3_240819_TY1_0011_2_V02-4_1,금융기관의 대출태도 변화에 대한 꺾은선형 차트에 대해 알려주세요,1306.857666015625,1349.6705322265625,861.5126460652523,681.6520331407846
MI3_240819_TY1_0011_3_V02-4_2,반도체 장비 수입액과 가격의 변화를 나타내는 꺾은선형 차트에 대해 알려주세요,356.6122131347656,2363.226806640625,877.5153234263541,736.7908186540614
MI3_240819_TY1_0011_4_V02-2_1,T01 T02 T03 가로 막대형에 대해 알려주세요,360.7544250488281,1331.7513427734375,888.2943424411657,682.8754552434585
MI3_240819_TY1_0011_5_V02-8_2,지식재산생산물투자 공공 SW투자 예산에 대해 알려주세요,1306.5771484375,1323.738525390625,862.849746689893,634.817539868504
MI3_240819_TY1_0011_6_V02-1_1,T01 T02 T03 차트(세로 막대형)에 대해 알려주세요,355.5163269042969,1558.231689453125,887.5662822639634,691.394539899513
MI3_240819_TY1_0011_7_V02-8_1,호텔 등록현황 및 객실이용률에 대해 알려주세요,361.5701904296875,1616.0389404296875,852.1469614236399,682.8632540435189
MI3_240819_TY1_0011_8_V02-4_1,상품수출에 대한 세계교역신장률 꺾은선형 차트에 대해 알려주세요,364.58489990234375,1509.853759765625,883.8164924931858,671.3735226708798
MI3_240819_TY1_0011_9_V02-8_2,T01 T02 T03 혼합형에 대해 알려주세요,363.2421875,2222.201904296875,872.1153822747643,751.6751607461647
MI3_240819_TY1_0013_1_V02-4_2,미국 10년 만기 국채수익률 및 달러화지수에 대해 알려주세요,397.37249755859375,513.4826049804688,804.6478929255039,658.0903104804229
MI3_240819_TY1_0013_2_V02-8_2,T01 T02 T03 혼합형에 대해 알려주세요,1310.7672119140625,1312.2021484375,851.8222366670067,680.5962310162805
MI3_240819_TY1_0013_3_V02-8_2,T01 T02 T03 혼합형에 대해 알려주세요,382.615966796875,1972.0628662109375,834.8948584995032,740.0904870044483
MI3_240819_TY1_0013_4_V02-8_1,최근 고용 총 취업자수 혼합형 차트에 대해 알려주세요,379.38470458984375,2144.376220703125,837.9370755544614,640.366725584218
MI3_240819_TY1_0013_5_V02-8_2,아파트 전월세 거래량(전월대비) 그래프에 대해 알려주세요,378.3775634765625,1567.346923828125,843.8321398117607,639.1884998180203
MI3_240819_TY1_0013_6_V02-8_1,근원인플레이션 차트(혼합형)에 대해 알려주세요,380.1387634277344,1948.3345947265625,832.7462252081616,667.9361853309579
MI3_240819_TY1_0013_7_V01_1,Ⅱ. 국내외 경제여건 전망 본문 표에 대해 알려주세요,362.7752380371094,1715.108154296875,869.2401816336849,678.426332275757
MI3_240819_TY1_0013_8_V02-1_1,전망시점에 대한 차트(세로 막대형)에 대해 알려주세요,1322.6922607421875,530.2075805664062,836.8634845992901,568.225463317236
MI3_240819_TY1_0013_9_V02-4_2,유로지역 경제성장률 전망 차트(꺾은선형)에 대해 알려주세요,1314.5841064453125,1056.0933837890625,835.4714612521407,630.533892379885
MI3_240819_TY1_0031_1_V02-4_1,최근의 경제동향에서 소비자심리지수 꺾은선형에 대해 알려주세요,1280.7864990234375,1082.5223388671875,946.2892838229168,744.7535321207163
MI3_240819_TY1_0031_2_V02-8_1,설비투자 관련 지표와 기계류 투자지수 및 기계류와 정밀기기 수입액 혼합형에 대해 알려주세요,309.9491271972656,1753.23583984375,981.172722353281,757.7214076668564
MI3_240819_TY1_0031_3_V01_2,산업 활동 제조업 생산 및 평균가동률 차트(세로 막대형)에 대해 알려주세요,324.0119323730469,965.7254028320312,993.3345294082557,714.7471143031464
MI3_240819_TY1_0031_4_V01_1,서비스업 생산에 대해 알려주세요,234.41835021972656,848.4510498046875,1017.4317217041112,1465.7230515480076
MI3_240819_TY1_0031_5_V01_1,<표 7> 고용 관련 지표 차트(세로 막대형)에 대해 알려주세요,280.2608947753906,417.9234313964844,1006.6690612111988,1127.0007147338822
MI3_240819_TY1_0031_6_V01_1,월평균 명목임금 표에 대해 알려주세요,234.89114379882812,751.8385009765625,993.7818238885822,1260.4092420815982
MI3_240819_TY1_0031_7_V02-4_1,소비자물가 상승률 추이에 대해 알려주세요,335.0611267089844,1107.19384765625,970.123598026514,780.2773714144565
MI3_240819_TY1_0031_8_V02-8_2,<그림 8> 아파트 매매가격 및 거래량 차트(혼합형)에 대해 알려주세요,1256.2130126953125,2289.967041015625,965.7512331653136,756.1639776950511
MI3_240819_TY1_0031_9_V02-4_1,최근 경제 동향과 관련하여 총수출 및 일평균 수출에 대한 꺾은선형 차트에 대해 알려주세요,338.296630859375,505.52301025390625,956.8768169246297,754.0152412071395
MI3_240819_TY1_0035_1_V01_1,현용 화폐에 대한 권종과 특징을 설명하는 표에 대해 알려주세요.,338.94091796875,2002.7373046875,1878.284556718977,1100.2283631302323
MI3_240819_TY1_0035_2_V01_1,현용 화폐 및 그 밖의 현용은행권에 대해 알려주세요,309.9527282714844,592.4508056640625,1909.9179749683199,2381.227735050119
MI3_240819_TY1_0035_3_V01_1,발행정보에 대해 알려주세요,315.05401611328125,432.08013916015625,1939.533992155468,2593.7830098200093
MI3_240819_TY1_0035_4_V01_2,현용 화폐 그 밖의 현용주화 차트(가로 막대형)에 대해 알려주세요,359.8649597167969,646.4304809570312,1878.786984364793,745.763001535629
MI3_240819_TY1_0035_5_V01_1,현용 화폐 기념화폐 발행 현황에 대해 알려주세요,347.5373840332031,1214.7760009765625,1852.1220732834981,1851.3569972957464
MI3_240819_TY1_0035_9_V02-4_2,주요 발권정책 추진사업 연도별 5만원권 누적 발행 및 환수 추이에 대해 알려주세요.,401.87060546875,2372.152099609375,1755.3017452193844,600.4790658924918
MI3_240819_TY1_0044_1_V02-4_1,최근의 경제동향에 대한 꺾은선형 차트에 대해 알려주세요.,1276.5787353515625,964.4189453125,955.0677908020897,751.3455299340741
MI3_240819_TY1_0044_2_V01_1,최근 경제동향과 설비투자 관련 지표 차트에 대해 알려주세요.,288.78790283203125,452.7469177246094,987.4114668968382,822.4643532350143
MI3_240819_TY1_0044_3_V01_2,산업 활동 <표 4> 전산업 생산에 대해 알려주세요,324.0524597167969,984.793212890625,988.5610968444469,718.4709817643848
MI3_240819_TY1_0044_4_V01_1,서비스업 생산 표에 대해 알려주세요,235.9802703857422,813.5457153320312,1012.8985384070139,1527.5348115459087
MI3_240819_TY1_0044_5_V01_2,산업별 취업자수 증감 표에 대해 알려주세요,278.6966247558594,416.93182373046875,1011.6798994144476,1135.7657378530525
MI3_240819_TY1_0044_6_V02-4_1,경기종합지수 꺾은선형에 대해 알려주세요,1281.9130859375,1302.8206787109375,929.3965888906632,749.2344023709894
MI3_240819_TY1_0044_7_V01_1,소비자물가 상승률에 대해 알려주세요,1292.476318359375,843.7142944335938,974.302684527765,1220.9828083982313
MI3_240819_TY1_0044_8_V02-8_1,아파트 매매가격 및 거래량에 대한 혼합형 차트에 대해 알려주세요.,317.334716796875,1558.4163818359375,984.3063670955892,751.8520066099492
MI3_240819_TY1_0044_9_V02-4_2,부동산가격 상승률에 대해 알려주세요,1266.7242431640625,1745.350830078125,960.1295717258928,713.4629656619086
MI3_240819_TY1_0052_1_V02-4_1,최근의 경제동향 차트(꺾은선형)에 대해 알려주세요,1269.4144287109375,1262.0894775390625,962.0147756913191,746.0947460709596
MI3_240819_TY1_0052_2_V02-8_1,조사통계월보 제75권 제5호에 담긴 기계류 투자지수와 기계류 및 정밀기기 수입액 혼합형 차트에 대해 알려주세요,1257.20068359375,1988.7581787109375,962.9608034936966,748.7861511605764
MI3_240819_TY1_0052_3_V01_2,산업 활동 제조업 생산 및 평균가동률 차트에 대해 알려주세요,327.0300598144531,981.2333374023438,979.4669848009513,677.3961656109925
MI3_240819_TY1_0052_4_V01_1,조사통계월보 제75권 제5호 (2021.5) 표에 대해 알려주세요.,236.01388549804688,880.9873046875,997.5762843773887,1479.878294648096
MI3_240819_TY1_0052_5_V01_1,<표 7> 고용 관련 지표에 대해 알려주세요,299.082763671875,420.5020446777344,995.8834652156766,990.3305030248544
MI3_240819_TY1_0052_6_V01_1,월평균 명목임금 표에 대해 알려주세요,240.3667449951172,1058.411376953125,998.1884084400374,1166.4581076654242
MI3_240819_TY1_0052_7_V02-4_1,물가에 대한 소비자물가 상승률 꺾은선형 차트에 대해 알려주세요,333.4103698730469,1152.658203125,973.5460101139031,848.633484617283
MI3_240819_TY1_0052_8_V02-4_1,조사통계월보 제75권 제5호 (2021.5) 주택매수 심리지수 꺾은선형에 대해 알려주세요,1273.0804443359375,504.310302734375,972.2442949130443,726.9813047642907
MI3_240819_TY1_0052_9_V02-4_1,대외 거래에 대한 자료를 포함한 꺾은선형에 대해 알려주세요,330.0401916503906,501.24664306640625,979.7134568800242,754.9981391301213
MI3_240819_TY1_0061_1_V02-4_1,최근의 경제동향 차트(꺾은선형)에 대해 알려주세요,1268.3511962890625,1152.9783935546875,967.0878308358932,781.4291642499804
MI3_240819_TY1_0061_2_V01_2,조사통계월보 제76권 제1호의 건설기성액 차트에 대해 알려주세요,288.83941650390625,468.2872619628906,985.0864095756333,750.871954542923
MI3_240819_TY1_0061_3_V01_2,산업 활동 <표 5> 제조업 생산 및 평균가동률에 대해 알려주세요.,1281.28515625,395.11767578125,960.1466643794412,1130.5361757421053
MI3_240819_TY1_0061_4_V02-8_1,조사통계월보 제76권 제1호에 포함된 취업자수 변화에 대해 알려주세요,1270.33056640625,1136.2132568359375,967.8331531530313,700.2628409454582
MI3_240819_TY1_0061_5_V02-1_1,산업별 취업자수 증감 차트(세로 막대형)에 대해 알려주세요,1276.5223388671875,490.4750671386719,962.4199770724924,758.2983794247847
MI3_240819_TY1_0061_6_V02-4_1,조사통계월보 제76권 제1호에서 경기종합지수 꺾은선형 차트에 대해 알려주세요,1266.2303466796875,1264.6563720703125,968.3729732466252,782.0001206619588
MI3_240819_TY1_0061_7_V02-4_1,물가에 대한 꺾은선형 차트에 대해 알려주세요,327.07861328125,1151.68603515625,993.2722325671161,849.8369742948985
MI3_240819_TY1_0061_8_V02-8_1,조사통계월보 제76권 제1호 (2022. 1) 매매거래량 혼합형에 대해 알려주세요,1256.1417236328125,2193.6220703125,964.0048371142997,774.9510438939496
MI3_240819_TY1_0061_9_V02-4_1,대외 거래와 관련된 수출에 대한 꺾은선형 차트에 대해 알려주세요,329.7187194824219,500.8929748535156,981.9488203449188,758.1155660172747
MI3_240819_TY1_0093_1_V02-4_1,인천지역 주요 업종별 제조업 생산 증가율 및 차트(꺾은선형)에 대해 알려주세요,333.49969482421875,2490.4208984375,1825.2549755318921,650.6342896589186
MI3_240819_TY1_0093_2_V02-8_1,건축착공면적 증가율 차트에 대해 알려주세요,1288.525146484375,1185.4605712890625,920.384814047191,675.0020323012018
MI3_240819_TY1_0093_3_V01_1,대외거래 인천지역 수출 관련 표에 대해 알려주세요,324.42266845703125,2007.421875,1899.6069282286942,1159.5097947921283
MI3_240819_TY1_0093_4_V01_1,표에 대해 알려주세요,325.9800109863281,1664.489990234375,1901.2798915917663,1498.8670972244738
MI3_240819_TY1_0093_5_V02-4_1,인천지역의 취업자수 차트(꺾은선형)에 대해 알려주세요,350.9721984863281,1648.843017578125,915.1485125589994,651.646847210716
MI3_240819_TY1_0093_6_V02-8_1,부동산 가격 동향에 대한 혼합형 차트에 대해 알려주세요,1290.2432861328125,1027.1513671875,923.5060400118409,681.8039503129918
MI3_240819_TY1_0093_7_V02-8_2,0.6 혼합형에 대해 알려주세요,328.59136962890625,2489.457275390625,887.690658538744,627.7668570425581
MI3_240819_TY1_0093_8_V02-8_2,1.5 차트(혼합형)에 대해 알려주세요,342.86126708984375,2305.175537109375,912.9609175683671,646.8420750456576
MI3_240819_TY1_0142_1_V02-4_1,제조업 업황BSI 꺾은선형에 대해 알려주세요,446.8251037597656,2404.61083984375,1666.3130152680772,685.2434933566705
MI3_240819_TY1_0142_2_V02-8_1,울산지역 수요 지표와 대형소매점 판매지수에 대해 알려주세요,413.2701416015625,687.901611328125,1758.0271954367918,686.6883841479241
MI3_240819_TY1_0142_3_V02-4_1,소비자물가 등락률 전년동월대비등락률 꺾은선형에 대해 알려주세요,413.2021484375,687.365966796875,1757.7111584611328,692.4903358476238
MI3_240819_TY1_0142_4_V02-8_1,울산지역 수출에 대한 차트(혼합형)에 대해 알려주세요,401.39215087890625,1725.5859375,1761.6766367428122,740.1875962015127
MI3_240819_TY1_0142_5_V02-8_1,제목에 대한 정보와 소제목의 내용을 바탕으로 혼합형 차트에 대해 알려주세요,454.50653076171875,691.5880737304688,1668.8773458684375,1019.93916654673
MI3_240819_TY1_0142_6_V02-3_1,제목에 해당하는 문서에서 금융기관별 여신잔액 비중 차트에 대해 알려주세요.,436.0262756347656,668.6666870117188,1704.7702004551224,1056.3243688583627
MI3_240819_TY1_0144_1_V02-8_2,제조업 생산지수 혼합형에 대해 알려주세요,395.284912109375,1667.5360107421875,1769.3569589005344,689.4319976126421
MI3_240819_TY1_0144_2_V02-8_3,건축허가면적 혼합형에 대해 알려주세요,407.609130859375,2396.51318359375,1748.9349238534985,684.3660499006401
MI3_240819_TY1_0144_3_V02-8_1,울산지역 고용 및 물가 취업자증감 및 실업률 혼합형에 대해 알려주세요,412.6595458984375,687.4039306640625,1758.9297485613451,692.6419677070257
MI3_240819_TY1_0144_4_V02-8_1,T01 T02 T03 혼합형에 대해 알려주세요,403.3638610839844,715.1273803710938,1769.342716710122,737.1818694944427
MI3_240819_TY1_0144_5_V02-3_1,금융기관별 수신잔액 비중 원형에 대해 알려주세요,542.783935546875,1984.7501220703125,1275.7691699301854,1033.145815837112
MI3_240819_TY1_0144_6_V02-3_1,금융기관별 여신잔액 비중 원형에 대해 알려주세요,499.53057861328125,1987.9619140625,1301.6413669449971,1030.1302840988872
MI3_240819_TY1_0160_1_V02-1_1,제1장 대내외 여건 변화와 잠재리스크 점검 I 검토 배경 혼합형에 대해 알려주세요,367.1101379394531,2425.367431640625,834.8741720507953,650.0374134330661
MI3_240819_TY1_0160_2_V02-4_3,충남지역 소득 및 소비 비율 변화에 대해 알려주세요,362.7525634765625,2468.7666015625,835.2979729751133,622.9157886578801
MI3_240819_TY1_0160_3_V02-4_1,충남지역 평균소비성향 꺾은선형에 대해 알려주세요,1344.8134765625,2461.390625,778.8369332013938,611.0532723367
MI3_240819_TY1_0160_4_V02-8_3,제1장 대내외 여건 변화와 잠재리스크 점검의 (조원) (%) 140 24 은행(좌측) 비은행(좌측) 차트(혼합형)에 대해 알려주세요,1289.946044921875,2349.193115234375,892.5336010558258,708.1577631878132
MI3_240819_TY1_0160_5_V02-1_2,대전충남지역의 가계 및 자영업자 부채 현황 및 차트(세로 막대형)에 대해 알려주세요,352.9634704589844,510.9826354980469,896.8880767672663,664.4744649488272
MI3_240819_TY1_0160_6_V02-4_1,제1장 대내외 여건 변화와 잠재리스크 점검 차트(꺾은선형)에 대해 알려주세요,1297.457763671875,508.52099609375,899.5168563611873,690.511889503736
MI3_240819_TY1_0160_7_V02-1_2,제1장 대내외 여건 변화와 잠재리스크 차트(세로 막대형)에 대해 알려주세요,386.26409912109375,2103.9970703125,1799.5309590927989,746.2134098013653
MI3_240819_TY1_0160_8_V02-1_4,제1장 대내외 여건 변화와 잠재리스크 점검 2. 근로복지 [그림 20] 저임금 비중이 높은 산업 차트(세로 막대형)에 대해 알려주세요,1305.7227783203125,1079.823486328125,878.0267501238701,682.2869111686919
MI3_240819_TY1_0162_1_V02-4_2,한국은행 경기본부 자자 전세 보증금부 월세 -----월세+사글세에 대해 알려주세요,1308.8104248046875,2282.036376953125,830.2300480903143,644.1465965913509
MI3_240819_TY1_0162_2_V02-4_2,경기도 전월세시장 현황 및 세입자 주거안정 방안 꺾은선형 차트에 대해 알려주세요,569.8892822265625,2221.557861328125,1400.579461421742,703.3699371754583
MI3_240819_TY1_0162_3_V02-4_4,<표 9> 지역별 전세가격 비율에 대한 단위근 검정 결과에 대해 알려주세요,378.6185302734375,626.8419799804688,822.629944653618,589.898591419913
MI3_240819_TY1_0178_1_V02-8_2,제조업 업황BSI 혼합형에 대해 알려주세요,416.313232421875,1569.413330078125,1729.2176832433702,654.6646543519657
MI3_240819_TY1_0178_2_V02-8_1,(울산지역 소비 및 투자 지표) 대형소매점 판매지수 혼합형에 대해 알려주세요,430.243408203125,710.1146850585938,1722.8368948767854,637.4828022213604
MI3_240819_TY1_0178_3_V02-4_1,울산지역 고용 및 물가 소비자물가 등락률 꺾은선형에 대해 알려주세요,403.491455078125,1484.78857421875,1754.9449868971885,682.9698461697958
MI3_240819_TY1_0178_4_V02-8_2,울산지역 수출입에 대한 차트(혼합형)에 대해 알려주세요,427.42462158203125,728.0511474609375,1720.7855954082659,692.863049588277
MI3_240819_TY1_0178_5_V02-8_2,금융동향 총여신 잔액 및 증감률 혼합형에 대해 알려주세요,1288.9127197265625,1172.33984375,922.123143736308,615.6075483940035
MI3_240819_TY1_0181_1_V02-8_2,시설기계류 수입액 혼합형에 대해 알려주세요,419.7775573730469,1540.3157958984375,1726.2332975285412,634.8520267356947
MI3_240819_TY1_0181_2_V02-4_1,소비자물가 등락률 소비자물가 등락률 꺾은선형에 대해 알려주세요,420.2035217285156,2312.385009765625,1719.3166252044093,764.1191126615034
MI3_240819_TY1_0181_3_V02-8_2,울산지역 수입에 대한 차트(혼합형)에 대해 알려주세요,429.2920837402344,730.5545043945312,1717.207193992419,687.958056198404
MI3_240819_TY1_0181_4_V02-8_1,총수신 잔액 및 증감률 혼합형에 대해 알려주세요,336.103515625,1058.810791015625,936.6699861566588,622.3842545814427
MI3_240819_TY1_0181_5_V02-1_1,2017.4 월 울산지역 가계대출 동향 세로 막대형 차트에 대해 알려주세요,1269.7022705078125,2274.76171875,912.4891575851705,659.781475968709
MI3_240819_TY1_0192_1_V02-8_1,제목에 대한 제조업 생산지수 혼합형에 대해 알려주세요,458.08355712890625,698.2913208007812,1663.2429494898986,633.2053553493749
MI3_240819_TY1_0192_2_V02-8_1,울산지역 소비 및 투자 지표 차트(혼합형)에 대해 알려주세요,443.19207763671875,709.0313110351562,1697.4564514256558,654.9725731718016
MI3_240819_TY1_0192_3_V02-8_2,울산지역 수출입에 대한 차트(혼합형)에 대해 알려주세요,434.2315979003906,1662.886962890625,1689.1837094699079,646.3904093664496
MI3_240819_TY1_0192_4_V02-4_2,주택매매가격 및 전세가격 등락률 전월대비 주택매매가격등락률 꺾은선형에 대해 알려주세요,438.09539794921875,2356.453857421875,1680.4690475824393,659.4281559736228
MI3_240819_TY1_0192_5_V02-4_1,총수신 잔액 및 증감률 꺾은선형 차트에 대해 알려주세요,1301.7222900390625,2470.61376953125,862.7972989775492,595.4885382605511
MI3_240819_TY1_0201_1_V02-8_3,건축착공면적 혼합형에 대해 알려주세요,439.34051513671875,2389.640625,1671.7706606942545,648.1054262276622
MI3_240819_TY1_0201_2_V02-8_2,제목에 대해 알려주세요,441.3055114746094,1725.50830078125,1675.724503442149,693.637031456934
MI3_240819_TY1_0201_3_V02-8_1,울산지역 고용 및 물가 취업자증감 및 실업률 혼합형에 대해 알려주세요,442.9919128417969,688.7247314453125,1692.7225843671702,649.5960520516142
MI3_240819_TY1_0201_4_V02-4_1,총수신 잔액 및 증감률 차트(꺾은선형)에 대해 알려주세요,1281.9527587890625,2344.64697265625,882.4737994303941,665.4294645806522
MI3_240819_TY1_0201_5_V02-1_1,울산지역 가계대출 동향에 대한 차트(세로 막대형)에 대해 알려주세요,383.6515197753906,1072.3350830078125,1790.9042907133266,858.6543788422401
MI3_240819_TY1_0204_1_V02-8_2,울산지역 소비 및 투자 지표와 시설기계류 수입액 혼합형에 대해 알려주세요,450.6900634765625,709.7357177734375,1677.724901432705,648.5600354311614
MI3_240819_TY1_0204_2_V02-8_2,제목에 대해 알려주세요,440.5071105957031,1724.573486328125,1677.5105062652908,694.0725436895286
MI3_240819_TY1_0204_3_V02-4_1,울산지역 고용 및 물가 소비자물가 등락률 꺾은선형에 대해 알려주세요,423.8417053222656,1499.604248046875,1705.0886960951534,698.6804411218195
MI3_240819_TY1_0204_4_V02-4_1,금융동향 총수신잔액 전년동월대비증감률 차트(꺾은선형)에 대해 알려주세요,1277.33251953125,2333.738525390625,893.6793150414527,675.0936017136323
MI3_240819_TY1_0204_5_V02-1_1,울산지역 가계대출 동향 차트(세로 막대형)에 대해 알려주세요,373.8954772949219,1156.973876953125,1813.0861118271598,880.3618797311838
MI3_240819_TY1_0229_2_V02-8_1,부산지역 서비스혁신지수에 대해 알려주세요,548.5872192382812,1355.55224609375,1463.5397551085275,848.0020777497443
MI3_240819_TY1_0253_2_V01_1,LED 시장규모에 대해 알려주세요,390.30377197265625,768.0065307617188,1803.5600136956366,446.9841316818307
MI3_240819_TY1_0253_4_V01_1,세계 LED시장 용도별 동향 및 전망 표에 대해 알려주세요,420.7100524902344,1106.9520263671875,1730.148037000593,829.8443210738866
MI3_240819_TY1_0260_1_V02-1_1,서비스업 발전을 통한 내외수 균형성장에 대해 알려주세요,444.43450927734375,1724.1220703125,1673.458094682836,782.5060764427074
MI3_240819_TY1_0260_2_V02-1_1,BOK 경제연구의 차트(세로 막대형)에 대해 알려주세요,442.5924987792969,1642.47705078125,1683.1174071388357,865.207049877566
MI3_240819_TY1_0260_3_V02-1_2,서비스업 발전을 통한 내외수 균형성장에 대해 알려주세요,364.0865783691406,737.9262084960938,811.5306199482056,498.65661042622594
MI3_240819_TY1_0260_4_V02-6_1,주 : 1) 서비스업 5개 부문에 대한 꺾은선형 차트에 대해 알려주세요,447.91119384765625,663.6210327148438,1683.7983875566995,972.9906632874722
MI3_240819_TY1_0292_1_V02-4_2,제목 소제목 차트(꺾은선형)에 대해 알려주세요,1290.3402099609375,1382.7431640625,917.709849759278,661.9498487752576
MI3_240819_TY1_0292_2_V01_2,조사통계월보 제76권 제5호 (%) 금융위기와 팬데믹 기간중 근로상태 전이행렬에 대해 알려주세요,343.21588134765625,512.6661376953125,1921.7315437245127,555.4259336215828
MI3_240819_TY1_0292_3_V02-1_1,조사통계월보 제76권 제5호 (2022.5) 본문에서 연령더미 계수 추정치 차트(세로 막대형)에 대해 알려주세요,1278.9183349609375,1408.033447265625,931.8214903417064,684.0415856779221
MI3_240819_TY1_0292_4_V01_1,조사통계월보 제76권 제5호 (2022.5) 본문 차트에 대해 알려주세요,340.1899108886719,2302.140625,1886.915088282397,358.68060046849746
MI3_240819_TY1_0297_1_V02-1_2,총자산증가율 차트(세로 막대형)에 대해 알려주세요,351.1445617675781,2393.71875,883.2868953325254,613.4599296014151
MI3_240819_TY1_0297_2_V02-1_2,이자보상비율 차트(세로 막대형)에 대해 알려주세요,353.6035461425781,2094.4443359375,901.7077433914915,618.4352719217754
MI3_240819_TY1_0297_3_V02-1_1,부채비율 차트(세로 막대형)에 대해 알려주세요,359.290771484375,2157.014892578125,893.1039017306855,606.0976157345216
MI3_240819_TY1_0337_2_V01_1,제주지역 고령화가 고용률에 미치는 영향 본문 차트(세로 막대형)에 대해 알려주세요,441.9170227050781,1203.3956298828125,1722.1691185419193,334.01997475861793
MI3_240819_TY1_0337_3_V02-8_1,최근 제주지역 관광객 수 및 서비스업 취업자수 증감의 혼합형 차트에 대해 알려주세요,372.00537109375,1548.2728271484375,857.6996678421,746.1322554149839
MI3_240819_TY1_0337_4_V01_2,Granger 인과관계 검정 결과에 대해 알려주세요,410.1414794921875,974.7861938476562,1776.4701599706616,365.2612455295077
MI3_240819_TY1_0349_1_V01_1,경제전망 및 재정긴축목표 차트(세로 막대형)에 대해 알려주세요,411.8606262207031,2325.569091796875,1738.607392577611,539.1062487874183
MI3_240819_TY1_0349_2_V02-8_1,Ⅱ. 그리스 경제의 최근 동향 및 주요 재정수지적자 비율 차트(혼합형)에 대해 알려주세요,356.39874267578125,1150.450439453125,909.0398105552283,748.6070192730953
MI3_240819_TY1_0349_3_V02-4_1,청년실업률 꺾은선형에 대해 알려주세요,353.9429016113281,1338.1483154296875,906.1209485241657,686.0979222193414
MI3_240819_TY1_0349_4_V02-4_1,운송수지 및 관광객 증가율 꺾은선형에 대해 알려주세요,1314.035400390625,2482.340087890625,826.1862818270524,590.7289155708986
MI3_240819_TY1_0364_4_V02-2_1,자료 및 조사대상 품목 분류에 대해 알려주세요,1339.223388671875,621.4921264648438,768.4655439946818,621.784000338597
MI3_240819_TY1_0377_4_V03_1,CCP 청산 모델에 대해 알려주세요,694.5220336914062,1083.6126708984375,1001.7501444112178,226.5904207638273
MI3_240819_TY1_0405_1_V01_1,"(천GT, %) 한국 일본 중국 기타 계 수주잔량에 대해 알려주세요",435.4212341308594,1941.510009765625,1603.3399838787707,310.5082759638564
MI3_240819_TY1_0405_2_V01_1,선박 해체량 및 건조량 추이에 대해 알려주세요,437.5093078613281,489.71136474609375,1556.8361187481325,350.166322157932
MI3_240819_TY1_0466_1_V02-8_1,정부재정지출 혼합형에 대해 알려주세요,602.8194580078125,649.421630859375,1325.890837405361,965.7621036779857
MI3_240819_TY1_0466_2_V01_1,BOK 경제연구 제2017-29호 모형 시뮬레이션을 위하여 국가별로 캘리브레이션된 모수 차트(세로 막대형)에 대해 알려주세요,436.59246826171875,628.1741943359375,1701.3872542566737,783.9853119845973
MI3_240819_TY1_0466_3_V01_1,에 대한 표의 내용에 대해 알려주세요,422.59649658203125,2532.04443359375,1692.537398668055,359.46432201793806
MI3_240819_TY1_0471_1_V02-4_2,직업훈련이 청년취업률 제고에 미치는 영향에 대해 알려주세요,1325.0731201171875,684.5753173828125,793.4209363719383,651.9036121480641
MI3_240819_TY1_0471_2_V01_1,직업훈련이 청년취업률 제고에 미치는 영향 전체 관측치 평균 표준편차에 대해 알려주세요,363.1537780761719,567.0046997070312,1783.386778575943,2544.414948946548
MI3_240819_TY1_0471_3_V01_1,BOK 경제연구 제2018-6호 평균(Mean) Non-Public Private College Online participation 관측치수(명)에 대해 알려주세요,361.072998046875,567.1445922851562,1786.9604681625992,2550.432679782719
MI3_240819_TY1_0475_1_V02-1_5,"<그림 1> 북한이탈주민, 기존주민 대조군, 전체주민(200만 표본) 차트(세로 막대형)에 대해 알려주세요",441.4521789550781,695.3795776367188,1673.7220521286156,1618.066985198246
MI3_240819_TY1_0475_2_V02-1_1,소득구간별 비중 추이 차트(세로 막대형)에 대해 알려주세요,471.30657958984375,661.9506225585938,1634.2369945479672,744.0296571734893
MI3_240819_TY1_0475_3_V02-4_3,북한이탈주민의 신용행태에 관한 연구와 관련된 차트(꺾은선형)에 대해 알려주세요,439.1432800292969,729.172119140625,1671.0410263940473,1544.3080431900637
MI3_240819_TY1_0496_2_V02-8_1,1차 노동시장 종사자수와 2차 노동시장 비중의 혼합형 차트에 대해 알려주세요,434.644775390625,648.6416015625,1718.2565847506048,671.7004112896941
MI3_240819_TY1_0496_3_V02-3_1,우리나라 고용구조의 특징과 과제 차트(원형)에 대해 알려주세요,454.44085693359375,664.6890258789062,694.6545225507956,559.0686806243754
MI3_240819_TY1_0568_1_V02-4_1,산업구조조정이 고용 및 성장에 미치는 영향 차트(꺾은선형)에 대해 알려주세요,390.55169677734375,619.3900146484375,792.6011877492352,565.59075593527
MI3_240819_TY1_0568_2_V02-1_1,[그림 3-3] 차트(세로 막대형)에 대해 알려주세요,481.0477600097656,634.0161743164062,1630.3393301611745,1105.4050591196988
MI3_240819_TY1_0568_3_V02-1_2,서비스업 산업구조의 변화 차트(세로 막대형)에 대해 알려주세요,480.60723876953125,629.1986083984375,1637.34990470046,1062.1898939799858
MI3_240819_TY1_0568_4_V02-4_1,제목에 따른 산업구조 변화 지수 꺾은선형에 대해 알려주세요,431.70550537109375,630.124267578125,1707.4508661082295,793.883614806706
MI3_240819_TY1_0568_5_V01_1,산업구조조정이 고용 및 성장에 미치는 영향 표에 대해 알려주세요,422.3212890625,1356.3011474609375,1724.2013796309093,1074.1344808147956
MI3_240819_TY1_0568_6_V01_1,산업구조조정이 고용 및 성장에 미치는 영향 통계 결과 표에 대해 알려주세요,429.233154296875,624.576171875,1700.9148027040576,991.3962549872991
MI3_240819_TY1_0568_8_V02-4_5,2 1 2 3 4 5 6 7 8 9 10 11 차트(꺾은선형)에 대해 알려주세요,420.8658752441406,1962.284912109375,1716.89449843074,1130.30417771443
MI3_240819_TY1_0568_9_V01_1,BOK 경제연구 제2020-13호 표에 대해 알려주세요,414.9183654785156,612.4465942382812,1677.5455692475155,226.64315746752644
MI3_240819_TY1_0574_1_V02-4_1,연구배경 및 2000~2017년 중 제조업의 생산성 및 수출 증가율 추이에 대해 알려주세요,462.230224609375,2070.160400390625,1640.5076800556212,898.8175927414625
MI3_240819_TY1_0574_2_V01_1,<표 1> 업종별 기초통계량 2000~2017년 표에 대해 알려주세요,415.28082275390625,640.38232421875,1738.4330002648894,1735.0339210999907
MI3_240819_TY1_0574_3_V01_1,제조업의 수출과 생산성 간 관계 분석: 사업체 자료 이용에 대해 알려주세요,439.947998046875,624.8614501953125,1688.985963523725,871.4086374588383
MI3_240819_TY1_0574_4_V01_1,BOK 경제연구 제2020-19호 본문 차트에 대해 알려주세요,433.79095458984375,2370.89990234375,1700.4043486142848,683.7687008440483
MI3_240819_TY1_0574_5_V01_1,제조업의 수출과 생산성 간 관계 분석: 기본모형 수출과 생산성 간의 상관관계 분석에 대해 알려주세요,426.71441650390625,1615.225341796875,1703.06505856094,604.0590647412007
MI3_240819_TY1_0574_6_V01_1,제조업의 수출과 생산성 간 관계 분석: 사업체 자료 이용에 대해 알려주세요,419.8503723144531,638.8109741210938,1721.646858263729,1560.3571551921407
MI3_240819_TY1_0574_7_V01_1,제조업의 수출과 생산성 간 관계 분석: 사업체 자료 이용에 대해 알려주세요,435.6043701171875,1624.114990234375,1710.0263224526168,1183.932585665952
MI3_240819_TY1_0574_8_V02-6_1,<그림 2> 산출량 변화에 따른 요소별 투입의 차트(분산형)에 대해 알려주세요,618.6727294921875,695.562744140625,1282.1482043917183,704.7313696623436
MI3_240819_TY1_0574_9_V01_1,BOK 경제연구 제2020-19호 (표 9) 요소투입이 비탄력적인 업종의 수출 증가율에 대한 생산성 민감도 추정 차트(세로 막대형)에 대해 알려주세요,437.6834411621094,635.72119140625,1689.5898811884506,899.9339043392188
MI3_240819_TY1_0584_1_V02-8_1,BOK 경제연구 제2021-1호 차트(혼합형)에 대해 알려주세요,443.1064147949219,2374.335205078125,1653.116715812336,725.5919905619305
MI3_240819_TY1_0584_3_V01_1,결혼 전체 취업비자 유학생 정주비자 기타 이민자에 대한 차트에 대해 알려주세요,414.2456359863281,628.0817260742188,1729.1019918103414,1465.3510902486344
MI3_240819_TY1_0584_4_V01_1,본 연구는 성향점수매칭법을 이용하여 직업훈련이 외국인들의 노동시장에 미치는 효과를 추정한 표의 내용에 대해 알려주세요.,388.5731201171875,1030.29638671875,1756.5618174221722,2112.265604369182
MI3_240819_TY1_0584_5_V02-4_1,제목에 대해 알려주세요,431.8515930175781,1844.7545166015625,1688.0783083730373,1217.9421294619453
MI3_240819_TY1_0584_6_V01_1,매칭 전 매칭 후 참여자 미참여자 차이 시각요소 타입에 대해 알려주세요,439.86676025390625,974.3480834960938,1704.138787948369,1435.7438524001957
MI3_240819_TY1_0584_7_V01_1,BOK 경제연구 제2021-1호의 직업훈련 성과 분석결과 표에 대해 알려주세요,432.46844482421875,634.4517211914062,1707.3295149352543,848.8286128158193
MI3_240819_TY1_0584_8_V01_1,결혼 전체 취업비자 학생비자 정주비자 기타 이민자에 대한 임금 분석 결과와 관련된 표에 대해 알려주세요.,412.0788879394531,2147.59130859375,1723.6970013859532,799.667219740612
MI3_240819_TY1_0584_9_V01_1,BOK 경제연구 제2021-1호 결론 표에 대해 알려주세요,426.0251159667969,635.02294921875,1723.1197286418762,827.2959552365314
MI3_240819_TY1_0590_10_V02-4_1,재원조달 방법을 고려한 재정지출 효과 분석에 대해 알려주세요,568.698974609375,623.1470336914062,1417.794362865032,847.9057149059778
MI3_240819_TY1_0590_2_V02-4_1,제목에 대한 내용을 바탕으로 재정지출의 효과를 보여주는 꺾은선형 차트에 대해 알려주세요,594.492431640625,695.9398193359375,1354.1603535384857,706.7518789030127
MI3_240819_TY1_0590_3_V02-4_1,재원조달 방법을 고려한 재정지출 효과 분석의 꺾은선형에 대해 알려주세요,513.9465942382812,628.7059936523438,1559.2663899189718,926.3670621581706
MI3_240819_TY1_0590_4_V02-4_1,재원조달 방법을 고려한 재정지출 효과 분석 차트(꺾은선형)에 대해 알려주세요,578.6195678710938,2223.331298828125,1391.7425387076435,763.6883065707302
MI3_240819_TY1_0590_5_V02-4_2,<표 17> 시점별 재정지출승수 산출 결과에 대해 알려주세요,578.4747924804688,1577.5489501953125,1389.025095482613,766.6929139355651
MI3_240819_TY1_0590_6_V01_1,증세 시차 변경에 따른 재정지출 승수 표에 대해 알려주세요,425.6698913574219,1514.24365234375,1719.1657271194995,560.1085851202935
MI3_240819_TY1_0590_7_V02-4_1,재정지출 효과 분석 차트(꺾은선형)에 대해 알려주세요,519.6184692382812,595.3739013671875,1537.8260385282138,842.6831886530791
MI3_240819_TY1_0590_8_V02-4_2,G Response of w에 대해 알려주세요,565.2254638671875,635.3216552734375,1443.0158530655092,796.3671707216553
MI3_240819_TY1_0590_9_V02-4_1,제목에 해당하는 내용과 소제목을 통해 정부 지출 반응의 꺾은선형 그래프에 대해 알려주세요,567.6995849609375,1589.9300537109375,1428.7449516197378,845.6843576278336
MI3_240819_TY1_0592_1_V02-4_2,BOK 경제연구 제2021-12호 I 연구배경 차트(꺾은선형)에 대해 알려주세요,433.6274719238281,1873.5433349609375,1694.1864519538885,802.7555784667326
MI3_240819_TY1_0592_4_V01_1,기여도 글로벌 금융위기 수출비중1) 전후 변화2) (A+B) 국제생산구조 변화에 대해 알려주세요,420.30841064453125,1208.0709228515625,1726.61430792873,1192.4771235537924
MI3_240819_TY1_0592_5_V02-1_2,우리 수출의 글로벌 소득탄력성 하락 요인 분석 차트(세로 막대형)에 대해 알려주세요,594.1704711914062,2272.275634765625,1333.449164778591,813.4108046578773
MI3_240819_TY1_0592_6_V02-1_1,우리 수출의 글로벌 소득탄력성 하락 요인 분석 차트(세로 막대형)에 대해 알려주세요,1316.556884765625,1701.100830078125,833.9165635346197,805.0086644702999
MI3_240819_TY1_0592_7_V02-1_1,글로벌 최종수요 내 국가별 비중 변화 차트(세로 막대형)에 대해 알려주세요,426.5099182128906,1880.3714599609375,1703.1485267966732,746.953235088934
MI3_240819_TY1_0592_8_V02-1_2,이 보고서에서 최종수요 내 지출 비중에 대한 차트를 보여주는 시각요소에 대해 알려주세요,438.0102844238281,2134.603515625,1685.5184268557164,852.6344776990024
MI3_240819_TY1_0592_9_V02-1_2,우리 수출의 글로벌 소득탄력성 하락 요인 분석 차트(세로 막대형)에 대해 알려주세요,386.9784851074219,699.85107421875,809.1627305064258,600.2078552135794
MI3_240819_TY1_0616_1_V02-4_2,주요 제조업종별 생산지수 증감률 꺾은선형에 대해 알려주세요,1321.4075927734375,531.9249877929688,846.6492420044024,740.6977715403673
MI3_240819_TY1_0616_2_V02-4_2,비제조업 업황 BSI와 서비스업 생산지수 증감률에 대한 차트(영역형)에 대해 알려주세요,341.84588623046875,2310.249755859375,911.762512911195,724.573943533326
MI3_240819_TY1_0616_3_V02-4_2,백화점 및 대형마트 판매 증감률 차트(꺾은선형)에 대해 알려주세요,1319.1953125,561.2439575195312,848.1714295339714,752.7875015111468
MI3_240819_TY1_0616_4_V01_1,에 대해 알려주세요,344.42608642578125,985.1041870117188,1877.7442429927648,1166.5161994472655
MI3_240819_TY1_0616_5_V01_1,대구경북 주택 현황과 관련된 표에 대해 알려주세요,455.59393310546875,2355.596923828125,1648.617172373739,554.6894331752509
MI3_240819_TY1_0616_6_V02-8_1,다. 수출 및 수입 차트(혼합형)에 대해 알려주세요,458.37017822265625,1907.78515625,1646.2542567994856,913.1952429065697
MI3_240819_TY1_0616_7_V01_1,고용 관련 지표 본문 차트(세로 막대형)에 대해 알려주세요,288.48486328125,596.486572265625,2022.5653161589582,1735.6382545906238
MI3_240819_TY1_0616_8_V01_1,물가 및 부동산가격 소비자물가 상승률 차트에 대해 알려주세요,357.2708740234375,1177.4683837890625,1872.6814270861387,1607.019108708615
MI3_240819_TY1_0616_9_V01_3,나. 부동산가격 관련된 자료의 차트(원형)에 대해 알려주세요,338.898681640625,1857.1953125,1931.1446974682062,431.241073400712
MI3_240819_TY1_0618_4_V01_2,지원대상업체 선정기준 표에 대해 알려주세요,377.3860168457031,1637.36572265625,1803.9508734540416,1463.8729641821144
MI3_240819_TY1_0662_2_V01_1,Balancing Test: The Relationship Between Assigned Entry Age and Characteristics of Parents and Children 표에 대해 알려주세요,372.09979248046875,770.1340942382812,1814.3180652251078,1344.4075610751868
MI3_240819_TY1_0662_3_V01_1,한국은행 경제연구원 제29권 제1호 (2023.3) 표에 대해 알려주세요,376.4863586425781,525.9215087890625,1803.8951830539415,1595.375844761293
MI3_240819_TY1_0668_1_V02-4_1,제30권 제1호 탈탄소 기술 관련 차트(꺾은선형)에 대해 알려주세요,1295.470458984375,558.25,913.4694306581982,824.8670629410431
MI3_240819_TY1_0668_2_V01_2,탈탄소 기술 관련 품목별 적용 관세율 분석 차트에 대해 알려주세요,384.0731201171875,572.6959228515625,1827.6800181574322,514.1995394560654
MI3_240819_TY1_0668_3_V02-4_1,Ⅲ. 이론적 배경 및 기존 연구 차트(꺾은선형)에 대해 알려주세요,399.8188171386719,610.91064453125,1763.9761889157626,872.8360774122438
MI3_240819_TY1_0678_2_V02-4_1,중앙은행 디지털화폐(CBDC) 발행이 통화정책 파급경로에 미치는 영향에 대해 알려주세요,371.26361083984375,547.4348754882812,854.4276616993652,665.2636746411195
MI3_240819_TY1_0678_3_V02-4_1,콜금리와 관련된 꺾은선형 차트에 대해 알려주세요,394.3870849609375,843.5042114257812,1778.223045004285,2531.5530502343854
MI3_240819_TY1_0737_1_V02-4_1,우리나라의 산업 간 생산성 파급효과 분석과 관련된 총요소생산성 차트에 대해 알려주세요,420.75079345703125,581.08984375,1723.8608135322345,928.5104580463036
MI3_240819_TY1_0737_2_V01_1,우리나라의 산업 간 생산성 파급효과 분석에 대해 알려주세요,351.07940673828125,1264.6810302734375,1832.135007419908,1895.632305042693
MI3_240819_TY1_0737_3_V01_1,Annual Industrial Increasing Rate(%) Share(%) 차트(세로 막대형)에 대해 알려주세요,380.2171936035156,452.72314453125,1798.0189715189797,1398.4330824250592
MI3_240819_TY1_0745_1_V02-4_1,경제연구원 제29권 제4호 차트(꺾은선형)에 대해 알려주세요,405.1761474609375,587.2388916015625,1750.44139548996,814.3051916591369
MI3_240819_TY1_0745_2_V02-4_1,일본의 수출과 엔화 환율 변동에 대한 그래프에 대해 알려주세요,400.0146484375,584.1956787109375,1763.352238381121,828.3972093786983
MI3_240819_TY1_0745_3_V02-4_1,Trends in Japan's Export Indices 한국은행 경제연구원 제29권 제4호에 대해 알려주세요,404.68365478515625,586.9114990234375,1754.3212003258989,808.2956044794063
MI3_240819_TY1_0750_1_V02-6_1,풀링 기법을 이용한 우리나라 국채 수익률곡선 예측에 대해 알려주세요,423.9715881347656,1729.1444091796875,1725.1769404182228,1181.428058275962
MI3_240819_TY1_0750_2_V01_1,Forecast horizon에 대해 알려주세요,405.1578063964844,663.2190551757812,1752.9305924292903,1787.1725179853152
MI3_240819_TY1_0750_3_V01_1,풀링 기법을 이용한 우리나라 국채 수익률곡선 예측 표에 대해 알려주세요,397.24127197265625,666.2745971679688,1769.058185953609,1824.984399368188
MI3_240819_TY1_0753_1_V02-4_2,에 대한 예금과 대출 금리에 관한 차트(꺾은선형)에 대해 알려주세요,1310.81591796875,2484.4794921875,824.7885068409475,598.8747462037938
MI3_240819_TY1_0753_2_V02-4_1,마이너스 금리와 은행 수익성 간의 관계 분석에 대해 알려주세요,674.3815307617188,571.3849487304688,1172.1505329883507,851.2885671746134
MI3_240819_TY1_0753_3_V02-1_1,마이너스 금리와 은행 수익성 간의 관계 분석 차트(세로 막대형)에 대해 알려주세요,431.602294921875,579.915771484375,1698.5934307358966,872.9496065925503
MI3_240819_TY1_0764_1_V02-4_1,한국의 지역 간 금융시장 통합 차트(꺾은선형)에 대해 알려주세요,432.6976318359375,1843.356689453125,1700.3454592617345,868.3649162972486
MI3_240819_TY1_0764_2_V02-4_1,식민지기 은행 이자율의 지역 간 격차와 차트(꺾은선형)에 대해 알려주세요,436.1029357910156,642.6974487304688,1696.2090196405645,909.5131404835034
MI3_240819_TY1_0764_3_V02-4_2,"한국의 지역 간 금융시장 통합, 1876-1942에 대해 알려주세요",439.92889404296875,1647.3709716796875,1678.5037806763817,747.4293767427679
MI3_240819_TY1_0792_1_V01_1,국제회계기준 및 일반기업회계기준을 적용한 기업경영분석 통계체계에 대한 연구와 관련된 지표명 보유 지표 수 구성 비율 차트에 대해 알려주세요,392.8958740234375,1168.2113037109375,1786.0320034520923,706.8408767977498
MI3_240819_TY1_0792_2_V01_1,Ⅲ. 새로운 회계환경에서의 신 기업경영분석 지표 개발 본문 주요 계정 감소(-) 불변 증가(+) 표에 대해 알려주세요,400.25146484375,2550.009765625,1778.8688764936774,500.3366753744111
MI3_240819_TY1_0792_3_V01_1,국제회계기준 및 일반기업회계기준을 적용한 기업경영분석 통계체계에 대한 연구의 주요 계정 표본수 GAAP 평균 IFRS 평균 차이에 대해 알려주세요,403.83624267578125,597.5723266601562,1783.4444453645842,725.7905448745274
MI3_240819_TY1_0794_2_V02-6_1,제23권 제1호 (2017.3) 경제연구원에서 제공하는 10 Employment 8 · · 6 4 2 차트(분산형)에 대해 알려주세요,1313.4007568359375,669.8886108398438,848.8442627953173,626.6366373372148
MI3_240819_TY1_0794_3_V01_1,이 연구에서 다루고 있는 표에 대해 알려주세요,359.61114501953125,1733.128173828125,1837.5920752218099,1405.7121676891984
MI3_240819_TY1_0803_1_V02-1_2,Credit Loss Distribution 차트(세로 막대형)에 대해 알려주세요,474.3001403808594,709.7377319335938,1627.0559601055277,1088.1927081612596
MI3_240819_TY1_0806_1_V02-4_1,자료 및 특징 차트(꺾은선형)에 대해 알려주세요,495.4346618652344,1875.30078125,1561.8160154846667,696.9794179296161
MI3_240819_TY1_0815_1_V02-3_2,IV · 전북 수출기업 실태조사 결과 원형 차트에 대해 알려주세요,1304.2039794921875,2334.737060546875,826.7249791594982,596.7978081029079
MI3_240819_TY1_0815_2_V02-1_1,2011-05 한국은행 전북본부와 관련된 군산항의 활용도 저조 요인에 대해 알려주세요,470.1697082519531,1196.930908203125,1649.131256184952,880.7729716612386
MI3_240819_TY1_0815_3_V02-3_2,환율변동 보험 차트(원형)에 대해 알려주세요,390.0632629394531,2201.586669921875,834.5256182771816,712.6040572800626
MI3_240819_TY1_0829_1_V02-4_1,중국 경제성장률 추이에 대해 알려주세요,605.9328002929688,956.9393310546875,1292.8674839249768,674.8701471248348
MI3_240819_TY1_0829_2_V02-1_1,<그림 3> 충남지역의 대중 수출 추이에 대해 알려주세요,552.7926635742188,2256.25,1456.2488732006366,745.3767441080719
MI3_240819_TY1_0829_3_V02-4_1,뉴노멀 시대 중국의 신산업정책이 충남 경제에 미치는 영향 차트(꺾은선형)에 대해 알려주세요,379.9239501953125,608.51513671875,850.3635469125416,663.070214314927
MI3_240819_TY1_0836_1_V01_1,강원도 서비스산업의 성장동력화 방안 표에 대해 알려주세요,383.01971435546875,829.2847290039062,1797.8428849136203,1501.606635182833
MI3_240819_TY1_0836_2_V01_1,서비스업 성장성지표: 종합 차트(세로 막대형)에 대해 알려주세요,386.5058898925781,497.86846923828125,1782.2632921307497,1505.51019292377
MI3_240819_TY1_0836_3_V01_1,강원도 서비스산업의 성장동력화 방안 취업유발효과 생산유발효과 부가가치유발효과에 대해 알려주세요,373.0718078613281,1868.2188720703125,1807.7823745490607,1192.1747071587738
MI3_240819_TY1_0839_2_V02-4_1,대외의존도(%) 추이에 대해 알려주세요,458.9344787597656,1584.6571044921875,1649.3574102123066,743.6778133620733
MI3_240819_TY1_0839_3_V02-2_1,3. 산업구조와 관련된 <그림 3> 산출액 구성비(%) 추이에 대해 알려주세요,412.4759216308594,2545.3427734375,1674.1405645948398,494.0200245269704
MI3_240819_TY1_0845_1_V02-1_1,인천지역의 연구개발비에 대한 차트(세로 막대형)에 대해 알려주세요,603.5463256835938,2428.494140625,1242.9364455505186,618.7463485601953
MI3_240819_TY1_0845_2_V02-1_1,2018-9 한국은행 인천본부에 대해 알려주세요,432.2117614746094,1883.2607421875,1700.8278623713402,812.03326646319
MI3_240819_TY1_0845_3_V01_1,부문 주요 산업 표에 대해 알려주세요,388.2956848144531,2153.380615234375,1775.3546713491896,876.8747812768281
MI3_240819_TY1_0845_4_V02-1_2,전국의 연구개발 사업비 현황 차트(가로 막대형)에 대해 알려주세요,583.4577026367188,1991.5760498046875,1372.6959224692157,745.1796392627177
MI3_240819_TY1_0900_1_V02-8_1,우리나라 통화정책에서 통화와 관련된 사항과 차트(혼합형)에 대해 알려주세요,600.70458984375,955.9215698242188,1340.5698012951593,1119.9662430932608
MI3_240819_TY1_0900_2_V02-4_1,우리나라 통화정책에서 통화 신용량의 역할과 금통위 금리결정 의사 지수 및 정책금리 변동 추이에 대해 알려주세요,583.3660278320312,624.3449096679688,1383.6884251656172,1075.7883054825625
MI3_240819_TY1_0900_3_V02-8_1,금통위 금리결정의사 지수와 유동성/GDP 비율 비교 혼합형에 대해 알려주세요,589.91455078125,623.391357421875,1363.597307375794,1066.6755028835776
MI3_240819_TY1_0937_2_V02-4_1,지급결제제도 운영관리 상황 전체 담보증권규모 대비 자금조정상환 비율 추이에 대해 알려주세요,529.6978149414062,1898.50537109375,1506.365019214914,977.9810224351311
MI3_240819_TY1_0943_2_V01_1,중간투입률 및 중간투입 구성 추이에 대해 알려주세요,413.1005859375,2170.708740234375,1737.3053946395255,797.9820097150417
MI3_240819_TY1_0943_3_V02-2_1,부가가치 항목별 구성비(%) 차트(가로 막대형)에 대해 알려주세요,470.35791015625,1835.8414306640625,1641.6677165106778,470.7467237175662
MI3_240819_TY1_0945_2_V02-1_1,산업별 중간투입률 추이에 대해 알려주세요,458.58392333984375,2248.46630859375,1622.9778607418482,756.2243524627776
MI3_240819_TY1_0945_3_V02-1_1,가. 소비 교육서비스 및 문화레저서비스 차트(세로 막대형)에 대해 알려주세요,548.1383056640625,1580.5064697265625,1473.8505269527993,662.5804911496132
MI3_240819_TY1_0949_3_V01_1,제1장 경제구조 2006년 산업연관표에 대해 알려주세요.,388.51513671875,600.8358764648438,1799.4326968494618,728.493190750825
MI3_240819_TY1_0974_1_V01_2,강원지역 건설착공면적 및 발주액에 대해 알려주세요,340.9701843261719,1417.1728515625,818.0464032516163,729.4205868389062
MI3_240819_TY1_0974_2_V02-1_1,2009년중 도내 건설업의 수익성과 관련된 전반적인 경향에 대해 알려주세요.,361.01434326171875,1443.3731689453125,878.4587152098866,755.1054157807455
MI3_240819_TY1_0974_3_V01_1,건축착공면적 및 건설발주액 표에 대해 알려주세요,341.160888671875,1458.8187255859375,820.1857015225501,727.7651206902526
MI3_240819_TY1_0974_4_V02-1_1,나. 수익성 전산업 건설업의 주요 지표에 대해 알려주세요,1306.732177734375,1395.525390625,866.5128931344564,733.2066595423731
MI3_240819_TY1_0975_1_V01_1,건축 착공 면적과 건설 발주액에 대한 표에 대해 알려주세요,340.9701843261719,1417.1728515625,818.0464032516163,729.4205868389062
MI3_240819_TY1_0975_2_V02-1_1,2009년중 도내 건설업의 수익성과 관련된 차트(세로 막대형)에 대해 알려주세요,361.01434326171875,1443.3731689453125,878.4587152098866,755.1054157807455
MI3_240819_TY1_0975_3_V02-4_1,2. 건설업 관급공사 수주액 추이에 대해 알려주세요,1310.8916015625,1453.5323486328125,852.5439353512694,742.9858213399042
MI3_240819_TY1_0975_4_V02-1_2,이 문서의 수익성 관련 자료에서 차입금 평균이자율 추이에 대해 알려주세요,370.25885009765625,1407.0570068359375,880.4443004346305,808.236460431075
MI3_240819_TY1_0983_1_V01_1,6월 중 소매판매 증가 요인 본문 표에 대해 알려주세요,399.5426330566406,1708.7808837890625,1767.7712730714843,570.9082578863906
MI3_240819_TY1_0983_2_V01_1,T01 T02 T03 표에 대해 알려주세요,410.2469482421875,1532.1033935546875,1738.860369180898,754.2899418556226
MI3_240819_TY1_0983_3_V02-8_1,전월대비 증감률에 대해 알려주세요,408.27496337890625,2350.809814453125,1742.79043979006,720.6145480547154
MI3_240819_TY1_0983_4_V02-4_1,6월중 제조업 평균가동률과 관련하여 과거와 현재의 평균을 비교한 내용을 포함한 그래프에 대해 알려주세요,463.2530212402344,2354.516357421875,1615.1424462333648,746.5608490242025
MI3_240819_TY1_0984_1_V01_1,설비투자지수에 대해 알려주세요,436.14898681640625,1102.2708740234375,1750.2521405762445,221.7034512203236
MI3_240819_TY1_0984_2_V02-8_1,7월중 건설기성액 증감률에 대해 알려주세요,400.8392028808594,2359.919677734375,1759.5960874980697,739.1933752587286
MI3_240819_TY1_0984_3_V02-8_1,제조업 생산지수와 관련된 시각적 자료에 대해 알려주세요,401.16162109375,2372.327392578125,1758.6535021489547,730.6522816172532
MI3_240819_TY1_0984_4_V01_1,제조업 평균가동률 차트(세로 막대형)에 대해 알려주세요,389.4407043457031,1621.34765625,1782.554175554458,651.8568757785597
MI3_240819_TY1_1010_1_V01_1,2월중 소매판매 감소 요인 소매판매액지수 차트(세로 막대형)에 대해 알려주세요,383.698974609375,1553.00390625,1795.3525412494628,724.7330105527359
MI3_240819_TY1_1010_2_V01_1,설비투자지수 차트(혼합형)에 대해 알려주세요,385.778564453125,1395.3831787109375,1797.7865087495643,997.9315764286813
MI3_240819_TY1_1010_3_V02-8_1,제조업 생산지수의 전월대비 변화를 나타내는 혼합형 차트에 대해 알려주세요,394.75933837890625,2345.233154296875,1777.5817353224397,729.3020960777878
MI3_240819_TY1_1010_4_V02-8_1,서비스업생산지수(혼합형 차트)에 대해 알려주세요,395.1203918457031,2436.668701171875,1730.1830570047603,680.9600031001227
MI3_240819_TY1_1011_1_V01_1,소매판매액지수 표에 대해 알려주세요,374.0094299316406,1494.1263427734375,1817.5932924458878,720.516564512559
MI3_240819_TY1_1011_2_V01_1,의 에 대한 건설기성액 데이터 표에 대해 알려주세요,395.5876770019531,1639.46142578125,1765.7205411867471,731.3084618125615
MI3_240819_TY1_1011_3_V02-8_1,제조업생산지수에 대한 혼합형 차트에 대해 알려주세요,408.638916015625,2406.2216796875,1742.859340385654,679.7602590855139
MI3_240819_TY1_1011_4_V02-8_1,전월대비 증감률 그래프에 대해 알려주세요,405.5064392089844,2419.245361328125,1739.1445502231902,684.860414987566
MI3_240819_TY1_1019_2_V03_1,증권차입 RP매각을 통한 유동성 흡수 과정에 대해 알려주세요,429.4188537597656,2469.62646484375,695.7613176649589,507.83809041414804
MI3_240819_TY1_1026_1_V02-8_1,주요경제도표 제조업 생산·출하· 재고 혼합형에 대해 알려주세요,426.070068359375,787.1757202148438,1717.2173111986765,954.248973026919
MI3_240819_TY1_1026_2_V02-8_1,관광객 내도 추이 혼합형에 대해 알려주세요,421.2528076171875,672.4637451171875,1731.6133741399883,973.4122309258393
MI3_240819_TY1_1026_3_V02-1_1,금융기관 수신증감액 추이 (전월대비) 차트(세로 막대형)에 대해 알려주세요,413.3881530761719,2133.36767578125,1734.793049482291,887.1648894427402
MI3_240819_TY1_1026_4_V02-3_1,금융기관 여신비중 차트(원형)에 대해 알려주세요,535.0360107421875,704.5786743164062,1521.2745917405703,954.0967281255805
MI3_240819_TY1_1026_5_V02-4_1,어음부도율 추이 꺾은선형에 대해 알려주세요,429.94970703125,731.322998046875,1710.0820086647714,946.5258032820844
MI3_240819_TY1_1035_2_V03_1,총액한도대출용 전자어음 관리 다이어그램에 대해 알려주세요,381.20074462890625,546.4801635742188,868.4991012513632,846.9825454767547
MI3_240819_TY1_1035_4_V01_1,제1절 금융시장인프라에 관한 원칙과 과제 결제은행 구분에 대해 알려주세요,1273.8045654296875,1617.6668701171875,869.6353943338509,496.9143560223572
MI3_240819_TY1_1035_5_V03_1,글로벌 LEI시스템 규제감시위원회 기본원칙에 대해 알려주세요,400.3581848144531,1931.2548828125,865.873204127482,591.7264278600719
MI3_240819_TY1_1049_1_V02-8_1,주요경제도표 제조업 생산· 출하· 재고 비율에 대해 알려주세요,424.9006652832031,785.96240234375,1719.3406103920754,951.3399417295486
MI3_240819_TY1_1049_2_V02-8_1,관광객 내도 추이 혼합형에 대해 알려주세요,428.9731750488281,671.4625854492188,1718.3612835484878,967.2743129488427
MI3_240819_TY1_1049_3_V02-1_1,금융기관 수신증감액 추이 (전월대비) 차트(세로 막대형)에 대해 알려주세요,411.5984802246094,2134.929443359375,1739.3525324428963,886.0459643160669
MI3_240819_TY1_1049_4_V02-1_1,금융기관 여신증감액 추이에 대해 알려주세요,431.3902893066406,2081.182373046875,1700.5977126153225,949.6586202033932
MI3_240819_TY1_1049_5_V02-8_1,제목에 대해 알려주세요. (혼합형) 차트에 대해 알려주세요.,411.69970703125,2065.246337890625,1740.2513078486254,956.1875034781987
MI3_240819_TY1_1052_1_V02-8_1,주요경제도표 건설관련 지표 추이 혼합형에 대해 알려주세요,424.8929443359375,786.8242797851562,1718.4759133236096,951.5590263875231
MI3_240819_TY1_1052_2_V02-8_2,소비자물가 상승률 추이 혼합형에 대해 알려주세요,437.0575866699219,2027.5506591796875,1687.7520299624994,954.4185734988021
MI3_240819_TY1_1052_3_V02-1_1,금융기관 수신증감액 추이 차트(세로 막대형)에 대해 알려주세요,473.4072570800781,706.7532348632812,1608.2425213141003,948.6632501561486
MI3_240819_TY1_1052_4_V02-1_1,금융기관 여신증감액 추이 차트(세로 막대형)에 대해 알려주세요,536.7069702148438,705.1301879882812,1515.9594935942134,951.1715925080397
MI3_240819_TY1_1052_5_V02-4_1,어음부도율 추이 꺾은선형에 대해 알려주세요,426.916259765625,729.7691040039062,1716.7470086967842,950.9490366547451
MI3_240819_TY1_1054_1_V02-8_1,제조업 생산· 출하· 재고에 대해 알려주세요,425.631103515625,787.4869384765625,1716.9677235830675,950.6388604218351
MI3_240819_TY1_1054_2_V02-8_1,관광객 내도 추이 혼합형에 대해 알려주세요,427.9019470214844,671.4802856445312,1719.6615202966216,968.038430838984
MI3_240819_TY1_1054_3_V02-1_1,금융기관 수신증감액 추이에 대해 알려주세요,473.5240173339844,706.7376098632812,1607.902418231934,947.6069374624028
MI3_240819_TY1_1054_4_V02-3_1,금융기관 여신비중 차트(원형)에 대해 알려주세요,533.6287841796875,705.2704467773438,1523.1832831270074,949.6608159354706
MI3_240819_TY1_1054_5_V02-8_1,예금은행 중소기업 대출 추이 혼합형에 대해 알려주세요,418.6873779296875,2069.34912109375,1723.7575264407758,940.0608858849017
MI3_240819_TY1_1069_1_V02-8_2,제조업 재고지수 혼합형에 대해 알려주세요,413.05828857421875,1565.2091064453125,1731.365012483917,661.3260112719008
MI3_240819_TY1_1069_2_V02-8_2,시설기계류 수입액과 관련된 혼합형 차트에 대해 알려주세요,416.714111328125,2426.5400390625,1724.1170824504068,656.0095459594955
MI3_240819_TY1_1069_3_V02-4_1,(소비자물가 등락률) 꺾은선형에 대해 알려주세요,401.6443176269531,1556.622802734375,1753.5343659992884,683.8696713622272
MI3_240819_TY1_1069_4_V02-8_2,제목 수출입에 대해 알려주세요,404.3423156738281,1715.7652587890625,1744.264476594231,683.4948748960694
MI3_240819_TY1_1094_1_V02-8_2,건설관련 지표 추이에 대해 알려주세요,389.5176086425781,1986.7100830078125,1785.3484223308885,1098.6893643255528
MI3_240819_TY1_1094_2_V02-8_1,관광객 내도 추이 혼합형에 대해 알려주세요,414.3917541503906,595.1387329101562,1739.4129181597198,933.9986037207464
MI3_240819_TY1_1094_3_V02-3_1,금융기관 수신비중 원형 차트에 대해 알려주세요,463.8311767578125,604.1259765625,1628.6559923494542,924.4466576893401
MI3_240819_TY1_1094_4_V02-1_1,금융기관 여신증감액 추이에 대해 알려주세요,530.3158569335938,603.123046875,1537.016081179068,981.203038407476
MI3_240819_TY1_1094_5_V02-4_1,어음부도율 추이 꺾은선형에 대해 알려주세요,413.47808837890625,639.0505981445312,1741.751023656865,766.7334313007627
MI3_240819_TY1_1117_1_V01_1,충북지역 비제조업체의 안정성 관련 데이터에 대해 알려주세요.,442.8603210449219,849.8740844726562,1731.9660036342668,210.83232326984765
MI3_240819_TY1_1117_2_V02-1_3,부채 차입금의존도 자기자본비율 차트(세로 막대형)에 대해 알려주세요,390.4599914550781,2362.283203125,613.6167205060889,619.9672027475905
MI3_240819_TY1_1117_3_V02-1_1,안정성 차트(원형)에 대해 알려주세요,957.8589477539062,2393.80126953125,629.1853419960781,634.5726830427736
MI3_240819_TY1_1129_1_V01_1,제조업 관련 주요 지표에 대한 표에 대해 알려주세요,373.55242919921875,2214.103759765625,1803.9729691454295,847.0284236015493
MI3_240819_TY1_1129_2_V01_1,"강원지역 비제조업에 관한 매출액증가율, 총자산증가율, 유형자산 증가율 및 수익성 관련 지표에 대해 알려주세요.",383.5951843261719,1574.7310791015625,1803.1212597227432,887.9980467554842
MI3_240819_TY1_1129_3_V01_1,제조업의 성장성 관련 주요 지표에 대해 알려주세요,353.13616943359375,2206.00146484375,1856.432059491714,569.1321179932652
MI3_240819_TY1_1129_4_V01_1,에 포함된차트에 대해 알려주세요,330.38397216796875,1573.816650390625,1890.1306497443738,1566.8133816848256
MI3_240819_TY1_1149_1_V02-8_1,제조업 생산지수 추이 혼합형에 대해 알려주세요,414.768798828125,1237.0623779296875,1745.058815630645,626.8399031575888
MI3_240819_TY1_1149_2_V02-8_1,제조업 출하지수 혼합형에 대해 알려주세요,1310.462646484375,1304.9033203125,855.3078741136767,623.0403181012306
MI3_240819_TY1_1149_3_V02-8_1,소비 추이 혼합형에 대해 알려주세요,1309.29443359375,1386.836669921875,853.7261274662244,619.7564614903412
MI3_240819_TY1_1149_4_V02-4_1,건축 착공 및 허가 (꺾은선형) 차트에 대해 알려주세요,1309.7769775390625,1276.970703125,851.4451932443518,622.5803324396761
MI3_240819_TY1_1149_5_V02-4_1,설비투자 추이에 대한 꺾은선형 차트에 대해 알려주세요,373.0621337890625,1128.2928466796875,855.0007335414022,659.4806072745349
MI3_240819_TY1_1162_1_V01_3,제목에 대한 주요 안정성지표 표에 대해 알려주세요,435.8067626953125,1359.3974609375,1722.366280852187,339.8755317471617
MI3_240819_TY1_1162_2_V01_1,I 주요 경영분석지표 분석 매출액증가율 총자산증가율에 대해 알려주세요,345.8680419921875,1785.4278564453125,1867.93591719572,1309.2814769304537
MI3_240819_TY1_1162_3_V01_2,매출액 대비 수익구조 추이 표에 대해 알려주세요,358.7940979003906,953.0570068359375,1859.4049949424593,852.8362863556864
MI3_240819_TY1_1162_4_V01_1,프 전국 경영분석지표와의 비교 표에 대해 알려주세요,352.0418701171875,770.150146484375,1867.5520868281621,997.0749974400009
MI3_240820_TY1_0008_1_V01_1,국민계정 주요지표 경제규모 및 국민소득 차트(세로 막대형)에 대해 알려주세요,318.9323425292969,414.6234436035156,1925.5582097291272,2646.277012780394
MI3_240820_TY1_0008_2_V02-1_1,"국민소득통계 주요지표 (전기대비,%p)에 대해 알려주세요",390.20562744140625,635.58935546875,1802.975189610739,735.9515690104051
MI3_240820_TY1_0008_3_V02-1_1,경제활동별 성장률 차트(세로 막대형)에 대해 알려주세요,386.2165222167969,1412.685546875,1793.7674509405344,812.2132826316098
MI3_240820_TY1_0012_1_V01_1,제목에 포함된 내용과 관련하여 시장참가자별 콜거래 규모 표에 대해 알려주세요.,1292.179443359375,1024.2962646484375,821.910925199593,659.5961488107827
MI3_240820_TY1_0012_2_V02-4_1,업권별 콜차입 금리 스프레드에 대해 알려주세요.,394.71246337890625,1663.0496826171875,784.5929520130601,606.7161613179243
MI3_240820_TY1_0012_3_V02-4_1,은행(콜론+콜머니)와 비은행(콜론+콜머니)의 차트(꺾은선형)에 대해 알려주세요,402.7529296875,1360.531982421875,770.608882512737,600.4005157235738
MI3_240820_TY1_0023_1_V02-4_1,금융기관 기업대출 증감 추이에 대해 알려주세요,479.4405212402344,1135.3533935546875,1629.1131912982362,910.5001511612006
MI3_240820_TY1_0023_2_V02-8_1,금융기관 가계대출 증감 추이 혼합형에 대해 알려주세요,459.0389709472656,1289.7626953125,1666.7198482630383,863.1218801096622
MI3_240820_TY1_0023_3_V02-3_1,금융기관별 여신 잔액 비중 차트(원형)에 대해 알려주세요,630.3287353515625,854.0585327148438,1230.5018211010051,897.4879773386388
MI3_240820_TY1_0039_1_V02-8_1,제조업 생산지수 추이에 대해 알려주세요.,375.34588623046875,1326.3551025390625,851.4902862898796,590.986193973377
MI3_240820_TY1_0039_2_V02-8_2,승용차 신규등록대수에 대한 차트(혼합형)에 대해 알려주세요,1310.3546142578125,1390.3870849609375,852.9649975494743,603.0124527597334
MI3_240820_TY1_0039_3_V02-4_1,건축착공 및 허가 증가율에 대해 알려주세요,371.54937744140625,1345.20361328125,858.5854423829026,599.7076985579463
MI3_240820_TY1_0039_4_V02-3_2,금융기관별 수신 잔액 비중 원형 차트에 대해 알려주세요,569.173095703125,2005.0948486328125,1339.8054145399708,959.0196931193243
MI3_240820_TY1_0049_1_V01_1,벤처기업 유형별 확인요건 및 확인기관 차트에 대해 알려주세요,451.2524108886719,1790.8148193359375,1674.8515736901477,1086.0855961321859
MI3_240820_TY1_0049_6_V01_2,창업지원 유형별 예산 규모에 대해 알려주세요,421.8797607421875,2276.395263671875,1682.3077665735184,371.26664753277066
MI3_240820_TY1_0074_1_V02-1_1,여신 용도별 증감 차트에 대해 알려주세요,342.6703186035156,2215.830810546875,907.3288433386831,672.5836471916186
MI3_240820_TY1_0074_2_V01_1,차트(세로 막대형)에 대해 알려주세요,332.51568603515625,1279.1561279296875,1947.1342436306463,642.6182496497053
MI3_240820_TY1_0074_3_V01_1,"금융기관 여신에 대한 기간중 증감, 억원 차트(세로 막대형)에 대해 알려주세요",303.20849609375,481.81256103515625,1951.733267484245,2591.877298853242
MI3_240820_TY1_0074_4_V02-1_2,전월대비 차트(세로 막대형)에 대해 알려주세요,1268.158935546875,2328.743408203125,941.2451198056913,753.5920004700489
MI3_240820_TY1_0074_5_V01_1,금융기관 수신에 대한 차트에 대해 알려주세요,303.80596923828125,401.4993591308594,1982.573357929779,2706.0036802554473
MI3_240820_TY1_0095_1_V02-1_1,예금은행 여신 증감(용도별) 차트(세로 막대형)에 대해 알려주세요,1267.30224609375,2292.951904296875,949.0731461034073,782.1170771388438
MI3_240820_TY1_0095_2_V02-1_1,가계대출 증감(부문별) 차트(세로 막대형)에 대해 알려주세요,1267.424560546875,2239.413330078125,940.0921551867045,755.2048054313118
MI3_240820_TY1_0095_3_V01_1,금융기관여신에 대해 알려주세요,338.5350036621094,426.5511779785156,1848.5835805384904,2667.9127033061686
MI3_240820_TY1_0095_4_V01_1,금융기관별 수신에 대한 표에 대해 알려주세요,326.10076904296875,1712.9090576171875,1972.341444302836,560.2972074012199
MI3_240820_TY1_0095_5_V01_1,금융기관 수신에 대한 표에 대해 알려주세요,300.1835632324219,401.8892822265625,2001.854802389479,2701.9213004152152
MI3_240820_TY1_0097_1_V01_1,제조업 생산 표에 대해 알려주세요,366.7095642089844,2034.170654296875,1831.9928900524164,1005.8288977730032
MI3_240820_TY1_0097_2_V02-8_2,제조업 출하 · 재고지수 추이11 혼합형에 대해 알려주세요,1311.841064453125,1358.4459228515625,852.2343553116114,600.3007626621041
MI3_240820_TY1_0097_3_V02-8_2,승용차 신규등록대수 혼합형에 대해 알려주세요,1311.09619140625,1389.2484130859375,851.0904547901702,604.1359763101021
MI3_240820_TY1_0097_4_V02-4_1,건축착공 및 허가 증가율 꺾은선형에 대해 알려주세요,372.5502014160156,1346.7060546875,855.8356107549417,597.6872259420152
MI3_240820_TY1_0097_5_V02-3_1,제목에 대한 금융기관별 여신 잔액 비중 차트(원형)에 대해 알려주세요,526.1192016601562,753.9915161132812,1461.7688897733797,895.2653109834197
MI3_240820_TY1_0105_1_V02-8_1,제목에 대해 알려주세요. 제조업 생산지수에 대한 혼합형 차트 타입에 대해 알려주세요.,461.3060302734375,694.8903198242188,1660.7230424258544,660.6048533551411
MI3_240820_TY1_0105_2_V02-4_1,소비자물가 등락률에 대한 꺾은선형 차트에 대해 알려주세요,444.3275146484375,2385.167236328125,1659.0797727631748,637.7596487573052
MI3_240820_TY1_0105_3_V02-4_1,2. 금융동향 차트(꺾은선형)에 대해 알려주세요,356.7133483886719,1097.2755126953125,904.3887191590281,681.265005521781
MI3_240820_TY1_0105_6_V01_1,2.2 예금은행 대출금 본문 표에 대해 알려주세요,321.1577453613281,438.9551696777344,1903.905425043362,2642.6036507237955
MI3_240820_TY1_0117_1_V01_1,고용 관련 데이터의 연간 취업자수 증감 추세에 대해 알려주세요,374.3453369140625,925.5888061523438,1843.3473538031822,530.5209809767782
MI3_240820_TY1_0117_2_V02-8_1,Ⅱ. 금융경제동향 1. 화폐 발행 및 환수 한국은행 제주본부 화폐 발행 및 환수액에 대해 알려주세요,365.43890380859375,1976.923828125,1835.599086602277,1088.5085020727338
MI3_240820_TY1_0117_3_V02-8_1,예금 추세에 대해 알려주세요,1280.2388916015625,2098.948486328125,893.6753525790359,636.7658724182575
MI3_240820_TY1_0117_4_V02-1_2,상호금융 및 기타 금융기관들의 최근 자산 운용 변화에 대해 알려주세요,1276.8572998046875,2421.537109375,945.4262856956151,689.063224268947
MI3_240820_TY1_0117_5_V02-1_1,T04 차트(세로 막대형)에 대해 알려주세요,1280.180419921875,2425.076416015625,926.3403850103017,624.2066836874692
MI3_240820_TY1_0125_1_V01_1,고용 및 소비자물가에 대한 차트(세로 막대형)에 대해 알려주세요,368.0876159667969,937.8432006835938,1860.675154512853,531.2991254879062
MI3_240820_TY1_0125_2_V02-8_1,Ⅱ. 금융경제동향 화폐 발행 및 환수차트(혼합형)에 대해 알려주세요,357.0445556640625,1881.9552001953125,1858.2637532745764,1222.9942819922237
MI3_240820_TY1_0125_3_V02-8_2,"제목 예금 및 대출금 소제목 (전월대비, 억원) 차트(혼합형)에 대해 알려주세요",346.82672119140625,2071.0234375,901.2264076545906,670.3363259140672
MI3_240820_TY1_0125_4_V02-1_2,상호금융 및 기타 금융 기관에 대한 차트(세로 막대형)에 대해 알려주세요,1264.232666015625,2342.684814453125,948.3460698701256,708.0062374542911
MI3_240820_TY1_0125_5_V02-8_1,가계대출 증감률에 대해 알려주세요,1281.1124267578125,2427.06494140625,926.1372626120593,624.7900480126699
MI3_240820_TY1_0129_1_V01_1,고용에 대한 차트(세로 막대형)에 대해 알려주세요,352.9143371582031,2279.5908203125,1848.7085208286705,852.1059140140592
MI3_240820_TY1_0129_2_V02-8_1,Ⅱ. 금융경제동향 1. 화폐 발행 및 환수 한국은행 제주본부 화폐 발행 및 환수액에 대해 알려주세요,357.42474365234375,1881.995361328125,1857.3164289935162,1222.7274180174422
MI3_240820_TY1_0129_3_V02-8_1,예금 및 대출금 증감 추세에 대한 차트(혼합형)에 대해 알려주세요,1283.412841796875,2064.62841796875,895.1366594743879,661.0274893774708
MI3_240820_TY1_0129_4_V02-1_2,비은행금융기관 여신 증감에 대한 그래프와 그 설명에 대해 알려주세요.,1264.0552978515625,2328.45068359375,945.1500380217092,705.527136606599
MI3_240820_TY1_0129_5_V02-1_1,가계대출 전월대비 차트(세로 막대형)에 대해 알려주세요,320.6717834472656,2447.773193359375,938.5756494437461,610.4525566912239
MI3_240820_TY1_0164_1_V02-4_2,일본의 초과지준과 은행간 콜거래 잔액 추이에 대한 차트(꺾은선형)에 대해 알려주세요,596.588134765625,1567.6085205078125,1339.8957774492715,676.3209352235853
MI3_240820_TY1_0164_2_V02-4_1,유로지역의 초과지준 추이 차트(꺾은선형)에 대해 알려주세요,563.7785034179688,2221.9462890625,1426.760933052218,812.1234221052571
MI3_240820_TY1_0164_3_V01_1,글로벌 2002.7.1.~2008.9.14 금융위기 이전 위기발생 직후 제로금리정책 표에 대해 알려주세요,366.8447570800781,491.05316162109375,1865.0127275970567,599.1703747465759
MI3_240820_TY1_0181_1_V01_2,선박운용회사별 선박투자회사 현황에 대해 알려주세요.,386.4955749511719,1347.9869384765625,1837.7459409527708,456.1079424614543
MI3_240820_TY1_0181_2_V01_1,제목에서 설명하는 전국 조선해양산업 현황에 대한 표에 대해 알려주세요,394.8546142578125,2405.072265625,1789.2886571121198,686.401407901846
MI3_240820_TY1_0181_3_V01_2,조선해양 기자재산업 현황 표에 대해 알려주세요,395.040283203125,456.95330810546875,1766.0003622820361,1150.7036857151222
MI3_240820_TY1_0181_4_V01_1,제목에 대한 본문 내용을 바탕으로 차트에 대해 알려주세요,596.2960815429688,2634.40966796875,1248.5933610601235,403.44417330076675
MI3_240820_TY1_0181_5_V02-4_1,경남지역 주요 조선업체의 선박수주 현황 꺾은선형에 대해 알려주세요,504.1504821777344,1227.3790283203125,1599.3246867996115,945.2588317871671
MI3_240820_TY1_0184_1_V02-8_1,민간주택착공호수에 대해 알려주세요,1309.3145751953125,546.62109375,889.1668110935458,584.4482054348993
MI3_240820_TY1_0184_2_V02-1_1,운송기계와 일반기계의 전월대비 변화에 대해 알려주세요,350.2385559082031,1491.208984375,895.8234976431448,543.8809964879077
MI3_240820_TY1_0184_3_V02-8_1,고용 및 임금에 대한 꺾은선형 차트에 대해 알려주세요,413.5457458496094,2516.397705078125,1657.4555271916922,560.2545076043522
MI3_240820_TY1_0184_4_V02-4_1,소비자물가 상승률 추이 차트(꺾은선형)에 대해 알려주세요,450.326171875,1143.240234375,1661.2680389558523,546.6708201239172
MI3_240820_TY1_0184_5_V02-8_1,금융시장 동향에 대해 알려주세요,374.6347351074219,1140.1475830078125,854.4558553841445,657.8774220597456
MI3_240820_TY1_0184_6_V02-4_1,전기비연율 실질GDP 성장률 전망 차트(꺾은선형)에 대해 알려주세요,1293.41162109375,2275.908447265625,860.8578076398346,536.9498618123982
MI3_240820_TY1_0184_7_V02-4_1,CPI 상승률 추이와 차트(꺾은선형)에 대해 알려주세요,389.5430908203125,1151.2286376953125,1775.435858345223,527.6791386519905
MI3_240820_TY1_0184_8_V01_1,일본 2014.4/4분기 GDP 성장률 차트(혼합형)에 대해 알려주세요,359.092529296875,1628.151123046875,999.5039360869515,854.2515768515087
MI3_240820_TY1_0235_1_V02-8_1,국내은행의 영업행태와 위험성 및 수익성 간의 관계에 대한 혼합형 차트에 대해 알려주세요,411.8105773925781,1532.19091796875,1727.8876282991064,721.4140887314685
MI3_240820_TY1_0235_2_V02-8_1,BOK 경제리뷰 No. 2013-8 (그림 2) 혼합형에 대해 알려주세요,1215.756103515625,1480.5032958984375,1006.9495150854573,794.5319209201972
MI3_240820_TY1_0235_3_V02-8_1,국내은행의 영업행태와 위험성 및 수익성 간의 관계에서 혼합형 차트에 대해 알려주세요,417.53778076171875,1279.3255615234375,1728.5196837776996,726.3466592397623
MI3_240820_TY1_0235_4_V01_1,BOK 경제리뷰 No. 2013-8에 포함된 차트(세로 막대형)에 대해 알려주세요,525.1813354492188,1078.88232421875,1433.8783586301718,447.32952406816787
MI3_240820_TY1_0235_5_V02-4_1,국내은행의 영업행태와 위험성 간의 관계 꺾은선형 차트에 대해 알려주세요,419.5329284667969,1099.8946533203125,1727.9883283340757,757.208939448544
MI3_240820_TY1_0235_6_V02-4_1,BOK 경제리뷰 No. 2013-8 비이자 수익 비중 및 EDF 추이에 대해 알려주세요,1012.478515625,613.7362670898438,578.1876315799625,694.1838265499647
MI3_240820_TY1_0235_7_V02-4_1,국내은행의 영업행태와 위험성 및 수익성 간의 관계 차트(꺾은선형)에 대해 알려주세요,418.2033996582031,1225.2362060546875,1727.301927781992,758.085893517421
MI3_240820_TY1_0235_8_V02-4_1,BOK 경제리뷰 No. 2013-8 비이자 수익비중 및 ROA 추이에 대해 알려주세요,1008.2710571289062,636.427734375,584.7752684397677,678.5926757679966
MI3_240820_TY1_0248_1_V02-8_1,Figure 2: Components of capital flows 혼합형에 대해 알려주세요,628.3151245117188,971.1640014648438,1270.491849755231,1060.8039358684082
MI3_240820_TY1_0249_1_V02-8_1,주요국 중앙은행의 DSGE 모형 개발현황 및 향후 개선과제와 관련된 혼합형 차트에 대해 알려주세요,708.7852172851562,913.2258911132812,1133.152664661578,897.5391805027698
MI3_240820_TY1_0249_2_V01_1,글로벌 금융위기 이전에 개발된 DSGE 모형 차트(혼합형)에 대해 알려주세요,416.47662353515625,636.67138671875,1729.0048297558742,1566.7784800275583
MI3_240820_TY1_0249_3_V01_1,금융마찰 Ricardian 중앙은행 모형 UIP 조건 성립 여부 자료 도입 여부 대등정리 성립 여부에 대해 알려주세요,415.50201416015625,634.174072265625,1722.6315196264434,1257.3107891713214
MI3_240820_TY1_0249_4_V01_1,한국은행의 DSGE 모형에 대해 알려주세요.,421.5443420410156,1694.1474609375,1715.3039497157495,579.991340889393
MI3_240820_TY1_0249_5_V01_1,주요국 중앙은행의 DSGE 모형 개발현황 및 향후 개선과제 V에 대해 알려주세요,416.80303955078125,889.6138916015625,1727.3938007589961,1359.1659486007711
MI3_240820_TY1_0249_6_V01_1,BOK 경제연구 제 2012-14 (2012.11) 중앙은행 모형 UIP 성립 여부 차트에 대해 알려주세요,416.39654541015625,889.8263549804688,1726.9095023715101,1311.5112566217435
MI3_240820_TY1_0255_1_V01_1,2015년 한국은행 국제컨퍼런스 프로그램 표에 대해 알려주세요,421.1783142089844,2547.1640625,1698.2563268757524,538.240609680195
MI3_240820_TY1_0310_2_V02-8_1,연령별 고용의 변동성을 다룬 혼합형 차트에 대해 알려주세요,1334.0933837890625,821.8922119140625,732.2900266071043,628.7666532779408
MI3_240820_TY1_0310_4_V02-4_1,이 보고서의 현금영수증 발급 건수 및 금액에 대해 알려주세요,1345.332763671875,594.6117553710938,732.6992667259547,672.8400876211555
MI3_240820_TY1_0439_2_V01_1,Ⅱ 주요국의 TR 설립 및 운영 현황 표에 대해 알려주세요,467.7691345214844,2418.915771484375,1631.4050788015027,564.8379787878554
MI3_240820_TY1_0470_1_V02-4_2,미국의 실질주택가격에 대해 알려주세요,553.75830078125,533.401611328125,1316.5114565019244,914.7443416035986
MI3_240820_TY1_0470_2_V02-6_1,환율변화와 산업생산에 대해 알려주세요,499.70489501953125,575.8468017578125,1490.574986437512,1686.6336848413166
MI3_240820_TY1_0470_3_V01_1,이 문서에서는 주어진 데이터에서 회귀 결과를 나타내는 표와 관련된 내용을 설명해 주세요.,420.7662658691406,811.1338500976562,1655.2814599952978,1732.4112323319575
MI3_240820_TY1_0470_4_V02-4_2,세계 산업생산 세계주가지수 꺾은선형에 대해 알려주세요,552.292724609375,1757.3642578125,1436.7259567823055,952.0746602760736
MI3_240820_TY1_0470_5_V02-4_2,중앙은행 할인율(7개국 평균) 차트(꺾은선형)에 대해 알려주세요,463.65875244140625,1719.7025146484375,1591.6498569163596,967.9092836382993
MI3_240820_TY1_0470_6_V02-4_1,제목에 포함된 내용으로 19개국 통화량에 대한 꺾은선형 차트에 대해 알려주세요,513.6327514648438,1499.9796142578125,1514.3045273537323,1139.2882418443724
MI3_240820_TY1_0491_1_V02-4_2,강릉 상업용건축물 허가·착공면적 차트(꺾은선형)에 대해 알려주세요,394.40625,2284.29296875,834.3737769217007,678.279908483514
MI3_240820_TY1_0491_2_V02-4_2,강릉지역 상가 분기소득 및 자본수익률 (%) 차트(꺾은선형)에 대해 알려주세요,428.87274169921875,755.3184204101562,781.9611382766634,598.5300932583079
MI3_240820_TY1_0491_3_V02-8_1,강릉시 건축물 현황 거래량 혼합형에 대해 알려주세요,404.27606201171875,1588.3704833984375,839.0882824831766,718.5422559602209
MI3_240820_TY1_0491_4_V02-4_1,(%) 차트(꺾은선형)에 대해 알려주세요,1319.78662109375,1519.6680908203125,841.1538609353539,683.5050774546819
MI3_240820_TY1_0491_5_V01_1,강릉시 평균 지가 변동률에 대해 알려주세요,382.12493896484375,1873.6029052734375,871.6386005067384,549.9799852351371
MI3_240820_TY1_0491_6_V02-4_1,강릉지역 상가 분기 투자수익률 추이에 대해 알려주세요,352.3702697753906,2503.66259765625,849.3490282416742,572.7829677256783
MI3_240820_TY1_0491_7_V02-4_2,Ⅲ 리스크 요인 차트(꺾은선형)에 대해 알려주세요,377.627685546875,1448.12353515625,853.8638512366738,660.5753685210765
MI3_240820_TY1_0491_8_V02-4_1,강릉시 비주택 부동산대출 비중 추이와 관련된 꺾은선형 그래프에 대해 알려주세요,402.30712890625,2268.595458984375,807.4853491256254,628.1017409781485
MI3_240820_TY1_0505_1_V02-8_2,강원지역 금융기관 수신 증감액 추이에 대해 알려주세요,1269.201416015625,2292.179443359375,923.2811802941337,699.642289697015
MI3_240820_TY1_0505_2_V01_1,"나. 수신 (전월말대비 증감액, 억원, %)에 대해 알려주세요",336.1932067871094,1705.4656982421875,1882.9932785027333,1418.98108472823
MI3_240820_TY1_0505_3_V01_1,비은행기관 수신 동향에 대한 차트에 대해 알려주세요,351.25689697265625,1595.866455078125,1882.9467623839855,1016.7890565909272
MI3_240820_TY1_0505_4_V01_1,제목에 대한 설명과 관련된 데이터 및 통계 정보를 제공하는 총대출금(여신) 관련 표에 대해 알려주세요,332.58294677734375,1722.0821533203125,1889.5470739001616,1409.080750931831
MI3_240820_TY1_0505_5_V01_1,비은행기관 여신 동향에 대해 알려주세요,354.9846496582031,1789.88330078125,1873.9370955087902,1237.8796667881634
MI3_240820_TY1_0505_6_V02-8_1,금융기관 중소기업대출 증감액 추이에 대해 알려주세요,456.6659240722656,2168.169189453125,1644.2564147209882,833.827523666153
MI3_240820_TY1_0505_7_V02-4_1,가계대출 전년동월비 꺾은선형 차트에 대해 알려주세요,355.4114074707031,2323.1064453125,872.6844248520041,677.6065540097775
MI3_240820_TY1_0505_8_V02-8_1,자산운용사 수신 증감액 추이 본문과 자산운용사 수신 증감액 추이 차트(혼합형)에 대해 알려주세요,454.97650146484375,2344.937255859375,1632.0822200444454,682.4055522597248
MI3_240820_TY1_0522_1_V02-8_2,잔액 증감 추이에 대해 알려주세요,1310.3143310546875,2349.080078125,796.1120497639232,577.2146125817459
MI3_240820_TY1_0522_2_V01_1,나. 수신 예금은행 수신 동향 차트(세로 막대형)에 대해 알려주세요,448.23199462890625,1658.389892578125,1680.4059987316118,1061.4681280721672
MI3_240820_TY1_0522_3_V01_1,"제목에 해당하는 정보와 소제목, 기간중 잔액 증감, 억원, %의 데이터에 대해 알려주세요.",451.1507873535156,1678.4005126953125,1668.5099969781647,978.5240901104623
MI3_240820_TY1_0522_4_V01_1,2021~2022년 예금은행 여신 동향 차트(세로 막대형)에 대해 알려주세요,458.50006103515625,1596.345458984375,1670.089198187776,1312.6468620919
MI3_240820_TY1_0522_5_V01_1,비은행예금취급기관 여신 동향과 관련된 표에 대해 알려주세요,452.1974182128906,1860.3756103515625,1662.7170507279545,1057.3609878815516
MI3_240820_TY1_0522_6_V02-8_1,강원지역 금융기관별 중소기업대출 추이 차트(혼합형)에 대해 알려주세요,1328.8392333984375,2305.07958984375,755.6948294701597,557.9735112780194
MI3_240820_TY1_0522_7_V02-4_1,강원지역 가계대출 증감률 추이 꺾은선형 차트에 대해 알려주세요,405.52008056640625,2405.2470703125,775.5118141094634,518.7909751054234
MI3_240820_TY1_0531_1_V01_1,"에 대한 스웨덴, 영국, 프랑스의 협동조합 실태 차트(세로 막대형)에 대해 알려주세요",344.1884460449219,674.8287963867188,1878.4460215330716,1234.4457134268016
MI3_240820_TY1_0531_2_V02-1_1,에 대한 차트(세로 막대형)와 관련된 내용을 알려주세요.,401.09600830078125,1135.3424072265625,1776.1615831749955,1202.784759287302
MI3_240820_TY1_0531_3_V01_1,사회적금융의 의미 비교 표에 대해 알려주세요,406.021484375,1465.049072265625,1774.2907991079335,515.6372404022021
MI3_240820_TY1_0531_4_V01_1,사회적금융과 관련된 이슈 차트에 대해 알려주세요,390.4486999511719,1064.2706298828125,1785.371372852802,951.8175501805373
MI3_240820_TY1_0531_5_V01_1,IV. 강원도의 사회적경제 금융지원 방안 1. 강원도의 사회적경제 현황 <표 4-1> 강원도 사회적경제 조직의 현황에 대해 알려주세요,365.94451904296875,2058.533447265625,1815.116856355212,1022.8213096439771
MI3_240820_TY1_0533_1_V02-4_1,강원지역 청년층 인구의 유출과 정책과제 I. 문제 제기 꺾은선형에 대해 알려주세요,468.82012939453125,1923.54443359375,1632.5319861251983,1060.4633546077328
MI3_240820_TY1_0533_2_V02-4_1,<그림 2> 강원도 청년층(20~29세) 고용률 추이 꺾은선형에 대해 알려주세요,488.5644836425781,1519.7822265625,1570.660220432556,958.2764594916446
MI3_240820_TY1_0533_3_V02-1_1,강원지역 청년층 인구의 유출과 정책과제에 대한 차트(세로 막대형)에 대해 알려주세요.,499.66900634765625,611.273681640625,1572.7527526046754,1010.7863006746236
MI3_240820_TY1_0533_4_V01_1,<표 1> 시도별 전입과 전출 및 순이동 차트(세로 막대형)에 대해 알려주세요,395.0096435546875,1417.9024658203125,1798.7205599749916,1285.5937212626516
MI3_240820_TY1_0533_5_V01_1,2017-06 한국은행 강원본부 2. 지역별 인구이동의 특성 차트(표) 에 대해 알려주세요,395.92974853515625,766.2820434570312,1763.8058611419306,1210.4810549225735
MI3_240820_TY1_0533_6_V01_1,"2005년 전출지별 이동자 수(총 3,077,715명) 표에 대해 알려주세요",392.0518798828125,1098.902099609375,1783.8419729946268,1282.1476539039281
MI3_240820_TY1_0533_7_V01_1,강원지역 청년층 인구의 유출과 정책과제 본문 표준오차에 대해 알려주세요,387.61578369140625,1132.13720703125,1789.7494444572803,1197.6072130271864
MI3_240820_TY1_0533_8_V01_1,강원지역 청년층 인구의 유출과 정책과제와 관련된 추정계수 표준오차에 대해 알려주세요.,383.92608642578125,593.4359741210938,1788.3145973668113,1536.926734081874
MI3_240820_TY1_0543_1_V02-8_2,강원지역 금융기관 잔액 증감 추이 혼합형 차트에 대해 알려주세요,399.90679931640625,2341.267578125,796.5071895966219,575.1817212064032
MI3_240820_TY1_0543_2_V01_1,나. 수신 예금은행 수신 동향 차트에 대해 알려주세요,455.802490234375,1613.8079833984375,1667.9301778734443,1082.594277049961
MI3_240820_TY1_0543_3_V01_1,비은행예금취급기관 수신 동향에 대한 차트에 대해 알려주세요,442.31695556640625,1566.808837890625,1679.9507626441493,848.5523733917727
MI3_240820_TY1_0543_4_V01_1,제목에 대해 알려주세요 총대출금(여신) 차트에 대해 알려주세요,441.6642150878906,1799.69384765625,1686.7939081195982,1123.804582406356
MI3_240820_TY1_0543_5_V01_1,비은행예금취급기관 여신 동향에 대해 알려주세요,454.9846496582031,1702.491455078125,1657.2708552403733,953.3135623248903
MI3_240820_TY1_0543_6_V02-4_1,강원중소기업 대출 증감률(전년동월말대비) 꺾은선형 차트에 대해 알려주세요,1325.75439453125,2208.465576171875,763.5239978594797,558.723736658298
MI3_240820_TY1_0543_7_V02-4_1,"강원지역 가계대출 증감률 추이 (전년동월말대비, %) 차트(꺾은선형)에 대해 알려주세요",1318.0655517578125,2372.884521484375,756.4859995242813,512.5164819211427
MI3_240820_TY1_0558_1_V02-8_2,강원지역 금융기관 여신 잔액 증감 추이 차트(혼합형)에 대해 알려주세요,1306.77587890625,2358.249267578125,805.4290426581824,581.4642384842921
MI3_240820_TY1_0558_2_V01_1,에 대한 에 대해 알려주세요,456.8027648925781,1683.2557373046875,1660.6165945952596,1167.8759243459642
MI3_240820_TY1_0558_3_V01_1,비은행예금취급기관 수신 동향에 대한 표에 대해 알려주세요,464.81048583984375,1442.9708251953125,1628.9889940426865,847.152513552647
MI3_240820_TY1_0558_4_V01_1,예금은행 여신 동향 표에 대해 알려주세요,464.8887634277344,1572.26123046875,1658.6792564636783,1328.2311013169165
MI3_240820_TY1_0558_5_V01_1,"기간중 잔액 증감, 억원, % 차트(세로 막대형)에 대해 알려주세요",466.9297790527344,1692.251953125,1631.598093836487,952.5535244664455
MI3_240820_TY1_0558_6_V02-8_1,금융기관 중소기업대출 증감액 추이 차트(혼합형)에 대해 알려주세요,586.94140625,1872.2587890625,1377.7308502508868,951.8117774299916
MI3_240820_TY1_0558_7_V02-4_1,전국 및 강원지역 가계대출 증감률 추이 꺾은선형 차트에 대해 알려주세요,1316.0689697265625,2364.67626953125,766.0087068660555,504.70992224084506
MI3_240820_TY1_0559_1_V02-8_2,강원지역 금융기관 수신 및 여신 증감 추이 혼합형 차트에 대해 알려주세요,1311.78662109375,2370.415771484375,790.1303686833642,564.6544926567867
MI3_240820_TY1_0559_2_V01_1,나. 수신 예금은행 수신 동향 표에 대해 알려주세요,463.0002136230469,1679.2373046875,1647.4136222141321,1164.9841681889798
MI3_240820_TY1_0559_3_V01_1,기간중 잔액 증감에 대해 알려주세요,466.9609069824219,1518.34033203125,1625.282352339204,843.8834086917539
MI3_240820_TY1_0559_4_V01_1,제목에 따른 여신 동향 표에 대해 알려주세요,458.9562072753906,1583.065185546875,1668.602688438684,1321.5962512096696
MI3_240820_TY1_0559_5_V01_1,2019.3월중 비은행예금취급기관 여신 동향에 대해 알려주세요,463.60186767578125,1706.516845703125,1638.720755983094,954.8579247576822
MI3_240820_TY1_0559_6_V02-8_1,금융기관 중소기업대출 증감액 추이 차트(혼합형)에 대해 알려주세요,567.5361328125,1900.230224609375,1428.0113477283478,985.37849677719
MI3_240820_TY1_0559_7_V02-4_1,금융기관 가계대출 동향 차트(꺾은선형)에 대해 알려주세요,1323.8853759765625,2421.824951171875,750.8402400025443,491.3387533106351
MI3_240820_TY1_0588_1_V02-2_1,경기북부 섬유업체 기업연령 차트(가로 막대형)에 대해 알려주세요,402.96868896484375,1515.60546875,1778.637321522782,541.6216994108652
MI3_240820_TY1_0588_2_V02-2_1,제목에 따르면 경기도 내 여러 시군에서의 제품 형태 분포를 보여주는 차트에 대해 알려주세요,351.2783203125,2578.034423828125,1750.6111870685152,500.00897028907224
MI3_240820_TY1_0588_3_V01_1,섬유업체 매출액에 대해 알려주세요,409.5020446777344,778.2944946289062,1781.8585215746587,331.4611996411346
MI3_240820_TY1_0588_4_V02-2_1,섬유업체 인력채용 유인책 차트(가로 막대형)에 대해 알려주세요,394.139892578125,1323.9417724609375,1761.685586373886,469.94528132430537
MI3_240820_TY1_0588_5_V02-2_2,섬유제품 유통방식 차트(가로 막대형)에 대해 알려주세요,391.9681396484375,1258.0875244140625,1764.1142506240747,482.9520454855633
MI3_240820_TY1_0588_6_V02-1_1,섬유관련 산업 사업체수의 차트(세로 막대형)에 대해 알려주세요,378.0171813964844,994.66796875,876.6776453350335,866.5831085465209
MI3_240820_TY1_0588_7_V02-1_2,섬유 주요 품목별 수출 추이에 대해 알려주세요.,468.15966796875,2360.272705078125,1603.6365900939518,730.7444782125839
MI3_240820_TY1_0591_1_V01_1,사회성과연계채권의 흐름 본문 표에 대해 알려주세요,300.0477294921875,1926.5892333984375,1964.4761788413298,1217.6958716099834
MI3_240820_TY1_0591_2_V01_1,전국 사회적경제 조직 현황 차트(세로 막대형)에 대해 알려주세요,303.21954345703125,467.54656982421875,1974.1426278146853,1394.74663054024
MI3_240820_TY1_0591_3_V02-1_1,경기도 사회적경제조직의 추구가치 차트(세로 막대형)에 대해 알려주세요,432.8941955566406,2237.259033203125,1686.469042980645,782.5792833189234
MI3_240820_TY1_0591_4_V02-3_3,경기도 사회적기업 분야별 유형 차트(원형)에 대해 알려주세요,439.7285461425781,791.3133544921875,1699.971573840605,952.4495756812614
MI3_240820_TY1_0591_5_V02-2_2,사회적기업의 주요 자금조달방법과 관련된 차트(가로 막대형)에 대해 알려주세요,1277.4044189453125,617.0258178710938,942.9475563123791,550.8313266300684
MI3_240820_TY1_0599_1_V01_1,I 실물동향 1 생산 제조업 업종별 생산 증감률에 대해 알려주세요,347.52496337890625,981.7815551757812,1872.8398294256558,1228.2396804609964
MI3_240820_TY1_0599_2_V02-4_1,제목에 대한 차트(꺾은선형) 데이터의 시각적 표현에 대해 알려주세요,386.7710876464844,2429.192626953125,1780.6181083321485,665.3750923584702
MI3_240820_TY1_0599_3_V01_1,2 수요 소비 관련지표 차트(세로 막대형)에 대해 알려주세요,353.03460693359375,1256.032470703125,1865.2174852632868,870.9000269302662
MI3_240820_TY1_0599_4_V01_1,설비투자에 대한 표에 대해 알려주세요,364.45697021484375,1092.32421875,1848.3046092173633,760.9660238676922
MI3_240820_TY1_0599_5_V02-8_1,건설수주액 및 건축허가·착공면적 증감률에 대한 혼합형 차트에 대해 알려주세요,372.1233215332031,2268.099853515625,1827.6240830474806,816.150933612328
MI3_240820_TY1_0599_6_V01_1,T01 T02 T03 V01에 대해 알려주세요,319.3697509765625,1059.1468505859375,1880.7375355790177,1993.4973447256377
MI3_240820_TY1_0599_7_V02-8_1,2019년 8월중 경기지역 수출입 증감률 및 수출입차 혼합형에 대해 알려주세요,376.2867126464844,1866.5313720703125,1826.3098056965025,830.6096766141819
MI3_240820_TY1_0616_1_V02-1_1,II 경기지역 인구 추이에 대한 차트(세로 막대형)에 대해 알려주세요,338.298583984375,2440.552734375,889.2606284787504,674.0205657370695
MI3_240820_TY1_0616_2_V02-8_1,자연증가와 자연증가율 차트(혼합형)에 대해 알려주세요,1284.7095947265625,2363.84716796875,880.8674728137489,665.8430175591272
MI3_240820_TY1_0616_3_V02-1_1,시·도별 생산가능인구 차트(세로 막대형)에 대해 알려주세요,1293.524658203125,1916.7557373046875,873.7803082907407,666.5600855794299
MI3_240820_TY1_0616_4_V02-4_2,에 대한 차트(꺾은선형) (명)에 대해 알려주세요,1297.5950927734375,1384.1873779296875,876.699777359877,671.2154658973328
MI3_240820_TY1_0616_5_V02-1_1,전국 4년제 대학교 졸업 이상 차트(세로 막대형)에 대해 알려주세요,344.9402770996094,2412.5068359375,886.3620892400307,690.6942865172941
MI3_240820_TY1_0640_1_V01_2,미분양주택 현황 표에 대해 알려주세요,384.13336181640625,1603.173583984375,1792.5407833969464,687.7600878366686
MI3_240820_TY1_0640_2_V01_1,경남지역 수출입 증가율 세로 막대형에 대해 알려주세요,363.2033996582031,1924.86474609375,1821.0911672207803,1162.973546177453
MI3_240820_TY1_0640_3_V02-4_1,비농림어업 취업자수 증감 꺾은선형 차트에 대해 알려주세요,1304.3094482421875,1409.6396484375,868.7176255157513,707.2031648446001
MI3_240820_TY1_0645_1_V02-4_1,경남지역 대형소매점 판매 꺾은선형 차트에 대해 알려주세요,357.4505615234375,1033.7138671875,909.2710373017085,760.5802852304145
MI3_240820_TY1_0645_2_V02-8_1,전년동월대비 건설투자 비율의 혼합형에 대해 알려주세요,1292.7022705078125,802.7954711914062,896.0853310549522,734.0175505800993
MI3_240820_TY1_0645_3_V02-8_1,경남지역 수출입 증가율 혼합형에 대해 알려주세요,402.7117614746094,1071.215576171875,1755.8642431436256,814.3683338965003
MI3_240820_TY1_0662_1_V02-1_1,제조업 생산지수 차트(세로 막대형)에 대해 알려주세요,1316.434814453125,1290.02099609375,830.5649047320281,634.3813594125247
MI3_240820_TY1_0662_2_V02-8_1,경남지역 소비 관련 주요지표 차트(혼합형)에 대해 알려주세요,1295.5816650390625,1282.0987548828125,873.9387648624827,775.8280075301512
MI3_240820_TY1_0662_3_V02-4_1,경남·전국 제조업 설비투자실행BSI 꺾은선형 차트에 대해 알려주세요,367.6556396484375,1094.7935791015625,864.2978040199282,745.522746470001
MI3_240820_TY1_0662_4_V01_1,건축착공면적 차트에 대해 알려주세요,368.9845275878906,1479.0687255859375,1828.5275226857527,778.6855226002267
MI3_240820_TY1_0663_1_V02-1_1,경남지역 승용차 신규 등록 대수 차트(세로 막대형)에 대해 알려주세요,1295.5816650390625,1282.0987548828125,873.9387648624827,775.8280075301512
MI3_240820_TY1_0663_2_V02-4_1,경남·전국 기계류 수입액 꺾은선형 차트에 대해 알려주세요,367.6556396484375,1094.7935791015625,864.2978040199282,745.522746470001
MI3_240820_TY1_0663_3_V01_2,미분양주택 현황에 대한 표에 대해 알려주세요,366.68719482421875,2545.553955078125,1864.215072942882,582.0608337441743
MI3_240820_TY1_0663_4_V01_1,경남지역 수출입 증가율 세로 막대형에 대해 알려주세요,365.52252197265625,1978.3865966796875,1813.1599273497222,1106.699113556834
MI3_240820_TY1_0666_1_V02-1_1,경남지역 승용차 신규등록대수에 대해 알려주세요,353.7662658691406,1378.4176025390625,903.9836779435317,690.9270003359659
MI3_240820_TY1_0666_2_V02-4_2,경남·전국 제조업 설비투자실행BSI 꺾은선형에 대해 알려주세요,1306.349609375,1163.0224609375,865.9732050303662,683.7847568921492
MI3_240820_TY1_0666_3_V02-8_2,경남지역 건설투자 관련 지표 혼합형에 대해 알려주세요,341.1091003417969,733.442626953125,898.3485361189271,611.6030668533674
MI3_240820_TY1_0666_4_V01_1,대외거래 표에 대해 알려주세요,352.7403564453125,1947.3687744140625,1857.8197663906108,1124.513455936528
MI3_240820_TY1_0670_1_V02-8_2,경남지역 승용차 신규등록대수 혼합형에 대해 알려주세요,1293.8431396484375,1390.3826904296875,891.7324561083259,687.8429298176853
MI3_240820_TY1_0670_2_V02-4_1,나. 설비투자 경남·전국 기계류 수입액 차트(꺾은선형)에 대해 알려주세요,358.55963134765625,1328.3603515625,885.2170591944438,687.1899398647121
MI3_240820_TY1_0670_3_V02-4_1,건축허가면적 및 건축착공면적 차트(영역형)에 대해 알려주세요,1293.305908203125,2437.16748046875,875.5992844869835,632.2815037088956
MI3_240820_TY1_0670_4_V01_1,경남지역 수출입 증가율 세로 막대형에 대해 알려주세요,348.60302734375,1953.84814453125,1850.0690372778442,1146.1307261629988
MI3_240820_TY1_0675_1_V02-8_2,경남지역 승용차 신규등록대수에 대한 혼합형 차트에 대해 알려주세요,1299.26123046875,1292.517578125,882.2615483096215,709.354509673331
MI3_240820_TY1_0675_2_V01_1,나. 설비투자 관련 막대형 차트에 대해 알려주세요,353.9127502441406,2095.8583984375,1849.0806006633393,978.8806948189489
MI3_240820_TY1_0675_3_V01_2,2020년부터 2023년까지의 미분양주택 현황에 대해 알려주세요,367.21356201171875,1746.534423828125,1850.5772687128197,589.8214928560701
MI3_240820_TY1_0675_4_V02-8_1,대외거래 경남지역 수출입 증가율 혼합형에 대해 알려주세요,393.8188171386719,1416.3389892578125,1792.7013916302699,578.919400208925
MI3_240820_TY1_0683_1_V02-8_1,2023년 10월중 대형소매점 판매액지수와 소비 추세에 대해 알려주세요,357.3785705566406,1464.68310546875,900.8026806426753,641.0396343669507
MI3_240820_TY1_0683_2_V02-4_2,나. 설비투자에 대한 경남·전국 제조업 설비투자실행 BSI 꺾은선형에 대해 알려주세요.,1307.5064697265625,1233.292724609375,862.4035061089677,690.0831181334303
MI3_240820_TY1_0683_3_V02-4_2,[그림 2.6] 경남지역 미분양주택 통계에 대해 알려주세요,329.906982421875,2482.655029296875,901.1472661332252,620.3503369266634
MI3_240820_TY1_0683_4_V02-8_2,대외거래에 대한 경남지역 수입과 관련된 혼합형 차트에 대해 알려주세요.,1297.234619140625,1300.07275390625,889.8611771181612,589.9504611348448
MI3_240820_TY1_0696_1_V02-4_1,2012년 3월말 현재 경북동해안지역 금융기관의 수신 추세와 관련된 꺾은선형 차트에 대해 알려주세요,1319.0511474609375,2107.594970703125,829.2540368633233,671.4506624246395
MI3_240820_TY1_0696_2_V02-4_1,예금은행의 요구불예금 회전율과 어음부도율에 대해 알려주세요,456.96099853515625,2232.149658203125,1640.6030959917896,750.9739412268124
MI3_240820_TY1_0696_3_V02-4_2,Ⅱ. 실물동향 경북동해안지역 수출 및 수입 꺾은선형에 대해 알려주세요,1276.6533203125,2007.090087890625,930.2728744765903,780.43305298624
MI3_240820_TY1_0696_4_V02-4_1,경북동해안지역 어음부도율 차트(꺾은선형)에 대해 알려주세요,322.0693664550781,1520.2313232421875,1932.8319961930154,757.7661079065459
MI3_240820_TY1_0700_1_V02-4_1,포스코 관련 자료 차트(꺾은선형)에 대해 알려주세요,326.4140625,1318.5771484375,956.8974906132844,590.3617156443228
MI3_240820_TY1_0700_2_V02-4_1,O 소비자물가는 1%대 초반의 낮은 물가 상승세가 이어졌으며에 대해 알려주세요,343.8942565917969,773.6671142578125,932.5438335325829,698.537400925637
MI3_240820_TY1_0700_3_V02-4_2,울릉군 관광객수 월별 증감률 추이에 대해 알려주세요,324.0994567871094,589.2030029296875,938.8931624425029,622.8024976705808
MI3_240820_TY1_0700_4_V01_1,예대율 표에 대해 알려주세요,1202.128173828125,588.483642578125,976.8507060277963,420.43604738201867
MI3_240820_TY1_0711_1_V02-4_1,"포항 철강산단 철강생산액 증감률 (전년동월대비, %)에 대해 알려주세요",371.9042663574219,1148.63720703125,857.0694398054619,675.9469032369092
MI3_240820_TY1_0711_2_V02-4_1,"에 관련된 (전년동월대비, %) 차트(꺾은선형)에 대해 알려주세요",386.99530029296875,1780.70947265625,836.2349421206293,742.2131941836273
MI3_240820_TY1_0711_3_V02-1_2,포항크루즈 월별 탑승객수 차트에 대해 알려주세요,1292.1058349609375,2178.309814453125,872.5526748700976,663.7510215139187
MI3_240820_TY1_0711_4_V02-1_1,11월중 경북동해안지역의 수산물 생산량과 관련된 차트(세로 막대형)에 대해 알려주세요,361.30364990234375,1150.2779541015625,889.2850656412347,729.4285625896429
MI3_240820_TY1_0720_1_V02-4_2,이 문서에서 월별 증감률 추이에 대한 차트(꺾은선형)에 대해 알려주세요,1285.2723388671875,2120.04052734375,881.9598323647936,641.4671685127876
MI3_240820_TY1_0720_2_V02-1_1,포항운하관 방문객수에 대한 그래프 정보를 포함해 설명해 주세요,336.4404296875,2456.1484375,896.8018476049539,645.7633117181756
MI3_240820_TY1_0720_3_V02-4_1,경북동해안 단위당 수산물생산액 증감률 차트(꺾은선형)에 대해 알려주세요,1301.48046875,1223.68896484375,880.9896109678496,702.3922434618263
MI3_240820_TY1_0720_4_V02-1_1,이 문서에서 경북동해안지역 수출과 철강산단 수출에 대한 정보가 담긴 차트(세로 막대형)에 대해 알려주세요,1290.9290771484375,1646.176025390625,884.6896319294774,534.5070497159644
MI3_240820_TY1_0725_1_V02-4_1,연도별 월별 울릉군 관광객수 추이 차트(꺾은선형)에 대해 알려주세요,1305.125244140625,857.4036865234375,878.6290211728442,635.8851626008147
MI3_240820_TY1_0725_2_V01_1,경주 보문관광단지 숙박객수 통계와 관련된 표에 대해 알려주세요,363.8133544921875,1782.074462890625,1865.423398181418,490.5048216176773
MI3_240820_TY1_0725_3_V02-1_1,경북동해안지역 수산물 생산량 차트(세로 막대형)에 대해 알려주세요,1303.7559814453125,1161.7061767578125,884.0241019399036,638.0919162816747
MI3_240820_TY1_0725_4_V02-8_1,나. 수출입 경북동해안지역 수출 철강산단 수출 혼합형에 대해 알려주세요,1296.2584228515625,1515.2352294921875,888.3690391733583,590.9616708723217
MI3_240820_TY1_0727_1_V02-8_1,포항 철강산단 생산액 및 증감률 혼합형에 대해 알려주세요,376.3885192871094,902.567626953125,1812.4461955119946,770.9434220088617
MI3_240820_TY1_0727_2_V02-4_1,울릉도 입도관광객수 추이에 대해 알려주세요,354.42138671875,770.0840454101562,882.5911761850832,634.3422315804171
MI3_240820_TY1_0727_3_V02-1_2,에 대한 영역형 차트에 대해 알려주세요.,1296.9207763671875,2447.69384765625,884.5201178264854,640.826906631643
MI3_240820_TY1_0727_4_V02-4_1,경북동해안지역 수산물 생산량 변화에 대해 알려주세요,360.98876953125,1094.434326171875,878.1106316050514,638.3683228088385
MI3_240820_TY1_0762_1_V02-4_2,포항운하 방문객수와 크루즈 탑승객수 증감률에 대해 알려주세요,361.7130126953125,762.4756469726562,885.3197931442946,681.596323260977
MI3_240820_TY1_0762_2_V02-4_1,이 문서에서 경북동해안지역 수산물 생산액 증감률에 대한 차트(꺾은선형)에 대해 알려주세요,361.931884765625,1341.4754638671875,885.5064983462676,639.5071780065676
MI3_240820_TY1_0762_3_V02-4_1,이 문서에서 경북동해안지역 수출에 대한 꺾은선형 차트에 대해 알려주세요.,1296.10791015625,1609.4637451171875,884.8810909984084,584.1099064689137
MI3_240820_TY1_0762_4_V02-4_1,경북동해안지역 수입 차트(꺾은선형)에 대해 알려주세요,366.15655517578125,1145.999267578125,869.8431557594555,640.0705334688188
MI3_240820_TY1_0833_2_V02-6_1,타지역 생산유발률과 최종수요의존도에 대해 알려주세요,503.8453369140625,1942.5926513671875,1552.031504549765,1041.109933151004
MI3_240820_TY1_0833_3_V02-6_1,전후방연관성이 높은 지역 차트(분산형)에 대해 알려주세요,502.2485656738281,511.7832946777344,1567.179785424117,1067.8540195817113
MI3_240820_TY1_0835_1_V01_1,2017년 1월중 건축착공면적과 관련된 표에 대해 알려주세요,384.02197265625,1496.732177734375,1823.5830500114619,1340.0395774787742
MI3_240820_TY1_0835_2_V01_1,대구경북지역 미분양주택 현황 세로 막대형에 대해 알려주세요,402.4866638183594,2417.337158203125,1753.9622607769795,475.1894152928365
MI3_240820_TY1_0835_3_V02-8_1,대구경북지역 수출입 차트(혼합형)에 대해 알려주세요,464.83917236328125,1936.83935546875,1650.862361185932,1000.4757536148655
MI3_240820_TY1_0840_1_V01_1,건설투자 관련 지표 증감률에 대해 알려주세요,385.3716735839844,1424.5455322265625,1815.010974878415,1475.6278923167422
MI3_240820_TY1_0840_2_V01_1,대구경북 미분양주택 표에 대해 알려주세요,404.6871643066406,2373.20068359375,1748.7731205256825,540.9498141363648
MI3_240820_TY1_0840_3_V02-8_1,수출 및 수입 차트(혼합형)에 대해 알려주세요,468.9962158203125,1757.7615966796875,1648.226613974597,977.3828533423759
MI3_240820_TY1_0872_1_V02-1_2,세계교역은 부진한 흐름이 지속될 전망과 관련된 주요국 소비자물가상승률 전망 차트에 대해 알려주세요.,1307.69970703125,1940.9798583984375,848.524475615566,689.7288663433674
MI3_240820_TY1_0872_2_V02-8_1,시간당임금상승률 및 실업률 혼합형에 대해 알려주세요,376.0986022949219,2134.092529296875,843.74750663316,644.6991901360182
MI3_240820_TY1_0872_3_V02-8_1,제목에 관련된 빈 일자리율과 실업률 혼합형에 대해 알려주세요,1302.3441162109375,2161.421630859375,846.6886504442018,675.8804480975662
MI3_240820_TY1_0872_4_V02-4_1,일본 성장률 전망(%) 차트(꺾은선형)에 대해 알려주세요,1310.434814453125,2031.6983642578125,828.2109056806856,628.784392620304
MI3_240820_TY1_0878_1_V02-8_1,세계교역량 차트(혼합형)에 대해 알려주세요,1299.526123046875,2256.70263671875,870.2199337803207,745.9892746512065
MI3_240820_TY1_0878_2_V01_1,미국 주요 경제지표 실업률 차트(원형)에 대해 알려주세요,351.20526123046875,2330.117919921875,882.156334631987,730.2484750853496
MI3_240820_TY1_0878_3_V02-4_1,구매관리자지수(PMI) 꺾은선형 차트에 대해 알려주세요,1304.5279541015625,2350.130126953125,833.7362157179998,637.3321578479732
MI3_240820_TY1_0878_4_V01_1,일본 주요 경제지표 (전월대비) 차트(세로 막대형)에 대해 알려주세요,355.8013610839844,2237.857421875,870.0424022350093,698.5875551948583
MI3_240820_TY1_0890_1_V02-4_1,V. 시장에 반영된 연준의 예상 금리인상속도 변화 차트(꺾은선형)에 대해 알려주세요,339.3601379394531,1303.95703125,946.0223261171251,658.2454587973668
MI3_240820_TY1_0890_2_V02-4_1,FOMC Rate 차트(꺾은선형)에 대해 알려주세요,338.4405212402344,2178.25244140625,1887.037219278626,656.8775532438935
MI3_240820_TY1_0890_3_V02-4_1,VII. 2015년 중 방일 외국인 여행객 추이에 대해 알려주세요,368.3910827636719,1560.8951416015625,836.9235148079011,458.4482819188001
MI3_240820_TY1_0890_4_V02-1_1,방일 외국인 여행객 소비액에 대해 알려주세요,962.5955200195312,507.2501220703125,595.0307799534291,474.08509325226396
MI3_240820_TY1_0902_1_V02-4_1,경주지역 관광객 비중 추이 (경상북도 대비) 차트(가로 막대형)에 대해 알려주세요,321.3966064453125,1910.4967041015625,945.9745988906235,748.2448566077329
MI3_240820_TY1_0902_2_V02-4_1,경상북도내 관광객 비중 추이 차트(꺾은선형)에 대해 알려주세요,594.7362670898438,1077.7459716796875,1363.1332522952398,780.9874770018629
MI3_240820_TY1_0902_3_V01_1,교토의 자매도시 현황 표에 대해 알려주세요,380.39227294921875,888.485107421875,1816.729858934996,770.4676279219051
MI3_240820_TY1_0912_1_V01_1,고령화와 주택연금 관련 데이터의 시각적 표현인 표에 대해 알려주세요,386.7247314453125,959.5379028320312,1783.7620802312567,1132.9762910849777
MI3_240820_TY1_0912_2_V02-3_1,2016-7 한국은행 경기본부 차트(원형)에 대해 알려주세요,705.2538452148438,652.3827514648438,918.6410729719989,694.0965540073461
MI3_240820_TY1_0912_3_V01_1,고령화와 주택연금에 대한 연구의 변수 정의 표에 대해 알려주세요,381.70892333984375,681.0603637695312,1791.9155709417348,1444.5151397067552
MI3_240820_TY1_0936_1_V01_1,각 변수 및 국가별 요약 통계 차트(세로 막대형)에 대해 알려주세요,332.7033386230469,477.9330749511719,1897.775082777036,2314.5892467394583
MI3_240820_TY1_0936_2_V01_1,국가별 요약 통계 표에 대해 알려주세요,373.0025634765625,509.92120361328125,1853.3850066964574,802.86162817463
MI3_240820_TY1_0955_1_V02-2_2,우리나라의 자본스톡 확정추계 결과와 관련된 주거용 및 비주거용 부동산 구성에 대해 알려주세요.,366.1590881347656,1456.4212646484375,881.7595022849777,783.5562842079025
MI3_240820_TY1_0955_2_V03_1,경제활동별 자본스톡 규모 및 비중에 대해 알려주세요,500.9735107421875,580.0347900390625,1551.1756866407973,944.958517840824
MI3_240820_TY1_0955_3_V02-1_2,우리나라의 자본스톡 변동에 대한 차트(세로 막대형)에 대해 알려주세요,1299.4364013671875,1930.8331298828125,874.7934184164437,708.8051759943802
MI3_240820_TY1_0955_4_V02-1_1,제도부문별 자본스톡 변동 및 차트(세로 막대형)에 대해 알려주세요,1298.843017578125,828.4130249023438,881.4072997279546,726.6511390538323
MI3_240820_TY1_0957_1_V02-8_1,자본소득과 자본서비스가액을 최소화하는 분석에 대해 알려주세요,1307.7086181640625,1367.5245361328125,862.9805658779911,617.1067019403621
MI3_240820_TY1_0957_2_V02-4_2,사후내생수익률 추정 결과와 시장금리-CPI% 비교에 대해 알려주세요,360.0308837890625,1520.315673828125,874.9824737469022,713.6957091804546
MI3_240820_TY1_0957_3_V01_2,부문별 저축투자차액 비중에 대한 차트(명목GDP 대비)에 대해 알려주세요,369.6905212402344,2388.27001953125,860.2752514480875,586.5944851099249
MI3_240820_TY1_0958_1_V02-4_1,제품별 가격 및 판매량 차트(꺾은선형)에 대해 알려주세요,502.1438293457031,2304.01513671875,1548.3248984052898,767.865299354412
MI3_240820_TY1_0958_2_V02-8_1,최근 경상수지 동향과 경상수지 추이에 대한 혼합형 차트에 대해 알려주세요,498.68157958984375,1764.59521484375,1564.8196726079213,1115.8865864811803
MI3_240820_TY1_0958_3_V02-8_1,최근 경상수지 및 수출입 추이에 대한 혼합형 차트에 대해 알려주세요,506.45849609375,547.552490234375,1575.552436939328,1056.8353771862644
MI3_240820_TY1_0958_4_V02-4_1,최근 유가 하락의 경상수지 흑자 확대 효과 차트(꺾은선형)에 대해 알려주세요,500.5578308105469,1560.565673828125,1561.78427682947,1110.8338971325502
MI3_240820_TY1_1000_2_V02-4_1,제목에 대한 기대인플레이션 및 실제인플레이션의 변동 추이에 대해 알려주세요,418.953369140625,2422.955078125,615.7559878999549,631.2243885395087
MI3_240820_TY1_1000_3_V02-4_5,충격반응분석 결과 실제인플레이션에 대해 알려주세요,331.20166015625,860.0064086914062,894.9243405073273,556.5852428124006
MI3_240820_TY1_1010_1_V02-4_1,세계 자동차판매대수 증가율 꺾은선형에 대해 알려주세요,399.50042724609375,2347.9287109375,740.4447904409507,655.5730425067302
MI3_240820_TY1_1010_2_V02-4_2,중동지역 지정학적 리스크와 차트(꺾은선형)에 대해 알려주세요,350.0015563964844,734.2999877929688,901.3889401551668,656.4745364801653
MI3_240820_TY1_1010_3_V02-1_1,달러화 강세가 국제유가에 미칠 추가적 영향 연간 평균과 관련된 차트에 대해 알려주세요,1302.7249755859375,572.81982421875,882.0311567045558,492.5587960786865
MI3_240820_TY1_1010_4_V03_1,이와 같이 저유가가 장기간 지속될 경우 원유 수입국과 수출국간에 그 영향 이 차별화되면서 글로벌 경제에 대한 파급영향도 긍정적·부정적 효과가 혼재에 대해 알려주세요,331.176025390625,2490.658447265625,883.4751170748073,622.7723897800628
MI3_240820_TY1_1010_5_V03_1,제목에 대한 국제유가 하락이 원유수출국에 미치는 영향과 관련된 다이어그램에 대해 알려주세요,517.4011840820312,683.3988037109375,1516.757226465002,910.1753781512577
MI3_240820_TY1_1014_1_V02-1_1,충북의 고용구조 차트(세로 막대형)에 대해 알려주세요,327.3996887207031,644.0723266601562,914.8198843759108,580.0416894041418
MI3_240820_TY1_1014_3_V02-1_2,충북경제 특징에 대해 알려주세요,349.4178771972656,2022.6533203125,930.652935379741,911.3830191904175
MI3_240820_TY1_1019_1_V02-4_1,주요국의 실질실효환율 꺾은선형에 대해 알려주세요,1314.527099609375,565.6124877929688,852.8044414008141,682.5842019136726
MI3_240820_TY1_1019_2_V01_1,"그리스, 스페인, 포르투갈의 지역별 상품수지에 대해 알려주세요",427.4472351074219,846.7446899414062,1731.8823524429995,606.1334638517263
MI3_240820_TY1_1019_3_V01_1,차입 국가별 역내 차입 현황에 대해 알려주세요,463.61376953125,2455.380859375,1638.8071369573572,597.3341244771758
MI3_240820_TY1_1056_1_V02-4_2,주요국 금리 및 주가 차트(꺾은선형)에 대해 알려주세요,1333.77734375,1366.365478515625,830.436176149721,850.5828190680281
MI3_240820_TY1_1056_2_V02-1_2,선진국 및 신흥국 성장률에 대한 통계 자료를 기반으로 한 비율 차트에 대해 알려주세요,381.8783264160156,1955.558837890625,824.2389342736574,886.2772602266286
MI3_240820_TY1_1056_3_V02-8_1,가계신용대출 증가율와 BIS자기자본비율 혼합형에 대해 알려주세요,363.0094299316406,2175.53076171875,842.2148223838257,878.9721985293356
MI3_240820_TY1_1056_4_V02-3_1,부동산담보 기타 비율과 관련된 차트(원형)에 대해 알려주세요,1302.45166015625,2121.22021484375,872.2415136330809,725.3715169921453
MI3_240820_TY1_1107_1_V01_1,미국 주요 기업 대주주의 지분율 분포 차트(세로 막대형)에 대해 알려주세요,414.7323303222656,1372.5189208984375,1738.5002281697216,460.7802320859073
MI3_240820_TY1_1107_2_V02-1_2,토빈Q의 분포 차트(세로 막대형)에 대해 알려주세요,468.0034484863281,2433.9208984375,1626.324257554271,563.2394824000868
MI3_240820_TY1_1107_3_V01_1,기업의 소유지배구조와 경영성과간의 관계에 대해 알려주세요,396.98040771484375,729.8670043945312,1755.672777354531,1529.6021814009935
MI3_240820_TY1_1112_1_V01_1,원시 데이터의 기본 통계량 표에 대해 알려주세요,355.694091796875,1532.244384765625,1874.3160542402413,1024.7904453007536
MI3_240820_TY1_1112_2_V02-4_2,연평균 기온에 대한 차트(꺾은선형)에 대해 알려주세요,417.70550537109375,566.3128662109375,1712.4914355364035,1043.0110460499116
MI3_240820_TY1_1122_2_V01_2,로그 라스파이레스 지수와 관련된 내용에 대해 알려주세요,395.4049072265625,632.798828125,1804.8283266748447,691.99961314605
MI3_240820_TY1_1131_1_V01_1,도심 개발 프로젝트 비용 및 자금조달원에 대해 알려주세요,344.4909362792969,1785.0611572265625,1905.9798527243095,624.37531240379
MI3_240820_TY1_1131_2_V02-3_1,업종별 고용 비중 차트(원형)에 대해 알려주세요,432.6658630371094,1353.8948974609375,1701.292915715451,716.2666209333142
MI3_240820_TY1_1142_1_V01_2,금융동향 한국은행 예금 및 대출금에 대해 알려주세요,403.53564453125,1385.1082763671875,1764.5585658617695,588.1003112844598
MI3_240820_TY1_1142_2_V01_1,11. 실물동향 생산 관련 지표 표에 대해 알려주세요,355.5985107421875,1311.4561767578125,1873.6119571236995,1227.830575074049
MI3_240820_TY1_1142_3_V01_1,11. 실물동향 본문 표에 대해 알려주세요,358.22442626953125,1361.8704833984375,1892.8496067721478,565.5332669539978
MI3_240820_TY1_1143_1_V02-8_1,대전지역 벤처 자금공급 규모에 대한 창업투자회사 현황 및 투자실적 차트(혼합형)에 대해 알려주세요,462.23004150390625,1178.403076171875,1651.9745132838864,736.2441790013764
MI3_240820_TY1_1143_5_V01_1,2016-12 한국은행 대전충남본부 업무집행 운영책임자 모태 대학 등 결성 매칭 조합 명칭 표에 대해 알려주세요,401.9774475097656,1940.03369140625,1745.12382815401,712.2201885400007
MI3_240820_TY1_1149_1_V02-1_2,T01 T02 T03 차트(세로 막대형)에 대해 알려주세요,904.4130859375,1754.8658447265625,1217.4083357697148,654.4401827237244
MI3_240820_TY1_1149_2_V02-8_2,충북의 소득순유출 관련된 혼합형 차트에 대해 알려주세요,364.1841735839844,1765.83056640625,875.0789751175988,537.7325011422766
MI3_240820_TY1_1162_1_V02-4_1,신흥시장국과 미국의 GDP 성장률 비율에 대한 꺾은선형 차트에 대해 알려주세요,380.4226379394531,2071.79052734375,831.1205456840388,749.7016861895808
MI3_240820_TY1_1162_2_V02-1_1,선진국과 신흥시장국의 포트폴리오 투자 및 은행 대출에 대해 알려주세요,1316.372802734375,847.473388671875,825.843588477624,714.0491495465254
MI3_240820_TY1_1162_3_V02-8_1,선진국의 경기침체 발생 비중에 대한 혼합형 차트에 대해 알려주세요,504.1264953613281,1490.3548583984375,1559.7055716201594,796.2798052561459
MI3_240820_TY1_1168_1_V02-3_1,이 보고서의 제목에 관련하여 가계대출 구성비를 보여주는 차트(원형)에 대해 알려주세요,385.6760559082031,2401.228759765625,828.8824363631344,700.9224358942181
MI3_240820_TY1_1168_2_V02-1_1,말레이시아의 GDP 및 가계소비 변화에 대한 꺾은선형 차트에 대해 알려주세요,1315.98193359375,1691.762939453125,848.8223448205114,747.9665270092006
MI3_240820_TY1_1168_3_V02-8_1,정책금리 및 신용카드 이용잔액에 대한 차트(혼합형)에 대해 알려주세요,386.57183837890625,1590.0361328125,829.7322184132917,641.066776543135
MI3_240820_TY1_1205_1_V02-4_1,II. 미국경제 주요 이슈 점검 꺾은선형에 대해 알려주세요,992.1611328125,1583.1737060546875,600.5901131306563,504.8796134465506
MI3_240820_TY1_1205_2_V02-1_1,80% 76% 70% 63% 차트(세로 막대형)에 대해 알려주세요,1475.1978759765625,1775.7529296875,622.6394753698598,555.5579585537711
MI3_240820_TY1_1205_3_V02-1_1,미국 경제성장률에 미치는 유럽 및 중국의 영향에 대해 알려주세요,1315.6376953125,2483.31640625,816.4747576371417,585.1011274171923
MI3_240820_TY1_1205_4_V01_1,여러 기관의 실업률 전망을 비교한 표에 대해 알려주세요,440.9303283691406,2166.92236328125,1615.3798014248157,333.6971092042343
MI3_240820_TY1_1222_1_V02-2_1,인구구조의 변화 유형 차트(가로 막대형)에 대해 알려주세요,398.68695068359375,531.2792358398438,1760.445335632898,810.9855362771432
MI3_240820_TY1_1222_2_V01_1,지난 10년 동안 전국의 노인 인구 비율 변화에 대해 알려주세요,348.2214660644531,751.7440185546875,1852.989734779397,1984.6658849949345
MI3_240820_TY1_1222_3_V02-1_1,제목에 관련된 내용 중 베이비붐 세대가 희망하는 노후생활에 대한 차트(세로 막대형)에 대해 알려주세요.,470.74749755859375,1625.4656982421875,1591.7316253746403,1094.2131300401497
MI3_240820_TY1_1225_1_V02-8_1,<그림 IV-17> 혼합형에 대해 알려주세요,331.9517822265625,2252.438720703125,892.9626333691576,843.357059026364
MI3_240820_TY1_1225_2_V02-8_3,대출채권 종류별 비중 추이 혼합형에 대해 알려주세요,324.75775146484375,2398.81787109375,898.8482042634986,742.1392038571084
MI3_240820_TY1_1225_3_V02-4_1,IV. 금융기관의 건전성에 대해 알려주세요,334.77362060546875,581.6582641601562,893.8429294118943,708.2921808560325
MI3_240820_TY1_1225_4_V03_1,중소기업 진흥 및 산업기반기금 자금시장 재원조성 다이어그램에 대해 알려주세요,307.3809814453125,1155.34716796875,842.6228244769252,521.3592788084885
MI3_240820_TY1_1236_1_V02-8_1,정부부채 및 재정적자 차트(혼합형)에 대해 알려주세요,486.2508850097656,670.5878295898438,1610.8290487500235,693.7261544354692
MI3_240820_TY1_1236_2_V02-4_1,해외경제 포커스 제2010-4호의 꺾은선형에 대해 알려주세요,542.4190063476562,677.5585327148438,1504.3867687034917,674.0937446841103
MI3_240820_TY1_1236_3_V02-4_1,해외경제 포커스 제2010-4호 차트(꺾은선형)에 대해 알려주세요,465.6073303222656,1983.2615966796875,1632.3601057317085,827.879448787144
MI3_240820_TY1_1244_1_V02-4_1,해외경제 포커스 제2012-5호 차트(꺾은선형)에 대해 알려주세요,638.107666015625,1555.5916748046875,1201.2980701260103,577.9452319671022
MI3_240820_TY1_1263_1_V02-4_5,핀란드와 독일의 감지 GDP 대비 차트(꺾은선형)에 대해 알려주세요,497.933837890625,1663.4591064453125,1564.2552547592268,652.1050254335667
MI3_240820_TY1_1263_2_V02-4_1,제목에 대한 꺾은선형 차트에 대해 알려주세요,1338.1405029296875,2053.280029296875,752.694879699494,554.4820454838114
MI3_240820_TY1_1263_3_V02-4_3,회원국별 가계대출금리와 관련된 꺾은선형 차트에 대해 알려주세요,499.0744323730469,675.3988037109375,1579.0096492281846,631.308436520883
MI3_240820_TY1_1278_1_V01_1,해외경제 포커스 제2013-34호의 백만톤 차트에 대해 알려주세요,1281.8419189453125,1148.5889892578125,794.3924229204916,591.4859944772453
MI3_240820_TY1_1278_2_V02-4_1,해외경제 포커스 주요국 주가 변화에 대해 알려주세요,529.7830810546875,672.5084228515625,1481.432327653069,529.3947893765139
MI3_240820_TY1_1278_3_V02-4_1,해외경제 포커스 제2013-34호 차트(꺾은선형)에 대해 알려주세요,424.31494140625,2280.9013671875,755.1910060859209,620.3296101493976
MI3_240820_TY1_1289_1_V02-1_2,해외경제 포커스 차트(세로 막대형)에 대해 알려주세요,490.5538635253906,1210.40185546875,1599.2924747464517,630.6837428475059
MI3_240820_TY1_1289_2_V02-1_3,해외경제 포커스 제2013-48호의 차트(세로 막대형)에 대해 알려주세요,1331.070068359375,2330.856689453125,767.887974890476,577.4340779805896
MI3_240820_TY1_1289_3_V02-4_1,농산물가격 소제목 차트(꺾은선형)에 대해 알려주세요,483.22210693359375,1558.2750244140625,1597.2864501265553,546.604042809935
MI3_240820_TY1_1292_1_V02-8_1,노동생산성 증가율 혼합형에 대해 알려주세요,1320.35546875,1944.146240234375,810.305069667601,696.6779537303117
MI3_240820_TY1_1292_2_V02-4_1,3차트(꺾은선형)에 대해 알려주세요,526.243408203125,1676.759521484375,1500.7534179640406,530.3891154103097
MI3_240820_TY1_1292_3_V02-4_4,금 가격 변화 꺾은선형에 대해 알려주세요,463.2196350097656,643.7319946289062,1601.4345138786427,545.78937206282
MI3_240820_TY1_1296_1_V02-8_3,해외경제 포커스 금융·외환시장 혼합형에 대해 알려주세요,984.6142578125,1116.5548095703125,521.6940125616484,457.6621254272741
MI3_240820_TY1_1296_2_V02-4_1,해외경제 포커스 III. 주요 이슈 점검 차트(꺾은선형)에 대해 알려주세요,421.4671630859375,1493.6375732421875,772.6877389410668,571.0369151699149
MI3_240820_TY1_1296_3_V02-4_3,해외경제 포커스 제2015-2호에서 CPI와 물가기대지수에 대한 차트(꺾은선형)에 대해 알려주세요,1331.3580322265625,2378.50390625,756.776938995948,549.4296819276702
MI3_240820_TY1_1306_1_V02-8_1,부산지역 제조업의 재고증가율과 출하증가율에 대해 알려주세요,552.9902954101562,2451.689208984375,1361.1299929673028,585.717367562409
MI3_240820_TY1_1306_2_V01_1,지역내 수요와 관련된 다양한 지표들에 대해 알려주세요.,0.0,0.0,0.0,0.0
MI3_240820_TY1_1306_3_V01_2,한국은행 부산본부의 대출금 및 예금 증감액에 대해 알려주세요,385.8770751953125,2122.223388671875,1782.673867272043,565.9136043929363
MI3_240820_TY1_1333_1_V02-8_1,<그림 - -1> 혼합형에 대해 알려주세요,556.3988647460938,743.9130249023438,1468.6344189894073,910.2060317785746
MI3_240820_TY1_1333_3_V02-4_1,부의 불평등 추이 차트(꺾은선형)에 대해 알려주세요,397.6620788574219,601.1094970703125,1765.1156972726892,832.2278559821893
MI3_240820_TY1_1360_1_V02-3_1,지역별 BOP 인구분포 원형에 대해 알려주세요,0.0,0.0,0.0,0.0
MI3_240820_TY1_1366_1_V01_1,제목 인증 조직 목적 순서 기관명 사업내용 시기 형태 유형 V에 대해 알려주세요,396.26226806640625,464.81329345703125,1775.1382697334668,2212.0485841272935
MI3_240820_TY1_1366_2_V01_4,잉여금 중 사회적 목적 적립금 비중(대구)에 대해 알려주세요,467.62200927734375,548.6253051757812,1279.8583940613464,188.281883994162
MI3_240820_TY1_1366_3_V01_1,에너지 절약 노력 현황 빈도에 대해 알려주세요,580.1182861328125,2637.18896484375,1310.1201620030822,338.48941100419404
MI3_240820_TY1_1384_1_V02-4_2,주요 선행지표 꺾은선형 차트에 대해 알려주세요,370.8922119140625,1195.1571044921875,843.002258848856,569.5311191289002
MI3_240820_TY1_1384_2_V02-4_3,GDP 및 꺾은선형에 대해 알려주세요,1507.4615478515625,2510.8095703125,632.8940175749806,554.3743372074912
MI3_240820_TY1_1384_3_V02-4_2,에 대한 -4 차트(꺾은선형)에 대해 알려주세요,337.0616455078125,2498.36279296875,894.2467794348821,575.5104623102188
MI3_240820_TY1_1386_1_V01_1,국제과학비즈니스벨트 기본계획 요약 본문 차트에 대해 알려주세요,417.3800354003906,566.2071533203125,1750.9954819108239,713.5392962719883
MI3_240820_TY1_1386_2_V03_2,기술사업화사업 추진 프로세스와 관련된 다이어그램에 대해 알려주세요,442.33233642578125,1574.71533203125,1697.1713242673948,559.7825500509907
MI3_240820_TY1_1390_1_V02-4_2,"주요 신흥시장국 원전비중과 관련된 (%), 러시아 및 동유럽, 브라질, 중국에 대해 알려주세요",428.7176513671875,830.5582885742188,739.1717963284676,697.1697205458092
MI3_240820_TY1_1390_2_V01_2,국가별 탄소배출량 규모에 대해 알려주세요,397.0628967285156,560.135498046875,1613.1884237188772,220.6222981232601
MI3_240820_TY1_1390_3_V01_1,원자로의 종류와 특징에 대해 알려주세요,412.8919677734375,2621.407470703125,1726.3235710273698,433.5698859049921
MI3_240820_TY1_1397_2_V02-4_1,기술발전과 숙련 편향적 노동 수요 변화에 대해 알려주세요,480.47119140625,704.8320922851562,1639.875690546527,904.5361999746493
MI3_240820_TY1_1397_3_V02-4_1,<그림 5> 교육수준별 임금격차1) 추이 꺾은선형에 대해 알려주세요,476.203369140625,1153.6231689453125,1637.5717397719127,815.2110168096149
MI3_240820_TY1_1397_4_V02-4_1,세계화와 기술발전이 제조업 노동수요에 미치는 영향 꺾은선형 차트에 대해 알려주세요,450.36328125,695.55517578125,1654.21556230204,789.7668106538597
MI3_240820_TY1_1404_1_V02-4_1,6-6-6 시스템에서의 A-K 추정량의 월별 추정값 차트(꺾은선형)에 대해 알려주세요,392.2498474121094,619.6411743164062,1787.727972706131,806.2567730470183
MI3_240820_TY1_1404_2_V01_1,소비자동향조사의 순환표집방법과 관련된 K A 행렬에 대해 알려주세요.,405.1494140625,2320.781982421875,1763.0843850702502,722.9993469242969
MI3_240820_TY1_1404_3_V01_1,6-6-6 시스템에서의 붓스트랩 표준오차 추정값에 대해 알려주세요,396.8612365722656,549.08056640625,1772.8046861147054,348.48682471246445
MI3_240820_TY1_1425_2_V02-4_1,Ⅳ 신흥국 교역구조 변화의 시사점에 대해 알려주세요,375.75390625,2504.08984375,828.8153722033402,591.198666298516
MI3_240820_TY1_1425_3_V02-1_1,세계시장에 대한 차트(가로 막대형)에 대해 알려주세요,1390.0614013671875,544.2716674804688,761.9543211147945,738.1300510377908
MI3_240820_TY1_1439_1_V02-4_2,식품가격과 국제유가와 관련된 꺾은선형 차트에 대해 알려주세요,366.0421142578125,838.9374389648438,1831.9104311463016,962.9717914453727
MI3_240820_TY1_1439_2_V02-1_1,식품과 에너지의 순수출을 나타내는 차트(세로 막대형)에 대해 알려주세요,417.0690002441406,1004.1663208007812,1729.3598884064215,853.1232895608715
MI3_240820_TY1_1439_3_V02-4_1,아시아 주요국의 정책금리 꺾은선형에 대해 알려주세요,422.08197021484375,1664.5223388671875,1729.22893537311,893.1703609851959
MI3_240820_TY1_1440_1_V02-2_1,아시아 주요국의 GDP갭 플러스 전환 시기에 대해 알려주세요,508.25958251953125,2379.28759765625,1396.9608210564197,692.1320567443223
MI3_240820_TY1_1440_2_V02-1_1,2009년 주요국 통화량 증가율을 나타내는 세로 막대형 차트에 대해 알려주세요.,418.1601867675781,718.6780395507812,1734.755141365369,736.6194975594756
MI3_240820_TY1_1440_3_V02-1_1,에 대한 -1 차트에 대해 알려주세요,582.0206909179688,1650.2373046875,1349.2026496403294,784.5904533108641
MI3_240820_TY1_1448_1_V02-4_2,[그림I-6] 최근 비트코인 국제가격 추이 차트에 대해 알려주세요,1284.732421875,1968.1595458984375,890.0297642717359,540.1990019818504
MI3_240820_TY1_1448_2_V02-4_1,비트코인 가격의 일별 변동률 꺾은선형 차트에 대해 알려주세요,354.98291015625,2055.785888671875,899.3753760771725,596.1306190758199
MI3_240820_TY1_1448_3_V02-4_1,국내 비트코인 가격 및 거래대금 꺾은선형에 대해 알려주세요,1286.5811767578125,1813.5211181640625,908.8252664474442,697.763408199432
MI3_240820_TY1_1450_1_V02-8_1,제목에 대한 시각요소 제목과 혼합형 차트에 대해 알려주세요,493.7673034667969,1666.673828125,1565.1370713847475,884.7914590052046
MI3_240820_TY1_1450_2_V02-4_1,10년국채듀레이션 꺾은선형에 대해 알려주세요,524.7774658203125,1587.790283203125,1523.80923488056,1010.4151723530531
MI3_240820_TY1_1450_3_V02-8_1,당좌목표잔액 및 당좌예금잔액 차트(혼합형)에 대해 알려주세요,398.41351318359375,1945.752197265625,796.4172061916729,844.0820182061459
MI3_240820_TY1_1459_1_V01_1,T01 T02 분기 경제성장률 차이 비교 표에 대해 알려주세요,420.938720703125,1741.132568359375,1724.8162441280679,301.86100745134405
MI3_240820_TY1_1459_2_V02-1_1,V 경제성장률에 미치는 영향 연쇄지수 차이 비교 차트(세로 막대형)에 대해 알려주세요,470.3437805175781,2230.125732421875,1629.2225495322411,804.0762803763433
MI3_240820_TY1_1459_3_V01_1,연쇄 성장률 - 고정 성장률에 대해 알려주세요,408.14984130859375,1957.4468994140625,1736.9388873568155,401.38059910575396
MI3_240820_TY1_1461_1_V03_1,TALF 대출 다이어그램에 대해 알려주세요,359.591796875,620.2413330078125,1868.3361041908495,870.0640196365617
MI3_240820_TY1_1461_2_V01_1,CMBS 스프레드 변동률에 대해 알려주세요,346.10040283203125,1988.0224609375,1873.9844804155937,1088.109970935549
MI3_240820_TY1_1461_3_V02-4_1,에 대한 CMBX1) 추이 꺾은선형 차트에 대해 알려주세요,389.22393798828125,915.093505859375,1783.765355613538,763.3769276590385
MI3_240820_TY1_1486_1_V02-4_1,우리 경제의 성장잠재력 약화 원인에 대해 알려주세요,396.8233947753906,684.73876953125,827.096507286486,753.2362197806377
MI3_240820_TY1_1486_2_V02-8_1,최근의 투자부진에 관한 통계 자료에서 나타나는 혼합형 차트에 대해 알려주세요,479.2231750488281,1296.867431640625,1630.5541523392917,946.6912012426723
MI3_240820_TY1_1486_3_V02-4_2,<그림 6> 영업이익대비 설비투자 꺾은선형 차트에 대해 알려주세요,1314.6385498046875,683.727783203125,825.6012587707579,753.247269413949
MI3_240820_TY1_1486_4_V02-4_1,우리나라의 경제활동참가율 추이 차트(꺾은선형)에 대해 알려주세요,491.2959289550781,1000.0307006835938,1610.9173898767485,840.4132328074401
MI3_240820_TY1_1490_1_V02-8_1,<그림 1> 영국의 노사관계 주요지표 추이에 대해 알려주세요,462.4215393066406,1363.3443603515625,1634.1154002180585,835.8664923565459
MI3_240820_TY1_1490_2_V02-8_1,에 대한 네덜란드의 경제성장률 및 실업률 추이에 대해 알려주세요.,474.6375732421875,2251.435791015625,1620.8100086508355,830.7934721825176
MI3_240820_TY1_1490_3_V01_1,아일랜드의 노조수 및 노조가입률 추이에 대해 알려주세요,405.7989501953125,1862.4215087890625,1736.8820606150816,288.74870917200985
MI3_240820_TY1_1490_4_V02-8_1,스페인의 경제성장률 및 실업률 추이에 대해 알려주세요,488.64617919921875,1806.3150634765625,1606.8348709355919,843.9785061364149
MI3_240820_TY1_1496_1_V01_1,지식기반서비스업의 문제점 및 주요국의 서비스산업 노동생산성 비교에 대해 알려주세요,382.7320861816406,2354.590576171875,1819.5811576822846,710.2389345819836
MI3_240820_TY1_1496_2_V02-4_1,산업자원부의 청소·건물관리·경비 분야와 관련된 주요국의 세계 지식기반서비스 수출시장 점유율 추이 꺾은선형 차트에 대해 알려주세요,392.20928955078125,1241.912841796875,1789.7592773684291,915.9578435519647
MI3_240820_TY1_1496_3_V02-4_1,주요국 지식기반서비스업의 RCA지수 추이에 대해 알려주세요,365.12078857421875,654.2905883789062,1842.4256740549843,1082.7936064585888
MI3_240820_TY1_1499_1_V01_1,한국은행 금융경제연구원 제13권 제3호 총소비 도구변수에 대해 알려주세요,416.35906982421875,1064.15966796875,1738.9733414135667,595.3954235177899
MI3_240820_TY1_1499_2_V02-4_1,[그림 1] 외환위기 전후의 비내구재와 서비스 소비 성장률 꺾은선형 차트에 대해 알려주세요,455.2864990234375,2255.364013671875,1650.2169459790414,752.7289122114131
MI3_240820_TY1_1499_3_V02-4_1,우리나라 소비자는 신중한가? 꺾은선형에 대해 알려주세요,463.6422119140625,864.5054931640625,1651.589305746466,1079.6227829408954
MI3_240820_TY1_1519_1_V02-8_2,자동차 및 트레일러 제조업 대출잔액과 증가율에 대해 알려주세요,372.9211120605469,1059.5426025390625,864.2232073367826,647.1901774012631
MI3_240820_TY1_1519_2_V02-1_1,자동차부품 1차 협력업체 납품구조 차트(세로 막대형)에 대해 알려주세요,367.39007568359375,2327.509033203125,864.6655490078189,736.167743382051
MI3_240820_TY1_1519_3_V02-4_2,주요 특징꺾은선형에 대해 알려주세요,422.9353942871094,1972.0374755859375,1714.8528343925536,770.0194466590406
MI3_240820_TY1_1519_4_V02-1_2,T01 T02 제조업 차트(세로 막대형)에 대해 알려주세요,421.0856628417969,1022.3905029296875,1724.9798343757352,765.6691757754858
MI3_240820_TY1_1522_1_V02-3_2,"에 관련된 기타, 33.2 중국, 36.0 베트남, 3.2 대만 등과 같은 정보가 담긴 차트(원형)에 대해 알려주세요",1377.9652099609375,1810.1177978515625,696.9266797891964,605.0541764024987
MI3_240820_TY1_1522_2_V01_1,T01 T02 T03 표에 대해 알려주세요,479.28521728515625,959.2819213867188,1658.9128519704598,273.2284163424177
MI3_240820_TY1_1522_3_V02-4_4,울산지역 석유화학 수출 현황 차트(꺾은선형)에 대해 알려주세요,356.68572998046875,2455.49169921875,859.568194946304,618.9078119353068
MI3_240820_TY1_1522_4_V02-1_1,T01 T02 차트(세로 막대형) V02-1에 대해 알려주세요,365.4126281738281,1092.3515625,881.2201773188954,663.6661043977184
MI3_240820_TY1_1524_1_V02-8_4,울산지역 정기저축 및 저축성 예금 추이에 대해 알려주세요,363.6645202636719,1196.5899658203125,883.7222598690291,677.0359062535932
MI3_240820_TY1_1524_2_V02-8_2,울산지역 단기시장성수신 증가율과 관련된 혼합형 차트에 대해 알려주세요,351.2257995605469,2427.960693359375,877.7109529333597,631.5476197447102
MI3_240820_TY1_1524_3_V02-8_1,"제목에 따르면, 울산지역 예금은행 가계대출의 변동률을 나타내는 혼합형 차트에 대해 알려주세요.",360.84368896484375,945.6785278320312,880.826789021723,630.1647458935286
MI3_240820_TY1_1579_2_V02-1_1,제1편 국내 대체투자 현황 및 시사점 차트(세로 막대형)에 대해 알려주세요,595.3225708007812,636.0704345703125,1383.3989957932954,957.2965911430921
MI3_240820_TY1_1579_3_V02-1_1,해외 대체투자 환헤지 비중 차트(세로 막대형)에 대해 알려주세요,550.2796020507812,644.4716186523438,1435.590879525963,1116.1156547919136
MI3_240820_TY1_1605_1_V02-8_1,예금은행 수신 추이에 대해 알려주세요,1294.932373046875,1933.1602783203125,898.6253631996212,797.6764137306077
MI3_240820_TY1_1605_2_V02-8_2,2015년 인천지역 금융기관의 총여신액과 관련된 차트(혼합형)에 대해 알려주세요,349.8006896972656,2052.947265625,903.2534949954945,797.5766332236939
MI3_240820_TY1_1605_3_V02-8_1,부도법인 및 신설법인수 추이에 대해 알려주세요.,382.927490234375,1266.044921875,1812.0988699753573,917.8702730558788
MI3_240820_TY1_1609_1_V02-4_1,부문별 경제동향 제조업 생산 증가율 차트(꺾은선형)에 대해 알려주세요,516.0614624023438,1629.5426025390625,1534.738455049058,1052.669282502814
MI3_240820_TY1_1609_2_V02-8_1,4. 고용에 대해 알려주세요,1283.912353515625,1613.46728515625,918.9156845882322,650.3750440353982
MI3_240820_TY1_1609_3_V02-8_1,인천지역 주택매매가격 혼합형 차트에 대해 알려주세요,342.0148620605469,1252.117431640625,950.5469562298041,674.2251669449317
MI3_240820_TY1_1611_1_V02-4_1,부문별 경제동향 1. 제조업 생산 인천지역 제조업 생산 증가율에 대해 알려주세요,517.0225830078125,1722.09375,1531.7439153389614,1053.708851897179
MI3_240820_TY1_1611_2_V02-8_1,인천지역의 취업자수 변화 혼합형 차트에 대해 알려주세요,1284.8612060546875,1600.3919677734375,917.4478086550371,664.0841204513315
MI3_240820_TY1_1611_3_V02-8_1,인천지역 예금은행 및 비은행 금융기관 수신 차트(혼합형)에 대해 알려주세요,351.5945739746094,1993.3740234375,913.3265170446542,600.8753303179678
MI3_240820_TY1_1639_1_V02-8_2,인천지역 건축착공면적 혼합형에 대해 알려주세요,348.49578857421875,1338.7891845703125,929.6754346135048,652.9145715917416
MI3_240820_TY1_1639_2_V02-8_1,인천지역 수출 차트(혼합형)에 대해 알려주세요,387.73101806640625,1167.8240966796875,1805.7669242136508,644.0220999722516
MI3_240820_TY1_1639_3_V02-8_1,인천지역 수입의 품목별·국가별 동향에 대해 알려주세요,359.8636169433594,1073.7120361328125,888.8426755317827,646.2494518410178
MI3_240820_TY1_1639_4_V02-8_1,인천지역 취업자수 증감 동향 혼합형 차트에 대해 알려주세요,347.1412353515625,1244.9522705078125,931.9092877909465,651.2270934162797
MI3_240820_TY1_1645_1_V02-8_2,비은행 금융기관 대출 추이에 대해 알려주세요,1306.7725830078125,473.2861328125,888.6215185643841,757.0824615313629
MI3_240820_TY1_1645_2_V02-8_2,인천지역 예금은행 및 비은행 금융기관 수신 추이 혼합형에 대해 알려주세요,1307.0615234375,476.1706848144531,889.0217693359966,766.6425671437775
MI3_240820_TY1_1645_3_V02-4_1,인천지역 어음부도율 추이 꺾은선형 차트에 대해 알려주세요,417.3058776855469,2086.09033203125,1728.0006253189758,932.4865834168326
MI3_240820_TY1_1654_1_V02-8_1,자금유입과 여신 및 수신의 변화에 대해 알려주세요,349.1923828125,1061.164306640625,910.9996024948368,641.8462192803887
MI3_240820_TY1_1654_2_V02-4_1,금융부문 발전의 상대적 지체 차트(꺾은선형)에 대해 알려주세요,1308.5582275390625,1217.671630859375,876.6827581796566,619.1016568392275
MI3_240820_TY1_1654_3_V02-4_1,제목에 포함된 내용을 바탕으로 두 번째 차트의 꺾은선형에 대해 알려주세요,1289.7943115234375,1686.3316650390625,907.4218315874792,691.9238430928799
MI3_240820_TY1_1663_2_V02-8_2,(개소) (%) 차트(혼합형)에 대해 알려주세요,398.6632080078125,2341.70068359375,1767.8237094856813,730.4119322721261
MI3_240820_TY1_1663_3_V02-8_2,인천시 관광사업체 매출액 변화 및 전국 비교 혼합형에 대해 알려주세요,400.0269775390625,1062.234130859375,1773.3961813733447,666.8794978714112
MI3_240820_TY1_1677_1_V02-4_1,엔/달러 환율 및 수출물가 꺾은선형에 대해 알려주세요,548.288330078125,553.2110595703125,1498.7095763398668,816.9901014542814
MI3_240820_TY1_1677_2_V02-1_1,환율과 수출물가 변화율 차트(세로 막대형)에 대해 알려주세요,340.3866271972656,2353.6767578125,903.403521463966,784.2782980866206
MI3_240820_TY1_1677_3_V02-4_2,일본 상대수출물가 차트(꺾은선형)에 대해 알려주세요,335.9506530761719,2406.27490234375,909.4313265053468,716.4119095037876
MI3_240820_TY1_1677_4_V02-4_1,0 산업별 상대수출물가 추이 차트(꺾은선형)에 대해 알려주세요,334.9923400878906,654.0859985351562,1911.1739032549042,1133.0566682689223
MI3_240820_TY1_1678_1_V02-4_1,III. 장기불황에 따른 부문별 주요 구조변화 차트(꺾은선형)에 대해 알려주세요,1283.9354248046875,1327.8404541015625,905.4107750216641,544.9222630602213
MI3_240820_TY1_1678_2_V02-4_3,제조업 해외생산 비중에 대해 알려주세요,953.1101684570312,1318.664794921875,584.1553581307815,502.5112975062224
MI3_240820_TY1_1678_3_V02-1_1,가계부문 소비 및 저축률 추이와 관련된 막대형 차트에 대해 알려주세요,967.3551025390625,1370.427734375,609.7072034533098,507.2489187820582
MI3_240820_TY1_1678_4_V02-8_2,금융부문 차트(혼합형)에 대해 알려주세요,1291.2034912109375,2511.293212890625,891.5718380034454,544.0276542780739
MI3_240820_TY1_1682_1_V02-8_1,제목에 대한 내용과 관련하여 대일 직접 투자 추이에 대해 알려주세요.,1317.9849853515625,1143.4326171875,850.0787501059102,573.6774684708964
MI3_240820_TY1_1682_2_V02-8_1,신농업 창조와 일본 농가당 경영면적 및 평균연령 혼합형에 대해 알려주세요,342.6104736328125,1017.9382934570312,851.4667419062423,486.58273039562823
MI3_240820_TY1_1682_3_V02-4_1,기업 내부유보규모 추이 차트(꺾은선형)에 대해 알려주세요,400.3550109863281,545.1697998046875,623.3075212305495,595.0290659100955
MI3_240820_TY1_1689_1_V02-4_1,일본의 고령화 현상과 관련된 차트(꺾은선형)에 대해 알려주세요,389.8130187988281,1616.8416748046875,830.0441119828663,758.2514657220194
MI3_240820_TY1_1689_2_V02-1_1,IT의 서비스업 노동생산성 증감에 대한 기여도 차트(세로 막대형)에 대해 알려주세요,574.53125,1148.0947265625,1399.3484795387626,759.0958156697922
MI3_240820_TY1_1689_3_V02-2_1,서비스 업종별 투자 현황 차트(가로 막대형)에 대해 알려주세요,376.2591552734375,1570.031982421875,879.6045404058955,989.0135308326152
MI3_240820_TY1_1721_1_V01_1,III. 중국 수산물 시장 동향 1. 생산 <표 3-1>에 대해 알려주세요,388.9362487792969,1459.9873046875,1794.9201178017875,917.474818276479
MI3_240820_TY1_1721_2_V01_1,지원정책 이용현황 차트(세로 막대형)에 대해 알려주세요,423.1341857910156,1118.097900390625,1725.6059593043708,771.0192997684811
MI3_240820_TY1_1721_3_V01_1,최근 전반적인 수출환경 표에 대해 알려주세요,390.0367431640625,1161.4952392578125,1794.6304241901023,695.7697225001621
MI3_240820_TY1_1727_1_V02-4_2,전국과 전북의 제조업 생산지수 꺾은선형에 대해 알려주세요,1304.8892822265625,514.626953125,879.3199185520086,838.0580896420357
MI3_240820_TY1_1727_2_V02-4_1,전북 산업별 GRDP 비중 꺾은선형에 대해 알려주세요,1300.7088623046875,1731.3922119140625,843.2000597488282,743.5940606486622
MI3_240820_TY1_1727_3_V02-8_1,전북 식품산업의 노동생산성에 대해 알려주세요,454.94140625,542.00390625,1628.8244363447866,1007.9027278512254
MI3_240820_TY1_1738_1_V01_1,"제목에 따라 총산출 수입과 공급, 국내수요 등의 내용을 담고 있는 표에 대해 알려주세요",437.6839599609375,1500.11474609375,1677.4386511569037,738.3671974025359
MI3_240820_TY1_1738_2_V01_1,5. 고용 1995-2007년중 고용 추이(취업자수 기준) 표에 대해 알려주세요,448.0704040527344,1315.0263671875,1654.3015069677554,719.1067770351256
MI3_240820_TY1_1738_3_V01_1,기간별 수입 증가요인에 대해 알려주세요,441.9129333496094,648.0010986328125,1673.7489997651212,435.3887137081195
MI3_240820_TY1_1759_1_V02-2_1,T01 T02 T03 가로 막대형 차트에 대해 알려주세요,1326.4454345703125,883.9749755859375,835.5858478726218,626.8765910758732
MI3_240820_TY1_1759_2_V02-2_2,4 행정 및 법률 환경 차트(세로 막대형)에 대해 알려주세요,1330.3353271484375,1884.253662109375,821.7414413030084,623.0800338914804
MI3_240820_TY1_1759_3_V02-2_1,인센티브 부문별 평가 상대점수1) 가로 막대형에 대해 알려주세요,1324.1343994140625,713.2974853515625,839.6280584652854,621.3696549736723
MI3_240820_TY1_1759_4_V02-2_2,큐슈지역 기업의 해외미진출 이유와 관련된 내용에 대해 알려주세요.,419.1500244140625,1887.21630859375,578.2773707699976,583.0174962497907
MI3_240820_TY1_1759_5_V02-2_1,큐슈지역 기업의 향후 해외진출 관심 국가(지역)과 차트(가로 막대형)에 대해 알려주세요,575.6327514648438,1434.249267578125,1380.760884402597,663.8991612461147
MI3_240820_TY1_1769_1_V02-4_1,소비자심리지수 꺾은선형에 대해 알려주세요,1295.1824951171875,1218.773193359375,912.0833940950242,683.7396769877898
MI3_240820_TY1_1769_2_V01_2,건설투자 관련 지표 표에 대해 알려주세요,294.62738037109375,478.5379333496094,947.9799297540691,734.6653292550998
MI3_240820_TY1_1769_3_V02-8_1,건설기성액 혼합형에 대해 알려주세요,342.5516052246094,520.4560546875,936.1461571186769,724.0901896930925
MI3_240820_TY1_1769_4_V02-8_1,취업지수 차트(혼합형)에 대해 알려주세요,1291.375732421875,531.5987548828125,932.4555845596132,630.0592847956436
MI3_240820_TY1_1769_5_V02-2_1,산업별 취업자수 증감 차트(가로 막대형)에 대해 알려주세요,329.9127502441406,537.7908325195312,931.752115928136,605.5722213222175
MI3_240820_TY1_1769_6_V02-2_1,경기종합지수 물가 상승률 추이에 대해 알려주세요,331.9831237792969,1272.6883544921875,965.8262070326574,759.0573052884032
MI3_240820_TY1_1773_1_V01_1,소비 관련 지표 표에 대해 알려주세요,343.89959716796875,1515.7364501953125,950.528534821698,635.532554104496
MI3_240820_TY1_1773_2_V02-8_1,제조업 가동률과 재고율 혼합형에 대해 알려주세요,321.5504455566406,1721.694580078125,947.724311410836,728.323746687089
MI3_240820_TY1_1773_3_V01_1,전산업 생산 표에 대해 알려주세요,340.260498046875,1994.3505859375,952.5359227400442,666.1874607420607
MI3_240820_TY1_1773_4_V02-8_1,취업지수 차트(혼합형)에 대해 알려주세요,1293.8939208984375,532.3121948242188,925.5739587655822,621.7289838504144
MI3_240820_TY1_1773_5_V01_2,전산업임금 표에 대해 알려주세요,1292.5745849609375,1034.8348388671875,948.0553669115111,1177.9451947448572
MI3_240820_TY1_1773_6_V02-4_1,경기종합지수에 대한 차트(꺾은선형)에 대해 알려주세요,330.1124572753906,1377.90478515625,953.0728067830505,751.9025846499829
MI3_240820_TY1_1774_1_V02-4_1,소비자심리지수 꺾은선형에 대해 알려주세요,1276.2447509765625,715.2733764648438,954.6817022936247,702.4061587522539
MI3_240820_TY1_1774_2_V02-8_2,건설기성액 증감률 차트에 대해 알려주세요,1262.6966552734375,1828.26806640625,962.924216040583,740.2136831390876
MI3_240820_TY1_1774_3_V01_1,전산업생산 표에 대해 알려주세요,324.8282775878906,969.4893798828125,985.3110820449855,701.3032420843044
MI3_240820_TY1_1774_4_V02-8_1,취업자수 차트(혼합형)에 대해 알려주세요,1282.8551025390625,509.6974182128906,945.7639716464072,696.6068740884808
MI3_240820_TY1_1774_5_V01_2,월평균 명목임금 표에 대해 알려주세요,1281.812255859375,1119.6123046875,981.2338752430234,1255.4263149965843
MI3_240820_TY1_1774_6_V02-4_1,최근 경제 동향과 관련된 선행지수 및 동행지수를 바탕으로 차트 내용에 대해 알려주세요,1263.22509765625,1086.718017578125,978.5924189471027,884.2480404643226
MI3_240820_TY1_1783_1_V02-4_1,소비자심리지수 꺾은선형에 대해 알려주세요,1268.4573974609375,736.4563598632812,966.2837043006984,764.7611742733546
MI3_240820_TY1_1783_2_V02-8_1,반도체장비 수입액 차트(혼합형)에 대해 알려주세요,306.4472351074219,1779.16259765625,988.1660792492987,764.9742452091433
MI3_240820_TY1_1783_3_V01_1,전산업생산 표에 대해 알려주세요,325.0089416503906,982.9376220703125,984.9248836249283,701.3716203323124
MI3_240820_TY1_1783_4_V02-8_1,취업자수 차트(혼합형)에 대해 알려주세요,1275.160400390625,516.1053466796875,965.2808014271118,759.7276294114909
MI3_240820_TY1_1783_5_V02-1_1,산업별 취업자수 증감 차트(세로 막대형)에 대해 알려주세요,328.9859619140625,522.9293212890625,986.3729462042932,766.1997584624975
MI3_240820_TY1_1783_6_V02-4_2,소비자물가 상승률 추이 차트(꺾은선형)에 대해 알려주세요,1267.8170166015625,1113.77197265625,968.9375282778118,802.0040747055597
MI3_240820_TY1_1784_1_V02-4_1,소비 관련 지표 꺾은선형에 대해 알려주세요,1269.0914306640625,737.0634155273438,964.9265899136269,762.4457889354806
MI3_240820_TY1_1784_2_V02-8_1,기계류투자지수 및 반도체장비 수입액 혼합형에 대해 알려주세요,307.2143249511719,1781.806396484375,986.6384602782114,759.648533187927
MI3_240820_TY1_1784_3_V01_1,전산업 생산 표에 대해 알려주세요,325.06158447265625,983.1688842773438,985.2129018371706,701.2456836921747
MI3_240820_TY1_1784_4_V02-8_1,취업자수 차트(혼합형)에 대해 알려주세요,1274.9600830078125,520.9172973632812,965.5600876424041,753.1958453189507
MI3_240820_TY1_1784_5_V01_2,취업자수 변화에 관한 표에 대해 알려주세요,1279.9412841796875,1239.9561767578125,975.3099752993552,1251.3421111485802
MI3_240820_TY1_1784_6_V02-4_2,경기종합지수와 물가에 대한 소비자물가 상승률 추이 꺾은선형에 대해 알려주세요,1271.33349609375,1114.1707763671875,959.9159939758514,800.957196262122
MI3_240820_TY1_1801_1_V03_1,소비자심리지수에 대한 다이어그램에 대해 알려주세요,342.90301513671875,1567.11572265625,867.522618632094,803.3269560099466
MI3_240820_TY1_1801_2_V01_1,건설투자 관련 지표에 대한 세로 막대형 차트에 대해 알려주세요.,347.96014404296875,1756.951416015625,858.5911383991169,506.0813693954033
MI3_240820_TY1_1801_3_V01_1,전산업생산 표에 대해 알려주세요,359.87396240234375,915.4482421875,864.0553705291854,641.5309999130045
MI3_240820_TY1_1801_4_V01_1,서비스업 생산 표에 대해 알려주세요,228.95709228515625,387.4751281738281,878.2822605717937,1387.9044407883239
MI3_240820_TY1_1801_5_V02-2_1,성· 연령 · 고용형태별 신규채용기 차트(가로 막대형)에 대해 알려주세요,1385.3939208984375,1114.083740234375,731.9244949975638,748.7083228679297
MI3_240820_TY1_1801_6_V02-4_1,경기종합지수 차트(꺾은선형)에 대해 알려주세요,1307.3515625,1293.2794189453125,851.5555721125061,708.8355721982371
MI3_240820_TY1_1816_1_V02-4_1,최근의 경제동향 국내 수요 소비자심리지수 꺾은선형에 대해 알려주세요,1276.860595703125,720.763671875,952.256059345152,709.9990984947456
MI3_240820_TY1_1816_2_V02-8_2,건설기성액 증감률 혼합형에 대해 알려주세요,1263.4957275390625,1830.431640625,960.8525439135251,729.2077710829025
MI3_240820_TY1_1816_3_V01_2,제조업 생산 및 평균가동률 표에 대해 알려주세요,1279.55517578125,388.1078186035156,965.6786253542265,1142.879185924449
MI3_240820_TY1_1816_4_V01_2,고용 관련 지표 표에 대해 알려주세요,1239.6827392578125,1254.052001953125,979.6582235208281,1086.333971273951
MI3_240820_TY1_1816_5_V01_1,산업별 취업자수 증감 표에 대해 알려주세요,1284.684814453125,1120.4381103515625,976.2831191335232,1248.7365115189511
MI3_240820_TY1_1816_6_V02-4_2,소비자물가 상승률 추이 꺾은선형에 대해 알려주세요,1265.220703125,1091.492431640625,974.7160300424981,850.5705578331408
MI3_240820_TY1_1820_1_V01_1,소매판매액 표에 대해 알려주세요,1290.0189208984375,2175.44091796875,794.7961521142201,646.5120481100146
MI3_240820_TY1_1820_2_V02-8_1,국내기계수주 및 OECD 경기선행지수 혼합형에 대해 알려주세요,1316.443603515625,1981.3607177734375,804.3262755233835,632.8118161765173
MI3_240820_TY1_1820_3_V01_1,전산업 생산 전년 동기 대비 변화 차트(꺾은선형)에 대해 알려주세요,1272.1397705078125,459.49810791015625,792.7778256391435,978.1854920969736
MI3_240820_TY1_1820_4_V02-2_1,전체 및 산업별 취업자수 변화 차트(가로 막대형)에 대해 알려주세요,1320.6622314453125,567.4525756835938,802.9042116761469,572.5010939798649
MI3_240820_TY1_1820_5_V02-4_1,최근의 경제동향 차트(꺾은선형)에 대해 알려주세요,1335.77587890625,555.6196899414062,798.7500808633499,624.0180354118129
MI3_240820_TY1_1820_6_V02-4_2,소비자물가 상승률에 대한 꺾은선형 차트에 대해 알려주세요,1323.6611328125,560.2951049804688,803.0223321707207,638.9019437190551
MI3_240820_TY1_1824_1_V02-4_1,Figure 1. Prior and Posterior Distributions of Parameters 꺾은선형에 대해 알려주세요,490.2114562988281,1173.019775390625,1498.973445331145,1123.6615181352909
MI3_240820_TY1_1824_2_V02-4_1,한국의 월별 거시-금융 모형 추정에 대한 꺾은선형 그래프에 대해 알려주세요,501.10400390625,538.4239501953125,1475.2511596303038,1148.9691965870657
MI3_240820_TY1_1824_3_V02-4_1,4. 거시경제변수와 이자율 기간구조의 분산분해 분석 차트(꺾은선형)에 대해 알려주세요,482.697265625,1356.188232421875,1542.4426333353567,1056.5186985824166
MI3_240820_TY1_1824_4_V02-4_1,5. 이자율 기간구조의 잔차 분석과 관련된 Variance Decomposition 꺾은선형에 대해 알려주세요,491.4240417480469,573.538818359375,1510.4000447755038,944.9773729355821
MI3_240820_TY1_1834_1_V02-8_2,유로지역 경제성장률 전망에 대해 알려주세요,1321.416259765625,1051.521728515625,851.6512642113682,862.6098477771769
MI3_240820_TY1_1834_2_V02-1_1,세계경제 교역 의존도 세로 막대형에 대해 알려주세요,371.45355224609375,506.9151916503906,911.9193121975642,920.4123901065369
MI3_240820_TY1_1834_3_V02-4_2,세계교역 꺾은선형에 대해 알려주세요,522.267333984375,2399.745361328125,1470.950265471806,671.3808083620308
MI3_240820_TY1_1834_4_V02-1_2,IT버블 붕괴시와 주택버블 붕괴시의 차트(세로 막대형)에 대해 알려주세요,532.6690673828125,787.330078125,1504.6542175908178,765.9988795062117
MI3_240820_TY1_1834_5_V01_1,실질GDP 및 개인소비 변화에 대해 알려주세요,357.6614074707031,2271.556396484375,1860.4685350530199,794.4986940901928
MI3_240820_TY1_1834_6_V02-8_3,혼합형에 대해 알려주세요,405.1942443847656,1430.7696533203125,1759.35655663949,830.1285495700029
MI3_240820_TY1_1838_1_V02-1_1,세계 원유 생산량 차트(세로 막대형)에 대해 알려주세요,1302.623779296875,2299.240478515625,818.8317612731092,586.3637338843533
MI3_240820_TY1_1838_2_V02-4_2,경제성장률 차트(꺾은선형)에 대해 알려주세요,1297.0543212890625,2418.890869140625,876.6113711295919,565.3993854001714
MI3_240820_TY1_1838_3_V02-4_1,수출 및 수입 꺾은선형 차트에 대해 알려주세요,349.3328552246094,957.9090576171875,889.4346172848798,591.7552994787673
MI3_240820_TY1_1838_4_V02-4_1,T01 T02 T03 차트(꺾은선형)에 대해 알려주세요,1286.31494140625,2300.588623046875,881.6626386130791,596.9075082575073
MI3_240820_TY1_1866_1_V02-4_1,고용 창출력에 대한 차트(꺾은선형)에 대해 알려주세요,381.7318420410156,2530.009033203125,612.337679893778,567.8676689512705
MI3_240820_TY1_1866_2_V02-8_2,스페인 청년고용률과 전체고용률 격차 차트(혼합형)에 대해 알려주세요,1529.450927734375,1901.400634765625,595.0512143589084,559.6819088237239
MI3_240820_TY1_1866_3_V02-4_3,장기실업자의 비중을 분석하는 막대형 차트에 대해 알려주세요,368.2682189941406,1141.394775390625,785.2282329723516,526.7564380764893
MI3_240820_TY1_1866_4_V02-4_2,리먼브라더스 파산 이후 각국 고용 현황을 나타내는 꺾은선형 차트에 대해 알려주세요,398.0230712890625,736.0831909179688,1799.87090863545,658.5131507785986
MI3_240820_TY1_1866_5_V02-4_5,<아일랜드> (2000=100) 꺾은선형에 대해 알려주세요,1320.6141357421875,861.6856689453125,851.5768618253743,519.6957388581556
MI3_240820_TY1_1866_6_V02-1_1,숙련도별 취업자 증감 차트(세로 막대형)에 대해 알려주세요,381.03839111328125,919.9766845703125,1816.0931026573226,653.2022803634413
MI3_240820_TY1_1870_1_V01_1,장외파생상품 종류 업무처리자동화 비율 차트에 대해 알려주세요,485.8667297363281,1601.781494140625,1568.0843817820867,514.0693896088006
MI3_240820_TY1_1870_2_V01_1,주요 장외파생상품거래의 CCP 이용현황(추정) 차트(세로 막대형)에 대해 알려주세요,475.3327331542969,558.0171508789062,1623.413961226182,501.77416673392173
MI3_240820_TY1_1870_3_V01_1,4 국제기준 제정의 의의 V에 대해 알려주세요,373.402587890625,801.9867553710938,1813.16001031541,1288.093071805622
MI3_240820_TY1_1870_4_V01_2,장외파생상품 신규 거래 기존 거래 표에 대해 알려주세요,438.3053894042969,594.726318359375,1689.1818334819457,912.4531634333437
MI3_240820_TY1_1879_1_V02-8_1,중견기업 업체수 추이 혼합형에 대해 알려주세요,594.796875,2215.91796875,1341.660004441872,824.8387311416934
MI3_240820_TY1_1879_2_V02-2_2,종업원수 규모에 따른 분포 차트(가로 막대형)에 대해 알려주세요,408.09063720703125,2576.056640625,784.6998828392639,465.012857821227
MI3_240820_TY1_1879_3_V02-2_1,자산규모에 따른 분포 차트(가로 막대형)에 대해 알려주세요,406.1837158203125,2568.309814453125,771.5585721249976,480.84092945594153
MI3_240820_TY1_1879_4_V02-2_1,매출규모에 따른 분포 차트(가로 막대형)에 대해 알려주세요,378.6971740722656,2656.41162109375,774.3260097151552,392.09882575336786
MI3_240820_TY1_1879_5_V02-4_2,업종별 부가가치율 추이 차트(꺾은선형)에 대해 알려주세요,416.54595947265625,1635.8399658203125,777.551266365017,491.8064884478675
MI3_240820_TY1_1902_1_V02-4_1,MSCI 주가지수 차트(꺾은선형)에 대해 알려주세요,395.1482849121094,2290.940185546875,565.8374336707528,625.685345812006
MI3_240820_TY1_1902_2_V02-4_2,2차산업과 3차산업 성장률 차트(꺾은선형)에 대해 알려주세요,1526.839111328125,2394.730224609375,619.2291160500317,569.8809638340549
MI3_240820_TY1_1902_3_V02-4_1,소비지출 및 투자지출 성장률 차트(꺾은선형)에 대해 알려주세요,1019.39208984375,1120.802490234375,641.3020854412397,634.7645793433211
MI3_240820_TY1_1902_4_V02-4_2,위안화 환율 차트(꺾은선형)에 대해 알려주세요,1294.026611328125,2461.97314453125,883.3029771338284,638.5573042605146
MI3_240820_TY1_1902_5_V02-8_1,경상수지 변동 외환보유액에 대해 알려주세요,1300.2376708984375,1999.30859375,869.4200948202996,681.026318640043
MI3_240820_TY1_1925_2_V02-1_1,일반보증 금액별 보증현황 차트(세로 막대형)에 대해 알려주세요,442.93463134765625,1904.9114990234375,1634.3212681656537,784.7214757986377
MI3_240820_TY1_1948_1_V02-4_1,제조업 출하 및 재고 증감률 꺾은선형에 대해 알려주세요,404.45697021484375,648.641845703125,1767.7200533866878,815.7463330882006
MI3_240820_TY1_1948_2_V02-4_1,대형소매점판매 및 승용차신규등록대수 꺾은선형 차트에 대해 알려주세요,411.53826904296875,615.4700927734375,1751.616314826636,779.6221426498729
MI3_240820_TY1_1948_3_V02-8_1,대구경북지역 수출입 혼합형에 대해 알려주세요,476.4648132324219,1785.1019287109375,1633.9838058449518,847.0970961262573
MI3_240820_TY1_1972_1_V01_1,대전지역 설비투자 관련 지표 차트(세로 막대형)에 대해 알려주세요,384.94415283203125,939.2184448242188,1834.3077417298682,409.9380759455208
MI3_240820_TY1_1972_2_V02-8_1,(혼합형) 차트에 대해 알려주세요,371.53680419921875,2461.949462890625,1810.970182228294,651.9543394784283
MI3_240820_TY1_1972_3_V02-8_1,취업자수 증감 및 실업률 차트(혼합형)에 대해 알려주세요,397.01934814453125,2284.54345703125,1770.194127545608,676.2887545320992
MI3_240820_TY1_1972_4_V02-4_1,소비자물가 상승률 차트(꺾은선형)에 대해 알려주세요,393.2016906738281,2291.34130859375,1781.9993231483788,752.3337217567375
MI3_240820_TY1_1972_5_V02-4_1,주택 매매 및 전세가격 상승률 차트(꺾은선형)에 대해 알려주세요,386.94970703125,2016.9215087890625,1795.177877593443,713.0969940523689
MI3_240820_TY1_1992_1_V02-4_2,인천지역 소비관련 주요 지표 꺾은선형 차트에 대해 알려주세요,352.1537780761719,1633.0904541015625,909.1603382931246,652.5550138217644
MI3_240820_TY1_1992_2_V02-8_2,인천지역 건축허가면적 혼합형에 대해 알려주세요,347.67236328125,1313.410400390625,930.5917111005232,643.8694518095796
MI3_240820_TY1_1992_3_V02-8_1,인천지역 수출의 품목별·국가별 동향 혼합형에 대해 알려주세요,386.4082946777344,1088.25390625,1808.1586227858704,593.6620928529454
MI3_240820_TY1_1992_4_V02-8_1,T01 T02 T03 혼합형에 대해 알려주세요,373.8519287109375,1026.7818603515625,1827.7871165217116,591.3813493569871
MI3_240820_TY1_1999_1_V02-1_1,강원지역 금융기관 여신 증감액 추이에 대해 알려주세요,500.8273010253906,2417.69091796875,1497.3550856360241,648.6201972649287
MI3_240820_TY1_1999_2_V01_1,예금은행 중소기업대출 추이 표에 대해 알려주세요,361.63140869140625,1295.3448486328125,1880.358225581388,528.9154561959181
MI3_240820_TY1_1999_3_V01_1,금융기관 주택담보대출 동향 표에 대해 알려주세요,350.4080810546875,1055.4613037109375,1887.1129751523429,665.9949311327757
MI3_240820_TY1_1999_4_V01_1,자산운용사 수신 동향 표에 대해 알려주세요,348.19024658203125,1191.881591796875,1871.4817734133924,959.8245681600426
MI3_240820_TY1_2055_1_V02-4_1,"구인배율, 구인충족률, 취업성공률 추이에 대해 알려주세요",395.75469970703125,2429.54296875,785.7222260640715,626.8266708523695
MI3_240820_TY1_2055_2_V02-4_1,나이 미스매치 지수 차트(꺾은선형)에 대해 알려주세요,661.7918090820312,638.55419921875,1153.9103775170863,576.787298599026
MI3_240820_TY1_2055_3_V02-4_1,Mot와 MR 비교 꺾은선형 차트에 대해 알려주세요,475.3338317871094,2421.35498046875,1575.3100080142883,262.1090325380118
MI3_240820_TY1_2062_1_V02-4_1,Yes확률 차트(꺾은선형)에 대해 알려주세요,388.9814453125,2059.5869140625,1781.351916172752,990.9635787275495
MI3_240820_TY1_2062_2_V01_2,최고 최소 최종응답현황 표에 대해 알려주세요,381.67681884765625,2072.123779296875,1779.870308988574,389.07196073191193
MI3_240820_TY1_2062_3_V02-4_1,Logit Model의 결과 꺾은선형 차트에 대해 알려주세요,369.36810302734375,578.0303955078125,1823.0027506109166,1033.3372926590646
MI3_240820_TY1_2067_1_V02-4_2,<Figure 2> 차트(꺾은선형)에 대해 알려주세요,510.63348388671875,1457.471923828125,1448.941448693038,718.9112419756149
MI3_240821_TY1_0006_1_V01_2,제1주제: 제19대 국회 성 인지성 제고를 위한 제언 표에 대해 알려주세요,324.067138671875,1938.06591796875,1926.396442775994,1160.455722469267
MI3_240821_TY1_0006_2_V02-1_1,제16대~제18대 전반기 상임위별 소관 대표발의 현황 차트에 대해 알려주세요,534.9508666992188,1262.8135986328125,1496.6467186935886,626.345715252285
MI3_240821_TY1_0006_3_V02-2_1,여성관련 법률안 시기별 현황 차트(가로 막대형)에 대해 알려주세요,442.8346252441406,1243.6136474609375,1689.9523691461923,677.7104500147922
MI3_240821_TY1_0006_4_V01_1,<표 5> 제16대~제18대 전반기 여성 의원의 의정활동 차트(세로 막대형)에 대해 알려주세요,337.36053466796875,531.7730712890625,1885.419962736548,1361.353767443082
MI3_240821_TY1_0062_2_V01_1,김정은체제와 한반도정세에 관련된 내용과 통계 차트에 대해 알려주세요,419.32977294921875,1476.9254150390625,1739.3475143409855,1589.5650478570321
MI3_240821_TY1_0062_3_V01_1,발표문 Ⅲ 일자 주요 내용 차트에 대해 알려주세요,404.52471923828125,501.5423583984375,1749.6078135428847,2025.012821936927
MI3_240821_TY1_0063_1_V01_1,국회 선진화법과 제19대 국회운영 전망에 대해 알려주세요,419.19293212890625,1399.298828125,1728.7863481173056,587.3146316236074
MI3_240821_TY1_0063_2_V01_1,민주화 이후 역대 국회별법안 제안 현황에 대해 알려주세요,415.4723815917969,1592.2869873046875,1744.2343117080284,1456.553752459917
MI3_240821_TY1_0063_3_V01_1,국회 선진화법과 제19대 국회운영에 대한 문서에서의 응답 내용을 기반으로 한 차트에 대해 알려주세요,406.53961181640625,1969.8551025390625,1738.9559609534167,524.3263811736402
MI3_240821_TY1_0073_3_V01_1,한국 여성의 미국 일본 · 오스트레일리아 진출 관련 고소득 취업보장 및 인터넷 광고에 대해 알려주세요,386.93963623046875,563.0146484375,1785.4787998191048,1977.2598463102627
MI3_240821_TY1_0076_1_V01_1,[표 5] 지역규모별 기초학력 미달 학생 비율(2005년) 차트(세로 막대형)에 대해 알려주세요,402.8615417480469,1208.7392578125,1763.1436662888912,1217.4395886891407
MI3_240821_TY1_0083_1_V01_1,한국형 금융ADR의 제도모델에 대한 표에 대해 알려주세요,416.5353088378906,1643.4810791015625,1742.1722138564114,345.48126654163104
MI3_240821_TY1_0083_2_V01_1,금융소비자보호의 법적 과제와 전망과 금융ADR의 제도모델 차트에 대해 알려주세요,401.01422119140625,737.5441284179688,1753.5311761784897,1101.9756082298932
MI3_240821_TY1_0083_3_V01_1,한국형 금융ADR의 제도모델과 관련된 법률 시행령 분쟁조정 절차에 대해 알려주세요,404.629150390625,1551.6776123046875,1761.8838612397249,1534.752846271541
MI3_240821_TY1_0083_4_V01_1,법률 시행령 분쟁조정세칙에 대해 알려주세요,406.8200988769531,489.6425476074219,1747.1888903839865,1085.359318569673
MI3_240821_TY1_0095_1_V01_1,토론문 1 특수고용노동자 노동3권 보장과 노조법 제2조에 대해 알려주세요,408.591064453125,1750.1641845703125,1759.0305280222055,1174.2515999221805
MI3_240821_TY1_0095_2_V01_1,국회입법조사처·복지노동포럼 공동세미나 특수형태근로종사자 보호를 위한 임금분포 차트에 대해 알려주세요,415.1636962890625,1397.925537109375,1752.0325659908804,1258.1675575502995
MI3_240821_TY1_0095_3_V01_2,토론문 1 특수고용노동자 노동3권 보장과 <표> 임금근로자의 노동조합 가입 비율에 대해 알려주세요,411.17193603515625,2584.18310546875,1744.016833877849,464.70838407045215
MI3_240821_TY1_0095_4_V01_1,국회입법조사처·복지노동포럼 공동세미나 특수형태근로종사자 보호를 위한 차트(세로 막대형)에 대해 알려주세요,408.4150390625,569.3638305664062,1734.8249965770262,398.8573039386927
MI3_240821_TY1_0095_5_V01_1,토론문 1 정부안 민주노총입장에 대해 알려주세요,398.8306579589844,551.8495483398438,1757.139031931739,1541.7629212109323
MI3_240821_TY1_0111_2_V01_1,"정책토론회 빚더미 정부재정, 산출과 관리에 대해 알려주세요.",331.5052185058594,1121.3656005859375,1854.4320357764352,2038.2547001671364
MI3_240821_TY1_0111_5_V01_1,"정책토론회 빚더미 정부재정, 산출과 관리 어떻게 할 것인가? 국가결산 일반정부 공공부문 구분 부채에 대해 알려주세요",355.0972595214844,544.2386474609375,1852.1335486250086,1983.5402430802194
MI3_240821_TY1_0116_1_V02-6_1,2014년 세법개정의 쟁점과 과제 차트(분산형)에 대해 알려주세요,469.7533874511719,1571.55078125,1601.8685960364799,1474.6905323759113
MI3_240821_TY1_0116_2_V01_3,2014년 세법개정의 쟁점과 과제 표에 대해 알려주세요,400.102783203125,2584.07177734375,1756.348395609466,326.05949308568995
MI3_240821_TY1_0116_3_V01_1,세액감면 중소기업 일반법인 세액감면종류 구분 표에 대해 알려주세요,355.3084411621094,926.9871826171875,1810.6895405727776,2134.1420146874484
MI3_240821_TY1_0116_4_V01_1,2014년 세법개정의 쟁점과 과제에 대해 알려주세요,378.52935791015625,1488.240966796875,1805.5961868956692,1602.2395360073276
MI3_240821_TY1_0129_1_V02-1_1,공직자의 인성과 윤리성: 현상과 발전방향 차트(세로 막대형)에 대해 알려주세요,483.4764709472656,619.0919799804688,1622.5958434110958,757.1075974497088
MI3_240821_TY1_0129_3_V01_1,주제발표. 공직자의 인성과 윤리성: 현상과 발전방향에 대해 알려주세요,387.8620910644531,2300.84375,1800.553039652318,742.6422784575416
MI3_240821_TY1_0129_4_V01_1,공직자의 인성과 윤리와 관련된 내용에서 순번과 인성덕목 구성내용을 담고 있는 차트에 대해 알려주세요.,367.665771484375,2154.577392578125,1809.648772495624,930.6852335015351
MI3_240821_TY1_0129_6_V01_1,공직자의 인성과 윤리와 안전업무 담당자의 의사결정 행위 유형에 대해 알려주세요,418.8318786621094,572.3057250976562,1758.6618810197142,729.6106865808539
MI3_240821_TY1_0132_1_V01_1,발제 북한경제특구 진출기업에 대한 지원정책방향과 과제 차트에 대해 알려주세요,396.53961181640625,2283.7041015625,1767.3156996927523,239.52734020171917
MI3_240821_TY1_0132_2_V01_2,<표2> 중앙급 경제특구의 현황에 대해 알려주세요,396.9134826660156,2512.051513671875,1786.1619714618062,503.47586590313307
MI3_240821_TY1_0132_3_V01_1,발제. 북한경제특구 진출기업에 대한 지원정책방향과 과제와 관련하여 수집된 데이터에 대해 알려주세요.,399.3535461425781,507.6230773925781,1792.5359316069791,827.3350638013209
MI3_240821_TY1_0132_4_V01_1,투자액 지역 면적 주요 산업 차트(세로 막대형)에 대해 알려주세요,399.2489013671875,507.6600036621094,1792.1151681933136,830.4329319953932
MI3_240821_TY1_0175_1_V01_1,"CYS-Net 기능별 관련 기관, 단체 및 개인전문가 차트에 대해 알려주세요",396.955810546875,1792.8895263671875,1769.7157736791016,1277.6365544126654
MI3_240821_TY1_0182_1_V02-1_1,내수와 순수출의 성장기여도에 대해 알려주세요,537.8052978515625,635.5444946289062,1495.5394069451843,930.0272160380574
MI3_240821_TY1_0182_2_V01_1,대중국 품목별 가공무역 수출에 대해 알려주세요,495.73687744140625,1873.530517578125,1563.5921238919193,1080.3138897024048
MI3_240821_TY1_0182_3_V02-4_1,나. 중기전망 및 [그림 8] 세계경제성장률과 국내경제성장률 전망에 대해 알려주세요,514.013671875,1535.2904052734375,1530.372351369611,765.066050126666
MI3_240821_TY1_0182_4_V01_1,수출디플레이터와 수입디플레이터 상승률 추이 표에 대해 알려주세요,460.8705139160156,2042.1768798828125,1602.8362397561002,426.0991038576517
MI3_240821_TY1_0182_5_V02-1_1,국회예산정책처와 행정부의 경상성장률 전망치 비교 차트(세로 막대형)에 대해 알려주세요,523.8046264648438,634.9344482421875,1503.20027196445,910.824931193613
MI3_240821_TY1_0183_1_V02-1_1,[그림 4] OECD 회원국의 합계출산율에 대해 알려주세요,476.60394287109375,2278.86474609375,1598.8104751760673,695.5932987510593
MI3_240821_TY1_0183_2_V01_1,15~49세 여성인구에 대한 연도별 데이터에 대해 알려주세요,461.10687255859375,2139.70654296875,1617.4136663062031,756.8137172400274
MI3_240821_TY1_0183_3_V01_1,2017년 시군구별 0~5세 아동보육 공급률 표에 대해 알려주세요,460.78857421875,625.705322265625,1624.6723062397493,1407.2610420379394
MI3_240821_TY1_0183_4_V01_1,2017년 시군구별 0~5세 국공립 어린이집 공급률에 대해 알려주세요,470.41363525390625,2312.9716796875,1603.2453184686772,542.549200181964
MI3_240821_TY1_0191_1_V02-4_1,나. 중장기 과세방안 적용시 세수효과 차트(꺾은선형)에 대해 알려주세요,503.0866394042969,1770.2640380859375,1566.7338167276973,1072.2356204533676
MI3_240821_TY1_0191_2_V02-8_1,주식양도차익 제도 확장에 따른 세수효과 및 과세대상인원에 대해 알려주세요,519.00634765625,1714.5032958984375,1527.2976021741033,1235.5392832317204
MI3_240821_TY1_0191_3_V01_1,T01 T02 T03 표에 대해 알려주세요,471.4908752441406,2448.23046875,1601.5742425249334,446.26937192039435
MI3_240821_TY1_0191_4_V02-1_1,가. 주식시장이 호황인 경우에 대해 알려주세요,507.6884765625,1645.0634765625,1552.5238230747461,1182.2618567282461
MI3_240821_TY1_0210_2_V01_1,현 정부의 미래성장동력 정책 및 주요내용 차트에 대해 알려주세요,469.4335021972656,626.41357421875,1608.116434410022,1058.6432399010528
MI3_240821_TY1_0252_1_V01_1,고용보험 국민연금 건강보험에 대해 알려주세요,0.0,0.0,0.0,0.0
MI3_240821_TY1_0252_2_V02-4_1,전년대비 실업자 수 및 구직급여 지출액 증가분 추이에 대해 알려주세요,438.3040771484375,540.8157348632812,1692.2438161190148,1056.5156160337062
MI3_240821_TY1_0252_3_V01_1,고용보험 재정기준선 전망과 과제 및 육아휴직급여 제도변화에 따른 재정소요에 대해 알려주세요,399.7024841308594,547.63134765625,1755.0967201758458,1448.2314699649178
MI3_240821_TY1_0252_4_V02-8_2,육아휴직급여 제도변화에 따른 지출 및 누적적립금 차트(혼합형)에 대해 알려주세요,471.5166320800781,1788.390380859375,1622.8387873031918,1048.8895635890592
MI3_240821_TY1_0252_5_V02-1_1,모성보호급여의 재원분담 차트(세로 막대형)에 대해 알려주세요,443.8773498535156,1821.93994140625,1672.979884137166,1099.5700055681311
MI3_240821_TY1_0255_1_V02-1_1,대/중소기업별 인력부족율 차트(세로 막대형)에 대해 알려주세요,347.1717529296875,611.1336059570312,1876.1274557993784,1040.9353190476627
MI3_240821_TY1_0255_2_V02-1_1,연도별 분야별 직업훈련사업 현황 차트(세로 막대형)에 대해 알려주세요,370.9511413574219,591.3577270507812,1841.1358718469096,1163.0551154168254
MI3_240821_TY1_0255_4_V02-1_1,대/중소기업별 인력부족율 차트(세로 막대형)에 대해 알려주세요,382.6669616699219,626.9268798828125,1808.8423410107296,1009.1304156450273
MI3_240821_TY1_0255_5_V02-1_1,기업규모별 사업주 직업능력개발사업 지원현황 차트(세로 막대형)에 대해 알려주세요,326.1512145996094,837.6397094726562,1937.5396023894612,1207.252900045376
MI3_240821_TY1_0261_1_V01_2,I 결산 개요 1 현황 [2019회계연도 대통령비서실 및 국가안보실 소관 세출 결산] 표에 대해 알려주세요,477.05352783203125,2414.029052734375,1611.4132746340483,539.6918710098389
MI3_240821_TY1_0261_2_V01_1,대통령비서실 및 국가안보실의 재정운영결과 표에 대해 알려주세요,473.708984375,1126.240966796875,1606.5073609724918,934.321530757164
MI3_240821_TY1_0261_3_V01_2,가. 세입 · 세출 결산 2019회계연도 대통령경호처 소관 세출 결산 예산 표에 대해 알려주세요,479.36151123046875,1536.7525634765625,1591.0634801691263,362.34482488320805
MI3_240821_TY1_0261_4_V01_1,2019년 영상 보고서 제작 현황 및 보고서명 집행액에 대해 알려주세요.,486.95806884765625,631.3087768554688,1601.6610932822252,564.823592313183
MI3_240821_TY1_0268_2_V02-8_1,아태사이버범죄 개도국 허브 사업의 운영 방식과 관련하여 혼합형 차트에 대해 알려주세요,0.0,0.0,0.0,0.0
MI3_240821_TY1_0268_4_V02-8_1,사건접수 사건처리 혼합형 차트에 대해 알려주세요,485.1058044433594,630.6565551757812,1600.4434143092872,501.69461999245357
MI3_240821_TY1_0283_2_V03_1,재원이전 현황에 대한 다이어그램에 대해 알려주세요,535.8733520507812,1930.8623046875,1418.1529211784066,973.645692607742
MI3_240821_TY1_0283_3_V03_1,분쟁조정 사건처리 절차에 대해 알려주세요.,516.2200317382812,1998.6046142578125,1462.3261461794475,921.2647010315421
MI3_240821_TY1_0283_5_V01_1,해운보증기구 사업 집행 절차와 해양보증보험 연도별 자본유치 계획 및 실적 차트에 대해 알려주세요,478.13128662109375,2431.04248046875,1594.868801151975,482.4478722210338
MI3_240821_TY1_0308_3_V03_1,기 개방 공공데이터 관련 다이어그램에 대해 알려주세요,526.283203125,1142.6396484375,1483.9763795837302,569.3650039695681
MI3_240821_TY1_0318_3_V01_1,플랫폼 운영조직 체계 및 인력 현황 차트(세로 막대형)에 대해 알려주세요,1271.2540283203125,2234.320556640625,771.9117289786366,498.3382753957774
MI3_240821_TY1_0322_3_V01_1,[2023년도 소년원생 급량비 세부 편성 내역] 표에 대해 알려주세요,464.85772705078125,1681.7117919921875,1610.1087096498388,637.4859864009052
MI3_240821_TY1_0345_2_V03_1,사업 추진절차 ICT기금사업 협약에 대해 알려주세요,514.2551879882812,652.0103149414062,1513.6854468873155,1079.8289662978814
MI3_240821_TY1_0345_3_V02-8_1,연구자 주도 기초연구 사업의 유형별 수혜 현황 혼합형에 대해 알려주세요,514.8412475585938,1241.969970703125,1525.2963063260324,799.208731738077
MI3_240821_TY1_0370_1_V02-2_1,교육문제와 저출산에 대해 알려주세요,488.4988098144531,1338.1785888671875,1596.609259321587,863.7676773768026
MI3_240821_TY1_0370_2_V02-1_1,국가별 청소년 삶의 만족도 차트(세로 막대형)에 대해 알려주세요,486.9863586425781,851.0112915039062,1593.4893164660757,1149.927373461669
MI3_240821_TY1_0370_3_V02-1_1,초중등교육과정 정부부담 및 민간부담 공교육비의 상대적 비중 차트(세로 막대형)에 대해 알려주세요,505.192138671875,621.19580078125,1575.2879480885363,1008.6153640024864
MI3_240821_TY1_0387_2_V01_1,예술인생활안정자금(융자)사업의 절차에 대해 알려주세요,479.9000549316406,1918.49169921875,1592.024844037497,996.0361151914109
MI3_240821_TY1_0387_3_V03_1,2020~2026년 축구 리그 도입 로드맵 다이어그램에 대해 알려주세요,478.24383544921875,2355.30712890625,1566.0867601892212,342.50628785885567
MI3_240821_TY1_0387_5_V03_1,[2020년도 문화재청 소관 회계 · 기금 간 재원이전 현황] 다이어그램에 대해 알려주세요,488.30169677734375,1671.305419921875,1561.426730114287,1159.7030342429434
MI3_240821_TY1_0394_2_V03_1,회계· 기금 간 재원이전 현황 다이어그램에 대해 알려주세요,491.74371337890625,1745.3900146484375,1556.9755914660861,1190.6630721461347
MI3_240821_TY1_0394_3_V01_1,2024년도 비축사업 계획안 현황 표에 대해 알려주세요,490.26739501953125,1312.147705078125,1591.9974566208912,279.71339197799216
MI3_240821_TY1_0394_5_V03_1,[회계 · 기금 간 재원이전 현황] 다이어그램에 대해 알려주세요,510.1048889160156,2014.1932373046875,1520.4380157891794,754.6559669661398
MI3_240821_TY1_0437_2_V01_1,2020년 보육료 지원 체계 표에 대해 알려주세요,462.6550598144531,2363.45947265625,1582.2084062432587,375.216164854537
MI3_240821_TY1_0463_2_V02-4_1,북한의 GDP 꺾은선형 그래프에 대해 알려주세요,476.86376953125,1890.4140625,1611.6624114480617,806.0162297772489
MI3_240821_TY1_0463_3_V02-4_1,남북한 인구증가율 꺾은선형에 대해 알려주세요,523.9561767578125,1248.1365966796875,1518.9889469102216,885.5083592996535
MI3_240821_TY1_0463_4_V02-4_1,다. 산업동향의 꺾은선형 차트에 대해 알려주세요,531.3394775390625,578.5684814453125,1511.0773769370292,727.2289094221815
MI3_240821_TY1_0463_5_V01_1,북한 산업구조 변화 표에 대해 알려주세요,538.5965576171875,2226.8369140625,1419.6883659065768,739.6245841652732
MI3_240821_TY1_0465_1_V02-4_1,T01 T02 T03 꺾은선형에 대해 알려주세요,649.1437377929688,743.3740234375,1321.747623484199,1872.8550469926329
MI3_240821_TY1_0465_3_V02-4_1,확대통화정책 충격반응함수 차트(꺾은선형)에 대해 알려주세요,648.68701171875,744.6395874023438,1322.6256957225423,1885.704830823539
MI3_240821_TY1_0478_2_V01_1,주요 작업 및 각 OECD 국가 그룹 별 특성 및 지표 별 연관성 차트에 대해 알려주세요,123.40388488769531,3032.525390625,1859.641063700641,92.88354138706742
MI3_240821_TY1_0494_1_V02-4_2,소비자 평가지수 및 기업경기 실사지수 추이 차트(꺾은선형)에 대해 알려주세요,703.5444946289062,631.2852783203125,1097.9749663398557,690.4331518956577
MI3_240821_TY1_0494_2_V02-4_1,수·출입 증가율 추이에 대한 꺾은선형 차트에 대해 알려주세요,691.130859375,633.7890625,1032.868848447921,667.6715393802361
MI3_240821_TY1_0494_3_V02-4_1,"주가, 금리·환율 변동 추이 차트(꺾은선형)에 대해 알려주세요",635.4437255859375,2059.561279296875,1236.289385931585,801.6788287426631
MI3_240821_TY1_0494_4_V02-3_1,국고채의 종류별 비중에 대한 차트(원형)에 대해 알려주세요,675.4024047851562,667.9060668945312,1100.6466615072557,878.175392552725
MI3_240821_TY1_0502_1_V02-3_1,2005년도 예산안의 사업형태별 비중에 대해 알려주세요,498.01959228515625,668.7362060546875,1582.7632483497011,1066.2442148104276
MI3_240821_TY1_0505_1_V02-4_1,에 대한 의 꺾은선형 차트에 대해 알려주세요,540.0064697265625,1643.061767578125,1488.3142851624857,1120.0051622547098
MI3_240821_TY1_0505_2_V02-4_1,[그림 2] 건물의 거래건수에 대한 동태적 변화(시나리오 1) 차트(꺾은선형)에 대해 알려주세요,490.9710998535156,1960.29736328125,1589.6782296859249,824.0160344690097
MI3_240821_TY1_0505_3_V02-1_1,2. 세수추계에 대한 4000cc 이상 차량 대수 막대형 차트에 대해 알려주세요,509.3048400878906,1425.9342041015625,1541.0229359458676,1102.856728364873
MI3_240821_TY1_0505_4_V02-4_1,장애인 LPG 차량연료 사용량 및 2005년 전망에 대해 알려주세요,515.54052734375,669.6725463867188,1544.8774402054141,1038.6740680096311
MI3_240821_TY1_0513_1_V01_1,Ⅲ. 조사결과 요약 1. 주거 및 주거환경 지역별 주택유형 표에 대해 알려주세요,380.0931396484375,1862.354248046875,1816.0389526126917,478.21029558421964
MI3_240821_TY1_0513_2_V01_1,소득계층별 주택유형 표에 대해 알려주세요,385.2748107910156,627.7739868164062,1825.0747716687965,630.5468347831907
MI3_240821_TY1_0513_3_V02-1_1,지역별 점유형태 차트(원형)에 대해 알려주세요,392.2311096191406,2205.73193359375,1777.1744728638794,864.7226349119153
MI3_240821_TY1_0513_4_V01_2,<표 8> 차트(가로 막대형)에 대해 알려주세요,384.27459716796875,618.5490112304688,1828.2853256034537,607.6489147722264
MI3_240821_TY1_0516_1_V01_1,제목에 포함된 내용과 관련하여 저소득층 생업자금 지원 조건 및 기타 융자정보에 대해 알려주세요.,470.92730712890625,1106.48193359375,1604.5501668871125,514.7614398053178
MI3_240821_TY1_0516_3_V02-8_1,2006년 신항만건설사업 예산안 특징 차트(혼합형)에 대해 알려주세요,688.650390625,2159.728759765625,1133.2259982083344,756.4110534821376
MI3_240821_TY1_0516_4_V01_1,[표 5] 교통시설특별회계 각 계정별 예산에 대해 알려주세요,462.15704345703125,861.5689086914062,1624.5742701664878,1057.5037438821544
MI3_240821_TY1_0532_1_V01_1,제목에 해당하는 내용을 바탕으로 지역별 자녀와의 동거 희망에 대한 의견 표에 대해 알려주세요,391.19171142578125,693.5430297851562,1798.3955643482834,831.9152446618217
MI3_240821_TY1_0532_2_V02-1_2,제목에 따른 상황별 노후 희망 거주 형태 차트(세로 막대형)에 대해 알려주세요,430.4534912109375,1801.7850341796875,1712.9607328300162,1212.9453244585495
MI3_240821_TY1_0532_3_V02-1_2,제목에 해당하는 내용을 기반으로 노인 개인에 대한 차트(세로 막대형)에 대해 알려주세요.,425.4939880371094,1813.18603515625,1721.753004604722,1201.466803834949
MI3_240821_TY1_0549_1_V01_1,소득세법 주요 개정 내용과 관련된 차트에 대해 알려주세요,475.2258605957031,1323.64794921875,1622.1790380791408,1598.8863627383676
MI3_240821_TY1_0549_2_V01_1,법인세율 및 최저한세율의 변화 차트(세로 막대형)에 대해 알려주세요,476.74761962890625,1843.954833984375,1601.7255363594013,927.2001099593182
MI3_240821_TY1_0549_3_V02-8_1,세제개편으로 인한 세수변화 계산 방식의 차이에 대해 알려주세요,483.5643005371094,1500.111328125,1580.3659571788212,317.9336235722286
MI3_240821_TY1_0551_1_V01_1,기금 자산 부채 현황에 대해 알려주세요,472.3667297363281,551.2401123046875,1616.0406916392685,965.5836576263547
MI3_240821_TY1_0551_2_V02-4_1,2006~2008년도 기금유형별 순자산 추이에 대해 알려주세요,497.58563232421875,593.5433349609375,1595.4102335163186,979.5445987226389
MI3_240821_TY1_0551_3_V02-1_1,2007~2008년도 기금유형별 여유자금 운용 규모 추이에 대해 알려주세요,493.9948425292969,616.8892822265625,1594.7229846160624,838.9940353268672
MI3_240821_TY1_0555_1_V01_1,기초원천연구에 대한 투자와 R&D 성과지표 측정방법 차트(세로 막대형)에 대해 알려주세요,440.3101806640625,1873.3536376953125,1686.3510534308907,1116.8476423774964
MI3_240821_TY1_0555_2_V01_1,성과지표 및 측정방법 차트에 대해 알려주세요,445.88873291015625,1424.37890625,1682.4136590986438,1131.5871621060644
MI3_240821_TY1_0555_3_V01_1,연구역랑을 강화하고 경쟁력 있는 사학을 육성한다에 대해 알려주세요,434.35302734375,830.1075439453125,1685.1171635947217,1115.5392704230665
MI3_240821_TY1_0558_3_V01_1,"이 문서에서는 기관명 회계와 관련된 공단 운영비에 대해 다루고 있으며, 이와 관련된 시각적 요소인 표에 대해 알려주세요.",488.52728271484375,547.6636962890625,1591.9088909480945,828.9113513089795
MI3_240821_TY1_0560_2_V01_1,[표 1] 2008년도 회계별 세출예산안 현황에 대해 알려주세요,487.14324951171875,615.7852783203125,1603.6880220694823,598.3404780857787
MI3_240821_TY1_0560_3_V01_1,2004~2006 청년층의 직장체험 형태 표에 대해 알려주세요,490.428466796875,615.657470703125,1599.0230733038488,675.9568512851863
MI3_240821_TY1_0567_4_V02-1_1,미국과 캐나다 역시 신용카드 비중과 직불카드 비중이 크게 차이가 나지 않고 있다. GDP 대비 신용카드와 직불카드의 이용 비중 차트에 대해 알려주세요.,535.8148803710938,843.6057739257812,1519.008940674554,861.0332441249255
MI3_240821_TY1_0567_5_V02-4_1,소득분위별 가구당 월평균 실질소득 추이에 대해 알려주세요,526.159423828125,865.3365478515625,1514.2490905907928,1033.8314920551882
MI3_240821_TY1_0572_3_V01_1,[표 3] 표에 대해 알려주세요,466.40875244140625,2399.604736328125,1581.2181935366505,385.746170607727
MI3_240821_TY1_0591_1_V01_1,교육과학기술부 국제공동연구 및 인력교류사업 비교 표에 대해 알려주세요,464.9577941894531,620.9122924804688,1615.1456891955054,1330.920979031248
MI3_240821_TY1_0591_2_V01_1,2009년도 WCU사업 예산안 현황에 대한 차트(세로 막대형)에 대해 알려주세요,461.10137939453125,617.1656494140625,1625.992463694977,1148.176649443959
MI3_240821_TY1_0591_3_V01_1,WCU사업 세부 내역 차트(세로 막대형)에 대해 알려주세요,462.907470703125,983.708984375,1628.2649939465853,1043.0196922820382
MI3_240821_TY1_0635_1_V01_1,고령자 및 여성 고용촉진 컨설팅 예산변경 현황 표에 대해 알려주세요,478.12109375,1137.172607421875,1590.0837280504409,561.9338218902203
MI3_240821_TY1_0635_2_V01_1,무공영예수당 예산 변경 현황에 대해 알려주세요,476.5551452636719,625.4201049804688,1581.761290336588,410.31640662372695
MI3_240821_TY1_0635_3_V01_2,[표 8] 참전명예수당의 이·전용 및 조정을 통한 감액 현황 표에 대해 알려주세요,465.6958923339844,2031.3505859375,1592.257636591685,418.58005373265917
MI3_240821_TY1_0653_1_V02-4_1,Ⅱ. 주요사업의 성과와 중기재정계획의 연계 중기계획 차트(꺾은선형)에 대해 알려주세요,523.5308837890625,2117.90771484375,1518.0956794589504,819.821514880526
MI3_240821_TY1_0653_2_V01_1,Ⅱ. 농림·수산·식품 분야 주요사업의 재정소요에 대해 알려주세요,449.9054870605469,561.5855102539062,1677.4787503705636,538.9585736649647
MI3_240821_TY1_0653_3_V02-2_1,농림·수산·식품 분야의 주요 지표 및 환경오염 부하 경감 차트(가로 막대형)에 대해 알려주세요,531.3368530273438,2114.170654296875,1498.4852377900572,796.6541405845455
MI3_240821_TY1_0656_1_V02-1_1,총수입 증가폭 추이 차트(세로 막대형)에 대해 알려주세요,675.1174926757812,638.6560668945312,1172.3613641388881,655.7495006123003
MI3_240821_TY1_0656_2_V01_1,BOX 6. 2012년 세수전망과 국세탄력성에 대해 알려주세요,563.4493408203125,2422.59033203125,1352.9926530395394,283.70158091975367
MI3_240821_TY1_0656_3_V02-1_1,국세증가율 (%) 차트(세로 막대형)에 대해 알려주세요,613.03857421875,1503.12109375,1258.4386403894428,625.8477545528077
MI3_240821_TY1_0656_4_V02-8_1,2011~2015년 전망 및 양도소득세수 증가율 혼합형에 대해 알려주세요,539.7525634765625,1035.0145263671875,1511.2065837569849,886.5210518438737
MI3_240821_TY1_0670_1_V01_1,우리나라의 재정위험 분류와 관련된 직접채무 및 민간투자 사업에 대해 알려주세요,393.88720703125,481.6092224121094,1796.9119509785921,660.4281235335706
MI3_240821_TY1_0705_1_V01_2,[표 8] 차트(세로 막대형)에 대해 알려주세요,1234.22607421875,2310.032958984375,808.5414502036292,418.43094972722565
MI3_240821_TY1_0743_2_V01_1,리경로에서 소비변동의 요인별 기여율 차트에 대해 알려주세요,479.4070129394531,2249.913818359375,1585.3253449693948,590.1868903564052
MI3_240821_TY1_0743_3_V02-8_1,"제목에 포함된 데이터의 시각적 표현으로서, 원/엔 환율과 대일 무역수지 혼합형 차트에 대해 알려주세요.",489.11053466796875,1532.7479248046875,1592.247764552157,948.414802681082
MI3_240821_TY1_0773_1_V02-2_2,2013년 주요기관별 성인지 결산 대상사업 및 집행액 가로 막대형에 대해 알려주세요,511.83746337890625,671.3328247070312,1516.7475740104348,556.8058248629602
MI3_240821_TY1_0773_2_V01_1,법무부의 결산 자료에 대한 표 형식의 정보에 대해 알려주세요.,489.801513671875,2339.1142578125,1578.9450094630088,620.7408661541793
MI3_240821_TY1_0773_3_V01_1,성평등 목표 현황 표에 대해 알려주세요,451.54766845703125,620.767333984375,1627.9756304698512,1654.6445712701707
MI3_240821_TY1_0784_1_V02-7_1,이 문서의 제목에 따른 분야별 재원배분의 전년대비 및 연평균 증가율 비교 차트에 대해 알려주세요,590.41748046875,671.87646484375,1358.0840809783354,2211.917472175388
MI3_240821_TY1_0784_2_V02-4_1,실질 GDP 성장률 꺾은선형에 대해 알려주세요,493.8621520996094,913.7644653320312,1587.6865477579058,872.1599865213091
MI3_240821_TY1_0784_3_V02-5_1,금번 국가재정운용계획과 관련하여 우리나라의 인구 구조 변화와 장기적인 재정에 대해 알려주세요.,413.87335205078125,775.5390625,788.4126240830028,817.3018099803559
MI3_240821_TY1_0788_3_V01_1,[표 78] 가업승계세제 개정안의 내용에 대해 알려주세요,462.9569396972656,635.8045043945312,1623.9157181422927,1327.5479003041276
MI3_240821_TY1_0798_2_V02-8_1,보건·복지·고용 분야 총지출 예산 전년대비 증가율 차트(혼합형)에 대해 알려주세요,527.9852294921875,660.4467163085938,1508.0462092043617,678.055078346677
MI3_240821_TY1_0798_3_V02-4_1,이 문서에서 국가재정운용계획의 SOC 비중 현황을 나타내는 차트에 대해 알려주세요,507.6099548339844,894.4346313476562,1557.5913340161353,860.9759372078463
MI3_240821_TY1_0809_2_V01_1,댐 건설 사업 결산 현황 표에 대해 알려주세요,460.59564208984375,1107.2930908203125,1635.765949601108,1028.4911356561188
MI3_240821_TY1_0809_3_V01_1,댐 건설 사업의 사업기간 변동 현황 표에 대해 알려주세요,452.5487976074219,1157.1708984375,1657.2085945789815,1150.8086300736531
MI3_240821_TY1_0814_3_V01_3,경력단절여성 취업지원과 취업성공패키지지원 비교에 대해 알려주세요,482.8800964355469,527.597412109375,1578.905444026631,460.0073105261108
MI3_240821_TY1_0831_1_V01_2,2015 도시교통 ATMS 요일별 교통량에 대해 알려주세요,337.58001708984375,2010.5693359375,1922.9387902132908,429.8265307493369
MI3_240821_TY1_0831_2_V01_1,제2장 종합 분석 2.2 속도 통계 자료에 대해 알려주세요,341.8026123046875,902.8764038085938,1939.6437803869305,470.2614615818186
MI3_240821_TY1_0831_3_V01_1,2015 도시교통 기초조사 본 과업에서는 인천광역시의 ITS 속도정보와 민간기업의 속도정보 자료에 대해 알려주세요,341.52874755859375,1067.1021728515625,1934.3572299701482,539.4762131365445
MI3_240821_TY1_0848_1_V01_1,2015년도 예산안에 대한 표 내용에 대해 알려주세요,478.10601806640625,605.273681640625,1612.09431306394,866.7925252115489
MI3_240821_TY1_0859_1_V02-8_1,2. 중기 재정운용 차트(혼합형)에 대해 알려주세요,437.7774353027344,2132.72802734375,1685.7868941881538,875.6571364045926
MI3_240821_TY1_0859_3_V02-4_2,고용률 추이 차트(꺾은선형)에 대해 알려주세요,433.0334777832031,1600.655029296875,1696.1104651784387,754.3177469749545
MI3_240821_TY1_0860_3_V02-8_1,임업 · 산촌 예산 추이와 관련된 차트(혼합형)에 대해 알려주세요,468.1684265136719,1937.577392578125,1633.7800150927637,1002.4068308976523
MI3_240821_TY1_0860_4_V02-8_1,에 대한 예산 추이에 대해 알려주세요,503.5244445800781,1713.9649658203125,1549.0887017225223,950.6741660421554
MI3_240821_TY1_0864_3_V02-3_1,[그림 1] 2014년 학부과정 입학생의 지역별 현황 차트(원형)에 대해 알려주세요,492.5073547363281,1721.0865478515625,1578.9899429077539,860.836091667204
MI3_240821_TY1_0874_1_V02-4_1,이 문서의 제목에 대한 꺾은선형 차트에 대해 알려주세요,487.3084411621094,998.9755249023438,1597.353793431672,1019.5245327121338
MI3_240821_TY1_0874_2_V02-8_1,은행형 금융공공기관의 고정이하 여신비율과 관련된 혼합형 차트에 대해 알려주세요,496.3528137207031,601.3981323242188,1597.4271054474805,1017.8751379984158
MI3_240821_TY1_0874_3_V02-4_1,(나) 전원별 발전원가와 정산단가 비교 분석과 관련하여 꺾은선형 차트에 대해 알려주세요,495.1228942871094,1654.03369140625,1575.7311576539332,938.6926994577478
MI3_240821_TY1_0883_2_V01_1,주요 현안 분석 예산액 연도 예산현액 징수결정액 수납액 미수납액 본예산 추경에 대해 알려주세요,411.220458984375,2399.418212890625,1724.251879426946,420.5646049478042
MI3_240821_TY1_0883_3_V01_1,2015년 1분기 집행지연 유형별 현황 차트(세로 막대형)에 대해 알려주세요,457.4789123535156,575.1285400390625,1656.7932407342093,703.2536170919794
MI3_240821_TY1_0894_1_V01_1,2016 세법개정의 쟁점과 과제 본문 프로그램 기부에 대해 알려주세요,379.8675537109375,1999.6234130859375,1800.57817752963,922.4615987727395
MI3_240821_TY1_0894_2_V01_1,외교관 출국장 면세점 현황 표에 대해 알려주세요,448.7414245605469,2165.00927734375,1639.924587053563,896.6504613442061
MI3_240821_TY1_0894_3_V01_1,법인세법 개정안 비교표 표에 대해 알려주세요,391.71649169921875,1178.546630859375,1788.0655670563642,686.0230093333289
MI3_240821_TY1_0934_2_V01_1,국세 및 지방세 구조 차트에 대해 알려주세요,327.6317138671875,2323.578125,1924.6880763339302,831.5370764515444
MI3_240821_TY1_0952_1_V02-4_1,중국 부동산시장 투자 및 은행건전성 현황 차트(꺾은선형)에 대해 알려주세요,840.7357177734375,1110.063720703125,994.8412179631397,635.0484356609271
MI3_240821_TY1_0952_2_V02-1_1,2017년 일본경제 전망에 대해 알려주세요,623.4292602539062,1554.85498046875,1276.2547347212856,799.4238424122359
MI3_240821_TY1_0952_3_V02-4_1,브라질의 소비자물가상승률과 정책금리 추이에 대해 알려주세요,616.8716430664062,1519.722900390625,1278.861069561769,769.8633909751436
MI3_240821_TY1_0958_1_V02-8_1,3 가계부채와 주택경기 활성화 차트(혼합형)에 대해 알려주세요,434.7261657714844,1520.98095703125,1702.8880388169835,1068.0511653991587
MI3_240821_TY1_0958_2_V02-8_1,주택경기 활성화 정책과 가계부채 대책에 대해 알려주세요.,436.9415283203125,1326.0562744140625,1696.7506264122387,1127.846767434284
MI3_240821_TY1_0977_3_V02-8_1,2017 조세의 이해와 쟁점 차트(혼합형)에 대해 알려주세요,430.2110900878906,1219.1893310546875,1703.892356235112,998.7599422608762
MI3_240821_TY1_0977_4_V02-8_1,2017 조세의 이해와 쟁점 5. 세액공제 및 세액감면 법인세 조세지출액과 비중 추이에 대해 알려주세요,414.2350158691406,1914.1790771484375,1724.2347602115794,1155.410628377817
MI3_240821_TY1_0982_1_V02-4_1,조세지출 운용현황 차트(꺾은선형)에 대해 알려주세요,404.4689025878906,1775.527099609375,1772.199273397153,1153.2700206643926
MI3_240821_TY1_0982_2_V02-4_1,[그림 2] 차트(꺾은선형)에 대해 알려주세요,408.98583984375,1413.992431640625,1758.177044551252,1009.5468207338375
MI3_240821_TY1_0982_3_V02-4_1,2017 조세의 이해와 쟁점과 관련된 차트(꺾은선형)에 대해 알려주세요,401.2680969238281,1798.093505859375,1765.8537831941278,1247.4148748360205
MI3_240821_TY1_0982_4_V02-4_1,2017 조세의 이해와 쟁점에 대해 알려주세요. 자녀장려금 지급 금액에 대해 알려주세요.,504.9576721191406,1977.4237060546875,1572.8969937699194,955.6721105646595
MI3_240821_TY1_1000_1_V02-8_1,법안비용추계서에 대한 혼합형 차트에 대해 알려주세요,488.59527587890625,998.982421875,1587.184524402742,1435.6682823395781
MI3_240821_TY1_1000_2_V01_1,대상 연평균 구분 기준 공동주택 수 추가재정소요 표에 대해 알려주세요,450.3048400878906,655.2964477539062,1646.761923179796,391.102127777955
MI3_240821_TY1_1001_1_V02-1_1,2018 시행 개정세법의 주요 내용 및 정부 세법개정안의 수정가결 및 대안반영 비율에 대해 알려주세요.,425.7121276855469,1965.5933837890625,1706.530409654568,1080.5978501107043
MI3_240821_TY1_1001_2_V02-1_1,정규직근로자 비정규직근로자 차트(세로 막대형)에 대해 알려주세요,456.84130859375,1462.55078125,1660.0449464054388,973.2110853979631
MI3_240821_TY1_1001_3_V02-1_1,정부 세법개정안의 수정가결 및 대안반영 비율 차트(세로 막대형)에 대해 알려주세요,450.619873046875,1969.0635986328125,1665.647155244432,988.4200316975388
MI3_240821_TY1_1009_1_V02-8_1,복지분야 의무지출의 혼합형 차트에 대해 알려주세요,497.273681640625,599.6868286132812,1595.7214750907963,973.8349050371038
MI3_240821_TY1_1009_2_V02-8_1,지방정부 순채무 추이에 대한 혼합형 차트와 관련된 내용에 대해 알려주세요,489.8451843261719,1764.349853515625,1588.0888792693477,1046.1802874866296
MI3_240821_TY1_1009_3_V01_1,국가채무와 GDP 대비 국가채무 비율에 대한 표에 대해 알려주세요.,470.7681884765625,1181.1131591796875,1608.0616352438371,587.6638453398175
MI3_240821_TY1_1020_1_V02-1_1,National Assembly Budget Office의 실질 국내총생산(GDP) 차트(세로 막대형)에 대해 알려주세요,432.55908203125,2119.314208984375,1686.2329447680374,947.4259568564598
MI3_240821_TY1_1020_2_V02-8_1,이 문서의 제목과 관련된 내용에서 세계 경제 성장률에 대한 꺾은선형 차트에 대해 알려주세요.,438.55572509765625,1395.3179931640625,1691.2027100627208,963.1883533931626
MI3_240821_TY1_1020_3_V02-1_1,7. 고용에 대해 알려주세요,1340.0423583984375,2005.1939697265625,828.0555866563724,921.088870677649
MI3_240821_TY1_1039_1_V02-4_1,I. 대내외 경제여건 1. 세계 경제여건 [그림 1]에 대해 알려주세요,1345.3580322265625,2363.250244140625,737.3374140267633,587.0101978623317
MI3_240821_TY1_1039_2_V02-1_2,[소매업태별 소매판매액 비중 추이] 차트(가로 막대형)에 대해 알려주세요,627.2337646484375,1372.962646484375,1232.7408006301082,713.7427784375218
MI3_240821_TY1_1039_3_V02-5_1,미분양주택 현황과 특징 차트(영역형)에 대해 알려주세요,555.6698608398438,1645.79541015625,1447.424905708404,738.8552650677032
MI3_240821_TY1_1046_2_V02-8_1,NABO 장기 재정전망: 사회보장기여금 차트(혼합형)에 대해 알려주세요,523.7457275390625,1997.052490234375,1520.1282894284188,962.3554354271794
MI3_240821_TY1_1046_3_V02-3_1,NABO 장기 재정전망 결과 차트(원형)에 대해 알려주세요,521.57421875,2065.685546875,1530.587699090842,883.8939163660594
MI3_240821_TY1_1046_4_V02-8_1,[그림 10] NABO 장기 재정전망 차트에 대해 알려주세요,520.6253051757812,2065.75830078125,1522.2103180925799,898.0398073313814
MI3_240821_TY1_1050_2_V02-4_1,2.2 지상기상관측 2.2.1 종관기상관측 정상자료율(%)에 대해 알려주세요,329.63525390625,1965.661865234375,1931.858422855914,745.5385296207348
MI3_240821_TY1_1050_3_V02-4_2,2019년 동안 운영한 레윈존데 지점 기온 정상자료율 꺾은선형에 대해 알려주세요,333.7158508300781,774.56103515625,1923.6338911413889,705.7808214856439
MI3_240821_TY1_1050_4_V02-4_1,2.4 해양기상관측 2.4.1 해양기상부이에 대해 알려주세요,324.3887023925781,1152.3411865234375,1934.2282761698864,737.440960891338
MI3_240821_TY1_1050_5_V01_1,"2019년 9월 정상, 결측, 오류자료율 표에 대해 알려주세요",336.49261474609375,777.5460205078125,1917.74430666613,701.1339146161386
MI3_240821_TY1_1101_2_V01_1,제2장. 세입세출(수입지출)결산 분석 총괄 그래프에 대해 알려주세요,367.89898681640625,764.5220336914062,1824.160566959945,1276.3465732796583
MI3_240821_TY1_1101_3_V01_1,제목에 해당하는 내용과 총괄 표에 대해 알려주세요,375.6217956542969,548.660400390625,1815.3542633650761,435.55381578811864
MI3_240821_TY1_1101_4_V01_1,회계별 세입결산 표에 대해 알려주세요,373.3365478515625,547.1123657226562,1820.4174411071863,439.0167321736386
MI3_240821_TY1_1109_1_V02-1_1,외부의료시설 진료 건수 차트(세로 막대형)에 대해 알려주세요,324.12298583984375,2235.494140625,1939.18288385454,916.59141737954
MI3_240821_TY1_1109_2_V01_1,교정시설 의료인력 현황 표에 대해 알려주세요,293.04144287109375,1867.19873046875,1968.8062877834875,1291.072200624505
MI3_240821_TY1_1109_3_V01_2,교정시설 방문조사 현황 표에 대해 알려주세요,330.0406799316406,2450.4384765625,1957.5650386864354,680.0108839213051
MI3_240821_TY1_1109_4_V01_1,제5장 종교와 문화 제1절 종교 차트(세로 막대형)에 대해 알려주세요,292.43865966796875,1718.79296875,1969.766251278737,1449.4388588725028
MI3_240822_TY1_0010_1_V01_1,2020년도 공공기관 정부지원 예산안 총괄분석에 대한 차트(표)에 대해 알려주세요.,470.2213439941406,1742.0699462890625,1605.0158017544443,756.4914653760425
MI3_240822_TY1_0010_2_V01_2,2020년도 공공기관 정부지원 예산안 현황 본문 표에 대해 알려주세요,479.50262451171875,2329.17431640625,1594.7398510384028,575.7679704084644
MI3_240822_TY1_0010_3_V01_2,공공기관 정부지원 예산(예산안) 표에 대해 알려주세요,483.84130859375,952.81689453125,1585.83882924018,373.324404385074
MI3_240822_TY1_0010_4_V01_1,2020년도 공공기관 정부지원 예산안의 회계와 기금별 재원 현황을 보여주는 표에 대해 알려주세요,478.9882507324219,872.0581665039062,1590.8752855695618,422.388494458103
MI3_240822_TY1_0010_5_V01_1,2 예산안 증액 규모 상위 5개 기관에 대한 표에 대해 알려주세요,470.0925598144531,1473.7333984375,1600.9298105125288,626.6492774830272
MI3_240822_TY1_0010_6_V01_1,제목에 포함된 내용을 기반으로 공공기관 고유사업과 관련된 보조사업의 다양한 형태에 대해 알려주세요,469.6789245605469,1176.4853515625,1621.3350515726243,1650.9915874302576
MI3_240822_TY1_0012_1_V01_1,II. 재정 총괄 분석 3 예산총칙안 분석 [2020년도 예산총칙안]에 대해 알려주세요,491.3654479980469,1324.0303955078125,1575.1592573381527,1051.9289132935692
MI3_240822_TY1_0012_2_V01_1,II. 재정 총괄 분석에 대해 알려주세요,471.5508117675781,2064.466552734375,1594.5179134475488,574.796399028661
MI3_240822_TY1_0012_3_V01_1,제1부 총괄 분석 본문 표에 대해 알려주세요,492.18304443359375,1313.67431640625,1567.5024067069344,396.13748341704246
MI3_240822_TY1_0012_4_V01_1,제1부 총괄 분석 본문 표에 대해 알려주세요,487.4216003417969,1330.594482421875,1581.4612162464728,371.93774451536825
MI3_240822_TY1_0012_5_V01_1,Ⅳ 중앙선거관리위원회 본문 차트(세로 막대형)에 대해 알려주세요,461.05914306640625,2398.453857421875,1586.560343345796,365.51840530375233
MI3_240822_TY1_0024_1_V01_1,여 장서각 자료의 온라인 활용도 제고와 관련하여 1유형 평가지표에 대해 알려주세요.,384.99700927734375,1603.717041015625,1793.8618296063453,802.4415862498372
MI3_240822_TY1_0024_2_V01_1,동반성장과 지역발전 유형별 가중치 표에 대해 알려주세요,398.9154357910156,530.9599609375,1787.7358920635527,868.1372282150443
MI3_240822_TY1_0024_3_V01_1,(3) 윤리·투명 경영 평가에 대한 표에 대해 알려주세요,421.6516418457031,855.3690185546875,1772.2092587095576,293.4603016782165
MI3_240822_TY1_0024_4_V01_1,지표명 가중치 평점 득 점에 대해 알려주세요,410.2921447753906,1309.665283203125,1769.8418329480326,172.86126617976234
MI3_240822_TY1_0024_5_V01_2,윤리·투명 경영 항목 평점을 정리한 표에 대해 알려주세요.,411.0436706542969,1607.8541259765625,1769.7131256046225,283.9003527831107
MI3_240822_TY1_0024_6_V01_1,제목에 포함된 병원신임 평가 점수와 관련된 표에 대해 알려주세요.,422.57904052734375,1412.35986328125,1754.7734217064929,193.89584852416317
MI3_240822_TY1_0024_7_V01_1,2020년도 기관별 경영실적 평가 결과의 표에 대해 알려주세요,371.17730712890625,591.799560546875,1732.1205947288545,208.15924136164344
MI3_240822_TY1_0044_1_V01_2,병상당 의료장비비 및 집기비품비에 대해 알려주세요,438.4319152832031,2566.603759765625,1665.1315120122783,370.87155812191486
MI3_240822_TY1_0044_2_V01_1,이 문서에서 유급휴가비 지원과 관련된 시각요소에 대해 알려주세요,440.2181396484375,2412.978515625,1680.673946324753,518.0679986255224
MI3_240822_TY1_0044_3_V01_1,2021년 백신휴가비 지원 대상자 수 추정 차트에 대해 알려주세요,435.75762939453125,687.7508544921875,1693.0946339626364,1490.4756406948568
MI3_240822_TY1_0044_4_V01_1,2021 법안 비용추계 이해와 사례의 표에 대해 알려주세요.,445.74237060546875,657.3329467773438,1688.2364321504617,550.5885056227241
MI3_240822_TY1_0044_5_V01_1,I 보건·복지분야 법안 비용추계 표에 대해 알려주세요,426.3276062011719,1857.46337890625,1696.2553435457799,608.6512540081097
MI3_240822_TY1_0044_6_V01_1,제목에 대한 현행 개정안의 정의와 표에 대해 알려주세요.,459.1379699707031,1159.9588623046875,1661.7181337277273,176.34498189923883
MI3_240822_TY1_0047_1_V02-2_1,2021년 EU의 대외정책 전망과 한국의 대응방향에 대해 알려주세요,406.92437744140625,2387.923583984375,595.261135110253,594.38709346426
MI3_240822_TY1_0047_2_V02-1_1,2021년 국제정세 전망과 한국의 대응방향 2. 브렉시트 이후 영국 경제의 변화 (차트(가로 막대형))에 대해 알려주세요,1296.114501953125,2192.513427734375,882.0842517184418,756.8694915526128
MI3_240822_TY1_0047_3_V02-4_3,2021년 EU의 대외정책 전망과 한국의 대응방향에 대해 알려주세요.,1509.78955078125,2376.7529296875,611.7963199050992,609.2774123430526
MI3_240822_TY1_0047_4_V01_1,2021년 EU의 대외정책 전망과 한국의 대응방향에 대해 알려주세요,397.8050842285156,700.2901000976562,1783.482759107154,832.940413881316
MI3_240822_TY1_0047_5_V01_1,2021년 국제정세 전망과 한국의 대응방향 시각요소 제목 V에 대해 알려주세요,386.42620849609375,696.1101684570312,1789.07130811282,1029.183104354445
MI3_240822_TY1_0050_3_V01_1,[표 1] 재정수반법률 추계 현황 표에 대해 알려주세요,499.5361022949219,610.4188232421875,1578.5071436630094,729.7849664998681
MI3_240822_TY1_0050_4_V01_1,2021년 가결 재정수반법률과 관련된 추계 현황에 대해 알려주세요,474.0326843261719,1998.8504638671875,1580.0129242613202,516.6885807632095
MI3_240822_TY1_0050_5_V02-1_1,재정수반법률 현황: 제안자별 차트(세로 막대형)에 대해 알려주세요,581.5723266601562,1991.603271484375,1416.7883971932165,942.822278900439
MI3_240822_TY1_0050_6_V01_1,위원회별 재정수반법률 현황에 대해 알려주세요,466.0435791015625,1080.2760009765625,1622.5641554299002,1650.9429494142987
MI3_240822_TY1_0050_7_V02-2_1,재정수반법률 현황에 대한 차트(가로 막대형)에 대해 알려주세요,519.8729248046875,654.8070678710938,1525.4705205723703,1674.4005982235867
MI3_240822_TY1_0051_1_V01_1,국회예산정책처가 제시한 2021년 세법개정안 중 국회수정사항의 세수효과 변동내역 표에 대해 알려주세요,476.796875,1581.028076171875,1622.4497887622945,1120.6661934728052
MI3_240822_TY1_0051_2_V01_1,2021년 개정세법의 심사경과와 주요 내용 5 주요 심사 쟁점 표에 대해 알려주세요,462.7460632324219,2204.9189453125,1615.9415261201993,636.3872934039574
MI3_240822_TY1_0051_3_V01_2,제목에 따라 유동수 의원안 주택 가액의 비과세 기준 및 고가주택의 양도소득 관련 사항에 대해 알려주세요,473.68902587890625,1049.4676513671875,1602.5461543583722,548.396723837373
MI3_240822_TY1_0051_4_V01_1,2021년 개정세법의 심사경과와 주요 내용에 대해 알려주세요,473.4912109375,1120.003662109375,1604.2764016727697,645.131565281348
MI3_240822_TY1_0051_5_V01_1,개관 및 현행 강병원 의원안과 양경숙 의원안에 대한 그래프 유형에 대해 알려주세요,459.0184326171875,2038.5462646484375,1607.4303413061796,414.63798514207605
MI3_240822_TY1_0051_6_V01_1,2021년 개정세법의 심사경과와 주요 내용에 대해 알려주세요,471.154541015625,1216.8746337890625,1603.863253384806,540.2769602606911
MI3_240822_TY1_0071_1_V02-8_2,관리수지와 국가채무의 비율 변화 차트(혼합형)에 대해 알려주세요,351.1656494140625,632.0770874023438,874.0668994368226,603.407683175287
MI3_240822_TY1_0071_2_V02-3_1,한국판 뉴딜 본격 추진 차트(원형)에 대해 알려주세요,1381.6978759765625,695.0197143554688,689.6234486416928,449.8569610409301
MI3_240822_TY1_0071_3_V01_1,국가재정운용계획에 대해 알려주세요,382.8404541015625,2301.869140625,1791.3706568161667,603.9708810641241
MI3_240822_TY1_0071_4_V02-4_1,포스트 코로나 장기 재정전망 차트(꺾은선형)에 대해 알려주세요,690.990234375,1058.1536865234375,1330.8893451770568,544.3583591796114
MI3_240822_TY1_0084_1_V01_1,장기요양기관 부당청구 주요 유형의 환수결정 현황에 대해 알려주세요,463.005126953125,628.133544921875,1622.4756099160536,1071.5731407529424
MI3_240822_TY1_0084_2_V01_1,바. 4대 공적연금 기금운용 현황 및 분석 차트(세로 막대형)에 대해 알려주세요,465.3113098144531,1223.2333984375,1639.573759406058,1469.5922457588565
MI3_240822_TY1_0084_4_V01_2,유아교육비 보육료 지원 사업 예산 집행 구조 다이어그램에 대해 알려주세요,469.661865234375,1394.4932861328125,1627.161415536727,494.67979882754037
MI3_240822_TY1_0084_5_V01_1,유아교육비 보육료 지원 사업 실집행 현황 차트(세로 막대형)에 대해 알려주세요,472.5510559082031,843.6228637695312,1614.2742508567035,863.0263690240507
MI3_240822_TY1_0084_6_V01_1,2021회계연도 과학기술정보방송통신위원회 소관 국세외수입 결산 현황에 대해 알려주세요.,457.62152099609375,2102.3095703125,1639.8702940502692,870.6976296505796
MI3_240822_TY1_0097_1_V01_1,중기재정전망의 기본 전제에 대해 알려주세요,484.6311340332031,606.586669921875,1603.6620309019156,814.8998201179794
MI3_240822_TY1_0097_2_V01_1,II. NABO 중기재정전망 결과 1. 개관 재정총량표에 대해 알려주세요,475.3161926269531,1538.495361328125,1634.7168269515448,1420.5652548593987
MI3_240822_TY1_0097_3_V02-4_1,2. 총수입 전망 꺾은선형에 대해 알려주세요,551.3199462890625,598.0090942382812,1468.118172323749,1065.2492265840476
MI3_240822_TY1_0097_4_V01_1,[표 2] 중기재정전망의 기본 전제: 주요 거시경제변수에 대해 알려주세요,484.01373291015625,604.3800659179688,1604.7153839490684,817.0646961359694
MI3_240822_TY1_0097_6_V01_1,중기재정전망: 국세수입에 대해 알려주세요,485.2364807128906,603.3057250976562,1611.454091701645,620.6834120051394
MI3_240822_TY1_0120_1_V01_1,KDB 인베스트먼트(주)의 주요 재무현황 표에 대해 알려주세요,458.36834716796875,2105.352783203125,1610.1993711758523,462.55590145908616
MI3_240822_TY1_0120_3_V03_1,농산물가격안정기금이 출자하는 농식품모태펀드에 대해 알려주세요,496.0155334472656,1735.0069580078125,1551.40519762594,1039.6458327455575
MI3_240822_TY1_0120_4_V01_1,2022회계연도 오염퇴적물 정화 복원 사업 결산 현황 표에 대해 알려주세요,472.94091796875,1429.154052734375,1600.9702676584307,707.7273044882701
MI3_240822_TY1_0120_5_V01_1,10 대한무역투자진흥공사의 킨텍스 3단계 건립사업 철저 관리 필요 본문 표에 대해 알려주세요,469.1324768066406,1525.2259521484375,1617.8297560344483,795.4271109291116
MI3_240822_TY1_0141_1_V01_1,인천광역시 04-02 경제생활 만족도 표에 대해 알려주세요,390.65374755859375,1822.2762451171875,1756.5857338701892,870.416865540898
MI3_240822_TY1_0141_2_V02-1_1,소비생활 만족도 차트(세로 막대형)에 대해 알려주세요,404.4992370605469,1340.8121337890625,1695.4130892618284,421.29990800312856
MI3_240822_TY1_0141_3_V01_1,인천광역시 소득 만족도 표에 대해 알려주세요,390.9783935546875,1968.0665283203125,1749.625913794107,824.4436413099984
MI3_240822_TY1_0141_4_V02-1_1,생계유지 어려움 경험 정도 차트(세로 막대형)에 대해 알려주세요,389.99481201171875,1303.677734375,1715.9558304191694,414.52748389805333
MI3_240822_TY1_0141_5_V02-1_1,인천광역시의 가구 월평균 소비지출액에 대해 알려주세요,379.9864196777344,1264.7752685546875,1730.9272709787717,397.6384328132533
MI3_240822_TY1_0141_6_V02-1_1,가구부채에 대해 알려주세요,392.13458251953125,1334.3203125,1715.669540344567,427.7490255426565
MI3_240822_TY1_0146_1_V03_1,NABO 중기재정전망 흐름도에 대해 알려주세요,487.75445556640625,2185.435302734375,1574.0904513263117,780.1504924360805
MI3_240822_TY1_0146_2_V01_1,II. NABO 중기재정전망 결과 본문 차트에 대해 알려주세요,472.37322998046875,1504.076416015625,1639.0856594174581,1481.0419466346962
MI3_240822_TY1_0146_3_V01_1,총지출에 대한 표에 대해 알려주세요,476.87017822265625,1680.1241455078125,1630.4183893820184,1254.983661304543
MI3_240822_TY1_0146_4_V01_1,재정수지 전망에 대한 통합재정수지 차트에 대해 알려주세요,465.08685302734375,1657.9791259765625,1619.3086194366672,516.1808019884477
MI3_240822_TY1_0146_5_V01_1,지방정부 순채무와 국가채무에 대한 자료의 표에 대해 알려주세요,468.4475402832031,829.7836303710938,1616.4288682815668,936.1134158154164
MI3_240822_TY1_0159_1_V01_1,2024~2028년 주요 항목별 세수효과 비교 표에 대해 알려주세요,466.7847595214844,2211.839111328125,1607.926635006337,614.4640601326138
MI3_240822_TY1_0159_2_V01_1,2023년 조세지출 정비항목 및 단순 일몰연장 현황 표에 대해 알려주세요,476.75494384765625,1467.9146728515625,1595.6615529534677,721.1894458930755
MI3_240822_TY1_0159_3_V01_1,2023년 정부 세법개정안 조세지출 정비 세수효과 표에 대해 알려주세요,493.0974426269531,606.18017578125,1588.2243370452748,589.5495506665586
MI3_240822_TY1_0159_4_V01_1,혼인 증여공제와 관련된 결혼비용 추정액 및 부모지원 비율에 대해 알려주세요,480.6916198730469,1524.31005859375,1582.5992209189842,418.5609746692099
MI3_240822_TY1_0159_5_V01_1,부모지원 결혼비용에 대한 현행법상 증여세 부담 추정 예시 표에 대해 알려주세요,444.1416320800781,622.2525024414062,1618.1225715428857,1857.959577175202
MI3_240822_TY1_0163_1_V01_1,나. 분석의견 및 2023년도 문화예술진흥기금 입장료수입 계획안에 대해 알려주세요,480.848876953125,1604.0706787109375,1611.8018712554308,1063.71764234304
MI3_240822_TY1_0163_2_V01_1,"(단위: 백만원, %)에 대해 알려주세요",481.5322265625,1380.153076171875,1607.4913486095431,1210.9954027997464
MI3_240822_TY1_0163_3_V01_1,뉴서울골프장 손익 및 기금전입 현황에 대해 알려주세요.,474.8001708984375,1365.1265869140625,1601.8266822724386,530.7577727854601
MI3_240822_TY1_0163_4_V01_1,2021년 사업계획 및 예산(안)과 관련된 시각요소 제목과 내용에 대해 알려주세요.,466.6839904785156,663.1605834960938,1612.9307291706443,1306.211511655941
MI3_240822_TY1_0163_5_V01_1,농식품시설현대화 사업 및 시설자금 사업 예산안 현황 표에 대해 알려주세요,465.9868469238281,1785.7880859375,1609.1497516562463,720.3975045670879
MI3_240822_TY1_0163_6_V01_1,나. 분석의견 농식품시설현대화 사업 및 시설자금 사업 비교 표에 대해 알려주세요,483.56988525390625,1339.4593505859375,1600.4814874876133,1129.849648736779
MI3_240822_TY1_0169_1_V02-4_1,"2023년도 경제전망과 대내외 경제여건, 세계경제성장률 추세 차트에 대해 알려주세요",410.3479919433594,1745.0294189453125,772.3841542169025,730.1128965944035
MI3_240822_TY1_0169_2_V02-8_1,[세계 교역량과 우리나라 수출 추이] 차트(혼합형)에 대해 알려주세요,421.9296875,632.4572143554688,766.1681404936461,601.6550868102377
MI3_240822_TY1_0169_3_V02-4_1,2023년 세계 소비자물가 상승률과 국제유가 전망에 대한 꺾은선형 차트에 대해 알려주세요,1334.9366455078125,1121.9642333984375,761.9654865343198,625.5618973836778
MI3_240822_TY1_0169_4_V02-8_1,최근 경제 데이터에 대한 분석 차트 혼합형에 대해 알려주세요,1337.116943359375,959.627197265625,735.6095132043463,580.5978424631024
MI3_240822_TY1_0169_5_V02-8_2,[소비자물가상승률 추이] 혼합형에 대해 알려주세요,418.146484375,2144.3408203125,729.8886595869307,686.5309415266779
MI3_240822_TY1_0169_6_V02-8_1,경제주체의 부채규모 변화와 관련된 정보에 대해 알려주세요,426.9964294433594,1656.947509765625,759.4622969358269,622.7793427278624
MI3_240822_TY1_0223_2_V01_1,국회예산정책처 기관 개요 예산에 대해 알려주세요,354.7864990234375,2050.64111328125,1872.4585898916691,521.1654227826697
MI3_240822_TY1_0223_4_V01_1,국회예산정책처의 2009년부터 2014년까지의 업무량 및 전년대비 증감율에 대해 알려주세요.,389.80706787109375,501.43890380859375,1826.6677257735,835.649196781559
MI3_240822_TY1_0223_6_V01_1,국회예산정책처 금융상품 과세 현황 표에 대해 알려주세요,328.13720703125,1559.2044677734375,1939.2762741054523,1479.5480997405195
MI3_240822_TY1_0224_1_V02-4_1,제목에 따른 세수전망 오차율 차트(꺾은선형)에 대해 알려주세요,385.8260192871094,1474.2960205078125,848.6442539309622,776.291462264096
MI3_240822_TY1_0224_2_V02-4_1,OECD 발표내용 요약 Debt Levels and Fiscal Frameworks 꺾은선형에 대해 알려주세요,416.1007995605469,1927.586181640625,1729.6167264027724,846.5717574518479
MI3_240822_TY1_0224_3_V02-8_1,국가채무 한도와 관련된 차트(혼합형)에 대해 알려주세요,415.8744201660156,1608.750732421875,1738.245739378018,967.7630854222397
MI3_240822_TY1_0224_4_V01_1,[표 1] OECD 국가유형별 재정준칙 수립방향 차트(세로 막대형)에 대해 알려주세요,373.4922180175781,1909.8492431640625,1818.3615638132153,933.4003312243365
MI3_240822_TY1_0224_5_V01_1,고령사회 진입 시점의 주요국의 국가채무 비율 차트에 대해 알려주세요,426.6696472167969,514.862548828125,1733.6519346501134,787.4545863005284
MI3_240822_TY1_0261_2_V01_1,증언녹취 제도에 대해 알려주세요,360.13897705078125,1356.6253662109375,1842.6178657603812,789.7902867516825
MI3_240822_TY1_0261_3_V01_1,제1주제 한국형 디스커버리 제도 도입에 관한 검토 및 제출명령 대상을 변경하는 시각 요소에 대해 알려주세요.,376.2389221191406,952.1435546875,1829.1909458157988,585.2710635784613
MI3_240822_TY1_0261_4_V01_1,민사소송 선진화 방안 - 디스커버리 제도 도입을 중심으로 - 차트(세로 막대형)에 대해 알려주세요,417.270263671875,1491.67822265625,1745.8834990514608,1355.585716421244
MI3_240822_TY1_0271_1_V02-8_1,2010년도 재정 개요 및 차트(혼합형)에 대해 알려주세요,568.4515380859375,1516.7869873046875,1495.9851970937282,1096.1299649971509
MI3_240822_TY1_0271_2_V01_2,제3장 2010년도 재정규모 및 재정 건전성 표 3.2 통합재정 규모에 대해 알려주세요,475.6783447265625,878.8998413085938,1452.1923105831386,318.8289705001628
MI3_240822_TY1_0271_3_V02-4_1,제3장 재정규모 및 재정 건전성에 대한 꺾은선형 차트에 대해 알려주세요,461.44024658203125,917.318603515625,1538.550444108338,1079.9357883213113
MI3_240822_TY1_0271_4_V02-4_1,제3장 2010년도 재정규모 및 재정 건전성 차트(꺾은선형)에 대해 알려주세요,462.59490966796875,694.9056396484375,1528.551284674987,1011.5836850222914
MI3_240822_TY1_0296_1_V01_1,프로그램 예산제도의 연혁 차트에 대해 알려주세요,479.4250793457031,1362.475341796875,1609.3996871752759,1355.6678313313364
MI3_240822_TY1_0296_3_V02-2_1,2010년도 분야별 프로그램 당 예산액에 대해 알려주세요,497.4475402832031,644.7813720703125,1555.7080688637989,1458.8569677007847
MI3_240822_TY1_0296_4_V02-3_1,2010년도 위원회별 예산액 구성비에 대해 알려주세요,509.6671447753906,637.4968872070312,1531.7495676886444,1428.8607749275673
MI3_240822_TY1_0299_1_V01_1,2010년 재정지원 일자리사업 현황 차트에 대해 알려주세요,463.16119384765625,637.114501953125,1613.2460703212898,1407.5123390951435
MI3_240822_TY1_0299_2_V01_2,에 대한 자기가격탄력성 대체탄력성 산출탄력성 표 2에 대해 알려주세요,475.10546875,2411.0361328125,1591.0135779942395,466.1080254031159
MI3_240822_TY1_0299_3_V01_1,고용증대세액공제제도를 통한 임금보조제도 평가 표에 대해 알려주세요,498.65936279296875,1253.634765625,1545.7595582828324,1647.4288542444983
MI3_240822_TY1_0299_5_V01_1,[표 10] 주요국의 사회보험료 감면 방식 임금보조제도 차트에 대해 알려주세요,451.7069091796875,632.2509155273438,1659.9426213054471,1279.9211325876536
MI3_240822_TY1_0299_6_V01_1,에 대한 종합소득세와 근로소득세의 납세 및 과세대상자 비율 차트에 대해 알려주세요,511.26629638671875,2344.799560546875,1524.6380632680357,548.2230092433539
MI3_240822_TY1_0311_1_V02-8_1,연도별 출연사업의 규모 추이에 대해 알려주세요,520.873046875,655.69873046875,1537.7902030989621,1108.1318369158098
MI3_240822_TY1_0311_2_V02-8_1,연도별 재정융자사업의 규모 추이에 대해 알려주세요,534.43115234375,1351.713134765625,1502.3176650915643,755.3275615509083
MI3_240822_TY1_0311_3_V02-8_1,지방자치단체 국가보조사업의 규모 추이에 대해 알려주세요,537.934326171875,2011.0443115234375,1498.3035384945636,935.9070316956925
MI3_240822_TY1_0311_4_V02-8_1,수익형 민자사업 총 투자비 현황 혼합형에 대해 알려주세요,757.3225708007812,1570.912841796875,975.590714484718,601.6740270563957
MI3_240822_TY1_0311_5_V02-8_1,[그림 6] 연도별 임대형 민자사업(BTL) 총민간사업비 차트(혼합형)에 대해 알려주세요,514.2946166992188,657.0164794921875,1552.1332241315565,907.7494910538219
MI3_240822_TY1_0311_6_V02-8_1,부처별 임대형 민자사업(BTL) 사업 현황 혼합형에 대해 알려주세요,506.840087890625,2043.74560546875,1549.1378378187653,917.4702780073612
MI3_240822_TY1_0313_1_V01_1,40 폐자원에너지화사업 본문 표에 대해 알려주세요,502.3168640136719,1010.7359619140625,1559.7425602777778,322.49031306525706
MI3_240822_TY1_0313_2_V02-1_1,[단위:g CFC11] 처리공정별 특성화값 차트(세로 막대형)에 대해 알려주세요,502.0731201171875,940.0894165039062,1573.3685908134419,854.6187305557147
MI3_240822_TY1_0313_3_V02-1_1,회피효과 종합영향을 고려한 생활폐기물 차트(세로 막대형)에 대해 알려주세요,501.64422607421875,1373.1739501953125,1566.4317215645312,912.8174805344582
MI3_240822_TY1_0313_4_V02-1_1,회피효과 가정에 따른 생활폐기물 처리방법별 영향 비교 차트에 대해 알려주세요,500.57177734375,1403.64306640625,1569.922540005077,914.4489344056849
MI3_240822_TY1_0316_2_V01_1,나. 재정수반 법률의 소관 기관별 현황 차트에 대해 알려주세요,403.2867431640625,1363.788330078125,1764.7211676319573,1698.2690233267715
MI3_240822_TY1_0316_3_V01_1,2010년도 예산에 영향을 준 지출법률 현황 차트(세로 막대형)에 대해 알려주세요,418.4237060546875,490.468017578125,1743.7383220314782,557.8904405210542
MI3_240822_TY1_0316_4_V01_1,에 관한 예산 미반영 사유 표의 내용과 그 유형에 대해 알려주세요.,408.43670654296875,2598.069091796875,1749.762578164668,467.32256937359364
MI3_240822_TY1_0316_5_V01_1,재정수반 법률에 따른 예산의 지출 성격별 금액에 대해 알려주세요,405.2816162109375,1442.9705810546875,1752.4475975707728,636.556550862885
MI3_240822_TY1_0316_6_V01_1,재정수반 법률의 입법 개요 및 국회위원회별 재정수반 법률 현황 표에 대해 알려주세요,421.2994384765625,1600.241455078125,1739.4760824814239,1337.2900834907284
MI3_240822_TY1_0322_2_V02-4_1,제목에 포함된 내용과 관련하여 OECD경기선행지수와 한국의 수출을 나타내는 꺾은선형 차트에 대해 알려주세요.,498.1452941894531,1242.2694091796875,1560.6636115719596,753.1850889865879
MI3_240822_TY1_0322_3_V02-4_1,제목과 관련하여 경기선행지수 추세 차트(꺾은선형)에 대해 알려주세요,507.74578857421875,1080.5328369140625,1541.0987877898212,802.46999533921
MI3_240822_TY1_0322_4_V01_1,총수입 원자재 자본재 소비재 표에 대해 알려주세요,462.8813781738281,2215.131103515625,1624.6041779722414,726.1818900980581
MI3_240822_TY1_0322_5_V02-4_1,2011년 예산안 총량 분석 꺾은선형 차트에 대해 알려주세요,540.442138671875,1334.644287109375,1475.87221376201,878.4767577299511
MI3_240822_TY1_0322_6_V01_1,2011년 예산안 총량 분석에 대해 알려주세요,509.070068359375,1626.9749755859375,1481.0929634169365,1325.5197006778353
MI3_240822_TY1_0328_1_V02-8_1,제3장 조세지출예산제도의 개선 및 운용방안의 차트(혼합형)에 대해 알려주세요,461.7632141113281,1812.30224609375,1642.0930103767419,1197.0002985106191
MI3_240822_TY1_0328_2_V02-4_1,세목별 조세지출 비중추이 꺾은선형에 대해 알려주세요,470.92138671875,1966.855712890625,1615.2766534052826,1060.7553777096723
MI3_240822_TY1_0328_3_V02-4_1,감면방법별 조세지출 비중추이 꺾은선형에 대해 알려주세요,436.1986083984375,1848.3193359375,1678.7659203166686,1158.9719365431322
MI3_240822_TY1_0328_4_V02-4_1,라. 기능별 조세지출 규모에 대한 꺾은선형 차트에 대해 알려주세요,426.9253234863281,1692.5177001953125,1717.2358856596345,1247.0979614424127
MI3_240822_TY1_0328_5_V02-4_1,2011년도 조세지출예산서 분석 기능별 조세지출 비중추이(소분류) 꺾은선형에 대해 알려주세요,450.4760437011719,485.31329345703125,1667.2229278880611,1287.3569446014512
MI3_240822_TY1_0328_6_V02-8_1,연도별 조세지출 항목수 추이에 대해 알려주세요,443.48492431640625,522.8992919921875,1682.09250874246,1095.0172118613416
MI3_240822_TY1_0406_1_V02-1_1,세계 GDP 성장률 전망에 대한 차트(세로 막대형)에 대해 알려주세요,564.4986572265625,669.0132446289062,1417.2937015613936,962.6618672089099
MI3_240822_TY1_0406_2_V02-1_1,수출 전망 차트(세로 막대형)에 대해 알려주세요,539.3843383789062,671.0813598632812,1421.229577319703,940.338510162014
MI3_240822_TY1_0406_3_V02-4_1,나 국가채무 분석 차트(꺾은선형)에 대해 알려주세요,519.5899658203125,680.9963989257812,1543.104504480539,1140.492654224592
MI3_240822_TY1_0406_5_V02-4_1,국가재정운용계획상 국가채무 전망의 변화 꺾은선형 차트에 대해 알려주세요,567.8011474609375,1830.10400390625,1445.3133695863348,844.5004675972838
MI3_240822_TY1_0413_2_V02-1_1,세입관련 법률안 비용추계 의뢰 및 처리 추이 차트(세로 막대형)에 대해 알려주세요,601.9102172851562,2354.390380859375,1267.2545711968119,595.3355040482095
MI3_240822_TY1_0413_3_V02-1_1,2014연차보고서 조사분석 의뢰 경험자 차트(세로 막대형)에 대해 알려주세요,489.8190612792969,2117.5,1556.4322524209012,585.1206421869456
MI3_240822_TY1_0413_4_V02-2_2,예산결산특별위원 설명회 및 국회의원 대면보고 가로 막대형에 대해 알려주세요,491.4007568359375,702.246337890625,1558.6779442066745,550.0631572324017
MI3_240822_TY1_0413_5_V02-1_1,예산정책처 홈페이지 및 모바일 앱 이용 경험에 대한 차트(세로 막대형)에 대해 알려주세요,500.2711181640625,701.5115966796875,1541.7006957140509,546.1087552283172
MI3_240822_TY1_0413_6_V01_1,조직 및 예산 표에 대해 알려주세요,485.9739685058594,2242.067138671875,1581.0461263449242,682.2671372116649
MI3_240822_TY1_0434_1_V01_1,산업생산 동향에 대한 표에 대해 알려주세요,324.26947021484375,1349.0001220703125,1990.5307418576506,613.4450457228573
MI3_240822_TY1_0434_2_V01_2,설비투자 추계치 추이에 대한 표에 대해 알려주세요,335.26287841796875,1517.588623046875,1979.6893155945788,477.0703045364005
MI3_240822_TY1_0434_3_V01_1,수출실적추이에 대한 표에 대해 알려주세요,311.1829833984375,959.9352416992188,2005.7394027673304,794.5622300082141
MI3_240822_TY1_0452_4_V02-4_1,수출 품목별 추이 꺾은선형에 대해 알려주세요,619.53515625,660.4085693359375,1284.4412738309816,877.6837738339128
MI3_240822_TY1_0452_5_V02-4_1,주요 통화량 추이 꺾은선형에 대해 알려주세요,647.824462890625,745.3194580078125,1200.9072180050975,839.2050018578855
MI3_240822_TY1_0452_6_V02-4_1,[그림 III-12] 소비자기대지수 및 평가지수 추이 차트(꺾은선형)에 대해 알려주세요,570.3173828125,683.3665771484375,1409.4179846510076,866.1667343189288
MI3_240822_TY1_0452_7_V02-1_1,대외거래 전망 차트(세로 막대형)에 대해 알려주세요,642.7659912109375,2076.496826171875,1248.2714681895059,850.5554642799003
MI3_240822_TY1_0496_1_V02-4_1,확률 예보에 대한 검증방법 차트(꺾은선형)에 대해 알려주세요,884.5645141601562,2114.95263671875,788.957310005832,653.38310478118
MI3_240822_TY1_0508_6_V02-8_1,T01 T02 T03 혼합형에 대해 알려주세요,720.6724243164062,514.4200439453125,907.6446475330058,743.4415337159742
MI3_240822_TY1_0545_1_V02-4_1,2013년 태풍예보 정확도 꺾은선형에 대해 알려주세요,404.4743957519531,617.6224365234375,1759.4280845462451,895.6239120983622
MI3_240822_TY1_0558_1_V02-4_1,소비 및 소득 지니계수의 변화 추이에 대해 알려주세요,586.1663818359375,721.2650146484375,1354.388239528831,776.9291563412526
MI3_240822_TY1_0558_2_V02-1_1,가계소비의 불평등도 분석 소비 및 소득 지니계수의 변화 추이에 대해 알려주세요,585.573974609375,1527.48583984375,1369.4480228926138,900.8870373297812
MI3_240822_TY1_0558_4_V02-4_1,[그림 IV-3] 차트(꺾은선형)에 대해 알려주세요,563.9992065429688,1784.672607421875,1440.4515488412078,908.9277448661602
MI3_240822_TY1_0558_5_V02-4_1,[그림 IV-4] 차트(꺾은선형)에 대해 알려주세요,577.0838012695312,1933.5947265625,1428.0662606171982,948.8529332662496
MI3_240822_TY1_0558_6_V02-4_1,"가계의 소비구조, 소비불평등, 한계소비성향의 변화와 정책시사점 차트(꺾은선형)에 대해 알려주세요",572.401123046875,707.132080078125,1435.709896732697,949.2488268961091
MI3_240822_TY1_0563_1_V01_1,감세의 지방재정 영향 분석 표에 대해 알려주세요,474.4552307128906,1754.544189453125,1632.0155426543042,1212.6183683757504
MI3_240822_TY1_0563_2_V01_1,감세와 지방소비세 도입으로 인한 지역별 지방재정 감소액 추정치 표에 대해 알려주세요,470.36895751953125,1449.5130615234375,1638.1281310579477,1541.7177302787113
MI3_240822_TY1_0563_3_V01_1,지방소비세 도입으로 인한 지역별 지방세입 순증에 대해 알려주세요,473.538818359375,1291.0338134765625,1621.827882258491,1481.1000612382445
MI3_240822_TY1_0563_4_V01_1,감세와 지방소비세 도입으로 인한 지방재정 세입 순변동 표에 대해 알려주세요,474.7579040527344,1542.760986328125,1633.9054449511623,1442.1581607004116
MI3_240822_TY1_0563_5_V01_1,II. 감세가 지방재정에 미치는 영향에 대해 알려주세요,467.61871337890625,1706.901611328125,1616.1378934205165,814.8014153545591
MI3_240822_TY1_0563_6_V01_1,2008~2012년 세수 변화에 대한 표와 관련하여 차트(세로 막대형)에 대해 알려주세요,463.5652160644531,1987.9091796875,1622.4498617938561,934.9125327746657
MI3_240822_TY1_0570_1_V02-1_1,개헌과 관련된 대화 주제에 대해 알려주세요. 세로 막대형 차트에 대해 알려주세요.,341.13555908203125,2079.7646484375,962.3337304709975,615.0840127869899
MI3_240822_TY1_0570_2_V02-1_1,"제1패널 개헌, 합의와 결단에 대한 가로 막대형 차트에 대해 알려주세요",323.05316162109375,1564.27294921875,999.992717114554,634.1108027192869
MI3_240822_TY1_0570_4_V01_1,"개헌, 합의와 결단 권력의 분산과 국회 역량 강화 방안 표에 대해 알려주세요",412.6233215332031,595.1445922851562,1764.5423410012809,703.6683273052944
MI3_240822_TY1_0570_5_V01_1,제2패널 권력의 분산과 국회 역량 강화 방안에 대해 알려주세요,401.9957275390625,592.072998046875,1769.415319360225,908.3697519878057
MI3_240822_TY1_0570_6_V01_1,"개헌, 합의와 결단 권력의 분산과 국회 역량 강화 방안에 대해 알려주세요.",413.84295654296875,1395.07275390625,1753.3666661831087,533.2841969629275
MI3_240822_TY1_0602_1_V01_1,경제자유구역 지정현황 차트(세로 막대형)에 대해 알려주세요,482.3667297363281,1626.4949951171875,1606.4207222993855,1093.9100157423327
MI3_240822_TY1_0602_2_V01_1,경제자유구역 내 외자 유치에 대한 인센티브와 관련된 세금 감면 내용 및 관련 자료에 대해 알려주세요,468.77978515625,964.7916259765625,1619.5424319981764,890.2623531098199
MI3_240822_TY1_0602_3_V01_1,라. 경제자유구역별 기반시설 예산 지원현황 표에 대해 알려주세요,476.9330749511719,2294.80419921875,1609.4744148911807,668.1728942681536
MI3_240822_TY1_0602_4_V01_1,4대 허브조성 현황에 대해 알려주세요,485.2764587402344,2326.65380859375,1582.137247489415,569.1241305605456
MI3_240822_TY1_0602_5_V01_1,4대 차별화 추진전략에 대해 알려주세요,493.3937683105469,619.8958740234375,1591.8322712249685,684.4980601497399
MI3_240822_TY1_0602_6_V01_1,사업명 사업개요 추진계획 추진실적 시각 요소에 대해 알려주세요,446.1173400878906,556.3809204101562,1625.0820518271473,1770.4338982366974
MI3_240822_TY1_0609_1_V01_2,일본의 장애인 소득지원제도에 대해 알려주세요,484.211669921875,623.3800048828125,1593.7088446861176,478.6288431378656
MI3_240822_TY1_0609_3_V01_2,장애인 개인 수입액 표에 대해 알려주세요,490.5519104003906,630.7542724609375,1599.64404508382,659.0236363626854
MI3_240822_TY1_0609_4_V01_1,제목 소제목시각요소 제목에 대해 알려주세요,477.0132141113281,1721.1669921875,1616.7751737780807,1143.4990172470598
MI3_240822_TY1_0609_6_V01_1,이 문서에서는 예산액과 결산액을 보여주는 표에 대해 알려주세요.,488.1915588378906,579.1297607421875,1594.2163936992818,531.1419257615328
MI3_240822_TY1_0636_1_V01_1,[표 1] 경영평가제도의 운영경과 차트(세로 막대형)에 대해 알려주세요,341.0727233886719,768.8424072265625,1885.7586693910246,2014.8481479324273
MI3_240822_TY1_0636_2_V01_1,[표 2] 공공기관 운영체계 변천 차트(세로 막대형)에 대해 알려주세요,355.500244140625,1102.594970703125,1875.763544725692,684.8442716909884
MI3_240822_TY1_0636_3_V01_1,이 문서에서 방만경영 관련 평가와 그 결과를 나타내는 시각요소에 대해 알려주세요.,356.00933837890625,445.62921142578125,1868.378075083766,1072.0117327168325
MI3_240822_TY1_0636_4_V01_1,"경영전략 및 사회공헌, 업무효율, 조직.인적자원 및 성과 관리, 재무예산관리 및 성과, 보수 및 복리후생 관리 범주에 대해 알려주세요",332.4949035644531,477.2509765625,1864.3665902039786,362.5840986292872
MI3_240822_TY1_0636_6_V01_1,기관평가 대상기관 수 차트(세로 막대형)에 대해 알려주세요,363.9574279785156,500.88555908203125,1872.3264309671615,830.2570780416936
MI3_240822_TY1_0648_1_V01_1,2003~2007년 동안의 자산 현황에 대해 알려주세요,464.0347900390625,611.622802734375,1618.9009313803729,1308.340280417865
MI3_240822_TY1_0648_2_V02-1_1,공기업별 매도가능증권 보유현황 차트(세로 막대형)에 대해 알려주세요,497.37481689453125,1648.112548828125,1572.5519556615975,979.8844097919801
MI3_240822_TY1_0648_4_V01_2,[표 8] 공기업 후순위채권 감액손실 규모 차트에 대해 알려주세요,466.0600891113281,614.0744018554688,1610.347000235699,1322.4748490012191
MI3_240822_TY1_0648_5_V01_1,[표 11]에 대해 알려주세요,477.9652404785156,1703.433349609375,1612.929401354783,1123.6829604577733
MI3_240822_TY1_0648_6_V01_1,대한주택공사의 후순위채권감액손실 차트에 대해 알려주세요,465.8163757324219,1773.5439453125,1599.4618971035543,329.1427052288285
MI3_240822_TY1_0650_1_V01_1,공공기관 지정 관련 주요 개정 내용을 담은 자료에 대해 알려주세요.,486.9200134277344,959.16943359375,1575.4749923977945,677.5251252689746
MI3_240822_TY1_0650_2_V01_1,제목의 내용과 관련하여 시장형 공기업에 대한 차트(표) 타입에 대해 알려주세요,468.6025390625,1153.9207763671875,1623.788334955149,1640.3687404456043
MI3_240822_TY1_0650_3_V01_2,공공기관 변동 현황 표에 대해 알려주세요,472.7847900390625,643.836669921875,1589.373254237069,385.7988519731829
MI3_240822_TY1_0650_4_V01_1,에 대한타입의 내용 및 주요 개정 연혁에 대해 알려주세요,473.1729431152344,1523.625244140625,1611.670794227918,813.6876282459898
MI3_240822_TY1_0650_5_V01_1,제목과 관련하여 공공기관 지정 심사를 위한 자료 등록 현황에 대한 표에 대해 알려주세요,464.9122009277344,1608.5362548828125,1619.3778528952787,753.0377875577394
MI3_240822_TY1_0650_6_V01_1,법령상 유형 분류 기준의 적용에 관한 검토와 관련된 표에 대해 알려주세요.,477.087158203125,1731.1082763671875,1615.9840630354452,1076.911933174276
MI3_240822_TY1_0653_3_V01_1,자본의 조달과 축적에 대해 알려주세요.,383.6820068359375,2082.36328125,1781.2920834334477,974.8714900524877
MI3_240822_TY1_0683_3_V02-8_1,[그림 IV-2] 부당공동행위에 대한 실제부과율과 법정부과율의 혼합형 차트에 대해 알려주세요,411.6720275878906,858.4671630859375,1745.580409932194,1335.0508010772799
MI3_240822_TY1_0683_4_V02-8_1,부과처분에 대해 113개의 피심인이 소를 제기한 결과와 관련된 차트(혼합형)에 대해 알려주세요,372.7651672363281,851.205078125,1842.8193407332897,1340.5755932688753
MI3_240822_TY1_0683_5_V02-8_1,부당공동행위에 대한 불복소송 제기율 차트(혼합형)에 대해 알려주세요,460.40313720703125,917.2340698242188,1637.130808051041,1446.3251041149013
MI3_240822_TY1_0683_6_V02-1_1,2010~2015년 확정판결 기준 소제기사유별 공정위 패소율 차트(세로 막대형)에 대해 알려주세요,430.63690185546875,1220.8516845703125,1709.8938003370215,1328.9111768988653
MI3_240822_TY1_0718_3_V02-4_1,독일 실업보험 및 취업지원 프로그램 참여자 추이 꺾은선형에 대해 알려주세요,346.012451171875,1763.6282958984375,1901.5806968889344,845.2414148139635
MI3_240822_TY1_0718_4_V02-4_1,프로그램(FbW) 조금고용프로그램(ABM)의 취업지원 프로그램에 대한 꺾은선형 차트에 대해 알려주세요.,327.09686279296875,733.4769897460938,1906.481635054091,936.5704031466757
MI3_240822_TY1_0718_5_V02-1_1,"25,000 20,970 19,679 차트(세로 막대형)에 대해 알려주세요",471.4892578125,956.8455810546875,1616.1729381659056,1195.4677183710046
MI3_240822_TY1_0718_6_V02-4_1,제목에 대한 내용을 기반으로 한 독일의 실업률 장기추이 꺾은선형 차트에 대해 알려주세요.,354.71124267578125,1555.8955078125,1839.247736828297,749.0916051832505
MI3_240822_TY1_0731_1_V01_1,저조한 사이트 중에서 예산규모가 크고 단순 정보제공이 아닌 민원서비스까지 제공하는 웹사이트에 대한 구분 세부측정항목 측정내용 표에 대해 알려주세요,473.62921142578125,2076.547119140625,1601.9040639195612,856.5474128906073
MI3_240822_TY1_0731_5_V03_1,일본 전자행정서비스 평가프레임워크에 대해 알려주세요,529.3932495117188,666.257080078125,1413.9617944132008,786.0076629845572
MI3_240822_TY1_0731_7_V03_1,"계획, 개선 집행, 평가에 대한 프로세스 개발에 대해 알려주세요",613.4400634765625,2015.98193359375,1215.1333098009668,511.5114901002479
MI3_240822_TY1_0752_2_V01_1,부도위험과 신용을 교환한다는 것과 관련된 표에 대해 알려주세요,385.10748291015625,1260.87646484375,1802.504996463227,652.188524670009
MI3_240822_TY1_0752_3_V02-4_1,T01 T02 T03 차트(꺾은선형)에 대해 알려주세요,350.1907653808594,480.2907409667969,1123.91853034233,749.6695914963332
MI3_240822_TY1_0752_5_V01_1,변수 계수 표에 대해 알려주세요,369.7155456542969,813.6688232421875,1821.2696945597727,1119.228981027019
MI3_240822_TY1_0752_6_V02-4_1,11.3 Forecast: RIFCF ± 2 S.E.에 대해 알려주세요,350.5120849609375,479.1219482421875,1119.9937339206253,773.4182304774113
MI3_240822_TY1_0769_1_V01_1,[건물신축가격기준액 변동표] 표에 대해 알려주세요,468.1439514160156,2092.079833984375,1592.874922413049,524.2278077313641
MI3_240822_TY1_0769_2_V01_2,[전국 상업·업무용건물 실거래가액과 이론적 적용가격 차이] 차트(가로 막대형)에 대해 알려주세요,483.8676452636719,625.9906616210938,1598.487312289173,497.2094888546524
MI3_240822_TY1_0769_3_V02-8_1,비주거용 부동산 현실화율의 분포(2019년 기준) 혼합형 차트에 대해 알려주세요,527.9783325195312,1662.8096923828125,1496.6426130338727,827.4069743718128
MI3_240822_TY1_0769_4_V02-1_1,자산가치 증가분의 재평가금액 미반영 구조에 대해 알려주세요.,694.9768676757812,636.6185302734375,1118.0840906993471,951.2256426160848
MI3_240822_TY1_0791_1_V01_1,발제1. 언론자유와 책임구현을 위한 언론개혁 방향에 대해 알려주세요.,394.30157470703125,2407.55322265625,1792.843086024582,582.8287322009527
MI3_240822_TY1_0791_2_V01_2,발제1. 언론자유와 책임구현을 위한 언론개혁 방향 차트에 대해 알려주세요,399.7328796386719,519.2163696289062,1787.651565277372,533.7461417542011
MI3_240822_TY1_0791_3_V01_1,발제1. 언론자유와 책임구현을 위한 언론개혁 방향에 대해 알려주세요,386.952392578125,498.5220031738281,1798.070813856234,1022.6473500559628
MI3_240822_TY1_0791_4_V01_1,"발제2. 공영방송의 공적책임 구현을 위한 입법과제 고찰과 관련하여 KBS, MBC, EBS의 방송사 근거 법률 및 이사회 구성에 대해 알려주세요",379.3533935546875,2150.6982421875,1797.448107552482,688.100851959305
MI3_240822_TY1_0791_5_V01_1,언론개혁의 방향과 입법과제 공영방송 지배구조에 대한 표에 대해 알려주세요,373.75067138671875,1851.6015625,1808.9438607101315,1212.779673035693
MI3_240822_TY1_0791_6_V01_1,발제2. 공영방송의 공적책임 구현을 위한 입법과제 고찰 및 <표3> 공영방송 지배구조 개선법안 통과 후 지배구조의 변화에 대해 알려주세요,397.3492431640625,918.0958862304688,1789.6864510254352,606.9503429627783
MI3_240822_TY1_0796_1_V01_1,트럼프 행정부 국가안보전략 주요 내용과 차트에 대해 알려주세요,388.7467041015625,695.160400390625,1791.7973394935207,934.3996457422331
MI3_240822_TY1_0796_3_V01_1,2018년 동북아 정세와 한국의 대응방향에 대해 알려주세요,387.9339599609375,2385.58251953125,1785.9052520283528,512.4537558077678
MI3_240822_TY1_0796_4_V01_1,2018년 일본의 외교정책방향과 한국의 대응과제에 대해 알려주세요,378.87420654296875,2106.00048828125,1798.4622638013034,646.792406960711
MI3_240822_TY1_0800_1_V01_1,금융위원회의 유권해석에 대해 알려주세요.,373.87109375,2257.720458984375,1800.5261910755908,845.3055441329124
MI3_240822_TY1_0810_1_V02-8_1,금융권 망분리 규제의 내용에 대해 알려주세요,413.6772766113281,2385.785888671875,1735.4247860055625,669.3765717777069
MI3_240822_TY1_0810_2_V02-8_1,전자금융감독규정 망분리 관련 조항에 대한 차트(혼합형)에 대해 알려주세요,402.9145812988281,878.2550048828125,1760.507206584757,588.2368277161816
MI3_240822_TY1_0827_3_V01_1,농촌 지역의 외국인 근로자 고용 실태와 과제 본문 표에 대해 알려주세요,397.16802978515625,626.4689331054688,1767.423915930426,1026.2465461010195
MI3_240822_TY1_0827_4_V01_1,우수 농업인 표에 대해 알려주세요,381.9521484375,1909.903564453125,1793.081199885548,1149.2424554907805
MI3_240822_TY1_0827_5_V01_1,참고 1 고용허가제 신규 외국인력 배정방식(점수제) 개요에 대해 알려주세요.,474.4427795410156,836.9805908203125,1658.3000701160827,211.87001745007476
MI3_240822_TY1_0846_1_V01_1,장애인 문화예술 활동 현황 본문 표에 대해 알려주세요,388.5032043457031,2431.253173828125,1803.1630113590309,692.5716957604023
MI3_240822_TY1_0846_2_V01_1,장애인 문화예술 실태 및 진흥 정책 방안에 대해 알려주세요,394.1379699707031,498.83209228515625,1792.7476244204056,953.5004741700656
MI3_240822_TY1_0846_3_V01_2,<표 2> 전국민 문화예술 행사 관람의 애로사항에 대해 알려주세요,382.72802734375,2078.830322265625,1792.7328801317951,391.2400373504677
MI3_240822_TY1_0846_4_V01_2,장애인의 문화여가 활동 불만족 이유에 대한 통계와 관련된 불만족 이유 비율에 대해 알려주세요.,387.6592102050781,571.6227416992188,1797.891563800095,452.7182633648857
MI3_240822_TY1_0846_5_V01_1,주제발표 3. 장애인 문화예술 활동 참여 보장 방안에 대해 알려주세요,397.5505065917969,1587.3118896484375,1797.4084089351304,402.2801071751198
MI3_240822_TY1_0846_6_V01_1,제목 시각요소 범례에 대해 알려주세요,394.9705505371094,523.5183715820312,1784.0305728718688,488.9727513996447
MI3_240822_TY1_0855_1_V01_1,행정부의 예산편성 단계별 내용 차트에 대해 알려주세요,435.9906311035156,1378.16552734375,1692.3382607002738,916.7204874031753
MI3_240822_TY1_0855_2_V01_1,에 대한 예산요구서의 세부사업 설명자료 표에 대해 알려주세요,433.9149169921875,933.932373046875,1690.1538681082523,951.6313114523699
MI3_240822_TY1_0855_3_V01_1,세입세출예산안 사항별 설명서에 대해 알려주세요,401.9870300292969,702.9209594726562,1768.811751308289,1917.0368903737378
MI3_240822_TY1_0855_4_V01_1,예결위가 상임화 되어 있는 상황에서의 예산 심의에 대해 알려주세요,0.0,0.0,0.0,0.0
MI3_240822_TY1_0855_5_V01_1,서 미국에서 의회의 예산안 조정범위와 관련된 행정부의 의지 수용에 대해 알려주세요.,432.59539794921875,1132.057373046875,1693.2141144104874,1055.6866694815424
MI3_240822_TY1_0855_6_V01_1,헌법에서는 준예산 관련 헌법제도의 연혁과 관련된 표에 대해 알려주세요,441.3592529296875,1146.408447265625,1696.1957452225715,1562.8628889405832
MI3_240822_TY1_0879_1_V01_1,모닝스타 개방형펀드 글로벌 데이터베이스 현황에 대해 알려주세요,437.22760009765625,537.7442626953125,1725.555329032296,697.8895618414191
MI3_240822_TY1_0879_3_V02-1_1,모닝스타 지속가능성 등급 분포에 대해 알려주세요,428.7841491699219,567.6856689453125,1715.7602586628216,1021.3913301155225
MI3_240822_TY1_0879_4_V01_1,국민연금기금운용관련 법규 표에 대해 알려주세요,460.37396240234375,2209.470703125,1604.906100716509,490.1992714343696
MI3_240822_TY1_0879_5_V01_2,와 관련된 V로 시작하는 내용인 위험관리방안에 대해 알려주세요.,389.79766845703125,2053.56591796875,1777.868092922561,1023.5730166290649
MI3_240822_TY1_0879_6_V01_1,운용 기간 스타등급 차트에 대해 알려주세요,398.65313720703125,1471.2393798828125,1798.0677545425024,435.0111634981292
MI3_240822_TY1_0885_3_V02-1_1,자녀와 아버지 직업 지위 분포에 대해 알려주세요,444.40667724609375,1489.8936767578125,1680.1891870544086,1194.1627054013634
MI3_240822_TY1_0885_4_V02-1_1,제목에 따르면 아버지 직업 지위 분포를 보여주는 차트에 대해 알려주세요.,441.0917663574219,742.4601440429688,1694.9462138346778,1087.0258821423308
MI3_240822_TY1_0885_5_V02-1_1,제3절 지역이동의 조절효과 차트(세로 막대형)에 대해 알려주세요,448.86181640625,574.8067016601562,1655.9332406005335,1065.9981932061703
MI3_240822_TY1_0885_6_V02-1_1,T01 T02 T03 차트(세로 막대형)에 대해 알려주세요,380.0051574707031,1861.326904296875,874.9626594321024,1057.106904668261
MI3_240822_TY1_0889_1_V02-4_1,기술료 제도 운영 현황 차트(꺾은선형)에 대해 알려주세요,1322.753173828125,2501.793701171875,813.4793198189227,562.116641625993
MI3_240822_TY1_0889_2_V02-2_1,기술료 사용 현황 차트(가로 막대형)에 대해 알려주세요,377.08697509765625,1094.330810546875,810.4217904160064,526.0096652432707
MI3_240822_TY1_0889_4_V02-3_1,제2장 기술료 제도 현황 정부납부 기술료 사용 측면 차트(원형)에 대해 알려주세요,563.707763671875,583.16796875,1465.3852832437997,595.1712894139091
MI3_240822_TY1_0889_5_V02-8_1,제2장 기술료 제도 현황 정부출연 연구기관 기술료 사용 현황 차트(혼합형)에 대해 알려주세요,1305.2208251953125,1511.8048095703125,853.7158593700532,521.170817264131
MI3_240822_TY1_0889_7_V02-8_1,정부 R&D 규모 변화와 정부납부 기술료 규모변화 간 상관관계 차트(혼합형)에 대해 알려주세요,404.2752380371094,1613.737548828125,1763.643421988548,769.4717203585561
MI3_240822_TY1_0889_8_V02-1_1,에 대한 대학 기술료 배분 차트(세로 막대형)에 대해 알려주세요,447.609130859375,1892.50927734375,1655.8177754354222,729.0280675046898
MI3_240822_TY1_0892_1_V02-1_1,기업의 연구개발비의 용도별 규모 차트에 대해 알려주세요.,513.0548095703125,2047.47509765625,1551.2341105283874,940.7922565619397
MI3_240822_TY1_0892_2_V02-8_1,연구개발비와 GDP 대비 연구개발비에 대해 알려주세요,451.8779602050781,824.6455688476562,1640.9421007432204,798.9039847721062
MI3_240822_TY1_0892_3_V01_1,연구개발 주체별 연구개발비 추이에 대해 알려주세요,380.8730163574219,529.105224609375,1791.7936298685152,1369.1075808612436
MI3_240822_TY1_0892_4_V01_1,<표 3-7> 연도별 내국인 특허출원 통계에 대해 알려주세요,375.34271240234375,1009.52734375,1819.6679202684327,1407.779914878935
MI3_240822_TY1_0892_5_V01_1,제3절 실증분석 결과 본문 표에 대해 알려주세요,368.7855529785156,1899.0555419921875,1812.508210596597,1179.223094641241
MI3_240822_TY1_0892_6_V01_1,구개발사업 수행에 따른 탐색적 활동과 관련된 국가연구개발비에 대한 표와 차트에 대해 알려주세요.,385.3951416015625,1245.4825439453125,1801.5754333314121,1200.2769604102002
MI3_240822_TY1_0917_1_V01_1,본문 V 캘리브레이션에 대해 알려주세요,476.7950134277344,1346.6943359375,1597.7322000205784,836.7437856828161
MI3_240822_TY1_0917_2_V01_1,다음 표에 대한 기여도 차트에 대해 알려주세요.,467.7561950683594,1896.235107421875,1598.5741623322315,715.974539246229
MI3_240822_TY1_0917_3_V01_1,"총생산갭, 실업률갭, 고용률갭 혼합 갭에 대해 알려주세요",468.28985595703125,1407.28466796875,1607.6262404841261,605.1992244297069
MI3_240822_TY1_0923_1_V01_1,의료급여의 65세 이상 노인인구 현황 표에 대해 알려주세요,374.3157043457031,578.2491455078125,1836.0717615227268,882.3158920113091
MI3_240822_TY1_0923_2_V02-1_1,"건강보험, 의료급여 및 노인장기요양보험 전체 진료비 및 65세 이상 노인진료비 차트(세로 막대형)에 대해 알려주세요",394.805419921875,1467.87646484375,1766.5312006942704,754.7944482685957
MI3_240822_TY1_0923_3_V02-4_2,외래진료 실진료인원 1인당 입내원일수 차트(꺾은선형)에 대해 알려주세요,449.83990478515625,673.418212890625,1674.8098348586582,886.1551892139497
MI3_240822_TY1_0923_4_V01_1,"대상으로 요인별 기여도를 분석하고 있지만, 노인진료비 증가 분석요인 구분 차트에 대해 알려주세요",380.98779296875,768.9844360351562,1819.1416648007903,827.380717535696
MI3_240822_TY1_0923_5_V01_2,[표 5-16]에 대해 알려주세요,393.7107849121094,1040.8048095703125,1810.9487377209625,458.48178793817266
MI3_240822_TY1_0923_6_V01_1,노인장기요양보험 65세 이상 시설급여 이용자의 진료비증가 요인별 기여도에 대해 알려주세요.,376.7247314453125,1900.5394287109375,1815.645118896685,565.2556280536611
MI3_240822_TY1_0941_1_V01_1,<표 2> 선형모형의 구조에 대해 알려주세요.,390.997802734375,2292.5576171875,1768.3463842795513,485.67897529963545
MI3_240822_TY1_0941_2_V01_1,5. 추정모형의 설정 및 지역간 교역구조의 변화요인과 모형의 평가기준 표에 대해 알려주세요,419.73455810546875,1528.5341796875,1740.9144295654542,362.984479189942
MI3_240822_TY1_0941_3_V01_1,에 포함된타입의 내용에 대해 알려주세요,401.0422058105469,1616.959716796875,1771.9784962775473,525.5538529723627
MI3_240822_TY1_0941_4_V01_1,제목에 포함된 내용과 관련하여 지역 비중을 나타내는 차트에 대해 알려주세요.,393.20745849609375,1100.0611572265625,1796.2222454626638,535.8877775414744
MI3_240822_TY1_0941_5_V01_1,<표 11> 지역간 생산승수의 연관구조에 대해 알려주세요,394.24713134765625,2355.168212890625,1792.9592680998576,640.4266199210527
MI3_240822_TY1_0941_6_V01_1,생산-최종수요 간의 관계와 승수 분석에 대해 알려주세요,411.51226806640625,1001.2418212890625,1775.5442905942036,361.6425666821792
MI3_240822_TY1_0976_1_V01_1,개인정보보호법 전문가 좌담회 관련 정보 시각적 요소에 대해 알려주세요,379.9798583984375,1907.705078125,1810.7491785423786,1056.656757067999
MI3_240822_TY1_0976_2_V01_1,개인정보의 이용내역과 관련된 내용에 대해 알려주세요,379.55841064453125,504.9629821777344,1798.396178823721,1590.9627205136253
MI3_240822_TY1_0976_3_V01_1,개정 이유 및 내용 에 대해 알려주세요,392.6457824707031,978.244140625,1795.2995942225743,682.9287902194587
MI3_240822_TY1_0984_6_V02-3_1,문화시설 BTL사업 정책에 대한 의식 조사의 차트(원형)에 대해 알려주세요,484.0596923828125,1980.191162109375,1582.224540069135,659.8589065967988
MI3_240822_TY1_0985_3_V02-1_1,게임산업 연도별 인력확보 어려운 요인 차트(세로 막대형)에 대해 알려주세요,413.7375183105469,585.2881469726562,1738.8955656069115,932.7699658311785
MI3_240822_TY1_0985_5_V02-1_1,CT R&D 지원과제별 매출실적 차트(세로 막대형)에 대해 알려주세요,426.6177978515625,587.6480102539062,1710.4794271897774,855.8171752434271
MI3_240822_TY1_0985_6_V01_1,[표 31] 차트(세로 막대형)에 대해 알려주세요,388.6686096191406,1911.8538818359375,1774.6173819037072,1147.8692578765313
MI3_240822_TY1_0998_1_V02-1_1,2005년 이전 및 2006~2008년 기간의 투자비 대비 특허성과 비교 차트(세로 막대형)에 대해 알려주세요,483.9726257324219,2280.245361328125,1585.1788017851607,712.1371927888671
MI3_240822_TY1_0998_4_V02-4_1,T01 T02 T03 차트(꺾은선형)에 대해 알려주세요,527.9476318359375,641.2278442382812,1531.3529734444257,758.036544542447
MI3_240822_TY1_0998_5_V02-1_1,투자비 R&D 사업의 해외 SCI 논문 성과 현황 비교 차트(세로 막대형)에 대해 알려주세요,514.4425659179688,1677.27001953125,1539.1818995800525,1054.4096436433113
MI3_240822_TY1_0998_6_V02-1_1,제목에 관련된 미국 특허 평균 피인용횟수 추세 차트에 대해 알려주세요,531.7957763671875,2163.145263671875,1497.5359466159866,802.6513149152122
MI3_240822_TY1_0998_7_V01_1,2003년 미국 특허 분석에 대한 융합도 표에 대해 알려주세요,480.5678405761719,1678.1077880859375,1615.0717188826693,1175.9055280062087
MI3_240822_TY1_1000_2_V02-1_1,각 산업의 연도별 R&D 투자의 평균치를 나타내는 차트(세로 막대형)에 대해 알려주세요.,528.196533203125,2254.7939453125,1483.660798694926,648.1050892188177
MI3_240822_TY1_1000_3_V02-1_1,제목에 대한 스마트 시스템 차트(세로 막대형)에 대해 알려주세요,542.9451293945312,1048.5107421875,1492.8119977471304,689.9353649208524
MI3_240822_TY1_1000_4_V02-4_1,산업별 연도별 전체 R&D 투자 현황에 대해 알려주세요,535.4744262695312,619.2376708984375,1515.1550493341329,984.3528480921723
MI3_240822_TY1_1000_5_V02-4_1,2010년 정부 R&D 투자 정책과 맞물려 민간 R&D 투자 추세 차트(꺾은선형)에 대해 알려주세요,535.04345703125,878.5942993164062,1497.4679776049115,940.2919643242489
MI3_240822_TY1_1000_6_V01_1,19대 미래성장동력 산업 재원별 Spillover 효과 분석 결과 I에 대해 알려주세요,474.9381103515625,1430.3924560546875,1629.395171263191,1518.062252609601
MI3_240822_TY1_1035_1_V02-1_1,법안비용추계제도에 대한 국회의 인식조사 및 개선방안 연구 차트(세로 막대형)에 대해 알려주세요,436.0417175292969,1119.84326171875,1703.6056759519809,1024.995462338793
MI3_240822_TY1_1035_2_V02-4_1,법안비용추계제도에 대한 국회의 인식조사 및 개선방안 연구와 관련된 차트(꺾은선형)에 대해 알려주세요,458.90130615234375,2112.937744140625,1644.7992119147752,846.5917532810656
MI3_240822_TY1_1035_3_V02-3_1,[표 28] 차트(원형)에 대해 알려주세요,721.0552978515625,562.31689453125,1069.15535744963,678.36972536078
MI3_240822_TY1_1035_4_V02-3_1,원형 차트에 대해 알려주세요,608.9099731445312,624.7578735351562,1316.9915468146437,717.7410772989826
MI3_240822_TY1_1035_5_V02-3_1,제4장 법안비용추계제도 인식조사 차트(원형)에 대해 알려주세요,715.9057006835938,563.537841796875,1095.9144502553531,734.7802656205649
MI3_240822_TY1_1036_1_V01_1,법안비용추계제도에 이용되는 단가 및 기준정보와 관련하여 수당의 종류 및 지급액에 대해 알려주세요.,412.2493896484375,562.4287109375,1768.5689568468324,592.9920723192636
MI3_240822_TY1_1036_2_V01_2,제6절 기타 단가에 대해 알려주세요,394.7676696777344,1836.7896728515625,1781.774992959643,422.8321512821604
MI3_240822_TY1_1036_3_V03_1,기능점수에 의한 대가산정 방식 절차에 대해 알려주세요,441.40374755859375,1330.162109375,1729.3535792208436,731.3946498319352
MI3_240822_TY1_1036_4_V03_1,제2장 정보화사업 법안비용추계 단가에 대해 알려주세요,441.34381103515625,759.3120727539062,1725.8761130758169,585.8264655537764
MI3_240822_TY1_1036_5_V01_1,법안비용추계제도에 이용되는 단가 및 기준정보와 관련하여 컨설팅 프로젝트의 단계 활동에 대해 알려주세요.,407.7118835449219,543.4869384765625,1768.560282215518,852.5357315484027
MI3_240822_TY1_1036_6_V01_1,제2장 정보화사업 법안비용추계 금액(원)에 대해 알려주세요,407.60205078125,498.80670166015625,1762.2517297004542,528.6916512161564
MI3_240822_TY1_1040_1_V01_1,3 출장단 및 4 출장 일정의 표에 대해 알려주세요,381.5363464355469,1518.48046875,1799.1305961347575,1572.677325008627
MI3_240822_TY1_1040_2_V01_2,공무 국외출장 결과보고서의 신용조사 및 채권회수 관련 차트에 대해 알려주세요.,444.2062072753906,502.18267822265625,1709.8367026924484,678.3736296664499
MI3_240822_TY1_1040_3_V01_1,국산 과실류 항공 수입 현장 방문 개요 표에 대해 알려주세요,446.0252990722656,1316.758544921875,1707.5088596984415,365.5077680400589
MI3_240822_TY1_1040_4_V01_1,공무 국외출장 결과보고서의 영상 정보에 대해 알려주세요,437.0046081542969,1376.7706298828125,1716.900653351038,466.65291047412916
MI3_240822_TY1_1040_5_V01_1,"KOTRA 하노이 무역관 방문 주요 0 수출기업 마케팅, 전시회, 투자유치, 시장개척 지원 업무 0 수출지역 정보조사 등에 대해 알려주세요",444.391845703125,1321.202880859375,1715.4591235560636,338.83693690581777
MI3_240822_TY1_1040_6_V01_1,공무 국외출장 결과보고서 차트에 대해 알려주세요,443.6803283691406,1415.210693359375,1706.8843434012995,404.7316349926134
MI3_240822_TY1_1060_1_V02-4_1,OECD 평균 공공 사회복지지출에 대한 꺾은선형 차트에 대해 알려주세요,410.4522399902344,1287.1685791015625,1754.3175975380475,1109.0254977524398
MI3_240822_TY1_1060_2_V01_1,정부 총 지출대비 공공사회지출 추이에 대해 알려주세요,385.4051513671875,2240.44482421875,1783.7248614304194,614.5136873540126
MI3_240822_TY1_1060_3_V01_1,미국 보건복지부 노인부문 사업별 예산 표에 대해 알려주세요,391.65283203125,639.2476806640625,1777.6797096879077,1736.7668630544433
MI3_240822_TY1_1060_4_V01_1,일본의 아동가족관련 예산내역에 대해 알려주세요,381.2109069824219,669.4886474609375,1795.1014076898184,1129.7591330566806
MI3_240822_TY1_1060_5_V01_1,국가 위기 영역별 상대적 중요도와 우선순위에 대해 알려주세요,393.998779296875,624.3986206054688,1785.8679360410486,916.2410269062864
MI3_240822_TY1_1060_6_V03_1,이 자료에서 언급된 다이어그램에 대해 알려주세요.,616.2890625,1173.239990234375,1311.0707755291285,305.9065434103124
MI3_240822_TY1_1066_1_V02-4_1,한국의 인구 성장률과 관련된 총인구 및 인구성장률 차트(꺾은선형)에 대해 알려주세요,627.754638671875,2342.7998046875,1225.106371959166,732.3482767877082
MI3_240822_TY1_1066_4_V02-4_1,주택 거래세와 보유세수 규모 차트(꺾은선형)에 대해 알려주세요,646.7457885742188,637.2008056640625,1193.0076358683148,695.5855096922074
MI3_240822_TY1_1066_5_V02-4_1,에 대한 시각적 자료인 주택 종부세 유효세율 추이 꺾은선형 차트에 대해 알려주세요.,447.1545715332031,1956.2850341796875,1671.9173830634154,1096.8257482614517
MI3_240822_TY1_1066_6_V02-6_1,부동산 세율과 부동산 가격상승률에 대해 알려주세요,571.4033203125,535.005615234375,1434.523219544311,1147.279849378583
MI3_240822_TY1_1077_1_V02-1_1,개혁 정책은 아직까지는 북한 경제를 크게 개선시키지는 못한 것으로 보인다. 남한 북한 차트(세로 막대형)에 대해 알려주세요.,1315.939453125,2084.9013671875,827.9947394886052,695.4966437468444
MI3_240822_TY1_1077_2_V02-8_1,북한 경제 현황과 중국·베트남·한국 경제개발 사례에 대한 혼합형 차트에 대해 알려주세요,413.1982727050781,945.7409057617188,1737.9031282127712,821.5490666650703
MI3_240822_TY1_1077_3_V02-8_1,남북한 실질GDP 규모 및 성장률 추이와 관련된 꺾은선형 차트에 대해 알려주세요,413.55010986328125,570.6100463867188,1736.4421221206062,917.6542354737501
MI3_240822_TY1_1077_4_V02-8_1,남북한 총인구 규모 및 인구증가율 추이에 대해 알려주세요,379.60382080078125,565.0220947265625,863.0044263689176,700.1160502152414
MI3_240822_TY1_1077_5_V02-1_1,북한의 무역거래액과 관련된 차트(세로 막대형)에 대해 알려주세요,406.3409423828125,566.1942138671875,1750.1086387954774,935.0745173145798
MI3_240822_TY1_1077_6_V02-4_1,화로 남북한 교류협력에 대한 차트(꺾은선형)에 대해 알려주세요,411.20660400390625,1108.5858154296875,1757.3308037854886,904.4533901936833
MI3_240822_TY1_1087_3_V01_1,국회예산정책처의 환경영향 평가에서의 인간 및 자연 가치 차트에 대해 알려주세요,908.1031494140625,665.7774658203125,1139.747926767289,1025.7280455704276
MI3_240822_TY1_1087_4_V01_1,제 4 장 환경자원 가치평가 사례 분석 95% 신뢰구간 평균지불 원에 대해 알려주세요,834.3558349609375,1678.1912841796875,1127.217754096339,424.6608877190647
MI3_240822_TY1_1087_5_V01_1,국회예산정책처 제5장 환경자원 가치평가의 활용방안 차트(혼합형)에 대해 알려주세요,884.6160278320312,1000.5234375,1172.4345887578306,1322.439271099235
MI3_240822_TY1_1087_6_V01_1,국회예산정책처 제5장 환경자원 가치평가의 활용방안 차트(영역형)에 대해 알려주세요,887.32861328125,922.9500122070312,1161.4389158161446,1002.5116625498088
MI3_240822_TY1_1090_1_V02-1_1,정부위원회 수 추이에 대해 알려주세요,386.77740478515625,2196.700439453125,1806.9878176261193,832.4013161915243
MI3_240822_TY1_1090_2_V01_1,이 문서에서 수당명과 월지급액에 대한 그래프에 대해 알려주세요,330.2762756347656,290.1078186035156,1924.6972468385516,2912.5477178671617
MI3_240822_TY1_1090_3_V01_1,공무원 수당에 대한 에 대해 알려주세요,573.6251220703125,293.96539306640625,1539.2805950749473,2871.3375862599632
MI3_240822_TY1_1090_4_V01_1,재외공무원 특수외국어 가산금과 관련된 대상 외국어에 대해 알려주세요,326.0743408203125,442.05255126953125,1893.4719535540828,409.2451043311986
MI3_240822_TY1_1090_5_V01_3,자녀학비보조수당에 대해 알려주세요,359.6246643066406,484.3870544433594,1878.0457435758087,573.5871348190217
MI3_240822_TY1_1090_6_V01_1,제외공무원 특수지근무수당 지급구분표에 대해 알려주세요,329.10552978515625,405.70458984375,1917.935029941163,2579.5345924030657
MI3_240822_TY1_1100_2_V02-4_2,경제성장률과 일반정부/민간 비율에 대해 알려주세요,557.8440551757812,621.2236328125,1460.7449575178343,875.1637126347939
MI3_240822_TY1_1100_3_V02-4_1,주거용 건물 제외한 GDP와 일반정부 건설자산의 관계에 대해 알려주세요,554.181640625,631.6748657226562,1461.4013506097479,972.4351570734751
MI3_240822_TY1_1112_3_V02-1_1,사회복지전달체계 개선도 평균 차트(세로 막대형)에 대해 알려주세요,538.3782348632812,1226.8250732421875,1486.2305047959092,745.58736928451
MI3_240822_TY1_1112_4_V02-1_1,찾아가는 서비스 투입 시간 개선도 차트(세로 막대형)에 대해 알려주세요,538.5382080078125,1217.8349609375,1487.56484344179,853.2742091539604
MI3_240822_TY1_1112_5_V02-1_1,사회복지직렬 인력 보강 개선도 차트(세로 막대형)에 대해 알려주세요,550.966064453125,1042.7462158203125,1480.274610420862,617.4239763443883
MI3_240822_TY1_1112_6_V02-1_1,(단위 : 점) 차트(세로 막대형)에 대해 알려주세요,564.0050659179688,656.771728515625,1454.6775647194033,596.4361975711568
MI3_240822_TY1_1114_1_V02-1_1,사회적기업 유형별 정부지원의 충분성 평가 차트(세로 막대형)에 대해 알려주세요,397.0211486816406,913.6807861328125,1764.3340624807752,786.302851554513
MI3_240822_TY1_1114_2_V02-1_1,정부지원의 충분성 평가 차트(세로 막대형)에 대해 알려주세요,399.4117431640625,1810.92041015625,1759.3169280081293,727.0964287626135
MI3_240822_TY1_1114_3_V02-1_1,사회적기업 유형별 정부지원 중단 후 기업 자립 가능성 차트(세로 막대형)에 대해 알려주세요,390.45526123046875,2351.23974609375,1762.0373660273144,780.3275193924435
MI3_240822_TY1_1114_4_V02-1_1,설립연도별 정부지원 중단 후 기업 자립 가능성 차트(세로 막대형)에 대해 알려주세요,406.98272705078125,664.8526000976562,1760.3400820959441,727.8129560778316
MI3_240822_TY1_1114_5_V02-1_1,2010년 자본금 규모별 정부지원 중단 후 기업 자립 가능성에 대해 알려주세요,395.27838134765625,1612.0858154296875,1764.0359364819842,728.6888347088442
MI3_240822_TY1_1114_6_V02-1_2,취업 취약계층 여부에 따른 고용형태 차트(세로 막대형)에 대해 알려주세요,438.6113586425781,557.2337646484375,1689.9348819710285,737.9490028482288
MI3_240822_TY1_1126_3_V02-4_1,상수도 시설용량 변화추이 차트(꺾은선형)에 대해 알려주세요,529.101806640625,645.5721435546875,1519.8912851618163,738.8075247949677
MI3_240822_TY1_1126_4_V02-1_2,제목에 포함된 상수도개발 및 운영실태 평가에 대한 세로 막대형 차트에 대해 알려주세요,525.486083984375,1248.43798828125,1512.1194117962568,694.0939327032692
MI3_240822_TY1_1126_5_V02-1_1,현재의 광역상수도 및 지방상수도체계에 대한 차트(세로 막대형)에 대해 알려주세요,512.729248046875,1566.22705078125,1525.427521953673,678.2326953358797
MI3_240822_TY1_1143_1_V02-4_1,세무조사 법인수 비율과 관련된 퍼센트 차트를 통해 알려주세요,1344.3865966796875,600.653076171875,769.0880925812394,766.6675278207557
MI3_240822_TY1_1143_2_V02-4_1,세무조사비율 추이에 대해 알려주세요,522.0990600585938,623.1647338867188,1542.7170301118679,813.4580197813766
MI3_240822_TY1_1143_3_V02-4_1,이러한 경향은 추징금액의 연도별 추이에서 보여주는 꺾은선형 차트에 대해 알려주세요,494.43377685546875,1693.8668212890625,1575.3791831078154,998.6411536798983
MI3_240822_TY1_1143_5_V02-8_1,우에는 세수가 늘어나게 된다. 그러나 평균적으로 국세수입 예측이 실적치를 하회하는 경향이 있다면 세수가 줄어들 가능성이 높다. 결산상 세수와 예산상 세수를 비교한 차트에 대해 알려주세요,491.82061767578125,1776.288330078125,1582.028426947689,879.7130825245837
MI3_240822_TY1_1157_1_V02-4_1,근로 소득 10분위 배율 꺾은선형에 대해 알려주세요,528.7891845703125,1508.99267578125,1506.2620876708893,859.7568917126375
MI3_240822_TY1_1157_2_V02-4_1,평균 차트(꺾은선형)에 대해 알려주세요,462.6561279296875,1556.7080078125,1655.219234510152,1038.0342186391185
MI3_240822_TY1_1164_1_V01_1,부가가치세 개요 차트(세로 막대형)에 대해 알려주세요,326.0520324707031,773.8585205078125,1967.3181475602626,715.3084459579492
MI3_240822_TY1_1164_3_V01_1,담배소비세 세율 차트(표) 에 대해 알려주세요,314.66680908203125,1228.61376953125,1967.053746948053,854.5576088002545
MI3_240822_TY1_1172_1_V02-1_1,호주 수소경제 규모 및 기술 분야별 수소 시장 규모 차트(세로 막대형)에 대해 알려주세요,459.3213195800781,2063.870849609375,1619.1530146896625,1041.4288035622349
MI3_240822_TY1_1185_1_V02-4_1,운영성과(A-B) 차트(꺾은선형)에 대해 알려주세요,558.8524780273438,752.7753295898438,1447.2846976038077,668.6976249028371
MI3_240822_TY1_1185_2_V02-4_1,신용보증기금의 B/C Ratio에 대해 알려주세요,591.5565795898438,738.8322143554688,1351.4168329596528,614.4796295583283
MI3_240822_TY1_1185_3_V02-4_1,신용보증기금의 운용수익률과 기대수익률 추이에 대해 알려주세요,556.483642578125,652.742431640625,1474.7442555581724,666.8137504226606
MI3_240822_TY1_1201_1_V02-4_1,양도소득세 현황과 관련된 꺾은선형 차트에 대해 알려주세요,429.8039855957031,1681.1016845703125,1703.199763187729,1361.2138535250797
MI3_240822_TY1_1201_2_V02-4_1,재산과세 종합부동산세 현황 꺾은선형에 대해 알려주세요,431.8276672363281,1835.2625732421875,1694.2969660300612,1198.4697920860378
MI3_240822_TY1_1201_3_V02-4_1,알기쉬운 조세제도 차트(꺾은선형)에 대해 알려주세요,436.7937927246094,1282.3431396484375,1695.5508986150526,1198.1911949564083
MI3_240822_TY1_1205_2_V02-4_2,이 문서의 소득대비 비중에 대한 차트(꺾은선형)에 대해 알려주세요,459.3946838378906,2130.94384765625,1619.6749131162721,695.0134690721022
MI3_240822_TY1_1205_3_V02-1_1,T01 T02 차트(세로 막대형)에 대해 알려주세요,459.4305114746094,2119.718994140625,1623.1102838789227,719.7349279332753
MI3_240822_TY1_1207_1_V02-4_1,제목에 대한 내용과 함께 한계피해비용 대비 적정 환경세 수준 꺾은선형 차트에 대해 알려주세요,541.1288452148438,1096.513671875,1506.3664803831184,637.6955481907927
MI3_240822_TY1_1207_2_V02-5_1,영역형에 대해 알려주세요,585.5801391601562,615.8104858398438,1357.503549816478,648.0435888870962
MI3_240822_TY1_1207_3_V02-4_1,"방향에서 진행되었으며, 최근 EU 집행위원회의 연구 프로젝트에서 Cambridge Econometrics 그룹의 최근 ETR의 경제적 효과에 대한 실증분석과 관련된 꺾은선형 차트에 대해 알려주세요",397.6353454589844,2100.055908203125,793.0856264762665,710.9551158757333
MI3_240822_TY1_1223_1_V01_1,2003년도 우리나라 복권시장 규모 현황 차트에 대해 알려주세요,440.3999938964844,591.5796508789062,1671.7913128185896,437.9890225760912
MI3_240822_TY1_1223_3_V02-4_1,복권 매출액 현황에 대해 알려주세요,538.0320434570312,603.460205078125,1517.4305666732628,1032.4989073024324
MI3_240822_TY1_1233_2_V02-4_1,에 대한 의 원/달러 환율 및 예산편성환율 추이에 대해 알려주세요.,509.20355224609375,1307.63134765625,1530.6376740457072,932.4875072201244
MI3_240822_TY1_1239_2_V02-1_1,우리나라 사회복지지출 관련 시사점 차트(세로 막대형)에 대해 알려주세요,506.3697509765625,611.6607666015625,1565.5870409369886,972.8178871097151
MI3_240822_TY1_1252_1_V02-4_1,원유 도입단가 추이 차트(꺾은선형)에 대해 알려주세요,560.5813598632812,1962.964111328125,1444.4960745315211,804.3514730292635
MI3_240822_TY1_1252_2_V02-4_1,환율 변동 추이 꺾은선형에 대해 알려주세요,554.0280151367188,1929.721923828125,1451.8147450084896,776.8675340720582
MI3_240822_TY1_1252_3_V01_1,환율 변동 추이에 대한 표에 대해 알려주세요,505.54248046875,631.544677734375,1522.534175463854,1104.210567495609
MI3_240822_TY1_1252_4_V02-4_1,"휘발유의 국내정유사가격, 국제휘발유제품가격 및 국제원유가 추이에 대해 알려주세요",573.2579956054688,963.2411499023438,1415.2828167334878,1014.6259682555693
MI3_240822_TY1_1252_5_V02-8_1,국제휘발유제품가격과 국제원유현물가의 차이에 대해 알려주세요,592.45263671875,639.0341186523438,1337.199057415609,804.5550741819801
MI3_240822_TY1_1252_6_V02-4_1,용제 월별 판매량 추이 차트(꺾은선형)에 대해 알려주세요,521.4169921875,1728.2294921875,1530.038340980115,950.6321586631635
MI3_240822_TY1_1257_3_V01_1,음식물쓰레기와 관련된 전기에너지 생산량에 대해 알려주세요.,403.9989318847656,940.517822265625,1784.8575416463354,435.69744867683954
MI3_240822_TY1_1257_4_V02-4_1,바이오가스 생산단가의 변화 꺾은선형에 대해 알려주세요,381.7762756347656,1686.5267333984375,1816.3931774892117,966.6214658484907
MI3_240822_TY1_1257_5_V01_1,폐수처리시설의 원수 및 방류수 성상에 대해 알려주세요,393.9105224609375,2481.737548828125,1787.4289610371964,464.3807291019617
MI3_240822_TY1_1257_6_V02-4_1,바이오가스화 시설의 운전 현황 차트(꺾은선형)에 대해 알려주세요,454.4927673339844,956.923583984375,1684.810721563444,885.301952341233
MI3_240822_TY1_1275_2_V02-4_4,이 문서에서 다양한 부문의 소비를 비교한 차트에 대해 알려주세요.,501.86334228515625,1710.3348388671875,1551.2010147906246,1120.6205925014378
MI3_240822_TY1_1275_5_V02-4_1,에 관련된 의 주요 결과를 보여주는 꺾은선형 그래프에 대해 알려주세요.,506.0278015136719,1187.4371337890625,1556.6163791474357,1560.137390491848
MI3_240822_TY1_1284_1_V02-4_1,통행량 전망 차트(꺾은선형)에 대해 알려주세요,477.3731689453125,833.1597290039062,1652.0602703512238,659.1624600560637
MI3_240822_TY1_1286_2_V01_1,<표 2-2> 표에 대해 알려주세요,0.0,0.0,0.0,0.0
MI3_240822_TY1_1319_1_V02-4_1,주제발표 1. 상고제도 개선의 사회·경제적 효과 분석 연구에 대해 알려주세요,488.8000183105469,2103.023681640625,1555.1345564653273,548.111420823068
MI3_240822_TY1_1319_2_V01_2,영국의 상고사건 수와 관련하여 기간별 상고허가신청 허가건수 차트에 대해 알려주세요,389.496826171875,2477.381103515625,1771.9970204030553,386.88366609877653
MI3_240822_TY1_1319_3_V01_1,사회·경제적 관점에서 본 대법원 재판 패러다임의 변화 방향 표에 대해 알려주세요,377.4609375,2322.1435546875,1809.409111676905,788.6459735418086
MI3_240822_TY1_1319_4_V01_1,주제발표 1. 상고제도 개선의 사회·경제적 효과 분석 연구와 관련된 연도별 사건 수 증가폭 차트에 대해 알려주세요,399.71697998046875,511.65338134765625,1792.5638975688375,791.7699267231042
MI3_240822_TY1_1319_6_V02-6_1,주제발표 1. 상고제도 개선의 사회·경제적 효과 분석 연구와 관련된 Governance와 1인당 소득 간의 관계를 보여주는 분산형 차트에 대해 알려주세요,568.7567138671875,649.014892578125,1377.4841983663014,829.4275965221669
MI3_240822_TY1_1351_1_V01_1,보조금 관리에 관한 법률 시행령 243 본문 표에 대해 알려주세요,548.3875732421875,1188.74609375,1310.1545988658063,1006.8985479607353
MI3_240822_TY1_1351_2_V01_1,보조금 관리에 관한 법률 시행령과 포상금 지급기준 차트에 대해 알려주세요,555.8892211914062,1043.3193359375,1312.4029430642727,751.4545195147668
MI3_240822_TY1_1351_3_V01_1,국가균형발전 특별법 시행령에 포함된 광역경제권 범위에 대해 알려주세요,555.6128540039062,2000.8897705078125,1326.7653185200763,707.9939189711339
MI3_240822_TY1_1351_4_V01_2,[별표 1] 고령자의 휴업급여 지급기준에 대해 알려주세요,652.303466796875,1334.351318359375,1165.4022268040312,476.0105294587011
MI3_240822_TY1_1351_5_V01_1,산업재해보상보험법에 관련된 표에 대해 알려주세요.,643.28955078125,1311.4423828125,1198.2313509956518,661.9840640596161
MI3_240822_TY1_1351_6_V01_2,고용보험법 본문 표에 대해 알려주세요,550.4509887695312,1011.2006225585938,1306.3815165091164,580.2283165555125
MI3_240822_TY1_1353_1_V01_1,보조금의 예산 및 관리에 관한 법률 시행령 차등보조율의 적용기준 표에 대해 알려주세요,548.7918090820312,1188.968505859375,1310.1960822904605,985.0194799532417
MI3_240822_TY1_1353_2_V01_2,제목에 관련된 고령자의 추가 휴업급여 지급기준 표에 대해 알려주세요.,652.8804931640625,1334.5902099609375,1164.3181974450806,475.4621042730167
MI3_240822_TY1_1353_3_V01_1,산업재해보상보험법의 연령 지급 액과 관련된 내용에 대해 알려주세요.,655.152587890625,979.3831787109375,1175.837064158202,472.84582573949825
MI3_240822_TY1_1353_4_V01_2,상병보상연금표에 대해 알려주세요,543.684814453125,1038.3045654296875,1290.565012115312,1076.8050287216383
MI3_240822_TY1_1353_5_V01_1,964 산업재해보상보험법 고령자의 1일당 상병보상연금 지급기준에 대해 알려주세요,644.2606201171875,1311.773681640625,1196.9202625272485,659.9562370499112
MI3_240822_TY1_1353_6_V01_1,고용보험법과 관련된 피보험기간 구분에 대해 알려주세요,558.3120727539062,1670.233154296875,1284.123806582794,567.8460829868179
MI3_240822_TY1_1355_1_V01_1,국고보조금의 실집행실적 제출 및 민간에 지원한 보조금 포함 경과에 대해 알려주세요.,460.39300537109375,2007.0927734375,1608.973307382475,451.97063056783804
MI3_240822_TY1_1355_2_V01_1,국가재정정보에 대한 국회의 접근 및 활용 본문 표에 대해 알려주세요,463.91998291015625,1808.3935546875,1612.8293760563708,544.7322018534705
MI3_240822_TY1_1355_3_V01_1,제17대 국회 예산안 수정 통계와 관련된 정보에 대해 알려주세요,472.0653991699219,1819.85791015625,1609.2208219653198,891.2812543879725
MI3_240822_TY1_1355_4_V01_1,고용보험기금 실업급여 계정 재정수지 추이 표에 대해 알려주세요,478.1611633300781,1489.689208984375,1593.2767292234255,811.9614622242684
MI3_240822_TY1_1355_5_V01_1,국민연금기금 관리운영비 현황 표에 대해 알려주세요,461.68182373046875,1715.61962890625,1614.417358601329,644.3011426513144
MI3_240822_TY1_1355_6_V02-4_1,공무원연금의 제1차 재정계산결과 차트(꺾은선형)에 대해 알려주세요,500.7535705566406,626.889404296875,1579.2845068127065,816.2961502047675
MI3_240822_TY1_1365_1_V01_1,지출관련 재정수반법안의 예상비용에 대해 알려주세요,473.0348205566406,1356.31298828125,1620.9889747593127,468.62363523263434
MI3_240822_TY1_1365_2_V01_1,재정수반법안과 비용추계서 차트에 대해 알려주세요,481.3804016113281,2182.625,1569.2245355746354,540.8039007818704
MI3_240822_TY1_1365_3_V01_1,제출된 재정수반법안의 예상비용과 관련하여 알려주세요,487.5426940917969,616.3018188476562,1610.0389639169268,693.4648830035278
MI3_240822_TY1_1365_6_V01_1,[표 12] 재정수반법안에 따른 예상재정수지변동 표에 대해 알려주세요,468.8826599121094,1579.8585205078125,1613.8779951590705,431.41397690542124
MI3_240822_TY1_1390_4_V01_1,저출산 고령화에 대비한 과세단위 개편에 관한 연구 분석 시나리오 표에 대해 알려주세요,494.73931884765625,627.5234375,1554.3746672498253,1058.9301567171233
MI3_240822_TY1_1390_5_V02-4_1,자녀세액공제 혜택을 보여주는 꺾은선형 그래프에 대해 알려주세요,508.6485900878906,1262.3944091796875,1558.8361570665436,851.0090129712881
MI3_240822_TY1_1407_1_V02-8_1,전자상거래 규모에 대한 차트(혼합형)에 대해 알려주세요,394.48699951171875,567.6202392578125,1748.4336571631475,905.5971019879182
MI3_240822_TY1_1407_2_V02-4_1,기업간 전자상거래(B2B) 규모 차트(꺾은선형)에 대해 알려주세요,406.29925537109375,2057.1728515625,1747.9546047065437,842.8747988872575
MI3_240822_TY1_1407_3_V02-4_1,기업·정부간 전자상거래(B2G) 꺾은선형 차트에 대해 알려주세요,404.1575012207031,2211.86376953125,1743.1648262885872,836.3784161961236
MI3_240822_TY1_1407_4_V02-8_1,사이버쇼핑 거래액 혼합형 차트에 대해 알려주세요,409.50311279296875,1983.7681884765625,1743.5180928930777,1020.42604425879
MI3_240822_TY1_1407_5_V02-8_1,전자상거래판매액 전망 혼합형 차트에 대해 알려주세요,425.6759033203125,1561.3857421875,1717.21950934515,942.4065780453305
MI3_240822_TY1_1407_6_V02-1_1,주요 매체별 온라인 쇼핑시장 현황 및 전망 차트(세로 막대형)에 대해 알려주세요,424.2651062011719,1573.85205078125,1717.9805606442792,1246.9480025264654
MI3_240822_TY1_1412_1_V02-1_1,전통시장의 지역별 운영 현황에 대한 차트(세로 막대형)에 대해 알려주세요,456.7801208496094,1084.8931884765625,1663.291455612915,940.0561586438033
MI3_240822_TY1_1412_2_V02-1_1,전통시장 설치 현황 차트(세로 막대형)에 대해 알려주세요,447.3951721191406,552.7416381835938,1684.1559101491962,1027.261495831829
MI3_240822_TY1_1412_5_V03_1,시장의 신청 선정 평가 심의 및 조정 과정에 대해 알려주세요,397.9267578125,2026.4715576171875,1757.2099178521717,539.8708034911493
MI3_240822_TY1_1417_1_V01_1,광역 지자체별 재정자립도 표에 대해 알려주세요,345.7236328125,1943.970947265625,1874.962753483969,1163.2995561404698
MI3_240822_TY1_1417_3_V02-4_1,IV. OECD 간 재정분권 비교분석 2. 국가별 국세 대비 지방세 비중 비교· 분석 꺾은선형에 대해 알려주세요,483.9852294921875,2372.888671875,1528.0815217673614,690.2797160370732
MI3_240822_TY1_1417_4_V02-1_1,OECD 회원국들의 지방세 비중 (2017년) 차트(세로 막대형)에 대해 알려주세요,418.2691955566406,1749.761474609375,1735.450815721456,928.3464758865247
MI3_240822_TY1_1427_1_V01_1,한국도로공사 연도별 경영 현황 표에 대해 알려주세요,474.0146179199219,608.6197509765625,1593.4936490772207,1113.851828612539
MI3_240822_TY1_1427_2_V02-1_1,한국도로공사 연도별 영업실적 차트(세로 막대형)에 대해 알려주세요,504.76953125,599.3143310546875,1572.8073474207592,927.6553167762556
MI3_240822_TY1_1427_3_V02-1_1,한국석유공사 연도별 재산규모 차트(세로 막대형)에 대해 알려주세요,499.431640625,1776.3997802734375,1564.1848975588384,864.2046208094752
MI3_240822_TY1_1427_4_V02-1_1,한국전력공사 연도별 재산규모 차트(세로 막대형)에 대해 알려주세요,495.32281494140625,1738.4139404296875,1576.4264055526087,861.2966203657966
MI3_240822_TY1_1427_5_V02-1_1,한국조폐공사 연도별 재산규모 세로 막대형 차트에 대해 알려주세요,504.3715515136719,624.34619140625,1567.5973216690295,785.7249427459818
MI3_240822_TY1_1427_6_V01_1,한국토지공사 연도별 경영 현황 표에 대해 알려주세요,474.7478942871094,610.7353515625,1585.2625886417902,1206.4654582517176
MI3_240822_TY1_1427_7_V01_1,한국수자원공사 연도별 경영 현황에 대해 알려주세요,476.4935302734375,610.8042602539062,1584.6036036496994,1180.510547481507
MI3_240822_TY1_1430_1_V01_1,소요예산 재원확보 구분 사업내용 차트(세로 막대형)에 대해 알려주세요,340.71240234375,860.0248413085938,1832.5863126687284,2251.5325606847687
MI3_240822_TY1_1430_2_V01_2,세부 사업 내용 표에 대해 알려주세요,336.92169189453125,1158.351318359375,1853.167514893402,1999.5996563527697
MI3_240822_TY1_1430_3_V01_1,제목에 대해 알려주세요. 본문과 관련된 시각 요소 타입에 대해 알려주세요.,376.3177795410156,493.6411437988281,1832.2617419374667,523.5053794991745
MI3_240822_TY1_1430_4_V01_1,총 기 소요예산 구분 차트(세로 막대형)에 대해 알려주세요,407.06640625,637.277099609375,1781.1831414526093,517.1934231063403
MI3_240822_TY1_1439_3_V02-1_2,친환경 제품 구매 및 포장 선호도 차트(세로 막대형)에 대해 알려주세요,436.47369384765625,2162.20068359375,1679.5739291795253,852.3219540731984
MI3_240822_TY1_1439_5_V02-3_1,2021년도 공공기관 녹색제품 구매실적과 관련된 차트에 대해 알려주세요,417.56964111328125,624.8117065429688,1729.8624191967892,831.8764767645097
MI3_240822_TY1_1457_3_V02-1_1,인천광역시 보행안전 및 편의증진 기본계획과 2.1.2 인구 및 세대수에 대한 차트(가로 막대형)에 대해 알려주세요,444.3474426269531,2026.44921875,1690.0393578341566,971.2825334679876
MI3_240822_TY1_1457_4_V02-8_1,제2장 도시 일반현황 및 장래 여건 전망 차트(혼합형)에 대해 알려주세요,435.12188720703125,2082.1298828125,1703.2986825400392,961.8393326615828
MI3_240822_TY1_1457_5_V02-4_1,[그림 2-11] 차트(꺾은선형)에 대해 알려주세요,439.8115539550781,2152.47607421875,1691.3164101292368,916.5298757894627
MI3_240822_TY1_1457_6_V01_2,제2장 도시 일반현황 및 장래 여건 전망 2.1.4 취업자수 표에 대해 알려주세요,387.7862548828125,1734.9969482421875,1809.7127607284892,551.8422189425016
MI3_240822_TY1_1488_1_V02-4_1,I개요와 법인세와 효율성 관련 세로 막대형 차트에 대해 알려주세요,407.30718994140625,561.0066528320312,1754.414161797722,1024.1691768514056
MI3_240822_TY1_1488_2_V02-8_1,법인세의 납세의무에 대한 차트(혼합형)에 대해 알려주세요,440.174560546875,1595.987548828125,1681.478068061365,905.32335572852
MI3_240822_TY1_1488_3_V02-8_1,Ⅱ과세체계 및 현황에 대해 알려주세요,405.9189453125,1517.517578125,768.475457867445,599.4029440644812
MI3_240822_TY1_1488_4_V02-4_1,"이월결손금, 비과세소득, 소득공제 금액 추이 (꺾은선형) 에 대해 알려주세요",422.5022277832031,1937.982177734375,1716.4720270792081,817.6275653671978
MI3_240822_TY1_1488_5_V02-8_1,Ⅱ과세체계 및 현황 차트(혼합형)에 대해 알려주세요,437.8352355957031,1049.1446533203125,1688.9909103565135,982.1371693439116
MI3_240822_TY1_1488_6_V02-4_1,[그림 11] 법인세 평균명목세율과 감면율 추이에 대해 알려주세요,435.291015625,1868.1605224609375,1679.2524234720938,1136.5304792207805
MI3_240822_TY1_1491_1_V02-4_1,I개요 국민부담률 및 조세부담률 꺾은선형에 대해 알려주세요,434.6710205078125,619.3330078125,1707.0199691548426,1052.5707112336884
MI3_240822_TY1_1491_2_V02-4_1,I개요 조세의 이해와 쟁점 V 꺾은선형에 대해 알려주세요,433.37109375,627.44873046875,1708.7671988698219,1103.714647018686
MI3_240822_TY1_1491_3_V02-8_1,I개요 세목별 국세 대비 조세수입액 비중 꺾은선형에 대해 알려주세요,461.9744567871094,605.1929931640625,1650.8523946362918,718.0886396733557
MI3_240822_TY1_1491_4_V02-4_1,Ⅱ과세체계및현황 차트(꺾은선형)에 대해 알려주세요,420.8698425292969,556.4873657226562,1733.0475664833627,1051.866126313442
MI3_240822_TY1_1491_5_V02-4_1,제목에 따라 근로장려금과 관련된 차트(꺾은선형)에 대해 알려주세요,410.59814453125,542.7353515625,1738.5115732464255,924.19590227604
MI3_240822_TY1_1491_6_V02-1_1,(15) 고소득 자영업자 소득탈루율 추정 차트(세로 막대형)에 대해 알려주세요,422.67010498046875,1603.8348388671875,1726.5113988236883,1170.931608511926
MI3_240822_TY1_1491_7_V02-4_1,법인수증가율: 2008~2012년에 대해 알려주세요,435.9287414550781,624.8743286132812,1695.976694131145,1021.7421631179224
MI3_240822_TY1_1497_1_V02-8_2,2016 조세의 이해와 쟁점 차트(혼합형)에 대해 알려주세요,414.22174072265625,875.02294921875,1744.0323920323005,1034.14737551567
MI3_240822_TY1_1497_2_V02-1_1,2016 조세의 이해와 쟁점 차트(세로 막대형)에 대해 알려주세요,431.69171142578125,1403.268798828125,1700.5726128623423,1043.2443264352662
MI3_240822_TY1_1497_3_V02-8_2,2016 조세의 이해와 쟁점에 대해 알려주세요,362.92181396484375,2345.23681640625,872.024638364712,560.8877553722597
MI3_240822_TY1_1497_4_V02-8_1,국제조세 II. 국제조세의 과세체계에 대한 내용과 관련된 70 2.5% (만개) (조원) 차트(혼합형)에 대해 알려주세요,1300.5782470703125,1964.7596435546875,841.5852539876892,615.7552648174302
MI3_240822_TY1_1497_5_V02-8_1,2016 조세의 이해와 쟁점 외국인의 종합소득세 실효세율 혼합형에 대해 알려주세요,416.94000244140625,1911.228759765625,1719.508523992063,1150.1736070134982
MI3_240822_TY1_1497_6_V02-8_1,2016 조세의 이해와 쟁점 차트(혼합형)에 대해 알려주세요,414.8818664550781,1314.0390625,1743.4945926177238,1125.8969984291841
MI3_240823_TY1_0001_1_V02-8_1,2005년 2월중 금융기관 여신에 대한 혼합형 차트에 대해 알려주세요,544.6522216796875,1922.261474609375,1490.7726575716854,1005.8460490184398
MI3_240823_TY1_0001_2_V02-4_1,2005년 2월중 어음부도율 차트(꺾은선형)에 대해 알려주세요,484.8558349609375,1820.7744140625,1590.1228070896238,1062.5464401966278
MI3_240823_TY1_0001_3_V02-4_1,제조업 생산·출하·재고 꺾은선형에 대해 알려주세요,499.6048583984375,1993.259521484375,1555.926530511729,1014.2747072122233
MI3_240823_TY1_0001_4_V02-8_1,2005년 2월중 수출과 관련된 정보에 대해 설명해 주세요,517.7799682617188,2061.99365234375,1523.0116887559927,940.088742605495
MI3_240823_TY1_0001_5_V02-4_1,2005년 2월중 소비자물가와 경남지역 주택매매가격에 대한 꺾은선형 차트에 대해 알려주세요,510.90716552734375,1899.80224609375,1537.333115285932,1045.0151464669211
MI3_240823_TY1_0001_6_V01_1,금융동향 금융기관 여·수신 동향 차트에 대해 알려주세요,463.4847106933594,2324.5048828125,1622.4743082270588,746.5493532672074
MI3_240823_TY1_0003_1_V01_1,대구경북 청년실업률 및 고용률에 대해 알려주세요,497.2710876464844,1093.8382568359375,1549.34234006617,596.936319853302
MI3_240823_TY1_0003_2_V02-8_2,고용률 변동에 대한 기여도 분석 차트(혼합형)에 대해 알려주세요,436.3736877441406,2313.928466796875,1618.7565071981417,677.8322479162729
MI3_240823_TY1_0003_3_V01_1,대구경북 취업자수 변동 요인 표에 대해 알려주세요,344.73492431640625,1932.5546875,1883.6893097140903,684.8857475797018
MI3_240823_TY1_0003_4_V02-1_1,대구경북 취업자수 변동요인 분석의 차트(세로 막대형)에 대해 알려주세요,354.2671203613281,975.9898071289062,910.9066182963597,703.6531520332936
MI3_240823_TY1_0003_5_V02-4_1,청년층 고학력화와 관련된 대졸자 하향취업 정도에 대해 알려주세요.,338.3204650878906,1819.838134765625,909.1946665410583,745.4973716973981
MI3_240823_TY1_0003_6_V02-4_2,고연령층 고용률 격차 추이에 대해 알려주세요,1280.8973388671875,2320.2177734375,906.5516085153292,723.4131175336585
MI3_240823_TY1_0004_1_V01_1,2003년 5월중 어음부도율 및 대출금 연체율에 대한 차트에 대해 알려주세요,367.4483642578125,2104.499267578125,1806.8542500480348,986.0154016579885
MI3_240823_TY1_0004_2_V01_1,"이 문서의 제목과 관련하여 (단위 : 증감률, %) 전월대비 및 전년동월대비 지수에 대해 알려주세요.",324.8262634277344,1697.8116455078125,1905.9804769107423,1445.9706906741546
MI3_240823_TY1_0004_3_V01_1,전라남도 관련 데이터의 표에 대해 알려주세요,324.7405090332031,1448.97412109375,1937.575606623283,1574.0418363398096
MI3_240823_TY1_0004_4_V01_1,건축 허가 면적에 대한 표에 대해 알려주세요,330.43695068359375,1835.595703125,1948.308914605751,1114.3401932964166
MI3_240823_TY1_0004_5_V01_1,2003년 5월중 대형점 판매액 및 할인점 판매액에 대해 알려주세요,354.138427734375,1627.9903564453125,1900.2655808863092,1254.7143311323869
MI3_240823_TY1_0004_6_V01_1,2003년 5월중 수출 현황과 관련된 백만달러 단위의 데이터에 대해 알려주세요,333.55511474609375,1677.7178955078125,1900.9688201766571,1411.3469602162315
MI3_240823_TY1_0007_1_V01_1,8월중 어음부도율 (%) 차트(세로 막대형)에 대해 알려주세요,384.7443542480469,1880.3416748046875,1796.9354538227456,992.4496052707973
MI3_240823_TY1_0007_2_V01_1,T01 T02 T03 차트(세로 막대형)에 대해 알려주세요,330.80743408203125,1677.80126953125,1896.863358135893,1445.1319043222998
MI3_240823_TY1_0007_3_V01_1,T01 T02 시각요소 제목 V01에 대해 알려주세요,324.7918701171875,1449.0838623046875,1939.131008910198,1571.071104505648
MI3_240823_TY1_0007_4_V01_1,2003년 8월중 건설발주액과 관련된 차트에 대해 알려주세요.,330.59417724609375,1835.7012939453125,1947.8033468480387,1114.1192436714905
MI3_240823_TY1_0007_5_V01_1,"2003년 8월중 대형점 판매액과 할인점 판매액, 자동차 등록대수 관련 데이터에 대해 알려주세요.",355.3981628417969,1528.5230712890625,1901.4099574838165,1301.134595558601
MI3_240823_TY1_0007_6_V01_1,4. 화가츠키 본문 표에 대해 알려주세요,323.13836669921875,1731.397705078125,1908.3565579485903,1403.5338733796289
MI3_240823_TY1_0011_1_V01_1,전년동월대비 지 수(2000=100) 차트에 대해 알려주세요,337.1981506347656,1683.44970703125,1893.7228826561513,1411.3489320151768
MI3_240823_TY1_0011_2_V01_1,전라남도 산업생산지수의 차트에 대해 알려주세요,339.4875793457031,1366.4835205078125,1935.722975726155,1538.4294162703302
MI3_240823_TY1_0011_3_V01_1,2004년 1월중 건설발주액 및 건축허가면적에 대한 표에 대해 알려주세요.,329.76300048828125,1771.4498291015625,1948.0524593535636,1108.7164259345534
MI3_240823_TY1_0011_4_V01_1,"2004년 1월중 대형점 판매액과 할인점 판매액, 자동차 등록대수에 대해 알려주세요",355.23614501953125,1558.47607421875,1901.7798528869891,1298.4493874421905
MI3_240823_TY1_0011_5_V01_1,제목에 대한 본문 및 여러 데이터를 포함하는 차트에 대해 알려주세요,320.0453796386719,1646.95361328125,1912.2926680045355,1505.009514549998
MI3_240823_TY1_0011_6_V01_1,2004년 1월중 무역수지와 관련된 데이터의 차트에 대해 알려주세요,365.77471923828125,1768.7840576171875,1830.1449198957928,1298.5361195260937
MI3_240823_TY1_0013_1_V01_1,소비관련지표1) 차트(표)에 대해 알려주세요,307.78033447265625,1659.5169677734375,1984.6081880485278,1409.4926795108381
MI3_240823_TY1_0013_2_V01_1,4. 대외거래 본문과 광주지역 주요 품목별 수출입 차트에 대해 알려주세요,293.5506591796875,1395.4210205078125,1947.4379576557246,1801.5695235687417
MI3_240823_TY1_0013_3_V01_1,전남지역 주요 품목별 수출입 차트에 대해 알려주세요,252.42694091796875,1133.62890625,2017.5532505227259,2032.6466118409626
MI3_240823_TY1_0013_4_V01_1,소비자물가 상승률에 대해 알려주세요,289.57708740234375,1356.32373046875,2004.193865221794,1725.0310613469765
MI3_240823_TY1_0013_5_V01_1,아파트가격 상승률1) 표에 대해 알려주세요,297.75848388671875,1123.431884765625,1957.5008060432785,1893.1239082724821
MI3_240823_TY1_0013_6_V01_1,고용에 대한 표에 대해 알려주세요,316.9147033691406,1436.2711181640625,1931.12320844307,1671.272683205413
MI3_240823_TY1_0013_7_V01_1,2010 2011 2012 전년동월대비 증감률(%) 차트에 대해 알려주세요,334.2949523925781,1630.9888916015625,1938.0305344423832,1371.5003883246964
MI3_240823_TY1_0015_1_V01_1,에 대한 V 형태의 데이터 시각화 내용에 대해 알려주세요.,309.874267578125,1636.62353515625,1986.849841494125,1416.8467114765965
MI3_240823_TY1_0015_2_V01_1,4. 대외거래 본문 표에 대해 알려주세요,291.8458251953125,1389.739990234375,1952.0399320983809,1798.7400881749347
MI3_240823_TY1_0015_3_V01_1,전남지역 주요 품목별 수출입 차트에 대해 알려주세요,245.56468200683594,1145.841552734375,2026.5489199245235,2047.667578706883
MI3_240823_TY1_0015_4_V01_1,소비자물가 상승률에 대한 차트(세로 막대형)에 대해 알려주세요,264.8706970214844,1276.9293212890625,1993.565079073835,1937.1233555163067
MI3_240823_TY1_0015_5_V01_1,고용 통계에 대한 차트(표)에 대해 알려주세요.,339.06451416015625,1246.40771484375,1929.8692199277502,1659.2310001951096
MI3_240823_TY1_0015_6_V01_1,2012년 4월중 국가산업단지 생산액에 대해 알려주세요,302.5023498535156,1585.469482421875,2050.4849641035316,1381.9538820166308
MI3_240823_TY1_0019_1_V01_1,제목에 포함된 내용과 관련하여 소비 관련 지표의 표에 대해 알려주세요,267.6595764160156,1799.0897216796875,2017.2101992974997,1396.0665018979062
MI3_240823_TY1_0019_2_V01_1,4. 대외거래 본문 표에 대해 알려주세요,293.1002502441406,1370.736572265625,1950.6457520394458,1804.9520046413516
MI3_240823_TY1_0019_3_V01_1,전남지역 주요 품목별 수출입 표에 대해 알려주세요,253.8143310546875,1149.9267578125,2006.0902909457716,2052.065515866974
MI3_240823_TY1_0019_4_V01_1,소비자물가상승률에 대해 알려주세요,262.87969970703125,1031.0140380859375,1992.0009404839507,2075.489630944295
MI3_240823_TY1_0019_5_V01_1,아파트가격 상승률에 대한 표에 대해 알려주세요,293.57525634765625,1195.884765625,1956.0711797694528,1880.955738648774
MI3_240823_TY1_0019_6_V01_1,제목에 해당하는 내용을 바탕으로 본문에서 다룬 경제활동 및 실업률과 관련된 정보에 대해 알려주세요.,322.1546936035156,1365.2275390625,1942.0344983056025,1665.921002302937
MI3_240823_TY1_0037_1_V01_2,2024년 설비투자 BSI 차트에 대해 알려주세요.,367.117431640625,739.98779296875,1865.6761073104544,535.4359252888922
MI3_240823_TY1_0037_2_V02-8_2,인천지역 건축허가면적과 관련된 혼합형 차트에 대해 알려주세요,1283.333251953125,1354.7459716796875,926.814992996303,667.5095321311154
MI3_240823_TY1_0037_3_V02-8_1,대외거래 인천지역 수출 혼합형에 대해 알려주세요,352.24407958984375,1031.998779296875,909.6082561056396,656.0680323491994
MI3_240823_TY1_0037_4_V02-4_1,인천지역 수입의 품목별 동향에 대해 알려주세요,346.9092102050781,1008.93310546875,928.9696124799018,676.0676205128822
MI3_240823_TY1_0037_5_V02-4_1,인천지역 산업별 취업자수 차트(꺾은선형)에 대해 알려주세요,341.2652282714844,1206.970947265625,952.189357729944,670.4309268004473
MI3_240823_TY1_0037_6_V02-4_1,2024년 2월중 실업률 및 고용률 추이에 대해 알려주세요,349.7787780761719,902.324462890625,913.3071152589158,653.4644651031379
MI3_240823_TY1_0038_1_V01_1,2. 울산항 화물 물동량 연간 외항화물 및 내외항별 수입과 수출 차트에 대해 알려주세요,354.4337463378906,1509.29052734375,1864.3673241563142,1521.1868166349677
MI3_240823_TY1_0038_2_V01_1,예금은행 수신에 대한 그래프에 대해 알려주세요,340.09210205078125,500.3110046386719,1883.8586590262123,1906.5471852940184
MI3_240823_TY1_0038_3_V01_1,나. 비은행금융기관 수신에 대해 알려주세요,350.5123596191406,2103.8125,1851.7849091191188,958.5112308200061
MI3_240823_TY1_0038_4_V01_1,"차입주체별 예금은행대출(차입주체별) (억원, %)에 대해 알려주세요",348.56573486328125,2025.3060302734375,1867.4160435157014,854.3282045829033
MI3_240823_TY1_0038_5_V01_1,자금별 금융자금에 대한 차트(표)에 대해 알려주세요.,356.320556640625,1259.8408203125,1873.915504910661,1535.261321236142
MI3_240823_TY1_0038_6_V01_1,중소기업대출금과 예금은행 여신에 대한 데이터 시각화 차트에 대해 알려주세요,349.84771728515625,1761.3175048828125,1884.8629239621168,1061.5423151139487
MI3_240823_TY1_0039_1_V01_1,I. 실물동향 1. 제조업 활동 제조업 생산·출하·재고에 대해 알려주세요,391.5981750488281,1481.4058837890625,1789.0591150937187,937.8288879420348
MI3_240823_TY1_0039_2_V01_1,2014년 소매판매와 관련된 소비 지표의 차트에 대해 알려주세요,351.71258544921875,1803.1553955078125,1894.7255030465342,1180.9873036926072
MI3_240823_TY1_0039_3_V01_1,설비투자 관련 주요지표에 대해 알려주세요,348.01300048828125,1489.0567626953125,1887.2182428666374,908.6381613576841
MI3_240823_TY1_0039_4_V01_1,건설투자와 관련된 주요지표의 표에 대해 알려주세요,356.02264404296875,1497.0028076171875,1875.3386044244053,1089.6602346861825
MI3_240823_TY1_0039_5_V01_1,고용 관련 주요 지표에 대한 표에 대해 알려주세요.,349.02484130859375,1149.99853515625,1892.7751486129632,1390.610869122941
MI3_240823_TY1_0039_6_V01_2,미분양 아파트와 준공후 미분양 아파트에 대한 세로 막대형 차트에 대해 알려주세요.,345.88592529296875,890.1050415039062,1900.7313371193707,778.7591488595517
MI3_240823_TY1_0044_1_V01_2,(온산) 연간 생산 차트에 대해 알려주세요,372.46124267578125,1148.692626953125,1836.5591990377816,626.9943185202147
MI3_240823_TY1_0044_2_V01_1,II. 금융동향 1. 금융기관 수신 예금은행 수신 데이터에 대해 알려주세요.,314.59393310546875,1914.1766357421875,1937.0806234998697,1212.7690327747641
MI3_240823_TY1_0044_3_V01_1,2022년 2023년 연중 8월 1~8월 6월 7월 8월P의 차트(세로 막대형)에 대해 알려주세요,326.2413635253906,1280.2093505859375,1934.4798702616733,916.0772068243087
MI3_240823_TY1_0044_4_V01_1,에 관련된타입의 데이터에 대해 알려주세요.,331.818359375,1864.098876953125,1917.939442509828,1220.1292394029235
MI3_240823_TY1_0044_5_V01_2,이 문서의 제목과 관련된 시각요소 제목 및 차트 타입에 대해 알려주세요.,350.4601745605469,733.0700073242188,1908.8818076790672,518.6486414947262
MI3_240823_TY1_0044_6_V02-1_1,2023.8월중 울산지역 기업대출 동향에 대해 알려주세요,330.1265563964844,1890.1009521484375,934.8807845863465,712.0215060499853
MI3_240823_TY1_0060_1_V01_2,I. 실물동향 제조업 업황BSI에 대해 알려주세요,368.6107177734375,2735.57470703125,1830.137431300685,294.32739733456094
MI3_240823_TY1_0060_2_V01_1,소비관련 주요지표 차트에 대해 알려주세요,342.12139892578125,1953.535888671875,1911.88282792893,1061.2749782800486
MI3_240823_TY1_0060_3_V01_1,설비투자 관련 주요지표1) 표에 대해 알려주세요,334.72265625,1404.1864013671875,1917.128879107868,903.8094441427428
MI3_240823_TY1_0060_4_V01_1,건설투자와 관련된 내용에 대해 알려주세요,382.94171142578125,1409.9683837890625,1809.2124434692541,1082.1979454048185
MI3_240823_TY1_0060_5_V01_1,고용관련 주요지표에 대한 차트 타입에 대해 알려주세요,352.2164001464844,1231.5623779296875,1874.4071963268198,1199.5560873061681
MI3_240823_TY1_0060_6_V01_1,2015.5월중 울산지역 소비자물가와 관련된 차트에 대해 알려주세요,346.2799987792969,1219.132080078125,1888.9783448761175,1208.5075746993716
MI3_240823_TY1_0074_1_V01_1,I. 실물동향 제조업 생산·출하·재고에 대해 알려주세요,370.22650146484375,2698.10107421875,1844.2522418094643,348.9241415588068
MI3_240823_TY1_0074_2_V01_1,소비관련 주요지표에 대해 알려주세요,343.8763732910156,1455.1309814453125,1922.091660633886,1222.2883822758752
MI3_240823_TY1_0074_3_V01_1,2021 연간 및 분기별 시설기계류 수입과 자본재 수입의 추세에 대해 알려주세요,361.8646240234375,1403.8114013671875,1846.5653908336906,937.1008188952815
MI3_240823_TY1_0074_4_V01_2,미분양주택 추이에 대해 알려주세요,353.777099609375,2453.1708984375,1895.7033106205192,559.6277784823241
MI3_240823_TY1_0074_5_V01_1,2021 연간 수출 실적 차트에 대해 알려주세요,363.4031982421875,1230.9803466796875,1858.1474176940935,1593.7829816677481
MI3_240823_TY1_0074_6_V01_2,본문 수출입 차트에 대해 알려주세요,358.6353454589844,2709.174560546875,1878.7614873675022,373.0576374745039
MI3_240823_TY1_0079_1_V01_1,2023년 7월말 금융기관의 예금 및 대출금 현황에 대해 알려주세요,386.5163269042969,1059.9202880859375,1802.266270301027,733.5335021618159
MI3_240823_TY1_0079_2_V01_1,금융기관 여신에 대한 표에 대해 알려주세요,387.73419189453125,1719.660400390625,1802.9739176766918,509.25999063382136
MI3_240823_TY1_0079_3_V01_1,여신합계에 대해 알려주세요,368.1515808105469,1109.5950927734375,1853.2710007918226,579.4456020476229
MI3_240823_TY1_0079_4_V01_1,금융기관 여신에 대한 표에 대해 알려주세요,331.51373291015625,437.53839111328125,1866.9223374879605,2610.045092662409
MI3_240823_TY1_0079_5_V01_1,금융기관 수신 통계에 대한 표에 대해 알려주세요,363.64166259765625,1792.8057861328125,1863.3660550475909,503.3392883600616
MI3_240823_TY1_0079_6_V01_1,신용보증에 대한 표와 관련된 데이터에 대해 알려주세요,316.5907287597656,1063.2784423828125,1958.9117346233625,1020.1692249316566
MI3_240823_TY1_0086_1_V01_2,비제조업 업황BSI에 대해 알려주세요,348.2745361328125,981.197998046875,1899.7215280359796,717.9764937433262
MI3_240823_TY1_0086_2_V01_1,대형소매점 판매액지수 차트(세로 막대형)에 대해 알려주세요,354.4175109863281,1145.356201171875,1891.9584875043063,581.3984509864094
MI3_240823_TY1_0086_3_V01_1,7월 소비자심리지수와 관련된 차트에 대해 알려주세요,339.6230163574219,2223.568603515625,1890.4330115127639,851.4635179800077
MI3_240823_TY1_0086_4_V01_1,6월말 미분양주택 현황에 대한 차트(세로 막대형)에 대해 알려주세요,356.0086975097656,1934.0234375,1873.735498878678,467.5424517460062
MI3_240823_TY1_0086_5_V01_1,고용 관련 지표 차트(세로 막대형)에 대해 알려주세요,346.12762451171875,1091.6796875,1880.5354589392216,1206.3263196331627
MI3_240823_TY1_0086_6_V01_1,4. 수출입 관련 데이터의 표에 대해 알려주세요,338.2084045410156,1640.864990234375,1878.4427921397069,1485.7786555439084
MI3_240823_TY1_0097_1_V01_1,5. 신용보증 본문 표에 대해 알려주세요,361.41558837890625,937.0309448242188,1848.609712170207,1090.5944940244083
MI3_240823_TY1_0097_2_V01_1,비은행예금취급기관 수신(기말잔액 기준 증감액) 표에 대해 알려주세요,394.9832458496094,1814.9583740234375,1782.9573999130287,901.6051267832629
MI3_240823_TY1_0097_3_V01_1,광주·전남지역 예금은행 여신 (기말잔액 기준 증감액) 표에 대해 알려주세요,396.7330017089844,1791.1146240234375,1781.183272712253,1281.2540045270762
MI3_240823_TY1_0097_4_V01_1,비은행예금취급기관 여신에 대한 표에 대해 알려주세요,395.6120300292969,1552.8653564453125,1807.2229987249889,1190.150200124924
MI3_240823_TY1_0097_5_V01_1,중소기업대출에 대한 표에 대해 알려주세요.,362.5238037109375,1421.6290283203125,1855.219460511726,705.2187565783855
MI3_240823_TY1_0097_6_V01_1,4. 자금사정 본문에 포함된 그래프 및 표에 대해 알려주세요.,429.5487060546875,1475.6591796875,1736.5308326849474,1249.5658997363878
MI3_240823_TY1_0100_1_V01_1,Ⅱ. 실물동향광주지역 제조업 생산·출하·재고 지수 표에 대해 알려주세요,364.2402648925781,1851.7684326171875,1832.0829761432958,1271.2899942335775
MI3_240823_TY1_0100_2_V01_1,전남지역 제조업 생산·출하·재고 지수와 관련된 표에 대해 알려주세요,370.30963134765625,1642.79541015625,1823.2781354966446,1476.1803659608793
MI3_240823_TY1_0100_3_V01_1,광주·전남지역 소비 관련 지표에 대한 표에 대해 알려주세요,303.6747131347656,2057.41796875,1944.8660611197813,1091.5347192621482
MI3_240823_TY1_0100_4_V01_1,2021년 소비자심리지수와 관련된 차트(세로 막대형)에 대해 알려주세요,409.16064453125,883.0704345703125,1771.428928467862,540.6547986200716
MI3_240823_TY1_0100_5_V01_1,2020년 12월중 광주지역 건축착공면적과 건축허가면적의 통계에 대해 알려주세요,280.76055908203125,1827.7823486328125,1993.737553539821,1347.809031663971
MI3_240823_TY1_0100_6_V01_1,대외거래 광주지역 일평균 수출액 백만달러에 대해 알려주세요,441.82928466796875,880.2913208007812,1701.0964995433183,330.7404531902033
MI3_240823_TY1_0105_1_V01_1,광주·전남지역 예금은행 수신에 대한 표에 대해 알려주세요,397.03759765625,1639.553955078125,1815.231250633674,1232.912872049798
MI3_240823_TY1_0105_2_V01_1,2021년 5월중 광주·전남지역 비은행예금취급기관 수신에 대해 알려주세요,405.7227783203125,1784.578125,1776.897661633489,929.5116293563241
MI3_240823_TY1_0105_3_V01_1,제목에 대한 시각요소 제목과 관련된 차트 타입에 대해 알려주세요.,374.3912353515625,1789.519775390625,1819.5260119177954,1275.0884899446332
MI3_240823_TY1_0105_4_V01_1,비은행예금취급기관 여신에 대한 표에 대해 알려주세요,416.40936279296875,1641.86279296875,1765.6821018523735,1176.1721286473066
MI3_240823_TY1_0105_5_V01_1,중소기업대출금에 대한 표에 대해 알려주세요,363.6121520996094,1504.8323974609375,1849.1272847627974,846.0389283386909
MI3_240823_TY1_0105_6_V01_1,4. 자금사정 본문 표에 대해 알려주세요,406.29351806640625,1302.89599609375,1766.579975848595,1247.0830888298224
MI3_240823_TY1_0115_1_V01_1,Ⅱ. 실물동향광주지역 제조업 생산·출하·재고 지수에 대해 알려주세요,304.87457275390625,1813.918212890625,1943.4278383817907,1348.1322574625874
MI3_240823_TY1_0115_2_V01_1,전남지역 제조업 생산·출하·재고 지수 표에 대해 알려주세요,345.6475830078125,1557.2569580078125,1932.0212881742598,1351.0775264960812
MI3_240823_TY1_0115_3_V01_1,광주·전남지역 소비관련지표의 연간 데이터 및 판매액에 대해 알려주세요,309.0831604003906,1835.43603515625,1998.4027900131555,1213.9633850170676
MI3_240823_TY1_0115_4_V01_2,광주·전남지역 기계류 수입액 및 제조업 설비투자와 관련된 표에 대해 알려주세요.,344.3100280761719,2428.8427734375,1920.4971645992182,708.169763485352
MI3_240823_TY1_0115_5_V01_1,건설투자 관련 지표와 표에 대해 알려주세요,289.51300048828125,1812.0745849609375,1973.5763325189312,1352.7126731774565
MI3_240823_TY1_0115_6_V01_2,광주지역 주요 품목별 수출입 차트(가로 막대형)에 대해 알려주세요,437.6285095214844,934.580322265625,1699.5034572051295,362.08243598920063
MI3_240823_TY1_0120_1_V01_1,Ⅱ. 실물동향광주지역 제조업 생산·출하·재고 지수 차트에 대해 알려주세요,294.84771728515625,1819.9150390625,1962.3937464172004,1342.524126135745
MI3_240823_TY1_0120_2_V01_1,전남지역 제조업 생산·출하·재고 지수 차트에 대해 알려주세요,334.57977294921875,1469.1212158203125,1965.5665977564688,1345.2948628978586
MI3_240823_TY1_0120_3_V01_1,광주·전남지역 소비관련지표에 대해 알려주세요,309.54229736328125,1832.7581787109375,1995.8713056560007,1217.6345047450015
MI3_240823_TY1_0120_4_V01_1,2023년 7월중 광주전남지역 소비자심리지수와 관련된 표에 대해 알려주세요,346.72113037109375,779.07470703125,1922.0942309262475,553.6390933326625
MI3_240823_TY1_0120_5_V01_1,건설투자 관련 지표에 대해 알려주세요,288.3433837890625,1823.9520263671875,1975.361219130894,1351.0825862511185
MI3_240823_TY1_0120_6_V01_2,광주지역 주요 품목별 수출입 본문 차트에 대해 알려주세요,436.9949645996094,934.1301879882812,1700.6304752727212,362.68378958179665
MI3_240823_TY1_0129_1_V01_1,2024년 4월중 광주전남지역 소비자심리지수와 관련된 차트(꺾은선형)에 대해 알려주세요,346.7498474121094,719.0003051757812,1919.7725507304622,622.708746542616
MI3_240823_TY1_0129_2_V02-4_2,"기계류 수입(좌축) 및 설비투자BSI(실적, 우축) 차트에 대해 알려주세요",1297.483642578125,1531.3223876953125,883.8192776666938,584.4885407609637
MI3_240823_TY1_0129_3_V01_1,전라남도 지역 건축 착공면적 및 건축 허가면적 차트(세로 막대형)에 대해 알려주세요,324.347900390625,1199.6494140625,1950.6507639825827,1259.0193298778063
MI3_240823_TY1_0129_4_V02-8_2,광주지역 수입 본문 차트(혼합형)에 대해 알려주세요,1289.3966064453125,2510.28857421875,873.9337318339171,588.9072971627583
MI3_240823_TY1_0129_5_V02-8_1,전남지역 월별 일평균 수출액에 대해 알려주세요,333.46673583984375,2514.1748046875,887.275437266133,584.6469922168172
MI3_240823_TY1_0129_6_V01_1,광주지역 소비자물가 상승률에 대해 알려주세요,311.0152282714844,1089.99658203125,1969.582688325353,1816.7783443868877
MI3_240823_TY1_0154_1_V02-4_1,이 차트(영역형)에 대해 알려주세요,1312.22119140625,1668.3919677734375,834.2332136234104,598.893197431577
MI3_240823_TY1_0154_2_V02-4_1,잠재 및 실제 GDP성장률 꺾은선형 차트에 대해 알려주세요,1283.3218994140625,1227.528076171875,919.0095222930208,857.9160410689714
MI3_240823_TY1_0154_3_V01_2,금융위기 이후 주요 경기부양정책과 관련된 데이터에 대해 알려주세요.,1245.380859375,2412.149169921875,900.7372464111371,667.2300621495566
MI3_240823_TY1_0154_4_V02-5_1,향후 의료비 중 초과비용증가의 기여율 및 인구노령화 효과에 대해 알려주세요,655.3318481445312,822.66845703125,1152.0205290993233,723.193729844189
MI3_240823_TY1_0154_5_V02-1_2,T01 T02 차트(세로 막대형) V02-1에 대해 알려주세요,394.2257385253906,1302.5628662109375,603.1797403010319,595.9179071074892
MI3_240823_TY1_0154_6_V02-6_1,정부부채 및 이자비용 전망에 대한 차트(분산형)에 대해 알려주세요,523.2802734375,550.877197265625,980.101056732638,803.4169648141873
MI3_240823_TY1_0163_1_V02-1_3,지역별 신용카드 소비유입 증가율에 대해 알려주세요,345.78875732421875,957.3563842773438,929.9557448051698,693.3676322470823
MI3_240823_TY1_0163_2_V01_1,신용카드 데이터 개요 업종분류 차트에 대해 알려주세요,377.06787109375,1696.6680908203125,1806.5617297047895,1397.4713983707995
MI3_240823_TY1_0163_3_V02-1_1,대전충남지역 신용카드 소비의 전국대비 비중 세로 막대형에 대해 알려주세요,325.2356872558594,2460.668701171875,924.5473093518414,641.4470751253003
MI3_240823_TY1_0163_4_V02-5_1,코로나19 이후 대전충남지역 소비행태 변화의 특징에 대해 알려주세요,328.77972412109375,2266.664794921875,930.2747299191432,799.4596822374318
MI3_240823_TY1_0163_5_V02-1_1,대전충남지역 소비에 대한 차트(세로 막대형)에 대해 알려주세요,1281.3594970703125,1448.4071044921875,927.5529004637553,729.0624515899192
MI3_240823_TY1_0163_6_V02-4_1,T01 T02 T03 꺾은선형에 대해 알려주세요,325.1009521484375,2314.626953125,933.9453897514402,765.227019439179
MI3_240823_TY1_0182_1_V01_1,한국은행 예금 및 대출금에 대한 차트(세로 막대형)에 대해 알려주세요,364.0805969238281,1040.7784423828125,1888.4879047533952,477.9974080862117
MI3_240823_TY1_0182_2_V01_2,고용 동향 차트에 대해 알려주세요,386.79095458984375,2623.45263671875,1818.1010387061895,451.38888334494436
MI3_240823_TY1_0182_3_V02-4_1,경기종합지수 차트(꺾은선형)에 대해 알려주세요,588.7584228515625,2023.7177734375,1365.3100216516345,735.3787326090683
MI3_240823_TY1_0182_4_V01_1,물가 및 부동산가격 관련 데이터의 표에 대해 알려주세요,357.3744812011719,2314.42041015625,1878.2375513409806,733.1344578800295
MI3_240823_TY1_0182_5_V01_2,경상수지 관련 차트에 대해 알려주세요,357.1286926269531,1594.511474609375,1888.2451978855972,571.1916632907453
MI3_240823_TY1_0182_6_V01_1,제목에 관련된 데이터 시각화에서 제공하는 표에 대해 알려주세요.,351.1064758300781,1357.739501953125,1890.041876783751,659.4938416446538
MI3_240823_TY1_0187_1_V01_1,설비투자 관련지표에 대한 차트(세로 막대형)에 대해 알려주세요,360.0534362792969,1773.226806640625,1848.182214209161,742.5312287559651
MI3_240823_TY1_0187_2_V01_1,수입 실적에 대해 알려주세요,346.0428466796875,1376.5880126953125,1885.1941396828233,1612.6477575040435
MI3_240823_TY1_0187_3_V01_1,온산국가산업단지 동향에 대한 연간 차트(세로 막대형)에 대해 알려주세요,386.2315979003906,1579.721923828125,1831.0334902496077,1299.9081209126578
MI3_240823_TY1_0187_4_V01_1,제목에 대한 본문에 포함된 금융자금 및 대출 관련 내용의 표에 대해 알려주세요,350.51568603515625,1925.1658935546875,1885.510131567028,1061.1564777593856
MI3_240823_TY1_0187_5_V01_1,신용보증 실적에 대해 알려주세요.,342.52166748046875,1765.6781005859375,1897.8186178953297,988.1842825306461
MI3_240823_TY1_0187_6_V01_1,T01 T02 T03 표에 대해 알려주세요,371.54559326171875,2658.463134765625,1838.3360815588426,441.79478734978443
MI3_240823_TY1_0188_1_V01_1,고용 관련 통계 데이터에 대한 표에 대해 알려주세요.,356.7195739746094,1782.6953125,1874.9591803154874,1081.7237066098942
MI3_240823_TY1_0188_2_V01_1,주요 국가별 수출실적 차트에 대해 알려주세요,392.1358947753906,832.2003173828125,1796.7560038502854,882.9220394027694
MI3_240823_TY1_0188_3_V01_1,금융자금 및 자금별 대출 표에 대해 알려주세요,340.140625,2008.1748046875,1889.2021636832792,1065.04910280393
MI3_240823_TY1_0188_4_V01_1,신용보증 실적에 대한 표에 대해 알려주세요,342.6499938964844,1765.891357421875,1897.5195142283899,987.2579607770978
MI3_240823_TY1_0188_5_V01_2,한국은행 예금 및 대출금 표에 대해 알려주세요,363.1060791015625,2591.441162109375,1882.059503998786,448.77018493847146
MI3_240823_TY1_0188_6_V02-4_1,T01 T02 T03 꺾은선형에 대해 알려주세요,591.27880859375,1966.80224609375,1352.3170292758255,732.4254094949471
MI3_240823_TY1_0190_1_V01_1,설비투자 관련 지표의 표에 대해 알려주세요,350.82696533203125,1672.3656005859375,1873.3001358582421,748.0271276401662
MI3_240823_TY1_0190_2_V01_1,온산국가산업단지의 2010년과 2011년 연간 생산 및 수출에 대해 알려주세요,382.38037109375,1581.4932861328125,1838.5608564818297,1298.2312046752688
MI3_240823_TY1_0190_3_V01_1,Ⅲ. 금융동향예금은행수신 (말잔기준 증감액) 표에 대해 알려주세요,327.55511474609375,1916.6258544921875,1894.4298625249653,1200.2696559722265
MI3_240823_TY1_0190_4_V01_1,에 관련된타입의 표에 대해 알려주세요.,311.560546875,1831.1798095703125,1941.2268101797652,1303.806019686228
MI3_240823_TY1_0190_5_V01_2,한국은행 예금 및 대출금에 대해 알려주세요,360.76727294921875,1080.9869384765625,1893.007442110857,486.9319164781287
MI3_240823_TY1_0190_6_V02-4_1,경기종합지수 꺾은선형에 대해 알려주세요,581.4759521484375,1937.16650390625,1374.638579855671,709.7051923611373
MI3_240823_TY1_0205_1_V02-4_1,분기별 광공업생산 추이 및 전망 차트(꺾은선형)에 대해 알려주세요,1310.913818359375,1249.9710693359375,857.6583526045105,544.2088662879958
MI3_240823_TY1_0205_2_V02-4_1,소비는 친환경자동차 보조금 지원제도 재시행에 따른 소비지출 차트(꺾은선형)에 대해 알려주세요,400.2532043457031,2301.9921875,1759.011515271246,650.3856054501937
MI3_240823_TY1_0205_3_V02-8_1,명목임금 증감율 추이와 관련된 혼합형 차트에 대해 알려주세요,373.9425048828125,2552.31689453125,1754.4549381679576,518.0673045235675
MI3_240823_TY1_0205_4_V02-8_1,회계연도별 경상수지 추이에 대해 알려주세요,407.0751647949219,1175.50537109375,1747.5078158505971,694.1649911488033
MI3_240823_TY1_0205_5_V02-4_1,금융기관 대출과 국내은행 대출 증감추이 꺾은선형 차트에 대해 알려주세요,409.95562744140625,2041.1295166015625,1770.1827288891247,489.33190236437565
MI3_240823_TY1_0210_1_V02-1_2,강원지역 금융포용의 특징에 대해 알려주세요,342.9859619140625,1225.12744140625,879.2942652848732,528.8910156449999
MI3_240823_TY1_0210_2_V02-1_1,우리나라의 금융접근성 측정 지표에 대해 알려주세요,354.4794616699219,486.9003601074219,914.7969858865231,739.3398861777076
MI3_240823_TY1_0210_3_V02-4_1,"제목에 관련된 격차(A-B, 우축) 강원(차트(꺾은선형)에 대해 알려주세요",1293.318603515625,2546.02001953125,875.9224785840067,541.7891125988635
MI3_240823_TY1_0210_4_V02-1_3,시도별 금융기관 여수신지수(2021년) 세로 막대형 차트에 대해 알려주세요,1292.849365234375,1240.6153564453125,900.6775361201579,575.9838448806137
MI3_240823_TY1_0210_5_V02-1_1,제목을 바탕으로 강원도 내 금융기관의 연도별 지수 변화에 대해 알려주세요.,1290.856201171875,2500.844482421875,890.8486599140658,592.6162963467929
MI3_240823_TY1_0210_6_V02-1_1,제목에 포함된 내용을 바탕으로 강원도와 전국 평균의 가계대출 비율을 나타내는 차트(세로 막대형)에 대해 알려주세요,1287.107177734375,1687.9495849609375,913.1742115269751,668.2250079584596
MI3_240823_TY1_0231_1_V02-1_1,거주자 기준과 가맹점 기준 비교 차트에 대해 알려주세요,1280.0516357421875,2346.919189453125,903.5889916147439,690.2679676130462
MI3_240823_TY1_0231_2_V02-1_1,서울 지역 거주자의 역외소비 비율과 관련된 차트에 대해 알려주세요,1298.167724609375,1046.84912109375,900.8268097049797,590.490069536766
MI3_240823_TY1_0231_3_V02-1_2,업종별 소비유입률에 대한 세로 막대형 차트에 대해 알려주세요,488.023193359375,2454.06640625,1527.9265766209933,605.651844446035
MI3_240823_TY1_0231_4_V02-1_2,2020년 2~4월 동안 관광 관련 업종의 결제대금 증감률에 대해 알려주세요,1284.1097412109375,2429.2373046875,932.3990417506653,682.8025522946359
MI3_240823_TY1_0231_5_V01_1,"(%, %p) 지역 2~4월(A) 2019. 2~4월(B) 2020. 증감률 (B-A) 표에 대해 알려주세요",345.558837890625,1199.12890625,934.7480163559179,623.1960112850855
MI3_240823_TY1_0231_6_V01_2,코로나19 확산 전후 소비유출입 변화 차트(가로 막대형)에 대해 알려주세요,1259.1297607421875,568.64794921875,910.1367435874721,458.9345959338005
MI3_240823_TY1_0251_1_V01_1,III. Identrus 인증서비스의 현황국제 인증서비스별 비교 표에 대해 알려주세요,392.0256042480469,1652.6947021484375,1775.859275264227,643.9800268189817
MI3_240823_TY1_0251_2_V01_1,Identrus와 국내 인증체계 비교 다이어그램에 대해 알려주세요,375.4128112792969,1558.1248779296875,1823.9211159519639,664.1723010366138
MI3_240823_TY1_0251_5_V01_1,기업간 전자상거래 발전추이 표에 대해 알려주세요,373.44219970703125,2060.7705078125,1813.838265735427,905.8744587253558
MI3_240823_TY1_0280_1_V01_1,2013 2014 연간 2/4 3/4 4/4 1/4 2/4 8월 기계류 수입 및 설비투자 관련 지표에 대해 알려주세요,395.0567932128906,1489.2674560546875,1780.0881308247865,854.3168910863969
MI3_240823_TY1_0280_2_V02-4_1,서비스업 업황에 대해 알려주세요,469.13800048828125,1682.3773193359375,1629.8955256538213,925.077184997555
MI3_240823_TY1_0280_3_V02-8_1,대구경북지역 수출입에 대해 알려주세요,472.84173583984375,1105.611572265625,1630.565313243405,1149.2335159286613
MI3_240823_TY1_0280_4_V02-4_1,Ⅱ. 2014~15년 경제전망 2 설비투자 차트(꺾은선형)에 대해 알려주세요,403.0309753417969,1704.20703125,777.9191585369048,661.0500323386583
MI3_240823_TY1_0280_5_V02-8_2,비주거용 건물 착공면적 혼합형에 대해 알려주세요,1311.0296630859375,1508.8465576171875,846.8973058487247,742.0110864475965
MI3_240823_TY1_0280_6_V02-8_2,GDP 전망경로 혼합형에 대해 알려주세요,1337.788818359375,1655.0384521484375,770.0274748382856,635.3496714699832
MI3_240823_TY1_0313_1_V02-4_2,부산 제조업 업황BSI 및 생산에 대해 알려주세요,350.970947265625,547.7279663085938,882.9302543024884,624.3527302378529
MI3_240823_TY1_0313_2_V02-4_2,T01 T02 T03 차트(꺾은선형)에 대해 알려주세요,342.3875427246094,2462.7822265625,893.155927491824,587.0919806864098
MI3_240823_TY1_0313_3_V01_1,부산지역 건설 관련 지표에 대해 알려주세요,389.9989013671875,1143.6632080078125,1782.846785967655,1034.3088194389143
MI3_240823_TY1_0313_4_V01_1,부산지역 고용 관련 지표에 대해 알려주세요,383.01678466796875,512.2361450195312,1796.618682975525,1746.361067116032
MI3_240823_TY1_0313_5_V01_1,2023년 3월중 주택 매매가격 및 전세가격 변동에 대해 알려주세요,403.6385192871094,939.8346557617188,1765.1962681855548,904.0755882528973
MI3_240823_TY1_0313_6_V02-8_2,기업대출 증감률 차트(혼합형)에 대해 알려주세요,324.4410705566406,2344.224365234375,946.2838101056637,749.8509059603124
MI3_240823_TY1_0316_1_V01_1,부산항 컨테이너 처리실적 연간에 대해 알려주세요.,432.50885009765625,1181.2640380859375,1706.8435938953455,946.6687910573864
MI3_240823_TY1_0316_2_V01_1,설비투자 관련 자료에서 자본재 수입과 제조업 설비투자에 대한 차트에 대해 알려주세요,368.57666015625,1062.341064453125,1830.5586141175706,1027.0883758776029
MI3_240823_TY1_0316_3_V01_1,부산지역 수출입 통계 차트에 대해 알려주세요,374.7367858886719,1151.4600830078125,1806.7158245815867,1846.0759201277053
MI3_240823_TY1_0316_4_V02-4_2,부산지역 품목별 소비자물가 상승률 차트(꺾은선형)에 대해 알려주세요,348.37158203125,2419.124755859375,885.8323830425994,630.5874839643701
MI3_240823_TY1_0316_5_V02-8_1,부산지역 금융기관 가계대출에 대한 차트(혼합형)에 대해 알려주세요,318.7906799316406,2438.014404296875,939.5899174020599,676.4686239057062
MI3_240823_TY1_0316_6_V01_1,부산지역 금융기관 수신에 대해 알려주세요,364.4620361328125,1537.33349609375,1871.1643825746849,583.4123683437829
MI3_240823_TY1_0338_2_V02-4_1,중소기업대출 신용보증 어음부도율 꺾은선형에 대해 알려주세요,435.63116455078125,2297.22998046875,1681.3723257798538,825.7324812771622
MI3_240823_TY1_0338_3_V02-4_1,제조업 생산 꺾은선형에 대해 알려주세요,441.8235168457031,1492.3428955078125,1679.6733717136478,609.163480870648
MI3_240823_TY1_0338_4_V02-4_1,충남 수출입 차트(꺾은선형)에 대해 알려주세요,437.3367004394531,2511.6806640625,1617.0872330944371,538.8334858287375
MI3_240823_TY1_0338_5_V01_2,한국은행 예수금 및 대출금에 대해 알려주세요,371.2854919433594,2380.23388671875,1830.3452580310593,478.76296145603817
MI3_240823_TY1_0338_6_V01_1,금융기관 여수신 표에 대해 알려주세요,360.3927001953125,1728.5147705078125,1849.3580935324078,970.2363584127387
MI3_240823_TY1_0374_1_V02-4_1,I 실물동향 1 제조업 활동 꺾은선형 차트에 대해 알려주세요,350.9581604003906,2556.869384765625,1831.8617322056277,527.7598027774459
MI3_240823_TY1_0374_2_V01_1,소비 관련 지표와 대형소매점 판매액지수에 대해 알려주세요.,342.78289794921875,1425.89306640625,1926.4848222230876,611.3411213954863
MI3_240823_TY1_0374_3_V01_1,2015.10월중 경기도 내수용 자본재 수입 및 산업기계 수입에 대한 차트와 범례에 대해 알려주세요,338.89508056640625,1576.577392578125,1947.8619469292398,488.15232874552856
MI3_240823_TY1_0374_4_V01_1,나. 건설투자 관련 데이터에 대해 알려주세요,356.6151428222656,1432.6619873046875,1866.468756365496,744.0353638125067
MI3_240823_TY1_0374_5_V02-8_1,에 포함된 제목과 관련하여 혼합형 차트에 대해 알려주세요,383.73504638671875,2222.632080078125,1785.4645623507308,851.7741790264141
MI3_240823_TY1_0374_6_V02-8_1,고용률 변동에 대해 알려주세요,388.7354736328125,2092.874755859375,1789.7625656603232,955.7727223024219
MI3_240823_TY1_0390_1_V02-1_1,경기지역 금융기관 여신 차트(세로 막대형)에 대해 알려주세요,1281.5784912109375,2355.788818359375,892.088863843936,610.7378922271544
MI3_240823_TY1_0390_2_V02-4_1,I 실물동향 1 제조업 활동 경기지역 제조업 생산 꺾은선형에 대해 알려주세요,1303.3411865234375,1582.2237548828125,860.8846895714738,501.7655373634191
MI3_240823_TY1_0390_3_V02-8_1,"제목에 경기지역 생산, 출하 및 재고 혼합형 차트에 대해 알려주세요",473.1781005859375,2388.983642578125,1582.6313620100475,667.3987402831146
MI3_240823_TY1_0390_4_V02-8_1,경기지역 소비관련 주요지표에 대해 알려주세요.,487.9166564941406,2288.00830078125,1588.4348448958278,765.3284030979394
MI3_240823_TY1_0390_5_V02-8_1,산업기계 수입액 및 내수용 자본재 수입액 차트(혼합형)에 대해 알려주세요,544.9857177734375,2233.50341796875,1471.9902999067162,807.1728463245689
MI3_240823_TY1_0390_6_V01_1,나. 건설투자 관련 지표에 대해 알려주세요,406.8506774902344,1787.5252685546875,1759.2736171707486,591.6906510073183
MI3_240823_TY1_0390_7_V02-8_1,4 대외거래에 대한 혼합형 차트에 대해 알려주세요,482.11859130859375,2267.267333984375,1582.4197710024102,778.9204155397479
MI3_240823_TY1_0390_8_V01_1,소비자물가와 관련된 표에 대해 알려주세요,347.8463439941406,2238.50146484375,1874.066675131399,826.509818427719
MI3_240823_TY1_0390_9_V02-4_1,주택가격 경기지역에 대한 꺾은선형 차트에 대해 알려주세요,526.3255615234375,1346.377197265625,1517.9406990476186,856.4024579719437
MI3_240823_TY1_0398_1_V01_1,제조업 업종별 생산 차트에 대해 알려주세요,364.8399658203125,1477.4439697265625,1850.7941160280334,950.8865033903046
MI3_240823_TY1_0398_2_V02-8_1,"생산, 출하 및 재고율에 대해 알려주세요",368.8692321777344,2508.111572265625,1806.1170886307186,584.6625294659849
MI3_240823_TY1_0398_3_V01_1,자동차 신규등록대수와 대형소매점 판매 관련 데이터에 대해 알려주세요.,381.63629150390625,1412.9307861328125,1837.0831765368846,543.8498600429047
MI3_240823_TY1_0398_4_V02-8_1,투자 및 설비에 대한 본문과 관련된 그래프에 대해 알려주세요,383.6758117675781,2223.171875,1795.0447260548547,860.1721849720236
MI3_240823_TY1_0398_5_V01_1,건설투자 관련 지표에 대해 알려주세요,353.8016662597656,1686.552978515625,1884.4222755698272,625.4337872486441
MI3_240823_TY1_0398_6_V02-8_1,에 대한 V 혼합형에 대해 알려주세요,378.2569274902344,2151.930908203125,1806.9718620618924,921.4977807012565
MI3_240823_TY1_0398_7_V02-8_1,"(전년동월대비, 천명) 취업자수 변동에 대해 알려주세요",388.2945861816406,2329.5283203125,1794.5478534901808,761.2305699691573
MI3_240823_TY1_0398_8_V01_1,소비자물가 차트(혼합형)에 대해 알려주세요,344.8380432128906,1423.904052734375,1887.8422586838594,858.0440338959341
MI3_240823_TY1_0398_9_V01_1,주택가격에 대한 매매가격과 전세가격 변화 추이를 나타내는 표에 대해 알려주세요,369.4554443359375,1316.6453857421875,1830.4520231003623,789.3843590269254
MI3_240823_TY1_0435_1_V01_1,농수축산물 출하관련 지표 추이 차트(세로 막대형)에 대해 알려주세요,369.448974609375,1778.118896484375,1834.6803911340394,1272.6700671483409
MI3_240823_TY1_0435_2_V01_1,소비관련 지표 추이 차트에 대해 알려주세요,348.2676086425781,1787.908935546875,1867.8326552110798,1301.2442784343652
MI3_240823_TY1_0435_3_V01_1,건설투자 관련 지표 추이 차트(세로 막대형)에 대해 알려주세요,334.8410339355469,1759.4197998046875,1887.409296038899,1365.5237329899282
MI3_240823_TY1_0435_4_V01_1,관광관련 지표 추이 표에 대해 알려주세요,327.327880859375,1730.4193115234375,1901.958810001729,1422.0205937140531
MI3_240823_TY1_0435_5_V01_1,제목에 대한 차트(세로 막대형) 데이터에 대해 알려주세요,339.72967529296875,1628.2471923828125,1874.352836155928,1502.5888284212529
MI3_240823_TY1_0435_6_V01_1,소비자물가 추이 (%) 차트에 대해 알려주세요,334.79864501953125,1469.0750732421875,1873.8526814448082,1683.0620350724425
MI3_240823_TY1_0437_1_V01_1,I. 실물경제동향 1. 생산 제조업 생산활동 지표 추이에 대해 알려주세요,392.9543151855469,2129.86376953125,1782.8146172515897,898.4764192738495
MI3_240823_TY1_0437_2_V01_1,농수축산물 출하 관련 지표 추이에 대해 알려주세요,367.8411865234375,1785.381103515625,1836.0274225408482,1273.2668701283628
MI3_240823_TY1_0437_3_V01_1,소비 관련 지표 추이 차트에 대해 알려주세요,337.007568359375,1810.79833984375,1879.4812962998521,1307.1574633253524
MI3_240823_TY1_0437_4_V01_1,3. 건설투자 관련 지표 추이에 대해 알려주세요,321.06256103515625,1745.78662109375,1915.2889644258137,1398.7942361266166
MI3_240823_TY1_0437_5_V01_1,관광 관련 지표 추이 표에 대해 알려주세요,330.15826416015625,1689.120849609375,1897.0688167304043,1441.8071585979699
MI3_240823_TY1_0437_6_V01_1,고용 추이 차트에 대해 알려주세요,335.06158447265625,1640.1939697265625,1883.237116221937,1499.1460518391896
MI3_240823_TY1_0440_1_V01_1,자금사정에 대해 알려주세요,439.810302734375,1942.6361083984375,1683.2014130211512,1063.0220698317555
MI3_240823_TY1_0440_2_V01_1,Ⅱ. 실물동향제조업 생산·출하·재고동향 차트에 대해 알려주세요,422.7886047363281,1744.9991455078125,1736.8743352811277,1300.3933789562984
MI3_240823_TY1_0440_3_V01_1,산업단지 조업동향 차트에 대해 알려주세요,426.3818359375,1609.0528564453125,1728.6428993948734,1221.2636438838156
MI3_240823_TY1_0440_4_V01_2,건축 허가 면적의 차트에 대해 알려주세요,382.39410400390625,1185.1104736328125,1805.6706533498095,767.4622676694465
MI3_240823_TY1_0440_5_V01_1,대외거래 본문 테이블에 대해 알려주세요,468.1555480957031,1498.6971435546875,1654.9753306065431,1423.657740927994
MI3_240823_TY1_0440_6_V01_1,이 문서에서 고용동향과 관련된 통계 및 그래픽 요소에 대해 알려주세요,382.39276123046875,1587.4100341796875,1817.2994198984013,1391.8825074424567
MI3_240823_TY1_0474_1_V01_1,2003년 생산지수(원지수) 차트(세로 막대형)에 대해 알려주세요,302.4080810546875,1520.7408447265625,1941.8287992950397,1658.7838506049397
MI3_240823_TY1_0474_2_V01_1,제목에 따른 연간 생산지수 및 출하지수 원지수 차트에 대해 알려주세요,282.8770446777344,2025.6923828125,2012.9857319752625,1137.7398541043283
MI3_240823_TY1_0474_3_V01_1,에 대한타입의 데이터에 대해 알려주세요,281.46954345703125,1660.537353515625,1988.8419022061078,1533.3559612221034
MI3_240823_TY1_0474_4_V01_1,제목에 해당하는 자료의 시각적 표현을 통해 보여지는 판매 지수 및 신규 등록 대수에 대해 알려주세요.,297.8094177246094,1800.9395751953125,1960.7447389849729,1358.5232194185617
MI3_240823_TY1_0474_5_V01_1,T01 T02 V01에 대해 알려주세요,266.3741760253906,1420.288330078125,2000.886173454068,1803.0590601072972
MI3_240823_TY1_0474_6_V01_1,T01 T02 V01에 대해 알려주세요,285.1914367675781,1560.83251953125,1987.3713711516145,1614.472726297633
MI3_240823_TY1_0475_1_V01_1,2003년 4월중 생산지수에 대해 알려주세요,308.25909423828125,1468.629150390625,1936.9695759853223,1669.3135486746894
MI3_240823_TY1_0475_2_V01_1,2001 2002 2003 연간 생산지수(원지수)와 관련된 차트에 대해 알려주세요,303.20257568359375,1858.7703857421875,2001.0984248668453,1035.6183903906685
MI3_240823_TY1_0475_3_V01_1,에 대한차트(세로 막대형)에 대해 알려주세요,318.43402099609375,1628.5439453125,1978.4070518645358,1391.3844903099389
MI3_240823_TY1_0475_4_V01_1,의 와 관련된 대형소매점 판매 지수에 대해 알려주세요.,321.95074462890625,1733.2286376953125,1982.3427170770153,1263.8562956406938
MI3_240823_TY1_0475_5_V01_1,연간 4월 1~4월 건설발주액에 대해 알려주세요,308.35736083984375,1415.422607421875,2021.7804561045668,1542.6024144854603
MI3_240823_TY1_0475_6_V01_1,2001 2002 2003 연간에 대해 알려주세요,313.2956848144531,1397.9442138671875,1977.5513841908419,1610.9214241014656
MI3_240823_TY1_0486_1_V01_1,2003년 생산지수에 대해 알려주세요,443.45111083984375,1440.96240234375,1680.6202682956728,1318.5098789000801
MI3_240823_TY1_0486_2_V01_1,제목에 대한 연간 생산지수 및 출하지수 원지수와 재고지수를 포함한 차트에 대해 알려주세요.,445.9796447753906,1736.409423828125,1662.0769554151655,928.7905103810493
MI3_240823_TY1_0486_3_V01_1,에 포함된 차트에 대해 알려주세요,444.3594970703125,1489.9783935546875,1677.5609792497987,1256.7320102102049
MI3_240823_TY1_0486_4_V01_1,2001 2002 2003 연간에 대해 알려주세요,438.107421875,1591.6427001953125,1688.9368117875345,1070.8979451665623
MI3_240823_TY1_0486_5_V01_1,에 대한 연간 건설발주액과 관련된 표에 대해 알려주세요,480.9444274902344,1469.68115234375,1612.81812040444,1252.0452474318784
MI3_240823_TY1_0486_6_V01_1,2001 2002 2003 연간 9월에 대해 알려주세요,445.3962097167969,1342.8743896484375,1671.0855868860733,1366.7272044033296
MI3_240823_TY1_0492_1_V02-1_1,금융기관 수신 차트(세로 막대형)에 대해 알려주세요,544.9990844726562,1750.63671875,1458.008079091018,902.6872009897072
MI3_240823_TY1_0492_2_V02-1_1,2003년 2월중 금융기관 여신에 대해 알려주세요,557.8925170898438,1876.431396484375,1440.817519585791,908.9074884826811
MI3_240823_TY1_0492_3_V02-4_1,어음부도율 차트(꺾은선형)에 대해 알려주세요,580.369140625,1679.8594970703125,1422.415010968998,892.0975567210204
MI3_240823_TY1_0492_4_V01_1,T01 C01 V01에 대해 알려주세요,488.24578857421875,1649.5731201171875,1594.755076190509,1134.737626291606
MI3_240823_TY1_0492_5_V01_1,제목에 포함된 내용과 관련된 데이터 시각화의 총체적인 정보와 비은행기관 및 예금은행의 수신 잔액 및 여신 잔액에 대해 알려주세요.,467.6295166015625,2019.414306640625,1609.0189514476574,760.2346750714099
MI3_240823_TY1_0492_6_V01_1,2003년 2월말 현재 예금은행 대출금잔액에 대한 표에 대해 알려주세요,499.5232238769531,1673.3544921875,1556.5091614221656,1174.0322118966153
MI3_240823_TY1_0512_1_V01_1,금융기관 여수신 동향 표에 대해 알려주세요,424.5962219238281,445.27752685546875,1717.938810733154,954.3987884780188
MI3_240823_TY1_0512_2_V01_1,T01 T02 V01에 대해 알려주세요,409.0669250488281,759.1201782226562,1736.320603605828,1425.79624162717
MI3_240823_TY1_0512_3_V01_1,은행그룹별 예금 관련 정보와 표에 대해 알려주세요,436.8419189453125,441.31414794921875,1695.060704543459,591.2860577921109
MI3_240823_TY1_0512_4_V01_2,은행그룹별 대출금 표에 대해 알려주세요,427.363037109375,2267.8642578125,1683.4086442975465,434.4113905123468
MI3_240823_TY1_0512_5_V02-3_1,금융기관별 수신 비중 차트(원형)에 대해 알려주세요,507.4807434082031,1658.3839111328125,1489.9990368637086,753.4026080418566
MI3_240823_TY1_0512_6_V02-8_1,업종별 신설법인 현황 혼합형에 대해 알려주세요,407.36376953125,702.2406005859375,1726.8771949464217,736.9616965060131
MI3_240823_TY1_0520_1_V02-4_1,총수신과 총여신에 대해 알려주세요.,430.4500732421875,2414.9697265625,1672.300040647353,679.2255647753475
MI3_240823_TY1_0520_2_V01_1,경북동해안지역 예금은행 수신추이와 관련된 데이터의 표에 대해 알려주세요.,357.7965087890625,1958.0865478515625,1852.8344781231308,928.6426016233938
MI3_240823_TY1_0520_3_V01_1,경북동해안지역 비은행기관 수신추이 (기간중 증감액 기준) 차트에 대해 알려주세요,341.5109558105469,2075.77490234375,1887.9296588686077,761.0052592260236
MI3_240823_TY1_0520_4_V01_1,경북동해안지역 예금은행 여신추이에 대해 알려주세요,326.2998352050781,1930.30224609375,1955.7857860572442,1095.3559256993003
MI3_240823_TY1_0520_5_V01_1,2004년 3월말 잔액에 대한 표에 대해 알려주세요,349.66961669921875,1767.9630126953125,1886.5944360171625,1262.400164335951
MI3_240823_TY1_0520_6_V01_1,에 대한 (억원) 표에 대해 알려주세요,371.38720703125,1939.3878173828125,1815.8933944432952,689.0768733903881
MI3_240823_TY1_0524_1_V01_2,2. 한국은행 예금 및 대출금 한국은행 예금 및 대출 추이에 대해 알려주세요,389.0959167480469,1197.7200927734375,1815.8142228704382,478.46738148104475
MI3_240823_TY1_0524_2_V01_1,경북동해안지역 예금은행 수신추이 차트(세로 막대형)에 대해 알려주세요,336.9036865234375,2031.738525390625,1902.8211804979305,926.0085016937553
MI3_240823_TY1_0524_3_V01_1,경북동해안지역 비은행기관 수신추이 (기간중 증감액 기준) 차트에 대해 알려주세요,323.49884033203125,2090.255126953125,1934.9181800511726,787.0463646660102
MI3_240823_TY1_0524_4_V01_1,경북동해안지역 예금은행 여신추이에 대해 알려주세요,348.7069091796875,1837.45947265625,1890.1452826562079,1191.1777092451061
MI3_240823_TY1_0524_5_V01_1,여신 합계 표에 대해 알려주세요,312.88861083984375,1544.692626953125,1972.2237333551707,1504.4138782568068
MI3_240823_TY1_0675_1_V02-1_2,금융기관 여신 증감액 추이 차트(세로 막대형)에 대해 알려주세요,325.4514465332031,2137.987548828125,957.4992893827352,929.5753638998395
MI3_240823_TY1_0675_2_V02-8_1,중소기업 대출 신용보증 자금사정 혼합형 차트에 대해 알려주세요,354.8809509277344,1956.5306396484375,1864.1984245910735,1083.2305736249393
MI3_240823_TY1_0675_3_V02-4_2,Ⅱ. 실물동향 포항지역 수출 및 수입추이 꺾은선형에 대해 알려주세요,1300.5762939453125,2066.186767578125,915.5417893523916,932.5752033215043
MI3_240823_TY1_0675_4_V02-4_1,소비자물가 기타 실물 간이지표 꺾은선형에 대해 알려주세요,353.7436828613281,1061.5662841796875,1875.5431406335354,1010.9714591253132
MI3_240823_TY1_0675_5_V01_1,금융기관 여수신 추이 차트(영역형)에 대해 알려주세요,349.57550048828125,1676.9466552734375,1896.311777580751,628.010567662609
MI3_240823_TY1_0675_6_V01_1,기업 자금조달 에 대해 알려주세요,361.7737121582031,1449.1851806640625,1853.8653618365752,972.8827210842818
MI3_240823_TY1_0700_1_V02-8_2,건설관련 지표 추이에 대해 알려주세요,372.2347106933594,1997.9996337890625,1823.9681828676673,1064.9888567812325
MI3_240823_TY1_0700_2_V02-8_2,소비자물가 상승률 추이와 관련된 차트(혼합형)에 대해 알려주세요,372.083740234375,591.336181640625,1815.2381496070159,938.9751388891326
MI3_240823_TY1_0700_3_V02-3_1,금융기관 수신비중 차트(원형)에 대해 알려주세요,435.7402038574219,2061.376708984375,1687.8429523762245,955.4875270803597
MI3_240823_TY1_0700_4_V02-3_1,금융기관 여신비중에 대해 알려주세요,553.24072265625,621.2238159179688,1453.2152893581308,854.6927358099791
MI3_240823_TY1_0700_5_V02-4_1,어음부도율 추이 꺾은선형 차트에 대해 알려주세요,422.1809387207031,2008.7252197265625,1723.484297615012,952.5967853762637
MI3_240823_TY1_0700_6_V02-8_1,건설기성액 추세를 나타내는 혼합형 차트에 대해 알려주세요,432.4763488769531,2408.971923828125,1679.850866542232,677.0742692864536
MI3_240823_TY1_0700_7_V02-4_2,인력사정 전망 BSI 차트(꺾은선형)에 대해 알려주세요,373.6718444824219,1097.7745361328125,854.7074927823323,708.104324340081
MI3_240823_TY1_0704_1_V01_1,제조업 생산. 출하. 재고지수 추이에 대해 알려주세요,353.3944091796875,475.0206604003906,1849.3514498396353,1535.65153628822
MI3_240823_TY1_0704_2_V01_1,금융기관 수신 2010년 2011년 2월말 잔액 차트에 대해 알려주세요,438.62017822265625,1306.59326171875,1692.633224534305,576.1134633050103
MI3_240823_TY1_0704_3_V01_1,금융기관 여신 표에 대해 알려주세요,449.6499328613281,1200.4881591796875,1675.2313656083581,582.0623370492534
MI3_240823_TY1_0704_4_V01_1,예금은행 총대출 표에 대해 알려주세요,435.19451904296875,2188.263427734375,1676.4880595468671,839.588214516455
MI3_240823_TY1_0704_5_V02-4_1,6. 자금사정어음부도율 추이에 대해 알려주세요,473.0157165527344,1060.5211181640625,1629.3214678305692,835.906905127943
MI3_240823_TY1_0704_6_V02-3_1,금융기관별 수신 잔액 비중 차트(원형)에 대해 알려주세요,542.9481811523438,884.7818603515625,1303.975297789205,827.8885243601114
MI3_240823_TY1_0712_1_V01_1,2011년 12월중 예금은행의 중소기업 대출에 대해 알려주세요,415.41619873046875,725.8246459960938,1734.3073633920017,439.7213335023871
MI3_240823_TY1_0712_2_V01_1,자금사정에 대한 데이터와 관련된 표에 대해 알려주세요.,440.4789123535156,1857.2747802734375,1691.3631246117766,1194.2405347452132
MI3_240823_TY1_0712_3_V01_2,건축허가 면적 천m2에 대해 알려주세요,435.1000671386719,2441.9755859375,1691.9505834508682,593.3749517854685
MI3_240823_TY1_0712_4_V01_1,5. 고 용 본문 표에 대해 알려주세요,381.24371337890625,1586.6005859375,1820.3142024989877,1392.3997419117984
MI3_240823_TY1_0712_5_V01_1,부동산가격 동향1) 표에 대해 알려주세요,391.70269775390625,1877.8311767578125,1779.5742635041943,940.1635039785405
MI3_240823_TY1_0712_6_V01_1,항공수송실적 차트에 대해 알려주세요,397.60479736328125,1398.9937744140625,1765.6967812083674,746.4799259069392
MI3_240823_TY1_0716_1_V02-8_1,2010년부터 2012년까지의 수신 추세에 대해 알려주세요,350.81353759765625,2183.296630859375,900.1528971609213,798.6932774252513
MI3_240823_TY1_0716_2_V02-8_2,제목 지역밀착형 금융기관 여신 추이에 대해 알려주세요,1290.8507080078125,2025.06005859375,910.4124312998155,804.2767786438085
MI3_240823_TY1_0716_3_V02-4_1,인천 지역의 시계열 데이터에 대해 알려주세요,367.3081970214844,2001.2493896484375,1834.4472017408502,1061.927594166985
MI3_240823_TY1_0716_4_V02-8_1,부도법인 및 신설법인수 추이에 대해 알려주세요,363.0985412597656,1698.623779296875,1865.3134451515793,947.66874986999
MI3_240823_TY1_0716_5_V01_1,Ⅱ. 실물동향인천지역 제조업 생산·출하·재고동향에 대해 알려주세요,324.32281494140625,1630.014892578125,1912.6263766757536,1477.2766322546975
MI3_240823_TY1_0716_6_V01_1,인천지역 소비관련 주요지표 차트에 대해 알려주세요,346.679443359375,1803.8228759765625,1886.394491091087,961.91604174279
MI3_240823_TY1_0717_1_V02-8_2,제목에 대한 차트(혼합형) 정보에 대해 알려주세요,348.7787170410156,1999.6763916015625,899.8419022814301,797.266774010263
MI3_240823_TY1_0717_2_V02-8_2,은행 여신 추이에 대해 알려주세요,1291.772216796875,2189.1767578125,907.8264974637622,800.907988608595
MI3_240823_TY1_0717_3_V02-4_1,어음부도율 추이 차트(꺾은선형)에 대해 알려주세요,386.54241943359375,2034.429931640625,1797.696003083726,1018.2462054476026
MI3_240823_TY1_0717_4_V02-8_1,부도법인 및 신설법인수 추이에 대해 알려주세요,374.2264404296875,1642.8878173828125,1837.3163999329656,940.7521134004592
MI3_240823_TY1_0717_5_V01_1,Ⅱ. 실물동향인천지역 제조업 생산·출하·재고동향 표에 대해 알려주세요,346.7666931152344,1448.543701171875,1912.371327720314,1483.283713877785
MI3_240823_TY1_0717_6_V01_1,인천지역 소비관련 주요지표 표에 대해 알려주세요,347.3714294433594,1713.0557861328125,1888.266418863449,960.4500179317965
MI3_240823_TY1_0718_1_V02-8_2,지역밀착형 금융기관 수신 추이에 대해 알려주세요,349.16265869140625,2184.57080078125,903.7034005698257,801.8483238433945
MI3_240823_TY1_0718_2_V02-8_2,지역밀착형 금융기관 여신 추이 혼합형에 대해 알려주세요,1292.6800537109375,2008.162109375,907.3016707693128,803.0623239249667
MI3_240823_TY1_0718_3_V02-4_1,제목과 관련된 내용으로 인천지역의 어음부도율 추세를 보여주는 꺾은선형 차트에 대해 알려주세요,354.0452575683594,2002.3905029296875,1865.047918231783,1071.0103353532304
MI3_240823_TY1_0718_4_V02-8_1,부도법인 및 신설법인수 추이 혼합형에 대해 알려주세요,369.993896484375,1669.066162109375,1847.5709577168172,940.4023594345207
MI3_240823_TY1_0718_5_V01_1,Ⅱ. 실물동향인천지역 제조업 생산·출하·재고동향에 대해 알려주세요,319.64031982421875,1659.361572265625,1914.348512512086,1476.9979778147224
MI3_240823_TY1_0718_6_V01_1,인천지역 소비관련 주요지표에 대해 알려주세요,348.428955078125,1680.535400390625,1886.9551153313605,962.5325528189038
MI3_240823_TY1_0745_1_V02-4_1,주요 업종별 생산 증가율 추이 꺾은선형에 대해 알려주세요,409.2501220703125,2187.576416015625,1735.8881454930313,899.7064035632644
MI3_240823_TY1_0745_2_V02-4_1,기타 기계 및 장비 출하지수 차트(꺾은선형)에 대해 알려주세요,1284.651123046875,2384.627685546875,914.9986926928171,685.1759706188012
MI3_240823_TY1_0745_3_V02-4_2,주택매매가격 상승률 추이 차트(꺾은선형)에 대해 알려주세요,347.80322265625,2366.0078125,899.628258056594,603.6341370154033
MI3_240823_TY1_0745_4_V01_1,총수신 표에 대해 알려주세요,478.6664123535156,1257.5440673828125,1608.4618502995725,571.8559292540818
MI3_240823_TY1_0745_5_V01_1,중소기업 대출금 표에 대해 알려주세요,427.2074890136719,2164.123291015625,1692.0363766528365,887.8034115706337
MI3_240823_TY1_0745_6_V02-4_1,어음부도율 추이 꺾은선형에 대해 알려주세요,470.46112060546875,1243.521484375,1641.7093060847578,839.0482481226562
MI3_240823_TY1_0749_1_V02-8_1,예금은행 수신 추이 혼합형에 대해 알려주세요,1302.786865234375,536.9270629882812,901.025435215836,794.0508795114412
MI3_240823_TY1_0749_2_V02-8_1,비은행 금융기관 여신 추이에 대해 알려주세요,349.29132080078125,1747.1839599609375,906.7265836016948,799.4858656254276
MI3_240823_TY1_0749_3_V02-4_1,어음 부도율 추이 꺾은선형에 대해 알려주세요,373.3528137207031,2002.9140625,1825.3248661647744,1016.4302867662282
MI3_240823_TY1_0749_4_V02-8_1,부도법인 및 신설법인수 추이에 대해 알려주세요,367.59710693359375,1580.471435546875,1857.4146969163758,1033.4844879097407
MI3_240823_TY1_0749_5_V01_1,Ⅱ. 실물동향인천지역 제조업 생산·출하·재고동향 차트에 대해 알려주세요,348.0670166015625,1627.920654296875,1880.6147229302799,1434.5461000506461
MI3_240823_TY1_0749_6_V01_1,에 대한타입 차트에 대해 알려주세요,377.20703125,1896.7725830078125,1822.959881206196,994.5577363677446
MI3_240823_TY1_0758_1_V01_1,소비 추이 표에 대해 알려주세요,354.0195617675781,1055.69482421875,1867.835054567059,855.1173831839004
MI3_240823_TY1_0758_2_V02-1_1,수정증액 응답업체 구성비 차트(세로 막대형)에 대해 알려주세요,1291.1265869140625,2387.373291015625,884.8636449766489,669.9797963167633
MI3_240823_TY1_0758_3_V02-4_1,주택가격 상승률 추이 (전월대비) 차트(꺾은선형)에 대해 알려주세요,343.6991882324219,2478.866455078125,892.2455897796568,601.9255871741099
MI3_240823_TY1_0758_4_V02-4_1,한국은행 예금 및 대출금 잔액 추이에 대해 알려주세요,478.13543701171875,1345.0489501953125,1611.9438815855074,932.7965517788879
MI3_240823_TY1_0758_5_V01_1,금융기관 여신 표에 대해 알려주세요,473.75360107421875,1251.761962890625,1610.416420223745,566.6938038604923
MI3_240823_TY1_0758_6_V01_1,신용보증 현황 표에 대해 알려주세요,428.3791809082031,2184.8486328125,1688.018180388961,856.548263512106
MI3_240823_TY1_0772_1_V02-4_1,주요 업종별 생산 증가율 추이 꺾은선형 차트에 대해 알려주세요,409.81768798828125,2185.8857421875,1733.2957385372356,901.0890243464645
MI3_240823_TY1_0772_2_V02-4_1,기타 기계 및 장비 출하지수 차트(꺾은선형)에 대해 알려주세요,1286.7359619140625,2385.510986328125,910.6243055955928,684.0571901620756
MI3_240823_TY1_0772_3_V01_1,주택가격 상승률 추이에 대해 알려주세요,355.5390319824219,1266.1219482421875,1860.9859519478396,1048.8802988558723
MI3_240823_TY1_0772_4_V01_1,금융기관 수신 표에 대해 알려주세요,474.656005859375,1256.577880859375,1619.5451798298814,571.8743985896838
MI3_240823_TY1_0772_5_V02-8_1,중소기업 대출금 추이 혼합형에 대해 알려주세요,441.9743957519531,1082.2249755859375,1701.0011590461468,932.8035763534953
MI3_240823_TY1_0772_6_V02-4_1,어음부도율 추이 꺾은선형에 대해 알려주세요,466.0968933105469,1126.1854248046875,1657.5226575380925,919.559336005595
MI3_240823_TY1_0776_1_V01_1,한국은행 제주본부 화폐 발행 및 환수액 표에 대해 알려주세요,386.44122314453125,1404.4351806640625,1804.729631032823,638.0444230918287
MI3_240823_TY1_0776_2_V02-8_1,금융기관 여신 차트(혼합형)에 대해 알려주세요,1296.827880859375,2400.491455078125,886.8254908778382,683.7166746512196
MI3_240823_TY1_0776_3_V01_1,보증 합계 표에 대해 알려주세요,361.883544921875,1154.260986328125,1842.1333456878788,1074.5356915598707
MI3_240823_TY1_0776_5_V02-4_1,객실 가동률 전망 꺾은선형에 대해 알려주세요,352.39678955078125,2079.62353515625,906.1474105802731,897.258356854342
MI3_240823_TY1_0776_6_V02-1_2,전체 관광호텔 차트(세로 막대형)에 대해 알려주세요,1299.2442626953125,487.0743408203125,888.8000783181734,694.8662859917197
MI3_240823_TY1_0779_1_V02-3_1,원형에 대해 알려주세요,395.34149169921875,606.9255981445312,1758.289960360032,827.619426874721
MI3_240823_TY1_0779_2_V02-1_1,GRDP에서의 농림어업 비중 차트(세로 막대형)에 대해 알려주세요,442.19488525390625,2563.497314453125,1548.452744711357,470.20684350480343
MI3_240823_TY1_0779_4_V02-4_1,T01 T02 T03 꺾은선형에 대해 알려주세요,362.1900634765625,907.2728271484375,902.3462800615793,814.922467225401
MI3_240823_TY1_0779_6_V01_1,기술사업화 창업촉진 프로그램의 본문과 관련된 시각요소에 대해 알려주세요,0.0,0.0,0.0,0.0
MI3_240823_TY1_0801_1_V01_1,한국은행 제주본부 화폐 발행 및 환수액 표에 대해 알려주세요,383.3989562988281,1207.8331298828125,1816.9357886771622,624.0271491773611
MI3_240823_TY1_0801_2_V02-8_1,한국은행 예금 및 대출금 혼합형에 대해 알려주세요,363.3095703125,2346.17626953125,865.3444272273978,692.1634478779375
MI3_240823_TY1_0801_3_V02-8_2,비은행 여신증가율 혼합형에 대해 알려주세요,333.6489562988281,2381.358154296875,929.8408575908867,649.4250021191073
MI3_240823_TY1_0801_4_V02-8_1,토지거래면적과 주택거래량 혼합형에 대해 알려주세요,384.17462158203125,2493.6171875,648.5233269252966,574.7832434393238
MI3_240823_TY1_0801_5_V02-1_2,예금은행 수신증감액 추이 차트(세로 막대형)에 대해 알려주세요,345.721923828125,2041.1292724609375,930.3285350186592,627.3914288894312
MI3_240823_TY1_0801_6_V01_1,신용보증액1) 표에 대해 알려주세요,349.00885009765625,1231.5732421875,1878.4666807787794,969.2936643154713
MI3_240823_TY1_0804_1_V01_1,한국은행 전북본부 중소기업 지원금액 부문별 비중 표에 대해 알려주세요,432.09710693359375,1254.8013916015625,1691.8368540595636,839.2170499727329
MI3_240823_TY1_0804_2_V01_1,총여신 잔액 표에 대해 알려주세요,385.2079162597656,2358.484130859375,1806.4783165590636,605.7355790563228
MI3_240823_TY1_0804_3_V01_1,기업대출 합계 표에 대해 알려주세요,427.2020263671875,2284.58740234375,1710.6918239169993,746.2209702864814
MI3_240823_TY1_0804_4_V01_1,가계대출 합계 표에 대해 알려주세요,432.6131896972656,2266.213134765625,1690.4328113938152,777.3169171067792
MI3_240823_TY1_0804_5_V02-8_1,신용보증 현황 혼합형에 대해 알려주세요,510.533447265625,1284.1702880859375,1535.5819713873425,691.8471576197413
MI3_240823_TY1_0813_1_V02-4_1,한국은행 예금 및 대출금 잔액 추이 꺾은선형에 대해 알려주세요,471.08221435546875,1674.0731201171875,1623.4053414547132,767.437773372267
MI3_240823_TY1_0813_2_V02-4_1,주요 지원부문별 비중 추이 꺾은선형에 대해 알려주세요,438.216796875,2292.60009765625,1679.6103411634977,775.1169385479919
MI3_240823_TY1_0813_3_V02-8_1,금융기관 여신 증감 추이 혼합형에 대해 알려주세요,384.21441650390625,1267.4970703125,1811.5035849486549,924.9114641109604
MI3_240823_TY1_0813_4_V01_1,기업대출 증감 추이 표에 대해 알려주세요,370.5560607910156,2269.749267578125,1836.716369912337,761.9152804301627
MI3_240823_TY1_0813_5_V02-8_1,가계대출 증감 추이 혼합형에 대해 알려주세요,442.18353271484375,1276.848388671875,1691.412916560893,854.7945875390338
MI3_240823_TY1_0825_1_V01_1,한국은행 제주본부 화폐 발행 및 환수액 표에 대해 알려주세요,367.3772888183594,986.7485961914062,1850.8203332539717,678.3106386422746
MI3_240823_TY1_0825_2_V02-8_2,한국은행 제주본부 예금 및 대출금 혼합형에 대해 알려주세요,1289.8890380859375,2085.5908203125,884.0031761415495,666.6598271930245
MI3_240823_TY1_0825_3_V02-1_2,금융기관별 여신 차트(세로 막대형)에 대해 알려주세요,330.3558349609375,2367.44970703125,928.3639513928587,621.846248711936
MI3_240823_TY1_0825_4_V01_1,T01 T02 T03 표에 대해 알려주세요,381.4547119140625,1144.0994873046875,1829.1184040869823,579.8539983984456
MI3_240823_TY1_0825_5_V02-1_2,요구불예금 차트(세로 막대형)에 대해 알려주세요,1265.409912109375,2337.16015625,940.1872119639171,709.7521076065799
MI3_240823_TY1_0825_6_V02-8_1,신용보증액 증감 추이에 대한 차트(꺾은선형)에 대해 알려주세요,486.2819519042969,2136.654541015625,1586.2350509575106,953.0369256713526
MI3_240823_TY1_0830_1_V02-1_1,재무구조 관련 주요지표 차트(세로 막대형)에 대해 알려주세요,374.1358947753906,555.08349609375,1803.4695057220729,1003.7452419305727
MI3_240823_TY1_0830_2_V02-7_1,방사형에 대해 알려주세요,525.4339599609375,645.7282104492188,1497.0199727126908,1183.6158258048715
MI3_240823_TY1_0830_3_V01_1,환율 및 국제유가 추이에 대해 알려주세요,425.77362060546875,1743.5855712890625,1735.2758020966116,364.82792714024
MI3_240823_TY1_0830_4_V01_1,매출액 관련 지표의 표에 대해 알려주세요,377.6951904296875,1332.6856689453125,1835.3240885962268,576.5470486090361
MI3_240823_TY1_0830_5_V02-7_1,제조업의 기업규모별 및 수출비중별 수익성 주요지표 차트(방사형)에 대해 알려주세요,544.7535400390625,1890.11376953125,1408.80300730245,1111.9832980591004
MI3_240823_TY1_0830_6_V02-7_1,2005년중 제조업의 업종별 매출액증가율 비교 방사형에 대해 알려주세요,505.20220947265625,1744.62255859375,1541.716548196475,1247.433290248737
MI3_240823_TY1_0843_1_V02-4_1,제조업 생산 추이에 대해 알려주세요,434.4521789550781,2286.7841796875,1688.7030187350545,809.4593746144366
MI3_240823_TY1_0843_2_V02-4_1,제조업 생산 추이에 대한 꺾은선형 차트에 대해 알려주세요,420.682861328125,2076.411865234375,1739.6029799814232,950.8783982987693
MI3_240823_TY1_0843_3_V02-8_1,기업대출 가계대출 추이에 대한 혼합형 차트에 대해 알려주세요,512.6669921875,1642.1715087890625,1570.988648889211,1035.7194541068432
MI3_240823_TY1_0843_4_V02-8_1,중소기업 대출금 추이 혼합형에 대해 알려주세요,488.8318786621094,1167.627197265625,1627.0544277344004,923.512267283274
MI3_240823_TY1_0843_5_V02-1_1,신용보증 추이 차트(세로 막대형)에 대해 알려주세요,517.7791748046875,1397.63232421875,1557.1132051701568,830.1740220602761
MI3_240823_TY1_0843_6_V02-4_1,어음부도율 추이 꺾은선형에 대해 알려주세요,470.7177734375,1302.5570068359375,1626.087638658071,774.7399234201725
MI3_240823_TY1_0856_1_V02-4_1,I. 수출 동향 (가로 막대형) 차트에 대해 알려주세요,463.9709777832031,2249.00341796875,1628.8117695305375,737.6352427022401
MI3_240823_TY1_0856_2_V02-4_2,경매 유찰 건수 차트(꺾은선형)에 대해 알려주세요,1289.7498779296875,2419.3037109375,878.9564122610727,559.2788768417843
MI3_240823_TY1_0856_3_V02-4_1,일본 GDP디플레이터 꺾은선형에 대해 알려주세요,454.795166015625,829.6809692382812,1660.894099412448,796.5530462672667
MI3_240823_TY1_0856_5_V02-8_2,경제성장과 민간소비 추이 차트(혼합형)에 대해 알려주세요,349.28680419921875,1546.6671142578125,897.8186905109955,689.2113635002758
MI3_240823_TY1_0856_6_V02-8_2,GDP 및 건설부문 추이에 대해 알려주세요,365.89642333984375,484.5741882324219,882.6651177903327,749.8063501954242
MI3_240823_TY1_0870_1_V01_1,06 07 95 00 05 연간에 대해 알려주세요,427.5440979003906,1839.2464599609375,1699.476691298336,521.7192577396739
MI3_240823_TY1_0870_2_V01_1,은행권의 수신 추이에 대한 표에 대해 알려주세요,356.2276611328125,2224.973876953125,1847.715312629191,844.8619674952662
MI3_240823_TY1_0870_3_V01_1,대구·경북지역 증권사 주식 약정고 추이에 대해 알려주세요,367.129638671875,2696.3828125,1856.2348994298634,330.9114289303499
MI3_240823_TY1_0870_4_V01_1,대구·경북지역 금융기관 여신 추이에 대해 알려주세요,405.5641784667969,1485.088134765625,1753.5296158689425,816.6293995673703
MI3_240823_TY1_0870_5_V01_2,T01 T02 지역별 은행 여수신 규모에 대해 알려주세요,436.3370666503906,737.8964233398438,1710.6089116368819,742.5132240671812
MI3_240823_TY1_0870_6_V01_1,전국 대구·경북 부산·경남 인구와 관련된 차트에 대해 알려주세요,434.1288757324219,2406.103271484375,1646.9999845307864,340.23058343803433
MI3_240823_TY1_0906_1_V02-1_2,지역별 민간소비 증가율 차트(세로 막대형)에 대해 알려주세요,1294.7230224609375,1909.216796875,878.2838151106249,675.0922258207205
MI3_240823_TY1_0906_2_V02-1_1,강원 및 전국 1인당 개인소득 증가율 세로 막대형에 대해 알려주세요,340.0950622558594,2303.048828125,913.7291445999209,703.4614664841341
MI3_240823_TY1_0906_3_V02-6_1,누적소득 분포 분산형 차트에 대해 알려주세요,351.46942138671875,1021.6790161132812,908.2807029607885,655.991322852439
MI3_240823_TY1_0906_4_V02-4_2,가구주 연령별 가계부채 보유 비중 차트(꺾은선형)에 대해 알려주세요,354.3450012207031,1252.026611328125,904.5985082907954,696.3661391158153
MI3_240823_TY1_0906_5_V02-4_2,전국 1인 가구 연령별 구성 추이 꺾은선형 차트에 대해 알려주세요,1300.7960205078125,990.4179077148438,891.56517501534,645.8024128838312
MI3_240823_TY1_0906_6_V02-4_2,강원 및 전국 비상용근로자 추이 차트(꺾은선형)에 대해 알려주세요,350.7123107910156,1204.69140625,919.8191258167594,702.7760111233526
MI3_240823_TY1_0909_1_V01_1,강원지역 고용 지표1) 차트에 대해 알려주세요,318.6807556152344,692.957275390625,1981.602094365373,829.0181626552949
MI3_240823_TY1_0909_2_V02-8_1,금융기관 여신 추이 차트(혼합형)에 대해 알려주세요,314.8169860839844,2507.3583984375,952.8399068176055,590.776934000449
MI3_240823_TY1_0909_3_V01_1,예금은행 수신 현황 표에 대해 알려주세요,311.944091796875,1170.0989990234375,1974.2898006283287,1084.571997996222
MI3_240823_TY1_0909_4_V01_1,예금은행 여신 현황 표에 대해 알려주세요,314.04095458984375,1080.953125,1962.1391323554678,1108.231736591985
MI3_240823_TY1_0909_5_V02-8_1,비은행금융기관 수신 추이 차트(혼합형)에 대해 알려주세요,763.2059326171875,1963.658203125,1048.9483636362954,595.3056458056104
MI3_240823_TY1_0909_6_V02-8_1,비은행금융기관 여신 증감액 차트(혼합형)에 대해 알려주세요,735.844970703125,1854.9271240234375,1056.8638172553376,584.1891993618584
MI3_240823_TY1_0960_1_V01_1,화폐발행 및 환수 표에 대해 알려주세요,391.6784362792969,1253.9417724609375,1802.0612719811884,550.3866571832061
MI3_240823_TY1_0960_2_V01_1,강원지역 금융기관 여신 동향 표에 대해 알려주세요,381.986083984375,1349.2952880859375,1834.3235831297484,1437.7300952021312
MI3_240823_TY1_0960_3_V01_1,비은행기관 수신 동향에 대한 표에 대해 알려주세요,362.6591491699219,1568.6795654296875,1855.0629398614801,964.2512185075713
MI3_240823_TY1_0960_4_V01_1,비은행기관 여신 동향 차트(표) 에 대해 알려주세요,370.718017578125,1441.7506103515625,1833.6810146426865,1033.224717497374
MI3_240823_TY1_0960_5_V01_1,6. 증권사 수신에 대한 표에 대해 알려주세요,375.970947265625,1636.6240234375,1831.9392710526092,1242.7114675427997
MI3_240823_TY1_0960_6_V02-4_1,어음부도율 추이 꺾은선형에 대해 알려주세요,398.7882995605469,571.97119140625,1756.3772288862924,961.0326253259002
MI3_240823_TY1_0967_1_V01_1,화폐발행 및 환수 표에 대해 알려주세요,387.9774169921875,1253.7205810546875,1810.5799321952823,550.251941945063
MI3_240823_TY1_0967_2_V01_1,2007년부터의 금융기관 여신 동향 차트(세로 막대형)에 대해 알려주세요,378.6775817871094,1361.2015380859375,1840.7716454136787,1437.786540693762
MI3_240823_TY1_0967_3_V01_1,비은행기관 수신 동향의 표에 대해 알려주세요,369.55950927734375,1567.8087158203125,1837.3928933144318,965.2697627605968
MI3_240823_TY1_0967_4_V01_1,비은행기관 여신 동향 차트(세로 막대형)에 대해 알려주세요,379.3377685546875,1536.0999755859375,1820.0348635736252,1031.2137962220395
MI3_240823_TY1_0967_5_V01_1,수익증권(펀드) 판매 동향 표에 대해 알려주세요,398.40234375,1730.37890625,1774.6332158042283,1107.2864701496342
MI3_240823_TY1_0967_6_V02-4_1,어음부도율 추이 꺾은선형에 대해 알려주세요,384.6710205078125,574.4324951171875,1786.991114550292,960.1208165912847
MI3_240823_TY1_0996_1_V02-1_1,강원지역 금융기관 수신 증감액 추이 차트(세로 막대형)에 대해 알려주세요,341.01580810546875,2382.558837890625,1890.733722233929,773.9780690240518
MI3_240823_TY1_0996_2_V01_1,예금은행 중소기업대출에 대해 알려주세요,411.6256103515625,2438.60302734375,1750.3315836150744,545.9154824165607
MI3_240823_TY1_0996_3_V02-8_1,금융기관 주택대출 동향 혼합형에 대해 알려주세요,372.24761962890625,1440.9583740234375,1829.581632755154,815.496225985479
MI3_240823_TY1_0996_4_V02-8_1,자산운용사 수신 추이 혼합형 차트에 대해 알려주세요,362.1532897949219,1372.9688720703125,1842.5678265020772,753.8096371118202
MI3_240823_TY1_0996_5_V02-4_1,업종별 부도율 추세 꺾은선형 차트에 대해 알려주세요,364.94000244140625,542.4677124023438,1819.2047633974053,984.916550269575
MI3_240823_TY1_0996_6_V02-1_1,신규부도업체수 추이 차트(세로 막대형)에 대해 알려주세요,351.205078125,537.4041137695312,1865.2556871833651,934.0038200613883
MI3_240823_TY1_1003_1_V01_1,개성공단 조성사업 추진계획 표에 대해 알려주세요,440.91448974609375,875.550048828125,1563.7506393840615,1119.4798941735771
MI3_240823_TY1_1003_2_V01_1,"개성, 중국, 한국 공업단지 사업 여건 비교 차트에 대해 알려주세요",426.7801513671875,698.7007446289062,1585.7868554019733,994.0388429961986
MI3_240823_TY1_1003_4_V02-1_1,T01 T02 T03 차트(세로 막대형)에 대해 알려주세요,477.90435791015625,459.5740661621094,1557.9402901598924,1535.7962700990745
MI3_240823_TY1_1003_5_V02-4_5,전기전자기기 차트(꺾은선형)에 대해 알려주세요,501.45465087890625,453.65252685546875,1471.2927530863965,1674.2697995779738
MI3_240823_TY1_1003_6_V02-4_6,화학제품 꺾은선형에 대해 알려주세요,1236.8514404296875,892.9472045898438,710.6767227110163,514.8320306527438
MI3_240823_TY1_1039_1_V02-4_1,제조업 생산지수 꺾은선형에 대해 알려주세요,328.4383850097656,2352.2548828125,933.0582142367653,737.5541175048361
MI3_240823_TY1_1039_2_V02-4_1,제조업 생산·출하·재고 꺾은선형 차트에 대해 알려주세요,330.99420166015625,2303.34521484375,933.1361055948878,750.4788554513606
MI3_240823_TY1_1039_3_V02-4_1,현재생활형편 CSI 꺾은선형에 대해 알려주세요,351.03399658203125,2220.6953125,897.133502524969,787.6864301026096
MI3_240823_TY1_1039_4_V02-4_1,자본재 및 반도체·평판디스플레이 제조용 장비 수입 증감률 차트(꺾은선형)에 대해 알려주세요,351.3652038574219,2220.773193359375,897.2799645344184,772.6850921977291
MI3_240823_TY1_1039_5_V02-8_1,건설수주액 및 건축허가·착공면적 증감률 차트(혼합형)에 대해 알려주세요,329.138427734375,2311.383544921875,943.0273437366357,736.4137541599125
MI3_240823_TY1_1039_6_V02-4_1,수출입 증감률 꺾은선형에 대해 알려주세요,340.5028381347656,1685.125244140625,911.4367588889442,765.0112990380808
MI3_240823_TY1_1052_1_V02-1_2,경기도 구직자 및 실업자 분해 결과 차트(세로 막대형)에 대해 알려주세요,1325.70263671875,2489.225830078125,796.2886504123906,543.5268184106956
MI3_240823_TY1_1052_2_V02-1_1,서울시 구직자 및 실업자 분해 결과 차트(세로 막대형)에 대해 알려주세요,400.18212890625,2533.6435546875,776.3560390790543,519.4503965513969
MI3_240823_TY1_1052_3_V02-1_1,수도권 구직자 및 실업자 분해 결과 차트(세로 막대형)에 대해 알려주세요,408.62939453125,2436.778076171875,770.6287800756425,553.2746376638589
MI3_240823_TY1_1052_4_V02-1_1,[그림 1] 경기도 구직자 및 실업자 분해 결과 차트(세로 막대형)에 대해 알려주세요,407.422119140625,2259.705810546875,1728.2217569096636,587.6248171493644
MI3_240823_TY1_1052_5_V02-1_1,서울시 구직자 및 실업자 분해 결과 차트(세로 막대형)에 대해 알려주세요,396.3731384277344,2255.119873046875,805.9772147806783,541.2842593620944
MI3_240823_TY1_1075_1_V02-4_1,포스코 철강생산량 증감률 꺾은선형에 대해 알려주세요,330.40972900390625,1744.090087890625,932.8798611728955,707.3870543670128
MI3_240823_TY1_1075_2_V02-1_1,경북 동해안 수산물 생산량 차트(세로 막대형)에 대해 알려주세요,338.1125793457031,1178.9324951171875,960.7282359982278,715.1881101413758
MI3_240823_TY1_1075_3_V02-1_1,경북동해안수입 차트(세로 막대형)에 대해 알려주세요,339.01068115234375,1102.9503173828125,929.398779043594,646.9837438788039
MI3_240823_TY1_1075_4_V02-4_1,경북동해안 승용차 순증 등록대수 차트(꺾은선형)에 대해 알려주세요,1334.0499267578125,874.169921875,828.9746381468101,492.19848478244734
MI3_240823_TY1_1075_5_V02-4_1,포항 경주지역 소비자물가 변동률 차트(꺾은선형)에 대해 알려주세요,323.07958984375,748.9891357421875,875.440210743071,510.5671580323058
MI3_240823_TY1_1075_6_V02-4_1,포항시 예금은행 수신 증감액 꺾은선형에 대해 알려주세요,331.8204345703125,534.520751953125,1846.78425911437,541.8731422078445
MI3_240823_TY1_1083_1_V02-1_1,포스코 포항공장 철강생산량 차트(세로 막대형)에 대해 알려주세요,1309.0860595703125,1646.8770751953125,858.8677282026837,725.3860774133141
MI3_240823_TY1_1083_2_V01_1,입도관광객수 통계에 대해 알려주세요,346.2695617675781,2676.89697265625,1929.6139448732351,369.8561431077839
MI3_240823_TY1_1083_3_V02-1_1,경북동해안 단위당 수산물생산액 증감률 차트(세로 막대형)에 대해 알려주세요,355.0517883300781,1363.97998046875,894.4415914980698,731.4318318710059
MI3_240823_TY1_1083_4_V02-4_1,경북동해안지역 수입 증감률 꺾은선형에 대해 알려주세요,1304.8515625,715.3030395507812,878.0491552671458,642.4660705567321
MI3_240823_TY1_1083_5_V02-1_1,경북동해안 승용차 순증 등록대수 (천대) 세로 막대형에 대해 알려주세요,1305.5162353515625,1202.91064453125,876.0256826967822,642.3541090630654
MI3_240823_TY1_1083_6_V02-4_2,포항시 품목별 소비자물가 변동률 꺾은선형에 대해 알려주세요,354.8080139160156,1498.3648681640625,879.0848687255462,699.8727425489593
MI3_240823_TY1_1086_1_V01_1,화폐발행 및 환수 표에 대해 알려주세요,347.6412658691406,1119.613037109375,1939.239501136992,478.6620324668723
MI3_240823_TY1_1086_2_V01_1,경북동해안지역 비은행금융기관의 수신과 관련된 데이터에 대해 알려주세요,344.8609313964844,1317.6397705078125,1883.1249924717001,822.4185857904579
MI3_240823_TY1_1086_3_V01_1,경북동해안지역 비은행금융기관여신 시각요소에 대해 알려주세요,353.2354736328125,1132.785400390625,1879.7015963891656,692.4519500837073
MI3_240823_TY1_1086_4_V01_1,어음부도율 및 부도금액에 대한 표에 대해 알려주세요,313.4835205078125,2250.772705078125,1954.6197525367759,843.236841773965
MI3_240823_TY1_1086_5_V01_1,포항지역 수출입 표에 대해 알려주세요,333.0001220703125,1281.519287109375,1941.7328177597235,667.9476351475502
MI3_240823_TY1_1086_6_V01_2,포항지역 백화점 및 대형마트 판매액 증감률 표에 대해 알려주세요,339.77484130859375,1665.4189453125,1932.2616749229032,592.7042966327593
MI3_240823_TY1_1115_1_V02-8_1,금융기관 수신 및 여신 혼합형에 대해 알려주세요,513.2659301757812,1666.295654296875,1525.040913100718,560.7527879686123
MI3_240823_TY1_1115_2_V02-4_1,소비자물가 상승률 추이 꺾은선형에 대해 알려주세요,388.5221862792969,544.2301635742188,1795.1293768975431,794.2160857558481
MI3_240823_TY1_1115_3_V02-1_1,화폐발행 및 환수 차트(세로 막대형)에 대해 알려주세요,530.6650390625,1308.109619140625,1495.7445558583695,640.5415702457296
MI3_240823_TY1_1115_4_V02-4_1,한국은행 예금 및 대출금 잔액 추이 꺾은선형 차트에 대해 알려주세요,541.2525634765625,1231.4837646484375,1493.6615943877257,640.6053533782531
MI3_240823_TY1_1115_5_V01_1,신용보증현황 표에 대해 알려주세요,460.525146484375,1999.7181396484375,1639.312690223187,905.781870162908
MI3_240823_TY1_1115_6_V02-4_1,어음부도율 추이 꺾은선형에 대해 알려주세요,487.08221435546875,1163.3175048828125,1617.5459581175198,845.5376833388157
MI3_240823_TY1_1122_1_V02-4_1,대구경북지역 미분양주택 현황 꺾은선형 차트에 대해 알려주세요,508.1533508300781,1551.083740234375,1545.416511920417,771.9625272075991
MI3_240823_TY1_1122_2_V02-8_1,라. 수출 및 수입에 대한 혼합형 차트에 대해 알려주세요,479.90667724609375,1611.58740234375,1638.785307105419,1131.5955194330963
MI3_240823_TY1_1122_3_V01_1,기업 자금조달 관련 데이터의 차트에 대해 알려주세요,385.2378845214844,583.1041259765625,1793.019000113666,1062.3015430818036
MI3_240823_TY1_1122_4_V01_1,16.4월말 15.11월 표에 대해 알려주세요,350.8812561035156,713.6353759765625,1819.4123508293567,2247.0269921320755
MI3_240823_TY1_1122_5_V01_1,생산 및 고용 관련지표 차트에 대해 알려주세요,346.87591552734375,2012.5252685546875,1876.4492729200833,879.9889812550887
MI3_240823_TY1_1126_1_V01_1,대구경북지역 미분양주택 현황과 관련된 표에 대해 알려주세요,412.59527587890625,2402.538818359375,1726.711522582325,496.7890282985809
MI3_240823_TY1_1126_2_V02-8_1,대구경북지역 수출입에 대한 혼합형 차트에 대해 알려주세요,439.686279296875,1851.8399658203125,1712.8980850505131,1015.1842951693881
MI3_240823_TY1_1126_3_V02-8_1,가계 실질구매력 차트(혼합형)에 대해 알려주세요,352.03582763671875,1999.777099609375,895.1496681702989,719.2811548274484
MI3_240823_TY1_1126_4_V02-8_2,제조업 평균가동률과 재고율 차트(혼합형)에 대해 알려주세요,365.0575256347656,1394.172607421875,885.7982929518171,649.8878538527226
MI3_240823_TY1_1126_5_V02-4_1,글로벌 IT 성장률 꺾은선형에 대해 알려주세요,376.0650634765625,602.5755615234375,856.837712712626,666.4849008712903
MI3_240823_TY1_1126_6_V02-8_1,아파트 분양물량 및 착공면적 차트(혼합형)에 대해 알려주세요,363.3388366699219,572.2633666992188,888.8934898277469,690.9633697723668
MI3_240823_TY1_1132_1_V01_1,제조업 출하 및 재고 증감률에 대해 알려주세요,381.43463134765625,752.4776000976562,1804.031655656318,968.5576538218429
MI3_240823_TY1_1132_2_V02-4_1,미분양주택 꺾은선형 차트에 대해 알려주세요,552.8423461914062,1555.0711669921875,1454.2931793368277,739.2177951872849
MI3_240823_TY1_1132_3_V02-8_1,대구경북지역 수출입에 대한 혼합형 차트에 대해 알려주세요,499.4255676269531,1712.95068359375,1573.7367214305746,904.1808239093298
MI3_240823_TY1_1132_4_V01_1,물가 및 부동산가격 소비자물가 상승률 차트(세로 막대형)에 대해 알려주세요,385.8017883300781,1398.3251953125,1811.2919734446662,1537.0172766307455
MI3_240823_TY1_1132_5_V01_1,10월중 은행 수신과 관련된 표에 대해 알려주세요,392.3852844238281,1933.10498046875,1783.554163787059,1025.7640195737404
MI3_240823_TY1_1132_6_V01_1,기업1) 자금조달 및 가계대출에 대해 알려주세요,386.1120910644531,886.3298950195312,1804.3242356830958,1620.600658471837
MI3_240823_TY1_1141_1_V01_2,한국은행 예금 및 대출금 표에 대해 알려주세요,362.3471984863281,2696.919677734375,1878.4875124560215,372.9655547088203
MI3_240823_TY1_1141_2_V01_1,금융기관 수신에 대한 데이터의 내용을 기반으로 차트 타입에 대해 알려주세요,320.2101135253906,536.8754272460938,1940.858414919368,2213.60511351181
MI3_240823_TY1_1141_3_V01_2,예금은행의 산업별 대출 표에 대해 알려주세요,356.7773132324219,2612.8193359375,1906.1486839473216,491.36140425593385
MI3_240823_TY1_1141_4_V01_1,자금사정 지표에 대한 표에 대해 알려주세요,343.70733642578125,1886.879150390625,1895.9397710400453,998.1656757606823
MI3_240823_TY1_1141_5_V01_1,4. 대외거래에 대한 시각요소(표)에 대해 알려주세요,362.74969482421875,1534.494873046875,1881.2672493058067,1412.970489070906
MI3_240823_TY1_1141_6_V01_1,소비자물가 에 대해 알려주세요,347.3526306152344,1815.9970703125,1905.5623238618302,1120.7087381492765
MI3_240823_TY1_1153_1_V01_1,제조업 생산지수 표에 대해 알려주세요,356.5865783691406,1382.511474609375,1862.9896605484275,1044.3397125102101
MI3_240823_TY1_1153_2_V01_1,대형소매점 판매액지수 표에 대해 알려주세요,364.6826171875,1435.3192138671875,1856.8375532568652,628.8563936811977
MI3_240823_TY1_1153_3_V02-8_1,건설수주액 및 건축허가·착공면적 증감률 차트(혼합형)에 대해 알려주세요,439.8673095703125,2363.745361328125,1664.7168775428659,712.7610016779523
MI3_240823_TY1_1153_4_V02-8_1,고용률 및 취업자수 증감 차트(혼합형)에 대해 알려주세요,442.3814392089844,2305.201416015625,1671.7456263591348,760.1120701283013
MI3_240823_TY1_1153_5_V01_1,주택가격 상승률 표에 대해 알려주세요,342.484375,1412.1470947265625,1896.6104458727784,770.6601011626083
MI3_240823_TY1_1153_6_V02-8_1,T04에 대해 알려주세요,440.1465148925781,2255.4267578125,1679.577707910599,747.8726776266284
MI3_240823_TY1_1168_1_V02-8_2,금융기관 여신 총합과 변화 추이에 대해 알려주세요,315.5999450683594,2402.8408203125,941.4241351257618,703.62203091296
MI3_240823_TY1_1168_2_V02-8_1,경북동해안지역 어음부도율 및 부도업체수 추이에 대해 알려주세요,337.1124572753906,2325.491455078125,1900.7789575656116,797.4564234828613
MI3_240823_TY1_1168_3_V02-4_1,포스코 포항공장 및 철강공단 생산추이 꺾은선형에 대해 알려주세요,1296.48388671875,2280.482421875,882.82894462425,736.3113831029124
MI3_240823_TY1_1168_4_V02-4_1,소비자물가 기타 실물간이지표 꺾은선형에 대해 알려주세요,357.56475830078125,1267.3033447265625,1850.596055564686,765.7031450751298
MI3_240823_TY1_1168_5_V01_2,한국은행 예금 및 대출 추이에 대해 알려주세요,355.1763000488281,2690.898193359375,1865.7969516604305,427.10540898069723
MI3_240823_TY1_1168_6_V01_1,경북동해안지역 금융기관 여수신 추이 차트(세로 막대형)에 대해 알려주세요,359.3263854980469,2290.2412109375,1861.1123998895148,775.1251392394662
MI3_240823_TY1_1170_1_V02-1_1,대구·경북지역 금융기관의 수신과 여신 변화와 관련된 세로 막대형 차트에 대해 알려주세요,473.28790283203125,2108.84814453125,1603.9410915255182,746.5356119632926
MI3_240823_TY1_1170_2_V02-1_1,금융기관 여신 차트(세로 막대형)에 대해 알려주세요,479.22076416015625,1541.5318603515625,1602.6848361499724,794.8000307975914
MI3_240823_TY1_1170_3_V02-4_1,어음부도율 꺾은선형에 대해 알려주세요,477.71466064453125,2071.96435546875,1594.424881561899,734.1555165863241
MI3_240823_TY1_1170_4_V02-8_1,대형소매점 매출 차트(혼합형)에 대해 알려주세요,422.45379638671875,2262.736572265625,759.8237475039701,623.9042026924608
MI3_240823_TY1_1170_5_V02-8_1,제조업 생산 변화에 대해 알려주세요,452.7503662109375,2425.7314453125,1637.0972058718678,499.4634011527652
MI3_240823_TY1_1170_6_V02-8_3,수입액 혼합형에 대해 알려주세요,1332.0120849609375,2300.17431640625,777.1756387408356,626.1747584349272
MI3_240823_TY1_1170_7_V02-8_2,소비자물가 혼합형 차트에 대해 알려주세요,468.2175598144531,1055.1273193359375,1633.1906804859725,701.3051301229059
MI3_240823_TY1_1188_1_V02-8_1,장기보유주식 매각 추이에 대해 알려주세요,392.4862060546875,1863.4473876953125,819.1898459145249,535.8274493595272
MI3_240823_TY1_1188_2_V02-4_1,G-SIFIs 보통주자본 비율 차트(꺾은선형)에 대해 알려주세요,397.2096252441406,1809.835693359375,813.0087229623177,466.5874540088253
MI3_240826_TY1_0013_1_V02-8_1,금융기관 수신 차트(혼합형)에 대해 알려주세요,522.6378784179688,1867.490234375,1517.1882497815536,1030.6723143147342
MI3_240826_TY1_0013_2_V02-8_1,2005년 5월중 금융기관 여신에 대한 혼합형 차트에 대해 알려주세요,564.1986694335938,1869.6029052734375,1398.2531866894697,1030.4972081829687
MI3_240826_TY1_0013_3_V02-4_1,2005년 5월중 어음부도율에 대해 알려주세요,489.82257080078125,1822.08447265625,1569.059759380381,1128.5613865161583
MI3_240826_TY1_0013_4_V02-4_1,제조업 생산·출하·재고 꺾은선형 차트에 대해 알려주세요,523.1466064453125,2039.7154541015625,1512.9692737465482,959.1651544411624
MI3_240826_TY1_0013_5_V02-8_1,"2005년 5월중 수출, 큰폭 증가 및 수출입과 관련된 혼합형 차트에 대해 알려주세요",502.7309875488281,2089.218994140625,1556.5142402843028,881.7767238559728
MI3_240826_TY1_0013_6_V02-8_1,소비자물가와 관련된 혼합형 차트에 대해 알려주세요,527.059326171875,1957.5130615234375,1501.382205215228,884.6261145298022
MI3_240826_TY1_0021_1_V01_1,I. 금융동향 1. 화폐발행 및 환수 차트에 대해 알려주세요,357.8138122558594,1205.210205078125,1929.3278129642688,406.05301307069493
MI3_240826_TY1_0021_2_V01_1,경북동해안지역 예금은행 수신 추이에 대해 알려주세요.,345.75604248046875,2158.98974609375,1868.0027872877488,922.3072915480398
MI3_240826_TY1_0021_3_V01_1,여신합계와 금융자금의 변화 추세에 대해 알려주세요.,321.4444580078125,2011.225341796875,1930.1364332556568,1093.1630993853069
MI3_240826_TY1_0021_4_V01_1,경북동해안지역 비은행기관 여신합계 차트에 대해 알려주세요,347.157958984375,1969.266357421875,1888.0022297654352,575.8733008424229
MI3_240826_TY1_0021_5_V01_1,"6. 자금사정 (%, 백만원) 차트에 대해 알려주세요",294.7010192871094,2234.11474609375,1977.869543045508,919.6769200376267
MI3_240826_TY1_0021_6_V01_1,Ⅱ. 실물동향 1. 생산 포스코 및 포항철강공단 생산 추이에 대해 알려주세요,344.7903137207031,1202.9033203125,1888.8937235638955,806.6450893107074
MI3_240826_TY1_0023_1_V01_1,2. 주요 공단동향 및 창원국가산업단지의 경제지표 추이에 대해 알려주세요.,488.4581298828125,2021.842041015625,1565.5523616792545,1035.8478843141293
MI3_240826_TY1_0023_2_V01_1,고용 및 실업률 추이에 대한 표에 대해 알려주세요,504.64422607421875,1638.502685546875,1535.9890719025348,1303.7737183651761
MI3_240826_TY1_0023_3_V01_1,주택가격에 대한 전월비 (%) 데이터와 차트에 대해 알려주세요.,478.1908874511719,1364.244384765625,1610.9859310388583,1322.0650328971046
MI3_240826_TY1_0023_4_V01_1,Ⅱ. 금융동향 1. 금융기관 여·수신 금융기관 여·수신 동향 추이에 대해 알려주세요,471.1044921875,2210.496337890625,1607.3508811868214,753.9546544029101
MI3_240826_TY1_0023_5_V01_1,예금은행 대출금 추이에 대해 알려주세요.,457.802001953125,2069.598388671875,1629.9934646151062,942.749152684008
MI3_240826_TY1_0023_6_V01_1,비은행기관 여신 추이에 대해 알려주세요,473.6617126464844,1809.5177001953125,1609.9847790213855,914.8569391618489
MI3_240826_TY1_0053_1_V02-8_1,금융기관 수신 증감액 추이 혼합형에 대해 알려주세요,334.30670166015625,2062.3212890625,951.7160584036129,936.6186868638215
MI3_240826_TY1_0053_2_V02-8_1,경북동해안지역 어음부도율 및 부도업체수 추이에 대해 알려주세요,357.78558349609375,2136.8896484375,1849.2164655039444,988.3956697695716
MI3_240826_TY1_0053_3_V01_1,I. 금융동향 화폐발행 및 환수추이 차트(세로 막대형)에 대해 알려주세요,345.3614807128906,1154.5570068359375,1937.8706217424394,493.0753437521123
MI3_240826_TY1_0053_4_V01_1,경북동해안지역 예금은행 수신추이와 관련된 자료에 대해 알려주세요.,331.76544189453125,1815.572265625,1942.840457782379,1110.6315677698722
MI3_240826_TY1_0053_5_V01_1,의 본문에서 다루는 여신 합계와 관련된 자료를 기반으로 한 표에 대해 알려주세요.,310.04083251953125,1871.5499267578125,1956.4618132744433,1247.2062736189087
MI3_240826_TY1_0053_6_V01_1,경북동해안지역 비은행기관 여신 추이에 대한 차트(표) 정보를 알려주세요,322.81036376953125,1173.7794189453125,1953.7860212200899,785.7605554202108
MI3_240826_TY1_0091_1_V01_1,I. 금융동향 1. 화폐발행 및 환수 추이에 대해 알려주세요,345.40692138671875,1154.7615966796875,1937.8133022198501,492.86536225411675
MI3_240826_TY1_0091_2_V01_1,경북동해안지역 예금은행 수신합계에 대한 차트(세로 막대형)에 대해 알려주세요,328.127197265625,1814.36376953125,1953.3698800403633,1110.9242521179551
MI3_240826_TY1_0091_3_V01_1,"제목에 해당하는 내용과 관련하여 여신 합계와 금융자금, 재정자금의 변화 추세를 보여주는 표에 대해 알려주세요.",321.3790588378906,1792.365966796875,1960.1856682728783,1248.4113898717878
MI3_240826_TY1_0091_4_V01_1,경북동해안지역 비은행기관 여신 추이에 대해 알려주세요,324.7269287109375,1245.800048828125,1963.1159702492785,692.7690389643104
MI3_240826_TY1_0091_5_V01_1,에 대한 시각요소 제목의 표에 대해 알려주세요,302.9068603515625,2032.1297607421875,1955.1987731139461,1115.4763879067168
MI3_240826_TY1_0091_6_V01_1,Ⅱ. 실물동향 1. 생산 포스코 및 포항철강공단 생산 추이 (%)에 대해 알려주세요,319.38104248046875,1167.0640869140625,1951.8564437842226,887.1065467039477
MI3_240826_TY1_0122_1_V02-8_1,제조업 생산지수(혼합형)에 대해 알려주세요,382.6410827636719,1503.568115234375,1814.3064441506224,624.3528019328681
MI3_240826_TY1_0122_2_V01_1,이 문서에서는 창원국가산업단지 생산액 및 가동률에 대한 표에 대해 알려주세요.,362.7215576171875,1229.2774658203125,1849.8008325846356,749.3196969379584
MI3_240826_TY1_0122_3_V02-4_1,제목에 따르면 재고순환지표 및 재고출하비율에 대해 알려주세요,395.7018127441406,1385.3580322265625,1782.7923832643692,670.8295046998384
MI3_240826_TY1_0122_4_V02-8_1,대형소매점 판매액 혼합형에 대해 알려주세요,388.5549011230469,1411.326416015625,1779.7346348985286,751.0745435002565
MI3_240826_TY1_0122_5_V02-8_1,업종별 취업자수 증감추이 혼합형에 대해 알려주세요,335.6391906738281,2386.14697265625,914.1124816303237,687.5246674196118
MI3_240826_TY1_0122_6_V02-8_1,4. 물가 및 부동산가격에 대한 혼합형 차트에 대해 알려주세요,1284.8170166015625,1814.974365234375,914.9375337016426,669.5713433886328
MI3_240826_TY1_0132_1_V02-4_1,중국 본토 위안화 자금의 홍콩 유입과 홍콩달러 및 위안화의 대미달러 환율 추이에 대해 알려주세요,387.5133056640625,1253.9420166015625,1792.0837325073528,861.2716169531452
MI3_240826_TY1_0132_2_V02-4_2,미국 원유 생산량 차트(꺾은선형)에 대해 알려주세요,368.40545654296875,1890.720947265625,856.791872886441,487.8710091244725
MI3_240826_TY1_0132_3_V02-4_1,V. 최근 미 금융시장 변동성 완화의 배경 및 평가에 대해 알려주세요,609.9400024414062,1055.33984375,1290.1793343287072,587.751880745578
MI3_240826_TY1_0132_4_V02-4_4,본문에서 PMI 및 산업생산 관련 지표의 꺾은선형에 대해 알려주세요,367.4430236816406,2570.435302734375,640.7785658176914,483.366767734726
MI3_240826_TY1_0132_5_V02-4_2,에 대한 전년동기비 %꺾은선형에 대해 알려주세요,357.51617431640625,1534.927001953125,892.4636385616739,596.3571433574825
MI3_240826_TY1_0132_6_V02-8_2,실업자수 및 실업률 추이 혼합형에 대해 알려주세요,440.9371337890625,1727.3604736328125,1679.0747120844792,563.2537629703178
MI3_240826_TY1_0140_1_V01_2,III. 국내 및 전북의 중소기업 정책자금 현황과 문제점에 대해 알려주세요,409.2183532714844,1623.289306640625,1763.039104161311,552.8483031876617
MI3_240826_TY1_0140_2_V01_2,중소기업대출비율제도 제목 차트(세로 막대형)에 대해 알려주세요,397.39263916015625,2628.340576171875,1766.8650267044022,387.46968741707855
MI3_240826_TY1_0140_3_V02-3_2,기업경영형태(2) 원형에 대해 알려주세요,462.65423583984375,1750.7506103515625,1627.6321743821711,589.3866108630265
MI3_240826_TY1_0140_4_V02-3_1,2016-01 한국은행 전북본부 (그림 6) 기업경영애로 및 자금 사정 차트(원형)에 대해 알려주세요,431.7135009765625,1358.3023681640625,1705.4408268961736,617.5366367334551
MI3_240826_TY1_0140_5_V02-3_1,전북지역 중소기업 정책자금 현황과 정책자금 지원조건별 만족도 차트에 대해 알려주세요,429.234619140625,620.3892211914062,1720.0790597354867,1915.4419412739976
MI3_240826_TY1_0140_6_V02-3_1,전북지역 중소기업 정책자금 현황과 효과와 문제점 차트(원형)에 대해 알려주세요,474.49371337890625,615.8223876953125,1611.3636724325681,1811.4046178892054
MI3_240826_TY1_0155_1_V02-3_1,개 황 금융기관 수신 비중 차트(원형)에 대해 알려주세요,368.3458557128906,2283.102294921875,868.7789611286817,577.9781841504953
MI3_240826_TY1_0155_2_V02-8_1,금융기관별 여신 비중 혼합형에 대해 알려주세요,422.23291015625,2004.6610107421875,1717.9598496069411,713.1883417506679
MI3_240826_TY1_0155_3_V02-8_1,건축착공면적 및 건축허가면적에 대해 알려주세요,340.5565185546875,2480.30810546875,1870.0191750925057,649.0240281234252
MI3_240826_TY1_0155_4_V02-8_1,대형소매점 판매 및 승용차 신규 등록대수 차트(혼합형)에 대해 알려주세요,387.75030517578125,1159.6751708984375,1805.8862205931566,616.8588235227724
MI3_240826_TY1_0155_5_V02-8_2,소비자물가 상승률에 관한 차트에 대해 알려주세요.,386.3709411621094,677.108642578125,1798.995777960438,625.5397530680472
MI3_240826_TY1_0155_6_V02-8_1,제목에 대한 매매가격과 전세가격 상승률을 포함한 혼합형 차트에 대해 알려주세요,352.3067626953125,596.5146484375,1857.0432987732636,643.6411381048738
MI3_240826_TY1_0170_1_V01_1,2002년 9월중의 화폐발행액과 화폐환수액에 대해 알려주세요,394.85076904296875,2360.255126953125,1779.8129279327406,596.177633072203
MI3_240826_TY1_0170_2_V01_1,이 문서에서 다루고 있는 본문에 대한 표와 관련된 내용에 대해 알려주세요.,317.2207946777344,2077.595703125,1907.6618051675182,1055.6162475685803
MI3_240826_TY1_0170_3_V01_1,이 문서에서 2002년 8월말 금융자금에 대한 데이터와 그래프 형식에 대해 알려주세요.,369.52825927734375,1832.052490234375,1827.0316901179121,908.0672227469651
MI3_240826_TY1_0170_4_V01_1,에 대한유형의 그래프에 대해 알려주세요,359.8903503417969,1723.2911376953125,1850.5073193883618,959.375251203878
MI3_240826_TY1_0170_5_V01_1,신용보증 추이와 관련된 데이터의 표에 대해 알려주세요,358.6355285644531,1613.0430908203125,1871.2471153182491,1004.73148939271
MI3_240826_TY1_0170_6_V01_1,에 대한 본문 내용을 바탕으로 전월대비와 전년동월대비 지수를 나타내는 표에 대해 알려주세요.,364.39227294921875,1690.102783203125,1830.9481571015197,1411.688830336298
MI3_240826_TY1_0178_1_V02-3_1,2016년 2월말 현재 금융기관 수신 비중 차트에 대해 알려주세요,1337.6025390625,2271.89501953125,744.9860270878809,515.1720843783415
MI3_240826_TY1_0178_2_V02-8_1,금융기관별 여신 비중 혼합형에 대해 알려주세요,409.1282043457031,2005.95849609375,1742.5547253705074,732.8607102202844
MI3_240826_TY1_0178_3_V02-8_1,건축허가면적 및 건축착공면적 혼합형에 대해 알려주세요,367.99407958984375,2501.50048828125,1824.6351329115396,600.0890266716971
MI3_240826_TY1_0178_4_V02-8_1,대형소매점 판매 및 승용차 신규 등록대수 혼합형에 대해 알려주세요,390.20556640625,1176.1004638671875,1806.1078852497985,603.100814101668
MI3_240826_TY1_0178_5_V02-8_1,소비자물가 상승률에 대해 알려주세요,387.19647216796875,710.3895874023438,1801.4583772583983,613.6594994014857
MI3_240826_TY1_0178_6_V02-8_1,아파트가격 상승률 차트(혼합형)에 대해 알려주세요,336.9412536621094,2524.198974609375,1832.9748946961813,601.6661496156557
MI3_240826_TY1_0180_1_V02-3_1,총수신 원형에 대해 알려주세요,1328.574951171875,2249.96240234375,782.3013545745102,563.1512803528423
MI3_240826_TY1_0180_2_V02-8_1,금융기관 여신 비중 혼합형에 대해 알려주세요,417.4593505859375,2006.89013671875,1719.1550130802816,731.4851225841282
MI3_240826_TY1_0180_3_V02-4_1,제조업 생산 꺾은선형에 대해 알려주세요,381.42877197265625,1064.3326416015625,1819.7425061774125,596.2299078961327
MI3_240826_TY1_0180_4_V02-8_1,대형소매점 판매 및 승용차 신규 등록대수 차트(혼합형)에 대해 알려주세요,380.6163024902344,2495.887451171875,1799.2838182180892,597.1039348119566
MI3_240826_TY1_0180_5_V02-8_2,소비자물가 상승률 혼합형에 대해 알려주세요,379.60400390625,2058.114501953125,1798.7817247414819,604.599699283834
MI3_240826_TY1_0180_6_V02-8_1,아파트가격 상승률에 대해 알려주세요,374.11651611328125,1104.6619873046875,1836.5383501709098,601.2071620837671
MI3_240826_TY1_0185_1_V02-8_1,2016년 10월중 광주·전남지역 화폐발행액과 환수액에 대한 막대형 차트에 대해 알려주세요,364.7058410644531,2285.7236328125,874.1420849761898,598.6101830745862
MI3_240826_TY1_0185_2_V02-3_1,금융기관 여신 원형에 대해 알려주세요,397.56488037109375,2053.229248046875,1768.8733778982084,754.9294924590257
MI3_240826_TY1_0185_3_V02-4_1,제조업 생산 꺾은선형에 대해 알려주세요,384.8282775878906,1041.462646484375,1812.6223519736195,656.662559163361
MI3_240826_TY1_0185_4_V02-8_2,광주 및 전남의 수출 혼합형 차트에 대해 알려주세요,388.917236328125,1174.0460205078125,1798.2986271584446,663.0591225506829
MI3_240826_TY1_0185_5_V02-8_2,소비자물가 상승률과 관련된 차트에 대해 알려주세요,388.7572326660156,2083.044677734375,1782.9847786469113,662.6180399466966
MI3_240826_TY1_0185_6_V02-8_1,아파트가격 상승률 혼합형에 대해 알려주세요,378.1307678222656,1078.51708984375,1826.0843924802884,651.2357525708885
MI3_240826_TY1_0186_1_V02-3_1,개 황 금융기관별 자산운용사 종금+신탁회사 원형에 대해 알려주세요,365.7535705566406,2200.261962890625,880.599668271634,599.4088263811452
MI3_240826_TY1_0186_2_V02-8_1,금융기관 여신 (기말잔액) 혼합형에 대해 알려주세요,398.451904296875,2053.7236328125,1766.388867505296,754.388656860472
MI3_240826_TY1_0186_3_V02-8_1,제조업 생산 혼합형에 대해 알려주세요,350.11090087890625,2469.682861328125,1841.2184811558593,658.4434515469127
MI3_240826_TY1_0186_4_V02-8_1,대형소매점 판매 및 승용차 신규 등록대수 혼합형에 대해 알려주세요,388.94049072265625,1097.730712890625,1800.7093521268712,654.901073824902
MI3_240826_TY1_0186_5_V02-8_2,소비자물가 상승률에 대한 혼합형 차트에 대해 알려주세요,398.76654052734375,753.99560546875,1791.6389428747314,651.0934680220419
MI3_240826_TY1_0186_6_V02-8_2,실업률 및 취업자수에 대해 알려주세요,377.9767150878906,1078.3018798828125,1826.3867339396122,651.4027362491995
MI3_240826_TY1_0190_1_V02-8_1,금융기관 수신 관련 혼합형 차트에 대해 알려주세요.,365.0917053222656,2200.13037109375,883.700936044965,599.497022428287
MI3_240826_TY1_0190_2_V02-8_1,금융기관별 여신 비중 혼합형에 대해 알려주세요,394.262451171875,2053.756591796875,1778.6935771346634,754.013867535503
MI3_240826_TY1_0190_3_V02-8_1,건축허가면적 및 건축착공면적에 대한 혼합형 차트에 대해 알려주세요,384.3956604003906,1041.500244140625,1813.558638628087,656.63573674852
MI3_240826_TY1_0190_4_V02-8_1,대형소매점 판매 및 승용차 신규 등록대수 혼합형에 대해 알려주세요,389.06475830078125,1113.3675537109375,1799.0761598272493,659.4399445912592
MI3_240826_TY1_0190_5_V02-8_2,O 소비자물가 등락률에 대한 차트(혼합형)에 대해 알려주세요,388.1057434082031,2082.896484375,1784.2354494342517,661.930276184253
MI3_240826_TY1_0190_6_V02-8_2,실업률 및 취업자수 혼합형에 대해 알려주세요,337.85174560546875,2481.192138671875,1819.4968309588219,655.8800298559875
MI3_240826_TY1_0193_1_V02-3_1,2017년 4월말 현재 금융기관별 수신 비중에 대한 원형 차트에 대해 알려주세요.,1321.561279296875,2201.841064453125,796.8137123850313,556.7187711452387
MI3_240826_TY1_0193_2_V02-4_1,어음부도율 꺾은선형에 대해 알려주세요,400.38836669921875,2051.183349609375,1759.4993917468837,757.6188512950039
MI3_240826_TY1_0193_3_V02-8_1,건축허가면적 및 건축착공면적에 대해 알려주세요,385.01129150390625,1041.54638671875,1812.2137999301524,656.4257755160631
MI3_240826_TY1_0193_4_V02-8_2,수출 혼합형에 대해 알려주세요,363.5219421386719,2471.81396484375,1796.3131555439309,653.1877338666037
MI3_240826_TY1_0193_5_V02-8_2,소비자물가 등락률에 대해 알려주세요.,387.866943359375,2084.048583984375,1785.044362748374,661.2586049224561
MI3_240826_TY1_0193_6_V02-8_2,실업률 및 취업자수 차트(혼합형)에 대해 알려주세요,378.5404052734375,1078.3975830078125,1825.2060722775032,651.1484030817419
MI3_240826_TY1_0200_1_V01_1,광주전남지역 금융의 현황과 활성화 방안 표에 대해 알려주세요,373.55059814453125,505.9060974121094,1816.9199440151046,1676.6966682554398
MI3_240826_TY1_0200_2_V01_1,2015-02 한국은행 광주전남본부에 대해 알려주세요,365.9190673828125,1446.8304443359375,1840.1892393545609,835.313401343978
MI3_240826_TY1_0200_3_V02-1_3,광주전남지역 금융의 현황과 활성화 방안 차트(세로 막대형)에 대해 알려주세요,453.11859130859375,1541.1741943359375,1618.7351510681062,658.427461873166
MI3_240826_TY1_0200_4_V02-1_3,광주전남지역 금융의 현황과 활성화 방안 차트(세로 막대형)에 대해 알려주세요,429.3223571777344,2410.496337890625,1675.0540943119815,661.9315767890256
MI3_240826_TY1_0200_5_V01_1,2015-02 한국은행 광주전남본부와 관련된 구분 연도 전국 서울 부산 대구 인천 광주 대전 울산의 평균에 대해 알려주세요,394.0257263183594,1338.111328125,1793.1103127614053,1541.0905743730036
MI3_240826_TY1_0200_6_V01_1,본 연구의 결론 부분에서 신용보증과 관련된 분석 결과에 대해 알려주세요.,402.21185302734375,573.9561157226562,1787.7433041503766,749.5126093570151
MI3_240826_TY1_0223_1_V01_1,"I. 금융동향단위 : 억원, %에 대해 알려주세요",460.3923645019531,2553.13037109375,1642.160784615525,484.5469416128283
MI3_240826_TY1_0223_2_V02-4_1,한국은행 예금 및 대출금 잔액 추이 차트(꺾은선형)에 대해 알려주세요,433.4681701660156,1372.6807861328125,1707.8093429251014,801.9854010147394
MI3_240826_TY1_0223_3_V02-8_1,금융기관 예수금 증감 추이 혼합형 차트에 대해 알려주세요,479.0928649902344,2080.203857421875,1628.1650319794885,770.7159155601378
MI3_240826_TY1_0223_4_V02-8_1,금융기관 여신 증감 추이 혼합형에 대해 알려주세요,465.61981201171875,1235.634521484375,1640.7113864591972,772.0944740731543
MI3_240826_TY1_0223_5_V02-8_1,중소기업 대출금 추이 혼합형에 대해 알려주세요,444.68377685546875,1189.09228515625,1686.9120571426156,788.1752393483652
MI3_240826_TY1_0223_6_V02-4_1,자금사정 관련 지표의 꺾은선형 차트에 대해 알려주세요,496.83001708984375,1330.9454345703125,1583.2890083705975,841.5162636119188
MI3_240826_TY1_0223_7_V02-3_1,금융기관별 예수금 및 여신 비중에 대해 알려주세요,820.9906005859375,593.1947631835938,996.5633900549788,949.1329437641002
MI3_240826_TY1_0226_1_V01_1,금융기관의 소유형태가 경영성과에 미치는 영향에 대해 알려주세요,623.207763671875,2129.7490234375,1167.2234712902937,572.5279892828869
MI3_240826_TY1_0226_2_V01_1,금융기관의 소유형태가 경영성과에 미치는 영향 본문 표에 대해 알려주세요,433.2528991699219,569.1942138671875,1727.3821829082858,571.0889864193982
MI3_240826_TY1_0226_3_V01_1,금융기관의 소유형태가 경영성과에 미치는 영향 표에 대해 알려주세요.,386.0439453125,570.7960205078125,1787.041840468813,1667.4382612074928
MI3_240826_TY1_0226_4_V01_1,유럽협동조합은행의 상호지원 유형과 관련된 표에 대해 알려주세요,379.3706359863281,2160.288818359375,1794.6422641338065,529.530646226105
MI3_240826_TY1_0226_6_V01_1,금융기관의 소유형태가 경영성과에 미치는 영향 표에 대해 알려주세요,403.42535400390625,1523.41796875,1778.9184989008259,1206.2839249069016
MI3_240826_TY1_0232_1_V02-1_1,금융기관 수신 차트(세로 막대형)에 대해 알려주세요,571.6123046875,1915.90869140625,1437.9765841905391,905.8969484218247
MI3_240826_TY1_0232_2_V02-1_1,제목에 관련된 월 중 증감액을 보여주는 차트(세로 막대형)에 대해 알려주세요,600.6261596679688,1961.7677001953125,1328.0616312402324,851.6414985072466
MI3_240826_TY1_0232_3_V02-4_1,3.0(%)꺾은선형에 대해 알려주세요,608.2948608398438,1816.8975830078125,1353.0420444909319,844.9687509943117
MI3_240826_TY1_0232_4_V01_1,2001 2 002 12월중 1~12월중 11월중 12월중 금융 자금에 대해 알려주세요,493.59906005859375,1745.9354248046875,1575.964707152889,1148.1224740492635
MI3_240826_TY1_0232_5_V01_1,12월말잔액 차트(세로 막대형)에 대해 알려주세요,504.50518798828125,1536.58642578125,1536.6115246032869,1042.4702783326582
MI3_240826_TY1_0232_6_V01_1,도내 어음부도율(%) 차트에 대해 알려주세요,501.8782043457031,1684.6959228515625,1561.854337030938,1269.0868965445175
MI3_240826_TY1_0246_1_V02-4_1,중국경제는 세계경제가 본격적인 회복세를 보이 지 못하고 있는 가운데서도 재정지출의 확대와 외국인 직접투자 증대 등으로 내수가 계속 활발 한 데다 미달러화와 연동되어 있는 위안화의 상 대적 약세 등으로 수출이 호조를 보여 높은 성 장세를 지속하고 있다. 교역량증가율과 경제성장률 차트(꺾은선형)에 대해 알려주세요.,338.1562805175781,998.60302734375,934.5934269098592,700.0176891622059
MI3_240826_TY1_0246_2_V02-8_2,에 대한 자본수지 및 외국인 투자 추이 혼합형 차트에 대해 알려주세요.,320.90826416015625,2123.225341796875,948.01474399558,714.0979218000368
MI3_240826_TY1_0246_3_V02-4_2,에 대한 내용을 바탕으로 기업대출금리와 관련된 꺾은선형 차트에 대해 알려주세요.,314.6211853027344,2306.815185546875,955.2973028063374,783.9443865408034
MI3_240826_TY1_0246_4_V02-1_2,코스닥 벤처기업 주식발행 추이에 대해 알려주세요,330.44647216796875,1460.15478515625,952.7933620366427,694.7872785740961
MI3_240826_TY1_0246_5_V02-4_1,이 문서에서는 토지가격 등락률 추이 꺾은선형에 대해 알려주세요,336.4337158203125,580.184814453125,886.9809028666826,655.8123129354937
MI3_240826_TY1_0246_6_V02-8_1,부외거래 규규 추이에 대해 알려주세요,325.1395263671875,547.1270141601562,942.9197123374715,630.528690349164
MI3_240826_TY1_0246_7_V02-1_1,주요 운용자산별 순이익 변화 추이에 대해 알려주세요,329.8769226074219,913.281494140625,976.362417634945,841.1686546884345
MI3_240826_TY1_0293_1_V02-8_1,최근 고용 동향에 대한 혼합형 차트에 대해 알려주세요,981.5297241210938,2476.07763671875,637.4488264281565,574.4330440792766
MI3_240826_TY1_0293_2_V02-8_1,최근의 고용동향에 대해 알려주세요,538.85400390625,1333.056884765625,1484.63919742252,954.9252822144007
MI3_240826_TY1_0293_4_V01_1,T01 T02 V01 표에 대해 알려주세요,364.1881103515625,1234.262451171875,1847.1138760422339,698.102663892068
MI3_240826_TY1_0293_5_V02-1_1,이 문서에서 최근 시·도별 자영업자수 증감에 대한 막대형 차트에 대해 알려주세요,634.1424560546875,920.3695678710938,1221.9045899682365,793.2808711421877
MI3_240826_TY1_0293_6_V02-2_1,연봉수준 차트(가로 막대형)에 대해 알려주세요,1300.75,1538.755126953125,858.0048159813246,602.0861866728943
MI3_240826_TY1_0298_1_V01_1,4. 발전 과제 프로 아프로 퍼스트 여자 리스사 할부사 산와 그레스 금융 머니 크레디트 평균 자산 대출에 대해 알려주세요,359.52215576171875,2388.07470703125,1864.8321972620674,444.34151062658367
MI3_240826_TY1_0298_2_V01_1,대부업체 추이 차트에 대해 알려주세요,376.5859375,1642.371826171875,1812.6911928304955,681.9560321493394
MI3_240826_TY1_0298_3_V01_1,주요 소비자금융업체의 총자산 및 대출금 추이에 대해 알려주세요,432.7880554199219,560.0654907226562,1721.5174917716006,587.9956462533933
MI3_240826_TY1_0298_4_V01_1,대부업체의 차입금리 및 대부금리 추세에 대해 알려주세요,410.3082580566406,2131.568115234375,1713.4071105466335,942.3491747467057
MI3_240826_TY1_0298_5_V01_2,주요 대부업체 자산 및 대출 규모에 대해 알려주세요,360.92230224609375,2482.97314453125,1888.1155898285672,606.3239283412856
MI3_240826_TY1_0298_6_V01_1,일본 대금업자의 대부잔액 추이 차트에 대해 알려주세요,383.14837646484375,608.9178466796875,1788.9046737360968,1439.6168599682637
MI3_240826_TY1_0304_1_V02-1_1,이 문서에서 지역별 고용률 차트를 포함한 시각요소에 대해 알려주세요.,440.4859924316406,667.8184204101562,1727.8783386563982,893.8983387888652
MI3_240826_TY1_0304_2_V01_1,대전·충남지역 경제성장률 및 고용상황 추이에 대해 알려주세요,450.5778503417969,1523.9324951171875,1690.5310912483885,819.2828980834302
MI3_240826_TY1_0304_3_V02-4_1,대전·충남지역 상용근로자 증가율 추이에 대해 알려주세요,496.5128479003906,2425.477783203125,1539.4356595883664,629.6226367434451
MI3_240826_TY1_0304_4_V02-4_1,대전·충남지역 연령별 취업자 비중 추이 꺾은선형에 대해 알려주세요,433.2867126464844,553.5062866210938,1707.0400646714543,752.3030319475681
MI3_240826_TY1_0304_5_V02-4_1,Ⅲ. 지자체의 일자리창출정책에 대한 평가대전 및 충남지역 상용근로자 증가율 추이에 대해 알려주세요,585.9190063476562,1939.42138671875,1373.0178400670409,602.4644197478909
MI3_240826_TY1_0304_6_V02-1_1,2001 2005년중 대전·충남지역 산업별 취업자수 증감 차트(세로 막대형)에 대해 알려주세요,439.6915283203125,2411.53759765625,1685.0988101466207,681.6771456664237
MI3_240826_TY1_0315_3_V02-1_1,2015-03 한국은행 전북본부 및 2. 독일 경제성장 원동력으로서의 중소기업 성과에 대해 알려주세요,397.6798095703125,1497.4444580078125,828.8576262975829,734.4563297711153
MI3_240826_TY1_0315_4_V03_1,독일 히든챔피언기업(HCE) 경쟁력 체계 다이어그램에 대해 알려주세요,529.0289306640625,2271.529541015625,1429.5684137867656,256.1533060874057
MI3_240826_TY1_0324_1_V01_1,미국 경제성장률 전망 본문 표에 대해 알려주세요,444.85382080078125,953.63818359375,1690.222299853874,677.1087709977675
MI3_240826_TY1_0324_2_V02-8_1,고용사정 개선추세와 관련된 차트에 대해 알려주세요,366.78582763671875,2413.482666015625,1830.697036463672,711.1247330997695
MI3_240826_TY1_0324_3_V02-4_1,주택 시장에 대한 꺾은선형 차트에 대해 알려주세요,377.921630859375,2230.311279296875,1821.3430349630717,756.9635743071693
MI3_240826_TY1_0324_4_V02-4_1,제목에 대한 PCE 및 근원 PCE 물가상승률 꺾은선형 차트에 대해 알려주세요,1269.1278076171875,2112.156982421875,939.5364630817985,763.5281138453302
MI3_240826_TY1_0324_5_V02-4_1,T01 T02 T03 꺾은선형에 대해 알려주세요,348.98175048828125,2459.789794921875,1854.8732148286483,664.1487686153912
MI3_240826_TY1_0324_6_V02-4_1,주가지수 및 VIX 추이에 대해 알려주세요,348.72088623046875,2460.39306640625,1856.3708062337896,664.4809213099077
MI3_240826_TY1_0324_7_V02-4_1,미 달러화 환율 차트(꺾은선형)에 대해 알려주세요,370.3167724609375,2238.809814453125,1838.2432666817845,722.5944285308534
MI3_240826_TY1_0335_1_V01_1,제목에 해당하는 문서에서 항목과 금액에 대해 알려주세요,439.20526123046875,1292.6229248046875,1675.4691885682953,647.5705258085382
MI3_240826_TY1_0335_2_V01_1,부록 파생상품 익스포저 표에 대해 알려주세요,450.46356201171875,1404.7115478515625,1684.9111545709786,226.04248750899154
MI3_240826_TY1_0335_3_V01_1,총수익스왑 차트(세로 막대형)에 대해 알려주세요,450.667724609375,556.9600219726562,1691.1355840301599,638.3622329625335
MI3_240826_TY1_0343_1_V02-4_1,해외경제 포커스 차트(꺾은선형)에 대해 알려주세요,398.5723876953125,655.1148071289062,848.0900714454702,777.1884498339773
MI3_240826_TY1_0343_2_V02-1_1,해외경제 포커스 제2006-39·40호 차트(세로 막대형)에 대해 알려주세요,440.247802734375,2337.19580078125,1664.2240068582948,656.5034984197723
MI3_240826_TY1_0343_3_V02-4_1,해외경제 포커스 제2006-39·40호 차트(꺾은선형)에 대해 알려주세요,442.0963439941406,1150.0660400390625,1684.5251223733258,720.5083858378417
MI3_240826_TY1_0343_4_V01_1,해외경제 포커스의 기준금리 전망에 대해 알려주세요,445.1539001464844,2215.085693359375,1647.8020885407468,563.737065768075
MI3_240826_TY1_0343_5_V02-4_1,해외경제 포커스의 영란은행 기준금리 추이에 대해 알려주세요.,444.54388427734375,1632.8277587890625,1675.644098867902,785.5771084652612
MI3_240826_TY1_0343_6_V02-4_1,2006년 월별 반도체 가격 꺾은선형에 대해 알려주세요,453.6576232910156,1723.543212890625,1651.3072677578314,722.3021314891059
MI3_240826_TY1_0353_1_V02-8_1,해외경제 포커스 제2006-30호에서 제공하는 미국의 경제성장률 및 물가상승률 추이에 대해 알려주세요.,487.9264831542969,2280.07763671875,1596.6405535195968,700.72649837924
MI3_240826_TY1_0353_2_V01_1,해외경제 포커스 제2006-30호의 주요 투자은행 전망에 대해 알려주세요,426.66998291015625,1403.090576171875,1698.0171688736143,690.1672636753356
MI3_240826_TY1_0353_3_V02-7_1,해외경제 포커스 제2006-30호에서 제공되는 방사형 차트에 대해 알려주세요,590.3746337890625,2157.49169921875,1371.3997671528798,793.3075452959829
MI3_240826_TY1_0353_4_V02-4_1,"12 (전년동기대비, %) 차트(꺾은선형)에 대해 알려주세요",489.6764831542969,1105.210693359375,1611.3016603417475,925.4241284692806
MI3_240826_TY1_0353_5_V02-4_1,위안화 환율 추이 차트(꺾은선형)에 대해 알려주세요,575.0272827148438,1583.587646484375,1442.5257076446753,842.4087970076362
MI3_240826_TY1_0353_6_V02-4_1,해외경제 포커스 제2006-30호의 미국의 중국 수입물가 변동률 추이에 대해 알려주세요,619.2130737304688,2190.6923828125,1322.421611497491,764.3197693396911
MI3_240826_TY1_0357_1_V02-4_1,해외경제 포커스 제2006-26호 2. 유휴노동력 소진 여부 미국의 경제활동참가율 추이에 대해 알려주세요,460.1601257324219,1729.2681884765625,1653.026478981142,861.152345657131
MI3_240826_TY1_0357_3_V02-8_1,해외경제 포커스 제2006-26호에서 제시된 혼합형 차트에 대해 알려주세요,1321.994873046875,636.5274658203125,827.3206197595479,801.196467687654
MI3_240826_TY1_0357_4_V02-4_1,해외경제 포커스 제2006-26호 차트(꺾은선형)에 대해 알려주세요,457.18505859375,1600.130859375,1635.9261118094873,719.6018637534855
MI3_240826_TY1_0357_6_V02-4_1,해외경제 포커스 제2006-26호의 꺾은선형 차트에 대해 알려주세요,441.7920227050781,674.7962646484375,1691.6009762427843,862.810568349395
MI3_240826_TY1_0357_7_V02-4_1,해외경제 포커스 차트(꺾은선형)에 대해 알려주세요,460.1588134765625,638.51025390625,1653.8528445480858,740.7375015299089
MI3_240826_TY1_0357_8_V02-4_1,해외경제 포커스 제2006-26호 차트(꺾은선형)에 대해 알려주세요,468.801025390625,1159.2412109375,1627.179542275469,736.610622937596
MI3_240826_TY1_0359_1_V02-4_1,무담보 콜 평잔 추이 꺾은선형에 대해 알려주세요,485.3423767089844,2175.317626953125,1599.6527723175632,797.3830360285824
MI3_240826_TY1_0359_2_V02-4_1,기간물 콜금리 추이 꺾은선형에 대해 알려주세요,448.816162109375,1330.1448974609375,740.5180895924439,744.3698324436837
MI3_240826_TY1_0359_3_V02-4_2,해외경제 포커스 제2006-24호에서 장기금리 추이에 대해 알려주세요,1338.661376953125,642.0763549804688,781.7108387280645,720.399530615557
MI3_240826_TY1_0359_4_V02-1_1,해외경제 포커스 제2006-24호에서 제공하는 세로 막대형 차트에 대해 알려주세요,401.55657958984375,1105.301025390625,837.4051148439219,776.995026107647
MI3_240826_TY1_0359_5_V02-4_1,해외경제 포커스 제2006-24호 차트(꺾은선형)에 대해 알려주세요,495.8584899902344,886.925048828125,1600.2612973601738,910.9142783942953
MI3_240826_TY1_0359_6_V02-4_1,해외경제 포커스 제2006-24호의 주가 추이에 대한 꺾은선형 차트에 대해 알려주세요,1332.1591796875,658.4591674804688,782.7072647278463,712.2067884746201
MI3_240826_TY1_0364_1_V02-4_1,해외경제 포커스 제2006-18호의 기존주택재고(좌축)와 공급가능월수(우축)에 대해 알려주세요,1324.757080078125,2081.894287109375,818.678593123424,725.2438026918386
MI3_240826_TY1_0364_2_V01_1,해외경제 포커스 제2006-18호 본문 표에 대해 알려주세요,490.7734680175781,662.2472534179688,1595.5639941226777,646.1506111327457
MI3_240826_TY1_0364_3_V02-4_1,주택건설투자의 성장기여도 추이에 대해 알려주세요,1327.585205078125,2258.24169921875,804.4815900211958,688.3972989175307
MI3_240826_TY1_0364_4_V02-8_1,해외경제 포커스 제2006-18호의 유로지역의 실질GDP 성장률 추이에 대해 알려주세요,436.8583984375,2130.2880859375,1686.1841073389505,751.0203375965219
MI3_240826_TY1_0364_5_V02-1_1,해외경제 포커스 제2006-18호의 영국의 실질 GDP 성장률 추이에 대해 알려주세요.,427.5308837890625,2225.17822265625,1704.0143392014652,733.7931606093443
MI3_240826_TY1_0364_6_V01_1,해외경제 포커스 제2006-18호 본문 차트에 대해 알려주세요,417.6123962402344,1229.6044921875,1730.7241353875957,627.7543210604885
MI3_240826_TY1_0372_1_V02-8_1,수출입 증가율 및 무역수지 추이에 대해 알려주세요,492.94488525390625,643.1610717773438,1591.4532026047802,878.0465200718768
MI3_240826_TY1_0372_2_V01_1,해외경제 포커스 제2006-8호에서 제공하는 일본 수출입 증감률 및 무역수지 추이에 대해 알려주세요.,441.9069519042969,1752.1845703125,1674.7041200477015,399.2509966579476
MI3_240826_TY1_0372_3_V02-1_1,해외경제 포커스 제2006-8호의 프랑스의 경제성장률 추이에 대해 알려주세요,444.0548095703125,1380.4256591796875,1673.8317979933427,780.1499130955835
MI3_240826_TY1_0372_4_V02-1_1,해외경제 포커스 제2006-8호 차트(세로 막대형)에 대해 알려주세요,425.7762451171875,1266.2886962890625,1710.921716370908,757.7069742366382
MI3_240826_TY1_0372_5_V02-8_1,해외경제 포커스 제2006-8호 물가 추이에 대해 알려주세요,449.1069030761719,2261.63330078125,1648.0655800858235,680.1632333060526
MI3_240826_TY1_0372_6_V02-1_1,해외경제 포커스 제2006-8호 차트(세로 막대형)에 대해 알려주세요,442.88409423828125,968.313720703125,1684.6791543738066,748.9251257530271
MI3_240826_TY1_0374_1_V01_1,국제유가 표에 대해 알려주세요,404.1036376953125,2189.320556640625,1733.5957782469243,556.8763095749123
MI3_240826_TY1_0374_2_V01_1,"해외경제 포커스 제2006-6호에서 아르헨티나, 브라질, 칠레 등 주요 남미 국가의 1980년대부터 2000년대 초까지의 빈곤율에 대해 알려주세요.",1263.910888671875,687.838623046875,857.2930057113132,621.0428467042356
MI3_240826_TY1_0374_3_V01_1,해외경제 포커스 향후 전망 차트에 대해 알려주세요,511.1942443847656,1260.4852294921875,1501.6396703475182,434.7799471681634
MI3_240826_TY1_0374_4_V02-1_1,기업물가 추이에 대해 알려주세요,445.5701904296875,967.5380249023438,1679.598180537362,759.3268588763831
MI3_240826_TY1_0374_5_V02-1_1,구매관리자지수 추이 세로 막대형에 대해 알려주세요,550.1408081054688,675.216064453125,1491.3038184449663,644.2854672483196
MI3_240826_TY1_0374_6_V02-1_1,해외경제 포커스 제2006-6호에 대해 알려주세요,446.0586242675781,966.4773559570312,1680.5540445660238,736.6347432444571
MI3_240826_TY1_0377_1_V02-8_1,해외경제 포커스 제2006-3호의 유로지역 주요국 및 미국의 노동활용률 변화 혼합형 차트에 대해 알려주세요,424.76116943359375,1589.924560546875,1724.220163124279,995.7882915087957
MI3_240826_TY1_0377_2_V01_1,해외경제 포커스 제2006-3호 본문 표에 대해 알려주세요,417.87554931640625,657.9520263671875,1747.015342111207,480.1730931206481
MI3_240826_TY1_0377_3_V02-1_1,해외경제 포커스 제2006-3호 주요국 소득대체율 차트에 대해 알려주세요,575.9595336914062,2150.08837890625,1398.505634528008,759.8300109682741
MI3_240826_TY1_0377_4_V02-1_1,해외경제 포커스 기업물가 추이에 대해 알려주세요.,445.3536376953125,951.0274658203125,1678.3090925742626,747.3437633936526
MI3_240826_TY1_0377_5_V02-4_1,해외경제 포커스 제2006-3호에 대한 영국의 소비자물가 추이 꺾은선형에 대해 알려주세요,454.5704650878906,652.962890625,1658.9491509161032,719.1815586892985
MI3_240826_TY1_0377_6_V02-4_1,해외경제 포커스에서 브라질 정책금리 추이에 대해 알려주세요,458.2802734375,1026.98828125,1655.145917198923,666.8455769160203
MI3_240826_TY1_0380_1_V01_1,해외경제 포커스 제2005-53호 본문 시각요소에 대해 알려주세요,421.5474853515625,1644.7999267578125,1738.9077058630787,1232.373782554642
MI3_240826_TY1_0380_2_V02-4_1,컨퍼런스보드 소비자신뢰지수 현황 및 기대지수에 대해 알려주세요,439.06048583984375,2240.2734375,1679.416160875666,753.5390400079934
MI3_240826_TY1_0380_3_V02-1_1,광공업생산 추이에 대해 알려주세요,441.79937744140625,2006.2757568359375,1672.6280723663285,737.6180365467095
MI3_240826_TY1_0380_4_V02-8_1,해외경제 포커스 제2005-53호 프랑스의 실업률 추이에 대해 알려주세요,442.43487548828125,2157.9111328125,1676.3914523613053,766.3412828852923
MI3_240826_TY1_0380_5_V02-8_1,아르헨티나의 무역수지 추이에 대한 혼합형 차트에 대해 알려주세요,427.82794189453125,1686.079833984375,1706.5630162398934,748.5050772030397
MI3_240826_TY1_0380_6_V02-1_1,해외경제 포커스 제2005-53호의 뉴질랜드 M3 증가율 추이에 대해 알려주세요,435.7213134765625,1128.6929931640625,1699.1193203316404,774.7178732936643
MI3_240826_TY1_0383_1_V02-8_1,해외경제 포커스 제2005-50호에서 WTI 혼합형 차트에 대해 알려주세요,465.9203186035156,1105.449951171875,1624.3263789978525,550.8645109801671
MI3_240826_TY1_0383_2_V02-8_1,해외경제 포커스 제2005-50호 신규실업수당 청구자수 추이에 대해 알려주세요,433.7647399902344,1172.645263671875,1701.452268897316,753.1573924421486
MI3_240826_TY1_0383_3_V02-1_4,해외경제 포커스 제2005-50호의 차트(세로 막대형)에 대해 알려주세요,1343.5726318359375,2387.31298828125,740.0308800022874,502.418068590184
MI3_240826_TY1_0383_4_V02-4_1,생산자물가 추이에 대해 알려주세요,463.96197509765625,663.2383422851562,1645.7656969696427,727.4657742593539
MI3_240826_TY1_0383_5_V02-4_1,해외경제 포커스 제2005-50호의 말레이시아 수출입 추이에 대해 알려주세요,437.17144775390625,953.89404296875,1696.5900396794145,759.3129652060131
MI3_240826_TY1_0383_6_V02-1_1,해외경제 포커스 제2005-50호 차트(세로 막대형)에 대해 알려주세요,451.63995361328125,657.46435546875,1669.0238134256724,705.9646452560809
MI3_240826_TY1_0392_1_V01_2,해외경제 포커스 제2004-12호에서 S&P 500 지수 등락률 추이에 대한 차트에 대해 알려주세요,524.5386352539062,1508.8592529296875,1462.8566633587136,187.47042013421063
MI3_240826_TY1_0392_2_V02-8_1,해외경제 포커스 제2004-12호 신규실업수당청구자수 추이 혼합형에 대해 알려주세요,426.593505859375,1103.329345703125,1717.3117102965052,708.6769329247095
MI3_240826_TY1_0392_4_V02-1_1,프랑스 독일 영국 네덜란드 포르투갈 차트(세로 막대형)에 대해 알려주세요,514.04638671875,1873.0771484375,1542.533821204873,930.7962566414136
MI3_240826_TY1_0392_5_V02-1_1,국별 물가상승률 비교에 대한 세로 막대형 차트에 대해 알려주세요,468.57470703125,660.3072509765625,1640.0551177938653,844.0809054782885
MI3_240826_TY1_0392_6_V02-4_1,해외경제 포커스 제2004-12호의 영국 소비자물가 상승률 추이에 대해 알려주세요,454.98828125,930.2323608398438,1656.1676052262828,676.1373547073416
MI3_240826_TY1_0403_1_V02-1_1,금융습관지수의 분포 차트(세로 막대형)에 대해 알려주세요,915.632568359375,727.2359008789062,959.5824087389358,820.5289664964781
MI3_240826_TY1_0403_2_V02-4_1,해외경제 포커스 제2003-47호에서 유로지역의 GDP성장률 추이에 대해 알려주세요,456.87030029296875,652.7228393554688,1655.724534633673,752.497606529396
MI3_240826_TY1_0403_3_V02-8_1,해외경제 포커스에 포함된 소비자물가 추이 혼합형 차트에 대해 알려주세요,400.0500183105469,2157.1474609375,817.4985339469808,687.1748998190158
MI3_240826_TY1_0403_4_V02-4_1,해외경제 포커스 기준금리 추이에 대해 알려주세요,468.243896484375,639.2661743164062,1641.2900822701613,883.6504490968362
MI3_240826_TY1_0403_5_V02-8_1,수출입 추이 혼합형에 대해 알려주세요,436.1422424316406,2320.212890625,1680.292227170372,675.8710443380065
MI3_240826_TY1_0403_6_V02-1_1,해외경제 포커스 차트(세로 막대형)에 대해 알려주세요,457.1290283203125,1945.4708251953125,1651.7077443357919,871.4050290540656
MI3_240826_TY1_0406_1_V02-4_1,고령화 진전속도의 국별 비교 꺾은선형에 대해 알려주세요,516.8460083007812,2138.56982421875,1551.671284498748,706.4498395026304
MI3_240826_TY1_0406_2_V02-1_1,해외경제 포커스 제2003-44호 차트(세로 막대형)에 대해 알려주세요,621.4614868164062,1031.72900390625,1240.8978578288593,645.743975284264
MI3_240826_TY1_0406_3_V02-1_1,해외경제 포커스차트(세로 막대형)에 대해 알려주세요,616.8053588867188,1670.5404052734375,1279.6413292699483,705.670151676809
MI3_240826_TY1_0406_4_V02-8_1,해외경제 포커스 제2003-44호 본문 혼합형 차트에 대해 알려주세요,432.10479736328125,790.3390502929688,1711.914562048241,977.2945529365336
MI3_240826_TY1_0406_6_V02-8_1,해외경제 포커스 제2003-44호에서 프랑스의 실업률 추이에 대해 알려주세요,437.6073303222656,1445.480712890625,1698.9829080016273,1010.3394004644805
MI3_240826_TY1_0416_1_V01_2,중국 자동차 생산량 추이에 대해 알려주세요,443.3297119140625,1184.4423828125,1700.3638562854355,364.440085580759
MI3_240826_TY1_0416_2_V02-8_1,해외경제 포커스 제2003-33호에 대해 알려주세요,599.06982421875,660.5296020507812,1342.059013428265,703.4450234974593
MI3_240826_TY1_0416_3_V02-8_1,상품·서비스수지 혼합형에 대해 알려주세요,441.0099792480469,1237.7598876953125,1687.858370888877,700.2955233108117
MI3_240826_TY1_0416_4_V02-8_2,프랑스 산업생산 추이에 대한 차트 혼합형에 대해 알려주세요,442.4002380371094,2200.350830078125,1676.3485293985352,772.4375157267376
MI3_240826_TY1_0416_5_V02-8_1,포커스 제2003-33호의 영국의 상품수지 추이 혼합형에 대해 알려주세요,441.5810852050781,637.1009521484375,1694.3413872254494,874.614761091272
MI3_240826_TY1_0416_6_V02-4_2,해외경제 포커스 제2003-33호에서 소비자물가 추이에 대한 꺾은선형 그래프에 대해 알려주세요.,435.1651611328125,1146.2003173828125,1701.1143372542517,689.8368408294457
MI3_240826_TY1_0420_2_V02-8_2,해외경제 포커스 제2003-28호에서 유로지역 성장률 및 미국지역 성장률의 혼합형 차트에 대해 알려주세요,391.1564025878906,633.4297485351562,860.2073434557958,780.8026335385044
MI3_240826_TY1_0420_3_V02-4_1,해외경제 포커스 제2003-28호의 영란은행의 기준금리 추이에 대해 알려주세요.,450.5409851074219,1348.284423828125,1661.1282532024134,767.4526929505718
MI3_240826_TY1_0420_4_V02-8_1,해외경제 포커스 제2003-28호의 상품·서비스수지 적자 추이에 대해 알려주세요.,437.7550354003906,1386.556396484375,1698.0324975579829,939.2266389137184
MI3_240826_TY1_0420_5_V02-8_1,해외경제 포커스 제2003-28호 독일의 상품수지 추이에 대해 알려주세요,459.678466796875,2144.499267578125,1643.8399291862695,816.3607359485364
MI3_240826_TY1_0420_6_V02-8_1,해외경제 포커스 제2003-28호의 영국의 상품수지 추이에 대해 알려주세요,487.8431701660156,1207.7938232421875,1598.9120810925058,814.3215519094631
MI3_240826_TY1_0433_1_V01_2,해외경제 포커스 Bradford & Bingley 국유화 및 영업양도 관련 자료에 대해 알려주세요,417.6771240234375,667.333251953125,1726.8977635884137,962.4964171305153
MI3_240826_TY1_0433_2_V02-8_1,해외경제 포커스 제2008-40호에서 제시된 혼합형 차트에 대해 알려주세요,421.32733154296875,650.2294921875,798.6079277603346,723.8511190440981
MI3_240826_TY1_0433_3_V02-8_1,T01 T02 T03 차트(혼합형)에 대해 알려주세요,406.17333984375,1782.5821533203125,799.47110171825,709.0625283375156
MI3_240826_TY1_0433_4_V02-1_1,35 (조위안) □유통주 30 ☑비유통주 25 차트(세로 막대형)에 대해 알려주세요,1333.9962158203125,660.4840087890625,791.3498803135305,675.4403064119027
MI3_240826_TY1_0433_5_V01_1,해외경제 포커스 제2008-40호 일본은행 단기경제 관측조사 차트에 대해 알려주세요,405.7302551269531,2139.298583984375,1739.5743780153125,775.007418689228
MI3_240826_TY1_0433_6_V02-4_1,해외경제 포커스 제2008-40호의 유럽중앙은행 기준금리 추이에 대해 알려주세요.,491.45965576171875,1925.8642578125,1576.2074720526523,715.9906240376322
MI3_240826_TY1_0461_1_V01_1,해외경제 포커스 제2008-10호 차트에 대해 알려주세요,445.6671447753906,1426.2449951171875,1669.8443138572052,898.3354542627155
MI3_240826_TY1_0461_2_V01_1,해외경제 포커스 제2008-10호 본문 표에 대해 알려주세요,412.1932678222656,1686.193115234375,1742.539627291809,400.80727041077427
MI3_240826_TY1_0461_3_V01_1,해외경제 포커스 제2008-10호에서의 현물 및 선물 가격 변동에 대해 알려주세요,438.22235107421875,1988.214111328125,1676.6371853385076,951.4695502139638
MI3_240826_TY1_0461_4_V02-1_2,해외경제 포커스 제2008-10호에서 연금보험 자산 구성비에 대한 차트(세로 막대형)에 대해 알려주세요,1309.6307373046875,681.3575439453125,844.9404824264318,588.8449625016141
MI3_240826_TY1_0461_6_V02-4_1,해외경제 포커스 제2008-10호 차트(꺾은선형)에 대해 알려주세요,477.7119445800781,1165.60498046875,1615.5301251201768,876.0704013900114
MI3_240826_TY1_0468_1_V01_1,해외경제 포커스 제2008-2호에서 제공하는 주식 시장 데이터에 대해 알려주세요,417.78533935546875,1684.8514404296875,1739.9900274688327,292.26430466940815
MI3_240826_TY1_0468_2_V02-4_1,해외경제 포커스 제2008-2호의 국제유가 추이에 대해 알려주세요,427.2204284667969,1905.3726806640625,1689.697709908751,630.3599445009992
MI3_240826_TY1_0468_3_V01_1,"해외경제 포커스 3 D램 강보합, 낸드 플래시 하락 세로 막대형에 대해 알려주세요",412.940185546875,2409.13330078125,1739.7850086335775,536.0380149024836
MI3_240826_TY1_0468_4_V01_1,해외경제 포커스 제2008-2호에서 제시된 통계적 정보에 대해 알려주세요,418.35455322265625,1207.09814453125,1729.2061272239537,860.8183503358983
MI3_240826_TY1_0468_5_V01_1,해외경제 포커스 제2008-2호에서 제시된 상품·서비스수지에 대한 자료 그래프에 대해 알려주세요,412.69403076171875,2545.740966796875,1723.1786964297837,388.7053170557142
MI3_240826_TY1_0468_6_V02-4_1,영란은행의 기준금리 추이에 대해 알려주세요,438.7568054199219,1182.67919921875,1687.0931886996898,778.6495187234439
MI3_240826_TY1_0502_1_V02-4_1,해외경제 포커스 제2007-10호에서 엔/달러 및 달러/유로 추이에 대해 알려주세요,415.6993713378906,2072.633544921875,1739.4951389574583,790.2201067680951
MI3_240826_TY1_0502_2_V02-4_2,회사채 스프레드 추이 꺾은선형에 대해 알려주세요,435.6538391113281,2344.3212890625,1680.0201934301458,646.9250687290051
MI3_240826_TY1_0502_3_V02-8_1,해외경제 포커스 제2007-10호에 대해 알려주세요,524.967529296875,1179.4412841796875,1536.2373992108971,760.2349160050074
MI3_240826_TY1_0502_4_V02-1_1,해외경제 포커스 제2007-10호에서 40세 이상 연령대의 주식 및 외화자산 보유 비율 차트에 대해 알려주세요,518.91064453125,1375.8095703125,1541.3597368143542,803.7677203579066
MI3_240826_TY1_0502_5_V02-1_2,업종별 베이비붐 세대 비율 차트(가로 막대형)에 대해 알려주세요,385.8187255859375,637.355224609375,832.7425490967142,860.6032601433726
MI3_240826_TY1_0502_6_V02-4_1,해외경제 포커스 제2007-10호 영란은행의 기준금리 추이에 대해 알려주세요,449.2935485839844,1853.25537109375,1661.7846722612273,841.7825597171962
MI3_240826_TY1_0539_1_V02-4_1,해외경제 포커스 제2005-39호에서 다루어진 기대 인플레이션 꺾은선형 차트에 대해 알려주세요.,444.4460754394531,2108.605224609375,1672.6365773937912,800.499692784641
MI3_240826_TY1_0539_2_V02-4_2,해외경제 포커스에 대해 알려주세요,1323.3936767578125,1217.02880859375,801.2596043639387,675.507200650016
MI3_240826_TY1_0539_3_V02-8_1,해외경제 포커스 차트(혼합형)에 대해 알려주세요,376.3651123046875,2059.9853515625,845.2046549802008,837.7184914802763
MI3_240826_TY1_0539_4_V02-8_2,해외경제 포커스 제2005-39호에서 금액에 대한 차트에 대해 알려주세요,1318.951171875,655.2515869140625,822.7787567452239,685.7760176564116
MI3_240826_TY1_0539_5_V02-8_2,해외경제 포커스 제2005-39호 차트(혼합형)에 대해 알려주세요,380.354736328125,1921.97265625,836.3822952244026,772.5671354224828
MI3_240826_TY1_0539_6_V02-4_1,해외경제 포커스 제2005-39호의 경기동행 및 선행 지수에 대해 알려주세요,1315.272216796875,644.5717163085938,840.6640664899477,726.752600137512
MI3_240826_TY1_0542_1_V02-4_1,해외경제 포커스 제2005-34호의 순저축률 추이에 대해 알려주세요,553.2445678710938,1521.4954833984375,1443.666189592582,678.3967581454431
MI3_240826_TY1_0542_3_V02-8_2,해외경제 포커스 가계순자산과 저축률에 대해 알려주세요.,434.0051574707031,1513.326171875,583.2562275637422,514.723750650036
MI3_240826_TY1_0542_4_V02-8_3,"해외경제 포커스 제2005-34호에서 나타난 (저축률, %) 차트(혼합형)에 대해 알려주세요",1333.984619140625,1341.3448486328125,776.5275381818085,725.5694683188993
MI3_240826_TY1_0542_5_V02-8_3,"해외경제 포커스 제2005-34호의 주 : 1) s=k(g+8), 추세성장률에 대한 차트(혼합형)에 대해 알려주세요",454.99078369140625,1384.1754150390625,1676.5021485106101,1397.452469810074
MI3_240826_TY1_0542_6_V02-4_2,해외경제 포커스 제2005-34호의 최근 테러발생 전후 국제유가 추이에 대해 알려주세요,479.85174560546875,1054.6263427734375,1609.3201367343765,695.3369135980596
MI3_240826_TY1_0542_7_V02-3_1,Greenspan 연준의장의 후임자에 대한 차트(원형)에 대해 알려주세요,456.078125,1346.7601318359375,1658.082150984024,521.6502563855038
MI3_240826_TY1_0564_1_V02-4_1,"해외경제 포커스 제2005-1호 12.0 (전년동기대비, %) 차트(꺾은선형)에 대해 알려주세요",451.6356506347656,1766.0955810546875,1660.9821746790549,781.3232473355408
MI3_240826_TY1_0564_2_V02-4_1,해외경제 포커스 제2005-1호의 교역 증가율 꺾은선형 그래프에 대해 알려주세요,1330.4833984375,1620.6375732421875,795.9987628891705,647.7819814279966
MI3_240826_TY1_0564_4_V02-3_1,해외경제 포커스 제2005-1호의 수출에 대한 차트(원형)에 대해 알려주세요,454.76007080078125,2176.83154296875,1651.8973438330531,747.4313358802995
MI3_240826_TY1_0564_5_V02-4_1,소비자신뢰지수 꺾은선형에 대해 알려주세요,446.3130798339844,1057.138671875,1678.8829837386575,690.1965405628002
MI3_240826_TY1_0564_6_V02-8_1,해외경제 포커스 제2005-1호의 프랑스의 실업률 추이에 대해 알려주세요.,427.1446228027344,1232.6907958984375,1710.877106356744,762.7796558747624
MI3_240826_TY1_0572_1_V02-8_1,Bush 대통령의 공약 및 재정적자에 대한 차트(혼합형)에 대해 알려주세요,437.19403076171875,2194.977294921875,1669.140537454137,647.8475218112925
MI3_240826_TY1_0572_2_V02-4_1,해외경제 포커스의 기준금리 추이에 대해 알려주세요,441.763427734375,2125.7568359375,1675.8609687039047,858.3182943607443
MI3_240826_TY1_0572_3_V02-4_1,역내국 및 미국에 대한 수출 비중 변화 추이 꺾은선형 차트에 대해 알려주세요,624.4105224609375,2195.631591796875,1272.4256477286538,766.7388544739417
MI3_240826_TY1_0572_4_V02-8_1,제2004-45호 해외경제 포커스 차트(혼합형)에 대해 알려주세요,437.3953552246094,655.8024291992188,1695.9093286348461,805.3418303482678
MI3_240826_TY1_0572_5_V02-4_2,일본의 실질임금 추이에 대해 알려주세요,454.9058837890625,1061.4354248046875,1665.620752962292,679.6746163623084
MI3_240826_TY1_0572_6_V02-8_1,해외경제 포커스 제2004-45호에서 유로지역 소매판매 추이에 대한 혼합형 차트에 대해 알려주세요,427.6399230957031,1281.589111328125,1706.5286359116526,764.2892990611994
MI3_240826_TY1_0588_1_V02-8_1,제조업수주 추이에 대한 제조업수주액 혼합형 차트에 대해 알려주세요,441.7838134765625,662.980224609375,1688.1231723681744,724.8177283975849
MI3_240826_TY1_0588_2_V02-8_1,해외경제 포커스 제2004-27호 자동차판매 추이에 대해 알려주세요,433.5393371582031,2221.728271484375,1692.5285564019262,777.8552778453471
MI3_240826_TY1_0588_3_V02-4_2,해외경제 포커스 제2004-27호에 포함된 일본의 산업생산 추이에 대해 알려주세요.,435.18402099609375,979.3623046875,1697.641835906556,704.5401236770966
MI3_240826_TY1_0588_4_V02-8_1,해외경제 포커스 제2004-27호에 대해 알려주세요,469.85906982421875,647.0704956054688,1644.4035936872147,806.6922515792481
MI3_240826_TY1_0588_5_V02-4_2,해외경제 포커스 차트(꺾은선형)에 대해 알려주세요,443.1539611816406,2240.68994140625,1664.0810556918752,713.8312931375722
MI3_240826_TY1_0588_6_V02-4_1,태국의 수출입 추이 꺾은선형에 대해 알려주세요,437.520751953125,1008.3717041015625,1695.8915026667244,691.5808954586764
MI3_240826_TY1_0596_1_V02-4_1,해외경제 포커스 제2004-19호에서 소비자태도지수 및 기업경기실사지수에 대해 알려주세요,440.34600830078125,1802.7489013671875,1684.8911166072212,754.5909302972634
MI3_240826_TY1_0596_2_V02-4_1,해외경제 포커스 제2004-19호 엔/달러 및 달러/유로 차트(꺾은선형)에 대해 알려주세요,444.34771728515625,1766.2281494140625,1677.170637592603,992.0208929881259
MI3_240826_TY1_0596_3_V02-4_2,해외경제 포커스 제2004-19호의 회사채 스프레드 꺾은선형 차트에 대해 알려주세요,476.91815185546875,1044.632568359375,1625.7550185107702,695.1453399139044
MI3_240826_TY1_0596_4_V02-4_1,해외경제 포커스 제2004-19호의 영국의 주택가격 및 기준금리 추이에 대해 알려주세요,449.8598327636719,1911.0169677734375,1670.8593229853204,1009.4232455842598
MI3_240826_TY1_0596_5_V02-2_1,해외경제 포커스 차트(가로 막대형)에 대해 알려주세요,448.6495666503906,2379.79345703125,1640.291786623769,598.0269288511292
MI3_240826_TY1_0596_6_V02-4_1,가계소득 대비 주택가격 비율 차트(꺾은선형)에 대해 알려주세요,456.2681579589844,1497.618408203125,1660.1538300829475,837.8088956611723
MI3_240826_TY1_0603_1_V02-8_1,해외경제 포커스 제2008-52호의 일본 외환증거금 계좌 및 증거금예탁 규모 추이에 대해 알려주세요.,456.4343566894531,1243.761474609375,1662.2151659248032,572.430334230708
MI3_240826_TY1_0603_3_V02-4_3,해외경제 포커스 제2008-52호에서 명목임금과 실질임금 변화에 대해 알려주세요,392.47918701171875,669.5095825195312,860.8177169218574,721.7109437002929
MI3_240826_TY1_0603_4_V02-4_1,해외경제 포커스 제2008-52호의 지역별 수출 증감률에 대해 알려주세요,481.87567138671875,2055.16259765625,1592.2160983000638,704.5661830799132
MI3_240826_TY1_0603_5_V02-4_1,해외경제 포커스 제2008-52호에 포함된 시각요소 제목과 꺾은선형 차트에 대해 알려주세요.,448.66705322265625,2116.256103515625,1665.1747070306944,780.5190956749426
MI3_240826_TY1_0603_6_V02-4_1,2008년 경제 동향 꺾은선형에 대해 알려주세요,442.7755126953125,1777.1483154296875,1678.710574656345,763.106635898708
MI3_240826_TY1_0603_7_V02-4_1,국제원자재시장 차트(꺾은선형)에 대해 알려주세요,347.54736328125,1969.7874755859375,996.4773245807852,509.4388064225662
MI3_240826_TY1_0609_1_V02-4_2,해외경제 포커스 제2009-7호에 대해 알려주세요,394.88482666015625,1934.45068359375,797.244072367591,738.876507825274
MI3_240826_TY1_0609_2_V02-4_2,해외경제 포커스 제2009-7호에서 제공하는 회사채 신용 스프레드에 대한 꺾은선형 차트에 대해 알려주세요,481.14862060546875,1284.03271484375,1602.075247084766,636.9147178099305
MI3_240826_TY1_0609_3_V02-1_1,해외경제 포커스 제2009-7호의 차트(세로 막대형)에 대해 알려주세요,491.7611389160156,1232.25732421875,1595.4343365684988,640.658366614488
MI3_240826_TY1_0609_4_V02-8_1,해외경제 포커스 제2009-7호에서 상하이 종합주가지수와 거래액에 대해 알려주세요,462.9499816894531,2229.772216796875,1631.4063064926422,730.7756983002851
MI3_240826_TY1_0609_5_V02-4_1,해외경제 포커스 제2009-7호의 국제금융시장에 관한 꺾은선형 차트에 대해 알려주세요,465.30157470703125,2126.603515625,1631.1250188268834,825.4521759885941
MI3_240826_TY1_0609_6_V02-4_1,해외경제 포커스 제2009-7호의 주요국 주가 변화에 대한 차트(꺾은선형)에 대해 알려주세요,449.5522155761719,1938.5308837890625,1664.016885821968,815.9273106282005
MI3_240826_TY1_0612_1_V02-4_1,해외경제 포커스 제2009-10호의 대출수요 추이에 대해 알려주세요,439.6452941894531,1576.79296875,1691.6565024141246,793.4093613752284
MI3_240826_TY1_0612_2_V02-1_1,해외경제 포커스 제2009-10호 차트(세로 막대형)에 대해 알려주세요,447.18975830078125,1637.5894775390625,1675.3799728014553,789.4017176798574
MI3_240826_TY1_0612_3_V02-4_1,해외경제 포커스 소비자물가 상승률 꺾은선형에 대해 알려주세요,439.1039733886719,1649.4151611328125,1679.8724515548638,578.8910744551358
MI3_240826_TY1_0612_5_V02-4_1,해외경제 포커스 제2009-10호 환율 차트(꺾은선형)에 대해 알려주세요,450.8671569824219,2067.85546875,1661.1118725516965,834.9390689264759
MI3_240826_TY1_0612_6_V02-4_1,해외경제 포커스 제2009-10호의 꺾은선형 차트에 대해 알려주세요,444.51776123046875,1979.815185546875,1674.9888837979506,833.5696006346367
MI3_240826_TY1_0662_1_V02-8_1,미국 소비지표 및 취업자수 혼합형에 대해 알려주세요,291.67071533203125,2463.297607421875,998.5261269087771,660.2525641946789
MI3_240826_TY1_0662_2_V02-4_1,유로지역 소비자물가 상승률 전망에 대해 알려주세요,293.7310791015625,2443.43017578125,976.0900427755506,686.6277477556301
MI3_240826_TY1_0662_3_V02-4_2,일본 이동통신요금 상승률 차트(꺾은선형)에 대해 알려주세요,1285.476806640625,2472.10595703125,915.0731301326776,629.1210227890012
MI3_240826_TY1_0662_4_V02-8_1,중국 1인당 GDP 및 5분위 배율에 대해 알려주세요,340.99957275390625,2443.80419921875,897.440955101357,656.7743954811623
MI3_240826_TY1_0662_5_V02-3_1,인도 정부의 재정수지와 관련된 8개 부문에 대한 원형 차트에 대해 알려주세요,1277.501708984375,1931.2000732421875,921.1333550178738,724.2782361797673
MI3_240826_TY1_0662_6_V02-4_1,OPEC+ 회의 결과와 국제유가 추세에 대한 꺾은선형 차트에 대해 알려주세요,1283.2724609375,2484.436767578125,902.8404718403973,608.7825905208275
MI3_240826_TY1_0664_1_V02-4_1,충북지역 기업경기조사 결과 (2008년 11월 동향 및 12월 전망) I. 2008년 11월 충북지역 기업경기 동향 꺾은선형 차트에 대해 알려주세요,406.3586730957031,2316.9609375,1656.2945607104248,481.8300761662406
MI3_240826_TY1_0664_2_V01_1,08.3월 4월 5월 6월 7월 8월 전년대비 변동폭 표에 대해 알려주세요,365.35882568359375,2176.0615234375,1790.316165085217,590.3056743805308
MI3_240826_TY1_0664_3_V01_1,제조업 주요 BSI 추이 표에 대해 알려주세요,370.5885314941406,2478.859375,1765.027185793731,342.9676787434201
MI3_240826_TY1_0664_4_V01_1,경영애로 사항 표에 대해 알려주세요,364.9134521484375,1971.0869140625,1791.9999675006095,811.5156613294328
MI3_240826_TY1_0664_5_V01_1,부문별 비제조업BSI 표에 대해 알려주세요,374.07330322265625,1169.77587890625,1787.4337746565948,727.8316951788878
MI3_240826_TY1_0664_6_V02-3_1,원형에 대해 알려주세요,395.55828857421875,1061.442626953125,1700.1843181372462,683.3856722222802
MI3_240826_TY1_0666_1_V02-4_1,주요국 주가지수 꺾은선형에 대해 알려주세요,446.4070129394531,2198.985107421875,1670.1178193990738,789.2426708726839
MI3_240826_TY1_0666_2_V02-4_2,미국 채권수익률 차트(꺾은선형)에 대해 알려주세요,396.9385070800781,1454.2294921875,801.3359567845212,770.2885409466292
MI3_240826_TY1_0666_4_V02-4_1,반도체가격 꺾은선형에 대해 알려주세요,447.34588623046875,1104.8951416015625,1677.9011304844105,723.6224932020223
MI3_240826_TY1_0666_5_V02-4_1,해외경제 포커스 2003-50호의 시각요소 제목에 대한 꺾은선형 차트에 대해 알려주세요,515.978759765625,1784.2777099609375,1532.671260726826,744.4811465620903
MI3_240826_TY1_0666_6_V02-4_1,소매판매 증가율 및 소비자신뢰지수 꺾은선형에 대해 알려주세요,597.864013671875,2308.786376953125,1296.5435200016232,610.2720159569438
MI3_240826_TY1_0667_1_V02-4_1,IT 관련 생산자물가지수 추이에 대한 차트(꺾은선형)에 대해 알려주세요,442.01446533203125,693.012939453125,1619.168524197677,614.1023169932095
MI3_240826_TY1_0667_2_V01_1,IT 상품 수출입 증가율 비교 에 대해 알려주세요,427.563232421875,1804.53515625,1644.7215849061574,589.0060190859127
MI3_240826_TY1_0667_3_V02-8_1,경제 생산성과 관련된 차트(혼합형)에 대해 알려주세요,500.2078857421875,1944.16748046875,1509.6147655100453,747.3707525891597
MI3_240826_TY1_0667_6_V01_1,IT839 전략의 주요 내용 및 관련된 정보에 대해 알려주세요,466.852294921875,509.39190673828125,1595.9037555918378,797.4288079821741
MI3_240826_TY1_0676_1_V02-8_2,소비자신뢰지수 추이에 대해 알려주세요,407.8588562011719,634.2546997070312,826.0063135963966,713.144660987363
MI3_240826_TY1_0676_2_V02-8_1,해외경제 포커스 제2003-10호 차트(혼합형)에 대해 알려주세요,468.69482421875,1658.44140625,1620.3967738722572,703.665112942185
MI3_240826_TY1_0676_3_V02-4_2,환율누적변화 추이 차트(꺾은선형)에 대해 알려주세요,387.9205017089844,1631.4200439453125,831.7776316633298,767.7854894414816
MI3_240826_TY1_0676_4_V02-4_1,해외경제 포커스 제2003-10호의 꺾은선형 차트에 대해 알려주세요,714.061767578125,933.45849609375,1142.7741268504672,726.3518176173053
MI3_240826_TY1_0676_5_V02-4_1,해외경제 포커스 제2003-10호의 유럽중앙은행의 기준금리 추이 꺾은선형 차트에 대해 알려주세요,456.3184814453125,2230.32080078125,1645.5816685199945,760.6605446001016
MI3_240826_TY1_0676_6_V02-4_1,해외경제 포커스 제2003-10호 차트(꺾은선형)에 대해 알려주세요,459.1121826171875,838.655517578125,1657.8567063753612,779.2352496379847
MI3_240826_TY1_0679_1_V02-4_2,부산지역 자동차산업의 업황BSI 추이 차트(꺾은선형)에 대해 알려주세요,435.2368469238281,2441.4931640625,1660.5042432951668,646.6635817370211
MI3_240826_TY1_0679_2_V02-4_1,부산 자동차산업의 노동생산성 추이 비교 꺾은선형에 대해 알려주세요,476.0299987792969,1451.331787109375,1621.817243945952,780.0191216062327
MI3_240826_TY1_0679_3_V02-4_1,부산지역 자동차산업의 성장성 꺾은선형에 대해 알려주세요,481.8664245605469,2052.838134765625,1609.6642957558108,862.5443381367259
MI3_240826_TY1_0679_4_V02-4_1,부산지역 자동차산업 동향의 차트(꺾은선형)에 대해 알려주세요,455.5594787597656,1403.1375732421875,1652.242843777324,743.0606352921023
MI3_240826_TY1_0679_5_V02-4_1,부산지역 자동차산업의 업황BSI1) 추이 꺾은선형 차트에 대해 알려주세요,455.9711608886719,1651.96435546875,1657.3534792447006,772.9029858894097
MI3_240826_TY1_0679_6_V02-4_1,T01 T02 T03 차트(꺾은선형)에 대해 알려주세요,456.9859313964844,1185.675537109375,1664.5885518507325,838.1329838153158
MI3_240826_TY1_0687_1_V01_1,중앙정부 광관련 R&D과제 분류 표에 대해 알려주세요,356.9383850097656,765.1768188476562,904.9942079730706,536.8482165933551
MI3_240826_TY1_0697_1_V02-1_1,주택 매수우위지수 차트(세로 막대형)에 대해 알려주세요,340.24200439453125,516.469970703125,927.8703892879396,697.2771560217209
MI3_240826_TY1_0697_2_V02-4_1,대전 구별 미분양주택 추이에 대해 알려주세요,1289.57275390625,517.759765625,933.4156924704628,696.5727140432768
MI3_240826_TY1_0697_3_V02-1_2,종류별 주택 전세가격 상승률 차트(세로 막대형)에 대해 알려주세요,621.38330078125,2371.8056640625,1226.0990834825393,658.0425950841544
MI3_240826_TY1_0697_4_V02-4_3,대전 토지거래량 추이 꺾은선형에 대해 알려주세요,325.9256286621094,2416.259033203125,936.5476658898883,648.4781105073523
MI3_240826_TY1_0697_5_V02-1_2,대전 2인이하 가구 비중 추이에 대해 알려주세요,323.1958312988281,1067.3934326171875,916.6424006053348,523.1572892128628
MI3_240826_TY1_0697_6_V01_2,유형별 주택수 비중 차트(가로 막대형)에 대해 알려주세요,354.99114990234375,2463.093994140625,886.0644188549281,602.123780834289
MI3_240826_TY1_0699_1_V01_1,우리나라 컴퓨터 소프트웨어의 총공급액과 관련된 데이터 시각화에 대해 알려주세요,418.3796691894531,1003.457275390625,1723.8684729443407,1029.8183784077698
MI3_240826_TY1_0699_2_V01_1,정부부문의 소프트웨어 고정자본형성과 관련된 데이터 표에 대해 알려주세요,419.2869873046875,2032.1761474609375,1707.857097274949,810.6572434983888
MI3_240826_TY1_0699_3_V01_1,제목에 따른 부가가치계와 중간투입의 변화 분석에 대해 알려주세요,439.09857177734375,616.498779296875,1681.766919385024,957.7219005620091
MI3_240826_TY1_0699_4_V01_1,우리나라 컴퓨터 소프트웨어의 투자 처리와 관련된 데이터에 대해 알려주세요,429.1156311035156,1883.1922607421875,1686.1377310765813,603.2212441833445
MI3_240826_TY1_0712_1_V02-4_2,주요국별 최근 동향 및 하반기 전망에 대한 민간소비지출 꺾은선형에 대해 알려주세요,349.7663879394531,2167.03662109375,883.3161034616764,899.4185056140179
MI3_240826_TY1_0712_2_V02-4_1,실업률 및 HangSeng지수 차트(꺾은선형)에 대해 알려주세요,1327.8590087890625,2198.1884765625,849.6127258940242,830.7874969433452
MI3_240826_TY1_0712_3_V02-8_2,무역 관련 차트(혼합형)에 대해 알려주세요,362.5634765625,1147.833251953125,915.2670408295726,901.9584438742291
MI3_240826_TY1_0712_4_V02-4_1,제목에 기반하여 민간소비지출과 GDP의 변화 추세를 분석한 선형 차트에 대해 알려주세요.,345.1796569824219,2124.170166015625,912.8479714344661,903.2383365913399
MI3_240826_TY1_0712_5_V02-8_1,말레이시아의 경제 동향에 대한 혼합형 차트에 대해 알려주세요.,356.0867919921875,2038.598388671875,905.7010988105493,904.973036070765
MI3_240826_TY1_0712_6_V02-8_1,소비자물가 및 해외근로자 송금액 혼합형에 대해 알려주세요,351.04278564453125,2070.971923828125,913.2467019447372,906.8689670536098
MI3_240826_TY1_0722_1_V02-4_1,영국의 지급수단 이용 전망 꺾은선형 차트에 대해 알려주세요,511.2367248535156,548.3504638671875,1585.8671879225376,1000.8214828858797
MI3_240826_TY1_0722_2_V01_1,수표 및 기타 장표 지급수단의 변화 표에 대해 알려주세요,1274.0640869140625,2195.18017578125,893.9285200651393,812.1541567172451
MI3_240826_TY1_0722_3_V01_1,결제성계좌 미보유 현황 표에 대해 알려주세요,439.31396484375,532.298095703125,1753.1693485255503,655.5253126239371
MI3_240826_TY1_0722_4_V02-1_2,캐나다의 장표·전자 지급수단 이용비중 추이 차트(세로 막대형)에 대해 알려주세요,384.271728515625,557.6718139648438,929.3225047796652,869.0146021234013
MI3_240826_TY1_0722_5_V01_1,호주의 주요 소액결제 종류와 관련된 표에 대해 알려주세요,354.30572509765625,498.151611328125,1887.1263520946006,981.0610013545621
MI3_240826_TY1_0728_1_V01_1,계약이행 여부의 판단이 용이한 반면 예상치 못한 상황이 전개될 때 시각 요소인 표의 특성에 대해 알려주세요.,459.4625244140625,1083.5440673828125,1577.3686798464391,753.3011942400935
MI3_240826_TY1_0728_2_V01_1,회사채 잔액 중 금융기관 보증 잔액의 비중 추이 단위: 표에 대해 알려주세요.,440.49237060546875,1574.360595703125,1619.434140956002,619.4377014271034
MI3_240826_TY1_0728_3_V02-4_2,에 대한 시각요소 제목과 관련된 꺾은선형 차트에 대해 알려주세요,1356.6343994140625,1116.352783203125,604.7550816071856,515.794854871906
MI3_240826_TY1_0728_4_V02-4_5,시설자금 차트(꺾은선형)에 대해 알려주세요,578.6889038085938,1025.6866455078125,1373.5357519930305,1586.1537156721122
MI3_240826_TY1_0728_5_V02-4_4,T01 T02 T03 차트(꺾은선형)에 대해 알려주세요,1294.94873046875,1487.5106201171875,604.223789193624,421.3280027494827
MI3_240826_TY1_0728_6_V02-4_2,T01 T02 T03 차트(꺾은선형)에 대해 알려주세요,496.70404052734375,495.35504150390625,592.4707766944216,464.77165949479104
MI3_240826_TY1_0731_1_V02-8_1,소득수지 추이 혼합형에 대해 알려주세요,496.37200927734375,1078.48876953125,1476.9879093923223,786.4457815489086
MI3_240826_TY1_0731_3_V02-4_1,해외서비스소비/국내서비스소비 비율 꺾은선형 차트에 대해 알려주세요,493.2586975097656,672.2940063476562,1526.323699342318,743.311597069455
MI3_240826_TY1_0731_4_V02-8_1,상품수지 추세 혼합형에 대해 알려주세요,455.37603759765625,760.0517578125,1582.445445805649,781.4378685503212
MI3_240826_TY1_0770_1_V01_1,건축허가 면적에 대한 표에 대해 알려주세요,395.581298828125,2468.66015625,1795.4026852971353,617.1000591605166
MI3_240826_TY1_0770_2_V01_1,4. 대외거래 본문에 대한 표에 대해 알려주세요,406.49554443359375,1351.8436279296875,1760.6011567720413,1404.5235493489477
MI3_240826_TY1_0770_3_V01_1,2010년 7월 실업률에 대해 알려주세요,372.0948791503906,1689.9354248046875,1815.0682196715181,1394.9780139433917
MI3_240826_TY1_0770_4_V01_1,소비자물가와 관련된 자료에서 다양한 지표를 포함한 차트에 대해 알려주세요,411.1820373535156,1492.6920166015625,1762.5862210853127,1112.4298947792106
MI3_240826_TY1_0770_5_V01_1,부동산가격 동향에 대해 알려주세요,402.05621337890625,1111.0675048828125,1756.6391023132614,896.2442431513713
MI3_240826_TY1_0770_6_V01_1,7. 인천항 수출입 물동량 관련 표에 대해 알려주세요,422.275146484375,1587.2620849609375,1735.161662678319,1353.3659489794547
MI3_240826_TY1_0772_1_V01_1,신용보증 기관의 신용보증실적에 대해 알려주세요.,412.37176513671875,1378.2998046875,1754.7268342577793,1349.9981571557346
MI3_240826_TY1_0772_2_V01_1,4. 자금사정과 관련된 지표에 대해 알려주세요,414.5853271484375,2039.640869140625,1726.8975391660633,1033.00350809661
MI3_240826_TY1_0772_3_V01_1,Ⅱ. 실물동향제조업 생산·출하·재고동향에 대해 알려주세요,387.70794677734375,1711.4366455078125,1784.2299208652316,1361.931006995056
MI3_240826_TY1_0772_4_V01_1,공장 가동률 (%) 에 대해 알려주세요,412.0724182128906,1536.0247802734375,1763.442775177131,1172.5185267124684
MI3_240826_TY1_0772_5_V01_1,소비관련 주요지표 추이 차트(세로 막대형)에 대해 알려주세요,388.93896484375,1163.90673828125,1791.6940073853748,753.3221310595966
MI3_240826_TY1_0772_6_V01_1,4. 대외거래에 대한 표에 대해 알려주세요,406.1847839355469,1324.7613525390625,1760.5953141657803,1399.6305944175213
MI3_240826_TY1_0787_1_V02-8_1,물류산업 관련 주요 지표 추이에 대해 알려주세요,1539.8848876953125,2350.652587890625,618.53053393798,663.7543512272898
MI3_240826_TY1_0787_2_V02-1_1,인천지역 물류산업 규모 차트(세로 막대형)에 대해 알려주세요,344.4156188964844,1573.47265625,933.8565463357077,881.1561497818454
MI3_240826_TY1_0787_3_V02-8_4,인천지역 물류산업 매출액 추이에 대한 혼합형 차트에 대해 알려주세요,983.41064453125,1238.127197265625,634.7595929447051,669.3043436693669
MI3_240826_TY1_0791_1_V02-1_1,인천지역 바이오시밀러 산업의 부가가치율과 관련된 차트(세로 막대형)에 대해 알려주세요,351.7751159667969,1566.8768310546875,885.0542144237656,546.6029228233659
MI3_240826_TY1_0797_1_V02-8_2,2014년 인천지역 금융기관의 총수신액 추이에 대해 알려주세요,1294.524658203125,2060.477294921875,895.3460097354038,795.7038287505727
MI3_240826_TY1_0797_2_V02-8_2,비은행 금융기관 여신 추이 혼합형에 대해 알려주세요,1291.6138916015625,2164.163330078125,903.4243654399525,800.1233788564581
MI3_240826_TY1_0797_3_V02-4_1,전국 지방 인천 차트(꺾은선형)에 대해 알려주세요,414.0177307128906,1929.647216796875,1752.956222028147,962.5014912915382
MI3_240826_TY1_0797_4_V02-8_1,부도업체 및 신설법인수에 대한 혼합형 차트에 대해 알려주세요,361.5687255859375,1292.2266845703125,1873.0350215767053,961.9731997020201
MI3_240826_TY1_0797_5_V01_1,산업단지 조업동향 차트에 대해 알려주세요,364.8326721191406,1280.0078125,1862.9377814906927,1349.5302427396293
MI3_240826_TY1_0797_6_V01_1,인천지역 소비관련 주요지표에 대한 차트(세로 막대형)에 대해 알려주세요,374.17742919921875,1566.5625,1829.409468536236,996.4379385215308
MI3_240826_TY1_0802_1_V02-8_1,일본의 GDP 성장률 및 부문별 기여도 혼합형 차트에 대해 알려주세요,522.2664184570312,2009.5753173828125,1516.6061620717987,805.3416708972153
MI3_240826_TY1_0802_2_V02-4_1,고용 및 임금 증가율과 법인기업 매출액 경상이익률에 대해 알려주세요,390.0638732910156,1653.7210693359375,808.089804173708,641.6143084178865
MI3_240826_TY1_0802_3_V02-8_1,2002년 1월 이후 확장국면이 55개월째 지속되고 있는 배경에 대해 알려주세요,564.1367797851562,1012.6773681640625,1434.5083585484172,828.9623990202666
MI3_240826_TY1_0802_4_V02-4_1,GDP대비 R&D투자 비율에 관한 꺾은선형 차트에 대해 알려주세요,605.950927734375,670.6815795898438,1314.665765816252,825.0949636279762
MI3_240826_TY1_0802_5_V02-8_1,금융산업 재건과 금융중개기능 회복에 대한 차트(혼합형)에 대해 알려주세요,1366.5908203125,2304.912109375,725.1771968472831,629.0517630585143
MI3_240826_TY1_0802_6_V02-8_1,공공부문 개혁과 경제정책의 일관성에 따른 공공투자의 GDP 성장 기여도 추이에 대해 알려주세요,630.204833984375,2366.89013671875,1191.5693379525685,583.1055427324779
MI3_240826_TY1_0803_1_V02-4_1,일본의 경상수지흑자 추이와 관련된 차트(꺾은선형)에 대해 알려주세요,632.65087890625,2258.03759765625,1143.3752792159592,650.7545350990885
MI3_240826_TY1_0803_2_V02-4_1,소득수지와 서비스수지의 변화에 대한 꺾은선형 차트에 대해 알려주세요,1319.2589111328125,2144.16650390625,797.7649758905442,698.7872989142337
MI3_240826_TY1_0803_3_V02-4_1,Ⅱ. 현황 및 유의 변화 1. 年 현황 시각요소 꺾은선형에 대해 알려주세요,503.1080322265625,1718.2318115234375,1125.6819227268375,699.63669618521
MI3_240826_TY1_0803_4_V02-4_2,소득수지 추이 꺾은선형에 대해 알려주세요,1322.9312744140625,2276.357177734375,812.3105212523279,736.6588508566953
MI3_240826_TY1_0803_5_V02-4_3,"과잉설비, 과잉고용, 과잉부채의 해소와 관련된 13 (배) 99년 2/4분기 차트(꺾은선형)에 대해 알려주세요",386.8926696777344,527.5153198242188,1764.9906380673754,871.9574063942274
MI3_240826_TY1_0803_6_V02-4_1,설비투자 증가 추이 꺾은선형에 대해 알려주세요,606.8011474609375,762.6621704101562,1348.775317633325,601.6626041799789
MI3_240826_TY1_0811_1_V01_1,담력게임의 보수행렬에 대해 알려주세요,473.29168701171875,524.79541015625,1563.9812733599606,742.1080750775617
MI3_240826_TY1_0811_3_V01_1,물가이론 에 대해 알려주세요,450.0496826171875,1667.921142578125,1594.395627968101,762.9109917728824
MI3_240826_TY1_0811_4_V02-8_1,우리나라의 국가부채 및 재정수지 추이에 대해 알려주세요.,476.77117919921875,587.0132446289062,1568.197353787061,932.5462380366503
MI3_240826_TY1_0813_1_V01_2,제목에 관련된 위계별 공항의 기능에 대해 알려주세요,397.61083984375,2677.9111328125,1761.4235908669834,343.23375105416824
MI3_240826_TY1_0813_2_V01_1,전남 서남권의 공항 및 국제항로 활성화 방안에 대해 알려주세요,388.9558410644531,1815.58154296875,1787.0788507241527,583.555540667005
MI3_240826_TY1_0813_4_V01_1,광주공항과 무안공항의 시설비교 차트에 대해 알려주세요,388.76446533203125,1633.577392578125,1781.1805453344998,731.7809044720523
MI3_240826_TY1_0813_5_V01_1,김해공항과 무안공항의 여객운송 실적을 다룬 표에 대해 알려주세요,384.13812255859375,1624.2685546875,1799.8889364686684,629.2732797521484
MI3_240826_TY1_0813_6_V01_1,전남 서남권의 공항 및 국제항로 활성화 방안에 대해 알려주세요,407.67767333984375,603.987548828125,1776.0973424759004,552.0400625887437
MI3_240826_TY1_0838_1_V02-4_1,I. 실물동향 차트(꺾은선형)에 대해 알려주세요,461.28717041015625,2217.13720703125,1644.8377045031839,813.9014348375829
MI3_240826_TY1_0838_2_V02-8_1,Ⅱ. 금융 동향 및 금융기관 수신 추이에 대해 알려주세요,401.2174072265625,2151.25048828125,1759.3576123700816,922.0216620809754
MI3_240826_TY1_0838_3_V02-8_1,신용보증 추이에 대한 혼합형 차트에 대해 알려주세요,472.4471740722656,998.2831420898438,1639.0259887728166,682.456389902808
MI3_240826_TY1_0838_4_V02-4_1,어음부도율 추이 차트(꺾은선형)에 대해 알려주세요,468.001708984375,925.07861328125,1643.507006738375,918.2069106530132
MI3_240826_TY1_0838_5_V02-4_1,제조업 생산 증감률 추이 꺾은선형에 대해 알려주세요,408.97247314453125,2027.9798583984375,1743.364850034081,989.7531412739024
MI3_240826_TY1_0838_6_V02-4_1,I · 가계의 소비 심리 현재생활형편 및 생활형편전망 꺾은선형에 대해 알려주세요,472.6627197265625,1936.11083984375,1622.8021680007948,927.9093534580492
MI3_240826_TY1_0842_1_V02-4_1,지역경제동향 I. 실물동향 제조업 생산 증감률 추이 꺾은선형에 대해 알려주세요,460.17486572265625,2183.4033203125,1639.226213298086,860.7749781292807
MI3_240826_TY1_0842_2_V02-1_1,신용보증 추이에 대해 알려주세요,476.3476867675781,2359.58984375,1598.7241900542317,669.5300888812508
MI3_240826_TY1_0842_3_V02-4_1,어음부도율 추이에 대해 알려주세요,439.766845703125,1029.042724609375,1703.2213410024706,1012.3557484082152
MI3_240826_TY1_0842_4_V02-4_1,제조업 생산 증감률 추이 꺾은선형에 대해 알려주세요,413.44171142578125,2071.022705078125,1730.9163791453043,991.9554585521124
MI3_240826_TY1_0842_5_V01_1,제조업의 주요 지표들에 대한 표에 대해 알려주세요,367.5140380859375,2232.56396484375,1829.7870253607769,820.5522733811172
MI3_240826_TY1_0842_6_V01_1,2007년 2008년 전월대비 구 분 차트(영역형)에 대해 알려주세요,416.6597900390625,2428.197509765625,1759.5519039704247,586.6983070995018
MI3_240826_TY1_0858_1_V01_1,에 대한타입의 내용과 관련하여 통상적 상황에서의 공개시장 매입이 미치는 영향에 대해 알려주세요.,386.2115478515625,1373.09619140625,1800.6404818232993,1598.5077684126086
MI3_240826_TY1_0858_2_V02-6_1,인플레이션 목표와 명목금리 하한의 발생 가능성에 대해 알려주세요,515.0643920898438,605.2192993164062,1537.2040988525487,897.9796408317679
MI3_240826_TY1_0858_3_V01_1,서비스산업 비중 추이에 대해 알려주세요,480.38800048828125,2087.8798828125,1608.240101474829,378.988223907699
MI3_240826_TY1_0863_1_V01_1,소비자물가 추이 (전년동기대비 등락률) 차트에 대해 알려주세요,320.9402770996094,1462.094970703125,1902.7862482652458,1699.441797128106
MI3_240826_TY1_0863_2_V01_1,Ⅱ. 금융경제동향 1. 금융기관 여수신 금융기관 여수신 동향 표에 대해 알려주세요,294.6346740722656,1950.808837890625,1965.706422298765,1221.6906032856823
MI3_240826_TY1_0863_3_V01_1,"가. 예금은행 본문에 포함된 (억원, %) 잔액 증 감액 표에 대해 알려주세요",306.1983337402344,1491.7283935546875,1951.2720927618338,1641.5358109810597
MI3_240826_TY1_0863_4_V01_1,나. 비은행기관 본문 표에 대해 알려주세요,348.276123046875,1396.563232421875,1926.3953221681702,1501.7095777848226
MI3_240826_TY1_0863_5_V01_1,신용보증기금의 신용보증 동향에 대해 알려주세요,315.7795104980469,2280.25732421875,1935.277753146703,896.3416850758995
MI3_240826_TY1_0863_6_V01_1,가계수표 이용에 대한 결제장수와 결제금액의 변동에 대해 알려주세요,373.3083190917969,2163.30859375,1821.0669997957427,879.3782335421506
MI3_240826_TY1_0868_1_V01_1,농수축산물 출하 관련 지표의 표에 대해 알려주세요,347.302490234375,1583.0091552734375,1889.0822530998946,1454.023490319718
MI3_240826_TY1_0868_2_V01_1,소비관련 지표 추이에 대해 알려주세요,332.6934509277344,1668.4505615234375,1899.4554886991275,1488.5209256216815
MI3_240826_TY1_0868_3_V01_1,건설투자 관련 지표 추이 차트에 대해 알려주세요,277.3123474121094,1815.24658203125,2003.7759998744887,1369.9133365992561
MI3_240826_TY1_0868_4_V01_1,관광관련 지표 추이 차트(세로 막대형)에 대해 알려주세요,330.25006103515625,1483.10546875,1893.8956442935198,1625.923819046932
MI3_240826_TY1_0868_5_V01_1,고용 추이와 관련된 표에 대해 알려주세요,311.0538330078125,1555.661865234375,1929.4177771787179,1606.4001840489002
MI3_240826_TY1_0868_6_V01_1,이 문서에서 소비자물가 추이와 관련된 연도별 및 품목별 가격 변동에 대해 알려주세요,318.0208435058594,1453.62890625,1915.7723016403263,1673.0388474504944
MI3_240826_TY1_0874_1_V01_1,제조업 생산활동 지표 추이에 대해 알려주세요,410.69744873046875,1912.19091796875,1756.3215949750622,1138.1175268889058
MI3_240826_TY1_0874_2_V01_1,관광관련 지표 추이 표에 대해 알려주세요,414.6078796386719,1784.033447265625,1754.036657606457,1291.14608174032
MI3_240826_TY1_0874_3_V01_1,농·수·축산물 출하액과 관련된 표에 대해 알려주세요.,401.7254333496094,1961.7772216796875,1771.5188060294379,1085.9785323751687
MI3_240826_TY1_0874_4_V01_1,물가 및 부동산 가격 소비자물가 차트에 대해 알려주세요,402.40972900390625,1926.3328857421875,1768.6768541142087,1153.147910293298
MI3_240826_TY1_0874_5_V01_1,부동산 가격 주택 및 토지가격 추이에 대해 알려주세요,448.60272216796875,1569.1319580078125,1716.6573298653036,1199.9418219721322
MI3_240826_TY1_0874_6_V01_1,Ⅱ. 금융경제동향금융기관 여수신 추이에 대해 알려주세요,439.1313781738281,2050.2587890625,1709.3456876880596,938.1099652699094
MI3_240826_TY1_0881_1_V01_1,I. 실물경제동향 1.수요 소비관련 주요 지표 추이에 대해 알려주세요,338.830078125,2148.208251953125,1866.301039469083,975.341593658293
MI3_240826_TY1_0881_2_V01_1,의 본문에 대해 알려주세요,344.58135986328125,1817.5264892578125,1865.6171729242483,1308.1461954946644
MI3_240826_TY1_0881_3_V01_1,제조업 생산활동 지표 추이에 대해 알려주세요,345.4860534667969,2048.856201171875,1862.5413769052502,1045.4728610726343
MI3_240826_TY1_0881_4_V01_1,관광관련 지표 추이 차트에 대해 알려주세요,352.08721923828125,1833.4735107421875,1848.6211344046235,1273.2358457701907
MI3_240826_TY1_0881_5_V01_1,에 대한 V 타입의 데이터 내용을 포함하여 그래프와 관련된 정보를 알려주세요.,362.248046875,2091.255859375,1839.45263146061,953.0320673836629
MI3_240826_TY1_0881_6_V01_1,고용관련 지표 추이 차트에 대해 알려주세요,341.7859191894531,1759.07861328125,1871.7410722516693,1346.806608429768
MI3_240826_TY1_0882_1_V01_1,I. 실물경제동향 1. 수요 소비관련 주요 지표 추이에 대해 알려주세요,341.1200866699219,2153.25341796875,1859.6225119452113,972.402916819179
MI3_240826_TY1_0882_2_V01_1,설비투자 BSI 및 건설수주액 관련 차트에 대해 알려주세요,343.78570556640625,1831.1214599609375,1866.0804601211446,1293.8334303298159
MI3_240826_TY1_0882_3_V01_1,2. 산업활동 1 제조업 제조업 생산활동 지표 추이에 대해 알려주세요,338.3365173339844,1919.720703125,1870.1928265553315,1203.8877211200956
MI3_240826_TY1_0882_4_V01_1,관광 관련 지표 추이에 대해 알려주세요,343.99658203125,1856.7928466796875,1862.917595880941,1249.9434857740741
MI3_240826_TY1_0882_5_V01_1,농·수·축산물 출하액과 관련된 데이터의 차트에 대해 알려주세요,367.346435546875,1800.236083984375,1836.1439460054185,951.785005750717
MI3_240826_TY1_0882_6_V01_1,고용 관련 지표 추이에 대해 알려주세요,337.43951416015625,1799.1517333984375,1878.958129768048,1328.6504732477968
MI3_240826_TY1_0886_1_V01_1,I. 실물경제동향소비관련 주요 지표 추이에 대해 알려주세요,337.7898254394531,2251.66650390625,1880.5191867484778,880.3715164649574
MI3_240826_TY1_0886_2_V01_1,의 본문과 관련된 주요 지표 추이에 대해 알려주세요,367.2984619140625,2087.532958984375,1828.561526706913,790.6007981866611
MI3_240826_TY1_0886_3_V01_1,산업활동 제조업 생산활동 지표 추이에 대해 알려주세요,332.28778076171875,2024.486572265625,1887.0092829202808,1093.2121667969222
MI3_240826_TY1_0886_4_V01_1,관광관련 지표 추이 차트에 대해 알려주세요,335.48699951171875,1873.7080078125,1884.7914117637408,1232.4017055240915
MI3_240826_TY1_0886_5_V01_1,농·수·축산물 출하액과 축산물 출하량에 대한 그래프 타입에 대해 알려주세요,351.68426513671875,1946.0660400390625,1868.662464557319,924.2074270697234
MI3_240826_TY1_0886_6_V01_1,3. 고용 관련 지표 추이에 대해 알려주세요,336.0805358886719,1850.3304443359375,1879.9490599763494,1274.5746063786937
MI3_240826_TY1_0902_1_V01_1,I. 실물경제동향소요 소비관련 주요 지표 추이에 대해 알려주세요,332.4247131347656,2169.78271484375,1894.8833555232525,949.7896450987427
MI3_240826_TY1_0902_2_V01_1,"(전년동기대비 증가율, %) 차트에 대해 알려주세요",328.2673645019531,2032.553955078125,1905.4146082492418,1089.7964564843821
MI3_240826_TY1_0902_3_V01_1,2. 산업활동 1 제조업 제조업 생산활동 지표 추이에 대해 알려주세요,354.8375549316406,1985.277099609375,1864.8302736821183,1096.4874165536703
MI3_240826_TY1_0902_4_V01_1,관광관련 지표 추이 차트(세로 막대형)에 대해 알려주세요,341.0456237792969,1938.2322998046875,1890.2693922003775,1151.583820308112
MI3_240826_TY1_0902_5_V01_1,농·수·축산물 출하 관련 지표 추이에 대해 알려주세요,373.137451171875,2241.50830078125,1826.4614073927837,835.2763659754404
MI3_240826_TY1_0902_6_V01_1,고용 관련 지표 추이 차트(세로 막대형)에 대해 알려주세요,322.6591491699219,1835.831298828125,1914.3260482450132,1291.057142034833
MI3_240826_TY1_0903_1_V01_1,I · 실물경제동향 소비관련 주요 지표에 대해 알려주세요,305.39727783203125,1958.8701171875,1959.1840915547364,1174.3263099650221
MI3_240826_TY1_0903_2_V01_1,제목에 따른 시각요소 제목 및 범례에 대해 알려주세요.,301.66876220703125,2013.167724609375,1963.1609713068606,1129.2264071837305
MI3_240826_TY1_0903_3_V01_1,2. 산업활동 1관광 관광관련 지표에 대해 알려주세요,300.2559814453125,1823.449951171875,1954.9406413631657,1325.7844658227339
MI3_240826_TY1_0903_4_V01_1,농·수·축산물 출하관련 지표에 대해 알려주세요,318.12286376953125,2022.11474609375,1942.0723881140814,1078.950420770614
MI3_240826_TY1_0903_5_V01_1,"제조업 생산 및 출하, 재고 통계에 대해 알려주세요",339.24505615234375,1555.72900390625,1951.01628203642,1321.0179337365335
MI3_240826_TY1_0903_6_V01_1,2008 2009 2007 연간 통계에 대한 차트(세로 막대형)에 대해 알려주세요,298.77777099609375,1864.23193359375,1963.6676626418107,1282.7223857916651
MI3_240826_TY1_0906_1_V02-4_1,주요경제도표 제조업 생산·출하·재고 꺾은선형에 대해 알려주세요,416.2826232910156,754.342529296875,1739.7801709483476,961.2902846208736
MI3_240826_TY1_0906_2_V02-4_1,관광객 내도 추이 소비자물가 상승률 추이 꺾은선형에 대해 알려주세요,420.30633544921875,567.4229125976562,1736.6971344835538,1025.9588789683858
MI3_240826_TY1_0906_3_V02-1_1,금융기관 수신증가액 추이 (전월대비 증감액) 차트(세로 막대형)에 대해 알려주세요,435.17706298828125,1996.7242431640625,1691.0159202192272,993.8037764556761
MI3_240826_TY1_0906_5_V02-1_1,중소기업 대출잔액 추이 차트(세로 막대형)에 대해 알려주세요,398.8456115722656,1975.1173095703125,1766.8404802142175,1099.3457922984478
MI3_240826_TY1_0906_6_V01_1,I 실물경제동향 소비관련 주요 지표 차트에 대해 알려주세요,302.9262390136719,2174.35009765625,1960.606923781219,970.3801837561531
MI3_240826_TY1_0915_2_V02-4_1,Ⅱ. 도내 대형마트 현황 1. 대형마트 일반 현황 대형마트 출점 추이 꺾은선형 차트에 대해 알려주세요,417.66015625,2048.333984375,1727.1131451503002,1015.3531002968701
MI3_240826_TY1_0915_3_V02-1_1,관광수입을 감안한 시나리오별 포화지수 차트(세로 막대형)에 대해 알려주세요,447.6927795410156,2180.037353515625,1665.6516743737313,851.4693179400177
MI3_240826_TY1_0915_4_V01_1,제목에 따른 재래시장 이용 빈도의 통계와 표에 대해 알려주세요,547.6148681640625,2349.76416015625,1412.8145111714082,695.900884602714
MI3_240826_TY1_0915_5_V03_1,대형마트 진출이 소비자 후생에 미치는 영향 다이어그램에 대해 알려주세요,458.7675476074219,2440.5361328125,1647.724035083826,635.8051162638634
MI3_240826_TY1_0919_1_V02-1_2,주택보급률 비교와 관련된 차트에 대해 알려주세요,353.5881652832031,2189.98486328125,897.4774204013286,773.2633071902328
MI3_240826_TY1_0919_2_V02-1_1,아파트 분양가 추이와 관련된 세로 막대형 차트에 대해 알려주세요,1294.1396484375,1471.798828125,894.2312191449262,734.7296119666254
MI3_240826_TY1_0919_3_V02-1_1,지난해 제주지역의 주택매매가격과 시도별 주택매매가격 등락률 비교 차트(세로 막대형)에 대해 알려주세요,1314.753173828125,2434.291015625,833.9735343498215,634.9461536923341
MI3_240826_TY1_0919_4_V02-1_1,"제목에 따른 다가구, 다세대, 연립, 아파트의 수치 및 경향에 대해 알려주세요",1303.396484375,2454.672607421875,865.5526431428722,630.9162247171694
MI3_240826_TY1_0919_5_V02-1_1,제주지역 아파트 건축 인허가 실적 추이 비교 차트(세로 막대형)에 대해 알려주세요,362.3622741699219,1494.360107421875,886.8059089094481,629.6145836553125
MI3_240826_TY1_0919_6_V02-1_1,주택 대출상환가능소득 차트(세로 막대형)에 대해 알려주세요,368.3511962890625,2216.033203125,825.0666203177997,844.9277623623857
MI3_240826_TY1_0926_1_V01_1,I. 금융경제동향 1. 금융기관 여수신 금융기관 여수신 추이에 대해 알려주세요,306.9101867675781,1492.0047607421875,1945.1597320803671,1648.4992992964987
MI3_240826_TY1_0926_2_V01_1,가. 예금은행의 예금 추이에 대해 알려주세요,334.0440673828125,1510.8883056640625,1885.5415581263157,1608.5561093171136
MI3_240826_TY1_0926_3_V01_1,대출금 추이에 대해 알려주세요,349.4588623046875,1079.872314453125,1876.7977904262236,1813.0019265141664
MI3_240826_TY1_0926_4_V01_1,잔액 증감액 차트(세로 막대형)에 대해 알려주세요,319.40045166015625,1361.7371826171875,1934.530453267189,1696.3375383429236
MI3_240826_TY1_0926_5_V01_1,나. 비은행기관의 여수신 추이에 대해 알려주세요,335.88238525390625,1635.5096435546875,1905.7127499133126,1444.6283516947656
MI3_240826_TY1_0926_6_V01_1,2. 중소기업 금융지원 총대출금과 중소기업대출 추이에 대해 알려주세요,351.40399169921875,1142.358642578125,1897.5587511099886,611.5886335353504
MI3_240826_TY1_0980_1_V01_1,I. 금융동향 1 수신동향 예금은행 차트(세로 막대형)에 대해 알려주세요,378.357666015625,2276.688720703125,1818.7493314731892,666.3978626132085
MI3_240826_TY1_0980_2_V01_2,종별 금전신탁 1 동향 표에 대해 알려주세요,380.520751953125,1905.1407470703125,1807.5554441950453,910.520781495565
MI3_240826_TY1_0980_4_V01_1,2002년 11월 예금은행 여신 동향 차트(세로 막대형)에 대해 알려주세요,365.0715637207031,2024.627197265625,1836.933209607167,691.8710910150041
MI3_240826_TY1_0980_5_V01_2,신탁대출 1 동향 표에 대해 알려주세요,397.1052551269531,650.8285522460938,1766.896289244475,1407.8734065714427
MI3_240826_TY1_0980_6_V01_1,"본문에 포함된 종합금융회사, 상호저축은행, 신용협동조합 등의 증감액을 나타내는 차트에 대해 알려주세요.",395.6654052734375,1202.17626953125,1789.0161811291744,623.9818235600866
MI3_240826_TY1_0992_1_V02-4_1,제조업 생산지수 증감률 꺾은선형에 대해 알려주세요,387.6011047363281,597.5571899414062,1796.5268987461834,939.9942886760571
MI3_240826_TY1_0992_2_V02-4_1,대형소매점판매 및 승용차신규등록대수 꺾은선형 차트에 대해 알려주세요,402.8431091308594,613.2110595703125,1774.9634534651832,796.8450088757728
MI3_240826_TY1_0992_3_V01_1,건축착공면적 및 건축허가면적 변화 차트(꺾은선형)에 대해 알려주세요,374.97003173828125,1203.5234375,1818.9134697241277,1030.5098062997165
MI3_240826_TY1_0992_4_V01_1,미분양주택 표에 대해 알려주세요,436.9663391113281,2403.4169921875,1702.2411553246804,570.8951913156108
MI3_240826_TY1_0992_5_V02-8_1,대구경북지역 수출입 혼합형에 대해 알려주세요,445.59130859375,1843.33544921875,1701.2176625757754,854.5283536277462
MI3_240826_TY1_0992_6_V02-8_1,4. 물가 및 부동산가격 가. 소비자물가 취업자수 및 고용률 증감 혼합형에 대해 알려주세요,396.04534912109375,613.2606811523438,1789.8542959693373,780.3660352662803
MI3_240826_TY1_0994_1_V02-4_1,제조업 생산지수 증감률 꺾은선형 차트에 대해 알려주세요,400.1163330078125,604.8360595703125,1770.130424328651,851.8707992758061
MI3_240826_TY1_0994_2_V02-4_1,대형소매점판매 및 승용차신규등록대수 꺾은선형에 대해 알려주세요,421.6684875488281,617.046630859375,1730.9390058913486,711.8930481108399
MI3_240826_TY1_0994_3_V02-4_1,건축허가면적 차트(꺾은선형)에 대해 알려주세요,404.28594970703125,2264.12841796875,1761.2477445072825,776.59286479637
MI3_240826_TY1_0994_4_V01_1,대구경북지역 미분양주택 현황 표에 대해 알려주세요,451.72021484375,2392.68212890625,1662.6250755472327,569.2256092575052
MI3_240826_TY1_0994_5_V02-8_1,대구경북지역 수출입 혼합형에 대해 알려주세요,453.47479248046875,1845.56689453125,1682.6877355943795,867.9926175583677
MI3_240826_TY1_0994_6_V02-8_1,취업자수 및 고용률 증감에 대해 알려주세요,394.45025634765625,631.0567016601562,1795.187854313346,771.0954591780917
MI3_240826_TY1_0998_1_V02-4_1,제조업 생산지수 증감률 꺾은선형에 대해 알려주세요,457.43182373046875,604.2246704101562,1642.0339756457035,876.7909041287654
MI3_240826_TY1_0998_2_V01_1,기계류 수입 표에 대해 알려주세요,384.7806396484375,2277.559814453125,1805.997815505899,750.9158902296158
MI3_240826_TY1_0998_3_V01_1,에 대한 표에 대해 알려주세요,389.80755615234375,1092.51416015625,1785.6981173863949,933.2209019353684
MI3_240826_TY1_0998_4_V02-4_1,미분양주택 꺾은선형 차트에 대해 알려주세요,537.724365234375,1522.707275390625,1486.5669669649933,742.6403885090383
MI3_240826_TY1_0998_5_V02-8_1,대구경북지역 수출입 혼합형에 대해 알려주세요,455.975830078125,2044.4752197265625,1651.4461060027947,921.0562204005585
MI3_240826_TY1_0998_6_V02-8_1,취업자수 및 고용률 증감 혼합형에 대해 알려주세요,441.95343017578125,2307.72607421875,1652.2405572535204,697.7291951770586
MI3_240828_TY1_0005_1_V02-1_1,지역별 GRDP 규모 차트(세로 막대형)에 대해 알려주세요,1289.5150146484375,2429.7822265625,899.3840925109072,665.3092552800425
MI3_240828_TY1_0005_2_V02-1_2,영동지역의 산업별 성장률에 대해 알려주세요,349.41290283203125,882.8176879882812,934.9416817542353,752.1212766554981
MI3_240828_TY1_0005_3_V02-4_1,영동지역 서비스업 성장률 추이에 대해 알려주세요,1285.16748046875,2268.577392578125,884.7858121911056,675.7121978501992
MI3_240828_TY1_0005_4_V02-1_1,지역별 제조업 비중 차트(세로 막대형)에 대해 알려주세요,1306.9957275390625,923.2185668945312,879.3508629918649,642.0257954137135
MI3_240828_TY1_0005_5_V01_1,연평균 비중 성장률 표에 대해 알려주세요,323.0013732910156,2235.974853515625,911.5827605326434,746.3499649778751
MI3_240828_TY1_0005_6_V02-4_1,전년대비 성장률 변화 차트(꺾은선형)에 대해 알려주세요,1296.38720703125,1344.6951904296875,889.6911066292843,657.4355182933086
MI3_240828_TY1_0009_1_V01_2,경남경제리뷰 2014.7.14. The Bank of Korea Gyeongnam에 대해 알려주세요,402.1825866699219,1395.93603515625,1811.2901886860284,389.01877645765757
MI3_240828_TY1_0009_2_V02-4_1,해양플랜트 수주 추이 꺾은선형 차트에 대해 알려주세요,1291.9774169921875,745.9508666992188,923.2066823352261,621.9322380448368
MI3_240828_TY1_0009_3_V01_2,경남경제리뷰 2014.7.14. The Bank of Korea Gyeongnam에 대해 알려주세요,374.86083984375,2214.53662109375,1815.7818458617899,701.1780575652697
MI3_240828_TY1_0009_4_V02-4_1,신조선가 꺾은선형 차트에 대해 알려주세요,364.88751220703125,688.292236328125,880.1447591509836,700.5709338800681
MI3_240828_TY1_0009_5_V02-4_1,가스선 발주금액에 대해 알려주세요,1313.95458984375,2407.308837890625,820.4558437875771,575.3164883327116
MI3_240828_TY1_0009_6_V02-3_1,기타 선박 종류와 비율 차트(원형)에 대해 알려주세요,1298.91552734375,2483.203125,850.0857857753367,601.0919889808977
MI3_240828_TY1_0010_1_V02-1_2,광역시별 지역내 산업에서 문화산업의 비중 차트(가로 막대형)에 대해 알려주세요,357.46173095703125,2216.53955078125,897.3449724348848,696.7758152005493
MI3_240828_TY1_0010_2_V01_2,The Regional Economic Issue Paper의 본문에 포함된 차트(가로 막대형)에 대해 알려주세요,390.7200012207031,1212.2886962890625,1785.2639956968933,876.4224719616634
MI3_240828_TY1_0010_3_V02-1_2,광역시별 문화산업 업체당 매출액 차트(세로 막대형)에 대해 알려주세요,358.17437744140625,927.6505126953125,916.0541743279591,704.0197361503394
MI3_240828_TY1_0010_4_V01_1,문화산업 육성정책 현황 차트(세로 막대형)에 대해 알려주세요,401.7021789550781,2109.01904296875,1749.9237593493137,437.3886935953791
MI3_240828_TY1_0010_5_V01_1,The Regional Economic Issue Paper Ⅶ에서 문화 재정에 대한 표에 대해 알려주세요,384.3705749511719,2653.3349609375,1789.2421177594492,428.44076386094724
MI3_240828_TY1_0013_1_V02-1_4,신용대출 신용등급별 차주수 비중 차트(세로 막대형)에 대해 알려주세요,347.228759765625,1018.9268798828125,911.5304485957001,633.6447334499741
MI3_240828_TY1_0013_2_V02-1_3,"저축은행 내에서 고신용, 중신용, 저신용 분포를 보여주는 차트(세로 막대형)에 대해 알려주세요",1292.7642822265625,1064.7529296875,919.1127184904981,604.7020249268776
MI3_240828_TY1_0013_3_V02-1_2,개인 총처분가능소득 평균 증가율 차트(세로 막대형)에 대해 알려주세요,348.0745849609375,1312.1256103515625,928.6330920632255,695.2884162652733
MI3_240828_TY1_0013_4_V02-1_1,III. 광주·전남지역 가계부채의 건전성 평가 차트(가로 막대형)에 대해 알려주세요,321.48944091796875,2400.091552734375,946.4656478548059,704.5070311980152
MI3_240828_TY1_0013_5_V02-1_1,권역별 총자산 대비 금융자산 비중 차트(세로 막대형)에 대해 알려주세요,1292.47509765625,512.8148193359375,931.8395906619977,674.2517397142717
MI3_240828_TY1_0013_6_V02-1_2,금융기관별 주택담보대출 증감 차트(세로 막대형)에 대해 알려주세요,1298.8289794921875,805.8275756835938,898.827408465346,675.6571514491419
MI3_240828_TY1_0014_1_V02-4_1,광주지역 배추가격 추이 꺾은선형에 대해 알려주세요,378.5787353515625,1839.2803955078125,835.257253373316,596.8020433236668
MI3_240828_TY1_0014_2_V02-4_1,소비자심리지수 및 소비지출전망 추이에 대해 알려주세요,1321.725830078125,526.7714233398438,831.3748404445947,557.5373867200301
MI3_240828_TY1_0014_3_V02-4_1,경제 지표에 대한 정보를 알고 싶습니다,369.3383483886719,528.3792114257812,852.0784130883767,609.6535824910353
MI3_240828_TY1_0014_4_V02-8_1,광주지역 소비자물가 기여도 차트(혼합형)에 대해 알려주세요,1312.336669921875,1589.5640869140625,836.8843836240804,603.9159968232702
MI3_240828_TY1_0014_5_V02-4_1,광주지역 석유류가격 상승률 차트(꺾은선형)에 대해 알려주세요,379.15380859375,2151.824951171875,830.2456605412111,705.1173273979413
MI3_240828_TY1_0014_6_V02-1_2,2017년 12월 경제 이슈와 관련된 차트(세로 막대형)에 대해 알려주세요,1299.78076171875,1380.416015625,867.2854519692049,614.0967407788816
MI3_240828_TY1_0015_1_V01_1,강원선 KTX 사업 표에 대해 알려주세요,1228.251708984375,1964.5606689453125,907.6171948508751,547.0100554899561
MI3_240828_TY1_0015_2_V02-1_4,전체투자 차트(세로 막대형)에 대해 알려주세요,364.98223876953125,1965.979248046875,890.6815592439114,534.9755980482597
MI3_240828_TY1_0015_3_V02-1_4,기계류 운수장비 세부사항 차트(세로 막대형)에 대해 알려주세요,332.8786926269531,2400.06103515625,922.3925353076461,625.951253848341
MI3_240828_TY1_0015_4_V02-4_3,T01 T02 T03 차트(꺾은선형)에 대해 알려주세요,338.811767578125,885.6714477539062,946.2490774020267,670.1031620153854
MI3_240828_TY1_0015_5_V02-4_1,강원·전국 설비투자효율 비교에 대해 알려주세요,390.26995849609375,1585.66015625,631.2926547351293,466.75589686821024
MI3_240828_TY1_0015_6_V02-1_5,65.0 (%) 전국 강원 차트(세로 막대형)에 대해 알려주세요,383.851806640625,551.7385864257812,666.9726024429926,664.6448037306455
MI3_240828_TY1_0032_1_V02-1_1,광주·전남 설비투자 증가율 비교 차트(세로 막대형)에 대해 알려주세요,573.6831665039062,2365.419677734375,1332.1189860634,710.3404576640453
MI3_240828_TY1_0032_2_V02-1_2,지역별 지식재산생산물 투자 증감폭 비교 차트(가로 막대형)에 대해 알려주세요,1299.699951171875,1125.280517578125,901.5203519318852,693.6679896641739
MI3_240828_TY1_0032_3_V02-4_2,광주·전남 소매판매액지수 증가율 추이에 대해 알려주세요,358.1149597167969,1457.0294189453125,904.775978968104,697.5001695167982
MI3_240828_TY1_0032_4_V02-1_1,광주·전남 취업자수 증감폭 차트(세로 막대형)에 대해 알려주세요,542.5579223632812,2225.58154296875,1470.452159853265,798.735149368692
MI3_240828_TY1_0032_5_V01_1,지자체 비정규직 비중 및 급여 증가율 표에 대해 알려주세요,358.9211120605469,2721.6728515625,1871.2665427433876,301.99197761756847
MI3_240828_TY1_0032_6_V02-1_1,지역별 소비자물가 상승률 비교 차트(세로 막대형)에 대해 알려주세요,544.0208740234375,2324.726806640625,1447.9110886475169,752.7675880814363
MI3_240828_TY1_0038_1_V02-8_1,연령대별 경제활동인구 비중 차트(혼합형)에 대해 알려주세요,392.4681396484375,1930.526123046875,617.2172191037786,561.5773528663004
MI3_240828_TY1_0038_3_V02-1_2,전북 연령대별 인구증가율 전망 차트(가로 막대형)에 대해 알려주세요,383.197265625,1979.1148681640625,834.6039162288637,689.6995531513594
MI3_240828_TY1_0038_4_V02-1_1,전북 인구 증감 추세 차트(세로 막대형)에 대해 알려주세요,1303.818115234375,2445.90576171875,870.6256064969376,630.3295598429048
MI3_240828_TY1_0038_5_V03_1,'시나리오 1'에 따른 전북 경제활동인구 전망 방법에 대해 알려주세요.,496.33148193359375,1312.524169921875,1576.8037846434863,397.95170293851044
MI3_240828_TY1_0038_6_V01_1,전북지역 전체 경제활동참가율에 대한 데이터와 관련된 막대형 차트에 대해 알려주세요.,552.09521484375,2383.963623046875,1379.6637303023242,300.4218422107132
MI3_240828_TY1_0039_1_V01_1,주요 상권 활성화 정책에 대해 알려주세요,354.979736328125,2224.811279296875,1845.2107390086617,858.4930703048024
MI3_240828_TY1_0039_2_V01_1,지원 분야 내용에 대해 알려주세요,388.3441162109375,1950.3868408203125,1765.1581461961287,1111.8403818525117
MI3_240828_TY1_0039_4_V01_1,전북 백신접종률 현황 표에 대해 알려주세요,1263.890625,1711.8958740234375,886.4704244739572,643.7495777991794
MI3_240828_TY1_0039_5_V01_1,전북지역 소상공인 관련 방역 정책에 대해 알려주세요,385.26593017578125,809.9947509765625,1768.3385864523689,2239.2241370390025
MI3_240828_TY1_0039_6_V02-1_1,한옥마을 방문 관광객 수 차트(세로 막대형)에 대해 알려주세요,499.44677734375,2540.94775390625,1373.9094343510162,506.1646187606167
MI3_240828_TY1_0051_1_V02-8_1,제조업 생산지수 혼합형에 대해 알려주세요,409.5423278808594,2221.693359375,1617.137357142205,584.9210783549887
MI3_240828_TY1_0051_2_V01_2,창원국가산업단지 가동률 차트(가로 막대형)에 대해 알려주세요,418.6129150390625,1235.4681396484375,1632.3119602402608,576.2176483162366
MI3_240828_TY1_0051_3_V02-4_1,대형소매점 판매 꺾은선형에 대해 알려주세요,437.72564697265625,1432.04345703125,1598.7918567452753,552.783004222785
MI3_240828_TY1_0051_4_V01_1,10월중 승용차 판매와 관련된 표에 대해 알려주세요,405.1983642578125,1826.530517578125,1656.6294896102204,564.3628279357861
MI3_240828_TY1_0051_5_V01_1,건축착공면적 표에 대해 알려주세요,429.65399169921875,1314.274169921875,1631.2547065719496,925.6181074955358
MI3_240828_TY1_0051_6_V01_2,건설업 BSI에 관한 내용에 대해 알려주세요,424.09063720703125,564.5737915039062,1605.6322308335432,390.1727838204452
MI3_240828_TY1_0084_1_V02-8_1,I. 실물경제동향 1. 산업활동 제조업생산지수(혼합형)에 대해 알려주세요,437.7829895019531,1008.7696533203125,1605.7355475797483,595.3736934591832
MI3_240828_TY1_0084_2_V01_2,제목에 포함된 한국산업단지공단 자료의 차트에 대해 알려주세요.,400.1439208984375,1786.6029052734375,1679.2091543622241,507.1641017400372
MI3_240828_TY1_0084_3_V02-8_1,2015년 12월중 대형소매점 판매에 대해 알려주세요,364.04937744140625,782.65673828125,794.5175886947611,600.3508685251392
MI3_240828_TY1_0084_4_V01_1,2015년 12월중 내수용 자본재 수입과 기계류 수입 감소에 대한 표에 대해 알려주세요,403.8369445800781,832.48681640625,1677.3933341518045,522.2249104081671
MI3_240828_TY1_0084_5_V01_1,건축허가면적 차트(혼합형)에 대해 알려주세요,391.7760009765625,2222.796142578125,1671.206869740322,425.02722804099824
MI3_240828_TY1_0084_6_V02-1_1,3. 고용 차트(세로 막대형)에 대해 알려주세요,1254.20166015625,1050.509521484375,771.1809729689423,605.2258603109427
MI3_240828_TY1_0088_1_V02-8_1,I. 실물경제동향 1. 산업활동 경남지역 제조업 생산 (%)에 대해 알려주세요,374.4335632324219,856.7158813476562,767.8431638840169,593.8866732300532
MI3_240828_TY1_0088_2_V01_2,경남지역 중소기업 평균가동률에 대한 통계 데이터의 표에 대해 알려주세요,399.60662841796875,1785.2215576171875,1680.7189230670413,511.4814749209445
MI3_240828_TY1_0088_3_V02-4_1,2016년 4월중 대형소매점 판매에 대해 알려주세요,362.1778564453125,674.1520385742188,795.2989451331841,600.6826020390369
MI3_240828_TY1_0088_4_V01_1,설비투자와 관련된 연간 및 분기별 통계 자료에 대해 알려주세요.,410.8092041015625,803.0994873046875,1660.965533184954,639.0292157454134
MI3_240828_TY1_0088_5_V02-8_1,건설투자 관련 지표 변화에 대해 알려주세요,356.8818359375,703.41845703125,789.8121414927704,556.2660227768106
MI3_240828_TY1_0088_6_V02-4_1,고용 비농림어업 취업자수 증감 차트(꺾은선형)에 대해 알려주세요,1251.6033935546875,1201.4027099609375,779.2367200777368,605.3890917710893
MI3_240828_TY1_0091_1_V02-8_2,I. 실물경제동향 1. 산업활동 경남지역 제조업생산지수(계절조정) 차트(혼합형)에 대해 알려주세요,373.26763916015625,897.5916748046875,773.0106255500921,592.5606417915719
MI3_240828_TY1_0091_2_V01_2,경남지역 중소기업 평균가동률에 대해 알려주세요.,415.8146667480469,678.710205078125,1656.4433046397749,703.7059320877715
MI3_240828_TY1_0091_3_V02-8_1,경남지역 대형소매점 판매에 대해 알려주세요,362.8797607421875,749.3445434570312,796.5160184920204,600.8650143807696
MI3_240828_TY1_0091_4_V01_1,설비투자와 관련된 표에 대해 알려주세요,410.8357238769531,870.6340942382812,1661.4144148619243,644.649205260882
MI3_240828_TY1_0091_5_V01_1,건설투자 관련 데이터와 연관된 차트에 대해 알려주세요,390.0876770019531,2262.13525390625,1685.9455655348636,426.8377448238846
MI3_240828_TY1_0091_6_V02-1_1,경남지역 취업자수 증감 차트(세로 막대형)에 대해 알려주세요,1251.4708251953125,1201.165283203125,779.9618768415442,606.1555260810675
MI3_240828_TY1_0095_1_V02-8_1,I . 실물경제동향 경남지역 제조업 생산에 대해 알려주세요,1314.844970703125,1313.134521484375,843.833748180887,682.0877417730176
MI3_240828_TY1_0095_2_V01_2,제목에 기반한 경남지역 중소기업 평균가동률에 대한 막대형 차트에 대해 알려주세요.,384.93511962890625,2211.568359375,1791.9252815151012,587.190930382329
MI3_240828_TY1_0095_3_V02-8_1,T01 T02 T03 혼합형에 대해 알려주세요,351.5596923828125,1449.0601806640625,896.610194221508,704.0251244138877
MI3_240828_TY1_0095_4_V01_1,나. 설비투자 관련 자료에 대해 알려주세요,378.601806640625,1075.8294677734375,1827.8113091328335,607.9496058508886
MI3_240828_TY1_0095_5_V02-8_1,다. 건설투자 관련 데이터와 경남지역 건설투자의 꺾은선형 차트에 대해 알려주세요.,1293.8125,922.5970458984375,910.5546640796852,646.2941245259575
MI3_240828_TY1_0095_6_V02-4_1,경남지역 업종별 취업자수 증감 차트(꺾은선형)에 대해 알려주세요,343.189208984375,1489.917724609375,917.0132494357944,738.8217173841202
MI3_240828_TY1_0107_1_V02-4_1,I . 실물경제동향 경남지역 제조업 생산 증가율 꺾은선형에 대해 알려주세요,1317.0623779296875,1280.4248046875,836.0304759025469,680.722622716562
MI3_240828_TY1_0107_2_V01_1,2018년 2월중 제조업 출하 및 재고에 대한 차트(세로 막대형)에 대해 알려주세요,390.3069152832031,799.886962890625,1805.748548992622,820.5968518064647
MI3_240828_TY1_0107_3_V01_1,가. 소 비 대형소매점 판매액지수 차트(세로 막대형)에 대해 알려주세요,354.4742736816406,1990.298095703125,1856.911877020572,840.650477926735
MI3_240828_TY1_0107_4_V01_1,2016 2017 2018 연간 연간 기계류 수입액 및 제조업 설비투자실적 BSI에 대해 알려주세요,372.7156677246094,843.2245483398438,1845.5929123736084,678.5683680577653
MI3_240828_TY1_0107_5_V01_2,경남지역 미분양주택 현황에 대해 알려주세요.,380.5557861328125,2611.16748046875,1811.6606346414485,499.773956018137
MI3_240828_TY1_0107_6_V02-4_1,경남지역 취업자수 증감 꺾은선형에 대해 알려주세요,352.0015563964844,1532.9332275390625,892.7367567938732,770.7073473703596
MI3_240828_TY1_0129_1_V01_1,I. 실물동향 1. 제조업 생산·출하·재고 제조업 생산에 대해 알려주세요,373.7564697265625,1420.2593994140625,1789.8741573068623,1020.7237709635034
MI3_240828_TY1_0129_2_V01_1,제조업 출하 및 재고에 대해 알려주세요,374.067138671875,1502.8369140625,1786.9825395591256,723.4175488530412
MI3_240828_TY1_0129_3_V01_2,자동차 등록대수 증감 표에 대해 알려주세요,366.489013671875,2295.191650390625,1774.4439027324356,428.2421166478515
MI3_240828_TY1_0129_4_V01_2,유류 소비량 차트에 대해 알려주세요,367.751708984375,2052.564208984375,1790.0891623024513,753.5588833008215
MI3_240828_TY1_0129_5_V01_1,내수용자본재 및 기계류 수입액에 대해 알려주세요,399.53411865234375,874.905517578125,1763.7059039298892,317.51868801078274
MI3_240828_TY1_0129_6_V01_1,건축허가면적 차트(세로 막대형)에 대해 알려주세요,374.675537109375,853.423583984375,1781.9415407534964,502.65641249325586
MI3_240828_TY1_0141_1_V01_1,경남지역 제조업 생산 동향의 표에 대해 알려주세요,475.3607482910156,2249.24609375,1624.984731860518,814.1314378850869
MI3_240828_TY1_0141_2_V01_1,에 대한 V 형태의 차트에 대해 알려주세요,471.46368408203125,1048.3134765625,1642.1828820261,580.879913911615
MI3_240828_TY1_0141_3_V01_1,건설투자에 대한 표에 대해 알려주세요,475.0906066894531,1444.572998046875,1628.8987633707889,692.6051914062698
MI3_240828_TY1_0141_4_V01_2,경남지역 물가 동향 본문 표에 대해 알려주세요,509.9607238769531,517.5531005859375,1584.0170647280752,900.3329070934798
MI3_240828_TY1_0141_5_V01_1,대외거래와 관련된 수출입 동향에 대해 알려주세요.,448.6124267578125,1597.4246826171875,1712.331551199419,1412.3034572971608
MI3_240828_TY1_0141_6_V01_2,주요 예측기관 국제유가 전망 차트에 대해 알려주세요,434.3769836425781,452.43536376953125,1725.2219987164212,757.4325358219019
MI3_240828_TY1_0148_1_V01_1,I. 검토배경 V에 대해 알려주세요,348.0848693847656,1239.4097900390625,1880.3096238237217,938.0247715426226
MI3_240828_TY1_0148_2_V01_1,이 문서의 제목에 포함된 내용과 관련하여 경기도내 총생산에 대한 지출 구조를 나타내는 차트에 대해 알려주세요.,360.18743896484375,463.0085144042969,1868.7012579915731,977.472416275665
MI3_240828_TY1_0148_4_V01_1,경기 지역주민의 업종별 소비 비중에 대해 알려주세요,355.6270751953125,1640.8865966796875,1897.877556472333,1254.1084415392816
MI3_240828_TY1_0148_5_V02-8_1,에 대한 혼합형 차트에 대해 알려주세요,474.3721008300781,2022.91064453125,1604.0219391588837,709.7213999986086
MI3_240828_TY1_0148_6_V01_1,2012년 광역시·도별 역외소비율 변화에 대해 알려주세요,375.828125,692.5608520507812,1839.7360427190968,482.45126689463837
MI3_240828_TY1_0177_1_V02-4_1,Ⅰ 유로지역 은행의 대출증가율 꺾은선형에 대해 알려주세요,399.6670227050781,1626.77392578125,803.5045592685468,597.977480425396
MI3_240828_TY1_0177_2_V01_1,고위험 기업부문 대출 변화에 대해 알려주세요,268.1907653808594,2868.26025390625,1874.7085407836034,288.1581159614183
MI3_240828_TY1_0177_3_V02-1_1,에 대한 외국계은행자산과 총자산 비율이 포함된 차트(세로 막대형)에 대해 알려주세요,1341.395263671875,1533.72265625,823.3812205721742,567.5914968720108
MI3_240828_TY1_0177_4_V02-4_1,미국계 은행과 외국계 은행의 대출기준 변화에 대해 알려주세요,1296.257568359375,487.8617858886719,904.5548041845133,700.5934009538759
MI3_240828_TY1_0177_5_V02-4_1,국제유가에 대해 알려주세요,448.81878662109375,1979.3306884765625,677.7636622737433,574.5035462976352
MI3_240828_TY1_0177_6_V01_2,주요 예측기관의 유가전망 차트에 대해 알려주세요,420.9875183105469,931.995849609375,772.2413245606301,582.217956495536
MI3_240828_TY1_0181_1_V02-8_1,부·울·경 권역내 전산업 다각화계수 추이에 대해 알려주세요.,407.56488037109375,1434.5665283203125,794.6646477052161,615.5801562919015
MI3_240828_TY1_0181_2_V02-1_1,부산-울산 및 부산-경남 관련 차트(가로 막대형)에 대해 알려주세요,450.741943359375,816.2981567382812,1674.0529163936612,679.5923772438113
MI3_240828_TY1_0181_3_V02-1_1,울산·경남 지역의 소비유입형과 소비유출형 차트에 대해 알려주세요,384.0539855957031,568.7362670898438,820.8029952503925,549.6782390657997
MI3_240828_TY1_0181_4_V01_1,울산·경남의 품목별 역외소비중에 대해 알려주세요,438.9696960449219,2435.77392578125,1709.2376761745365,654.936797907261
MI3_240828_TY1_0181_5_V02-1_1,부산-울산 및 부산-경남간 소매판매지수 상관계수 차트(세로 막대형)에 대해 알려주세요,431.77099609375,844.195556640625,577.1070672978317,536.378765967984
MI3_240828_TY1_0181_6_V02-8_1,부·울·경 지역간 통근· 통학 현황 차트(혼합형)에 대해 알려주세요,973.672607421875,2273.470458984375,590.7889361725756,517.3912651808389
MI3_240828_TY1_0185_1_V01_1,강원지역 산업별 시설자금 대출현황 표에 대해 알려주세요,429.17767333984375,1320.157470703125,1721.6363757877123,1356.199042962605
MI3_240828_TY1_0185_2_V01_1,강원지역 기업대출 현황과 관련된 차트에 대해 알려주세요,433.98779296875,544.7880249023438,1722.5002342310327,653.0337923261098
MI3_240828_TY1_0185_3_V01_1,지역별 업체수 및 비중 표에 대해 알려주세요,414.4172668457031,2210.498779296875,1684.4003734624605,350.2688286178791
MI3_240828_TY1_0185_4_V01_2,조직 및 마케팅 역량에 대한 장비 보유 현황에 대해 알려주세요,431.095458984375,561.9140014648438,1692.5189890350462,336.00538085429685
MI3_240828_TY1_0185_5_V01_3,지역별 처방전 추천기업 현황에 대한 표에 대해 알려주세요,441.9833679199219,1008.2116088867188,1696.088243818714,395.6503259441869
MI3_240828_TY1_0188_1_V02-8_1,강원지역 금융기관 수신증감액 추이 차트(혼합형)에 대해 알려주세요,342.33258056640625,2288.672607421875,1898.1625327310876,864.1611008573177
MI3_240828_TY1_0188_2_V01_1,2014년 6월말 금융기관 여신 잔액 및 예금은행과 비은행기관의 동향에 대해 알려주세요,332.5263366699219,982.6268310546875,1953.6857129744012,599.5829948647548
MI3_240828_TY1_0188_3_V01_1,"의 (기간중 증감액, 억원) 차트(세로 막대형)에 대해 알려주세요",300.38055419921875,1924.52001953125,1957.8605239658493,1226.0066741328458
MI3_240828_TY1_0188_4_V02-8_1,2012.1 ~ 2014.1 차트(혼합형)에 대해 알려주세요,335.113037109375,526.7271728515625,1912.6158767817037,835.823962400391
MI3_240828_TY1_0188_5_V01_1,강원지역 비은행기관 수신 추이와 관련된 차트에 대해 알려주세요,325.7230224609375,472.3136901855469,1960.578739322083,859.9612221631894
MI3_240828_TY1_0188_6_V01_1,강원지역 예금은행 여신 추이에 대해 알려주세요,305.7923889160156,446.1923828125,1970.630815731183,1685.7500170335545
MI3_240828_TY1_0214_1_V02-8_2,II. 울산지역 금융기관 여수신 동향 1 개황 총여신증가율에 대해 알려주세요,1294.1912841796875,1366.5557861328125,898.9433904082423,596.1393746229675
MI3_240828_TY1_0214_2_V02-8_2,울산지역 금융기관 수신 증가율과 관련된 혼합형 차트에 대해 알려주세요,1290.1033935546875,1211.4215087890625,910.6067195231278,729.2212306596931
MI3_240828_TY1_0214_3_V02-8_1,예금은행 여신 증가율에 대한 혼합형 차트에 대해 알려주세요,1295.2864990234375,1499.4293212890625,891.0315952164908,593.6056331869455
MI3_240828_TY1_0214_4_V02-1_2,"에 대한 연평균, 2014년증 및 2014.5월대비의 비율을 보여주는 꺾은선형 차트에 대해 알려주세요",1288.5499267578125,2133.271484375,867.8923219694366,597.632779186851
MI3_240828_TY1_0214_5_V02-1_1,총수신 및 총여신증가율 세로 막대형에 대해 알려주세요,1304.283203125,1859.1138916015625,863.4694059086395,633.0558042895382
MI3_240828_TY1_0214_6_V02-8_1,혼합형에 대해 알려주세요,351.5331115722656,1877.6416015625,886.4609516020174,646.9855678915634
MI3_240828_TY1_0219_1_V02-4_2,금속 및 금융시장 변동성에 대해 알려주세요,393.1965026855469,870.5517578125,782.9671468317277,537.0433512208291
MI3_240828_TY1_0219_2_V02-1_1,중국의 니켈 소비량 및 재고량 변화에 대한 차트(세로 막대형)에 대해 알려주세요,1334.8001708984375,1047.6439208984375,762.8963427439757,535.6800693201576
MI3_240828_TY1_0219_3_V02-1_1,주요 금속원자재의 국별 수요 점유율 차트(세로 막대형)에 대해 알려주세요,484.15997314453125,646.6632080078125,1594.0051448628017,1204.1777926117734
MI3_240828_TY1_0219_4_V02-4_1,이 보고서의 주요 금속원자재 수요와 공급 측면에 대해 알려주세요,401.8818054199219,835.3801879882812,755.5983837535789,513.626833976152
MI3_240828_TY1_0219_5_V02-8_1,에 대한 의 혼합형에 대해 알려주세요,466.54986572265625,2356.82763671875,1589.4259224062966,595.607109795404
MI3_240828_TY1_0219_6_V02-4_2,제목에 대해 알려주세요,414.5677490234375,804.7617797851562,777.0559277580332,577.9269579108649
MI3_240828_TY1_0225_2_V02-1_1,글로벌 저성장 장기화 차트(세로 막대형)에 대해 알려주세요,396.9794006347656,2507.144287109375,785.8610783967364,574.418029334517
MI3_240828_TY1_0225_3_V02-4_1,미 연준의 정책금리 추이 및 차트(꺾은선형)에 대해 알려주세요,352.0227355957031,1327.2369384765625,898.8439742370891,606.0036779576864
MI3_240828_TY1_0225_4_V02-4_1,유럽 은행의 주가 차트(꺾은선형)에 대해 알려주세요,1297.780029296875,1652.6690673828125,890.8454254458496,591.9398471358438
MI3_240828_TY1_0225_5_V02-4_1,글로벌 저성장 기조 탈피 및 인플레이션 회복 여부 차트(꺾은선형)에 대해 알려주세요,1319.999267578125,2549.313232421875,837.5309806096411,514.5131753124997
MI3_240828_TY1_0225_6_V02-4_1,중국의 3대 리스크 관리 차트(꺾은선형)에 대해 알려주세요,1291.4869384765625,2455.525146484375,903.1620416883217,608.4600168124816
MI3_240828_TY1_0226_1_V02-4_1,I. 검토배경에 대해 알려주세요,1558.6414794921875,1960.6043701171875,568.5675831037152,709.5538023494427
MI3_240828_TY1_0226_2_V02-4_1,II. 가계부채·주택가격·실물경제 동향 및 주택매매가격의 꺾은선형 그래프에 대해 알려주세요,458.9334716796875,2044.082275390625,1641.849905105355,884.7648833131889
MI3_240828_TY1_0226_3_V02-8_1,주택공급과 관련된 통계 차트 혼합형에 대해 알려주세요,458.3348083496094,1032.338134765625,1658.2195475149647,747.9711766547539
MI3_240828_TY1_0226_4_V02-8_2,대구경북 개인소득에 대한 막대형 차트에 대해 알려주세요,1318.1541748046875,2382.43994140625,808.2131111097829,619.4436873589175
MI3_240828_TY1_0226_6_V02-4_2,주택가격과 GRDP 간의 관계를 보여주는 꺾은선형 그래프에 대해 알려주세요,475.17144775390625,619.4415283203125,1628.9935478745945,723.2286337366784
MI3_240828_TY1_0266_1_V02-4_1,해외경제 포커스 주요 경제지표 차트(꺾은선형)에 대해 알려주세요,1272.1138916015625,1943.6419677734375,924.7478319446608,647.3943696907844
MI3_240828_TY1_0266_2_V02-4_1,2010~16년 소득증가율 꺾은선형에 대해 알려주세요,346.4864807128906,2207.57861328125,909.0286449998929,664.4104190167284
MI3_240828_TY1_0266_3_V02-1_1,해외경제 포커스 일본과 한국의 외국인 관광객 비율에 대해 알려주세요,352.2999572753906,997.6505126953125,915.6445801130304,674.6647752211576
MI3_240828_TY1_0266_4_V02-4_1,해외경제 포커스 제2017-40호 브라질 소매판매 및 수출 관련 표 차트(원형)에 대해 알려주세요,1293.215576171875,508.37017822265625,912.3590860528407,705.7959802805401
MI3_240828_TY1_0266_5_V02-1_1,해외경제 포커스 제2017-40호의 차트(세로 막대형)에 대해 알려주세요,1295.8470458984375,1925.0152587890625,881.2541428361807,668.8685226271613
MI3_240828_TY1_0266_6_V02-4_1,"해외경제 포커스 제2017-40호에 포함된 2,800 (1931년=100) (1967년=100) 차트(꺾은선형)에 대해 알려주세요",1284.5245361328125,2342.966796875,897.3960459156636,656.7061143350679
MI3_240828_TY1_0267_1_V02-8_1,Ⅱ 일본 노동시장 동향 차트(혼합형)에 대해 알려주세요,322.62255859375,2488.52587890625,910.808269016596,624.4299717371636
MI3_240828_TY1_0267_2_V02-4_1,주요국의 고용률1%(%) 차트(꺾은선형)에 대해 알려주세요,1306.9173583984375,1182.373291015625,887.8377233013787,632.9092811984133
MI3_240828_TY1_0267_3_V02-8_2,T01 T02 T03 혼합형에 대해 알려주세요,318.992919921875,2463.966064453125,925.3020550390215,651.5924301664461
MI3_240828_TY1_0267_4_V02-4_1,로봇 활용도와 관련된 차트에 대해 알려주세요,1288.72265625,1436.067626953125,908.5152959777596,587.7132835492024
MI3_240828_TY1_0267_5_V02-8_1,노동소득 증대 (임금 인상 유도)와 관련된 차트(혼합형)에 대해 알려주세요,1295.35107421875,2480.294189453125,894.9381819707475,627.7830599517866
MI3_240828_TY1_0267_6_V02-4_1,비정규직 비중(%) 차트(꺾은선형)에 대해 알려주세요,342.8695068359375,1281.77001953125,908.8251235989038,546.0053572692544
MI3_240828_TY1_0269_1_V01_1,부산 및 전국의 종사자지위별 취업자수 표에 대해 알려주세요,431.0047912597656,1320.0826416015625,1703.8619194313676,621.6417065518701
MI3_240828_TY1_0269_2_V01_2,전문과학기술서비스 중분류산업별 근로자수 비중 및 상대임금 수준에 대해 알려주세요,442.5245361328125,563.6478881835938,1710.705293932258,622.9030685524538
MI3_240828_TY1_0269_3_V01_1,이 문서에서 다루는 주요 산업별 대규모 사업체의 임금 수준 차트에 대해 알려주세요.,424.73236083984375,1278.845703125,1713.8806237511428,620.5321748846416
MI3_240828_TY1_0269_4_V02-4_1,상용근로자 연령별 임금수준 변화 꺾은선형에 대해 알려주세요,530.0061645507812,617.2938842773438,1513.7465596804445,647.421108078297
MI3_240828_TY1_0269_5_V02-1_1,전국 및 부산의 실업요인별 비중에 대해 알려주세요,1288.2423095703125,2214.502685546875,875.746565254122,674.4812006484784
MI3_240828_TY1_0269_6_V02-1_1,부산지역 청년층 인구 순유입률에 대해 알려주세요,440.0688171386719,2493.22705078125,1628.0872061285525,580.6343808263914
MI3_240828_TY1_0271_1_V02-8_1,은행대출 (전국) 혼합형에 대해 알려주세요,1320.0272216796875,1683.46875,815.6536006395386,501.07428323356555
MI3_240828_TY1_0271_2_V02-4_1,부산지역 금융대출과 고용·부가가치의 연관성 꺾은선형에 대해 알려주세요,445.6627502441406,1694.0814208984375,1664.951514616498,661.0808357808265
MI3_240828_TY1_0271_3_V02-4_1,부가가치의 금융탄력성 (2009~2015년) 차트(꺾은선형)에 대해 알려주세요,451.74981689453125,1320.7620849609375,1671.5118366161703,662.5268567295966
MI3_240828_TY1_0271_4_V02-1_1,T01 T02 T03 차트(세로 막대형)에 대해 알려주세요,1376.780517578125,2441.796630859375,686.9615498049163,494.8709966924836
MI3_240828_TY1_0271_5_V02-1_3,부가가치효과 높은 산업대출 둔화 차트(세로 막대형)에 대해 알려주세요,1371.362548828125,2501.698486328125,688.2988816216073,490.8460742558272
MI3_240828_TY1_0296_1_V02-4_1,미국의 주가지수 꺾은선형에 대해 알려주세요,438.05889892578125,2139.91162109375,1687.1514198307077,845.699311525366
MI3_240828_TY1_0296_2_V02-8_1,2004년 Euro Stoxx와 Nikkei의 혼합형 차트에 대해 알려주세요,444.3567810058594,2032.1322021484375,1675.0333200068023,885.6509862860997
MI3_240828_TY1_0296_3_V02-4_1,해외경제 포커스 제2004-41호에서 제시된 엔/달러 및 달러/유로 환율 꺾은선형에 대해 알려주세요,441.0062255859375,1715.0816650390625,1685.8360737311054,805.74017216498
MI3_240828_TY1_0296_4_V01_1,국제유가 표에 대해 알려주세요,414.1107177734375,2345.53466796875,1736.6398670415228,593.5395095981812
MI3_240828_TY1_0296_5_V02-8_1,미국 난방유 재고 추이 혼합형에 대해 알려주세요,461.4111328125,2015.88232421875,1629.6767815620108,695.2223620694149
MI3_240828_TY1_0296_6_V01_1,반도체 가격과 관련된 표에 대해 알려주세요,413.750732421875,1838.305908203125,1733.7703613410908,385.5899074763602
MI3_240828_TY1_0297_2_V02-4_1,유로지역 및 일본 주가지수에 대한 차트(꺾은선형)에 대해 알려주세요,441.952880859375,2064.513671875,1679.608970412852,879.3368526090816
MI3_240828_TY1_0297_3_V02-4_1,해외경제 포커스의 엔/달러 및 달러/유로 환율 꺾은선형 차트에 대해 알려주세요,439.7167053222656,1904.23828125,1686.952711119172,889.1747133592696
MI3_240828_TY1_0297_4_V02-4_1,해외경제 포커스 제2004-46호의 10년 만기 국채 수익률에 대해 알려주세요.,383.473876953125,2001.2177734375,833.1843869539093,743.0575838858998
MI3_240828_TY1_0297_5_V02-8_1,해외경제 포커스 제2004-46호의 미국 상업용 원유재고 혼합형에 대해 알려주세요,463.6690673828125,1092.3966064453125,1647.0242741130412,677.6113954655245
MI3_240828_TY1_0304_2_V02-4_1,해외경제 포커스 제2005-20호에서 다룬 엔/달러 및 달러/유로 환율 변화에 대해 알려주세요,428.8878479003906,658.10986328125,1722.8829561170512,831.3985510795967
MI3_240828_TY1_0304_4_V02-4_1,해외경제 포커스 제2005-20호 1의 꺾은선형 그래프에 대해 알려주세요,475.6929016113281,732.4502563476562,1626.9729928895265,658.8451749960603
MI3_240828_TY1_0304_5_V02-4_1,로이터 및 IMF 상품가격 지수 추이에 대해 알려주세요,480.8478698730469,2334.34326171875,1577.737590554973,625.09960374273
MI3_240828_TY1_0306_1_V01_1,해외경제 포커스의 표에 대해 알려주세요,430.66552734375,681.6663208007812,1726.266366006409,335.4942545714359
MI3_240828_TY1_0306_2_V02-4_1,엔/달러 및 달러/유로 환율 꺾은선형 차트에 대해 알려주세요,436.99725341796875,842.2310791015625,1697.0256779674098,830.3003339937754
MI3_240828_TY1_0306_3_V02-4_1,해외경제 포커스 제2005-28호에서 제시된 꺾은선형 차트에 대해 알려주세요,428.7755126953125,655.8837890625,1720.8968403334254,807.0729234236973
MI3_240828_TY1_0306_4_V02-8_1,해외경제 포커스 제2005-28호에 포함된 원유재고 변화에 대해 알려주세요,473.34979248046875,762.686279296875,1625.378672419979,682.2586553447276
MI3_240828_TY1_0306_5_V02-4_1,해외경제 포커스 제2005-28호에 대해 알려주세요,472.005126953125,1038.510498046875,1629.5856266159685,783.3807573113987
MI3_240828_TY1_0313_2_V02-4_1,미 국채수익률 차트(꺾은선형)에 대해 알려주세요,443.3642883300781,2255.44482421875,1668.9727897621476,709.2265454962873
MI3_240828_TY1_0313_3_V02-4_1,해외경제 포커스 제2006-6호에서 미국 상업용 원유재고의 장기 추이에 대한 꺾은선형 그래프에 대해 알려주세요.,490.359375,976.3858642578125,1598.357158589782,622.2366638333941
MI3_240828_TY1_0313_4_V02-8_1,해외경제 포커스 제2006-6호의 혼합형 차트에 대해 알려주세요,506.6878662109375,705.325439453125,1560.605702539866,618.4624704772766
MI3_240828_TY1_0313_6_V02-4_1,해외경제 포커스 제2006-6호의 꺾은선형 차트에 대해 알려주세요,491.1997985839844,1030.1181640625,1594.573515071647,682.9380531318733
MI3_240828_TY1_0322_2_V02-4_1,해외경제 포커스 제2006-49호엔/달러 및 달러/유로 추이에 대해 알려주세요,450.1486511230469,2149.807373046875,1662.8487893554804,815.3635391622336
MI3_240828_TY1_0322_3_V02-4_1,해외경제 포커스에 대한 시각요소 제목과 관련된 꺾은선형 차트에 대해 알려주세요,447.7454833984375,1316.013427734375,1667.8453764572623,726.0566294634469
MI3_240828_TY1_0322_4_V02-8_1,해외경제 포커스 제2006-49호에서 미국 상업용 원유재고 혼합형 차트에 대해 알려주세요,466.7956237792969,1042.5804443359375,1634.4643901824845,667.9523966081042
MI3_240828_TY1_0322_6_V02-4_2,해외경제 포커스 제2006-49호의 소제목과 관련하여 꺾은선형 차트에 대해 알려주세요,463.2701721191406,1009.88720703125,1640.8141479812764,655.7192250891927
MI3_240828_TY1_0331_1_V02-4_1,18500 (엔) 꺾은선형에 대해 알려주세요,1322.1624755859375,1498.748046875,797.9265880087283,631.2449850262179
MI3_240828_TY1_0331_2_V02-4_1,유로지역 및 일본 주가지수 추이 차트(꺾은선형)에 대해 알려주세요,435.89776611328125,2060.980224609375,1673.416076072817,646.6533926637493
MI3_240828_TY1_0331_3_V02-4_1,해외경제 포커스 제2007-32호에서 엔/달러 및 달러/유로 추이에 대해 알려주세요,438.12066650390625,2290.943115234375,1676.733892777517,691.8343169605436
MI3_240828_TY1_0331_4_V02-4_1,회사채 스프레드 추이에 대해 알려주세요,450.4642333984375,702.1681518554688,1673.7830525120226,689.5936495687407
MI3_240828_TY1_0331_5_V02-8_1,2007년 최대시 평균 혼합형 차트에 대해 알려주세요,493.39935302734375,706.3544311523438,1595.1115526325405,705.222097528697
MI3_240828_TY1_0331_6_V02-4_2,IMF 부문별 원자재가격지수 꺾은선형 차트에 대해 알려주세요,496.903076171875,1875.1929931640625,1553.5374691314366,666.7171945539692
MI3_240828_TY1_0351_1_V02-1_1,강원지역 금융기관 수신 증감액 추이 차트(세로 막대형)에 대해 알려주세요,369.54302978515625,2278.053955078125,1829.893191622581,854.7596984594968
MI3_240828_TY1_0351_2_V02-8_1,금융기관 주택대출 관련 데이터 차트(혼합형)에 대해 알려주세요,354.3671569824219,2334.913818359375,1857.5898409773636,818.3705001865278
MI3_240828_TY1_0351_3_V01_1,자산운용사 수신 추이 차트(혼합형)에 대해 알려주세요,340.63739013671875,1234.0087890625,1897.06886930611,903.8085575705177
MI3_240828_TY1_0351_4_V02-8_1,신규 부도업체 및 신설법인 수 혼합형 차트에 대해 알려주세요,394.71923828125,2075.834716796875,1766.8227376577786,985.9402016535686
MI3_240828_TY1_0351_5_V02-4_1,강원지역 비제조업 업황BSI 꺾은선형에 대해 알려주세요,369.9899597167969,742.18603515625,1819.9112320965608,843.5643832958067
MI3_240828_TY1_0351_6_V02-4_1,소비자심리지수 꺾은선형에 대해 알려주세요,372.98236083984375,617.8580322265625,1823.595666852599,850.9059482110243
MI3_240828_TY1_0360_1_V01_1,I. 금융동향 화폐발행 및 환수 차트(세로 막대형)에 대해 알려주세요,387.13079833984375,1221.1082763671875,1808.4921360409787,573.3843335601166
MI3_240828_TY1_0360_2_V01_1,신용보증기관1의 신용보증실적 표에 대해 알려주세요,342.28436279296875,1433.514404296875,1921.9914172401586,1210.2210914517527
MI3_240828_TY1_0360_3_V01_1,Ⅱ. 실물동향제조업 생산·출하·재고동향에 대해 알려주세요,316.54638671875,1828.3497314453125,1931.8598355794354,1298.7458263234591
MI3_240828_TY1_0360_4_V01_1,대외거래 본문 표에 대해 알려주세요,355.16162109375,1470.9705810546875,1901.8258139451966,1422.7519490575914
MI3_240828_TY1_0360_5_V01_1,소비자물가에 대해 알려주세요.,318.214599609375,1925.6268310546875,1942.936376903032,1185.4818599193673
MI3_240828_TY1_0360_6_V01_1,인천항 수출입 물동량(천톤) 차트에 대해 알려주세요,344.3175354003906,1481.192138671875,1926.1943317908879,1465.1826119962213
MI3_240828_TY1_0377_1_V02-4_2,회사채금리 차트(꺾은선형)에 대해 알려주세요,1292.1962890625,1930.4775390625,895.3988106483258,756.9186649893776
MI3_240828_TY1_0377_2_V02-1_1,신규주택 공급물량 변화 세로 막대형 차트에 대해 알려주세요,1306.143310546875,1142.06396484375,863.6734448594151,692.5763780484016
MI3_240828_TY1_0377_3_V02-3_2,"강원지역 단위면적당 평균 보증금 및 월세금 반전세, 그외, 46% 44% 순수월세, 10%에 대해 알려주세요",1493.1019287109375,2429.559814453125,535.3217263050843,528.994021689471
MI3_240828_TY1_0377_4_V02-1_1,강원도 전월세 평균주거비 격차 차트(세로 막대형)에 대해 알려주세요,346.01788330078125,2297.9912109375,896.1266348765527,799.4915859384442
MI3_240828_TY1_0377_5_V02-8_1,강원지역 전세수급지수 및 금리에 대해 알려주세요,370.74285888671875,528.0048217773438,839.2320481740464,591.599673138438
MI3_240828_TY1_0377_6_V02-8_1,강원도 인허가 및 착공물량 혼합형에 대해 알려주세요,369.7730712890625,842.4155883789062,887.9495549946922,748.9910781522343
MI3_240828_TY1_0387_1_V02-1_2,영동 및 영서 차트(세로 막대형)에 대해 알려주세요,1302.1905517578125,1456.4661865234375,873.2948086486383,620.9284802380138
MI3_240828_TY1_0387_2_V02-1_1,IV 평가 차트(세로 막대형)에 대해 알려주세요,338.58154296875,1819.49169921875,934.3233307334688,647.501406136763
MI3_240828_TY1_0387_3_V02-4_1,국내기업의 성장성 및 수익성 지표 차트(꺾은선형)에 대해 알려주세요,331.6889343261719,1664.2010498046875,969.0273337101366,710.8537143222196
MI3_240828_TY1_0387_4_V02-1_2,강원지역 업종별 한계기업 비중 차트(세로 막대형)에 대해 알려주세요,337.56878662109375,2438.7529296875,899.0185347224427,603.7738440812444
MI3_240828_TY1_0387_5_V02-7_2,방사형에 대해 알려주세요,1324.6474609375,1761.828857421875,840.3534437909009,852.532414362738
MI3_240828_TY1_0387_6_V02-2_1,강원 16.9% (영동) 11.4% (영서) 23.9% 전국 5.9% 가로 막대형에 대해 알려주세요,383.4886474609375,1153.0074462890625,787.0772942862928,378.9454081482517
MI3_240828_TY1_0387_7_V02-1_2,1년 2년 3년이상 차트(세로 막대형)에 대해 알려주세요,1280.836669921875,2470.3349609375,924.4092698093694,580.0576611938236
MI3_240828_TY1_0387_8_V02-1_1,이중부실 부채비율 차트(세로 막대형)에 대해 알려주세요,347.61785888671875,2129.62744140625,904.5867819859809,647.7948165482072
MI3_240828_TY1_0393_1_V02-2_1,<경남지역 산업별 구성비> 차트(가로 막대형)에 대해 알려주세요,352.7395935058594,1388.551025390625,899.1569360202825,718.3282566559096
MI3_240828_TY1_0393_2_V02-4_1,경남경제리뷰 성장잠재력 변동 추이에 대해 꺾은선형 차트에 대해 알려주세요,665.4085083007812,1206.2908935546875,1165.9570257468388,785.3664469782794
MI3_240828_TY1_0393_3_V02-1_1,경남경제리뷰 2014.10.29. The Bank of Korea Gyeongnam에 대한 세로 막대형 차트에 대해 알려주세요,707.3380126953125,2213.965087890625,1048.5034299720553,670.6858372933773
MI3_240828_TY1_0393_4_V02-8_1,경남지역 연구원 수 혼합형에 대해 알려주세요,347.1191101074219,2127.137451171875,908.6202339782856,640.0816927694468
MI3_240828_TY1_0393_5_V02-1_2,지역혁신지수 변동폭 차트(세로 막대형)에 대해 알려주세요,359.5032043457031,1110.1475830078125,891.9535338520576,664.7338889192448
MI3_240828_TY1_0393_6_V02-1_1,동남권 수도권 차트(세로 막대형)에 대해 알려주세요,406.9347839355469,591.3412475585938,1756.791800200779,671.1654621018116
MI3_240828_TY1_0393_7_V02-1_1,지역별 제조업 구인충족률 및 청년층 고용률 차트(세로 막대형)에 대해 알려주세요,392.4249572753906,1575.1280517578125,1778.1334229840609,750.9253511290871
MI3_240828_TY1_0416_1_V02-4_2,제목에 해당하는 문서에서 여신 비율 변화를 나타내는 차트에 대해 알려주세요.,486.3006591796875,1382.9627685546875,1611.9294134048694,822.8953141188913
MI3_240828_TY1_0416_2_V02-1_2,제목에 언급된 내용을 기반으로 종사상 지위별 취업자 비중 차트를 통해 알려주세요.,1325.1392822265625,2355.494384765625,838.5702661866515,742.9417627445422
MI3_240828_TY1_0416_3_V02-1_1,지역별 지방은행 및 서민금융기관의 여신점유율에 대해 알려주세요,366.8351745605469,553.2383422851562,892.23401644592,694.2751666872002
MI3_240828_TY1_0416_4_V01_1,서민금융기관 예대율에 대해 알려주세요,408.7287292480469,2430.266357421875,1760.7849614812517,679.8919860302607
MI3_240828_TY1_0416_5_V02-4_1,지역별 상호저축은행 및 서민금융기관 예대율 추이에 대해 알려주세요,368.12371826171875,548.2677612304688,895.1218034891353,750.0895730706698
MI3_240828_TY1_0416_6_V02-8_1,광주전남지역의 지방은행 대출 추이에 대해 알려주세요,346.92620849609375,2382.466064453125,895.514574206537,742.6401858311121
MI3_240828_TY1_0416_7_V01_1,예금은행의 기업대출 현황 표에 대해 알려주세요,424.7010498046875,1185.970458984375,1714.3076146257908,829.8310414998105
MI3_240828_TY1_0416_8_V02-4_1,제목과 관련하여 예금은행의 대출 비율 추세를 보여주는 차트에 대해 알려주세요,457.6392517089844,1698.1446533203125,1655.93695021473,931.3013229274104
MI3_240828_TY1_0416_9_V02-8_1,교차형 차트에 대해 알려주세요,337.8607482910156,599.49365234375,1004.990390719038,823.4403911754276
MI3_240828_TY1_0422_1_V02-1_1,지급수단 이용실태 조사결과 차트(세로 막대형)에 대해 알려주세요,440.0904846191406,1600.5694580078125,1675.4182440985992,697.2370303857168
MI3_240828_TY1_0422_2_V02-1_1,미국 소매점결제시 금액에 따른 지급결제수단 선택 차트(세로 막대형)에 대해 알려주세요,442.831787109375,2116.705810546875,1684.3133620058463,731.9038269113241
MI3_240828_TY1_0422_3_V01_1,핀란드의 지급수단 이용 현황과 고지서 납부에 대한 통계 자료에 대해 알려주세요.,486.2677307128906,1538.8953857421875,1572.7339604098077,515.8392716226003
MI3_240828_TY1_0422_4_V02-1_1,고지서 납부에 이용되는 지급수단 이용비중 변화 차트(세로 막대형)에 대해 알려주세요,397.9314880371094,1353.2918701171875,1777.3616745425504,641.820618524279
MI3_240828_TY1_0422_5_V02-1_2,의 직불카드 편리성 인식도 차트(세로 막대형)에 대해 알려주세요,1304.16845703125,2479.094482421875,864.9702580218161,577.6431838817343
MI3_240828_TY1_0422_6_V02-1_1,T01 T02 차트(세로 막대형) V02-1에 대해 알려주세요,390.33953857421875,1763.577392578125,1775.0625466714062,680.9854455367822
MI3_240828_TY1_0425_1_V02-4_1,국제유가 추이 차트(꺾은선형)에 대해 알려주세요,491.76220703125,566.7123413085938,1598.8106723418614,765.4173052079939
MI3_240828_TY1_0425_2_V02-4_1,대미달러 환율 추이에 대한 차트(꺾은선형)에 대해 알려주세요,466.0701599121094,1691.1314697265625,1637.3077838695524,881.7374576943923
MI3_240828_TY1_0425_3_V02-1_1,원유가격 상승이 업종별 채산성에 미치는 영향 차트(세로 막대형)에 대해 알려주세요,471.87091064453125,1986.091796875,1616.0091240302756,1016.5443349410724
MI3_240828_TY1_0425_4_V02-1_1,T01 T02 T03 차트(세로 막대형)에 대해 알려주세요,467.93023681640625,2191.123046875,1619.8276524897235,891.453176463743
MI3_240828_TY1_0425_5_V02-1_1,"제목에 따르면, 국제유가 상승과 환율 변동이 업종별 영업이익률 변화에 미치는 영향을 보여주는 차트에 대해 알려주세요.",431.1905212402344,2292.757080078125,1693.107869379848,822.7679795879835
MI3_240828_TY1_0425_9_V01_1,환율하락이 업종별 채산성에 미치는 영향과 관련된 자료를 통해 다이어그램에 대해 알려주세요,0.0,0.0,0.0,0.0
MI3_240828_TY1_0433_1_V02-1_1,I. 금융동향 화폐발행및환수 추이에 대해 알려주세요,478.576416015625,1435.6361083984375,1621.0292836326544,836.6296981366665
MI3_240828_TY1_0433_2_V02-4_1,한국은행 예금 및 대출금 잔액 추이에 대해 알려주세요,449.4006042480469,1508.474609375,1678.9620609611532,788.2816286193585
MI3_240828_TY1_0433_3_V02-8_1,금융기관 예수금 증감 추이 차트(혼합형)에 대해 알려주세요,444.2133483886719,2091.283447265625,1670.8479325532562,786.7550507707464
MI3_240828_TY1_0433_4_V02-8_1,2003년 9월말 도내 금융기관 총여신 잔액과 관련된 혼합형 차트에 대해 알려주세요,423.0240783691406,1202.20263671875,1726.4859203667156,816.5019568461213
MI3_240828_TY1_0433_5_V02-8_1,중소기업 대출금 추이에 대해 알려주세요,426.5431823730469,1223.748046875,1726.5106926181047,840.0098208927293
MI3_240828_TY1_0433_6_V02-4_1,에 관련된 어음부도율 추이 차트(꺾은선형)에 대해 알려주세요,501.07611083984375,1382.306884765625,1579.7039239218482,842.0634959054623
MI3_240828_TY1_0433_7_V02-3_1,금융기관별 예수금 및 여신 비중에 대해 알려주세요,729.7081298828125,606.5048828125,1116.8268593996113,908.6039951955427
MI3_240828_TY1_0436_1_V01_1,I. 금융동향화폐발행 및 환수에 대해 알려주세요,521.0458984375,2399.39794921875,1509.30231268779,545.2856692908413
MI3_240828_TY1_0436_2_V02-4_1,한국은행예금및대출금 (말잔기준 증감)에 대해 알려주세요,437.559814453125,1398.8251953125,1691.6506864199162,709.8673418860562
MI3_240828_TY1_0436_3_V02-8_1,금융기관 예수금 증감 추이와 관련된 데이터의 혼합형 차트에 대해 알려주세요,462.0017395019531,1942.221435546875,1656.9420187060382,791.175253984618
MI3_240828_TY1_0436_4_V02-8_1,금융기관여신 증감 추이 혼합형 차트에 대해 알려주세요,443.72442626953125,1249.952880859375,1687.3828759178878,795.1709639745703
MI3_240828_TY1_0436_5_V02-8_1,중소기업 대출금 추이 차트(혼합형)에 대해 알려주세요,451.8928527832031,1411.3516845703125,1669.7680299574865,774.4997738033446
MI3_240828_TY1_0436_6_V02-4_1,어음부도율 추이 꺾은선형에 대해 알려주세요,486.6392517089844,1320.7879638671875,1612.4640228092428,909.6499492788412
MI3_240828_TY1_0436_7_V02-3_2,금융기관별 여신 비중 차트(원형)에 대해 알려주세요,685.7516479492188,2130.599853515625,1226.10188385986,867.7702398432041
MI3_240828_TY1_0445_1_V02-1_1,금융동향 화폐발행 및 환수 추이에 대해 알려주세요,450.958740234375,1271.5111083984375,1662.7561901398653,879.5608701670159
MI3_240828_TY1_0445_2_V01_1,한국은행 예금 및 대출금에 대해 알려주세요,495.7610778808594,2427.99755859375,1578.4536637094748,523.5242596775399
MI3_240828_TY1_0445_3_V02-8_1,금융기관 예수금 증감 추이 차트(혼합형)에 대해 알려주세요,487.0703125,1819.6092529296875,1599.07961861614,872.0641032142722
MI3_240828_TY1_0445_4_V02-8_1,제목에 대해 알려주세요. 증감액과 증감률을 비교하는 차트에 대해 알고 싶습니다.,467.72491455078125,1184.028076171875,1636.7483281689226,814.180578036808
MI3_240828_TY1_0445_5_V01_1,중소기업 대출금 추이 세로 막대형에 대해 알려주세요,462.8948974609375,2259.8095703125,1629.2966424835424,771.8456350543953
MI3_240828_TY1_0445_6_V01_1,6. 자금사정 표에 대해 알려주세요,375.5297546386719,2161.535400390625,1789.6513876266754,922.1855525358162
MI3_240828_TY1_0445_7_V02-3_2,금융기관별 여신 비중 차트(원형)에 대해 알려주세요,699.2708740234375,711.3931274414062,1153.8929784615214,844.0459017795481
MI3_240828_TY1_0449_2_V01_1,한국은행 예금 및 대출금 (말잔기준 증감)에 대해 알려주세요,444.95660400390625,2469.5947265625,1694.4469327728218,560.5890550151009
MI3_240828_TY1_0449_3_V02-8_1,금융기관 수신 증감 추이 혼합형에 대해 알려주세요,421.0963134765625,1892.093017578125,1732.636047489026,882.1502496257209
MI3_240828_TY1_0449_4_V01_1,금융기관 수신 및 여신 관련 데이터에 대해 알려주세요.,438.55828857421875,2283.208984375,1697.451502438603,715.5467551130846
MI3_240828_TY1_0449_5_V02-8_1,4. 중소기업 지원에 대한 혼합형 차트에 대해 알려주세요,444.5025939941406,1248.78564453125,1679.298804176054,769.3787709389236
MI3_240828_TY1_0449_6_V02-3_2,금융기관별 여신비중에 대해 알려주세요,828.0668334960938,612.610107421875,1064.045282767193,883.4594731749455
MI3_240828_TY1_0467_1_V02-8_2,황 금융기관 여신 차트(혼합형)에 대해 알려주세요,465.388916015625,1400.89013671875,1650.0643258072162,607.9062322480725
MI3_240828_TY1_0467_2_V02-4_1,중소기업대출 신용보증 어음부도율 꺾은선형에 대해 알려주세요,414.9963073730469,2279.677490234375,1727.5462828577286,841.136897373844
MI3_240828_TY1_0467_3_V02-4_1,실물경제동향 제조업 생산 차트(꺾은선형)에 대해 알려주세요,403.66094970703125,1482.633544921875,1768.2756379701243,625.9865442386428
MI3_240828_TY1_0467_4_V02-4_1,충남 지역의 수출입 차트(꺾은선형)에 대해 알려주세요,351.96697998046875,2547.2890625,1775.8968916855508,549.8710217541397
MI3_240828_TY1_0467_5_V01_1,I. 금융동향 1. 화폐발행·환수 및 한국은행 예금·대출금 차트(세로 막대형)에 대해 알려주세요,369.11297607421875,1345.35498046875,1841.64213405584,621.1214746071031
MI3_240828_TY1_0467_6_V01_1,금융기관 여수신 표에 대해 알려주세요,350.21929931640625,2057.6611328125,1858.1454146105773,1014.3777296027006
MI3_240828_TY1_0474_1_V01_1,I. 금융동향예금은행 1 수신동향 표에 대해 알려주세요,441.8921203613281,2237.767333984375,1664.7302913667163,672.1160292664118
MI3_240828_TY1_0474_2_V01_1,비은행기관 1 수신 동향 표에 대해 알려주세요,428.8738098144531,1844.285888671875,1688.7360728410026,614.2430109828508
MI3_240828_TY1_0474_3_V01_1,은행계정대출과 금융자금의 증감에 대한 차트(세로 막대형)에 대해 알려주세요,439.4436950683594,2295.906982421875,1670.0410205721298,575.583706294181
MI3_240828_TY1_0474_4_V01_2,신탁대출 동향 차트(세로 막대형)에 대해 알려주세요,451.50592041015625,2296.09033203125,1652.3924985196159,618.2035174880181
MI3_240828_TY1_0474_5_V01_1,어음교환 및 부도에 대해 알려주세요,444.0039367675781,2182.953857421875,1655.3455099352573,646.0977156495891
MI3_240828_TY1_0474_6_V01_1,신용보증 실적 표에 대해 알려주세요,398.2496337890625,1980.1990966796875,1753.8878894847328,698.6692202417221
MI3_240828_TY1_0478_1_V01_1,금융동향 화폐발행 및 환수에 대해 알려주세요,374.1427917480469,1435.365966796875,1860.551944921819,486.31185536759693
MI3_240828_TY1_0478_2_V01_1,대전지역 예금은행 수신에 대해 알려주세요,339.4781188964844,2121.783447265625,1879.616415752582,979.5332229281678
MI3_240828_TY1_0478_3_V01_1,T04에 대해 알려주세요,355.6265563964844,1982.76611328125,1852.7642070417896,777.0262055356783
MI3_240828_TY1_0478_4_V01_1,충남지역 예금은행 수신 데이터에 대해 알려주세요,362.0091552734375,1910.839111328125,1857.695735953632,1034.1389209108788
MI3_240828_TY1_0478_5_V01_1,충남지역 비은행기관 수신에 대한 표에 대해 알려주세요,350.73577880859375,1897.3619384765625,1867.434624145121,716.2333379945314
MI3_240828_TY1_0478_6_V01_1,2011년 대전지역 예금은행 대출에 대해 알려주세요.,358.51385498046875,1856.629638671875,1866.02565182517,1046.4000618427883
MI3_240828_TY1_0502_1_V02-3_1,T01 T02 T03 차트(원형)에 대해 알려주세요,380.73614501953125,2179.351806640625,873.9253813689119,699.1678127808972
MI3_240828_TY1_0502_2_V02-3_1,제목소제목차트(원형) -3에 대해 알려주세요,486.4259033203125,1886.9307861328125,1585.2171561175226,946.7189804286824
MI3_240828_TY1_0502_3_V02-8_2,건축착공면적에 대해 알려주세요,1308.3873291015625,1104.95947265625,874.7946507147884,705.341636628187
MI3_240828_TY1_0502_4_V02-8_1,대형소매점 판매 경상판매액 혼합형에 대해 알려주세요,360.20452880859375,2391.471923828125,1817.8696247366115,749.9521122428584
MI3_240828_TY1_0502_5_V02-8_2,실업률 및 취업자수에 대해 알려주세요,335.432373046875,2390.381591796875,896.3606261766816,742.375486078852
MI3_240828_TY1_0502_6_V01_1,I. 금융동향화폐발행 및 환수 표에 대해 알려주세요,373.1965026855469,1763.5477294921875,1823.8873804567259,626.5201363109056
MI3_240828_TY1_0533_1_V02-4_1,대전지역 제조업 생산지수와 차트(꺾은선형)에 대해 알려주세요,391.20574951171875,2461.21826171875,1773.168596237325,593.9707182014282
MI3_240828_TY1_0533_2_V02-4_1,대전지역 대형소매점 판매액지수에 대해 알려주세요,390.8089294433594,2121.208251953125,1764.4958004385498,583.3415148886504
MI3_240828_TY1_0533_3_V02-4_2,대전지역 건축착공 및 허가면적 그래프에 대해 알려주세요,1302.8763427734375,2389.650634765625,841.1804592056695,587.3124655763849
MI3_240828_TY1_0533_4_V01_1,대전지역 수출입 증감률 차트에 대해 알려주세요,340.8797607421875,1125.9434814453125,1890.6090413392049,1088.815387569141
MI3_240828_TY1_0533_5_V02-8_1,대전지역 취업자수 및 실업률 차트(혼합형)에 대해 알려주세요,389.6761474609375,2306.732666015625,1782.775269557422,591.9034963088344
MI3_240828_TY1_0533_6_V01_1,물가 및 주택가격 본문 차트(세로 막대형)에 대해 알려주세요,347.3960876464844,1150.8248291015625,1874.7856959849007,1120.0161068912657
MI3_240828_TY1_0533_7_V01_1,대전지역 주택가격 관련 지표에 대해 알려주세요,361.46063232421875,952.78369140625,1872.4382473990072,580.4153764012008
MI3_240828_TY1_0544_1_V01_1,2002년 1월과 2월의 예금 및 대출 금액에 대해 알려주세요,378.0863952636719,1114.7388916015625,1821.4627678746695,742.0031843213895
MI3_240828_TY1_0544_2_V01_1,이 문서의 제목에 관련된 여러 수치 데이터를 포함한 표에 대해 알려주세요.,365.45367431640625,1957.9742431640625,1825.0853275245968,1120.2469419194101
MI3_240828_TY1_0544_3_V01_1,"제목에 포함된 내용과 관련하여, 시각요소 제목 및 통계 데이터에 대해 알려주세요.",393.19287109375,1480.57861328125,1803.914990033646,1155.1379232880906
MI3_240828_TY1_0544_4_V01_1,제목에 관련된 데이터와 소제목에 연관된 내용의 차트 타입에 대해 알려주세요,427.2746276855469,1813.9337158203125,1734.242457029934,1220.8570531556988
MI3_240828_TY1_0544_5_V01_1,T01 T02 T03 V01에 대해 알려주세요,375.3874206542969,1674.8118896484375,1841.514110481418,1240.0954578627989
MI3_240828_TY1_0544_6_V01_1,2002년 1월말 현재 비통화금융기관 여신에 대한 표에 대해 알려주세요.,393.6124267578125,1708.7589111328125,1785.3265345827447,983.7651051512527
MI3_240828_TY1_0549_1_V02-4_1,2004년 4월말 현재 도내 금융기관 수신 잔액과 경기지역 금융기관 수신추이에 대해 알려주세요,384.68084716796875,2009.01025390625,823.1579042416466,918.645346947943
MI3_240828_TY1_0549_2_V02-4_1,경기지역 금융기관 여신추이 꺾은선형에 대해 알려주세요,432.031494140625,1935.13525390625,1704.5328419396153,954.3340109371322
MI3_240828_TY1_0549_3_V02-8_1,경기지역 신용보증 추세 혼합형에 대해 알려주세요,467.9779052734375,2080.25244140625,1615.8188219490369,701.1247626106233
MI3_240828_TY1_0549_4_V01_1,국가산업단지 생산동향 표에 대해 알려주세요,380.39111328125,1983.0693359375,1805.2761776317025,980.2017919549397
MI3_240828_TY1_0549_5_V01_1,본문에 포함된 건축허가면적 및 건설발주액 데이터에 대해 알려주세요.,453.7964172363281,2365.402099609375,1626.3274504796304,435.6551303203296
MI3_240828_TY1_0549_6_V01_1,2004년 통계 자료에 대한 표 에 대해 알려주세요,391.1026916503906,943.3187255859375,1796.4760633089106,736.2782556251924
MI3_240828_TY1_0555_1_V01_1,2004 2005 12월중 화폐발행액 및 환수액에 대해 알려주세요,382.7506103515625,2164.78369140625,1782.9542140387955,598.2219829356254
MI3_240828_TY1_0555_2_V01_1,한국은행의 금융기관 예금 및 대출 현황에 대해 알려주세요,381.4622802734375,2509.447021484375,1795.5329450723339,355.5042276322833
MI3_240828_TY1_0555_3_V01_1,2005년 11월말 현재 금융기관의 총수신 및 총여신에 대한 표에 대해 알려주세요.,350.13507080078125,2424.684814453125,1905.6429462749477,694.8272422310075
MI3_240828_TY1_0555_4_V01_1,제목에 포함된 정보와 관련하여 본문에서 제공하는 여러 데이터들을 기반으로 한 차트에 대해 알려주세요.,344.7402038574219,1758.7789306640625,1899.6714345964367,1090.1607497091884
MI3_240828_TY1_0555_5_V01_1,이 문서에서는 예금은행 대출금과 금융자금을 포함한 다양한 자금의 현황과 변화를 다루는 표에 대해 알려주세요.,390.919921875,1589.2415771484375,1810.25368803753,864.0295999316356
MI3_240828_TY1_0555_6_V01_1,이 자료의 제목을 기반으로 한 표에 대해 알려주세요,358.92626953125,1669.3438720703125,1894.2198522004492,1223.8280136353285
MI3_240828_TY1_0582_1_V02-4_1,경기지역 수출입 증감률 추이 꺾은선형에 대해 알려주세요,298.7178955078125,1324.7110595703125,1080.2227744244285,591.404209962592
MI3_240828_TY1_0582_3_V02-4_1,경기지역 어음부도율1) 추이 차트(꺾은선형)에 대해 알려주세요,391.5533447265625,1149.2777099609375,514.0647653022301,230.46759519340065
MI3_240828_TY1_0582_4_V02-8_1,대형소매점 판매액 및 증감률 추이에 대해 알려주세요,304.0668029785156,2058.810791015625,1096.6958818120868,625.0331357945104
MI3_240828_TY1_0582_5_V01_1,통계 자료의 표에 대해 알려주세요,343.7927551269531,1897.0445556640625,964.5325889907035,551.7490194541829
MI3_240828_TY1_0582_6_V02-4_1,경기도 주택가격 변동률 추이에 대해 알려주세요,314.9769592285156,1932.146728515625,1162.370442447761,601.2359504387779
MI3_240828_TY1_0590_1_V02-8_2,금융기관 수신 혼합형에 대해 알려주세요,407.2678527832031,1187.520263671875,1760.004549053842,651.4193251398053
MI3_240828_TY1_0590_2_V02-4_2,실업률 꺾은선형 차트에 대해 알려주세요,464.7978210449219,1485.1488037109375,1624.0867637297358,675.1935357805387
MI3_240828_TY1_0590_3_V01_2,예금 및 대출금 본문 표에 대해 알려주세요,427.70751953125,1151.3173828125,1727.638881109401,620.8575124760976
MI3_240828_TY1_0590_4_V01_1,예금은행 산업별 여신 표에 대해 알려주세요,422.8063049316406,1483.7496337890625,1761.9961527817206,1299.692627032508
MI3_240828_TY1_0590_5_V01_1,비은행기관 여신에 대한 표에 대해 알려주세요,378.099853515625,1925.148681640625,1820.9416357912094,1024.3101078720763
MI3_240828_TY1_0590_6_V01_1,신용보증 실적에 대해 알려주세요,367.53790283203125,1374.9893798828125,1863.6949943129955,1422.7290565698347
MI3_240828_TY1_0592_1_V02-8_1,금융기관 여신 혼합형에 대해 알려주세요,407.3072509765625,1187.5391845703125,1759.9397043638246,651.1343711510463
MI3_240828_TY1_0592_2_V02-4_1,충남 지역 수출입 차트(꺾은선형)에 대해 알려주세요,436.32293701171875,2470.721435546875,1628.7685725330723,617.6576332265869
MI3_240828_TY1_0592_3_V01_1,금융기관 여·수신 표에 대해 알려주세요,415.34637451171875,1788.81494140625,1753.1216854455754,978.8994669165795
MI3_240828_TY1_0592_4_V01_1,에 대한타입의 차트는 무엇인지 알려주세요,356.1915283203125,1968.6414794921875,1838.0495349574635,1133.2843508797152
MI3_240828_TY1_0592_5_V01_1,4. 자금사정 본문 표에 대해 알려주세요,357.63165283203125,1447.826904296875,1840.2574517328133,1690.6141733843442
MI3_240828_TY1_0592_6_V01_1,충남지역 10대 수출입 품목에 대해 알려주세요,353.5257568359375,1367.91455078125,1839.5713936571503,1763.8661538427975
MI3_240828_TY1_0595_1_V02-4_1,중소기업대출 신용보증 어음부도율 꺾은선형에 대해 알려주세요,418.32489013671875,2053.783935546875,1728.4103770372974,975.205547613218
MI3_240828_TY1_0595_2_V02-4_3,소비자물가 등락률 차트(꺾은선형)에 대해 알려주세요,438.3324890136719,2459.38671875,1635.649581083058,627.7820871138593
MI3_240828_TY1_0595_3_V01_1,금융기관 여·수신 총합과 관련된 차트에 대해 알려주세요,417.6604919433594,1791.80615234375,1752.2925378319314,1030.0066305443909
MI3_240828_TY1_0595_4_V01_1,에 관련된 내용의 표에 대해 알려주세요,397.03302001953125,1829.8919677734375,1795.0167221856236,1140.3625137256731
MI3_240828_TY1_0595_5_V01_1,자금사정에 대한 어음부도율과 부도업체 수의 차트를 통해 알려주세요.,376.64068603515625,1312.7139892578125,1817.2064557244075,1705.3954160992337
MI3_240828_TY1_0595_6_V01_1,"Ⅱ. 실물경제동향대전지역 제조업 생산, 출하 및 재고 차트에 대해 알려주세요",411.8431396484375,1519.8326416015625,1766.520649400454,1569.6884548621626
MI3_240828_TY1_0599_1_V01_1,I. 금융동향화폐발행 및 환수 추이에 대해 알려주세요,392.9366760253906,2141.653076171875,1773.9721120182103,597.0552679469894
MI3_240828_TY1_0599_2_V01_1,금융기관 여수신 동향 (말잔기준 증감액) 표에 대해 알려주세요,346.92041015625,2492.881103515625,1908.8861713609758,660.5224063889863
MI3_240828_TY1_0599_3_V01_1,주체별로는 산업대출과 가계대출에 대한 표 형식에 대해 알려주세요,363.0718994140625,1825.8270263671875,1859.1806772189618,1227.3349188394477
MI3_240828_TY1_0599_4_V01_1,비은행금융기관 여신 추이 (말잔기준 증감액) 차트에 대해 알려주세요,361.6679382324219,1654.5714111328125,1855.1142412685483,931.4737566918378
MI3_240828_TY1_0599_5_V01_1,전라남도 산업 생산에 대한 표에 대해 알려주세요.,334.2424011230469,1527.8829345703125,1947.3714412362806,1434.6946814117987
MI3_240828_TY1_0599_6_V01_1,2007년 2월중 대형점 판매액 및 자동차 신규등록대수에 대한 표에 대해 알려주세요,350.1683044433594,1596.39404296875,1920.311278662674,1283.0281203177385
MI3_240828_TY1_0626_1_V02-8_2,금융기관 여신 혼합형에 대해 알려주세요,409.39520263671875,1245.6968994140625,1744.258967487738,719.6495207871938
MI3_240828_TY1_0626_2_V02-4_1,실물경제동향 제조업 생산 꺾은선형에 대해 알려주세요,417.5245666503906,1442.079345703125,1731.851353118372,638.7901875679707
MI3_240828_TY1_0626_3_V01_1,금융기관 여·수신 표에 대해 알려주세요,354.5501403808594,1746.939208984375,1867.4913312153017,985.0160833599175
MI3_240828_TY1_0626_4_V01_1,비은행기관 수신에 대한 데이터의 표 내용에 대해 알려주세요,341.8330383300781,1846.6634521484375,1870.0034357119857,1257.8027828917868
MI3_240828_TY1_0626_5_V01_1,자금사정지표 표에 대해 알려주세요,377.6684875488281,1435.082763671875,1811.4414799943008,1689.3606478777353
MI3_240828_TY1_0626_6_V01_1,"충남지역 제조업 생산, 출하 및 재고에 대한 표에 대해 알려주세요",397.0250244140625,1424.29150390625,1784.532436143304,1683.906368050108
MI3_240828_TY1_0629_1_V02-8_2,금융기관 여신 혼합형에 대해 알려주세요,425.1635437011719,1248.001953125,1717.8857117638324,719.4163659154494
MI3_240828_TY1_0629_2_V02-4_1,실물경제동향 고용에 대한 전년 동월 대비 증감률 차트에 대해 알려주세요,424.6871643066406,1617.5831298828125,1724.6396504592922,565.6257126571522
MI3_240828_TY1_0629_3_V01_1,금융기관 여·수신 및 여신 관련 통계 정보에 대해 알려주세요.,354.9061279296875,1690.0765380859375,1868.0166291546007,983.0245763835857
MI3_240828_TY1_0629_4_V01_1,나. 여 신 본문 표에 대해 알려주세요,374.5182189941406,1273.49169921875,1837.0530005405903,1645.2515349963035
MI3_240828_TY1_0629_5_V01_1,비은행기관 여신에 대한 표에 대해 알려주세요,394.3369140625,1878.8319091796875,1794.007021616698,1151.4444066126532
MI3_240828_TY1_0629_6_V01_1,"충남지역 제조업 생산, 출하 및 재고와 관련된 표에 대해 알려주세요",401.8582763671875,1349.7840576171875,1780.669741464291,1686.6992232047953
MI3_240828_TY1_0637_1_V02-8_1,"개 황 월중 증감액, 십억원 혼합형에 대해 알려주세요",367.5810852050781,2136.469482421875,882.2961258827604,662.217158975429
MI3_240828_TY1_0637_2_V01_1,전남지역 주요 실물경제 지표와 관련된 데이터의 차트에 대해 알려주세요,309.1922607421875,1648.706787109375,1934.5103711690224,1502.9915828339879
MI3_240828_TY1_0637_3_V01_1,비은행금융기관 수신 동향에 대해 알려주세요,365.70697021484375,2009.5860595703125,1844.5187635818513,967.4210581624152
MI3_240828_TY1_0637_4_V01_1,비은행금융기관 여신 동향 차트에 대해 알려주세요,388.15875244140625,1491.133056640625,1832.0997003194143,1397.549597754576
MI3_240828_TY1_0637_5_V01_1,소비관련지표에 대해 알려주세요.,324.2837829589844,1797.7958984375,1906.8596191464735,1332.5883841116906
MI3_240828_TY1_0637_6_V01_2,전남지역 주요 품목별 수출입에 대해 알려주세요,488.8003845214844,838.9032592773438,1583.0631271787322,196.3137453533859
MI3_240828_TY1_0647_1_V02-3_1,금융기관별 수신 비중 차트(원형)에 대해 알려주세요,367.3988037109375,2205.271728515625,881.7378221498095,574.2837686454259
MI3_240828_TY1_0647_2_V02-8_1,건축착공면적 및 건축허가면적에 대해 알려주세요,358.26922607421875,2468.381103515625,1813.4882549478216,652.5626884320811
MI3_240828_TY1_0647_3_V02-8_1,2018년 11월중 광주지역의 수입과 소비자물가에 대한 차트(혼합형)에 대해 알려주세요,396.39324951171875,706.095703125,1795.0512825444305,640.4610895313575
MI3_240828_TY1_0647_4_V01_1,금융기관 여수신에 대한 표에 대해 알려주세요,409.7737121582031,2403.8349609375,1761.6716845154044,615.6880480588409
MI3_240828_TY1_0647_5_V01_1,비은행예금취급기관 수신(기말잔액 기준 증감액) 차트에 대해 알려주세요,437.03692626953125,1786.5799560546875,1708.6896142909854,950.6834737863039
MI3_240828_TY1_0647_6_V01_1,건설활동 차트에 대해 알려주세요,328.90814208984375,1726.6983642578125,1895.5028507763052,1429.3866827317124
MI3_240828_TY1_0660_1_V02-8_2,금융기관 수신 차트(혼합형)에 대해 알려주세요,399.3197021484375,2452.7138671875,1740.213800547655,655.6356776765302
MI3_240828_TY1_0660_2_V02-4_1,"실물경제동향 (전년동월대비 증감률, %)에 대해 알려주세요",415.6427307128906,2393.416748046875,1708.6708270946579,725.430761066794
MI3_240828_TY1_0660_3_V01_1,금융기관 여·수신에 대한 전기대비 증감액을 보여주는 표에 대해 알려주세요,349.99786376953125,1619.7950439453125,1887.497955854585,984.2641588833211
MI3_240828_TY1_0660_4_V01_1,비은행기관 수신에 대한 데이터와 관련된 표에 대해 알려주세요,355.884765625,1794.7989501953125,1885.155913713565,1141.5711637663821
MI3_240828_TY1_0660_5_V01_1,중소기업대출 관련된 자료와 예금은행 총대출금 중 비중에 대한 표에 대해 알려주세요,355.0308837890625,1455.3438720703125,1872.0233763986053,958.3172705510831
MI3_240828_TY1_0660_6_V01_1,자금사정에 대한 데이터 시각화인 표에 대해 알려주세요,368.1664123535156,1451.64794921875,1825.5815604200013,1682.2543462786164
MI3_240828_TY1_0672_1_V01_1,I. 금융동향화폐발행 및 환수 추이에 대해 알려주세요,392.8476257324219,2140.174560546875,1774.3766315300359,598.6851707980094
MI3_240828_TY1_0672_2_V01_1,단위 : 억원에 대해 알려주세요,369.99371337890625,1444.5982666015625,1860.9013000930393,1223.9599356042622
MI3_240828_TY1_0672_3_V01_1,2006-2007 비은행금융기관 여신 표에 대해 알려주세요,362.1371154785156,1995.17822265625,1844.56644490722,934.4312502274784
MI3_240828_TY1_0672_4_V01_1,소비 관련 데이터의 차트에 대해 알려주세요,347.2090148925781,1454.174072265625,1921.9944540089066,1284.821947217098
MI3_240828_TY1_0672_5_V01_1,주요 품목별·지역별 수입 추이 차트에 대해 알려주세요,314.00946044921875,1698.3756103515625,1941.3813990601752,1420.611444795881
MI3_240828_TY1_0672_6_V01_1,국가산업단지 조업 추이와 관련된 표에 대해 알려주세요,328.2918701171875,1514.7357177734375,1943.2746573844768,941.7910731903245
MI3_240828_TY1_0680_1_V01_1,비은행금융기관 여신 추이에 대해 알려주세요,369.2924499511719,2074.5537109375,1823.827162767919,920.714423030945
MI3_240828_TY1_0680_2_V01_1,5. 자금사정 본문 표에 대해 알려주세요,430.86480712890625,1513.5701904296875,1732.2303925534568,919.0640517082346
MI3_240828_TY1_0680_3_V01_1,제조업 생산·출하 및 재고에 대해 알려주세요,331.9048156738281,1376.11279296875,1950.9229661521242,1254.4464623034512
MI3_240828_TY1_0680_4_V01_1,대외거래 수출 주요 품목별·지역별 백만달러 단위에 대해 알려주세요,300.9980163574219,1642.3819580078125,1964.6831213807277,1492.9349261185473
MI3_240828_TY1_0680_5_V01_1,2008년 8월중 소비자물가에 대한 표에 대해 알려주세요.,358.3533020019531,1417.936767578125,1843.2187563932926,1597.7180911844296
MI3_240828_TY1_0680_6_V01_1,2008년 7월중 국가산업단지의 생산액 변화에 대해 알려주세요,323.40557861328125,1760.583984375,1951.2846019102085,1010.7744997451914
MI3_240828_TY1_0682_1_V01_1,2008년 9월말 현재 금융기관의 총수신과 총여신에 대해 알려주세요,357.343994140625,2426.21142578125,1879.401858716597,724.1414362376333
MI3_240828_TY1_0682_2_V01_1,제목에 포함된 데이터와 관련하여 예금은행 대출금 추이(말잔기준 증감액) 차트에 대해 알려주세요.,389.3861389160156,1806.5059814453125,1793.1700039214254,823.898508028344
MI3_240828_TY1_0682_3_V01_1,2008년 9월말 현재 비은행금융기관 여신 추이와 관련된 표에 대해 알려주세요,369.0661926269531,1950.18896484375,1825.7219077227821,920.8899995744297
MI3_240828_TY1_0682_4_V01_1,자금사정관계 지표 추이에 대해 알려주세요,430.9482727050781,1513.6851806640625,1732.0677148559357,918.8816319148577
MI3_240828_TY1_0682_5_V01_1,"전라남도에 대한 생산지수와 출하지수, 재고지수 차트에 대해 알려주세요",331.5801086425781,1361.06396484375,1948.9797962444284,1249.6534274584565
MI3_240828_TY1_0682_6_V01_1,5. 물가에 대한 표에 대해 알려주세요,362.5638427734375,1159.5030517578125,1856.0111466365797,1592.8977610560275
MI3_240828_TY1_0686_1_V02-4_1,T01 T02 T03 꺾은선형에 대해 알려주세요,505.8803405761719,2205.421875,1531.3779542120749,897.9398852339319
MI3_240828_TY1_0686_2_V02-4_1,대형소매점 판매액과 승용차 신규 등록대수의 꺾은선형 차트에 대해 알려주세요,422.79241943359375,944.6113891601562,1691.6450411990045,562.6549261029071
MI3_240828_TY1_0686_3_V01_1,한국은행 예금 및 대출금 추이1) (기말기준) 차트에 대해 알려주세요,373.46734619140625,1491.9698486328125,1849.2169487688082,1237.5001636277034
MI3_240828_TY1_0686_4_V01_1,예금은행 수신 추이 (기말기준 증감액) 표에 대해 알려주세요,334.137451171875,1848.553466796875,1874.6269717068953,1266.441770682571
MI3_240828_TY1_0686_5_V01_1,에 대한차트에 대해 알려주세요,407.8468322753906,1665.4755859375,1785.4933252625674,1158.433468928611
MI3_240828_TY1_0686_6_V01_1,전남지역 제조업 생산·출하·재고 표에 대해 알려주세요,330.31365966796875,1635.753662109375,1892.1373161175889,1517.4494623721228
MI3_240828_TY1_0691_1_V02-3_1,산업별 산출액 구성비 원형 차트에 대해 알려주세요,457.0089416503906,1227.0799560546875,1626.362849357559,491.53974821266905
MI3_240828_TY1_0691_2_V02-3_2,최종수요와 중간수요를 비교하는 차트에 대해 알려주세요,420.2947998046875,2291.958740234375,1712.0740261439498,831.4547500890055
MI3_240828_TY1_0691_3_V01_1,강원지역의 산업별 영향력계수와 감응도계수 표에 대해 알려주세요,446.18048095703125,2019.3133544921875,1659.589238190999,1033.8378428801211
MI3_240828_TY1_0691_4_V02-3_1,Ⅲ. 고용구조 및 취업연관효과 분석 차트(원형)에 대해 알려주세요,1337.5423583984375,1845.9342041015625,777.4273254880989,468.36042753393536
MI3_240828_TY1_0691_6_V01_1,지역별 생산액 구성비 차트에 대해 알려주세요,357.77313232421875,491.68463134765625,1885.043198127341,751.2366894560786
MI3_240828_TY1_0692_1_V02-8_1,각 지역 생산품의 전국 최종수요에 의한 지역별 부가가치유발 비중 차트(혼합형)에 대해 알려주세요,565.970703125,524.7801513671875,1434.5226856687452,636.1239059932145
MI3_240828_TY1_0692_3_V02-1_1,T01 T02 T03 차트(세로 막대형)에 대해 알려주세요,417.8260498046875,2509.24951171875,1680.0692382223995,572.5963513396384
MI3_240828_TY1_0692_4_V01_1,T01 T02 T03 표에 대해 알려주세요,419.90777587890625,1307.6773681640625,1742.2217712848312,514.2307193909742
MI3_240828_TY1_0692_5_V02-4_2,주력산업별 수출 추이에 대한 꺾은선형 차트에 대해 알려주세요,376.6885986328125,2046.2764892578125,849.7873768033386,558.6527817384621
MI3_240828_TY1_0713_1_V01_1,제목에 대한 내용과 관련된 시각요소 제목 및 표에 대해 알려주세요.,357.7154846191406,2613.228271484375,1877.1737957384091,509.2338366674066
MI3_240828_TY1_0713_2_V01_1,레미콘 출하량 표에 대해 알려주세요,327.7823181152344,2189.681396484375,1890.3453378332053,954.7023844096067
MI3_240828_TY1_0713_3_V01_2,강원영동지역 KTX 이용객 수에 대한 차트(세로 막대형)에 대해 알려주세요,363.39068603515625,2314.357177734375,1842.9583187741284,795.5618480314192
MI3_240828_TY1_0713_4_V01_1,강원영동지역 소비 지표에 대한 차트(세로 막대형)에 대해 알려주세요,325.2022705078125,1368.5338134765625,1893.679667612366,1741.9065645822407
MI3_240828_TY1_0713_5_V01_1,건설 활동에 대한 데이터와 관련된 시각요소 제목과 표에 대해 알려주세요,350.16229248046875,2597.04150390625,1892.8149134688326,538.046284686896
MI3_240828_TY1_0713_6_V01_1,고용 관련 지표에 대해 알려주세요,322.32415771484375,1654.334716796875,1909.4245848560774,1490.1523257334368
MI3_240828_TY1_0716_1_V01_1,제목에 관련된 생산량 및 가동률을 나타내는 차트에 대해 알려주세요.,357.6700744628906,2629.80419921875,1881.1310277830294,487.4970073300841
MI3_240828_TY1_0716_2_V01_1,강원영동지역 서비스업 생산 지수와 관련된 차트(세로 막대형)에 대해 알려주세요,352.45831298828125,860.6554565429688,1892.9965358076893,673.9728176427136
MI3_240828_TY1_0716_3_V01_1,강원영동지역 소비 지표 차트에 대해 알려주세요,320.06964111328125,1489.1102294921875,1902.6926292905941,1675.486518791547
MI3_240828_TY1_0716_4_V01_1,소비자물가지수와 강원지역 물가 지표에 대해 알려주세요,337.9331970214844,1222.7003173828125,1904.602690715489,830.0806580964651
MI3_240828_TY1_0716_5_V01_1,강원영동지역 주택가격 지표에 대해 알려주세요,302.7994689941406,996.6388549804688,1894.7661356470358,2154.4965435491313
MI3_240828_TY1_0716_6_V01_1,강원지역 고용 지표에 대한 표에 대해 알려주세요,341.9444580078125,1011.2095947265625,1901.7979629867853,828.9508730177716
MI3_240828_TY1_0719_1_V02-1_1,2014년말 주요 시도별 자동차 등록대수 (%) 차트(세로 막대형)에 대해 알려주세요,1299.300537109375,1190.1939697265625,892.41600557138,643.7806733856062
MI3_240828_TY1_0719_2_V02-8_2,T01 T02 T03 혼합형에 대해 알려주세요,347.1131591796875,1008.897705078125,918.0106611589861,650.2889269447584
MI3_240828_TY1_0719_3_V02-4_2,경기도 차량규모별 자동차 비중 추이 꺾은선형 차트에 대해 알려주세요,1297.7833251953125,1113.5887451171875,900.6295512887086,671.1650871293609
MI3_240828_TY1_0719_4_V02-8_1,노후차량 추이 혼합형에 대해 알려주세요,1290.6907958984375,2407.017333984375,887.0471758651405,683.8358511921342
MI3_240828_TY1_0719_5_V02-8_2,1~9월중 국내 자동차업체의 수출 혼합형에 대해 알려주세요,498.0454406738281,2496.072021484375,1455.5454053302792,552.1064222139435
MI3_240828_TY1_0719_6_V02-8_1,1~9월중 국내 자동차업체의 해외생산 혼합형에 대해 알려주세요,505.81268310546875,2441.034912109375,1495.2718182433484,607.5225077288825
MI3_240828_TY1_0739_3_V01_1,최근 글로벌 금융규제 개혁 논의와 관련하여 기본자본 재구성 및 규제자본 손실흡수력 제고에 대해 알려주세요,396.8850402832031,725.3516235351562,1748.4780619496853,1190.405647623059
MI3_240828_TY1_0742_1_V02-8_1,이 자료의 제목에 대해 알려주세요.,483.94500732421875,1574.6097412109375,1559.8754784429616,1022.1327047958865
MI3_240828_TY1_0742_2_V02-4_1,금융기관 자금의 만기구조 단기화의 원인과 주요 선진국의 M1/M2 비율에 대해 알려주세요.,446.1180725097656,597.3912353515625,1647.2432087565305,1110.284638520848
MI3_240828_TY1_0742_3_V02-8_1,기업의 장기 설비투자자금 수요 감소와 관련된 시각적 자료에 대해 알려주세요,452.2489318847656,1541.797119140625,1628.067368917962,976.9899968148928
MI3_240828_TY1_0742_4_V02-8_1,이 문서에서는 자금의 만기 단기화에 따른 금융부동화 현상과 관련된 8 1.9 수시입출식예금/M1 혼합형 차트에 대해 알려주세요,451.580810546875,1176.21044921875,1635.8683236876157,1011.9995436655333
MI3_240828_TY1_0742_5_V02-4_1,우리나라 주식시장과 관련된 데이터의 꺾은선형 차트에 대해 알려주세요,485.55047607421875,569.430908203125,1513.9413271276662,942.6320607645883
MI3_240828_TY1_0742_6_V02-4_1,화폐수요함수의 금리탄력성 추이 차트(꺾은선형)에 대해 알려주세요,457.7266845703125,1662.8511962890625,1610.0517621310555,880.2547513696771
MI3_240828_TY1_0744_1_V02-4_1,이 문서에서 경제활동참가율과 관련된 M'형 구조를 나타내는 차트(꺾은선형)에 대해 알려주세요.,1353.3409423828125,1230.2069091796875,788.7836136604398,803.4409373081247
MI3_240828_TY1_0744_2_V02-1_1,연령별 취업자비중 추이 차트(세로 막대형)에 대해 알려주세요,472.535888671875,2006.3221435546875,1638.6955277849736,935.7842239412337
MI3_240828_TY1_0744_4_V02-4_1,이 보고서에서 실업률과 관련된 데이터를 보여주는 꺾은선형 차트에 대해 알려주세요.,464.5226135253906,1127.760498046875,1663.1811448398503,942.9651911235245
MI3_240828_TY1_0744_5_V02-4_1,최근 | 기 에 미친 영향에 대한 꺾은선형 차트에 대해 알려주세요,446.00579833984375,687.2307739257812,1674.0888277714334,1011.1731088569926
MI3_240828_TY1_0744_6_V02-1_1,노동시장 변화에 대한 임금안정실업률과 실제 실업률을 비교한 차트에 대해 알려주세요,475.5277404785156,1020.9243774414062,1644.5686804458273,958.9351810954953
MI3_240828_TY1_0754_1_V02-8_1,비국방자본재수주 추이에 대한 혼합형 차트에 대해 알려주세요,491.0597839355469,675.264892578125,1623.902652739325,864.5216930341057
MI3_240828_TY1_0754_2_V02-8_1,실업률 및 신규 실업수당 청구자수 추이 혼합형에 대해 알려주세요,464.6587829589844,682.0667724609375,1631.2040794257775,806.3920160047692
MI3_240828_TY1_0754_3_V02-4_1,주가지수 추이에 대해 알려주세요,458.78985595703125,2239.719482421875,1629.4680005313328,865.5045442876971
MI3_240828_TY1_0754_4_V02-8_1,이 보고서의 주제에 대한 유로지역의 실업률 추세를 보여주는 혼합형 차트에 대해 알려주세요.,460.95843505859375,1183.427734375,1632.7443670448806,998.4509184484644
MI3_240828_TY1_0754_5_V02-4_1,일본의 경기지수 추이에 대해 알려주세요,492.6341552734375,680.2737426757812,1616.7236018419333,841.2799945622344
MI3_240828_TY1_0754_6_V02-4_1,일본의 고용 관련 지표 추이 꺾은선형에 대해 알려주세요,1360.7799072265625,1089.7789306640625,774.6755907390906,807.8693799083974
MI3_240828_TY1_0754_7_V02-4_1,브라질채권 가산금리 추이 차트(꺾은선형)에 대해 알려주세요,501.7602233886719,655.80517578125,1600.1704860121688,863.6550662756018
MI3_240828_TY1_0756_1_V02-1_2,아시아 주요국 주가 상승률 상위업종 차트(세로 막대형)에 대해 알려주세요,537.9378662109375,1641.74853515625,1498.3159692664917,1383.4531148377775
MI3_240828_TY1_0756_2_V02-4_2,중국 주요 도시 주택가격 증감률에 대해 알려주세요,1338.4119873046875,2400.855712890625,775.3289903207873,619.9707037505332
MI3_240828_TY1_0756_3_V01_1,이번 문서에서 본문에 포함된 내용으로 기간 순유입 규모 차트(세로 막대형)에 대해 알려주세요,1285.5030517578125,1315.6339111328125,815.0934458649299,835.0858708795311
MI3_240828_TY1_0756_4_V02-1_1,T04 차트(세로 막대형)에 대해 알려주세요,481.4945068359375,1291.01611328125,1583.5721093775046,804.028900755955
MI3_240828_TY1_0756_5_V02-4_2,주요국 통화(M2) 증가율 차트(꺾은선형)에 대해 알려주세요,1326.51416015625,1679.5404052734375,802.4195158767855,697.1122519643973
MI3_240828_TY1_0756_6_V02-1_1,주택가격 고점대비 하락률 및 저점대비 상승률 차트(세로 막대형)에 대해 알려주세요,510.1142578125,579.5214233398438,1562.573238532114,794.972149359738
MI3_240828_TY1_0761_1_V02-8_1,울산지역 총수신 추이에 대해 알려주세요,1295.110107421875,1727.4781494140625,885.6598650591693,596.1283209308078
MI3_240828_TY1_0761_2_V02-8_1,울산지역 제조업 고용보험 가입자 증감률 차트(혼합형)에 대해 알려주세요,1284.9796142578125,2309.462890625,888.7102134895713,586.6004225645202
MI3_240828_TY1_0761_3_V02-8_1,금융기관별 수신 추이 혼합형에 대해 알려주세요,1318.4783935546875,534.4620361328125,844.8392566196222,520.1559434990908
MI3_240828_TY1_0761_4_V02-8_3,융융채 금리차 혼합형에 대해 알려주세요,987.0919189453125,486.5440673828125,626.0174154705587,827.6888218522562
MI3_240828_TY1_0761_5_V02-8_2,울산지역 자산운용회사의 혼합형 차트에 대해 알려주세요,335.0662841796875,552.3233032226562,912.7195214694732,600.7932122817559
MI3_240828_TY1_0761_6_V02-4_2,울산지역 금융기관별 중기대출비중 차트(꺾은선형)에 대해 알려주세요,355.3116455078125,2161.697998046875,884.5170508633396,628.1954804279246
MI3_240828_TY1_0768_1_V01_2,정책금리 및 시장금리 추이 표에 대해 알려주세요,412.9845886230469,767.567138671875,1771.2445813838774,692.4430336240777
MI3_240828_TY1_0768_2_V01_1,제목에 대한 주요국의 부가가치세율 차트(세로 막대형)에 대해 알려주세요,394.2443542480469,2312.667236328125,1797.4275147282438,726.4380666313352
MI3_240828_TY1_0768_3_V01_2,"취업알선, 직업훈련, 고용보조금 지급, 청년 및 장애인고용 확대 등을 위한 사회기금에 대해 알려주세요",357.670166015625,1791.164306640625,915.9253876224144,700.3200656637862
MI3_240828_TY1_0768_4_V01_1,주요 유럽국가의 경기부양책에 대해 알려주세요.,302.60845947265625,468.9446716308594,1976.0254610131324,2552.8439979794707
MI3_240828_TY1_0768_5_V01_1,유럽 주요국의 재정수지 비율 전망 차트(세로 막대형)에 대해 알려주세요,385.404296875,1616.5751953125,1797.250352302128,736.3094337245066
MI3_240828_TY1_0768_6_V01_1,이 문서의 주요 내용과 관련된 2006년부터 2009년까지의 유럽 및 영국 국채 발행 규모에 대해 알려주세요.,412.1390686035156,1010.8407592773438,1780.465663322958,366.2538221645479
MI3_240828_TY1_0775_1_V02-4_3,전년동기비 소비자물가 변화 꺾은선형 차트에 대해 알려주세요,338.7146911621094,2530.63330078125,909.5756667718571,547.547824314041
MI3_240828_TY1_0775_2_V02-4_2,자본재총공급 차트(꺾은선형)에 대해 알려주세요,372.0653381347656,2077.750244140625,891.0980664344443,549.6140559552479
MI3_240828_TY1_0775_3_V02-4_1,현금급여총액 및 실질임금 추이에 대해 알려주세요,1315.2396240234375,1207.56494140625,862.2616214061912,540.6598305010878
MI3_240828_TY1_0775_4_V02-4_1,일본주가 추이 (포인트) 꺾은선형에 대해 알려주세요,452.91021728515625,553.7271118164062,1672.10180548822,1010.155902444313
MI3_240828_TY1_0775_5_V02-8_1,엔화선물 포지션 및 환율 혼합형에 대해 알려주세요,441.41064453125,1386.8798828125,1696.1699334897455,555.6998157156338
MI3_240828_TY1_0775_6_V02-4_2,소비자물가 품목수 차트(꺾은선형)에 대해 알려주세요,380.31378173828125,2402.639404296875,1795.4465529463182,606.545561220801
MI3_240828_TY1_0786_1_V02-8_1,Ⅱ. 최근 제주지역 현금서비스 이용동향 1. 현금서비스 이용규모 월별 제주지역 현금서비스 이용액 추이에 대해 알려주세요,459.667724609375,2162.41748046875,1651.6516333152927,867.615207881147
MI3_240828_TY1_0786_2_V02-4_1,현금서비스 회전율 꺾은선형에 대해 알려주세요,469.40313720703125,2090.480224609375,1627.9513182594662,913.6387687049387
MI3_240828_TY1_0786_3_V01_1,현금서비스 취급조건 및 회원등급 분포에 대해 알려주세요,427.8843688964844,2019.4053955078125,1706.3810412848766,1006.3959215947181
MI3_240828_TY1_0786_4_V02-1_2,전북 지역 은행 및 비은행기관 대출 차트(세로 막대형)에 대해 알려주세요,466.8857727050781,1945.330078125,1640.5243135959645,1091.7687746636902
MI3_240828_TY1_0786_5_V01_1,제목 소제목 주요 경제지표 차트(세로 막대형)에 대해 알려주세요,490.86663818359375,1630.59765625,1578.784829509285,557.3546466528823
MI3_240828_TY1_0786_6_V02-8_1,제주지역 현금서비스 증감률 혼합형에 대해 알려주세요,480.6686706542969,1681.5130615234375,1619.2135895416827,815.085001833505
MI3_240828_TY1_0817_1_V02-4_2,제조업 명목 GRDP 비중 차트(꺾은선형)에 대해 알려주세요,1290.6810302734375,1329.0103759765625,905.6508254167494,698.4528771156494
MI3_240828_TY1_0817_2_V02-4_1,전국 인천 GRDP 성장률 꺾은선형 차트에 대해 알려주세요,1276.077392578125,2318.869384765625,903.2284118316146,681.3439754201072
MI3_240828_TY1_0817_3_V01_1,Ⅱ 인천지역 GRDP 현황 최근 GRDP 개황 표에 대해 알려주세요,348.746826171875,2318.79931640625,1883.562306300324,792.070429290367
MI3_240828_TY1_0817_4_V02-3_2,"제목에 포함된 서비스업, 제조업, 건설업의 비중을 나타내는 원형 차트에 대해 알려주세요.",1351.57568359375,906.0282592773438,773.4552311388509,743.4389774154197
MI3_240828_TY1_0817_5_V02-1_2,제조업 업종별 평균 비중 차트(세로 막대형)에 대해 알려주세요,511.3145446777344,2449.828125,1475.6971523770637,603.5531770629722
MI3_240828_TY1_0817_6_V02-1_2,인천지역 관광호텔 객실수 현황 차트(세로 막대형)에 대해 알려주세요,345.92047119140625,1869.8062744140625,890.9426736121694,716.5620250615767
MI3_240828_TY1_0819_2_V01_1,제주지역의 자금 역외 순유출입 규모에 대해 알려주세요.,394.5485534667969,532.8318481445312,1771.7568384642905,1070.2778793053155
MI3_240828_TY1_0819_3_V01_1,2. 민간 부문의 자금유출입 변화 요인과 제주지역의 재화 및 서비스에 대한 차트에 대해 알려주세요,378.5030212402344,1709.1964111328125,1819.6822700239268,595.8119495875723
MI3_240828_TY1_0819_4_V02-8_1,주식형펀드와 코스피지수 혼합차트에 대해 알려주세요,343.2131652832031,1676.59521484375,931.7599050059326,847.0689273349545
MI3_240828_TY1_0819_5_V01_1,제주지역 금융기관의 수신 및 금융자금대출 증가액 표에 대해 알려주세요,382.95220947265625,2502.519287109375,1827.6959393875713,543.2315706093763
MI3_240828_TY1_0819_6_V02-4_1,예금은행의 예대율 꺾은선형에 대해 알려주세요,542.5437622070312,1186.7957763671875,1478.6641268219018,755.4598280914628
MI3_240828_TY1_0824_1_V01_1,화폐발행액과 환수액의 변동에 대해 알려주세요,393.9024963378906,2488.53955078125,1796.179716196345,530.0462664104176
MI3_240828_TY1_0824_2_V01_1,한국은행 예금 및 대출금 (말잔기준 증감액) 표에 대해 알려주세요,399.45892333984375,2352.434814453125,1787.6846857310222,707.5466288148871
MI3_240828_TY1_0824_3_V01_1,금융기관별 여신에 대한 정보와 관련하여 보여지는 표의 내용과 변동 요인에 대해 알려주세요,352.9064025878906,1147.2606201171875,1896.7954684680371,1638.6048913735376
MI3_240828_TY1_0824_4_V01_2,이 문서에서 비통화금융기관 수신에 대한 표 형식의 데이터에 대해 알려주세요,357.862548828125,623.1846313476562,1891.1537899491536,628.7185722978652
MI3_240828_TY1_0824_5_V02-3_1,월중 예금은행 여신의 산업별 구성 및 차트(원형)에 대해 알려주세요,473.7374267578125,2097.81591796875,1609.3697155550778,699.8863176980927
MI3_240828_TY1_0824_6_V01_1,어음부도율에 대한 데이터와 경북동해안 지역의 어음부도율 변화를 시각적으로 보여주는 표에 대해 알려주세요,356.0313415527344,2247.4169921875,1854.077454266119,812.5696240499849
MI3_240828_TY1_0830_1_V01_1,제조업의 주요 업종별 생산 추이와 관련된 차트에 대해 알려주세요,381.6731872558594,458.57427978515625,1799.536963702828,1235.1405607769498
MI3_240828_TY1_0830_2_V01_1,대형소매점1) 판매액 추이에 대해 알려주세요.,433.3462829589844,1656.9852294921875,1704.1037926352528,536.6148461611499
MI3_240828_TY1_0830_3_V01_2,건설업 업황BSI 추이 차트(가로 막대형)에 대해 알려주세요,372.1632385253906,2746.47998046875,1772.120426445653,299.7666609673226
MI3_240828_TY1_0830_4_V01_1,실업률 및 취업자수 증감 추이에 대해 알려주세요,388.7472839355469,490.7828063964844,1771.2029884741032,2367.650221731749
MI3_240828_TY1_0830_5_V01_1,소비자물가상승률 추이 차트에 대해 알려주세요,373.31170654296875,497.5982971191406,1813.1815482972045,1524.794601190483
MI3_240828_TY1_0830_6_V01_1,수출입 동향 추이 (통관기준) 차트에 대해 알려주세요,313.3135070800781,506.616455078125,1917.5601560226407,2469.079612045841
MI3_240828_TY1_0834_1_V02-4_1,나. 국제금융시장 O 주가지수 추이 꺾은선형에 대해 알려주세요,414.7994079589844,1748.9847412109375,1741.4105238960535,902.4761423178994
MI3_240828_TY1_0834_2_V02-4_1,엔/달러화 및 달러/유로화 환율 추이에 대해 알려주세요,411.87347412109375,1333.0302734375,1751.8118682454276,1018.0804049855079
MI3_240828_TY1_0834_3_V02-4_2,미국 채권수익률 추이 꺾은선형에 대해 알려주세요,344.2831726074219,980.3345947265625,950.4616020428741,838.9160749319924
MI3_240828_TY1_0834_4_V01_1,II. 실물경제동향 1. 국내수요 소비관련지표 추이에 대해 알려주세요,368.2369384765625,2328.0380859375,1842.9639567625259,748.1385822164327
MI3_240828_TY1_0834_5_V01_1,건설투자 관련 데이터의 차트에 대해 알려주세요,349.07061767578125,1989.2591552734375,1877.9692404162472,970.2419340372663
MI3_240828_TY1_0834_6_V01_1,경제활동참가자수 및 취업자수 추이에 대해 알려주세요,362.8895568847656,2109.33154296875,1843.3195148880707,934.3812383858883
MI3_240828_TY1_0839_1_V01_1,Ⅱ. 국내경제동향 1. 수요 및 산업활동 소비재판매액에 대해 알려주세요,425.78179931640625,1296.0328369140625,1732.4901112946059,598.3409578819857
MI3_240828_TY1_0839_2_V01_2,제조업 생산 및 평균가동률에 대한 차트(가로 막대형)에 대해 알려주세요,440.0646667480469,638.7911376953125,1730.1066446865573,558.6385438210947
MI3_240828_TY1_0839_3_V01_2,재고율 차트(세로 막대형)에 대해 알려주세요,415.08221435546875,2013.69873046875,1742.9731315630443,928.8281882429382
MI3_240828_TY1_0839_4_V01_1,고용 취업자수 및 실업률 차트에 대해 알려주세요,389.57525634765625,1766.58447265625,1785.0355458333527,679.6944896389625
MI3_240828_TY1_0839_5_V01_1,아파트 매매 및 전세가격에 대해 알려주세요,437.22418212890625,1439.5909423828125,1718.6452971422923,1118.750730783795
MI3_240828_TY1_0839_6_V01_1,수입(통관기준) 자료의 표에 대해 알려주세요,405.8520202636719,2528.638916015625,1783.5891297109108,558.423793165989
MI3_240828_TY1_0877_1_V01_1,주택시장 : 호조 지속에 대해 알려주세요,420.5299072265625,998.9096069335938,1786.232207506319,302.26602820184985
MI3_240828_TY1_0877_2_V02-4_4,VIX 차트(꺾은선형)에 대해 알려주세요,1308.83154296875,2559.104736328125,850.5859469453662,478.1787071602764
MI3_240828_TY1_0877_3_V02-4_1,꺾은선형에 대해 알려주세요,1289.1212158203125,2297.148681640625,875.6536757495841,592.9425957632951
MI3_240828_TY1_0877_4_V02-8_1,미국내 확진자(혼합형)에 대해 알려주세요,1302.1141357421875,1961.6282958984375,866.4248250700383,612.5953031259554
MI3_240828_TY1_0877_5_V02-4_2,(21.2월 재난지원금 평균 지출액=1) 차트(꺾은선형)에 대해 알려주세요,331.2237854003906,1063.4346923828125,894.0761137365673,517.1368938184038
MI3_240828_TY1_0877_6_V02-4_1,자료에 대해 알려주세요,1499.595703125,1631.51904296875,597.8027553635261,560.4841103556555
MI3_240828_TY1_0878_1_V01_1,주택시장 호조세 둔화 조짐 차트에 대해 알려주세요,414.690185546875,884.748291015625,1791.0048462244304,307.818882454126
MI3_240828_TY1_0878_2_V02-4_1,T01 T02 차트(꺾은선형) V02-4에 대해 알려주세요,343.5237121582031,1355.5068359375,908.0896550065514,540.9019710939748
MI3_240828_TY1_0878_3_V02-1_1,금리인상폭과 관련된 차트(세로 막대형)에 대해 알려주세요,340.0219421386719,2136.957275390625,924.5787711656028,674.5502458746333
MI3_240828_TY1_0878_4_V02-8_1,소득 및 보상비용 혼합형에 대해 알려주세요,336.8139343261719,1573.992919921875,886.7205601174562,491.95406997249887
MI3_240828_TY1_0878_5_V02-4_1,실업률 전망 차트(꺾은선형)에 대해 알려주세요,1303.1751708984375,2199.25,861.8836973691355,529.3836825274703
MI3_240828_TY1_0878_6_V02-4_2,이 문서의 꺾은선형 차트에 대해 알려주세요,407.2964172363281,1371.7789306640625,629.3804154223415,560.6751659613751
MI3_240828_TY1_0882_1_V01_1,비농업부문 취업자수와 실업률에 대해 알려주세요,374.0536193847656,1807.3753662109375,1839.6132481035797,494.33983136236185
MI3_240828_TY1_0882_2_V01_1,주택시장 관련 차트에 대해 알려주세요,394.66094970703125,1051.367431640625,1852.137484396843,304.89036486294737
MI3_240828_TY1_0882_3_V02-4_2,5년 후 기대인플레이션 차트(꺾은선형)에 대해 알려주세요,1298.36376953125,2530.425537109375,844.5955937780284,441.1893516270326
MI3_240828_TY1_0882_4_V01_1,표에 대해 알려주세요,383.05767822265625,1361.7215576171875,1861.8572044674106,311.45000625683116
MI3_240828_TY1_0882_5_V02-4_1,T01 T02 다우존스 차트(꺾은선형)에 대해 알려주세요,347.5928649902344,1566.725341796875,859.3077404255154,450.0035676965964
MI3_240828_TY1_0882_6_V02-4_1,금리인하 개시 시점 및 연중 횟수에 대해 알려주세요,1303.8062744140625,2179.244140625,850.7588015595438,663.2534237119128
MI3_240828_TY1_0884_1_V02-4_2,Thousands of flights Index 에 대해 알려주세요,977.7639770507812,2413.404296875,607.2037819926861,593.9513028403104
MI3_240828_TY1_0884_2_V01_1,최근 고용 상황에 대한 차트(세로 막대형)에 대해 알려주세요,399.36065673828125,1363.1361083984375,1817.7123235500017,383.0352531186748
MI3_240828_TY1_0884_3_V02-4_1,소비자물가 차트(꺾은선형)에 대해 알려주세요,1324.131591796875,2236.0283203125,795.2462706528072,635.5881184976137
MI3_240828_TY1_0884_4_V02-4_5,비선형 Wage 필립스 곡선가정 임금상승 전망에 대해 알려주세요,947.4539184570312,816.0433349609375,609.8245820237385,499.07431747184427
MI3_240828_TY1_0884_5_V01_1,달러/유로 및 엔/달러 환율 표에 대해 알려주세요,364.7861328125,2324.354736328125,1817.6274183096327,202.39651004992197
MI3_240828_TY1_0884_6_V02-4_1,FOMC 전망 대비 실업률 하락속도 차트(꺾은선형)에 대해 알려주세요,1286.8131103515625,2605.3388671875,846.1677537728808,446.1121334236245
MI3_240828_TY1_0944_1_V02-4_1,제조업 생산 및 재고지수 꺾은선형에 대해 알려주세요,427.0639343261719,741.5497436523438,1721.5356240758656,974.0930586987623
MI3_240828_TY1_0944_2_V02-4_2,소비자물가 상승률 꺾은선형 차트에 대해 알려주세요,437.3912658691406,1964.301025390625,1695.8044527056434,1026.6664263667376
MI3_240828_TY1_0944_3_V02-4_1,실업률 꺾은선형에 대해 알려주세요,451.4656066894531,1963.572509765625,1669.527816108974,1017.4983973381475
MI3_240828_TY1_0944_4_V02-8_1,금융기관 수신 혼합형에 대해 알려주세요,418.4167175292969,776.6755981445312,1728.948491943862,844.9563276878438
MI3_240828_TY1_0944_5_V02-4_1,어음 부도율 꺾은선형에 대해 알려주세요,430.0157775878906,910.1763916015625,1708.5772038456853,834.0353771727266
MI3_240828_TY1_0944_6_V01_1,I. 실물동향 1. 생산활동 제조업 생산에 대한 연간 통계 데이터에 대해 알려주세요,399.090576171875,1194.56396484375,1764.216713083138,1057.5225185266345
MI3_240828_TY1_0960_1_V01_1,비은행기관 수신과 관련된 차트에 대해 알려주세요.,435.43804931640625,368.6515197753906,1666.714904165973,1417.978595380041
MI3_240828_TY1_0960_2_V01_1,3. 중소기업대출 총대출 통계에 대해 알려주세요,401.3342590332031,1505.652099609375,1740.5882644601108,813.873306802569
MI3_240828_TY1_0960_3_V02-3_2,금융기관별 여신 비중에 대해 알려주세요,504.29461669921875,643.4949340820312,1485.7778436520255,649.7014606363791
MI3_240828_TY1_0960_4_V01_1,2005년 2월중 충북지역 어음부도율 및 부도금액에 대해 알려주세요,396.5758972167969,1268.0367431640625,1749.6802934134332,712.8852627730839
MI3_240828_TY1_0960_5_V01_1,에 대한 단위와 비율을 포함한 표에 대해 알려주세요.,356.5926513671875,1755.7064208984375,1844.4560762352924,841.6936742999799
MI3_240828_TY1_0960_6_V01_1,2004년말 현재 충북지역 예금은행과 비은행 기관의 점포 수에 대해 알려주세요.,438.5578308105469,632.4550170898438,1646.5535254949075,881.9175409384812
MI3_240828_TY1_0961_1_V01_1,2004 2005 7월에 대해 알려주세요,418.836669921875,1305.2037353515625,1696.8923528028247,887.6290178494716
MI3_240828_TY1_0961_2_V01_1,신용보증 현황 차트에 대해 알려주세요,446.3206787109375,1345.15380859375,1642.0207937182622,1100.1907508421468
MI3_240828_TY1_0961_3_V02-3_2,금융기관별 여신 비중 차트(원형)에 대해 알려주세요,526.5662231445312,1938.5765380859375,1454.7498145260085,769.9255530373948
MI3_240828_TY1_0961_4_V01_1,업종별 부도금액 현황 차트에 대해 알려주세요,386.4375,1739.357666015625,1769.6944781528766,791.5771595001531
MI3_240828_TY1_0961_5_V01_1,업종별 신설법인 현황 차트에 대해 알려주세요,369.8036193847656,1790.69189453125,1809.6378441845468,832.0816750634341
MI3_240828_TY1_0961_6_V01_1,제조업 출하 및 재고 추이에 대해 알려주세요,399.5371398925781,1752.4033203125,1756.4971520141466,930.5117886376963
MI3_240828_TY1_0976_1_V02-3_2,금융기관별 여신 비중 차트(원형)에 대해 알려주세요,552.5629272460938,636.5109252929688,1501.0382589874098,725.5667132844628
MI3_240828_TY1_0976_2_V01_1,어음부도율 추이에 대해 알려주세요,404.1932373046875,1341.719482421875,1732.1327423162752,700.3813371788253
MI3_240828_TY1_0976_3_V01_2,(업종별) 부도현황 차트에 대해 알려주세요,379.58966064453125,813.665771484375,1810.2915925242362,712.9503447712726
MI3_240828_TY1_0976_4_V01_1,업종별 신설법인 현황 표에 대해 알려주세요,369.968994140625,1936.8564453125,1802.977727255294,743.2238106336182
MI3_240828_TY1_0976_5_V02-8_1,6. 대외거래 및 충북지역 수출액 추이에 대한 혼합형 차트에 대해 알려주세요,386.77349853515625,1850.6689453125,1783.7000480031106,825.7112384780258
MI3_240828_TY1_0976_6_V01_1,제목에 대한 내용과 관련하여 부동산 구입희망 소비자의 비중 추이에 대해 알려주세요.,487.36895751953125,2358.8115234375,1487.3009852746645,206.1249682970334
MI3_240828_TY1_0983_1_V01_1,어음부도율 추이에 대해 알려주세요,423.9257507324219,1225.6954345703125,1710.3096347046242,640.1219638344749
MI3_240828_TY1_0983_2_V01_1,업종별 신설법인 현황과 관련된 데이터의 시각적 표현인 차트에 대해 알려주세요,369.2364501953125,1905.276123046875,1808.3755651646245,741.8105941207068
MI3_240828_TY1_0983_3_V02-8_1,충북지역 제조업 생산지수 추이 혼합형에 대해 알려주세요,381.6002197265625,1127.984619140625,1799.3426853544997,1065.2368789952163
MI3_240828_TY1_0983_4_V01_1,소비관련 지표 추이 및 충북지역 소비관련 지표 추이에 대한 차트(세로 막대형)에 대해 알려주세요,407.6208801269531,442.1465148925781,1726.7050006439981,524.0660281700424
MI3_240828_TY1_0983_5_V02-8_1,청주산업단지 생산액 추이 혼합형에 대해 알려주세요,372.7848815917969,715.0772094726562,1798.6963529509187,828.8829598451728
MI3_240828_TY1_0983_6_V01_1,충북지역 수출액 추이에 대한 표에 대해 알려주세요,390.15228271484375,378.64178466796875,1768.934305981348,1378.4157434428794
MI3_240828_TY1_0998_1_V02-4_1,충북지역 기업경기조사 결과와 제조업 및 비제조업 업황BSI 추이에 대해 알려주세요,405.1609802246094,2232.978515625,1647.0059314920013,547.8222830535731
MI3_240828_TY1_0998_2_V01_1,제조업 업황BSI에 대한 07.11월 전월대비 변동폭 차트에 대해 알려주세요,364.45050048828125,2102.509521484375,1794.266836457286,593.1304596666743
MI3_240828_TY1_0998_3_V01_1,제조업 설비투자 표에 대해 알려주세요,390.23846435546875,1480.6900634765625,1775.0245852489168,354.3582280579712
MI3_240828_TY1_0998_4_V02-3_1,원형에 대해 알려주세요,395.4047546386719,1147.230224609375,1687.8736297400972,608.9815921633027
MI3_240828_TY1_0998_5_V01_1,전월대비 구 분 변동폭에 대해 알려주세요,372.5115966796875,1113.6143798828125,1796.4816562549395,726.6600083333099
MI3_240828_TY1_0998_6_V01_1,경영 애로사항 표에 대해 알려주세요,365.4735107421875,1764.382568359375,1799.518141889107,867.9913522986672
MI3_240828_TY1_1007_1_V02-8_2,최근 충북지역 고용지표 변화 관련 요인 분해 결과 혼합형에 대해 알려주세요,372.07110595703125,1101.24755859375,847.0269090300128,578.7019163227536
MI3_240828_TY1_1007_2_V02-4_1,"단기 실업률, 단기 고용률과 산업생산의 관계에 대한 꺾은선형 차트에 대해 알려주세요",567.8004150390625,1227.135009765625,1408.0437492535382,726.1462017027202
MI3_240828_TY1_1007_3_V03_1,국가과학기술심의회 정책 및 사업제안 다이어그램에 대해 알려주세요,915.7626342773438,2157.540771484375,561.6785120088525,599.3847984049512
MI3_240828_TY1_1007_5_V01_2,서비스업 1인당 부가가치에 대해 알려주세요,910.603515625,2225.208740234375,586.888722795367,697.5573225595681
MI3_240828_TY1_1007_6_V01_1,충북 서비스업 교역수지 표에 대해 알려주세요,383.7325744628906,1963.4227294921875,580.3953452199257,636.5313153906412
MI3_240828_TY1_1031_1_V01_1,에 대한 내용에서 지역 장비 및 입주 시설 R&D 및 생산 인프라를 나타내는 차트에 대해 알려주세요.,398.6304626464844,1316.7724609375,1774.987779926844,587.1018543344778
MI3_240828_TY1_1031_2_V01_1,충청권 바이오산업 현황과 발전방안에 대한 표에 대해 알려주세요,391.37518310546875,1275.8953857421875,1784.964464174669,666.8861811663683
MI3_240828_TY1_1031_3_V01_1,충북과 대구 지역의 바이오산업 지원 현황에 대한 차트에 대해 알려주세요,401.33746337890625,1607.87451171875,1773.1251148545762,587.612306430736
MI3_240828_TY1_1031_4_V01_1,충청권 바이오산업 현황과 발전방안에 대해 알려주세요,384.2646179199219,1863.5162353515625,1785.3665478443359,668.5576408528913
MI3_240828_TY1_1031_5_V01_1,충청권 바이오산업 현황과 발전방안에 대해 알려주세요,396.7335205078125,2318.14599609375,1767.3460738134095,564.0774765726354
MI3_240828_TY1_1032_1_V03_1,지역별 이입금액 구성비 다이어그램에 대해 알려주세요,1220.052734375,2435.980712890625,899.8316495639838,590.2709784609556
MI3_240828_TY1_1032_2_V01_1,충청지역 경제 서비스화 추이에 대해 알려주세요,377.134765625,2381.4892578125,1835.5021067809512,710.6868918086485
MI3_240828_TY1_1032_3_V01_1,"이 문서에서는 수도권, 충청권, 대경권, 호남권, 동남권의 생산 및 고용 비중을 비교하는 표에 대해 알려주세요.",397.2949523925781,897.36328125,1801.55226464093,518.8329223837069
MI3_240828_TY1_1032_4_V02-4_2,충북지역 생산 및 고용 비중 추이 꺾은선형 차트에 대해 알려주세요,1307.6866455078125,1284.0672607421875,871.9872130807123,857.7855978850918
MI3_240828_TY1_1032_5_V01_1,충청지역 경제서비스화의 특징에 대한 차트(세로 막대형)에 대해 알려주세요,341.7222900390625,1861.9320068359375,891.9966964269612,723.2111303494602
MI3_240828_TY1_1032_6_V03_2,"대전과 충남, 충북의 수입 현황에 대해 알려주세요.",1206.9049072265625,2373.834716796875,899.425497396101,587.632897680452
MI3_240828_TY1_1046_1_V02-4_1,국내 철강업 현황 및 탄소중립 동향과 관련된 꺾은선형 차트에 대해 알려주세요,1290.9625244140625,1815.2569580078125,898.615056805213,716.937508080367
MI3_240828_TY1_1046_2_V02-1_2,종사자 1인당 매출액 차트(세로 막대형)에 대해 알려주세요,1291.5301513671875,1099.2117919921875,905.9498114029503,765.2846927196596
MI3_240828_TY1_1046_3_V02-4_1,국내 조강생산량 차트(꺾은선형)에 대해 알려주세요,364.6813049316406,2047.6353759765625,847.9373878423995,710.319687230845
MI3_240828_TY1_1046_4_V01_1,2018년 국내 분야별 온실가스 배출량에 대해 알려주세요,376.3123474121094,2587.845458984375,1832.9009012106887,297.77202064262025
MI3_240828_TY1_1046_5_V03_1,주요국 철강업의 이산화탄소 배출 공정에 대해 알려주세요,539.3543701171875,1371.86962890625,1454.7167781032936,704.1966395729137
MI3_240828_TY1_1049_1_V02-4_1,북한원/달러 환율 변화 차트(꺾은선형)에 대해 알려주세요,1348.4697265625,564.1401977539062,756.2895382647108,622.6197530868286
MI3_240828_TY1_1049_2_V02-4_1,북한원/유로 환율 꺾은선형 차트에 대해 알려주세요,1328.626953125,559.4805908203125,763.9912847841214,623.5337500387371
MI3_240828_TY1_1049_3_V02-4_2,북한의 쌀 가격 추이(달러표시) 꺾은선형 차트에 대해 알려주세요,1353.1160888671875,1683.61328125,751.669851764999,622.6665782206198
MI3_240828_TY1_1049_4_V02-4_2,태국 대비 북한 시장 쌀 가격 추이 차트(꺾은선형)에 대해 알려주세요,537.7857055664062,1034.8685302734375,1525.937852046516,695.0681786163708
MI3_240828_TY1_1049_5_V02-4_1,북한 시장 쌀 가격의 상대가격수준 추이 꺾은선형에 대해 알려주세요,536.2488403320312,584.6962890625,1496.696989574359,695.4638514072403
MI3_240828_TY1_1049_6_V02-4_1,북한(국정)과 남한의 쌀 가격 추세를 보여주는 꺾은선형 차트에 대해 알려주세요,442.7130126953125,554.490234375,728.6307376043114,624.4078899114883
MI3_240828_TY1_1056_1_V02-8_1,통화신용정책 보고서와 관련된 경상수지 및 자본수지 혼합형 차트에 대해 알려주세요,331.6160888671875,2052.292724609375,902.7203268910823,692.902251341752
MI3_240828_TY1_1056_2_V02-4_1,총액한도대출 및 유동성조절대출 금리 조정 꺾은선형 차트에 대해 알려주세요,334.4293212890625,2070.533447265625,880.2713299948654,593.7473218425738
MI3_240828_TY1_1056_5_V02-8_2,GDP 성장률과 GDP 갭률 차트(혼합형)에 대해 알려주세요,325.1181945800781,2008.3720703125,894.6952949135307,740.2600115631622
MI3_240828_TY1_1061_1_V02-8_1,통화신용정책 보고서에 포함된 GDP 성장률 혼합형에 대해 알려주세요,281.82000732421875,979.7005615234375,461.4332714012198,1367.793435664431
MI3_240828_TY1_1061_2_V02-4_1,"L, Lf 및 M2 증가율 (전년동월대비) 차트(꺾은선형)에 대해 알려주세요",246.99649047851562,2390.57275390625,470.4325997591298,766.3185753941995
MI3_240828_TY1_1061_3_V02-4_1,통화신용정책 보고서 주가는 외국인의 주식 순매도 및 유가 급등에 대해 알려주세요,252.98135375976562,1032.3477783203125,489.26405801235956,1351.6422028706622
MI3_240828_TY1_1061_4_V02-4_1,통화신용정책 보고서 나. 中 주요 지역별 경제성장률 꺾은선형에 대해 알려주세요,254.26101684570312,2734.033447265625,469.64302455430544,473.2921528619037
MI3_240828_TY1_1061_5_V02-4_1,주요국의 정책금리 조정 꺾은선형에 대해 알려주세요,231.34368896484375,2715.974365234375,499.29518522824816,489.68626002425606
MI3_240828_TY1_1061_6_V02-4_1,통화신용정책 보고서의 주요 환율 변화와 차트(꺾은선형)에 대해 알려주세요,285.5658874511719,1192.5350341796875,465.0791700320351,1441.7897673923505
MI3_240828_TY1_1076_1_V01_1,경상수지에 대한 차트(세로 막대형)에 대해 알려주세요,1282.8636474609375,1503.7144775390625,812.25243688482,854.8803255152942
MI3_240828_TY1_1076_2_V01_1,소비자물가 상승률 (%) 차트(세로 막대형)에 대해 알려주세요,1270.0867919921875,878.8641357421875,804.8080999749162,989.8573211004433
MI3_240828_TY1_1076_3_V02-8_1,소비자물가 상승률 기여도 차트(혼합형)에 대해 알려주세요,420.04058837890625,620.3316040039062,744.0331469159205,785.4047096641774
MI3_240828_TY1_1076_4_V01_1,주택 매매 및 전세 가격 상승률 차트(세로 막대형)에 대해 알려주세요,1285.9422607421875,1222.7310791015625,805.8200887604346,684.4389296868795
MI3_240828_TY1_1076_5_V02-8_1,회사채 신용스프레드 및 신용등급 간 스프레드 혼합형에 대해 알려주세요,403.6620178222656,1534.4705810546875,787.9207243590913,773.232947456349
MI3_240828_TY1_1076_6_V02-8_2,보유증감 및 보유잔액 혼합형 차트에 대해 알려주세요,1354.0892333984375,577.5825805664062,772.3724581502719,801.3821202054575
MI3_240828_TY1_1091_1_V02-8_1,설비투자 혼합형에 대해 알려주세요,393.38037109375,1392.843994140625,801.076437765917,830.3372913565709
MI3_240828_TY1_1091_2_V02-4_1,국고채 및 미국 국채 금리 꺾은선형에 대해 알려주세요,424.42547607421875,1949.9410400390625,764.4356061078751,815.1887152928186
MI3_240828_TY1_1091_3_V02-8_1,회사채 금리 및 신용스프레드 혼합형에 대해 알려주세요,1323.115966796875,1710.2943115234375,795.1652415922437,809.3023038163197
MI3_240828_TY1_1091_4_V02-4_1,코스피 및 주가변동성지수 꺾은선형에 대해 알려주세요,413.2017517089844,1714.2310791015625,786.0737122002911,779.0187562342051
MI3_240828_TY1_1091_5_V02-8_1,차익거래 유인 내외금리차 및 스왑레이트 혼합형에 대해 알려주세요,1331.7047119140625,1551.5374755859375,808.3500076114722,895.9934345047101
MI3_240828_TY1_1091_6_V01_1,에 대한차트(세로 막대형)에 대해 알려주세요,485.8151550292969,2680.072021484375,1574.204011667121,302.91590181363694
MI3_240828_TY1_1095_1_V02-4_1,그림 II-1. 한국은행 기준금리 꺾은선형에 대해 알려주세요,399.67596435546875,1685.198974609375,796.6268800467589,708.9948279632908
MI3_240828_TY1_1095_2_V02-4_2,국제유가 및 원/달러 환율 영역형에 대해 알려주세요,409.0285339355469,592.93212890625,786.1186947366776,733.582225193284
MI3_240828_TY1_1095_3_V02-4_1,그림 III-12 차트(꺾은선형)에 대해 알려주세요,413.5213317871094,806.7376098632812,787.1968111806199,685.4393530257901
MI3_240828_TY1_1095_4_V02-4_1,정책조합별 주택가격 상승률 차트(꺾은선형)에 대해 알려주세요,1327.064697265625,1633.454345703125,809.7503480749677,773.2615861599674
MI3_240828_TY1_1095_5_V02-6_1,국내 금융불균형의 누증과 정책대응 간 관계 차트(분산형)에 대해 알려주세요,1332.729248046875,564.8197631835938,817.0474838481372,807.0945421385269
MI3_240828_TY1_1095_6_V02-4_2,경제국 비교 차트(꺾은선형)에 대해 알려주세요,405.57049560546875,589.091796875,800.0097654792272,747.6251013258795
MI3_240828_TY1_1096_1_V02-8_1,설비투자 증감률에 대해 알려주세요,401.0134582519531,1573.2252197265625,789.2936755887893,723.6907799608313
MI3_240828_TY1_1096_2_V02-4_1,수입물가 상승률 차트(꺾은선형)에 대해 알려주세요,404.4880676269531,1734.9447021484375,781.2431816406803,677.3727798329598
MI3_240828_TY1_1096_3_V02-8_1,국고채(3년) 금리 및 장단기 금리차 혼합형에 대해 알려주세요,1327.638916015625,734.857421875,798.6026855918568,687.3390938739406
MI3_240828_TY1_1096_4_V02-4_1,그림 I-22. 회사채 금리 및 신용스프레드 꺾은선형에 대해 알려주세요,1331.737060546875,1187.1396484375,801.0425351270113,764.0729952322445
MI3_240828_TY1_1096_5_V02-4_1,기업대출금리와 가계대출금리 꺾은선형에 대해 알려주세요,404.46295166015625,1199.224609375,802.7619695591369,721.3299858052277
MI3_240828_TY1_1096_6_V02-8_1,보유증감 및 보유잔액 혼합형에 대해 알려주세요,410.6365661621094,816.6531982421875,796.2680982083281,705.6743863612201
MI3_240828_TY1_1097_1_V02-4_3,전세계 MSCI 지수 및 미 국채 금리 꺾은선형에 대해 알려주세요,1329.835693359375,1431.2039794921875,799.8562544247649,721.7686951315936
MI3_240828_TY1_1097_2_V02-4_1,물가상승률1) 차트(꺾은선형)에 대해 알려주세요,375.989013671875,2272.54052734375,802.765249178805,791.4936077723179
MI3_240828_TY1_1097_3_V02-4_2,국고채 금리 및 환율 차트(꺾은선형)에 대해 알려주세요,1340.9368896484375,536.396240234375,796.6205842810425,711.8346834877593
MI3_240828_TY1_1097_4_V02-4_2,한국은행 금융중개지원대출 꺾은선형에 대해 알려주세요,400.7239990234375,539.48046875,806.1798577592979,767.7012361533966
MI3_240828_TY1_1097_5_V02-4_1,그림 I-6. 주요 환율 및 미 달러화 지수에 대해 알려주세요,1343.9281005859375,528.45947265625,796.7707016270773,778.0147408568826
MI3_240828_TY1_1097_6_V02-4_2,기대인플레이션율 꺾은선형에 대해 알려주세요,1341.93310546875,1069.92333984375,796.06098060217,821.6015190094304
MI3_240828_TY1_1102_1_V02-4_2,물가상승률1) (전년동월대비) 꺾은선형에 대해 알려주세요,370.2693176269531,885.3425903320312,887.8780514882392,837.1266995688482
MI3_240828_TY1_1102_2_V02-8_1,"1,300 외국인 주식 순매수와 환율에 대한 혼합형 차트에 대해 알려주세요",383.7447509765625,557.3156127929688,871.4442706325816,836.4510450674302
MI3_240828_TY1_1102_3_V02-4_1,(꺾은선형) 차트에 대해 알려주세요,376.810791015625,530.791259765625,866.5893693496067,867.320865033246
MI3_240828_TY1_1102_4_V02-4_1,전 세계 선진국 소비자물가 상승률 차트(꺾은선형)에 대해 알려주세요,425.6213073730469,564.3837280273438,720.6974095177844,762.8842090848877
MI3_240828_TY1_1102_5_V02-4_1,국제유가 차트(꺾은선형)에 대해 알려주세요,397.1143798828125,1784.456298828125,791.8763665570089,798.1540849188772
MI3_240828_TY1_1102_6_V02-4_2,<그림 | -14> 꺾은선형에 대해 알려주세요,404.1787109375,815.548583984375,787.7145655637366,766.5481869714994
MI3_240828_TY1_1104_1_V02-4_1,II. 외환위기 이후의 통화 -물가 관계와 관련된 2년 평균증가율 간의 관계 꺾은선형에 대해 알려주세요,690.8110961914062,1656.270751953125,1150.6652655980645,566.8547561769477
MI3_240828_TY1_1104_2_V02-4_1,T01 T02 T03 꺾은선형에 대해 알려주세요,575.58349609375,607.6768188476562,1149.7148561054369,595.6513734983024
MI3_240828_TY1_1104_3_V02-6_1,T01 T02 T03 차트(분산형)에 대해 알려주세요,888.5204467773438,544.1360473632812,787.1646108267115,717.6231300880089
MI3_240828_TY1_1104_4_V01_1,종속변수 M2 M3에 대해 알려주세요,477.31353759765625,595.1402587890625,1516.974157438663,850.768514994055
MI3_240828_TY1_1104_5_V02-4_2,외환위기 이후 M3에 대한 차트(꺾은선형)에 대해 알려주세요,576.298095703125,586.7398681640625,1287.2535797076018,675.8533946055526
MI3_240828_TY1_1104_6_V02-4_1,통화방정식 꺾은선형 차트에 대해 알려주세요,611.8129272460938,536.1435546875,1142.6515713853332,796.6969697138718
MI3_240828_TY1_1107_1_V01_1,에 대한시각요소의 내용과 분석 결과에 대해 알려주세요,446.5532531738281,1129.4573974609375,1592.9906167726751,444.2826862911191
MI3_240828_TY1_1107_2_V02-4_6,전일대비 변동율 차트(꺾은선형)에 대해 알려주세요,385.3462829589844,1398.2176513671875,783.0770820009936,625.8739269860034
MI3_240828_TY1_1107_3_V02-4_2,한국은행 발언(A)에 대한 충격반응함수 : 기간별 분류 꺾은선형에 대해 알려주세요,381.1833190917969,1622.6732177734375,783.4288947577671,634.1154408664371
MI3_240828_TY1_1107_4_V02-4_4,변동율 차트(꺾은선형)에 대해 알려주세요,1294.13427734375,1318.0238037109375,785.0513852948089,634.9844843464746
MI3_240828_TY1_1107_5_V02-4_2,<그림 3> 차트(꺾은선형)에 대해 알려주세요,1297.30517578125,1434.832763671875,782.753185962404,705.4681222611849
MI3_240828_TY1_1107_6_V01_1,정부발언 및 정부의 영향을 제거한 한국은행 발언이 변동성에 미치는 영향 차트(세로 막대형)에 대해 알려주세요,440.02752685546875,1977.183349609375,1599.7814441126163,604.9615816114103
MI3_240828_TY1_1109_1_V02-4_1,미국 실질자연이자율 추정 및 예측 꺾은선형에 대해 알려주세요,1346.83740234375,1564.9351806640625,705.0138160807892,621.5440436536774
MI3_240828_TY1_1109_2_V01_1,제1장 통화정책 체계에 대한 최근 논의 및 미국의 중립실질이자율과 최적 인플레이션 표에 대해 알려주세요,633.3612060546875,2105.720458984375,1155.1263132379568,394.32990941175876
MI3_240828_TY1_1109_3_V02-4_1,"제1장 통화정책 체계에 대한 최근 논의<그림 4> 시작점에 따른 물가수준목표 Index, 2009=100 꺾은선형에 대해 알려주세요",1347.1981201171875,684.8828125,632.6462610300679,384.34536213655963
MI3_240828_TY1_1109_4_V02-4_1,GDP 성장률 물가상승률 꺾은선형에 대해 알려주세요,456.0170593261719,662.882080078125,716.1713077253728,601.2234993285217
MI3_240828_TY1_1109_5_V02-4_1,Household Debts Distributed by Income in Korea 꺾은선형에 대해 알려주세요,555.89453125,666.0217895507812,1425.5514661843686,1037.955022452285
MI3_240828_TY1_1109_6_V02-4_1,가계부채 제약하의 통화정책에 대한 꺾은선형 차트에 대해 알려주세요,555.9410400390625,665.8124389648438,1426.4966675398468,1046.0992881756677
MI3_240828_TY1_1120_2_V02-1_1,핀테크 관련 세부 사업별 투자 현황에 대한 차트(세로 막대형)에 대해 알려주세요.,1297.2982177734375,2554.112548828125,854.8075834059904,473.7392668098534
MI3_240828_TY1_1120_5_V02-1_1,국내 금융거래자의 신용등급별 구성현황(2014년말 기준) 차트(세로 막대형)에 대해 알려주세요,473.1952819824219,2014.229736328125,1604.8077346333791,704.1163542708542
MI3_240828_TY1_1120_6_V02-1_1,"(천개) (%) 1,200 5.0에 대해 알려주세요",421.83331298828125,2067.01318359375,1719.5544115304172,751.4994632406533
MI3_240828_TY1_1141_1_V02-8_1,대형소매점판매액지수 혼합형에 대해 알려주세요,1290.07275390625,2106.70849609375,911.4450015156302,811.1203604089025
MI3_240828_TY1_1141_2_V02-8_1,주택전세가격 및 주택매매가격 변동 차트(혼합형)에 대해 알려주세요,1337.2220458984375,496.94757080078125,814.1972303869009,733.2418823913084
MI3_240828_TY1_1141_3_V02-8_2,주택전세가격 주택매매가격 혼합형에 대해 알려주세요,344.0183410644531,1002.4114990234375,927.0632520735894,824.7250588516472
MI3_240828_TY1_1141_4_V02-4_3,건설투자 방향성 차트(꺾은선형)에 대해 알려주세요,341.848876953125,957.6566772460938,940.8787536457087,859.5622482489961
MI3_240828_TY1_1141_5_V02-8_1,취업자수 증감 및 고용률 혼합형에 대해 알려주세요,348.8773498535156,488.75006103515625,933.7394546315859,817.8403041112791
MI3_240828_TY1_1142_1_V02-1_2,수요 차트(세로 막대형)에 대해 알려주세요,1287.06884765625,1990.4564208984375,919.3433882820732,808.798639787439
MI3_240828_TY1_1142_2_V02-1_1,기업 자금사정 보합 차트(세로 막대형)에 대해 알려주세요,1285.620849609375,2164.291259765625,922.6596338094472,822.9559725776587
MI3_240828_TY1_1142_3_V02-1_1,자금사정BSI 차트(세로 막대형)에 대해 알려주세요,346.175537109375,1510.97265625,859.6204738238212,726.6996498265718
MI3_240828_TY1_1142_4_V02-8_1,건설발주액 차트(혼합형)에 대해 알려주세요,352.64849853515625,486.98974609375,930.1885755157809,864.6480958994173
MI3_240828_TY1_1142_5_V02-8_2,소비자물가 및 주택가격 혼합형에 대해 알려주세요,1287.8133544921875,2165.022705078125,917.4432271085673,817.155891893735
MI3_240828_TY1_1142_6_V02-1_1,제주 화산섬과 용암동굴의 베스트셀러 효과 차트(세로 막대형)에 대해 알려주세요,328.5623474121094,786.6998291015625,895.181118101079,581.3819634457864
MI3_240828_TY1_1149_1_V02-4_1,I. 국내외 경제여건 점검 세계경제 성장률 전망에 대해 알려주세요,352.2655029296875,2508.578125,844.8746337941953,582.0250696163569
MI3_240828_TY1_1149_2_V02-8_1,주택 판매 및 S&P Case-Shiller 지수에 대한 혼합형 차트에 대해 알려주세요,1303.987060546875,2469.791748046875,871.0739305066115,616.2087316549995
MI3_240828_TY1_1149_3_V02-4_1,제목에 포함된 내용과 함께 국가별 채무비율 변화를 보여주는 차트에 대해 알려주세요,1320.952880859375,1247.2596435546875,841.8920676768977,601.8583374676136
MI3_240828_TY1_1149_4_V02-4_1,중국경제는 신정부의 경기대응 노력 강화 등에 힘입어 인프라투자 증가율 꺾은선형에 대해 알려주세요,1303.06201171875,1245.911865234375,865.0328833558618,684.8835372991248
MI3_240828_TY1_1149_5_V01_3,엔/달러 환율 상승 시 경제적 영향에 대한 자료와 분석에 대해 알려주세요,349.1272277832031,1050.8280029296875,882.7874055433601,600.9685638104968
MI3_240828_TY1_1149_6_V01_2,글로벌 상품시장 및 전세계 석유수요 및 생산 전망에 대해 알려주세요,444.2869567871094,2493.485107421875,1679.900694059425,567.6881861989549
MI3_240828_TY1_1175_1_V01_1,한국은행 역대 화폐사에 대해 알려주세요,340.2214050292969,692.6932983398438,1832.9629515672277,2351.211034548553
MI3_240828_TY1_1175_2_V01_1,주요 내용 에 대해 알려주세요,376.3794860839844,467.7485656738281,1814.3866615482018,2004.129686545486
MI3_240828_TY1_1175_3_V01_1,T01 T02 V01에 대해 알려주세요,422.2231750488281,552.0313720703125,1760.2520470768272,593.4165352816816
MI3_240828_TY1_1175_4_V01_1,우리나라의 화폐와 관련된 주요 내용 및 표에 대해 알려주세요.,360.9752502441406,699.6224975585938,1800.6093228976822,2313.831501123421
MI3_240828_TY1_1175_5_V01_1,'차트(혼합형)'에 대해 알려주세요,383.7413330078125,481.15228271484375,1800.1105392234938,2097.885650361602
MI3_240828_TY1_1201_2_V02-1_1,해외경제 포커스 제2015-6호 25 (천억위안) 20에 대해 알려주세요,411.46087646484375,517.8624267578125,600.8966678849059,646.365615657749
MI3_240828_TY1_1201_3_V02-1_2,에너지 원단위 차트(세로 막대형)에 대해 알려주세요,1297.743408203125,2427.613525390625,871.395034291403,644.5478918307953
MI3_240828_TY1_1201_4_V02-8_1,"1,000 (만톤) (%) 차트(혼합형)에 대해 알려주세요",1508.2327880859375,2070.95068359375,599.5504946032081,600.7410314276326
MI3_240828_TY1_1201_5_V02-4_2,해외경제 포커스 주요국 주가 차트(꺾은선형)에 대해 알려주세요,412.23236083984375,2068.285400390625,1732.9369019573762,749.1322373315509
MI3_240828_TY1_1201_6_V02-4_1,해외경제 포커스 차트(꺾은선형)에 대해 알려주세요,405.86865234375,2457.106689453125,1727.6766940057914,623.402113419852
MI3_240828_TY1_1203_1_V02-4_1,ECB의 기준금리 추이에 대해 알려주세요,468.7587890625,2171.442138671875,1623.6922352609515,798.4682946962386
MI3_240828_TY1_1203_2_V02-4_1,해외경제 포커스 차트(꺾은선형)에 대해 알려주세요,475.0206604003906,2038.3509521484375,1620.3686956377592,832.249371408167
MI3_240828_TY1_1203_3_V02-4_1,소비자심리지수 추이에 대한 꺾은선형 차트에 대해 알려주세요,1321.1263427734375,654.9315185546875,828.3526054229978,740.0226661351621
MI3_240828_TY1_1203_4_V02-8_1,해외경제 포커스 소매판매 추이에 대해 알려주세요,520.181640625,2234.064697265625,1509.1022921177816,697.8984117441091
MI3_240828_TY1_1203_5_V02-4_1,INSEE의 소비자 신뢰지수 추이 꺾은선형 차트에 대해 알려주세요,530.9719848632812,658.174072265625,1520.3964500108764,687.3946487973475
MI3_240828_TY1_1203_6_V02-4_1,PMI 추이에 대해 알려주세요,513.9984130859375,1590.4366455078125,1527.4947381323013,686.8859442048623
MI3_240828_TY1_1212_1_V02-8_1,해외경제 포커스 제2002-13호 신규주택판매 본문 차트(혼합형)에 대해 알려주세요,393.1521911621094,1138.59814453125,830.963368677594,777.5067056423964
MI3_240828_TY1_1212_2_V02-8_1,해외경제 포커스 제2002-13호의 혼합형 차트에 대해 알려주세요,400.9551696777344,688.0654907226562,822.0831130958754,708.7831618491858
MI3_240828_TY1_1212_3_V02-8_1,해외경제 포커스 차트(혼합형)에 대해 알려주세요,474.333984375,1181.62353515625,1614.3949786326527,768.6022843268769
MI3_240828_TY1_1212_4_V02-4_1,해외경제 포커스 제2002-13호유로쓸 환율 추이에 대해 알려주세요,423.2574157714844,1452.8245849609375,1719.0474386618462,765.4653026923838
MI3_240828_TY1_1212_5_V02-4_1,해외경제 포커스 제2002-13호의 GDP와 역내수요 추이 차트(꺾은선형)에 대해 알려주세요,387.9217529296875,2087.422607421875,803.5492614962732,768.6743147856774
MI3_240828_TY1_1212_6_V02-4_1,해외경제 포커스 제2002-13호 (%)에 대해 알려주세요,1320.8466796875,2055.031982421875,846.456083081365,853.3184462965419
MI3_240828_TY1_1216_1_V01_1,해외경제 포커스 제2002-21호의 건설투자증가율 및 분양증가율 차트(세로 막대형)에 대해 알려주세요,514.0491943359375,1283.6802978515625,1495.6710661537484,186.87477025662383
MI3_240828_TY1_1216_2_V02-4_2,해외경제 포커스 분양가격 토지가격 임대료 꺾은선형에 대해 알려주세요,383.8395080566406,2155.099365234375,844.4076571369512,687.7395242082642
MI3_240828_TY1_1216_3_V02-1_1,해외경제 포커스 제2002-21호의 고급주택과 일반주택 가격 비교 차트에 대해 알려주세요,1310.147216796875,1480.3297119140625,856.7737829172822,795.407821755267
MI3_240828_TY1_1216_4_V02-1_1,해외경제 포커스 제2002-21호의 주택자금 대출 추이에 대해 알려주세요.,578.6529541015625,1137.706787109375,1371.6172636090848,769.8727922607965
MI3_240828_TY1_1216_5_V02-4_1,해외경제 포커스 제2002-21호에 포함된 실업률 추이 꺾은선형 차트에 대해 알려주세요,489.4999084472656,2212.739501953125,1585.254803934973,739.6052120435793
MI3_240828_TY1_1216_6_V02-4_1,해외경제 포커스 제2002-21호에 포함된 INSEE지수 추이에 대해 알려주세요,480.46295166015625,1574.476806640625,1586.9784991709878,682.1949524189138
MI3_240828_TY1_1217_1_V01_1,미 주요교역국 유로지역 일 동아시아 중남미 국 본 2003 2004 표에 대해 알려주세요,393.5209045410156,2254.39697265625,1772.7955841104238,635.1877140842612
MI3_240828_TY1_1217_2_V02-4_1,해외경제 포커스 제2003-1호에 대한 꺾은선형 차트에 대해 알려주세요,465.1463928222656,727.5521240234375,1663.5878432811214,1005.5762725056362
MI3_240828_TY1_1217_3_V02-4_3,정크 본드 및 회사채 신용스프레드에 대해 알려주세요,486.2109375,648.9263305664062,1612.98890387934,797.4731011616346
MI3_240828_TY1_1217_4_V02-4_1,2002년중 日 추이에 대해 알려주세요,574.392822265625,1710.3009033203125,1402.9345996373531,720.1767678447384
MI3_240828_TY1_1217_5_V02-4_1,해외경제 포커스 제조업 PMI 추이에 대해 알려주세요.,464.5083312988281,680.4482421875,1641.4136005632079,761.0302747220949
MI3_240828_TY1_1217_6_V02-8_1,해외경제 포커스 제2003-1호 차트(혼합형)에 대해 알려주세요,450.62969970703125,664.2096557617188,1678.1511548343096,746.0975176647985
MI3_240828_TY1_1218_1_V02-4_1,해외경제 포커스 임금 인상 현황 차트(꺾은선형)에 대해 알려주세요,1333.8338623046875,2310.54833984375,781.315001835154,632.9000301657939
MI3_240828_TY1_1218_2_V02-1_1,이 차트(영역형)에 대해 알려주세요,1011.3529052734375,2300.1005859375,544.9292283035984,580.9406050785187
MI3_240828_TY1_1218_3_V02-8_1,해외경제 포커스 제2014-5·6호 I · 검토 배경에 대해 알려주세요,404.01544189453125,1780.66845703125,795.9594703124886,639.9353191091811
MI3_240828_TY1_1218_4_V02-8_1,지방정부 부채규모 및 증가율 차트(혼합형)에 대해 알려주세요,418.9915466308594,1102.31103515625,796.3145902971842,650.9076404641845
MI3_240828_TY1_1218_5_V02-1_1,해외경제 포커스 조세수입· 재정지출 비중에 대해 알려주세요,1338.03369140625,1224.60302734375,774.1736818905306,580.9445744923124
MI3_240828_TY1_1218_6_V02-3_1,해외경제 포커스 제2014-5·6호의 차트(원형)에 대해 알려주세요,434.873291015625,2353.747802734375,741.6410493014998,577.3120204911316
MI3_240828_TY1_1222_1_V02-8_1,해외경제 포커스 비정규직 정규직 비중에 대해 알려주세요,370.9189147949219,1189.1131591796875,876.2499697116858,768.989892108283
MI3_240828_TY1_1222_2_V02-2_1,해외경제 포커스 제2014-22호의 자영업자 비중 변화에 대해 알려주세요.,363.1577453613281,1215.8671875,881.6748024291046,610.6089157856039
MI3_240828_TY1_1222_3_V02-4_1,해외경제 포커스 제2014-22호에서 제시된 근속연수에 따른 임금커브 및 생산성 추이에 대해 알려주세요,361.82843017578125,1215.670166015625,867.9702465667852,600.877808188419
MI3_240828_TY1_1222_4_V02-8_1,T01 T02 T03 혼합형에 대해 알려주세요,1000.6203002929688,2011.524169921875,595.7028504934922,728.8563069883713
MI3_240828_TY1_1222_5_V02-4_1,해외경제 포커스 차트(꺾은선형)에 대해 알려주세요,406.76409912109375,2460.330810546875,1732.0847484579353,617.6201951446791
MI3_240828_TY1_1222_6_V02-4_2,금가격 및 반도체가격 차트(꺾은선형)에 대해 알려주세요,413.6130676269531,541.0184326171875,1741.5132723569266,693.5973260264873
MI3_240828_TY1_1259_1_V02-2_1,해외경제 포커스 제2015-45호의 EU주요국 상품시장규제 지표에 대해 알려주세요,371.7015075683594,542.6160888671875,836.6862263564386,597.1421009379372
MI3_240828_TY1_1259_2_V02-4_2,구조개혁과 투자와의 관계 차트(꺾은선형)에 대해 알려주세요,404.3456115722656,783.8713989257812,616.4333295397026,605.9175780911635
MI3_240828_TY1_1259_3_V02-8_2,해외경제 포커스 기본 시나리오 혼합형에 대해 알려주세요,406.5023498535156,979.4818725585938,1756.3999619639274,669.9823334408991
MI3_240828_TY1_1259_4_V02-4_1,해외경제 포커스 제2015-45호 차트(꺾은선형)에 대해 알려주세요,1499.666015625,2116.24853515625,548.0126614056725,403.75483680927806
MI3_240828_TY1_1259_5_V02-4_4,해외경제 포커스차트(꺾은선형)에 대해 알려주세요,398.9849853515625,2471.990966796875,1749.419744012414,558.3461266620832
MI3_240828_TY1_1259_6_V02-4_3,해외경제 포커스 차트(꺾은선형)에 대해 알려주세요,411.8116149902344,2262.451904296875,1719.3297873303356,628.2720835721069
MI3_240828_TY1_1264_1_V02-4_1,해외경제 포커스 제2015-50호 I · 검토 배경 영역형 차트에 대해 알려주세요,1297.78125,2388.692138671875,860.1651389734496,649.510696502766
MI3_240828_TY1_1264_2_V02-4_1,해외경제 포커스 차트(꺾은선형)에 대해 알려주세요,955.0928955078125,2213.70751953125,615.9074909846566,587.7668806815935
MI3_240828_TY1_1264_3_V02-1_1,해외경제 포커스 차트(세로 막대형)에 대해 알려주세요,355.0304870605469,2358.50830078125,874.6797263781649,695.5806975382742
MI3_240828_TY1_1264_4_V02-4_1,해외경제 포커스의 GDP 및 가처분소득대비 가계부채 비중 차트(꺾은선형)에 대해 알려주세요,1296.8133544921875,2441.285888671875,868.4819414724278,606.1692674043242
MI3_240828_TY1_1264_5_V02-4_2,해외경제 포커스 위안/달러 차트(꺾은선형)에 대해 알려주세요,429.15863037109375,538.742431640625,1677.3903576078064,560.9465970386657
MI3_240828_TY1_1264_6_V02-4_4,해외경제 포커스 제2015-50호 차트(꺾은선형)에 대해 알려주세요,406.07684326171875,617.2765502929688,1743.4937386040172,627.2566666660812
MI3_240828_TY1_1285_1_V01_1,(%) 국채금리(10년만기) CDS 프리미엄(5년만기) 표에 대해 알려주세요,434.5782775878906,851.7490844726562,1716.8389590386469,702.4818044504804
MI3_240828_TY1_1285_2_V01_1,국 가 장기실업률 표에 대해 알려주세요,1279.925048828125,1727.01318359375,840.1509209577121,702.897267719295
MI3_240828_TY1_1285_3_V02-4_1,Price and Wage Formation 꺾은선형에 대해 알려주세요,445.0973205566406,1822.53857421875,1682.2122165781389,765.0178954365502
MI3_240828_TY1_1285_4_V01_2,포르투갈의 수출입 현황 표에 대해 알려주세요,298.9598083496094,861.4810791015625,891.0030594693873,1107.399877392998
MI3_240828_TY1_1285_5_V01_1,포르투갈의 총외채 규모와 관련된 시각요소에 대해 알려주세요,431.3512268066406,515.8336791992188,1729.8029949865456,849.5007778560007
MI3_240828_TY1_1285_6_V02-8_1,포르투갈 국채 보유자별 비중 혼합형 차트에 대해 알려주세요,454.0500793457031,2151.864990234375,1660.4724237727462,898.3469597084974
MI3_240828_TY1_1300_1_V01_1,해외경제 포커스의 복지지출과 연금 소득대체율에 대해 알려주세요,1274.6529541015625,1225.0069580078125,914.7794929367361,700.2341048169621
MI3_240828_TY1_1300_2_V02-8_2,해외경제 포커스 정규직과 비정규직 근로자수에 대해 알려주세요,355.4137268066406,1359.88330078125,882.6912664372829,535.6134098475325
MI3_240828_TY1_1300_3_V02-8_2,해외경제 포커스 일본의 고령화 추세에 대한 꺾은선형 차트에 대해 알려주세요,1299.49462890625,1337.5494384765625,891.0148448689682,674.1250440953393
MI3_240828_TY1_1300_4_V02-4_1,해외경제 포커스 제2016-30호 꺾은선형에 대해 알려주세요,289.0700378417969,2620.940673828125,1784.3072761042922,495.56170769294033
MI3_240828_TY1_1300_5_V02-4_1,해외경제 포커스 제2016-30호의 꺾은선형 차트에 대해 알려주세요,331.8165588378906,2559.820068359375,1812.7973562504123,548.0893933458653
MI3_240828_TY1_1300_6_V02-4_1,해외경제 포커스 제2016-30호의 2.6 (달러/개) 꺾은선형 그래프에 대해 알려주세요,405.4143371582031,1565.2432861328125,1769.6135176362116,548.8012103084552
MI3_240828_TY1_1301_1_V02-1_1,해외경제 포커스 제2016-36호 II 일본 여행수지의 주요 특징 차트(세로 막대형)에 대해 알려주세요,414.8389892578125,2418.5947265625,1728.6248946421836,694.9304250505603
MI3_240828_TY1_1301_2_V02-8_1,해외경제 포커스 제2016-36호에서 방일 외국인수와 증감률에 대해 알려주세요,1324.068115234375,2477.501220703125,831.4114846013719,603.293009336051
MI3_240828_TY1_1301_3_V02-4_2,T01 T02 T03 꺾은선형에 대해 알려주세요,362.790771484375,2597.357421875,1688.827048678709,497.9032575799751
MI3_240828_TY1_1301_4_V02-8_1,해외경제 포커스 제2016-36호 한국과 일본의 여행수지 격차에 대해 알려주세요,1292.436279296875,2278.701171875,860.3184218660181,652.3216942439612
MI3_240828_TY1_1301_5_V02-8_3,해외경제 포커스 출국 한국인과 방한 외국인 수에 대해 알려주세요,333.8246765136719,2516.794921875,878.5848733805291,584.5465177254173
MI3_240828_TY1_1301_6_V02-4_1,해외경제 포커스 차트(꺾은선형)에 대해 알려주세요,353.13409423828125,2418.08349609375,870.257522182209,591.5828081102084
MI3_240828_TY1_1304_1_V02-7_1,가계부채 차트(방사형)에 대해 알려주세요,345.25042724609375,2452.005859375,888.3549945036617,557.3969290054447
MI3_240828_TY1_1304_2_V02-1_1,해외경제 포커스 제2017-18호 차트(세로 막대형)에 대해 알려주세요,1280.7894287109375,1253.9085693359375,936.6181311271479,731.6145152896974
MI3_240828_TY1_1304_3_V02-1_3,2010~2015 차트(세로 막대형)에 대해 알려주세요,1288.0482177734375,864.6474609375,916.0842878837959,777.7116443740773
MI3_240828_TY1_1304_4_V02-8_1,해외경제 포커스 제2017-18호에서 나타난 청년고용률 및 청년실업률에 대해 알려주세요,1283.805908203125,1304.2115478515625,931.4337637104162,659.14391757491
MI3_240828_TY1_1304_5_V02-4_1,해외경제 포커스 제2017-18호 차트(꺾은선형)에 대해 알려주세요,359.80902099609375,1440.177490234375,891.7178382564459,605.1162667697513
MI3_240828_TY1_1304_6_V02-4_3,주간 국제금융 및 원자재시장 동향 꺾은선형에 대해 알려주세요,1447.52783203125,597.527587890625,677.5206422328514,535.8457695771691
MI3_240828_TY1_1305_1_V02-4_1,중국 경제성장률(%) 꺾은선형에 대해 알려주세요,1338.8602294921875,1920.693359375,801.6264680215342,584.2431117307887
MI3_240828_TY1_1305_2_V02-4_1,GDP 성장률 차트(꺾은선형)에 대해 알려주세요,356.98651123046875,1506.0635986328125,899.3385785464839,677.6720298096675
MI3_240828_TY1_1305_3_V02-8_1,경상수지 및 투자 차트(혼합형)에 대해 알려주세요,356.2602844238281,1420.4342041015625,907.6664899212267,638.5320141422874
MI3_240828_TY1_1305_4_V02-1_1,해외경제 포커스 차트(세로 막대형)에 대해 알려주세요,1298.7509765625,1736.2969970703125,887.3258522905255,657.3385089558063
MI3_240828_TY1_1305_5_V02-4_1,업종별 FDI 비중 차트(꺾은선형)에 대해 알려주세요,336.0633239746094,2382.938720703125,939.042354685349,721.7478370364506
MI3_240828_TY1_1305_6_V02-8_2,한국의 대중 무역·투자비중(%) 혼합형에 대해 알려주세요,390.8778991699219,1973.8017578125,1783.888813618423,766.4868113023413
MI3_240828_TY1_1322_1_V02-4_1,해외경제 포커스 제2018-23호의 ISM 제조업 및 비제조업 지수에 대해 알려주세요,355.6781005859375,2082.72412109375,889.4028832912876,667.9996792130412
MI3_240828_TY1_1322_2_V02-4_3,해외경제 포커스 최근 유로지역 고용상황 인구대비 경제활동인구대비 꺾은선형에 대해 알려주세요,1299.5269775390625,1228.073974609375,883.7401167014599,685.8160685659053
MI3_240828_TY1_1322_3_V02-1_1,2018.2분기 조사 차트(세로 막대형)에 대해 알려주세요,1305.7239990234375,1157.8514404296875,872.6383580714888,657.0738373061296
MI3_240828_TY1_1322_4_V02-1_1,해외경제 포커스 제2018-23호 6.1~8일 중 외국인 투자자의 A주 순매입 규모에 대해 알려주세요.,387.16973876953125,2012.1080322265625,804.3090233320239,611.208919160722
MI3_240828_TY1_1322_5_V01_1,종류 개요 만기 표에 대해 알려주세요,1233.32666015625,1950.7691650390625,897.9707236060201,617.7893992110382
MI3_240828_TY1_1322_6_V02-4_1,해외경제 포커스 제2018-23호 Ⅱ 국제원자재시장 베네수엘라 원유 생산량 및 생산능력 꺾은선형에 대해 알려주세요,333.85516357421875,2474.828857421875,894.8283200109774,628.5123911013031
MI3_240828_TY1_1357_1_V02-1_1,해외경제 포커스 경제권역별 교역증가율 차트(세로 막대형)에 대해 알려주세요,1303.21826171875,1906.978515625,864.2981456016443,702.4458678398172
MI3_240828_TY1_1357_2_V02-1_1,해외경제 포커스 제2019-15호 III 연계성 약화 배경 차트(세로 막대형)에 대해 알려주세요,469.5990905761719,1652.8065185546875,1615.120832108704,774.0441895066791
MI3_240828_TY1_1357_3_V02-1_1,해외경제 포커스 차트(세로 막대형)에 대해 알려주세요,448.40057373046875,658.1870727539062,726.8374557321783,606.9612773355657
MI3_240828_TY1_1357_4_V02-1_1,해외경제 포커스 차트(세로 막대형)에 대해 알려주세요,1322.1968994140625,2395.4892578125,834.7390237565984,700.4642192663034
MI3_240828_TY1_1357_5_V02-1_1,세계경제 산업 구성 차트(세로 막대형)에 대해 알려주세요,361.3699645996094,1194.0826416015625,889.0329096165491,640.5258954484414
MI3_240828_TY1_1357_6_V02-4_1,해외경제 포커스 제2019-15호의 관세율 변동에 대해 알려주세요,359.4874572753906,1675.46923828125,880.1260981792126,707.5823649811001
MI3_240828_TY1_1372_1_V02-8_1,미국 정부 재량지출 한도 혼합형에 대해 알려주세요,1303.8629150390625,2484.163818359375,862.8546517518045,610.8388000589231
MI3_240828_TY1_1372_2_V01_1,표 에 대해 알려주세요,1269.888427734375,2658.6337890625,935.8710894922938,427.17529719255634
MI3_240828_TY1_1372_3_V02-8_1,최저임금 인상률과 관련된 그래프에 대해 알려주세요,354.68988037109375,2438.22314453125,881.8706035212273,670.8214036205987
MI3_240828_TY1_1372_4_V01_1,사드 배치에 대한 내용에 대해 알려주세요,1233.618408203125,2415.927978515625,942.3701479179587,735.5942888382116
MI3_240828_TY1_1372_5_V02-1_1,주요기관의 브라질 2019년 경제성장률 전망 차트(세로 막대형)에 대해 알려주세요,351.3984680175781,1286.4039306640625,912.3512386058259,730.6532140275539
MI3_240828_TY1_1372_6_V02-4_1,국제유가(달러/배럴) 꺾은선형에 대해 알려주세요,336.1703186035156,2519.296875,881.293324871114,592.0028396517911
MI3_241030_TY1_0035_4_V01_1,건강 지향 저칼로리 아이스크림 제품에 대해 알려주세요,412.27667236328125,687.4049072265625,1733.52331801273,1057.2166491619148
MI3_241030_TY1_0046_2_V01_1,목표 매출 디지털 서비스 차트에 대해 알려주세요,391.0672302246094,1020.9066772460938,1802.5603357624054,579.0425878397162
MI3_241030_TY1_0046_3_V01_1,연구개발 표에 대해 알려주세요,316.86590576171875,452.8446960449219,1585.9503083083039,57.632909821957085
MI3_241030_TY1_0057_3_V01_1,건강 지향 소비자들이 인기를 끌고 있는 아이스크림 제품에 대해 알려주세요,413.8083190917969,1941.8050537109375,1737.1381631297663,1024.277446061645
MI3_241030_TY1_0062_1_V01_1,2014년 교육 혁신과 디지털 기술의 융합 평가 기준에 대해 알려주세요.,399.8645324707031,2334.924560546875,1775.7919674393381,714.327737099163
MI3_241030_TY1_0062_2_V01_1,A사는 고등 교육과 직업 교육에서 혁신적인 학습 플랫폼에 대한 내용을 바탕으로 표에 대해 알려주세요.,0.0,0.0,0.0,0.0
MI3_241030_TY1_0064_1_V01_2,분석 대상 금융 기술의 주요 특징과 적용 분야에 대해 알려주세요,392.036865234375,1997.9737548828125,1776.6227121618329,332.69783547306196
MI3_241030_TY1_0065_1_V01_1,2014년 디지털 혁신과 사회적 변화에서 기술 주요 특징 적용 분야에 대해 알려주세요,372.3658752441406,1839.61279296875,1831.85909462543,1010.7380110223876
MI3_241030_TY1_0065_2_V01_1,3. 주요 디지털 혁신 분석에 대한 빅데이터 분석 차트에 대해 알려주세요,0.0,0.0,0.0,0.0
MI3_241030_TY1_0085_1_V01_2,직장가입자와 지역가입자 수 비율 표에 대해 알려주세요,414.6848449707031,1720.741455078125,1728.616885913379,341.1028561717131
MI3_241030_TY1_0085_2_V02-2_1,보험료 산정 및 부담 외국인의 의료서비스 이용 현황 차트(가로 막대형)에 대해 알려주세요,368.2738342285156,1948.1558837890625,1155.0117382292808,702.6343919916187
MI3_241030_TY1_0113_1_V01_1,출산자 성별 출산 건수 표에 대해 알려주세요,363.54248046875,1867.08154296875,730.4569110587846,437.3663037508887
MI3_241030_TY1_0113_2_V01_1,출산 휴가 및 복직 현황에 대해 알려주세요,438.5928955078125,889.144287109375,1714.5574994916549,321.47039308405897
MI3_241030_TY1_0161_2_V01_2,4. 조직도 및 인력 현황 표에 대해 알려주세요,371.7589111328125,2594.033935546875,1871.2028683677192,479.47208338483233
MI3_241030_TY1_0161_3_V01_1,5. 결론 및 향후 전략의 시각요소 제목에 대해 알려주세요,388.9689025878906,1084.9732666015625,1786.3705955926212,1206.4297198298673
MI3_241030_TY1_0172_1_V03_1,2015년 3월 아이들 베스트셀러 보고서 교육 도서 어린이 독서 다이어그램에 대해 알려주세요,463.5876159667969,1144.888671875,1665.2030922531808,519.9711999241792
MI3_241030_TY1_0177_1_V03_1,2015년 3월 인터넷 속도 상세 분석 보고서 2. 상세 분석 고정 브로드밴드 속도 다이어그램에 대해 알려주세요,468.9189758300781,1970.461669921875,1569.7492052087073,935.6476169284658
MI3_241030_TY1_0202_1_V02-1_1,2015년 3월 소비 항목별 지출 차트(세로 막대형)에 대해 알려주세요,510.4656982421875,2195.618896484375,1453.1810448025496,723.8301463328256
MI3_241030_TY1_0202_2_V01_1,부서별 지출 내역 표에 대해 알려주세요,409.8697204589844,1042.4405517578125,1755.2691313983894,560.5402916210088
MI3_241030_TY1_0217_1_V01_1,2015년 4월 아이들 베스트셀러 보고서 서론 순 권장 연 책 제목 저자 출판사 출판 연도 장르에 대해 알려주세요,383.0035400390625,2079.427734375,1802.3662636304527,937.5493620093796
MI3_241030_TY1_0222_1_V01_1,2015년 4월 인터넷 속도 상세 분석 보고서 주요 인터넷 속도 지표 표에 대해 알려주세요,420.534912109375,1273.8870849609375,1778.1287653485092,247.21221063392096
MI3_241030_TY1_0228_2_V01_1,지역 재정자립도 표에 대해 알려주세요,429.36529541015625,960.4069213867188,1762.0292883266848,295.8509725989456
MI3_241030_TY1_0228_3_V01_1,지자체 탄소 중립 목표 및 주요 추진 전략 표에 대해 알려주세요,432.8468017578125,958.7792358398438,1760.0732710324635,248.58747955573932
MI3_241030_TY1_0229_1_V01_1,2015년 4월 청소년 교육 보고서의 표 1. 2015년 4월 한국 청소년의 학습 환경 변화에 대해 알려주세요,397.15606689453125,2667.258056640625,1766.4901956528122,376.5254227594873
MI3_241030_TY1_0229_2_V03_1,2015년 4월 정신 건강과 다이어그램에 대해 알려주세요.,459.0779724121094,884.3511352539062,1680.122936018983,512.1610277999927
MI3_241030_TY1_0270_2_V02-4_1,2015년 5월의 산업용 전기 소비 꺾은선형에 대해 알려주세요,436.09979248046875,1432.23291015625,1247.698505901455,848.4008136645904
MI3_241030_TY1_0277_2_V03_1,건강영향 다이어그램에 대해 알려주세요,468.0527648925781,766.7564697265625,1657.815557304837,738.4827702473015
MI3_241030_TY1_0278_1_V02-2_1,2015년 5월 통신장비 시장 매출 분석과 관련된 차트(가로 막대형)에 대해 알려주세요,418.4251403808594,2524.001708984375,1656.445334338402,539.7228688455269
MI3_241030_TY1_0378_2_V01_1,주요 사업 구분 표에 대해 알려주세요,391.39813232421875,945.080810546875,1804.1061710540473,580.0054419859133
MI3_241030_TY1_0378_3_V01_1,상반기 목표 달성에 대해 알려주세요,433.5398254394531,550.5276489257812,1582.793467896699,246.7864227897581
MI3_241030_TY1_0393_3_V03_1,국제 협력과 기술 혁신을 통한 글로벌 식품안전 강화에 대해 알려주세요,454.8827819824219,1028.5430908203125,1699.1757495463937,395.4528159926299
MI3_241030_TY1_0432_1_V02-1_2,2015년 9월 사내 복지 보고서 서론 차트(세로 막대형)에 대해 알려주세요,500.0165100097656,2291.07958984375,1451.7027058278243,627.3609534828787
MI3_241030_TY1_0466_2_V01_1,주요 사업 영역 다이어그램에 대해 알려주세요,263.8380432128906,2969.2060546875,1539.8958965085333,114.77988297470267
MI3_241030_TY1_0466_3_V01_1,제조업 스마트 공장 설비 및 자동화 시스템 도입 차트(다이어그램)에 대해 알려주세요,393.0525817871094,492.84967041015625,1533.2042989383326,149.87527869054782
MI3_241030_TY1_0481_3_V01_1,2015년 10월 주요 식품 오염 원인별 사례 수에 대해 알려주세요,402.5118408203125,1959.8223876953125,1761.8400093922414,247.2619534631881
MI3_241030_TY1_0484_1_V01_2,2015년 10월 외국인 진학 관련 보고서 전공 분야별 진학 현황 표에 대해 알려주세요,266.1630859375,2866.3232421875,1946.6374800236117,223.46703539277033
MI3_241030_TY1_0484_2_V01_1,주요 분석: 차트(세로 막대형)에 대해 알려주세요,286.8717041015625,509.031982421875,1957.8945465789081,314.3754947170229
MI3_241030_TY1_0493_2_V03_1,2015년 지역 균형 발전을 위한 전략 다이어그램에 대해 알려주세요,469.9131164550781,2151.637939453125,1288.2634757831645,873.8759511816822
MI3_241030_TY1_0493_3_V01_1,탄소 중립 목표와 주요 추진 전략에 대해 알려주세요,432.5350036621094,959.6204223632812,1761.1590359867,247.86460597001198
MI3_241030_TY1_0522_2_V01_2,지역별 소방시설 점검 결과 표에 대해 알려주세요,400.60577392578125,1948.5347900390625,1765.2394095436437,292.66765955896506
MI3_241030_TY1_0538_1_V01_1,2015년 11월 한국 청소년의 학습 환경 변화 표에 대해 알려주세요,392.9461975097656,2684.7216796875,1768.9021120213622,316.04994194125555
MI3_241030_TY1_0538_2_V01_1,2015년 11월 한국 청소년의 정신 건강 상태 표에 대해 알려주세요,388.8680419921875,2111.07470703125,1774.583706507982,387.7377594993322
MI3_241030_TY1_0540_2_V03_1,급식 만족도 조사 다이어그램에 대해 알려주세요,462.587890625,569.1630249023438,1654.977889063281,739.755632097274
MI3_241030_TY1_0565_1_V01_1,2015년 12월 산업재해 보고서 서론 표에 대해 알려주세요,415.9928894042969,2618.68603515625,1172.1906453208,246.38865683691643
MI3_241030_TY1_0565_2_V03_1,보호 장비 관련 다이어그램에 대해 알려주세요,491.89617919921875,1703.584228515625,1437.990746514002,911.909310021427
MI3_241030_TY1_0566_2_V01_1,4. 통계 표에 대해 알려주세요,410.31640625,1568.1136474609375,1773.6119980063468,292.9106448484641
MI3_241030_TY1_0596_1_V01_1,주요 관광 명소 해외 관람객 수에 대해 알려주세요,401.5009765625,2425.29443359375,1778.1682897037456,590.6267015711886
MI3_241030_TY1_0606_2_V01_1,글래스턴베리 페스티벌에 대한 세부 정보와 주요 성과에 대해 알려주세요,397.89630126953125,2315.6025390625,1779.763665491571,719.0110928019768
MI3_241030_TY1_0609_2_V01_1,칼라바르 카니발에 관한 데이터와 관련된 표에 대해 알려주세요.,395.2823486328125,2258.371826171875,1776.7248496198793,758.6006144415245
MI3_241030_TY1_0623_2_V01_1,옥토버페스트에 대한 정보와 관련된 주요 시각 요소인 표에 대해 알려주세요,397.70849609375,2396.4716796875,1791.1926003917774,636.1476270820461
MI3_241030_TY1_0642_2_V01_1,무주 반딧불이 축제에 관련된 다양한 프로그램과 지역 경제 활성화의 성과 차트(세로 막대형)에 대해 알려주세요,384.17755126953125,2191.780517578125,1791.0041730027335,790.3531285468398
MI3_241030_TY1_0644_2_V01_1,마디 그라 축제에 대한 정보와 성과를 담고 있는 시각 요소 표에 대해 알려주세요.,400.87939453125,2395.253173828125,1781.7038609508554,635.7590955790621
MI3_241030_TY1_0677_2_V01_1,아이디타로드 개 썰매 경주에 대한 시각요소 표에 대해 알려주세요,395.8999938964844,1843.3299560546875,1780.9887943155788,1074.9713302680616
MI3_241030_TY1_0680_2_V01_1,2015년 에든버러 국제 영화제의 주요 내용과 관련된 표에 대해 알려주세요,396.6692810058594,2331.763671875,1789.204323808282,685.9876420872473
MI3_241030_TY1_0681_2_V01_1,의 참여형 프로그램 운영 및 다양한 예술 장르가 어우러진 성과에 대해 알려주세요.,391.01171875,2257.786376953125,1787.7847744330263,766.4806905111196
MI3_241030_TY1_0704_1_V01_1,영화 제목 개봉일 장르 다룬 기술 요소 표에 대해 알려주세요,411.7978515625,1374.4737548828125,1773.7268536771203,428.4585010197139
MI3_241030_TY1_0720_2_V01_1,디왈리 축제의 기간과 주요 행사에 대해 알려주세요,387.74212646484375,2247.662841796875,1789.4337259724382,790.1873303517011
MI3_241030_TY1_0725_2_V01_1,기온 마츠리와 관련된 축제 정보 및 데이터 표에 대해 알려주세요,387.9765319824219,2247.730712890625,1789.3912082158429,790.0408268670178
MI3_241030_TY1_0728_2_V01_1,리빙스톤 국제 문화 축제 기간 및 주요 행사에 대해 알려주세요,388.3030700683594,2247.282470703125,1787.9175840491314,790.0945051798412
MI3_241030_TY1_0747_2_V01_1,항목 세부 내용 표에 대해 알려주세요,393.6182861328125,2265.17138671875,1784.2119833663296,746.7700829865975
MI3_241030_TY1_0766_1_V01_1,2015년 한국 교육 시장 보고서의 부문별 성장률에 대해 알려주세요,403.6878662109375,1188.3802490234375,1793.1978025885753,445.3863044213447
MI3_241030_TY1_0767_1_V01_1,2015년 한국 모바일 게임 시장 보고서 본론 주요 게임 주요 특징 성장률(%)에 대해 알려주세요,398.67822265625,1282.033447265625,1777.8834919250921,579.8806601810076
MI3_241030_TY1_0768_1_V01_1,2015년 한국 모바일 결제 시장 보고서 본론 차트(세로 막대형)에 대해 알려주세요,403.3653564453125,1262.9781494140625,1785.714083571663,474.2977517935016
MI3_241030_TY1_0777_1_V01_1,2015년 한국 음악 스트리밍 시장 보고서 본론 차트(세로 막대형)에 대해 알려주세요,394.8741455078125,1266.1409912109375,1787.8157728099372,580.216640627878
MI3_241030_TY1_0798_3_V03_1,4.2 미국의 육류 미생물 오염 사건 다이어그램에 대해 알려주세요,480.5175476074219,1108.7451171875,1636.148532201973,331.8501598518036
MI3_241030_TY1_0810_2_V01_1,주요 지자체별 재정자립도 표에 대해 알려주세요,332.748291015625,2826.021240234375,1758.564114140892,250.5257864929541
MI3_241030_TY1_0825_2_V02-2_1,성별에 따른 비만율 차트(가로 막대형)에 대해 알려주세요,472.1588439941406,959.7319946289062,1586.6932197258768,563.8208920608174
MI3_241030_TY1_0858_2_V01_1,청장년 대출 비율 표에 대해 알려주세요,355.8509216308594,504.170166015625,1766.042829884764,201.55779010877515
MI3_241030_TY1_0858_3_V03_1,4. 결론 및 정책 제언 다이어그램에 대해 알려주세요,461.2254638671875,1360.1082763671875,1674.9622116618486,274.15658972662084
MI3_241030_TY1_0873_2_V03_1,비즈니스 전략 실행 다이어그램에 대해 알려주세요,522.7696533203125,2295.76806640625,1500.3741079622207,575.8659859127133
MI3_241030_TY1_0873_3_V03_1,영업 부서 행 매출 성장 동 전략 계획서 부서 간 협력 작 연구개발부 기술 혁신 서행동 해외 시장 진 마케팅 부서 출 행동에 대해 알려주세요,409.0116271972656,508.0386657714844,1580.8813752383674,247.51490860501235
MI3_241030_TY1_0874_1_V02-1_1,2016년 2월 회사 소비 보고서 2. 주요 소비 항목 분석 소비 항목별 지출 차트(세로 막대형)에 대해 알려주세요,502.7695617675781,2346.633544921875,1460.4261659509827,717.5485077826442
MI3_241030_TY1_0874_2_V01_1,부서별 지출 분석 표에 대해 알려주세요,400.7869873046875,2324.88720703125,1743.7741553492808,479.66262593512715
MI3_241030_TY1_0896_1_V02-3_1,2016년 3월 자영업 폐업 보고서와 관련된 폐업 증가 요인 원형 차트에 대해 알려주세요,485.1567687988281,2210.092041015625,1567.8742803585778,868.4212559403271
MI3_241030_TY1_0900_2_V01_1,지역 재정자립도 표에 대해 알려주세요,426.1015319824219,885.0144653320312,1763.7524349295604,296.6336946464901
MI3_241030_TY1_0901_1_V01_1,2016년 3월 한국 청소년의 학습 환경 변화 표에 대해 알려주세요,398.9062805175781,2674.060302734375,1760.438057501734,353.0273379323304
MI3_241030_TY1_0901_2_V03_1,2016년 3월 청소년 정신 건강 문제 분석 다이어그램에 대해 알려주세요,459.25543212890625,884.3619995117188,1679.651305178635,512.5049830983854
MI3_241030_TY1_0903_2_V02-3_1,청장년 대출 비율 원형 차트에 대해 알려주세요,355.84698486328125,504.1586608886719,1766.0565894438398,201.5532550143298
MI3_241030_TY1_0903_3_V01_1,연령대 평균 대출금액과 월 상환액에 대한 표에 대해 알려주세요,400.41888427734375,619.299072265625,1766.603594994983,248.80777614903081
MI3_241030_TY1_0917_1_V01_1,주요 관광 명소 해외 관람객 수 추세에 대해 알려주세요,403.97149658203125,2515.42138671875,1767.5072587788566,458.7863670193877
MI3_241030_TY1_0925_2_V02-3_1,제목 소제목 시각요소 제목 차트(원형)에 대해 알려주세요,0.0,0.0,0.0,0.0
MI3_241030_TY1_0949_2_V03_1,영양소 섭취 다이어그램에 대해 알려주세요,503.08837890625,893.5592651367188,1506.5096236471231,634.8789006210163
MI3_241030_TY1_0952_3_V02-4_1,결론 및 향후 전망에 대해 알려주세요,0.0,0.0,0.0,0.0
MI3_241030_TY1_0973_1_V02-1_2,2016년 5월 사내 복지 보고서 복지 프로그램 참여율 분석 차트(세로 막대형)에 대해 알려주세요,442.12969970703125,2238.042724609375,1649.5865575016212,493.7035716743837
MI3_241030_TY1_0973_2_V02-1_1,차트(세로 막대형)에 대해 알려주세요,459.83294677734375,1417.02783203125,1445.3960293572516,1289.5085133769414
MI3_241030_TY1_0974_1_V01_1,산업재해 발생 건수 표에 대해 알려주세요,430.5926818847656,2139.2294921875,1309.3841645269706,292.78890381422855
MI3_241030_TY1_0974_2_V01_2,봄철 안전 교육 표에 대해 알려주세요,384.1324768066406,1565.4556884765625,1831.5141791994845,462.96909626544067
MI3_241030_TY1_0975_2_V01_1,4. 통계 차트에 대해 알려주세요,399.1036376953125,1934.93505859375,1770.8675814262135,295.2564661279786
MI3_241030_TY1_0996_1_V02-3_1,2016년 5월 한국 건강식품 시장 보고서에서 온도 상승에 따른 수분 제품의 영향과 관련된 차트(원형)에 대해 알려주세요,0.0,0.0,0.0,0.0
MI3_241030_TY1_1020_2_V01_2,지역별 소방시설 점검 결과 표에 대해 알려주세요,392.1969909667969,2474.012451171875,1760.7248214260733,365.37040546016544
MI3_241030_TY1_1039_2_V03_1,급식 만족도 조사 다이어그램에 대해 알려주세요,440.1025390625,609.4066772460938,1696.9229307643666,571.5855258632778
MI3_241030_TY1_1065_2_V01_1,4. 통계 본문 표에 대해 알려주세요,399.117919921875,1934.937255859375,1770.8026690741108,295.3769075343872
MI3_241030_TY1_1100_1_V02-1_1,7월 출산 현황 분석 차트(세로 막대형)에 대해 알려주세요,1209.4459228515625,1886.5443115234375,956.9911350083675,422.61892023546176
MI3_241030_TY1_1100_2_V01_1,출산 휴가 및 복직 현황 표에 대해 알려주세요,441.52423095703125,964.8828125,1714.115216882193,318.59584992083205
MI3_241030_TY1_1113_3_V01_1,T01 T02 표 표에 대해 알려주세요,400.6294860839844,2145.681640625,1757.8617149422096,249.35236341648456
MI3_241030_TY1_1119_1_V03_1,2016년 8월 인터넷 속도 상세 분석 보고서 상세 분석 다이어그램에 대해 알려주세요,425.05023193359375,1967.8604736328125,1694.8446191568235,340.1540882294172
MI3_241030_TY1_1158_3_V01_2,T01 T02 표 주요 국가별 식품안전 관련 정책 변화에 대해 알려주세요,404.9936828613281,1824.440185546875,1768.1440243389732,248.1841176873071
MI3_241030_TY1_1161_1_V01_1,출신 국가별 진학 현황 표에 대해 알려주세요,5.945709228515625,3054.7763671875,1968.785802202671,68.47660493952189
MI3_241030_TY1_1161_2_V01_1,T01 T02 T03 표에 대해 알려주세요,302.071533203125,492.046142578125,1966.376349221174,458.5920314967456
MI3_241030_TY1_1182_2_V03_1,현재 유아제품 시장의 트렌드 다이어그램에 대해 알려주세요.,422.82171630859375,2563.40283203125,1686.1128902426533,352.59304997757806
MI3_241030_TY1_1204_1_V01_1,순위 책 제목 저자 출판사 출판 연도 권장 연령 장르 표에 대해 알려주세요,380.7093505859375,2104.56103515625,1794.6053894531137,605.1289967555363
MI3_241030_TY1_1243_1_V02-1_1,겨울철 건강 프로그램 차트(세로 막대형)에 대해 알려주세요,428.8084716796875,2342.355224609375,1691.8723845301145,514.5396243303679
MI3_241030_TY1_1243_2_V01_1,결론 및 향후 계획 겨울철 건강 관리 프 차트(세로 막대형)에 대해 알려주세요,459.80902099609375,1470.0147705078125,1443.2958553042988,1304.286468110733
MI3_241030_TY1_1306_1_V01_1,2016년 12월 한국 청소년의 학습 환경 변화 표에 대해 알려주세요,396.3092041015625,2674.7451171875,1770.887754790775,353.9520411558871
MI3_241030_TY1_1306_2_V01_1,2016년 12월 청소년의 정신 건강 상태에 대한 표 에 대해 알려주세요,387.5232849121094,2107.613525390625,1772.4298469280939,354.60884421455256
MI3_241030_TY1_1346_2_V01_1,서울 드럼 페스티벌 기간 및 성과와 관련된 시각요소에 대해 알려주세요,387.61865234375,1987.0308837890625,1793.7452080153682,1027.5947499109507
MI3_241030_TY1_1360_2_V01_1,기온 마츠리 행사에 대한 표에 대해 알려주세요,389.683837890625,2064.33154296875,1783.881276179306,943.3530841026609
MI3_241030_TY1_1368_2_V01_1,진주 남강 유등 축제의 주요 내용과 성과에 대한 차트(세로 막대형)에 대해 알려주세요,393.227294921875,2362.3603515625,1773.504311822729,548.1793822425363
MI3_241030_TY1_1469_2_V01_1,주요 사업 영역에 대한 다이어그램 타입에 대해 알려주세요,393.60845947265625,871.869384765625,1802.9290713574874,578.981731708718
MI3_241030_TY1_1469_3_V01_1,사업 구분 예산금액 표에 대해 알려주세요,441.310302734375,598.7861938476562,1647.8696477445435,248.07846525034785
MI3_241030_TY1_1494_2_V02-1_1,재창업에 영향을 미치는 요인 차트(세로 막대형)에 대해 알려주세요,0.0,0.0,0.0,0.0
MI3_241030_TY1_1503_1_V02-2_1,2017년 3월 통신장비 시장 보고서와 관련된 매출 분석 차트(가로 막대형)에 대해 알려주세요,417.2166442871094,2473.9501953125,1701.627843120735,601.2070316614115
MI3_241030_TY1_1507_3_V01_1,2017년 3월 한국 베이커리 시장 요약에 대한 표에 대해 알려주세요,395.888671875,534.1738891601562,1782.3402737093038,973.9472636521352
MI3_241030_TY1_1543_2_V02-4_1,전기 소비 추세에 대한 그래프와 관련된 제목에 대해 알려주세요,455.24505615234375,1467.2899169921875,1647.4638499108894,764.2967268225608
MI3_241030_TY1_1559_2_V01_1,2017년 4월 유아 제품 순위표에 대해 알려주세요,431.14959716796875,1108.7926025390625,1763.091722240523,294.8314034103913
MI3_241030_TY1_1625_1_V01_2,2017년 6월 산업재해 보고서 2. 2017년 6월 산업재해 주요 원인 분석 표에 대해 알려주세요,437.28289794921875,1494.1170654296875,1180.94476453608,292.78791901023976
MI3_241030_TY1_1625_2_V01_1,2017년 6월 산업재해 예방 노력 및 성과에 대해 알려주세요,305.37091064453125,740.0014038085938,1992.9835655853303,396.62238413139545
MI3_241030_TY1_1633_1_V03_1,2017년 6월 외국인 진학 관련 보고서 다이어그램에 대해 알려주세요,464.2560729980469,1031.513427734375,1673.1848209957004,553.5224481639859
MI3_241030_TY1_1633_2_V01_1,대학 진학 비율에 대한 차트(세로 막대형)에 대해 알려주세요.,313.78814697265625,491.67022705078125,1968.4030393107744,524.3905693257909
MI3_241030_TY1_1642_2_V01_1,지역 재정자립도 표에 대해 알려주세요,421.2007141113281,714.1431274414062,1768.1571655498249,298.34324722355655
MI3_241030_TY1_1646_2_V01_1,영양소 권장 섭취량 표에 대해 알려주세요,409.88946533203125,1611.9967041015625,1765.4973375300624,343.2496495354531
MI3_241030_TY1_1647_1_V02-2_1,2017년 6월 통신장비 시장 보고서에서 매출 분석 차트(가로 막대형)에 대해 알려주세요,411.4783020019531,2445.98974609375,1718.699973581809,650.1774678195691
MI3_241030_TY1_1680_1_V01_1,대학 진학 및 대학원 진학 통계 표에 대해 알려주세요,322.9684753417969,1872.873046875,1958.8189923686682,523.0766317869042
MI3_241030_TY1_1680_2_V01_1,T01 T02 T03 표에 대해 알려주세요,302.0977783203125,491.9937744140625,1966.3288395132702,458.608697686553
MI3_241030_TY1_1690_1_V01_1,2017년 7월 청소년 교육 보고서 표에 대해 알려주세요,396.6646423339844,2599.33154296875,1775.8111274511548,423.0739823189315
MI3_241030_TY1_1690_2_V01_1,2017년 7월 한국 청소년의 정신 건강 상태 표에 대해 알려주세요,387.531005859375,2086.008056640625,1776.8703107712493,366.2006637017715
MI3_241030_TY1_1708_2_V01_1,주요 사업 영역에 대한 차트(세로 막대형)에 대해 알려주세요,393.0204162597656,871.54541015625,1803.7686008921662,577.7807865726467
MI3_241030_TY1_1708_3_V03_1,해외시장진출 매출 성장 기술혁신 비용 절감 다이어그램에 대해 알려주세요,405.6181335449219,508.3727111816406,1612.1703359056144,247.35339024788416
MI3_241030_TY1_1720_1_V03_1,2017년 8월 산업재해 보고서 서론 다이어그램에 대해 알려주세요,481.0711975097656,1025.6221923828125,1598.1316529139892,881.9150938189374
MI3_241030_TY1_1720_2_V03_1,보호 장비 착용 의무화 다이어그램에 대해 알려주세요,449.5361022949219,2353.650146484375,1663.1553487052693,622.3017894477242
MI3_241030_TY1_1750_1_V02-2_1,2017년 8월 한국 커피 소비 현황 보고서 7월 대비 커피 소비 변화 가로 막대형 차트에 대해 알려주세요,394.276123046875,2565.538330078125,1688.4342161762995,463.763039026909
MI3_241030_TY1_1766_1_V02-2_1,2017년 9월 사내 복지 보고서 복지 프로그램 참여율 분석 차트(가로 막대형)에 대해 알려주세요,459.6492919921875,1120.3704833984375,1591.0882330694124,507.0271904383381
MI3_241030_TY1_1768_2_V01_1,2017년 9월 소방시설 점검 항목별 결과 요약 표에 대해 알려주세요,403.9285888671875,1860.78857421875,1764.6306176462936,292.0816907958598
MI3_241030_TY1_1771_3_V01_2,T01 T02 정책 변화 V01에 대해 알려주세요,404.8352355957031,1823.8447265625,1768.5882272677188,248.34519433734232
MI3_241030_TY1_1777_1_V01_1,2017년 9월 인터넷 속도 상세 분석 보고서 주요 인터넷 속도 지표 표에 대해 알려주세요,389.2025146484375,1348.5574951171875,1799.1261708494394,154.5493090075506
MI3_241030_TY1_1788_1_V02-1_1,2017년 9월 통신장비 시장 보고서의 매출에 대한 차트(세로 막대형)에 대해 알려주세요,430.5018005371094,2339.869384765625,1686.180618221918,726.4535872830439
MI3_241030_TY1_1813_1_V02-1_2,2017년 10월 사내 복지 보고서 복지 프로그램 만족도 분석 세로 막대형 차트에 대해 알려주세요,487.18719482421875,1212.036376953125,1565.55216452029,553.8625300341497
MI3_241030_TY1_1819_1_V03_1,2017년 10월 아이들 베스트셀러 보고서 서론 다이어그램에 대해 알려주세요,460.6850280761719,1154.0745849609375,1682.6483116192965,359.75392758767606
MI3_241030_TY1_1851_1_V01_2,출산자 수 출산 휴가 사용 복직 예정 비율에 대해 알려주세요,341.1635437011719,2788.578369140625,1753.742159344923,166.81253729353796
MI3_241030_TY1_1927_2_V03_1,개선 전략 다이어그램에 대해 알려주세요,499.965087890625,893.1625366210938,1557.872776615325,635.7171502625747
MI3_241030_TY1_1957_1_V01_1,2017년 교육결과보고서 2. 교육개요 개인정보 보호와 리스크 관리 교육에 대해 알려주세요,315.29461669921875,819.4281005859375,1962.7661150423853,180.98556532720957
MI3_241030_TY1_1972_1_V01_1,2017년 모험 영화 속 용기와 도전: 주요 영화 목록과 관련된 시각적 요소에 대해 알려주세요,385.87939453125,1367.8819580078125,1792.9799311433194,1708.2689821954402
MI3_241030_TY1_1972_4_V02-2_1,결론 및 시사점차트(가로 막대형)에 대해 알려주세요,431.4971008300781,1050.508544921875,1705.3899106340339,1268.6601025426771
MI3_241030_TY1_1973_1_V01_1,2017년 모험 영화 속 팀워크와 리더십에 대한 표에 대해 알려주세요,396.178955078125,1536.8289794921875,1775.9391115015344,1529.5113792130985
MI3_241030_TY1_1973_4_V02-2_1,이 차트(가로 막대형)에 대해 알려주세요,430.30926513671875,1051.0682373046875,1709.1285399266367,1191.00832617032
MI3_241030_TY1_1975_2_V01_1,부산 국제 영화제 기간 및 장소에 대해 알려주세요,401.5070495605469,2472.968505859375,1777.1324858596452,544.0390579770469
MI3_241030_TY1_1980_2_V01_1,안동 국제 탈춤 페스티벌 기간과 참가 인원 및 성과에 대해 알려주세요.,401.5630187988281,2471.909423828125,1777.2113689600685,544.9781446633813
MI3_241030_TY1_1982_1_V01_1,2017년 애니메이션 영화 속 꿈과 도전에 대한 차트 내용에 대해 알려주세요,386.9283752441406,1600.0408935546875,1788.889196669162,1487.1705557368184
MI3_241030_TY1_1982_4_V02-2_1,결론 및 시사점 차트(가로 막대형)에 대해 알려주세요,430.5733642578125,1132.85791015625,1713.6578084899377,1400.2059110709797
MI3_241030_TY1_1993_1_V01_1,2017년 코미디 영화의 주요 특징과 표에 대해 알려주세요,400.13604736328125,1534.806396484375,1790.573127899503,1337.916783838787
MI3_241030_TY1_1993_4_V02-2_1,T01 T02 T03 차트(가로 막대형)에 대해 알려주세요,430.3902587890625,1052.7254638671875,1708.0417770068266,1336.8588117106
MI3_241030_TY1_2025_2_V01_1,재정자립도 표에 대해 알려주세요,425.6202392578125,901.3746337890625,1766.6571733364021,296.30072490686945
MI3_241030_TY1_2025_3_V01_1,지자체 탄소 중립 목표 연도 표에 대해 알려주세요,395.1912841796875,600.4716796875,1763.8796766104374,248.95098858214016
MI3_241030_TY1_2079_2_V03_1,영양소 섭취 시각요소에 대해 알려주세요,470.458251953125,670.755859375,1637.142754990432,709.9762968683475
MI3_241030_TY1_2138_1_V02-2_1,2018년 3월 한국 커피 소비 현황 보고서 2. 서론 음료 종류 소비 비율 변화 차트(가로 막대형)에 대해 알려주세요,384.2063293457031,2584.38134765625,1689.0429056144862,431.31553006413213
MI3_241030_TY1_2169_1_V02-2_1,2.2 모바일 데이터 속도 차트(가로 막대형)에 대해 알려주세요,478.2449951171875,1783.27880859375,1539.0793723187862,513.2868190383009
MI3_241030_TY1_2174_1_V02-1_1,2018년 4월 중학교 시설 유지보수 보고서에서학교 리노베이션 프로젝트 및 예산 활용 차트에 대해 알려주세요,429.7394714355469,1373.7412109375,1699.4600110756473,690.7909569564473
MI3_241030_TY1_2176_1_V01_1,2018년 4월 청소년 교육 보고서 서론 표에 대해 알려주세요,401.3237609863281,2578.63916015625,1764.3699081461884,434.8443488873625
MI3_241030_TY1_2176_2_V01_1,2018년 4월 한국 청소년의 정신 건강 상태 표에 대해 알려주세요,389.5613708496094,2190.118408203125,1770.5706243023699,422.5706519291776
MI3_241030_TY1_2178_1_V03_1,2018년 4월 청장년 대출 현황 보고서 2. 대출 의존도를 줄이고 신용 불량 위험 성을 평가하기 위한 방안은 무엇인가? 다이어그램에 대해 알려주세요,451.5733947753906,1252.421630859375,1693.2436198013177,596.327093017674
MI3_241030_TY1_2178_2_V01_1,대출 상환 부담에 대한 차트(표)에 대해 알려주세요,407.39312744140625,2596.515625,1742.756749435219,251.1272240885119
MI3_241030_TY1_2179_2_V01_1,주요 영양소 섭취 현황에 대해 알려주세요,419.9936218261719,1383.8123779296875,1761.1286769162064,345.34917532591476
MI3_241030_TY1_2180_2_V01_1,매출 분석 차트에 대해 알려주세요,423.9396667480469,663.845947265625,1730.1382487059354,345.09335453712737
MI3_241030_TY1_2196_1_V01_1,4. 출산 휴가 및 복직 현황에 대해 알려주세요,355.5709533691406,1555.734619140625,818.2223915788009,636.6314074760535
MI3_241030_TY1_2196_2_V01_1,총 출산 휴가 사용 표에 대해 알려주세요,391.3194580078125,508.3919982910156,1751.9942298937876,321.8866784337087
MI3_241030_TY1_2213_1_V01_1,[표 1. 연구 목표 및 가설] 표에 대해 알려주세요,325.20672607421875,2846.50927734375,1754.3742796463732,233.45756689054411
MI3_241030_TY1_2213_2_V01_1,1.2 문헌 검토 및 자원 확보 관련 세부 내용 표에 대해 알려주세요,411.03131103515625,1239.5169677734375,1775.4492368464341,438.83890598946294
MI3_241030_TY1_2213_3_V02-2_1,[차트 1. 악성 앱 탐지율] 차트(가로 막대형)에 대해 알려주세요,442.2272644042969,2039.6256103515625,1641.8996030283752,587.0464656080318
MI3_241030_TY1_2219_1_V01_1,2018년 5월 인터넷 속도 상세 분석 보고서 1. 주요 인터넷 속도 지표 표에 대해 알려주세요,396.3369140625,1348.1138916015625,1782.6936433268868,155.08795136345225
MI3_241030_TY1_2234_3_V01_1,가정의 달 테마 제품에 대해 알려주세요,388.7900390625,457.05859375,1783.5410627323733,1174.8633067569476
MI3_241030_TY1_2249_2_V01_1,부서별 인력 배치 표에 대해 알려주세요,372.2712707519531,2593.771484375,1869.8180920389195,479.61027997286675
MI3_241030_TY1_2249_3_V01_1,2018년 6월은 매출 증가와 고객 만족도가 지속적으로 증가하는 긍정적인 달이었습니다.시각요소에 대해 알려주세요,391.2701110839844,1162.584228515625,1784.7873960666343,1205.6939375672264
MI3_241030_TY1_2274_2_V01_2,지자체 탄소 중립 목표 연도 주요 추진 전략 표에 대해 알려주세요,391.0304870605469,2731.941162109375,1748.8779580014386,248.65504934807657
MI3_241030_TY1_2304_1_V01_1,2018년 7월 산업재해 발생 현황에 대해 알려주세요,425.6883239746094,2257.72021484375,1242.721985416496,293.0216463081471
MI3_241030_TY1_2304_2_V01_2,여름철 안전 교육 프로그램 성과 표에 대해 알려주세요,406.5442810058594,1437.7657470703125,1776.9125790642347,463.3045530236277
MI3_241030_TY1_2316_1_V02-1_1,2018년 7월 인사 보고서 부서별 연간 필요 산출 차트(세로 막대형)에 대해 알려주세요,458.0783386230469,1991.9395751953125,1628.5106833710115,1016.5326979918949
MI3_241030_TY1_2316_2_V01_1,총 우수 보통 개선 표에 대해 알려주세요,409.6240539550781,586.1568603515625,1771.5389616076632,721.8092343303281
MI3_241030_TY1_2340_1_V01_1,2018년 7월 해외 관람객 한국 인기 지역 순위 보고서 2. 해외 관람객 인기 지역 순위 (2018년 7월) 주요특징 인기 요인 표에 대해 알려주세요,366.0762023925781,2392.071044921875,1876.2161296829236,658.3396825558923
MI3_241030_TY1_2364_1_V02-1_1,2018년 8월 인사 보고서 2. 부서별 연간 인원 필요 산출 차트(세로 막대형)에 대해 알려주세요,462.92755126953125,1989.8299560546875,1617.57008382856,1016.7380312181415
MI3_241030_TY1_2364_2_V02-2_1,실행 계획 및 채용 전략 차트(가로 막대형)에 대해 알려주세요,413.8906555175781,1332.657958984375,1729.4732995984539,764.309949056231
MI3_241030_TY1_2383_2_V01_1,제품명 카테고리 주요 특징 표에 대해 알려주세요,406.6783142089844,893.3110961914062,1771.893531176703,494.17345405346543
MI3_241030_TY1_2385_1_V02-4_1,발전 방향과 관련된 차트(꺾은선형)에 대해 알려주세요,0.0,0.0,0.0,0.0
MI3_241030_TY1_2386_1_V02-3_1,2018년 건강 지표와 관련된 시각요소(원형)에서 어떤 내용을 확인할 수 있나요?,420.9740905761719,1679.385986328125,1726.299472891167,463.285737046949
MI3_241030_TY1_2389_2_V01_2,예산 계획 표에 대해 알려주세요,400.4437255859375,2775.153564453125,1561.1833038717145,250.02860473545527
MI3_241030_TY1_2459_2_V02-2_1,합계 차트(가로 막대형)에 대해 알려주세요,0.0,0.0,0.0,0.0
MI3_241030_TY1_2464_2_V02-4_1,업종별 폐업 경향 및 차트(꺾은선형)에 대해 알려주세요,0.0,0.0,0.0,0.0
MI3_241030_TY1_2472_2_V01_1,주요 영양소 섭취 현황 차트에 대해 알려주세요,420.18280029296875,1384.03955078125,1760.6722902684787,344.9125489823543
MI3_241030_TY1_2486_1_V02-4_1,2018년 10월 회사 사업수행계획서 1. 사업 개요 차트(꺾은선형)에 대해 알려주세요,0.0,0.0,0.0,0.0
MI3_241030_TY1_2486_2_V01_2,사업 구분 예산금액 주요 사용처 표에 대해 알려주세요,394.7120361328125,797.5891723632812,1803.3738703221525,579.29832617051
MI3_241030_TY1_2486_3_V03_1,전략 목표 달성 다이어그램에 대해 알려주세요,314.5429992675781,452.84100341796875,1573.123710628515,56.4879762897628
MI3_241030_TY1_2487_1_V02-1_1,2018년 10월 회사 소비 보고서 전체 소비 현황 세로 막대형 차트에 대해 알려주세요,489.17120361328125,2329.98486328125,1535.0997312836894,718.8199931591737
MI3_241030_TY1_2487_2_V01_2,월별 소비 경향 표에 대해 알려주세요,418.26947021484375,693.1976318359375,1748.118252692659,560.5733975150478
MI3_241030_TY1_2502_1_V01_1,2018년 11월 아이들 베스트셀러 보고서 서론 순 책 제목 저자 출판사 출판 연도 권장 연령 장르 표에 대해 알려주세요,376.4559631347656,1991.326416015625,1803.9248795993947,803.171984671967
MI3_241030_TY1_2552_1_V02-1_1,2023년 8월 회사 소비 보고서의 주요 소비 항목 분석 차트(세로 막대형)에 대해 알려주세요,482.2991027832031,1366.901611328125,1328.7566766975433,732.3472699044919
MI3_241030_TY1_2552_2_V02-2_1,3. 월별 소비 경향 차트(가로 막대형)에 대해 알려주세요,416.7339172363281,1489.9171142578125,1719.5492861608448,747.2407216112055
MI3_241030_TY1_2553_1_V01_1,2023년 8월 회사 유보금 관련 보고서 본론 유보금 항목별 배분 현황 표에 대해 알려주세요,424.0623779296875,2355.880615234375,1669.6531723878322,445.3142861637026
MI3_241030_TY1_2554_1_V03_1,매출 성장 다이어그램에 대해 알려주세요,516.3534545898438,952.5235595703125,1566.417524746466,425.4737385509515
MI3_241030_TY1_2554_2_V01_2,3. 결론 및 향후 계획 표에 대해 알려주세요,453.36773681640625,1412.9473876953125,1634.0170441294545,248.03026917919462
MI3_241101_TY1_0014_2_V01_1,어촌 지역의 경우 재정 지원 없이 주요 사업을 추진하기 어려운 상황에 대해 알려주세요.,367.5947265625,2777.30078125,1761.9656046192522,249.33570978929194
MI3_241101_TY1_0023_3_V01_1,2018년 11월 한국 베이커리 시장 요약 본문 표에 대해 알려주세요,387.2159118652344,531.6841430664062,1790.1911433544233,1064.8033546149818
MI3_241101_TY1_0039_2_V02-3_1,종합 대학 개선 전략에 대해 알려주세요,0.0,0.0,0.0,0.0
MI3_241101_TY1_0045_1_V02-4_1,2018년 12월 스마트폰 시장 보고서 2. 2018년 12월 글로벌 스마트폰 시장 주요 트렌드 꺾은선형 차트에 대해 알려주세요,0.0,0.0,0.0,0.0
MI3_241101_TY1_0045_2_V02-4_1,에 대한 리더십 프리미엄 스마트폰 시장 성장 확장 꺾은선형 차트에 대해 알려주세요,0.0,0.0,0.0,0.0
MI3_241101_TY1_0054_1_V02-4_1,2018년 유통업 주요 트렌드 꺾은선형 차트에 대해 알려주세요,0.0,0.0,0.0,0.0
MI3_241101_TY1_0080_2_V01_1,2018년 12월의 주요 사업 영역과 목표 매출에 대해 알려주세요,310.380859375,2916.8603515625,1572.462357476723,159.93078395868497
MI3_241101_TY1_0080_3_V01_1,"해외 진출 300억 원 현지 마케팅 캠페인과 관련된 매출 성장, 기술 혁신, 비용 절감에 대해 알려주세요",373.1061096191406,477.954345703125,1575.746855373066,103.28497595403788
MI3_241101_TY1_0081_1_V02-1_1,2018년 12월 전체 소비 현황 차트(세로 막대형)에 대해 알려주세요,475.87347412109375,2250.661376953125,1569.930756455068,725.6209960804727
MI3_241101_TY1_0081_2_V01_2,월별 소비 경향에 대해 알려주세요,399.29864501953125,693.2798461914062,1797.4485186472677,560.1738444908367
MI3_241101_TY1_0087_2_V01_1,강릉 커피 축제에 대한 표에 대해 알려주세요,384.5003967285156,2211.14404296875,1786.1449180323632,653.3224278342946
MI3_241101_TY1_0092_1_V01_2,2018년 교육결과보고서 본문 표에 대해 알려주세요,315.9906311035156,819.2566528320312,1962.3320358565554,181.7640049060345
MI3_241101_TY1_0096_1_V01_1,2018년 교육결과보고서 2. 교육개요 표에 대해 알려주세요,316.0436096191406,819.4459838867188,1962.1830321363516,181.57549247651352
MI3_241101_TY1_0119_1_V03_1,역사적 사실과 허구의 평가 기준에 대한 다이어그램에 대해 알려주세요,425.5210266113281,2433.78564453125,1712.796262461739,568.6046345430422
MI3_241101_TY1_0119_2_V01_1,4. 주요 분석 결과에 대해 알려주세요,0.0,0.0,0.0,0.0
MI3_241101_TY1_0119_3_V02-2_1,제2차 세계대전 중 노르망디 상륙작전을 배경으로 한 영화와 결론 및 시사점 차트(가로 막대형)에 대해 알려주세요,416.358154296875,2031.2818603515625,1712.4308661541547,635.8065835449845
MI3_241101_TY1_0123_2_V01_1,제주 들불 축제의 기본 정보와 관련된 표에 대해 알려주세요.,387.8504638671875,2247.11083984375,1789.0753186696836,790.6321331852442
MI3_241101_TY1_0131_1_V03_1,2차전지 산업 성장 요인에 대해 알려주세요.,437.0234375,2410.2392578125,1369.8221251155574,378.4579717198007
MI3_241101_TY1_0131_2_V03_1,차세대 배터리 기술 우선순위에 대한 시각적 요소에 대해 알려주세요,358.5552062988281,2784.189453125,1752.6171062569322,266.29556816905585
MI3_241101_TY1_0133_2_V01_2,조직도 및 인력 현황 표에 대해 알려주세요,372.0339050292969,2593.936767578125,1870.474188279486,479.5209669746453
MI3_241101_TY1_0133_3_V01_1,5.2 향후 전략 차트에 대해 알려주세요,390.65875244140625,1154.6776123046875,1785.6907789835093,1204.8055088419312
MI3_241101_TY1_0146_1_V01_1,"제목: 연구 목표 및 가설, 소제목: AI 기반 사기 탐지 시스템의 성능 평가에 대한 표에 대해 알려주세요",448.15582275390625,2441.636474609375,1572.7664481370066,259.83415387218224
MI3_241101_TY1_0146_2_V03_1,주요 성능 지표 데이터 예시에 대해 알려주세요,431.7430114746094,2543.150390625,1627.7407995782269,275.9091542983118
MI3_241101_TY1_0195_3_V01_2,2019년 2월 주요 국가별 식품안전 관련 정책 변화에 대해 알려주세요.,404.0628967285156,1863.1103515625,1767.0025797403118,245.6378879288215
MI3_241101_TY1_0203_1_V02-1_1,2019년 2월 인사 보고서 2. 부서별 연간 인원 필요 산출 차트(세로 막대형)에 대해 알려주세요,457.392578125,1991.620849609375,1629.9931074917067,1017.2455877964805
MI3_241101_TY1_0203_2_V02-2_1,연간 인사 고과 평가와 관련된 연구개발 및 영업 부서의 개선 필요 인원에 대해 알려주세요,423.565673828125,1274.123291015625,1715.7226653008427,763.6472767441303
MI3_241101_TY1_0204_1_V01_1,2019년 2월 인터넷 속도 상세 분석 보고서의 지표 다이어그램에 대해 알려주세요.,406.34027099609375,1369.98583984375,1751.6040280229493,156.74033562301037
MI3_241101_TY1_0211_1_V01_1,2019년 2월 청소년 교육 환경 변화 표에 대해 알려주세요,396.7687072753906,2463.527099609375,1767.741342846404,436.57988859837883
MI3_241101_TY1_0211_2_V01_1,2019년 2월 청소년 정신 건강 상태에 대한 표에 대해 알려주세요,384.8506774902344,2186.43896484375,1771.336653580183,353.455688895927
MI3_241101_TY1_0219_2_V01_1,분류 세부 내용 계절 한정 메뉴에 대해 알려주세요,397.4430847167969,2563.89404296875,1787.6177829466303,526.8830066851759
MI3_241101_TY1_0219_3_V01_1,건강 지향적 제품에 대한 차트(혼합형)에 대해 알려주세요,390.7751159667969,511.805908203125,1782.203282319704,444.3465138880764
MI3_241101_TY1_0228_2_V02-2_1,3. 주요 통계와 결론을 바탕으로 차트에 대해 알려주세요,439.82867431640625,647.7223510742188,1688.307146285281,634.5793513626091
MI3_241101_TY1_0235_1_V01_1,"2019년 3월 전기차, 에너지 저장 시스템, 소비자 전자기기에 대한 표에 대해 알려주세요",414.0514221191406,2731.380615234375,1637.4974010683293,250.9980403071789
MI3_241101_TY1_0235_3_V01_1,기술분야 주요 특징 기대 효과 차트에 대해 알려주세요,352.478515625,507.5688781738281,1770.6613903707366,198.86918001421023
MI3_241101_TY1_0250_1_V01_1,연구 목표 표에 대해 알려주세요,447.83306884765625,2441.81005859375,1574.7481548895921,258.70594951973635
MI3_241101_TY1_0250_2_V03_1,제목과 실험 절차 및 방법 확립에 대해 알려주세요,482.8561706542969,1551.721435546875,1420.2731548082754,439.12484473117945
MI3_241101_TY1_0251_1_V03_1,2019년 3월 영화 관람객 수 분석 보고서의 다이어그램에 대해 알려주세요.,419.29241943359375,2138.35498046875,1724.7580808529972,821.3050954630946
MI3_241101_TY1_0299_3_V01_1,4. 주요 사건 및 사례 표 1에 대해 알려주세요,394.96661376953125,2016.2406005859375,1761.1976264849852,343.4015885429043
MI3_241101_TY1_0315_1_V03_1,2019년 4월 청소년 교육 보고서의 다이어그램에 대해 알려주세요,450.45263671875,1164.751708984375,1699.8855174488554,514.3297243868158
MI3_241101_TY1_0315_2_V03_1,정신 건강 관련 다이어그램에 대해 알려주세요,459.752197265625,942.4967651367188,1678.2627214151933,508.23771698420364
MI3_241101_TY1_0317_2_V03_1,청장년 대출 현황에 대한 다이어그램에 대해 알려주세요,460.62860107421875,1512.8291015625,1668.9573769155475,747.4971410436244
MI3_241101_TY1_0317_3_V01_1,"제목에 따르면 연령대 평균 대출 금액과 월 상환액, 이자율 및 상환 부담 비율에 대해 알려주세요.",403.21929931640625,619.294189453125,1761.6443964326143,249.73393657264944
MI3_241101_TY1_0323_2_V03_1,"블루베리 타르트와 비건 도넛, 민트 초콜릿 앙버터빵에 대한 다이어그램에 대해 알려주세요.",409.876953125,587.6182861328125,1786.7312100259212,676.2880789783954
MI3_241101_TY1_0334_1_V02-1_1,2019년 4월 회사 소비 보고서 1. 주요 소비 항목 분석 차트(세로 막대형)에 대해 알려주세요,477.8563232421875,1786.256103515625,1563.7918442826087,738.220861348663
MI3_241101_TY1_0334_2_V01_2,부서별 지출 내역에 대한 부서 지출 금액 차트에 대해 알려주세요,411.27642822265625,617.2366943359375,1736.5898420444853,399.4560204241747
MI3_241101_TY1_0350_2_V02-3_1,제목 건강식품 및 유기 음료 및 간식 차트(원형)에 대해 알려주세요,450.6356201171875,2006.6419677734375,1648.7708122528825,1048.5676226908265
MI3_241101_TY1_0351_3_V01_2,4.2 미국의 육류 미생물 오염 사건 표 2. 2019년 5월 주요 국가별 식품안전 관련 정책 변화에 대해 알려주세요,408.49237060546875,1684.0980224609375,1762.2610213056187,342.41702114848846
MI3_241101_TY1_0384_2_V02-4_1,3. 주요 통계에 대해 알려주세요,497.90283203125,620.0486450195312,1531.6017989936195,975.5298389384694
MI3_241101_TY1_0400_2_V01_2,4. 통계 지역별 소방시설 점검 결과 표에 대해 알려주세요,398.4400634765625,2446.7685546875,1761.061048306517,296.0780136307274
MI3_241101_TY1_0418_2_V03_1,경제 활성화 다이어그램에 대해 알려주세요,448.5888366699219,1674.8189697265625,1669.6037524595774,515.1730702336657
MI3_241101_TY1_0428_1_V01_1,2019년 6월 한국 신발 매출 순위 보고서의 주요 브랜드별 매출 차트에 대해 알려주세요,0.0,0.0,0.0,0.0
MI3_241101_TY1_0428_2_V02-4_1,제목에 대해 운동화 및 스니커즈 시장의 추세를 보여주는 꺾은선형 그래프에 대해 알려주세요,0.0,0.0,0.0,0.0
MI3_241101_TY1_0429_2_V02-3_1,친환경 및 공유 모빌리티와 변화하는 소비 패턴에 대해 알려주세요,0.0,0.0,0.0,0.0
MI3_241101_TY1_0446_1_V02-3_1,2019년 7월 대학교 위생보건 보고서 캠퍼스 위생 및 건강 증진 차트(원형)에 대해 알려주세요,0.0,0.0,0.0,0.0
MI3_241101_TY1_0451_1_V03_1,2019년 구월: 대한민국의 산업재해 분석과 관련하여 다이어그램에 대해 알려주세요,444.465576171875,1464.01220703125,1702.578261239534,604.4095431271336
MI3_241101_TY1_0451_2_V01_1,2019년 7월 산업재해 주요 원인 분석 본문 표에 대해 알려주세요,417.4217224121094,738.9356079101562,1065.0445524774393,245.79164886738278
MI3_241101_TY1_0461_2_V02-2_1,2.1 국가별 이용 현황과 3. 정책 개선 필요성에 대한 차트(가로 막대형)에 대해 알려주세요,0.0,0.0,0.0,0.0
MI3_241101_TY1_0461_3_V01_1,외국인 환자를 위한 의료 접근성 개선에 대해 알려주세요,0.0,0.0,0.0,0.0
MI3_241101_TY1_0479_2_V03_1,여름철 디저트 트렌드에 대해 알려주세요,409.8575744628906,582.3378295898438,1786.3445905863064,683.088564741045
MI3_241101_TY1_0479_3_V01_1,이 문서에서 다루고 있는 제목과 관련된 저칼로리 및 비건 제품에 대한 차트(표) 타입에 대해 알려주세요.,387.04620361328125,521.5780639648438,1781.3584207359527,411.64838062744195
MI3_241101_TY1_0487_1_V01_1,2019년 7월 해외 관람객 한국 인기 지역 순위 보고서에 대해 알려주세요,390.91302490234375,2338.76611328125,1776.5053407788664,484.89657859640096
MI3_241101_TY1_0497_2_V01_1,부서별 인력 배치 차트에 대해 알려주세요,371.7968444824219,2593.894287109375,1871.1103896152213,479.62179716957485
MI3_241101_TY1_0497_3_V01_1,5.2 향후 전략에 대해 알려주세요,391.5830078125,1078.03271484375,1784.0284397466376,902.2908808000942
MI3_241101_TY1_0505_2_V02-4_1,제조사별 시장 점유율 분석기술 발전 스마트폰 시장 리더십에 대해 알려주세요,0.0,0.0,0.0,0.0
MI3_241101_TY1_0505_3_V02-4_1,5G 기술 차트(꺾은선형)에 대해 알려주세요,0.0,0.0,0.0,0.0
MI3_241101_TY1_0508_1_V01_1,2019년 8월 베스트셀러 목록 차트에 대해 알려주세요,390.11395263671875,1330.4818115234375,1786.3215065189768,824.6208174977841
MI3_241101_TY1_0512_1_V01_1,2019년 8월 외국인 진학 관련 보고서 출신 국가별 진학 현황 차트(표)에 대해 알려주세요,318.3610534667969,2250.677734375,1953.4632994652623,526.7159975286371
MI3_241101_TY1_0512_2_V01_1,몽골 출신 학생들의 대학 진학 비율과 전공 현황에 대해 알려주세요.,323.4884033203125,743.5103149414062,1968.4630264099765,524.526654540033
MI3_241101_TY1_0526_2_V03_1,4. 주요 영양소 섭취 현황 다이어그램에 대해 알려주세요,468.64556884765625,817.6591796875,1659.275503264641,738.5085604451008
MI3_241101_TY1_0543_1_V01_1,2019년 8월 회사 유보금 관련 보고서 본문 표에 대해 알려주세요,416.52496337890625,2139.484375,1678.7298592064137,447.1199893346707
MI3_241101_TY1_0544_1_V02-1_1,2019년 8월 회사 출산 및 휴가 보고서에 대해 알려주세요,1093.22802734375,1824.5966796875,1059.6659914734046,591.9051031372143
MI3_241101_TY1_0562_1_V03_1,연구 목표 및 가설 다이어그램에 대해 알려주세요,419.21630859375,940.3032836914062,1806.2658996804244,1020.2729433937288
MI3_241101_TY1_0562_2_V03_1,대조군 및 실험군 선정 다이어그램에 대해 알려주세요,479.8289794921875,1705.6142578125,1415.4406268075982,437.4622947631714
MI3_241101_TY1_0562_3_V01_1,본 연구의 최종결론 및 권장 사항에 대해 알려주세요,350.799560546875,2247.052001953125,1881.8484251157063,464.5708486451317
MI3_241101_TY1_0596_1_V01_1,2019년 9월 회사 출산 및 휴가 보고서에 대해 알려주세요,389.03173828125,1773.9832763671875,627.3533348725159,634.0502815838471
MI3_241101_TY1_0613_2_V02-2_1,보안 강화 주요 통계 차트(가로 막대형)에 대해 알려주세요,508.6337890625,898.6754760742188,1502.8879907260382,614.3045833859246
MI3_241101_TY1_0615_1_V03_1,2019년 10월 시장 분석의 다이어그램에 대해 알려주세요.,414.1171569824219,1892.1533203125,1731.788243384397,1136.1651062832887
MI3_241101_TY1_0626_2_V01_1,1.2 재정 운영에 대한 차트(다이어그램)에 대해 알려주세요,392.45458984375,2628.2021484375,1775.196139378971,449.4298979242674
MI3_241101_TY1_0627_1_V01_1,2019년 10월 청소년 교육 보고서의 표 1. 2019년 10월 한국 청소년의 학습 환경 변화에 대해 알려주세요,405.09234619140625,2518.911376953125,1765.281386489147,459.11214103224916
MI3_241101_TY1_0627_2_V01_1,1.2. 학업 성취도와 스트레스 표에 대해 알려주세요,388.08245849609375,2167.741455078125,1776.9605966543606,436.116672514078
MI3_241101_TY1_0635_2_V03_1,가을철 베이커리 시장 트렌드와 관련된 본문에 대해 알려주세요,436.88262939453125,1735.9996337890625,1724.1914595065348,708.8206915031094
MI3_241101_TY1_0635_3_V01_1,제목에 포함된 내용과 관련하여 프리미엄 소비자 반응 메뉴에 대한 차트에 대해 알려주세요,396.431884765625,496.92156982421875,1777.4728497602189,486.3963703018979
MI3_241101_TY1_0638_2_V01_1,10월 유아 제품 순위표에 대해 알려주세요,407.28765869140625,744.3349609375,1772.676596653873,493.5623202398055
MI3_241101_TY1_0687_2_V03_1,제목에 대한 겨울철 제철 재료를 활용한 따뜻한 디저트 다이어그램에 대해 알려주세요,413.7297058105469,582.9505004882812,1778.0499036460346,681.9929144673595
MI3_241101_TY1_0687_3_V01_1,겨울철 따뜻한 디저트에 대한 수요 및 프리미엄 음료와 관련된 표에 대해 알려주세요,384.3439025878906,501.6901550292969,1779.079798169118,376.54290460436323
MI3_241101_TY1_0698_1_V02-1_1,2019년 11월 회사 소비 보고서 1. 주요 소비 항목 분석 차트(세로 막대형)에 대해 알려주세요,508.099853515625,1704.6795654296875,1455.8034384067325,731.1698150204927
MI3_241101_TY1_0698_2_V01_1,월별 소비 경향에 대한 금액 및 변동사항에 대해 알려주세요.,416.2152099609375,623.9912109375,1753.2986811041214,322.9476355197225
MI3_241101_TY1_0699_1_V03_1,2019년 11월 회사 유보금 관련 보고서 유보금의 재무 안정성에서의 역할 다이어그램에 대해 알려주세요,484.0078125,1243.95361328125,1313.0825689107478,909.3438143301255
MI3_241101_TY1_0702_2_V02-3_1,4. 문구류 수입 품목별 비율 차트(원형)에 대해 알려주세요,428.7382507324219,661.3739013671875,1714.2009338965509,823.2122031097614
MI3_241101_TY1_0705_2_V01_1,4. 조직도 및 인력 현황에 대한 내용의 표에 대해 알려주세요,372.107666015625,2593.74365234375,1870.231078371915,479.61050035994174
MI3_241101_TY1_0705_3_V01_1,고객 만족도 강화 차트에 대해 알려주세요,391.340087890625,1152.83544921875,1783.4481556928108,853.8442154647901
MI3_241101_TY1_0717_1_V03_1,2019년 12월 연구 보고서 연구 주제: 자율주행 차량을 위한 센서 융합 시스템 성능 평가 다이어그램에 대해 알려주세요,423.1851806640625,829.6062622070312,1806.0977470148273,1023.9641227234068
MI3_241101_TY1_0717_2_V01_1,본 연구의 성과와 관련된 데이터 예시를 통해 이 지표에 대해 알려주세요.,414.0180969238281,630.6310424804688,1775.0050224144034,293.10683247555585
MI3_241101_TY1_0717_3_V03_1,4. 결론 및 보고서 작성 표 5에 대해 알려주세요,355.7082214355469,2324.3720703125,1876.6434592200208,464.55974167711537
MI3_241101_TY1_0723_1_V02-2_1,2019년 12월의 고정 브로드밴드 속도 성능과 차트에 대해 알려주세요,449.23614501953125,1936.9129638671875,1618.8979673728963,536.0673550234771
MI3_241101_TY1_0750_1_V01_1,2019년 12월 회사 유보금 관련 보고서 본문 표에 대해 알려주세요,416.417724609375,2142.916748046875,1678.8443021189125,444.35276773960663
MI3_241101_TY1_0756_2_V01_1,"강릉 단오제의 기간과 장소, 참가 인원 및 주요 행사에 대해 알려주세요.",400.63568115234375,2395.3740234375,1782.5466137924677,635.682064932142
MI3_241101_TY1_0765_1_V01_1,담 당 부서장 본부장 대표이사와 관련된 표에 대해 알려주세요.,294.25823974609375,819.0211181640625,1970.2234424936064,135.98592826821547
MI3_241101_TY1_0778_1_V01_1,2019년 범죄 영화 속 정의와 복수에 대한 표에 대해 알려주세요,388.6160583496094,1415.0040283203125,1796.7377613930973,628.0676767469789
MI3_241101_TY1_0787_1_V01_1,2019년 애니메이션 영화 속 상상력과 교훈에 대한 표에 대해 알려주세요,394.1426696777344,1481.4708251953125,1783.8719787580292,626.3013450607865
MI3_241101_TY1_0801_1_V01_1,2019년 한국 간편대용식 인기 순위 보고서에서 제시된 주요 브랜드의 특징과 카테고리 선호도에 대해 알려주세요,399.90765380859375,1265.897216796875,1773.8755349519622,582.1275838142309
MI3_241101_TY1_0805_1_V01_1,2019년 한국 게임 콘솔 인기 순위 보고서 본론 차트(세로 막대형)에 대해 알려주세요,408.45733642578125,1118.2666015625,1748.197646851995,712.4759344064139
MI3_241101_TY1_0807_1_V01_1,2019년 한국 과자 인기 순위 보고서 본론 차트에 대해 알려주세요,400.9876708984375,1116.9210205078125,1775.3845786042566,582.9163613642219
MI3_241101_TY1_0810_1_V01_1,2019년 한국 네일 제품 인기 순위 보고서 본론 차트(세로 막대형)에 대해 알려주세요,401.79071044921875,1116.7803955078125,1773.0826653941053,582.222598825618
MI3_241101_TY1_0830_1_V01_1,2019년 한국 스마트 냉장고 인기 순위 보고서 본론 차트에 대해 알려주세요,392.10504150390625,1313.32666015625,1796.5057788386262,579.5632715389216
MI3_241101_TY1_0835_1_V01_1,2019년 한국 스킨케어 제품 소비자 주요 브랜드의 특징과 선호도에 대해 알려주세요.,396.2974853515625,1116.6856689453125,1787.4767011304282,582.7213636490246
MI3_241101_TY1_0872_2_V02-2_1,주요 통계 결론 차트(가로 막대형)에 대해 알려주세요,437.19000244140625,647.8916625976562,1701.384790072964,674.2344827402942
MI3_241101_TY1_0888_2_V01_1,2.1 대출 금액 변화 분석 차트에 대해 알려주세요,404.84320068359375,2622.024658203125,1748.5794907532145,247.6935982640494
MI3_241101_TY1_0890_2_V02-1_1,리하는 데 중요한 역할을 하고 있습니다. · 네트워크 보안 강화에 대해 알려주세요,481.8431701660156,1268.5892333984375,1303.2986146663502,598.9895766073869
MI3_241101_TY1_0905_2_V01_1,목표 매출 및 주요 사업 구분에 대한 다이어그램에 대해 알려주세요,393.9998779296875,871.9025268554688,1802.1509869817503,578.6647151091418
MI3_241101_TY1_0905_3_V03_1,핵심 목표에 대해 알려주세요,389.2452392578125,493.38232421875,1688.1418536731612,150.55950226685465
MI3_241101_TY1_0906_1_V01_1,2020년 1월 부서별 지출 내역에 대해 알려주세요,404.10797119140625,2490.118896484375,1771.1503936199765,557.4966783020059
MI3_241101_TY1_0906_2_V01_2,소비 항목 분석에 대해 알려주세요,405.1549987792969,1063.9029541015625,1778.5580411538535,477.750416525087
MI3_241101_TY1_0907_1_V01_1,2020년 1월 회사 유보금 관련 보고서 본문 표에 대해 알려주세요,423.5173645019531,2598.933349609375,1678.0091203983075,450.68613429840934
MI3_241101_TY1_0918_2_V03_1,3. 주요 결과 요약에 대해 알려주세요,472.96356201171875,1202.3365478515625,1654.7481908143054,490.67473696599694
MI3_241101_TY1_0946_2_V03_1,"발효빵과 롤케이크, 유자 호두과자에 대한 다이어그램에 대해 알려주세요",447.70440673828125,568.6284790039062,1693.9040174507431,727.0185026856415
MI3_241101_TY1_0958_1_V01_1,2020년 2월 회사 유보금 관련 보고서 본론 표에 대해 알려주세요,416.20294189453125,2142.989013671875,1679.4431728237932,444.271970820027
MI3_241101_TY1_0973_1_V02-2_1,2020년 3월 베스트셀러 책 판매 수에 대한 차트(가로 막대형)에 대해 알려주세요,431.0987548828125,2276.492431640625,1689.8349477093777,744.3756592157389
MI3_241101_TY1_1040_2_V01_2,대출 금액 변화 분석 및 대출 유형별 비중 표에 대해 알려주세요,384.9832458496094,2744.812255859375,1757.3010284488219,249.98529889816322
MI3_241101_TY1_1058_1_V02-1_1,2020년 4월 회사 소비 보고서 1. 주요 소비 항목 분석 차트(세로 막대형)에 대해 알려주세요,419.1313781738281,1932.8397216796875,1719.509054511405,735.751060303027
MI3_241101_TY1_1058_2_V01_2,3. 부서별 지출 내역에 대해 알려주세요,411.5369873046875,617.7945556640625,1757.8748606107372,478.7922714054136
MI3_241101_TY1_1069_2_V01_1,4. 통계 표에 대해 알려주세요,396.9352111816406,1937.7091064453125,1776.1079753228037,292.321138458309
MI3_241101_TY1_1078_1_V03_1,외국인 한국 의료보험 이용 보고서 1 외국인환자 양질의의료서에 대해 알려주세요,0.0,0.0,0.0,0.0
MI3_241101_TY1_1078_2_V02-8_1,2.1 세부 이용 현황과 정책 개선 필요성에 대해 알려주세요,514.7019653320312,651.120849609375,1340.0810381325975,706.9202953305997
MI3_241101_TY1_1100_2_V01_1,유아 제품 순위표에 대해 알려주세요,407.37005615234375,744.4048461914062,1772.3004903239953,492.9711770930476
MI3_241101_TY1_1122_1_V03_1,고정 브로드밴드 속도에 대해 알려주세요,439.00537109375,1837.5933837890625,1677.0108192037699,490.9744974703333
MI3_241101_TY1_1144_1_V02-2_1,2020년 6월 한국인의 비만율에 대해 알려주세요,460.1722412109375,2399.068115234375,1361.5021405397129,487.95159456468417
MI3_241101_TY1_1149_1_V02-1_1,2020년 6월 주요 소비 항목 분석 차트(세로 막대형)에 대해 알려주세요,418.2571716308594,1862.485107421875,1721.7793865923868,733.7688188031309
MI3_241101_TY1_1149_2_V01_1,월별 소비 경향에 따른 소비 금액에 대해 알려주세요,394.3988952636719,1815.522216796875,1783.1346317697082,479.0971212637943
MI3_241101_TY1_1200_1_V01_1,2020년 7월 회사 유보금 관련 보고서 본문 표에 대해 알려주세요,416.9228820800781,2167.74658203125,1675.7236193873978,443.33443281831876
MI3_241101_TY1_1230_2_V01_2,2.2 경제 지원 정책에 대해 알려주세요,399.27569580078125,2548.081298828125,1782.9770135113426,512.5399355769961
MI3_241101_TY1_1244_1_V02-2_1,2020년 8월 한국 커피 소비 현황 보고서 7월 대비 커피 소비 변화 차트(가로 막대형)에 대해 알려주세요,414.4469909667969,2534.304443359375,1685.7909985074948,504.83429497040936
MI3_241101_TY1_1249_2_V02-4_1,2.2 온라인 교육 및 홈 엔터테인먼트의 중요성 주요 통계 차트(꺾은선형)에 대해 알려주세요,573.0791015625,1127.294921875,1439.7855622093157,818.3567265945138
MI3_241101_TY1_1252_1_V01_1,2020년 8월 회사 유보금 관련 보고서 A기업 유보금 현황 차트(세로 막대형)에 대해 알려주세요,420.33050537109375,2603.40576171875,1678.835756360842,451.54943002042796
MI3_241101_TY1_1271_1_V03_1,2020년 9월 외국인 진학 관련 보고서 국제학생 다이어그램에 대해 알려주세요,469.020751953125,1197.5611572265625,1656.8839059778384,419.7926891235208
MI3_241101_TY1_1271_2_V01_1,대학 진학 인 대학교 및 대학원 진학 비율과 관련된 차트에 대해 알려주세요,313.2696228027344,491.67578125,1969.4544287636618,524.5109209820677
MI3_241101_TY1_1274_1_V02-1_1,2020년 9월 인사 보고서 2. 부서별 연간 인원 필요 산출 차트(가로 막대형)에 대해 알려주세요,420.0975646972656,2001.5181884765625,1724.8702526156649,1021.3862466773968
MI3_241101_TY1_1274_2_V02-2_1,실행 계획 및 채용 전략에 대해 알려주세요,426.72052001953125,1273.2982177734375,1708.7927467411657,757.9971358916569
MI3_241101_TY1_1281_2_V01_1,2020년 9월 주요 정책 변화에 대한 차트(표) 타입에 대해 알려주세요,399.9483337402344,2587.9716796875,1764.9192592126053,381.9505623741863
MI3_241101_TY1_1299_2_V02-4_1,온라인 플랫폼의 성장 주요 통계 꺾은선형에 대해 알려주세요,434.2048645019531,1178.463623046875,1695.0176192004956,796.2670279603514
MI3_241101_TY1_1300_2_V03_1,사업 전략 수행 시점과 관련된 다이어그램에 대해 알려주세요,520.6884155273438,2300.04443359375,1514.0871146235058,745.687937171522
MI3_241101_TY1_1300_3_V03_1,결론 결론 다이어그램에 대해 알려주세요,440.2237854003906,2252.859619140625,1681.4383160674802,707.7577552803543
MI3_241101_TY1_1302_1_V01_1,2020년 9월 회사 유보금 관련 보고서 본론 2020년 주요 기업의 유보금 현황 표에 대해 알려주세요,416.4207458496094,2149.291259765625,1678.2419312697536,444.3034844412951
MI3_241101_TY1_1312_2_V03_1,주요 결과 요약 및 다이어그램에 대해 알려주세요.,470.7607727050781,1275.2288818359375,1652.7398406280652,489.28945125687125
MI3_241101_TY1_1317_1_V01_1,2020년 10월 베스트셀러 목록과 판매량에 대해 알려주세요,393.54364013671875,1329.7344970703125,1775.1867618119331,743.0509168472947
MI3_241101_TY1_1322_2_V03_1,제목에 따른 다이어그램에 대해 알려주세요,441.32952880859375,689.989990234375,1679.1217290470645,625.806699746333
MI3_241101_TY1_1322_3_V01_1,한국에서 외국인 환자를 위한 의료 접근성 향상과 관련된 장정 VS 단점 오피오 더 나은 정보 시 신뢰증가 스템필요 안정적인 보험에 대해 알려주세요,0.0,0.0,0.0,0.0
MI3_241101_TY1_1391_2_V03_2,"제목과 소제목, 다이어그램에 대해 알려주세요",445.1509094238281,1440.8238525390625,1713.0109769523979,679.7551064035271
MI3_241101_TY1_1394_2_V01_1,유아 장난감 시장 2020년 11월 유아 제품 순위표에 대해 알려주세요,424.5992126464844,990.662353515625,1705.016721456109,494.3820478866641
MI3_241101_TY1_1411_1_V01_1,2020년 12월 산업재해 주요 원인 분석 표에 대해 알려주세요,365.25830078125,2774.4287109375,1012.7075440495067,255.00378416841951
MI3_241101_TY1_1411_2_V01_1,2020년 12월 산업재해 예방 노력 및 성과 차트(표)에 대해 알려주세요,343.4837646484375,1193.8231201171875,1919.24192558399,589.2004019607106
MI3_241101_TY1_1428_2_V02-2_1,년도 2022 2023 소비량 (TWh) 산업용 전기 소비 증가에 대해 알려주세요,444.3275146484375,1472.327392578125,1673.2111162120589,755.7586760245996
MI3_241101_TY1_1431_2_V01_2,2020년 12월 주요 정책 변화에 대해 알려주세요,392.49774169921875,2674.3662109375,1767.715774535024,380.52438298630466
MI3_241101_TY1_1451_1_V02-1_1,2020년 12월 회사 소비 보고서 1. 주요 소비 항목 분석 차트(세로 막대형)에 대해 알려주세요,426.47576904296875,1861.683349609375,1704.6239955222147,733.221857199174
MI3_241101_TY1_1451_2_V01_1,2. 월별 소비 경향에 대한 금액 및 비율 차트를 알려주세요.,403.60723876953125,1732.4261474609375,1762.2571723351853,481.31734925780097
MI3_241101_TY1_1455_1_V03_1,기술과 인간성의 평가 기준: 다이어그램에 대해 알려주세요,423.1576843261719,2233.647216796875,1726.345720584922,798.1511852096213
MI3_241101_TY1_1455_2_V03_1,기술과 인간성의 비교 영화 다이어그램에 대해 알려주세요,0.0,0.0,0.0,0.0
MI3_241101_TY1_1471_2_V01_1,경주 세계 문화 엑스포의 주요 세부 내용과 표에 대해 알려주세요,399.7242736816406,2390.92529296875,1785.805466136027,647.1629059927003
MI3_241101_TY1_1474_1_V01_1,2020년 공포 영화 속 인간의 두려움과 생존에 대해 알려주세요,363.520263671875,1509.7657470703125,1889.1489452357143,495.6048791706065
MI3_241101_TY1_1503_2_V01_1,양양 송이 축제의 주요 내용과 성과에 대해 알려주세요,401.5868835449219,2469.737548828125,1777.6662603190714,554.9995349670804
MI3_241101_TY1_1508_2_V01_1,자동차 산업 기술에 대해 알려주세요,408.55023193359375,536.2965087890625,1778.7898713837062,721.5200114438259
MI3_241101_TY1_1511_2_V01_1,제조 산업 기술에 대한 기술 주요 특징 적용 분야 차트(세로 막대형)에 대해 알려주세요,400.2088623046875,549.3829345703125,1777.171467840043,480.62832394054493
MI3_241101_TY1_1515_2_V01_1,진주 남강 유등 축제와 관련된 항목 세부 내용 표에 대해 알려주세요,382.26416015625,2052.100341796875,1788.0152472878303,594.5236682732924
MI3_241101_TY1_1520_1_V01_1,2020년 판타지 영화 속 세계관과 상징의 다이어그램에 대해 알려주세요,394.4905090332031,1510.38134765625,1782.8276345276513,629.9040019873424
MI3_241101_TY1_1602_1_V03_1,2021년 2월 인터넷 속도 상세 분석 보고서에 대한 다이어그램에 대해 알려주세요.,422.7367248535156,1894.9892578125,1750.7439099325497,759.1230224111723
MI3_241101_TY1_1648_1_V01_1,2021년 3월 아이들 베스트셀러 보고서 서론 출판 권장 순위 책 제목 저자 출판사 장르 연도 연령 표에 대해 알려주세요,391.5153503417969,1256.6715087890625,1784.2219290010119,979.4535698661514
MI3_241101_TY1_1692_2_V01_1,부서별 인력 배치에 대해 알려주세요,371.642822265625,2594.166748046875,1871.5471762206942,479.39750435927954
MI3_241101_TY1_1712_1_V02-2_1,일본 문화 보고서의 주요 문화 트렌드와 경제적 영향에 대한 차트(가로 막대형)에 대해 알려주세요,426.29931640625,905.236083984375,1729.813194467708,999.7395617555245
MI3_241101_TY1_1712_2_V02-3_1,일본 주요 문화 이벤트 참가자 분포 원형 차트에 대해 알려주세요,430.4429626464844,1872.344482421875,1706.6232423649892,910.7735702375206
MI3_241101_TY1_1718_1_V01_1,2021년 4월 청소년 교육 보고서의 표 2021년 4월 한국 청소년의 학습 환경 변화에 대해 알려주세요,400.3985900878906,2525.5654296875,1764.905752430079,424.95608252198116
MI3_241101_TY1_1718_2_V01_1,"학업 성취도와 스트레스, 2021년 4월 청소년 정신 건강 상태의 변화율에 대해 알려주세요.",387.3938903808594,2090.088623046875,1783.5055467688676,457.78764344542174
MI3_241101_TY1_1721_2_V01_1,급식 만족도 조사 결론 본문 차트에 대해 알려주세요,406.0047607421875,1497.6416015625,1774.7085346077063,426.91138248698053
MI3_241101_TY1_1747_2_V01_1,부서별 성과 및 향후 계획 본문 표에 대해 알려주세요,371.72467041015625,2594.095458984375,1871.3344974442568,479.44096721850235
MI3_241101_TY1_1747_3_V01_1,의 5. 결론 및 향후 전략에 대해 알려주세요,388.52947998046875,1022.9146728515625,1785.7998199505864,1251.0700254823032
MI3_241101_TY1_1801_2_V03_1,부서별 성과 및 향후 계획 차트에 대해 알려주세요,382.0204772949219,516.3426513671875,1885.922728093554,1702.3200974895703
MI3_241101_TY1_1801_3_V01_1,5.2 향후 전략 본문 차트에 대해 알려주세요,390.3211669921875,1095.38623046875,1784.7237122969073,1250.1424708080315
MI3_241101_TY1_1816_1_V03_1,2021년 6월 외국인 진학 관련 보고서 학문 경향 국제 학생 정책 개선 다이어그램에 대해 알려주세요,463.78228759765625,1035.6754150390625,1674.2228812539286,602.5301315730716
MI3_241101_TY1_1816_2_V01_1,3. 전공 분야별 진학 현황 표에 대해 알려주세요,397.4023742675781,598.9000244140625,1801.9841422648917,665.4431318594123
MI3_241101_TY1_1829_1_V01_1,2021년 6월 청장년 대출 현황 보고서 2. 대출 금액 변화 분석 표에 대해 알려주세요,371.7951354980469,2761.175537109375,1745.9091412581884,201.02129093398517
MI3_241101_TY1_1829_2_V01_1,2.2 대출 유형별 비중 본문 표에 대해 알려주세요,404.3084411621094,2594.73828125,1752.2343988709206,250.63460059905574
MI3_241101_TY1_1859_2_V01_1,3. 주요 결과 요약 본문 표에 대해 알려주세요,404.03216552734375,2477.149169921875,1749.4030777684568,294.3781157316852
MI3_241101_TY1_1880_2_V03_1,한국의 지역 재활성화 전략 다이어그램에 대해 알려주세요,442.96929931640625,2163.189453125,1671.5972141373634,637.3288960597308
MI3_241101_TY1_1880_3_V01_1,2.2 탄소 중립 및 친환경 정책 본문 표에 대해 알려주세요,425.9807434082031,808.7808227539062,1766.536506568988,249.78098925325244
MI3_241101_TY1_1907_4_V01_1,패션 트렌드 주요 요소 비중 (%) 차트에 대해 알려주세요,408.0546875,517.359130859375,1772.0299239983983,845.898884673536
MI3_241101_TY1_1917_3_V01_2,6. 표 본문 차트에 대해 알려주세요,403.21630859375,1883.2557373046875,1767.3419937328465,248.4325309558738
MI3_241101_TY1_1927_1_V01_1,2021년 8월 인사 보고서 부서별 연간 인원 필요 산출 차트(세로 막대형)에 대해 알려주세요,408.8964538574219,1405.5130615234375,1772.998152159925,487.1652444443427
MI3_241101_TY1_1927_2_V01_1,연간 인사 고과 평가와 총 우수 보통 개선 부서명 인 평가에 대해 알려주세요,411.0353698730469,584.3101806640625,1770.3847643868403,666.9908618990412
MI3_241101_TY1_1944_1_V01_1,2021년 8월 한국 문구류 수입 보고서 주요 수입 국가 차트(세로 막대형)에 대해 알려주세요,0.0,0.0,0.0,0.0
MI3_241101_TY1_1944_2_V02-3_1,4. 문구류 수입 품목별 비율에 대해 알려주세요,554.2145385742188,658.6766967773438,609.4475470965904,640.070847028946
MI3_241101_TY1_1985_2_V02-4_1,에너지소비 증가 꺾은선형에 대해 알려주세요,767.4236450195312,1456.1739501953125,969.4236622583703,822.1539326125536
MI3_241101_TY1_1998_2_V02-3_1,4. 문구류 수입 품목별 비율 차트(원형)에 대해 알려주세요,585.46337890625,685.1709594726562,1453.0876395003265,665.5698522465868
MI3_241101_TY1_2002_2_V01_1,2021년 9월 유아 제품 순위표 차트에 대해 알려주세요,444.004638671875,886.079833984375,1696.9043493089766,295.20973446587067
MI3_241101_TY1_2006_1_V01_1,2021년 9월 해외 관람객 한국 인기 지역 순위 보고서에 대해 알려주세요,392.5370178222656,2386.23193359375,1775.359851705005,492.64005016201037
MI3_241101_TY1_2008_2_V03_1,성과 분석 및 고객 서비스 개선에 대해 알려주세요,457.1583251953125,2501.748291015625,1623.4082726543727,336.7295000117117
MI3_241101_TY1_2008_3_V01_1,사업 구분 예산금액 주요 사용처에 대해 알려주세요,409.7602233886719,507.760009765625,1543.5588098645449,247.12570792608955
MI3_241101_TY1_2010_1_V01_1,2021년 9월 회사 유보금 관련 보고서 본문 표에 대해 알려주세요,416.29132080078125,2143.065673828125,1679.2153862386458,444.29760355723437
MI3_241101_TY1_2024_3_V02-3_1,제철 식재료 트렌드에 대해 알려주세요.,390.82818603515625,1625.70556640625,919.8785200541528,737.136870646267
MI3_241101_TY1_2026_2_V03_1,학대 피해 아동의 연령및성별분포 다이어그램에 대해 알려주세요,428.1371154785156,668.7821655273438,1698.2367763306424,472.42590822146883
MI3_241101_TY1_2030_1_V01_1,2021년 10월 연구 보고서 본문 표에 대해 알려주세요,447.4389343261719,2548.837890625,1572.1227285687803,298.2637048568831
MI3_241101_TY1_2030_2_V01_2,대조군 및 실험군 선정 차트에 대해 알려주세요,423.47833251953125,765.7911376953125,1768.4700621071845,295.0278077820166
MI3_241101_TY1_2030_3_V01_1,최종결론 및 권장 사항 A 기반 수요 예측 모델에 대해 알려주세요,347.3522644042969,2062.29736328125,1889.4017091564933,542.9707266967295
MI3_241101_TY1_2048_1_V01_1,2021년도 10월 퇴사인원 보고서의 본문과 관련하여 이 표에 대해 알려주세요,327.60498046875,760.1427001953125,1950.312028864469,812.6383999219714
MI3_241101_TY1_2048_2_V01_2,근속 기간에 따른 퇴사 사유 분석 차트(가로 막대형)에 대해 알려주세요,335.4190368652344,543.72119140625,1955.1038759820933,633.3180070531969
MI3_241101_TY1_2048_3_V01_1,개발부에서는 1명의 퇴사자가 발생한 이유와 영업부 및 인사부의 퇴사 원인에 대한 차트(세로 막대형)에 대해 알려주세요,305.95458984375,431.066162109375,1985.6701915134984,2575.5404049797994
MI3_241101_TY1_2048_4_V01_1,신입사원 적응 지원 프로그램과 경력 개발 방안에 대해 알려주세요,311.00970458984375,449.50555419921875,1970.9214251944713,2485.399463481882
MI3_241101_TY1_2060_1_V01_1,2021년 10월 해외 관람객 한국 인기 지역 순위 보고서에 대해 알려주세요,397.85321044921875,2455.966064453125,1769.8953843048098,456.2217756301076
MI3_241101_TY1_2087_2_V03_1,의료 교육과 정책 개선 필요성에 대한 다이어그램에 대해 알려주세요,439.9887390136719,643.6318969726562,1680.9433267252869,723.7973872137645
MI3_241101_TY1_2114_1_V03_1,2021년 11월 해외 관람객 한국 인기 지역 순위 보고서에 대해 알려주세요,447.4913635253906,1472.865234375,1677.6132678993772,436.194537142953
MI3_241101_TY1_2134_2_V03_1,아동학대 피해자 프로필 다이어그램에 대해 알려주세요,449.2809143066406,1826.041015625,1678.9227783235133,712.4314781034286
MI3_241101_TY1_2135_1_V01_1,2021년 12월 베스트셀러 목록 표에 대해 알려주세요,390.4511413574219,1328.421875,1784.9555037481546,822.6126310594519
MI3_241101_TY1_2155_2_V02-1_1,2021년 12월 기준 통신장비 시장의 매출 차트에 대해 알려주세요,408.9183349609375,1395.019775390625,1743.408185801549,708.7175629018946
MI3_241101_TY1_2168_1_V01_1,2021년 12월 해외 관람객 한국 인기 지역 순위 보고서 2. 해외 관람객 인기 지역 순위에 대해 알려주세요,390.59075927734375,2308.6396484375,1771.0858506159468,520.6611635674557
MI3_241101_TY1_2197_2_V01_1,제목에 관련된 기술 주요 특징 및 적용 분야 차트에 대해 알려주세요,414.9561767578125,545.7738037109375,1758.4315177029816,532.1254239463966
MI3_241101_TY1_2210_2_V01_1,부산 불꽃 축제에 대한 표에 대해 알려주세요,389.07098388671875,2363.286376953125,1785.0927293579532,548.6500559186218
MI3_241101_TY1_2220_2_V01_1,스마트 도시 기술에 대한 표에 대해 알려주세요,409.6909484863281,540.8322143554688,1775.5455427804884,662.287046755761
MI3_241101_TY1_2223_2_V01_1,기술 주요 특징 적용 분야 선수의 실시간 신체 데이터를 측정해 경기력 개선에 대한 차트(세로 막대형)에 대해 알려주세요,415.3899230957031,819.758544921875,1745.8635208548783,500.3571568857957
MI3_241101_TY1_2230_2_V01_1,여행 산업의 기술 주요 특징 적용 분야에 대해 알려주세요.,416.7911682128906,539.3487548828125,1756.6755920747948,689.6955899099557
MI3_241101_TY1_2243_1_V03_1,2021년 영화 속 인류와 환경: 다이어그램에 대해 알려주세요,420.6796569824219,2211.48876953125,1729.3549861771223,860.6559197892204
MI3_241101_TY1_2243_3_V01_1,영화 속 인류와 환경에 대한 경고의 강도를 비교한 차트에 대해 알려주세요.,0.0,0.0,0.0,0.0
MI3_241101_TY1_2251_2_V01_1,인천 펜타포트 락 페스티벌에 대한 표에 대해 알려주세요,386.12042236328125,2285.202880859375,1782.4842628419626,547.084914450359
MI3_241101_TY1_2259_2_V01_1,2. 분석 대상 클라우드 컴퓨팅 기술에 대해 알려주세요,406.6023254394531,543.8465576171875,1782.1381016479531,608.1177234689195
MI3_241101_TY1_2268_1_V01_1,2021년 한국 무선 이어폰 인기 순위 보고서 본론 표에 대해 알려주세요,394.3993835449219,1192.9139404296875,1785.2070293007127,645.1707109214744
MI3_241101_TY1_2269_1_V01_1,2021년 한국 무선 청소기 인기 순위 보고서 본론 표에 대해 알려주세요,401.0152282714844,1194.1685791015625,1768.3181140014283,644.8105754327281
MI3_241101_TY1_2270_1_V01_1,2021년 한국 블렌더 인기 순위 보고서 본론 차트에 대해 알려주세요,397.99163818359375,1117.673583984375,1779.4884518067513,647.6867289716463
MI3_241101_TY1_2271_1_V01_1,2021년 한국 블루투스 스피커 인기 순위 보고서 본론 차트(세로 막대형)에 대해 알려주세요,400.93853759765625,1341.015380859375,1763.444476591903,647.2465977207592
MI3_241101_TY1_2292_1_V01_1,2021년 한국 태블릿 인기 순위 보고서 본론 차트에 대해 알려주세요,393.4630126953125,1194.6912841796875,1787.563867514091,642.9594808388357
MI3_241101_TY1_2292_2_V02-3_1,2021년 한국 태블릿 시장에 대한 차트(원형)에 대해 알려주세요,0.0,0.0,0.0,0.0
MI3_241101_TY1_2331_1_V01_1,2022년 1월 청장년 대출 현황 보고서 표에 대해 알려주세요,335.0505676269531,2772.349365234375,1757.6925759657242,153.47192707520406
MI3_241101_TY1_2331_2_V02-3_1,대출 유형별 비중과 청장년 대출 비율 차트에 대해 알려주세요,378.8939208984375,2758.14501953125,1759.9930518258095,249.1828849903648
MI3_241101_TY1_2342_2_V03_1,안전성 중심 유아제품 시장에 대해 알려주세요,423.7417907714844,2434.27294921875,1679.7422342534471,287.81187691437015
MI3_241101_TY1_2364_1_V02-1_1,2022년 2월 수출 보고서 2. 수출 데이터 요약 차트(세로 막대형)에 대해 알려주세요,427.45343017578125,1710.119384765625,1709.4061715054895,788.6452279029353
MI3_241101_TY1_2364_2_V01_1,주요 수출 시장 및 품목 분석 차트에 대해 알려주세요,414.520751953125,890.5222778320312,1760.2284248295389,372.0877357504017
MI3_241101_TY1_2364_4_V02-3_1,주요 제품군 성과 표 차트(원형)에 대해 알려주세요,571.0744018554688,1110.454833984375,1474.1120872503664,888.1959132840967
MI3_241101_TY1_2364_5_V02-1_1,향후 계획 및 예상 성장률에 대한 예상 수출액과 성장률 차트(세로 막대형)에 대해 알려주세요.,475.8463439941406,1316.9632568359375,1614.4430355862535,849.8987846535425
MI3_241101_TY1_2389_2_V03_1,KCAL 과잉섭취 건강 영향 결핍 영향에 대한 다이어그램에 대해 알려주세요,469.87066650390625,670.3416748046875,1639.0217346946724,711.095461208267
MI3_241101_TY1_2395_1_V01_1,2022년 2월 한국 문구류 수입 보고서의 프리미엄 필기구 및 신학기 대비 학습용 친환경 문구류 소비자 선호 변화에 대해 알려주세요,0.0,0.0,0.0,0.0
MI3_241101_TY1_2395_2_V02-3_1,4. 문구류 수입 품목별 비율에 대해 알려주세요.,543.8896484375,736.00634765625,622.6072365687814,643.757406414525
MI3_241101_TY1_2399_2_V03_1,결론 다이어그램에 대해 알려주세요,449.7333068847656,2551.2021484375,1604.2923126878097,335.9683471528297
MI3_241101_TY1_2407_1_V02-1_1,2022년 2월 소비 항목별 지출 분석 차트(세로 막대형)에 대해 알려주세요,473.7612609863281,1526.89501953125,1580.9450440284181,726.7097682802442
MI3_241101_TY1_2407_2_V01_2,주차별 소비 경향에 대해 알려주세요,421.631591796875,619.3363037109375,1738.6766808180193,557.99509377877
MI3_241101_TY1_2410_1_V02-3_3,2022년 2월 출산 현황 개요에 대해 알려주세요,1304.36962890625,1671.1153564453125,853.6039376682075,553.8313430778041
MI3_241101_TY1_2415_2_V03_1,성과요약 향후 계획 마케팅에 대해 알려주세요,387.0195617675781,497.12164306640625,1874.9203464709005,1238.7224872409774
MI3_241101_TY1_2415_3_V01_1,주요 성과 표에 대해 알려주세요,426.4958801269531,729.384033203125,1695.3074684868527,391.65224030120663
MI3_241101_TY1_2419_1_V02-4_1,2022년 3월 안전 관리 예방활동의 개선 방안에 대해 알려주세요,409.0634765625,1073.0455322265625,1692.5718957244537,145.90309936527458
MI3_241101_TY1_2419_2_V03_1,4. 향후 대응 방안 다이어그램에 대해 알려주세요,459.56634521484375,2319.115478515625,1645.3161714177588,511.3713500965875
MI3_241101_TY1_2425_2_V01_1,3. 아동학대 유형별 발생 통계에 대해 알려주세요,438.6923828125,763.2830810546875,1665.6857832656374,360.58398535530023
MI3_241101_TY1_2428_1_V01_1,2022년 3월 여행지와 맛집 보고서 본론 표에 대해 알려주세요,341.9169006347656,1655.26806640625,1925.8442201800397,1164.324709462896
MI3_241101_TY1_2434_2_V02-4_1,제목에 대해 알려주세요. 차트(꺾은선형)에 대해 알려주세요.,589.482666015625,2175.2470703125,1348.7045294763707,711.1887522257175
MI3_241101_TY1_2453_2_V01_1,항목 세부 내용과 대형 베이커리 브랜드의 표에 대해 알려주세요,386.0328674316406,2134.82861328125,1780.7913085798637,816.7409940933136
MI3_241101_TY1_2466_1_V03_1,2022년 3월 회사 재무지표 보고서 2. 주요 재무 지표 사업 개요에 대해 알려주세요,462.8077392578125,932.8638916015625,1677.8232101456508,440.7561521076752
MI3_241101_TY1_2466_2_V01_2,영업활동 현금흐름 및 투자활동 현금흐름에 대한 표에 대해 알려주세요,453.11248779296875,1412.7314453125,1634.503490319654,247.20683821769825
MI3_241101_TY1_2469_1_V03_1,2022년 4월 2차전지 산업 심층 보고서의 차트 분석에 대해 알려주세요,428.4922180175781,2170.985107421875,1600.4032798540186,380.6238204428477
MI3_241101_TY1_2470_1_V01_1,2022년 4월 패션 유행 보고서 서론 하위 요소 설명에 대해 알려주세요,397.2701110839844,2508.794921875,1752.4295483790022,335.96126743831366
MI3_241101_TY1_2470_2_V01_1,2022년 4월 패션의 비비드 컬러에 대한 표에 대해 알려주세요,422.1925964355469,1328.364013671875,1767.532370090192,276.3344604530083
MI3_241101_TY1_2478_1_V02-2_1,2022년 4월 수출 보고서 2. 수출 데이터 요약 차트(가로 막대형)에 대해 알려주세요,451.2319030761719,1641.83349609375,1666.9735083360247,956.9655914148045
MI3_241101_TY1_2478_2_V02-1_1,3. 주요 수출 시장 및 품목 분석 차트(영역형)에 대해 알려주세요,414.3170166015625,1425.0634765625,1734.156218628606,786.2594108555215
MI3_241101_TY1_2478_4_V02-1_1,"전자제품과 자동차 부품은 회사의 핵심 성장 동력으로서, 향후에도 지속적인 성장이 기대된다는 내용이 담긴 차트(세로 막대형)에 대해 알려주세요.",413.0085144042969,1840.8984375,1734.9654912710366,713.0041688769336
MI3_241101_TY1_2481_3_V01_2,보고서의 결론 부분에서 표 2. 2022년 4월 주요 국가별 식품안전 관련 정책 변화에 대해 알려주세요,406.386474609375,1831.0692138671875,1761.591709155063,248.37819968408695
MI3_241101_TY1_2489_1_V01_1,외국인 한국 의료보험 이용 보고서 2. 이용현황 표에 대해 알려주세요,381.7604675292969,2277.599365234375,1803.6954374586894,635.9515028657564
MI3_241101_TY1_2499_2_V03_1,지역 혁신 성장 전략에 대한 다이어그램에 대해 알려주세요.,492.89263916015625,2064.395751953125,1389.2048820604798,656.2416197610884
MI3_241101_TY1_2499_3_V03_1,균형 잡힌 정책 인구 감소 지역 불균형 다이어그램에 대해 알려주세요,466.72320556640625,1739.3665771484375,1065.0426945200195,627.2161847304255
MI3_241101_TY1_2515_1_V02-2_1,2022년 4월 한국인 건강 보고서의 상세 분석과 차트(가로 막대형)에 대해 알려주세요,409.50433349609375,1281.947998046875,1727.3217855850398,472.4823541584983
MI3_241101_TY1_2521_1_V02-1_1,2022년 4월 회사 소비 보고서의 소비 항목별 지출 분석 차트(세로 막대형)에 대해 알려주세요,495.2281494140625,1859.3814697265625,1513.2565873671513,725.2082731126335
MI3_241101_TY1_2521_2_V01_1,부서별 지출 내역 표에 대해 알려주세요,451.8754577636719,619.2195434570312,1619.067085654872,555.9912631115984
MI3_241101_TY1_2521_3_V02-2_1,4. 소비 항목별 변화 분석 차트(가로 막대형)에 대해 알려주세요,0.0,0.0,0.0,0.0
MI3_241101_TY1_2523_1_V03_1,2022년 4월 회사 재무지표 보고서 1. 사업 개요 다이어그램에 대해 알려주세요,472.05419921875,915.5778198242188,1644.9009115702754,531.0338798545001
MI3_241101_TY1_2523_2_V01_1,부채비율 현황 및 관련 통계에 대해 알려주세요.,441.02392578125,549.2864990234375,1428.6392848107953,247.30898609164703
MI3_241101_TY1_2535_1_V02-2_1,2022년 5월 수출 보고서 1. 요약 5월 수출 실적 요약표 차트(가로 막대형)에 대해 알려주세요,445.4683837890625,1712.5400390625,1678.328576866515,895.1302267886418
MI3_241101_TY1_2535_2_V01_1,3. 주요 수출 시장 및 품목 분석에 대해 알려주세요,410.1982727050781,996.7206420898438,1768.2248761483543,470.4594800658114
MI3_241101_TY1_2535_4_V02-2_1,6. 결론 및 향후 계획 관련 차트(가로 막대형)에 대해 알려주세요,413.6658020019531,1931.2484130859375,1736.2754229078282,718.2244604015872
MI3_241101_TY1_2544_1_V03_1,5월 주요 영화 및 관람객 수 비교에 대해 알려주세요,423.32958984375,2111.212646484375,1703.211086287545,523.9460149022681
MI3_241101_TY1_2546_1_V03_1,외국인 한국 의료보험 이용 보고서의 다이어그램에 대해 알려주세요,503.66229248046875,883.8790893554688,1505.688467037699,501.9186839869892
MI3_241101_TY1_2546_2_V02-1_1,2.1 세부 이용 현황 국가에서 외국인 차트(세로 막대형)에 대해 알려주세요,0.0,0.0,0.0,0.0
MI3_241101_TY1_2549_1_V01_1,2022년 5월 인사 보고서 부서별 연간 인원 필요 산출에 대해 알려주세요,408.69244384765625,1405.59912109375,1773.4870644260063,487.3289768692067
MI3_241101_TY1_2549_2_V02-2_1,실행 계획 및 채용 전략 본문 차트(가로 막대형)에 대해 알려주세요,421.2176818847656,1262.0467529296875,1721.6869784323217,764.9761051555868
MI3_241101_TY1_2560_2_V01_1,영양소 권장 섭취량과 급식 제공량 표에 대해 알려주세요,413.8177795410156,1368.52294921875,1768.0086027293212,427.45415044495996
MI3_241101_TY1_2586_2_V01_1,부서별 인력 배치 배치 현황 표에 대해 알려주세요,344.6663513183594,2086.4921875,1882.775583163127,659.5075301172692
MI3_241101_TY1_2586_3_V01_2,2023년 전략에 대해 알려주세요.,426.4958801269531,729.384033203125,1695.3074684868527,391.65224030120663
MI3_241101_TY1_2598_2_V02-2_1,주요 통계 앱 결론 차트(가로 막대형)에 대해 알려주세요,435.7850646972656,646.0326538085938,1702.339642945757,692.9064119985052
MI3_241101_TY1_2613_2_V01_1,재정 운영 정책 차트에 대해 알려주세요,421.96600341796875,811.3695678710938,1767.86963129031,296.319120281651
MI3_241101_TY1_2613_3_V01_1,"지자체 탄소 중립 목표 연도 대중교통 확충, 녹색 건축물 확산 차트에 대해 알려주세요",365.93841552734375,509.62225341796875,1764.4701040460684,249.39667727431254
MI3_241101_TY1_2643_3_V01_2,2023년 향후 전략에 대한 표에 대해 알려주세요,426.4958801269531,729.384033203125,1695.3074684868527,391.65224030120663
MI3_241101_TY1_2653_2_V01_1,아동학대 유형별 발생 통계 차트에 대해 알려주세요,435.1688232421875,768.4935302734375,1663.8411895347242,490.8976489570456
MI3_241101_TY1_2698_1_V03_1,2022년 8월 패션 유행 보고서 서론 트랜지셔널 니트 어스톤 컬러 레이어드 악세사리에 대해 알려주세요,455.2449035644531,996.117431640625,1541.0378405528957,151.84988311998995
MI3_241101_TY1_2698_2_V01_2,레이어드 악세서리와 관련된 하위 요소 설명 비중 (%)에 대해 알려주세요,425.21405029296875,875.6864624023438,1751.4499821005563,184.01740359419907
MI3_241101_TY1_2733_1_V02-2_1,2022년도 8월 퇴사인원 보고서 서론 과장급 대리급 사원급 차트(가로 막대형)에 대해 알려주세요,401.7431945800781,1851.3546142578125,1758.2984026884465,609.8290612651713
MI3_241101_TY1_2733_5_V01_1,2022년 8월 퇴사 인원 분석 결과에 대해 알려주세요,331.75811767578125,495.1525573730469,1955.031235777915,635.0649205683764
MI3_241101_TY1_2766_2_V01_1,3. 아동학대 유형별 발생 통계 본문 표에 대해 알려주세요,424.32196044921875,739.3768310546875,1709.9640745977956,376.64322195853185
MI3_241101_TY1_2773_1_V01_1,외국인 한국 의료보험 이용 보고서의 2. 이용현황 일반진료 비율에 대해 알려주세요,408.8194885253906,2275.7529296875,1723.0477969734256,568.8641477612704
MI3_241101_TY1_2773_2_V03_1,의료접근성에 대해 알려주세요,0.0,0.0,0.0,0.0
MI3_241101_TY1_2776_1_V02-1_1,2022년 인사 보고서 3. 연간 인사 고과 평가 차트(세로 막대형)에 대해 알려주세요,439.7076721191406,2521.533447265625,1432.5010978971948,516.0173093107369
MI3_241101_TY1_2776_2_V01_1,4. 실행 계획 및 채용 전략에 대해 알려주세요,403.40191650390625,530.1461181640625,1774.011642887143,907.8143896075122
MI3_241101_TY1_2807_1_V02-2_1,2022년 9월 회사 출산 및 휴가 보고서 2022년 9월 출산 현황 분석 여성 출산 휴가 사용 남성 출산 휴가 사용에 대해 알려주세요,421.4117431640625,2445.312744140625,1706.1152048341946,376.91951334622007
MI3_241101_TY1_2825_1_V01_1,2022년 10월 여행지와 맛집 보고서 본론 차트에 대해 알려주세요,343.4310607910156,1662.1932373046875,1931.6261848881168,1226.9083239445017
MI3_241101_TY1_2826_1_V03_1,실험 절차 및 방법론 다이어그램에 대해 알려주세요,419.3791809082031,900.012451171875,1809.495449410412,1026.806379358094
MI3_241101_TY1_2826_2_V03_1,대조군 및 실험군 선정 다이어그램에 대해 알려주세요,481.6097412109375,1707.1827392578125,1416.4414178592908,482.99388710605655
MI3_241101_TY1_2832_1_V01_1,2022년 10월 인터넷 속도 상세 분석 보고서의 주요 인터넷 속도 지표 다이어그램에 대해 알려주세요,491.0157775878906,1092.76220703125,1492.996426803571,287.17649272301264
MI3_241101_TY1_2841_1_V01_1,2022년 10월 청장년 대출 현황 보고서의 본문과 연도별 대출 금액에 대한 표에 대해 알려주세요,312.695556640625,2828.988037109375,1760.8407997569102,155.1941626048711
MI3_241101_TY1_2841_2_V03_1,2.2 대출 유형별 비중에 대해 알려주세요.,478.96575927734375,870.2739868164062,1622.3610056501689,1014.4331660353344
MI3_241101_TY1_2886_1_V02-1_1,2022년 11월 인사 보고서 2. 부서별 연간 인원 필요 산출 차트(가로 막대형)에 대해 알려주세요,423.2378845214844,2091.01953125,1709.347795537944,731.0302114272233
MI3_241101_TY1_2886_2_V01_1,연간 인사 고과 평가에 대해 알려주세요.,410.587158203125,584.5407104492188,1771.2428173818637,665.2872147242622
MI3_241101_TY1_2886_3_V01_1,채용 목표 교육 및 훈련 프로그램 표에 대해 알려주세요,393.1202392578125,1728.9866943359375,1771.8525160907461,771.9527819710428
MI3_241101_TY1_2887_1_V02-2_1,한국의 브로드밴드 속도와 글로벌 평균에 대한 차트에 대해 알려주세요.,484.8373718261719,1943.520263671875,1540.0924359580547,686.0674502466658
MI3_241101_TY1_2896_1_V01_1,2022년 11월 청장년 대출 현황 보고서 연도 대출 금액 변화 분석 표에 대해 알려주세요,312.42022705078125,2829.185302734375,1761.7299544302055,155.30862527764708
MI3_241101_TY1_2896_2_V01_1,3. 연령대별 평균 대출 금액에 대해 알려주세요,370.6455383300781,2774.093017578125,1752.128229907281,250.0021548829374
MI3_241101_TY1_2899_1_V02-2_1,2022년도 11월 퇴사인원 보고서 직급별 퇴사 인원 현황 차트(가로 막대형)에 대해 알려주세요,341.9765625,1878.77880859375,1925.5468020379685,459.8381638917356
MI3_241101_TY1_2899_2_V02-1_1,근속 기간에 따른 퇴사율 현황 차트(세로 막대형)에 대해 알려주세요,394.181640625,618.1273193359375,1804.1723532376152,787.4280976115361
MI3_241101_TY1_2899_3_V01_1,부서별 현황 표에 대해 알려주세요,313.4271240234375,1112.9715576171875,1912.4134980732506,1981.9000732151098
MI3_241101_TY1_2899_4_V01_2,퇴사 원인 분석 에 대해 알려주세요,322.0640563964844,2263.975830078125,1935.6918849224421,740.8097059119267
MI3_241101_TY1_2909_1_V02-3_1,2022년 한국 건강 지표 차트(원형)에 대해 알려주세요,408.73486328125,1283.2825927734375,1728.2317144385813,467.46024479682865
MI3_241101_TY1_2915_1_V01_1,2022년 11월 회사 유보금 관련 보고서 본문 표에 대해 알려주세요,430.2952575683594,2457.021484375,1668.3205160577716,444.0102485524207
MI3_241101_TY1_2922_2_V03_1,성과요약 향후 계획 마케팅 부 2억 원 매출과 관련된 다이어그램에 대해 알려주세요.,387.1336364746094,496.9887390136719,1874.510884191035,1239.0326853976253
MI3_241101_TY1_2922_3_V01_1,주요 성과와 관련된 표에 대해 알려주세요,426.4958801269531,729.384033203125,1695.3074684868527,391.65224030120663
MI3_241101_TY1_2953_1_V02-2_1,2022년도 12월 퇴사인원 보고서 직급별 퇴사 인원 현황 차트(가로 막대형)에 대해 알려주세요,354.07781982421875,2458.373291015625,1899.2884417969035,628.6631222593301
MI3_241101_TY1_2953_2_V01_1,근속 기간 중 직원들의 퇴사 원인 본문에 대해 알려주세요,323.1665954589844,1442.497314453125,1937.5952595946057,1636.439139532332
MI3_241101_TY1_2953_3_V01_1,부서별 현황과 부서별 분석에 대해 알려주세요,315.44000244140625,1183.31005859375,1915.8783092596063,1915.1415604597544
MI3_241101_TY1_2953_4_V01_1,신입 직원들의 조직 적응을 돕기 위해 온보딩 프로그램과 관련된 시각요소에 대해 알려주세요,316.8848571777344,465.4898681640625,1948.4594778054209,1867.2823291307302
MI3_241101_TY1_2953_5_V01_1,2022년 1월~12월 퇴사 인원 통계의 월 퇴사 인원에 대해 알려주세요,307.76287841796875,545.2683715820312,1966.1237014130866,1792.5213353156953
MI3_241101_TY1_2968_1_V02-1_1,2022년 12월 소비 항목별 지출 내역 차트(세로 막대형)에 대해 알려주세요,476.9879455566406,2103.55908203125,1566.1168858054084,727.9540532121054
MI3_241101_TY1_2968_2_V01_2,주차별 소비 경향에 대해 알려주세요,387.8731994628906,2293.922119140625,1784.1431584601169,479.8290649882781
MI3_241101_TY1_2968_3_V02-1_1,4. 소비 항목 비교 분석 차트(세로 막대형)에 대해 알려주세요,0.0,0.0,0.0,0.0
MI3_241101_TY1_2973_2_V01_1,2022년 강릉 단오제의 주요 성과와 경제적 효과에 대해 알려주세요,388.67138671875,2713.430419921875,1769.83666151273,292.9607670539665
MI3_241101_TY1_2976_1_V01_3,개인정보 보호 및 보안 리스크 개인 정보 보호법의 최신 동향과 적용 방법에 대해 알려주세요,315.6114196777344,819.6669311523438,1962.0504772262452,180.60024652481388
MI3_241101_TY1_2978_1_V01_2,2022년 교육결과보고서 2. 교육개요에 대해 알려주세요,315.7159423828125,819.5645141601562,1961.988237433014,180.81732801789363
MI3_241101_TY1_2983_1_V01_3,2022년 교육결과보고서 교육내용 차트(가로 막대형)에 대해 알려주세요,316.1824951171875,819.409912109375,1962.0440905857652,181.57143901545413
MI3_241101_TY1_2999_3_V01_1,2022년 서울 빛초롱 축제의 주요 성과를 정리한 표에 대해 알려주세요.,412.3789367675781,1112.4615478515625,1776.0135998515316,393.78963161630185
MI3_241101_TY1_3001_2_V03_1,지역 상권 경제적 효과에 대해 알려주세요,450.9248352050781,1044.1953125,1703.7582882776178,729.3983917877911
MI3_241101_TY1_3014_1_V01_1,2022년 영화 속 시각적 효과 평가 기준에 대해 알려주세요,405.6215515136719,1585.57666015625,1768.50169536413,428.18680389724085
MI3_241101_TY1_3014_2_V01_1,영화 제목 시각적 효과의 주요 역할 효과에 대해 알려주세요,375.8481140136719,509.5879211425781,1766.697804964862,295.75566320158293
MI3_241101_TY1_3014_3_V03_1,와칸다의 세계관 확장 다이어그램에 대해 알려주세요,439.22430419921875,583.447021484375,1718.065250020139,665.8125620091906
MI3_241101_TY1_3018_1_V01_1,2022년 영화 속 애니메이션 기술의 발전과 영향에 대해 알려주세요,404.12335205078125,1355.787109375,1756.5791147422044,626.93370499025
MI3_241101_TY1_3018_2_V01_1,영화 제목 애니메이션 기술의 주요 특징 효과에 대해 알려주세요,397.9197998046875,562.0398559570312,1770.8010701347428,358.16816799503954
MI3_241101_TY1_3024_1_V01_1,2022년 영화 속 인간과 자연의 관계 묘사에 대한 표에 대해 알려주세요,408.426513671875,1510.489990234375,1768.819946512422,419.75116848528506
MI3_241101_TY1_3024_2_V01_1,3. 인간과 자연의 관계 묘사와 효과 비교에 대해 알려주세요,397.12957763671875,551.3001708984375,1774.4487953412254,452.74442198848726
MI3_241101_TY1_3031_2_V03_1,2022년 이천 도자기 축제의 지역 상권 경제적 효과 다이어그램에 대해 알려주세요.,489.5643310546875,1042.4915771484375,1545.300112989207,639.6704225228565
MI3_241101_TY1_3059_1_V01_2,2023년 1월 산업재해 주요 원인 분석과 관련된 표에 대해 알려주세요,410.6310729980469,2543.944580078125,1017.4696064439669,245.96077668823332
MI3_241101_TY1_3059_2_V01_1,2023년 1월 산업재해 예방 노력 및 성과에 대해 알려주세요,392.6910400390625,667.5472412109375,1798.8988002853644,460.6362977703933
MI3_241101_TY1_3062_2_V01_1,3. 주요 결과 요약 통계 표에 대해 알려주세요,417.50506591796875,1207.4918212890625,1770.201000610238,360.37844935387244
MI3_241101_TY1_3070_1_V01_1,2023년 1월 연구 보고서 연구 주제: 스마트 시티 인프라 구축의 효과 분석 표에 대해 알려주세요,443.39312744140625,2637.16552734375,1584.0910945867683,335.3111284792968
MI3_241101_TY1_3070_2_V03_2,스마트 시티 인프라 도입 효과 평가 기준 다이어그램에 대해 알려주세요,467.1640930175781,1973.27099609375,1420.047638306049,398.4453131806269
MI3_241101_TY1_3104_1_V01_1,2023년 회사 유보금 관련 보고서의 표에 대해 알려주세요.,416.19146728515625,2143.062255859375,1679.4353992481856,443.9741756344694
MI3_241101_TY1_3116_1_V01_1,2023년 2월 생태계 물고기 보고서 본문 표에 대해 알려주세요,393.5805969238281,1851.6522216796875,1783.3649494739411,1038.5262246376792
MI3_241101_TY1_3116_2_V01_1,물고기 개체 수 감소의 원인 분석과 관련하여 표에 대해 알려주세요,0.0,0.0,0.0,0.0
MI3_241101_TY1_3126_1_V01_1,"연구 목표 및 가설에 대한 내용과 문헌 검토, 실험 방법론 차트에 대해 알려주세요",443.2003173828125,2637.320556640625,1583.9288589819464,334.9627701806462
MI3_241101_TY1_3126_2_V01_1,연구 계획 및 자원 확보에 대한 표에 대해 알려주세요,421.9740905761719,991.85888671875,1772.8623637832814,323.5180915551471
MI3_241101_TY1_3126_3_V01_1,본 연구의 결과에 대해 알려주세요,0.0,0.0,0.0,0.0
MI3_241101_TY1_3141_1_V01_1,2023년 2월 청장년 대출 현황 보고서 본문 표에 대해 알려주세요,362.0760498046875,2779.409912109375,1748.8785047137096,199.5654471518417
MI3_241101_TY1_3141_2_V01_1,연령대 평균 대출 금액 및 상환 부담에 대해 알려주세요,312.7745666503906,2863.4248046875,1758.759945410354,207.43239211500412
MI3_241101_TY1_3141_3_V03_1,2023년 기준 대출 상담 프로그램 확대와 관련된 다이어그램에 대해 알려주세요,449.78863525390625,1510.8255615234375,1696.4858960006081,665.8174746502236
MI3_241101_TY1_3164_1_V03_1,2023년 3차전지 산업 심층 보고서의 2차전지 산업의 성장에 대해 알려주세요,450.6360778808594,1261.5714111328125,1691.9072946824274,492.16093847929636
MI3_241101_TY1_3164_2_V03_1,기술 발전 및 주요 이슈에 대한 다이어그램에 대해 알려주세요,0.0,0.0,0.0,0.0
MI3_241101_TY1_3164_3_V01_1,기술 분야 주요 특징 기대 효과 차트에 대해 알려주세요,459.3231201171875,905.0446166992188,1657.7472287559415,200.61269924984364
MI3_241101_TY1_3165_1_V01_1,2023년 3월 패션 유행 보고서의 하위 요소 설명 비중에 대해 알려주세요,393.6453552246094,2241.41162109375,1762.2872424442096,434.87144141564255
MI3_241101_TY1_3165_2_V02-3_1,유틸리티패션 차트(원형)에 대해 알려주세요,701.8560791015625,1315.6859130859375,620.9652954182645,591.4685880023533
MI3_241101_TY1_3165_3_V01_2,플로럴 패턴과 관련된 아이템에 대해 알려주세요,427.55419921875,862.2576904296875,1768.5972079120722,232.2970865121058
MI3_241101_TY1_3174_1_V02-1_1,2023년 3월 수출 보고서 2. 수출 데이터 요약 차트(세로 막대형)에 대해 알려주세요,1284.31494140625,1706.99658203125,845.4089155269347,507.45233733698007
MI3_241101_TY1_3174_2_V02-8_1,수출액 변화에 대한 차트(혼합형)에 대해 알려주세요,370.833740234375,520.1389770507812,890.4457332611014,714.482971841438
MI3_241101_TY1_3174_3_V02-1_1,5. 주요 제품군 성과 분석 차트(세로 막대형)에 대해 알려주세요,457.89239501953125,1248.5325927734375,1650.9068684617364,881.2045623128264
MI3_241101_TY1_3176_3_V02-3_1,2023년 3월 결론과 향후 전망에 대해 알려주세요,434.6702575683594,1266.990478515625,1709.7400377497434,973.5345817226904
MI3_241101_TY1_3241_1_V01_1,외국인 한국 의료보험 이용 보고서 2. 이용현황 차트에 대해 알려주세요,388.5377197265625,2066.0947265625,1773.8679629663902,638.9596785884198
MI3_241101_TY1_3241_2_V03_1,3. 정책 개선 필요성 3. 정책 개선 필요성에 대해 알려주세요,440.8601989746094,701.4664306640625,1644.8258381976318,549.4105023213745
MI3_241101_TY1_3251_1_V01_1,4월 청소년 교육 보고서 1. 2023년 4월 한국 청소년 교육 환경 분석 표에 대해 알려주세요,394.4598388671875,2386.757080078125,1772.03595394294,449.23121100449794
MI3_241101_TY1_3251_2_V01_1,학업 성취도와 스트레스에 대한 표 2023년 4월 청소년의 정신 건강 상태 변화율에 대해 알려주세요,389.5427551269531,2129.30615234375,1769.784369031159,388.3786311420759
MI3_241101_TY1_3254_2_V01_1,전반적인 건강에 기여하는 요인 영양소 권장 섭취량과 급식 제공량에 대해 알려주세요,408.0926208496094,1509.0025634765625,1768.5548406236712,424.07106000377576
MI3_241101_TY1_3255_2_V02-4_1,3. 매출 분석 4. 주요 기업 분석 R&D 투자 꺾은선형 차트에 대해 알려주세요,433.41229248046875,645.6544799804688,1705.7457314353003,730.8319307619756
MI3_241101_TY1_3256_1_V02-2_1,2023년도 4월 퇴사인원 보고서 직급별 퇴사 인원 현황 차트(가로 막대형)에 대해 알려주세요,343.9946594238281,1750.5618896484375,1915.8799059237338,562.9851015016745
MI3_241101_TY1_3256_2_V02-1_1,부서별 현황을 나타내는 차트에 대해 알려주세요,529.5093994140625,2078.884765625,1526.226984976008,590.6447578175382
MI3_241101_TY1_3256_3_V01_2,2023년 4월 동안 직원 퇴사 현황을 보여주는 차트에 대해 알려주세요,317.0946960449219,471.9307556152344,1941.952079628334,1750.2337740824958
MI3_241101_TY1_3272_1_V01_1,2023년 4월 회사 유보금 관련 보고서 본론 표에 대해 알려주세요,416.1642761230469,2143.031982421875,1679.5273661989222,444.0354968227824
MI3_241101_TY1_3276_1_V01_1,2023년 5월 2차전지 산업 심층 보고서 2. 시장 현황 및 전망 전기차 및 에너지 저장 시스템 관련 데이터에 대해 알려주세요,425.5772399902344,2489.932373046875,1679.9727643924066,248.37817513027895
MI3_241101_TY1_3276_2_V01_1,배터리 기술 발전 및 주요 이슈에 대해 알려주세요,420.7332763671875,2476.605224609375,1660.6884449998636,197.25329592169084
MI3_241101_TY1_3283_1_V01_1,2023년 5월 산업재해 발생 현황 본문 표에 대해 알려주세요,406.221435546875,2615.52294921875,1019.3070803306626,245.6899101632831
MI3_241101_TY1_3283_2_V03_1,2023년 5월 산업재해 대응 방안에 대해 알려주세요,421.05059814453125,811.3585205078125,1756.1368343098693,331.96078129013773
MI3_241101_TY1_3291_1_V02-2_1,2023년 5월 아이들 베스트셀러 보고서 2023년 5월 베스트셀러 책 판매 수 차트(가로 막대형)에 대해 알려주세요,427.3202819824219,2234.47509765625,1702.4367539173645,751.5546619931876
MI3_241101_TY1_3291_2_V01_1,2023년 5월 베스트셀러 목록에 대해 알려주세요,0.0,0.0,0.0,0.0
MI3_241101_TY1_3293_1_V01_1,2023년 5월 여행지와 맛집 보고서 본론 차트에 대해 알려주세요,346.8416748046875,1665.7161865234375,1932.409217303107,1292.938517175785
MI3_241101_TY1_3293_2_V02-3_1,파리 뉴욕 로마 도쿄 두바이 차트(원형)에 대해 알려주세요,0.0,0.0,0.0,0.0
MI3_241101_TY1_3293_3_V03_1,"2. 뉴욕, 미국에 대해 알려주세요",486.7041015625,2463.409912109375,1616.2905919799964,590.5614981744767
MI3_241101_TY1_3293_6_V01_1,뉴욕과 도쿄의 미식 문화 비교에 대한 차트(세로 막대형)에 대해 알려주세요,0.0,0.0,0.0,0.0
MI3_241101_TY1_3295_1_V01_1,2023년 5월 영화 관람객 수 분석 보고서에서 관람객 전월 대비 월 주요 영화 제목과 증감률에 대해 알려주세요,422.975830078125,1319.4388427734375,1766.836134048113,236.05172567010723
MI3_241101_TY1_3347_1_V02-2_1,2023년 6월 아이들 베스트셀러 보고서 2. 2023년 6월 베스트셀러 책 판매 수 차트(가로 막대형)에 대해 알려주세요,430.6257629394531,2245.332763671875,1693.828040428605,748.1749730707148
MI3_241101_TY1_3349_2_V02-2_1,2023년 관람객 수에 대한 차트(가로 막대형)에 대해 알려주세요,420.7840270996094,2104.394775390625,1719.5328302957505,750.1115228999457
MI3_241101_TY1_3352_1_V01_1,2023년 6월 외국인 진학 관련 보고서 2. 출신 국가별 진학 현황 차트(세로 막대형)에 대해 알려주세요,374.37445068359375,2019.0892333984375,1811.4471130535335,673.2498725210486
MI3_241101_TY1_3352_2_V03_1,주요 분석: 다이어그램에 대해 알려주세요.,457.2364196777344,1822.193603515625,1656.5216344370049,544.0117682627822
MI3_241101_TY1_3356_1_V02-2_1,고정 브로드밴드 속도 개선에 대한 차트(가로 막대형)에 대해 알려주세요,432.38690185546875,1926.9840087890625,1692.579153912658,533.2148379096571
MI3_241101_TY1_3364_1_V01_1,2023년 6월 대출 보고서의 개요와 대출 의존도 차트에 대해 알려주세요,313.136474609375,2862.885986328125,1756.6188716781812,204.62951970223696
MI3_241101_TY1_3364_2_V01_1,3.2 연령대별 대출 상환 부담에 대해 알려주세요,368.1474609375,2776.576416015625,1756.3469668519967,250.32981623390606
MI3_241101_TY1_3371_2_V02-3_1,4. 문구류 수입 품목별 비율 차트(원형)에 대해 알려주세요,454.2672424316406,766.0340576171875,1684.7239282055546,928.173431707277
MI3_241101_TY1_3388_1_V03_1,2023년 7월 2차전지 산업 심층 보고서 2차전지 산업 서에 대해 알려주세요,453.2166748046875,1164.5748291015625,1701.5818853465858,439.0042087257402
MI3_241101_TY1_3388_2_V01_1,기술 발전 및 주요 이슈 결론 및 향후 전망 차트에 대해 알려주세요,418.1689147949219,2200.906494140625,1694.051559340375,199.6968179621226
MI3_241101_TY1_3396_1_V01_1,2023년 7월 생태계 물고기 주요 개체 수 변화 분석 표에 대해 알려주세요,354.302978515625,1399.732421875,1910.4345988491295,1526.5434743810615
MI3_241101_TY1_3410_1_V02-1_1,2023년 7월 인사 보고서 차트(세로 막대형)에 대해 알려주세요,472.8626708984375,2088.410888671875,1575.474010704062,735.5562781337811
MI3_241101_TY1_3410_2_V01_1,3. 연간 인사 고과 평가에 대해 알려주세요,410.5230712890625,584.4812622070312,1771.4485552020965,666.8423472996477
MI3_241101_TY1_3433_1_V01_1,2023년 7월 해외 관람객 한국 인기 지역 순위 보고서에서 주요 관광 명소와 해외 관람객 수 추정치에 대해 알려주세요,382.41766357421875,2310.18798828125,1797.1201242355173,530.102961224338
MI3_240725_TY2_0020_1_V02-4_1,희귀질환자 의료비 지원사업 차트(꺾은선형)에 대해 알려주세요,482.0771789550781,2503.686767578125,1475.8439406423604,556.6621708295411
MI3_240725_TY2_0020_2_V01_1,지원항목 지원 금액 지원대상 차트(세로 막대형)에 대해 알려주세요,370.1974792480469,1139.509521484375,1888.4683301279624,398.5718261720252
MI3_240725_TY2_0020_3_V01_1,붙임1 희귀질환자 의료비지원사업 개요에서 다루어진 통계 데이터에 대해 알려주세요,341.8763427734375,2579.705810546875,1941.0189137161665,561.7916416537781
MI3_240725_TY2_0020_4_V01_1,상병코드 지원대상 질환명 비고에 대해 알려주세요,401.25811767578125,2383.620361328125,1777.9418785856274,705.0912523707647
MI3_240725_TY2_0034_2_V01_1,분야 시사점 및 모범사례 차트에 대해 알려주세요,306.7528991699219,537.1788940429688,1971.301004071203,1699.0814043822363
MI3_240725_TY2_0039_1_V02-1_1,일본 STSS 환자 발생현황 차트(세로 막대형)에 대해 알려주세요,1285.3118896484375,571.3134155273438,944.1897756166094,594.540008060135
MI3_240725_TY2_0039_2_V02-8_1,최근 7년간 주별 국내 성홍일 환자 발생 추이 차트(혼합형)에 대해 알려주세요,229.19378662109375,2685.41943359375,1935.6260166452273,347.5363840012484
MI3_240725_TY2_0039_4_V01_1,T04 에 대해 알려주세요,333.14776611328125,1745.6484375,1948.4090910456314,573.7401858696816
MI3_240725_TY2_0053_1_V01_2,담당 부서 정보 표에 대해 알려주세요,348.4884948730469,2161.76123046875,1872.2449518682574,326.17985855524574
MI3_240725_TY2_0053_2_V01_1,참고 1 국가관리 대상 희귀질환 지정 세부절차 및 일정에 대해 알려주세요,0.0,0.0,0.0,0.0
MI3_240725_TY2_0053_3_V01_2,당해연도 지정심의 지정 미지정 익년도 1년 후 재심의(10) 재신청 차트(가로 막대형)에 대해 알려주세요,0.0,0.0,0.0,0.0
MI3_240725_TY2_0076_1_V02-8_1,재원중 위중증 환자 및 사망자 발생 현황 차트(혼합형)에 대해 알려주세요,354.1846008300781,2167.89599609375,1870.011518255989,528.9148470806964
MI3_240725_TY2_0076_2_V02-8_1,주간 위중증 환자 및 사망자 발생 현황 차트(혼합형)에 대해 알려주세요,351.2357177734375,521.6506958007812,1882.7879524914595,719.1195685052533
MI3_240725_TY2_0076_4_V02-4_1,병상가동률 차트(꺾은선형)에 대해 알려주세요,1263.2958984375,1155.3538818359375,969.1708571534731,541.2882842155666
MI3_240725_TY2_0086_2_V01_1,2023년 우리나라 이상기후에 의한 피해 현황과 관련된 차트(표)에 대해 알려주세요,291.8002624511719,442.5742492675781,2007.7703059795426,2655.918709273993
MI3_240725_TY2_0086_3_V01_1,2023년 이상저온 이상고온 발생여부 차트(세로 막대형)에 대해 알려주세요,305.3896179199219,415.90411376953125,1985.2692945954768,2638.5186929329207
MI3_240725_TY2_0086_4_V01_1,최근 10년간 해수면온도 순위에 대해 알려주세요,305.1546325683594,596.2174072265625,1969.4754810295265,1413.2607866611104
MI3_240725_TY2_0086_5_V01_1,구분 주요 내용 보고서 개요 에 대해 알려주세요,328.7282409667969,1444.2252197265625,1875.504205840647,1717.642425558433
MI3_240725_TY2_0126_1_V02-8_1,2023년 온열질환자수 및 평균최고기온 추이에 대해 알려주세요,344.6479187011719,2411.986328125,1877.0844885222884,713.563089765897
MI3_240725_TY2_0126_3_V01_1,운영 결과 표에 대해 알려주세요,354.0318908691406,911.740234375,1891.103469477789,612.0360134696003
MI3_240725_TY2_0126_4_V01_2,성별 분포 표에 대해 알려주세요,325.7522888183594,2122.228271484375,1890.06837052244,126.2086565419018
MI3_240725_TY2_0150_1_V01_1,본문 표 V에 대해 알려주세요,336.0909423828125,1180.0626220703125,1959.2884420025277,518.3276981399914
MI3_240725_TY2_0150_2_V01_1,한· 아프리카 정상회의 계기 부대행사 프로그램의 시각요소(표)에 대해 알려주세요,316.52813720703125,1801.638427734375,1916.8494885412974,1336.9912651446034
MI3_240725_TY2_0161_2_V02-4_1,전년 대비 주별 발생 추이 꺾은선형에 대해 알려주세요,330.752197265625,475.56268310546875,962.6986677204496,672.8126625387785
MI3_240725_TY2_0161_3_V02-5_1,2023년 말라리아 위험지역 구분에 대해 알려주세요,337.1968994140625,812.14404296875,1946.8282312698716,513.4927199247778
MI3_240725_TY2_0171_1_V01_1,대한민국의 근거중심 방제와 주기적 방제에 대한 비교 차트에 대해 알려주세요.,355.6678161621094,2600.6279296875,1903.182758412319,510.43989660706745
MI3_240725_TY2_0171_2_V02-4_1,일일모기감시장비를 통한 모기 발생수 확인 차트(꺾은선형)에 대해 알려주세요,326.8179931640625,2474.7099609375,978.8605690479313,540.0818853681604
MI3_240725_TY2_0173_1_V02-1_1,2023년 국가병원체자원은행 연보의 최근 3년간 병원체자원 분양 현황 차트에 대해 알려주세요,352.56158447265625,2301.27734375,1868.8743869079785,796.7228978984516
MI3_240725_TY2_0173_2_V02-3_1,2023년 「병원체자원 보존·관리목록」 원형 차트에 대해 알려주세요,691.5137329101562,884.23876953125,1141.6888122277278,736.2505886116758
MI3_240725_TY2_0173_3_V02-3_1,<국·공립연구소의 활용 목적별 분양 현황> 원형 차트에 대해 알려주세요,340.69879150390625,864.3095703125,1888.5910026005004,813.6109123913424
MI3_240725_TY2_0173_4_V02-3_1,대학 및 비영리기관의 활용 목적별 분양 현황 차트(원형)에 대해 알려주세요,383.53448486328125,567.6083984375,1787.6789910276798,614.2397193268113
MI3_240725_TY2_0179_1_V02-1_1,최근 4주(5.4주~6.3주) 국내 백일해 차트(세로 막대형)에 대해 알려주세요,335.9212646484375,531.615966796875,1909.9873997718103,843.9985209361416
MI3_240725_TY2_0179_2_V02-4_1,"(최근 6년간, 주별) 마이코플라스마 폐렴균 감염증 입원환자 발생 추이 꺾은선형에 대해 알려주세요",354.2806396484375,2088.889404296875,1880.7442623674733,815.6437966823814
MI3_240725_TY2_0179_3_V02-1_1,최근 4주간 마이코플라스마 폐렴균 감염증 입원환자 발생 현황과 관련된 차트(세로 막대형)에 대해 알려주세요,341.23675537109375,546.8213500976562,1906.9210151163572,748.7411205612239
MI3_240725_TY2_0179_4_V01_1,C02 차트(세로 막대형)에 대해 알려주세요,315.0840148925781,2062.304931640625,1954.5733471956069,840.3630437460189
MI3_240725_TY2_0183_1_V02-1_1,이번 연구의 제목에 따라 중위험군과 고위험군의 통풍 및 고혈압 발생률 비교 차트에 대해 알려주세요,478.7936096191406,2044.26806640625,1599.8984899890079,870.5993390747209
MI3_240725_TY2_0183_2_V01_1,이 연구에서 제시된 인종 연구 기관 전체 대상 수 및 비율에 대해 알려주세요.,378.0138244628906,641.0453491210938,1822.287445160031,430.70418991712194
MI3_240725_TY2_0192_2_V01_1,급성심장정지 조사 결과에 대한 표에 대해 알려주세요,346.498291015625,1204.481689453125,1944.6459433975888,476.2143155307136
MI3_240725_TY2_0192_3_V02-1_1,2022 상반기 급성심장정지 발생장소 차트(세로 막대형)에 대해 알려주세요,359.389404296875,1978.2366943359375,1853.9886045524022,1115.620399834523
MI3_240725_TY2_0196_1_V01_1,2023년도 확진환자 수에 대해 알려주세요,350.97113037109375,1351.4039306640625,1944.2206955116933,262.31869246434877
MI3_240725_TY2_0196_3_V02-1_1,'22-'23년 전 세계 엠폭스 발생 현황 차트(세로 막대형)에 대해 알려주세요,381.0238952636719,2334.50439453125,1812.367453239136,733.7485197823959
MI3_240725_TY2_0219_1_V01_1,국내 발생 확진자 현황 표에 대해 알려주세요,335.5210266113281,1615.9224853515625,1938.367552160132,224.26920469819322
MI3_240725_TY2_0219_2_V01_1,결과 양성 구분 총계 검사 중 결과 음성 확진자 격리해제 격리 중 사망 V형 시각요소에 대해 알려주세요,340.9310302734375,771.27685546875,1930.504116457809,655.5286019928488
MI3_240725_TY2_0243_1_V01_1,국민의 나라 보도자료에 대한 차트(세로 막대형) 정보에 대해 알려주세요,0.0,0.0,0.0,0.0
MI3_240725_TY2_0243_2_V02-1_1,전 세계 원숭이두창 발생 현황 차트(세로 막대형)에 대해 알려주세요,316.4189147949219,1668.8328857421875,1949.228725830759,726.6159589851168
MI3_240725_TY2_0253_1_V01_3,격리 관리 현황 표에 대해 알려주세요,304.3586730957031,1834.0205078125,1958.8744829964141,174.4759574556188
MI3_240725_TY2_0253_2_V01_1,정부혁신과 관련된 시각요소 제목 및 표에 대해 알려주세요,380.3452453613281,1778.03369140625,1832.2395103654999,272.17789242228804
MI3_240725_TY2_0253_3_V02-8_1,000 신규화전자 육심신고 차트(혼합형)에 대해 알려주세요,418.715087890625,1686.296875,1717.115031412112,634.2387162094767
MI3_240725_TY2_0253_4_V02-8_1,<일별 사망자 현황> 차트(혼합형)에 대해 알려주세요,333.2688293457031,602.8654174804688,1870.53634436104,589.5899518834351
MI3_240725_TY2_0253_5_V02-4_1,감염경로구분에 따른 일별 신규 확진자 현황 꺾은선형에 대해 알려주세요,336.9923095703125,680.358154296875,1891.6839673036154,940.4284181139836
MI3_240725_TY2_0292_1_V02-4_1,"코로나19 신규백신, 65세 이상 접종률 30% 달성 꺾은선형에 대해 알려주세요",320.43994140625,1849.4757080078125,1956.6167736760804,766.7548393522043
MI3_240725_TY2_0292_2_V01_1,T04 에 대해 알려주세요,339.11480712890625,2572.39599609375,1924.9997145271057,376.03386115396216
MI3_240725_TY2_0308_1_V01_2,(추정)유입국가 확인 단계 표에 대해 알려주세요,327.64697265625,2247.497314453125,1933.4040829931919,411.22965654861014
MI3_240725_TY2_0308_2_V01_2,지역별 확진자 현황 금일신규에 대해 알려주세요,310.08648681640625,1672.856689453125,1934.3195122470531,1477.7869153977465
MI3_240725_TY2_0308_3_V01_1,정부혁신 + 힘내라 보다 나은 정부와 관련된 서 부대 인 광대의 통계 데이터 시각적 표현에 대해 알려주세요,336.1944274902344,503.3815002441406,1944.98488887656,765.7165085643022
MI3_240725_TY2_0311_1_V02-8_1,일평균 재원중 위중증 환자 및 사망자 차트(혼합형)에 대해 알려주세요,345.1496887207031,2282.792236328125,1871.6363736818687,620.270309480625
MI3_240725_TY2_0311_2_V02-8_2,최근 8주간 전국 확진자수 및 발생률 추이 차트(혼합형)에 대해 알려주세요,329.6936950683594,2386.642822265625,1911.4882712682033,774.1884840545858
MI3_240725_TY2_0311_3_V01_1,최근 발생 현황에 대해 알려주세요.,316.0886535644531,2293.146728515625,1953.3277356302399,829.7023611339431
MI3_240725_TY2_0311_4_V02-8_1,T01 T02 차트(혼합형)에 대해 알려주세요,329.1893615722656,512.015380859375,1915.9941907501216,939.9826865906118
MI3_240725_TY2_0311_5_V01_2,(주간: 11.6.~11.12. 단위: 명) 수도권 충청권 호남권 경북권 경남권 강원권 제주권 표에 대해 알려주세요,336.0149230957031,2549.6083984375,1958.2373389398972,552.6811104524193
MI3_240725_TY2_0314_1_V01_11,백신별 접종 현황 표에 대해 알려주세요,317.8705139160156,2321.592041015625,1955.5672622613945,810.911293444121
MI3_240725_TY2_0314_2_V01_2,신규 확진자 현황 표에 대해 알려주세요,334.55743408203125,796.4657592773438,1951.9536877830355,585.6366373973283
MI3_240725_TY2_0314_3_V01_1,구분 11.3. 11.4. 11.5. 11.6. 11.7. 11.8. 11.9... 표에 대해 알려주세요,341.2372131347656,2581.775146484375,1945.4938911763527,533.3526324023871
MI3_240725_TY2_0314_4_V01_1,정부혁신 대한민국 대전환 보다나은 정부 공공누리 유이용하역 표에 대해 알려주세요,307.82745361328125,518.7422485351562,1956.8675591786919,1320.85673744884
MI3_240725_TY2_0323_1_V01_4,구분 격리해제 격리 중 위중증 환자 사망자에 대해 알려주세요,329.8695068359375,2266.13525390625,1932.71641398861,433.38504267829995
MI3_240725_TY2_0323_2_V01_1,정부혁신 본문 차트에 대해 알려주세요,335.740478515625,738.2374267578125,1943.7878534730078,685.4975256437878
MI3_240725_TY2_0333_1_V02-7_1,에 대한 <그림2>주요 만성질환 OECD 사망률 비교 방사형 차트에 대해 알려주세요,1269.0098876953125,1808.7825927734375,958.0081424799378,577.0472606102829
MI3_240725_TY2_0333_3_V01_1,"정부혁신 대한민국 대전환 보다나은 정부 건강한 국민, 안전한 사회 주요 사망원인별 연령 표준화 사망률 차트(세로 막대형)에 대해 알려주세요",296.0867919921875,494.83544921875,1976.002409540139,2588.612676854618
MI3_240725_TY2_0333_4_V01_1,정부혁신 대한민국 대전환과 관련된 주요 내용에 대해 알려주세요,328.0374450683594,433.1611633300781,1958.3115668357439,2123.548051725527
MI3_240725_TY2_0350_1_V01_4,구분 격리해제 격리 중 위중증 환자 표에 대해 알려주세요,342.0257873535156,2730.173828125,1938.9013274043261,365.880555093812
MI3_240725_TY2_0350_2_V01_1,정부혁신에 대해 알려주세요,369.0168151855469,1646.55810546875,1865.3705665564453,338.7459297189622
MI3_240725_TY2_0350_3_V01_1,T04에 대해 알려주세요,358.55462646484375,2685.41796875,1892.8127962757746,374.72571871069414
MI3_240725_TY2_0350_4_V02-8_3,누적 격리중·격리 해제자 현황 차트(혼합형)에 대해 알려주세요,365.41802978515625,1628.1634521484375,1836.7236062195464,704.8251027539529
MI3_240725_TY2_0350_5_V02-1_1,수도권지역 일일 신규 확진자 현황 차트(세로 막대형)에 대해 알려주세요,541.6346435546875,612.8933715820312,1529.754849115115,561.7220043001764
MI3_240725_TY2_0350_6_V02-8_2,부산지역 일일 신규 및 부작확진자 현황 차트(혼합형)에 대해 알려주세요,553.4019775390625,585.5772094726562,1537.8263336886555,623.0831975867966
MI3_240725_TY2_0350_7_V01_1,구분 11.9. 11.10. 11.11. 11.12. 11.13. 11.14... 표에 대해 알려주세요,365.0068359375,1283.931396484375,1914.0376558370397,243.47644030153631
MI3_240725_TY2_0350_8_V02-4_1,감염경로구분에 따른 일별 신규 확진자 현황 꺾은선형에 대해 알려주세요,342.0439453125,607.7520751953125,1886.170729750093,970.4732694984613
MI3_240725_TY2_0350_9_V02-1_2,내국인 외국인 350 차트(세로 막대형)에 대해 알려주세요,349.7709045410156,580.272216796875,1867.4924427570718,1034.2982236958487
MI3_240725_TY2_0353_1_V01_1,코로나19 예방접종 현황 표에 대해 알려주세요,312.42486572265625,2245.108154296875,1947.1103921646,872.7825925657811
MI3_240725_TY2_0353_2_V01_1,백신별 접종현황 표에 대해 알려주세요,314.19927978515625,425.03057861328125,1959.463646684989,1180.0177644464422
MI3_240725_TY2_0353_3_V01_1,재원중 위중증 환자 사망누계 표에 대해 알려주세요,330.53643798828125,1066.295166015625,1946.2642162934237,692.044231922952
MI3_240725_TY2_0353_4_V01_1,3 국내 백신 잔여량 차트(세로 막대형)에 대해 알려주세요,323.407958984375,990.2444458007812,1973.206742869146,658.0657825893279
MI3_240725_TY2_0353_5_V01_1,"< 확진자 성별, 연령별 발생현황 > 표에 대해 알려주세요",326.6530456542969,759.713623046875,1952.6409036014502,848.5357135900063
MI3_240725_TY2_0353_6_V02-4_1,연령별 코로나19 확진자 발생률 차트(꺾은선형)에 대해 알려주세요,340.9430236816406,1176.498291015625,913.2396948050075,594.1552510449028
MI3_240725_TY2_0362_1_V01_1,에 대한타입의 데이터에 대해 알려주세요,310.9717712402344,2059.581298828125,1968.6998832619258,764.3506131074163
MI3_240725_TY2_0362_2_V01_1,2020 희귀질환자 통계연보주요 내용(2) 차트(세로 막대형)에 대해 알려주세요,340.5567932128906,2279.16943359375,1905.3669384209222,436.0926168436934
MI3_240725_TY2_0363_1_V01_1,[남자의 비만 및 2단계이상 비만 유병률] 표에 대해 알려주세요,325.34735107421875,737.4242553710938,1957.068647054954,851.386992758094
MI3_240725_TY2_0363_2_V01_1,"건강한 국민, 안전한 사회에 대한 비만 유병률 차트(세로 막대형)에 대해 알려주세요",331.00042724609375,698.053955078125,1957.532362544107,695.5234542199972
MI3_240725_TY2_0363_3_V02-4_1,비만 유병률(체질량지수 25kg/m2이상) 꺾은선형에 대해 알려주세요,344.7848815917969,813.6565551757812,1864.717993619513,859.0951149372404
MI3_240725_TY2_0363_4_V01_1,남자 비만 유병률(2008-2021) 교차비(95% 신뢰구간) 차트(세로 막대형)에 대해 알려주세요,316.06341552734375,681.7062377929688,1948.574126836055,1554.0517454875132
MI3_240725_TY2_0371_1_V02-4_5,* p<0.05 통계적으로 의미있는 변화와 관련된 꺾은선형 차트에 대해 알려주세요,337.0192565917969,585.2720947265625,1915.9192923183884,702.1983401077229
MI3_240725_TY2_0371_2_V02-4_1,코로나19 유행 전후 건강행태 변화 꺾은선형 차트에 대해 알려주세요,331.94677734375,589.9675903320312,1928.108936117818,702.1086375797537
MI3_240725_TY2_0371_3_V01_1,정부혁신 + 대한민국 대전환 보다 나은 정부 차트(세로 막대형)에 대해 알려주세요,292.0199890136719,556.3890380859375,1978.7852547987743,2565.932832954494
MI3_240729_TY2_0001_1_V02-7_2,1인당 개인소득 상대수준 방사형에 대해 알려주세요,1280.1988525390625,1921.98388671875,933.4069251672202,832.539901379817
MI3_240729_TY2_0001_2_V02-8_1,2009년 지역소득 추계결과 및 지역내총생산 규모와 증감률에 대해 알려주세요,324.69769287109375,2177.07177734375,1946.2606877267888,938.9387527024882
MI3_240729_TY2_0001_3_V02-8_1,최종소비지출 규모 및 증감률 혼합형 차트에 대해 알려주세요,324.1253356933594,1959.1685791015625,1937.464558300871,1164.366367990908
MI3_240729_TY2_0001_4_V02-8_1,총고정자본형성 및 규모(명목) 혼합형에 대해 알려주세요,318.87744140625,2151.645751953125,1956.121771198271,992.5883777904187
MI3_240729_TY2_0001_5_V02-8_1,개인소득 규모 및 증감률(명목) 혼합형에 대해 알려주세요,332.62530517578125,2079.135498046875,1923.1898961019117,1009.4231013973988
MI3_240729_TY2_0001_6_V02-1_1,민간소비지출 증감률 차트(세로 막대형)에 대해 알려주세요,325.4183044433594,897.3892211914062,1936.3173662669565,690.5649883685594
MI3_240729_TY2_0001_7_V02-1_1,설비투자 증감률 차트(세로 막대형)에 대해 알려주세요,335.9929504394531,783.32421875,1912.6939381999343,725.3581879326977
MI3_240729_TY2_0001_8_V02-4_4,민간소비 증가율(실질) 꺾은선형에 대해 알려주세요,318.6753845214844,1657.2099609375,969.7753074831027,562.3797366681326
MI3_240729_TY2_0001_9_V02-4_1,건설투자 증가율(실질) (%) 차트(꺾은선형)에 대해 알려주세요,307.97442626953125,511.2699890136719,942.2366473456719,518.1622869951266
MI3_240729_TY2_0003_1_V02-3_1,용도별 1인당 연간 쌀 소비량 차트(원형)에 대해 알려주세요,428.1818542480469,2578.985595703125,738.5106982840439,406.64560299693414
MI3_240729_TY2_0003_2_V02-4_1,월별 1인당 1일 쌀 소비량 차트(꺾은선형)에 대해 알려주세요,436.81683349609375,2456.83154296875,1674.0442195138896,623.2677023587206
MI3_240729_TY2_0003_3_V02-4_1,"한국, 일본, 대만의 1인당 쌀 소비량 차트(꺾은선형)에 대해 알려주세요",437.1259460449219,2468.099365234375,1627.3780780177935,618.4214362974025
MI3_240729_TY2_0003_4_V02-2_1,<그림 6> 곡류별 1인당 연간 소비량 차트에 대해 알려주세요,559.7620849609375,2436.25048828125,1356.4123851093348,631.5243351800639
MI3_240729_TY2_0003_5_V01_1,<표 7> 표에 대해 알려주세요,394.0985412597656,1446.72802734375,1785.706097542631,826.6907253203859
MI3_240729_TY2_0003_6_V02-3_1,<그림 8> 용도별 1인당 연간 소비량 차트에 대해 알려주세요,419.5718078613281,2587.725341796875,1622.1880218330325,407.54364813788004
MI3_240729_TY2_0003_7_V02-6_1,<그림 9> 시도별 1인당 연간 양곡 및쌀 소비량 차트(분산형)에 대해 알려주세요,463.2406005859375,2393.79833984375,1609.8027570915276,699.5511009381318
MI3_240729_TY2_0003_8_V02-4_1,<그림 10> 차트(꺾은선형)에 대해 알려주세요,470.1058044433594,2461.346435546875,1599.6345904148898,591.6506314747483
MI3_240729_TY2_0003_9_V01_2,"성별, 연령별 월간 결식횟수 차트(세로 막대형)에 대해 알려주세요",376.1263427734375,1656.3826904296875,1844.241492160005,502.0685775047902
MI3_240729_TY2_0006_1_V02-1_1,[시도별 마을 현황] 차트(세로 막대형)에 대해 알려주세요,1195.4095458984375,1685.766845703125,1024.5906300572776,517.7961187650869
MI3_240729_TY2_0006_2_V02-1_4,농업 경영형태별 마을 비율 차트(세로 막대형)에 대해 알려주세요,1211.4837646484375,1767.96044921875,1009.724271967348,545.0649238518221
MI3_240729_TY2_0006_3_V02-1_1,<그림1> 차트(세로 막대형)에 대해 알려주세요,385.0475769042969,2324.71533203125,1802.3700318568342,820.4760718336535
MI3_240729_TY2_0006_4_V02-1_1,<그림2> 차트(세로 막대형)에 대해 알려주세요,375.56365966796875,2439.606201171875,1798.2963135225427,686.5905307711504
MI3_240729_TY2_0006_5_V01_1,전체가구 규모별 마을 현황 표에 대해 알려주세요,350.2095642089844,1739.4107666015625,1907.1550253245077,490.0859171359421
MI3_240729_TY2_0006_6_V02-1_1,<그림4> 농림어가 마을 현황 차트(세로 막대형)에 대해 알려주세요,370.4941101074219,2282.005615234375,1830.5647374965106,865.2407415462155
MI3_240729_TY2_0006_7_V01_1,<표7> 이용 가능한 대중교통 수단별 마을 현황 표에 대해 알려주세요,342.1789855957031,1589.51171875,1908.5671818683736,961.724072964483
MI3_240729_TY2_0006_8_V01_1,<표8> 대중교통 운행 횟수별 마을수 표에 대해 알려주세요,339.97125244140625,1339.5416259765625,1903.7106660995187,924.6800593237818
MI3_240729_TY2_0006_9_V01_2,내수면 어업 경영형태별 마을수 표에 대해 알려주세요,329.8937072753906,2723.814208984375,1904.299943167538,423.3985633380161
MI3_240729_TY2_0019_1_V01_1,[표 1] 전국 출생이수 및 증감를 표에 대해 알려주세요,383.7655334472656,760.5136108398438,1875.100295097782,243.03739915547183
MI3_240729_TY2_0019_2_V01_2,[표4]시도별사망자수 표에 대해 알려주세요,300.012939453125,1898.149169921875,1949.7852691875335,1266.7120391521198
MI3_240729_TY2_0019_3_V02-4_1,전국 월별혼인 추이 꺾은선형에 대해 알려주세요,338.3173828125,973.3440551757812,1909.5971185439803,683.3767404690784
MI3_240729_TY2_0019_4_V02-4_1,전국 월별이혼 추이 꺾은선형 차트에 대해 알려주세요,334.90594482421875,1038.900390625,1911.331040603434,723.1362527858258
MI3_240729_TY2_0036_1_V01_1,세계 속의 한국 경제에 대해 알려주세요,297.77099609375,522.8921508789062,1978.1438759475518,2497.1230425440567
MI3_240729_TY2_0036_2_V01_1,에 관련된차트에 대해 알려주세요,293.9251708984375,496.53277587890625,1985.7745358598238,2614.6663209001026
MI3_240729_TY2_0045_1_V02-2_1,2070년 아시아와 아프리카의 예상인구에 대해 알려주세요,1271.552001953125,2505.0595703125,940.9673242089032,593.5867280131789
MI3_240729_TY2_0045_2_V02-4_1,생산연령인구 구성비 추이 차트(꺾은선형)에 대해 알려주세요,369.0741882324219,999.0439453125,1837.2175140232403,698.3931895448588
MI3_240729_TY2_0045_3_V02-4_1,세계와 한국의 합계출산율 추이 꺾은선형에 대해 알려주세요,270.71661376953125,2591.927001953125,1882.3072357841008,541.8667234315194
MI3_240729_TY2_0045_4_V02-4_3,남북한 기대수명 추이에 대해 알려주세요,302.9869384765625,1453.7708740234375,968.6057582477575,533.5180629008548
MI3_240729_TY2_0045_5_V02-2_1,[그림 1] 세계 대륙별 인구규모 차트(가로 막대형)에 대해 알려주세요,445.08111572265625,1450.3404541015625,1677.5271698495794,776.1688342090066
MI3_240729_TY2_0045_6_V01_1,II. 세계와 한국의 인구구조 1. 인구구조 변화 [표 6]에 대해 알려주세요,296.7118225097656,2218.868408203125,1962.157263841757,955.2089410129688
MI3_240729_TY2_0045_7_V02-1_1,세계와 한국의 인구구조 세로 막대형 차트에 대해 알려주세요,335.1053771972656,2467.53173828125,1891.1725020366507,610.9699022431422
MI3_240729_TY2_0045_8_V01_1,합계출산율이 낮은 주요 국가(지역) 표에 대해 알려주세요,317.78765869140625,1144.7396240234375,1956.6105000814416,1164.2521330636946
MI3_240729_TY2_0061_1_V01_1,지역별 검사 및 확진자 현황 표에 대해 알려주세요,309.3690185546875,501.0895690917969,1943.7708516815,344.3497118168693
MI3_240729_TY2_0061_2_V02-8_2,일일 누적 격리중격격 해제자 현황 혼합형에 대해 알려주세요,426.02716064453125,2302.634033203125,1703.3129399992913,762.9820700866592
MI3_240729_TY2_0061_3_V01_2,위중증 환자 현황에 대한 차트(원형)에 대해 알려주세요,363.74224853515625,1281.875244140625,1918.3750851538084,246.6465568391756
MI3_240729_TY2_0062_1_V01_1,"건강한 국민, 안전한 사회 홍역 개요 차트(세로 막대형)에 대해 알려주세요",291.53045654296875,464.55633544921875,2001.4415780005581,2635.576358364498
MI3_240729_TY2_0062_2_V01_1,최근 6개월 홍역 환자발생 지역분포 표에 대해 알려주세요,329.67523193359375,1692.9141845703125,1949.5588041971157,1313.9972931718128
MI3_240729_TY2_0085_1_V02-4_1,연령별 코로나19 확진자 발생률 꺾은선형에 대해 알려주세요,345.70050048828125,1180.776123046875,901.8580112768763,593.1096546002003
MI3_240729_TY2_0091_2_V02-1_1,전 세계 엠폭스 발생 현황 차트(세로 막대형)에 대해 알려주세요,322.8790283203125,1637.9029541015625,1938.7617575981615,752.2111518998532
MI3_240729_TY2_0094_1_V01_1,확진환자 검사현황 차트(세로 막대형)에 대해 알려주세요,328.22900390625,2298.20654296875,1937.7256515455488,563.1390285912286
MI3_240729_TY2_0094_2_V02-1_1,확진자 수 세로 막대형 차트에 대해 알려주세요,334.4000244140625,573.9808349609375,1914.9837353795199,694.3347117135669
MI3_240729_TY2_0098_1_V01_1,2월 3주차 종합평가 결과 표에 대해 알려주세요,349.96563720703125,1084.591796875,1937.7116252952767,449.3251957517946
MI3_240729_TY2_0098_2_V01_1,WHO 세부계통 점유율(%) 표에 대해 알려주세요,321.62725830078125,1240.907958984375,1948.8202081456338,1105.805566600806
MI3_240729_TY2_0098_3_V01_1,전국 권역별 주간 일평균 환자 추이 표에 대해 알려주세요,325.31976318359375,1793.9404296875,1949.0034245349166,674.22337015465
MI3_240729_TY2_0098_4_V02-4_4,미국 이탈리아 주요국 인구 100만 명당 주간 사망자 수 추이에 대해 알려주세요,326.8501281738281,1760.084716796875,982.1002403581754,636.2809926677007
MI3_240729_TY2_0100_1_V01_1,정부혁신과 대한민국 대전환에 대한 표에 대해 알려주세요,299.6295471191406,511.8634338378906,1970.2253141022486,2515.640620986772
MI3_240729_TY2_0102_1_V01_1,정부혁신 보다 나은 정부 본문 차트(세로 막대형)에 대해 알려주세요,331.9314270019531,2412.645751953125,1951.395005754004,697.7858825997587
MI3_240729_TY2_0102_2_V02-1_1,< 확진자 성별 > 차트(세로 막대형)에 대해 알려주세요,989.6785278320312,876.6123046875,1184.6505525949372,703.6035062605987
MI3_240729_TY2_0117_2_V02-4_1,A B 100 of VR(%) 80 Z ∞ 60 60 rates PAR 꺾은선형에 대해 알려주세요,423.680908203125,486.961669921875,716.3103140637203,717.6359995233136
MI3_240729_TY2_0121_1_V01_1,본문 확진환자현황 검사현황 차트에 대해 알려주세요,308.2855529785156,2243.2314453125,1956.3142078086032,875.892599976323
MI3_240729_TY2_0121_2_V01_1,"< 참고. 국내 확진환자 현황 (2.27일 09시 기준, 1.3일 이후 누계) > 차트(세로 막대형)에 대해 알려주세요",321.576416015625,773.9402465820312,1960.0199667081044,1779.366112991775
MI3_240729_TY2_0121_3_V02-1_1,코로나바이러스 감염증 관련 연령대에 대해 알려주세요,990.2371826171875,2334.437744140625,1183.3907176976506,699.491913355895
MI3_240729_TY2_0121_4_V01_1,코로나바이러스감염증-19환자및사망자빌생 현황 차트(세로 막대형)에 대해 알려주세요,298.212158203125,687.5870971679688,1917.3036254714034,2358.210658802234
MI3_240729_TY2_0121_5_V01_1,정부혁신과 관련된 데이터 및 통계 정보를 시각적으로 나타내는 표에 대해 알려주세요,353.2210388183594,499.68231201171875,1894.0827896231267,739.9616163653976
MI3_240729_TY2_0126_1_V01_1,코로나19 국내 발생현황 및 예방접종 현황 차트(세로 막대형)에 대해 알려주세요,335.65032958984375,2536.97607421875,1952.2454747566749,599.9598841059827
MI3_240729_TY2_0126_2_V01_1,최근 확진자 수에 대한 통계 자료의 차트(세로 막대형)에 대해 알려주세요,336.5673828125,733.34375,1949.887724997134,534.4609414386975
MI3_240729_TY2_0126_3_V01_2,구분 차트(세로 막대형)에 대해 알려주세요,324.9713134765625,2097.69482421875,1925.2773285215933,197.31219087799195
MI3_240729_TY2_0155_1_V02-8_1,일평균 재원중 위중증 환자 및 일평균 사망자 발생 현황 차트(혼합형)에 대해 알려주세요,360.6943664550781,2171.340087890625,1852.9074547321682,526.7729749544062
MI3_240729_TY2_0155_2_V02-8_2,최근 8주간 전국 확진자수 및 발생률 추이 혼합형에 대해 알려주세요,339.49627685546875,2337.62548828125,1888.1782704729735,814.225978055434
MI3_240729_TY2_0155_3_V02-8_1,중환자 병상가동률 차트(혼합형)에 대해 알려주세요,350.6794738769531,2176.49609375,1874.7666232326171,940.4394364631369
MI3_240729_TY2_0155_4_V02-8_1,WHO 세부계통 점유율(%) 혼합형에 대해 알려주세요,316.6952209472656,1076.5220947265625,1951.8001891285016,1144.2476664288217
MI3_240729_TY2_0155_5_V02-8_1,"건강한 국민, 안전한 사회 및 코로나19 국외 발생 동향과 관련된 혼합형 차트에 대해 알려주세요",334.8614196777344,1052.4393310546875,1912.78732488903,708.9316630775477
MI3_240729_TY2_0155_6_V02-4_4,영국과 스페인 관련 데이터에 대해 알려주세요,319.5169982910156,2497.54931640625,979.2130850308947,565.4895722453366
MI3_240729_TY2_0156_1_V01_1,인구10만명당 지역 확진환자수 (%) 발생률 표에 대해 알려주세요,323.6121826171875,2197.347900390625,1934.882829528795,847.3168354128752
MI3_240729_TY2_0156_2_V02-8_2,경북지역 확진자 현황 혼합형에 대해 알려주세요,563.5843505859375,683.4526977539062,1523.3689399760328,957.9167253407184
MI3_240729_TY2_0156_3_V02-1_1,경기 서울 충남 부산 경남 강원 울산 충북 대전 광주 인천 전북 전남 제주 세종 차트(세로 막대형)에 대해 알려주세요,560.0112915039062,683.2831420898438,1525.4233884523776,1016.8923377628482
MI3_240729_TY2_0156_4_V02-2_1,연령별 사망자 차트(가로 막대형)에 대해 알려주세요,515.4691162109375,2439.604248046875,1544.8229085381977,584.1882369157797
MI3_240729_TY2_0178_1_V01_2,[시도별] 표에 대해 알려주세요,315.5225830078125,630.4376220703125,1965.3872261625681,1019.5079806068414
MI3_240729_TY2_0178_2_V01_2,예약 투약 현황 표에 대해 알려주세요,327.13262939453125,490.321533203125,1956.962301683577,556.7854573702261
MI3_240729_TY2_0178_3_V01_1,"건강한 국민, 안전한 사회 예방접종 현황 표에 대해 알려주세요",314.5564880371094,621.0239868164062,1964.760716880879,1042.4651029240622
MI3_240729_TY2_0192_1_V02-5_1,주차별 연령별 확진자 비중에 대해 알려주세요,1258.388427734375,1561.0606689453125,978.6205356383747,699.4360962583037
MI3_240729_TY2_0192_2_V02-8_2,연령대별 누적 사망률과 치명률 혼합형에 대해 알려주세요,327.3590393066406,549.5570068359375,1885.2212951739384,615.3447059779494
MI3_240729_TY2_0192_3_V03_1,최근 8주간 연령대별 사망자수 다이어그램에 대해 알려주세요,379.7293395996094,1878.22265625,1871.454024548028,896.6867631337936
MI3_240729_TY2_0193_1_V01_1,"제목과 소제목, 시각요소 제목 및 표에 대해 알려주세요",376.02740478515625,507.74847412109375,1815.7984440496948,935.9698851742068
MI3_240729_TY2_0193_2_V02-8_1,사망자수(집계일별) 차트(혼합형)에 대해 알려주세요,339.7701110839844,2283.024658203125,1905.771465873222,815.8925352641119
MI3_240729_TY2_0193_3_V01_1,주차 확진자수에 대해 알려주세요,299.198974609375,1553.3402099609375,1950.0725468894755,1620.3408382026953
MI3_240729_TY2_0198_1_V02-8_1,< 위중증 현황 > 혼합형 차트에 대해 알려주세요,332.7129211425781,591.4159545898438,1883.6142138424325,619.3559880453005
MI3_240729_TY2_0198_2_V02-3_1,해외유입 관련 원형에 대해 알려주세요,582.8727416992188,1653.9989013671875,1426.260815390747,1355.0244608397177
MI3_240729_TY2_0198_3_V02-1_1,< 해외유입 확진자 현황 > 세로 막대형 차트에 대해 알려주세요,339.0868225097656,524.8355712890625,1905.139080163367,1175.4941857085919
MI3_240729_TY2_0210_1_V01_1,정부혁신 + 대한민국 대전환 보다 나은 정부 혈전증 관련 정보에 대해 알려주세요,318.0526428222656,654.1250610351562,1953.7666518188898,2011.8320695037644
MI3_240729_TY2_0210_2_V02-2_1,T01 T02 T03 차트(가로 막대형)에 대해 알려주세요,365.6537780761719,769.5980834960938,1840.8018896612723,1064.6640751270443
MI3_240729_TY2_0210_3_V02-2_1,코로나19 백신의 이점과 위험에 대해 알려주세요,0.0,0.0,0.0,0.0
MI3_240729_TY2_0219_1_V01_1,3월 주간 발생 동향 표에 대해 알려주세요,326.54669189453125,659.900390625,1955.1709235861688,863.661733620307
MI3_240729_TY2_0219_2_V02-8_1,주별 국내발생 외국인 확진 현황 혼합형에 대해 알려주세요,340.5941162109375,2197.63134765625,1909.680589665081,862.2986763827274
MI3_240729_TY2_0219_4_V02-2_1,"건강한 국민, 안전한 사회에 대한 차트(가로 막대형) 정보를 알려주세요.",537.1433715820312,544.06005859375,1506.748113295657,944.9114087446628
MI3_240729_TY2_0219_5_V02-8_2,일일 누적 격리중격격 해제자 현황 차트(혼합형)에 대해 알려주세요,383.4307556152344,2289.845947265625,1798.4515983765696,796.1793883380228
MI3_240729_TY2_0219_6_V02-8_1,정부혁신과 보다나은 정부에 대한 차트(혼합형)에 대해 알려주세요,430.4907531738281,2454.193603515625,1685.0109917561354,641.409494263715
MI3_240729_TY2_0219_7_V02-8_1,정부 대한민국 대전한 혼합형에 대해 알려주세요,434.7577819824219,1885.6407470703125,1704.1116430330194,622.3699261202567
MI3_240729_TY2_0219_8_V02-2_1,확진자 성별·연령별 분포 차트(가로 막대형)에 대해 알려주세요,360.59136962890625,1667.4996337890625,1866.3517458720448,553.8270027293021
MI3_240729_TY2_0219_9_V02-3_1,원형에 대해 알려주세요,581.1188354492188,547.6734619140625,1407.413222432324,1361.0702952805314
MI3_240729_TY2_0220_1_V02-8_1,"12,000 격리해제 확진 혼합형에 대해 알려주세요",323.9374084472656,814.0448608398438,1916.911861762784,923.4322522751393
MI3_240729_TY2_0220_2_V02-8_1,대구지역 확진자 현황 혼합형에 대해 알려주세요,553.7083129882812,690.8898315429688,1541.7401818913877,994.9828578638505
MI3_240729_TY2_0220_3_V02-8_2,경기지역 확진자 현황에 대한 차트(혼합형)에 대해 알려주세요,560.9130859375,2007.2740478515625,1504.9731091885683,970.5349307078042
MI3_240729_TY2_0220_4_V02-1_2,일일 누적확진자 현황 차트(차트(가로 막대형)에 대해 알려주세요,559.8953247070312,671.8667602539062,1528.1666868765478,983.1904389151274
MI3_240729_TY2_0220_5_V02-1_1,C02 -1 차트(가로 막대형)에 대해 알려주세요,552.0288696289062,1454.2569580078125,1412.9536296392266,814.3839824117363
MI3_240729_TY2_0220_6_V02-1_1,정부혁신과 보다 나은 정부에 대한 차트(세로 막대형)에 대해 알려주세요,338.9923095703125,1535.083251953125,1922.2136629651986,834.0795930829556
MI3_240729_TY2_0220_7_V02-3_1,정부혁신과 보다 나은 정부를 주제로 한 차트(원형)에 대해 알려주세요,743.7329711914062,576.7467651367188,1041.0703258968822,861.2613215603036
MI3_240729_TY2_0220_8_V01_1,확진자수 차트(세로 막대형)에 대해 알려주세요,357.5016174316406,1496.393798828125,1857.7335541576726,812.3741258640468
MI3_240729_TY2_0221_2_V01_1,정부혁신 및 대한민국 대전환의 데이터 분석에 대한 차트(세로 막대형)에 대해 알려주세요,325.1282958984375,686.87841796875,1955.2315109342967,885.6939653953864
MI3_240729_TY2_0225_1_V02-8_2,2021년 인간 39 시군구 송영갑에 대해 알려주세요,327.008544921875,528.125,951.3310333140093,642.9165401471264
MI3_240729_TY2_0225_2_V02-8_1,T01 T02 T03 혼합형에 대해 알려주세요,1262.0692138671875,982.8626098632812,955.609817818508,551.4309265229155
MI3_240729_TY2_0225_3_V02-8_1,고혈압 및 당뇨병 진단 경험자의 치료율에 대해 알려주세요,328.134521484375,534.9810791015625,939.1471046907013,613.3606453529817
MI3_240729_TY2_0225_4_V02-8_2,<현재흡연율 '08-'21> 혼합형에 대해 알려주세요,319.4317321777344,1530.06689453125,974.7775797960147,588.3567155372257
MI3_240729_TY2_0225_5_V02-8_1,(차트(혼합형))에 대해 알려주세요,1263.3199462890625,2421.472900390625,947.9119271772462,553.8823533724786
MI3_240729_TY2_0225_6_V02-8_1,최근 3년간의 중등도 이상 신체활동 실천율에 대해 알려주세요.,329.04290771484375,2189.03125,973.2825010031977,614.5506228186408
MI3_240729_TY2_0225_8_V02-8_2,2010 시군구 중앙갑에 대한 혼합형 차트에 대해 알려주세요,1262.8787841796875,533.6090087890625,946.3138053041624,513.1898131344726
MI3_240729_TY2_0228_1_V02-8_1,일일 의심신고·확진자 현황 차트(혼합형)에 대해 알려주세요,342.6961364746094,1410.7125244140625,1891.6956903772193,757.1834319663329
MI3_240729_TY2_0228_2_V02-8_3,충청권 혼합형에 대해 알려주세요,414.6296081542969,2440.692626953125,1734.38309965462,664.1417935665647
MI3_240729_TY2_0228_3_V02-8_3,강원권 관련된 내용을 알고 싶습니다,409.9458312988281,1856.576904296875,1755.5566067060827,636.9400490236573
MI3_240729_TY2_0228_4_V02-8_1,일별 사망자 현황 차트(혼합형)에 대해 알려주세요,327.4857177734375,590.987548828125,1894.8964139339423,619.8941506595079
MI3_240729_TY2_0228_5_V02-3_1,해외유입 감염 경로 원형에 대해 알려주세요,605.287841796875,1687.27978515625,1374.1413033004908,1295.3227377191947
MI3_240729_TY2_0228_6_V02-1_2,해외유입 확진자 현황 관련된 차트(세로 막대형)에 대해 알려주세요,354.6038818359375,1809.3087158203125,1882.7630084342738,1095.640474726328
MI3_240729_TY2_0232_1_V02-8_1,해제자 현황 차트(혼합형)에 대해 알려주세요,321.8251953125,813.4163208007812,1921.9759898778364,924.0819394447236
MI3_240729_TY2_0232_2_V02-8_1,대구지역 일일신규 및 누적 확진자 현황 혼합형에 대해 알려주세요,553.8328857421875,690.88623046875,1541.478615073972,994.6584326549546
MI3_240729_TY2_0232_3_V02-8_1,서울지역 일일신규 및 누적 확진자 현황 혼합형에 대해 알려주세요,572.0836181640625,689.5341186523438,1505.3745109421752,974.5061893509898
MI3_240729_TY2_0232_4_V02-1_2,일일 누적확진자 현황 차트(세로 막대형)에 대해 알려주세요,558.60791015625,671.5324096679688,1531.7018775763333,983.6924321734872
MI3_240729_TY2_0232_5_V02-1_1,확진자수 차트(세로 막대형)에 대해 알려주세요,576.834716796875,2238.542724609375,1406.440151488681,822.547462534165
MI3_240729_TY2_0232_6_V01_1,구분 계 중증 % ) 위중 % )에 대해 알려주세요,332.7447814941406,1450.3319091796875,1928.4710368405988,750.3643543701409
MI3_240729_TY2_0232_7_V01_1,구분 계 표에 대해 알려주세요,359.2484130859375,495.9986267089844,1164.0408143307893,751.3139251913361
MI3_240729_TY2_0232_8_V02-1_1,해외유입 추정 현황에 대해 알려주세요,366.0786437988281,599.2817993164062,1834.047769090092,900.4735392154497
MI3_240729_TY2_0245_1_V01_1,질병관리청 보도참고자료 표에 대해 알려주세요,368.27423095703125,2622.5029296875,1853.7813424782173,266.024939507922
MI3_240729_TY2_0245_2_V02-8_1,정부혁신 대한민국 대전환에 대한 혼합형 차트에 대해 알려주세요,455.7271728515625,562.5029907226562,1655.4704919381577,788.4758423732785
MI3_240729_TY2_0251_1_V01_1,정부혁신 다양한 복지서비스와 관련된 과거 MMR 접종력에 따른 권장 접종일정 차트에 대해 알려주세요,291.1990966796875,1296.4041748046875,1952.8704888392797,1853.629600582269
MI3_240729_TY2_0251_2_V01_1,정부혁신 다양한 복지서비스 예방접종 통계 차트에 대해 알려주세요,321.9390563964844,487.8594970703125,1928.17411862275,1846.5947372196608
MI3_240729_TY2_0251_3_V01_1,국내·외 홍역 환자 발생현황 표에 대해 알려주세요,357.84124755859375,687.8729858398438,1888.7178473293438,527.1096514067772
MI3_240729_TY2_0251_4_V01_1,정부혁신 다양한 복지서비스에 대한 표 에 대해 알려주세요,296.73931884765625,475.068603515625,1978.1095275153336,2618.034114351455
MI3_240729_TY2_0252_2_V02-2_1,국내 알라리아 추정 위험요인 가로 막대형에 대해 알려주세요,344.30401611328125,1091.5675048828125,1900.9683394521307,630.5378758891458
MI3_240729_TY2_0253_1_V01_1,보건복지부 보도참고자료 차트(세로 막대형)에 대해 알려주세요,0.0,0.0,0.0,0.0
MI3_240729_TY2_0256_1_V01_1,말라리아 발생 현황 표에 대해 알려주세요,360.2647705078125,1267.280029296875,1886.3815550464708,543.8518769754975
MI3_240729_TY2_0256_2_V03_1,2018년 말라리아 환자 위험 국가 분포 다이어그램에 대해 알려주세요,395.2541198730469,1895.354248046875,1809.5386367426786,900.3158221741612
MI3_240729_TY2_0256_3_V01_1,해외감염병 예방 수칙과 관련된 표에 대해 알려주세요,322.1672668457031,709.1690673828125,1943.439131365149,2002.18483459781
MI3_240729_TY2_0256_4_V01_1,정부혁신에 대한 통계적 시각요소인 그래프에 대해 알려주세요,303.38116455078125,413.6450500488281,1975.0274720590633,2696.382833441864
MI3_240729_TY2_0270_1_V01_1,정부혁신과 보다 나은 정부에 대한 시각요소 제목과 그래프에 대해 알려주세요,276.4422912597656,790.1791381835938,1966.3265826471547,2326.235108741866
MI3_240729_TY2_0270_2_V01_1,정부혁신과 관련된 데이터 분석에 대해 알려주세요,274.2210998535156,720.85693359375,1999.1863547148284,2389.8624530337643
MI3_240729_TY2_0270_3_V01_2,인체유래물 사업(코흐트)명 표에 대해 알려주세요,277.1817932128906,1118.139892578125,1959.648951091586,2019.880834746095
MI3_240729_TY2_0270_4_V01_1,정부혁신 보다 나은 정부 복지 차트에 대해 알려주세요,311.5265197753906,477.6430969238281,1936.967665186861,307.9847390669204
MI3_240729_TY2_0277_2_V01_1,정부혁신 다양한 복지서비스에 대한 구분 비교 및 분양절차의 표에 대해 알려주세요,341.59942626953125,481.4427795410156,1906.7187731079523,1041.554711672955
MI3_240729_TY2_0287_1_V01_1,강원권 주간 일 평균 주간 누계 표에 대해 알려주세요,279.81256103515625,713.3370361328125,1951.7231946787692,142.62275807858472
MI3_240729_TY2_0287_2_V01_1,코로나19 발생현황 표에 대해 알려주세요,342.80487060546875,718.497314453125,1921.9188771104782,448.6378544421635
MI3_240729_TY2_0288_1_V02-4_1,연령대별 대상자 대비 접종률 꺾은선형에 대해 알려주세요,1290.9180908203125,746.5423583984375,920.4898839098308,584.9360493266574
MI3_240729_TY2_0288_2_V01_2,접종 후 사망자 수 차트(꺾은선형)에 대해 알려주세요,358.5372314453125,1273.590087890625,1935.7390537249146,376.40909784455016
MI3_240729_TY2_0288_3_V01_1,정부혁신 건강한 국민 안전한 사회 차트(세로 막대형)에 대해 알려주세요,307.71270751953125,692.9298095703125,1981.8887332861773,1630.8647997992996
MI3_240729_TY2_0288_4_V02-2_1,추정진단명 가로 막대형 차트에 대해 알려주세요,330.8282165527344,2310.69189453125,1920.1180802014078,751.094114608161
MI3_240729_TY2_0289_1_V01_2,<표 2> 가족접촉자 잠복결핵감염 검진 사업 참여 및 치료에 따른 결핵 발생위험도 분석 결과 표에 대해 알려주세요,322.2430114746094,768.57373046875,1963.2512330204697,865.3247885296396
MI3_240729_TY2_0289_2_V01_1,LTBI 치료자 치료현황 표에 대해 알려주세요,319.94720458984375,2015.8292236328125,1953.6947703119604,1057.422694032349
MI3_240729_TY2_0296_1_V02-4_2,주차별 4차접종 인구 및 대상자 대비 접종률 차트(꺾은선형)에 대해 알려주세요,1282.9613037109375,724.3663330078125,935.740320765573,570.038769860337
MI3_240729_TY2_0296_2_V02-2_1,경과 기간별 중증질환 발생 비율 차트(가로 막대형)에 대해 알려주세요,507.0233459472656,936.4606323242188,1559.3532653074494,623.5310468943568
MI3_240729_TY2_0296_3_V02-1_1,예방접종 10만 건당 이상반응 의심환자 신고율 차트(세로 막대형)에 대해 알려주세요,330.1639404296875,1677.4656982421875,1923.0301515355754,1365.4558121197715
MI3_240729_TY2_0296_4_V02-2_1,"건강한 국민, 안전한 사회의 코로나19 예방접종 관련 차트(가로 막대형)에 대해 알려주세요",327.4334411621094,652.3682861328125,1928.967378302183,2025.1019505237023
MI3_240729_TY2_0296_5_V02-2_1,제목 소제목 시각요소 제목 차트(가로 막대형)에 대해 알려주세요,317.7269592285156,570.7236938476562,2080.6612531049946,2597.9221757885416
MI3_240729_TY2_0296_6_V02-2_1,붙임 3 인과성검토 사례의 일반적 특성 및 추정사인/진단명 분포 차트(가로 막대형)에 대해 알려주세요,321.2896423339844,2414.5849609375,1921.8326444352917,740.4474419427041
MI3_240729_TY2_0296_7_V02-2_1,1~60차 피해조사반회의의 인과성 검토사례 추정진단명(다빈도) 차트(가로 막대형)에 대해 알려주세요,330.7203063964844,2310.70361328125,1920.3432208769661,751.1148481454564
MI3_240729_TY2_0300_1_V02-1_1,정부혁신에 대한 데이터 시각화 차트(세로 막대형)에 대해 알려주세요,590.521240234375,1911.383056640625,1074.2559931017327,660.0500753242586
MI3_240729_TY2_0300_2_V01_1,정부혁신 보다 나은 정부 고혈압 관리수준 차트(세로 막대형)에 대해 알려주세요,327.20855712890625,467.57354736328125,1936.1837918383094,2302.9723163869508
MI3_240729_TY2_0304_1_V02-8_1,최근 8주간 주요 발생 지표 혼합형에 대해 알려주세요,331.26507568359375,1449.1026611328125,1920.9214074522563,793.4599823952346
MI3_240729_TY2_0304_2_V02-4_1,"최근 전국 연령대별 발생률 추이(인구 10만명 당, 명) 차트(꺾은선형)에 대해 알려주세요",317.79034423828125,2497.4208984375,1905.934702317921,638.515366163942
MI3_240729_TY2_0304_3_V02-8_1,"<연령대별 누적 사망률(10만 명당), 치명률('22.5.14. 0시 기준)> 혼합형에 대해 알려주세요",361.836669921875,1027.737060546875,1858.8509486200076,632.9959951645013
MI3_240729_TY2_0304_4_V01_1,주요 변이 오미크론 구분 분석주차 분석 건수 건 검출률에 대해 알려주세요,339.9399108886719,2564.090087890625,1944.2668501185253,573.1029028413681
MI3_240729_TY2_0304_5_V02-8_2,"12/11,776 혼합형에 대해 알려주세요",328.120361328125,2499.73095703125,982.2432559633866,537.4894124509906
MI3_240729_TY2_0304_6_V02-2_1,"건강한 국민, 안전한 사회에 대한 연구 결과를 시각적으로 표현한 막대형 차트에 대해 알려주세요",506.05023193359375,933.8914184570312,1562.222882489335,627.8245531717284
MI3_240729_TY2_0304_7_V02-4_1,최근 8주간 연령군별 주간 일평균 발생률 꺾은선형에 대해 알려주세요,331.6642150878906,841.5768432617188,1914.642318787934,778.712006394899
MI3_240729_TY2_0304_8_V02-4_1,일별 신규 확진자 현황 꺾은선형에 대해 알려주세요,346.8281555175781,600.8690185546875,1894.0169380939744,766.0004334817277
MI3_240729_TY2_0304_9_V02-1_2,지난 4주간 주별 연령별 신규 확진자 비율 차트(세로 막대형)에 대해 알려주세요,335.3291015625,2320.888671875,1899.1601446564964,839.9402085048183
MI3_240729_TY2_0306_1_V02-8_1,현재흡연율 차트(혼합형)에 대해 알려주세요,1269.9718017578125,1928.292236328125,945.7802137313375,633.3512586013469
MI3_240729_TY2_0306_2_V02-8_4,건강생활실천율 시·군구 중앙갑 혼합형에 대해 알려주세요,325.3043518066406,879.7418212890625,1925.6367442792614,807.8635991313781
MI3_240729_TY2_0306_3_V02-8_1,비만유병률 시각요소 혼합형에 대해 알려주세요,325.0618896484375,2388.703857421875,1914.7160936201735,773.7787764848787
MI3_240729_TY2_0306_4_V02-8_3,중앙갑 차트(혼합형)에 대해 알려주세요,1275.229736328125,2402.0380859375,930.601952623587,593.9257422320919
MI3_240729_TY2_0306_5_V01_1,정부혁신 관련 지표에 대해 알려주세요,302.94537353515625,406.61627197265625,1990.3701473332392,2680.224860205822
MI3_240729_TY2_0306_6_V01_1,정부혁신 + 12月55 보다나은 정부 힘이라 복지와 관련된 자료의 차트(표) 타입에 대해 알려주세요,293.5177917480469,557.2606811523438,1985.7485387485679,2470.676707774524
MI3_240729_TY2_0306_7_V01_1,정부혁신과 관련된 통계 지표를 보여주는 차트에 대해 알려주세요,308.0522155761719,381.1802673339844,2010.0998138429252,2687.575954640605
MI3_240729_TY2_0306_9_V01_1,정부혁신 + 05 보다나은 정부 힘이라 복지와 관련된 훈격 구분 기관명 및 성명 표에 대해 알려주세요,296.1312561035156,439.658447265625,1987.089366857724,2652.9330911332936
MI3_240729_TY2_0308_1_V02-4_1,주간 인플루엔자 의사환자 분율 꺾은선형에 대해 알려주세요,1280.991455078125,541.4066162109375,935.6635234730779,518.211284778797
MI3_240729_TY2_0308_2_V01_1,절기별 유행기준 및 유행주의보 발령 시정 표에 대해 알려주세요,371.95123291015625,502.4915771484375,1857.0760081563963,777.0995733473545
MI3_240729_TY2_0308_3_V02-4_1,주간 인플루엔자 의사환자 분율 차트(꺾은선형)에 대해 알려주세요,321.494140625,2269.968017578125,1931.7304581979859,665.5689569013927
MI3_240729_TY2_0323_1_V01_1,위기단계 하향에 따른 코로나19 대응 지침 개정 내용과 관련된 시각요소 제목 및 표에 대해 알려주세요,281.62884521484375,1300.9847412109375,1964.7265265169121,1888.9501293403193
MI3_240729_TY2_0323_2_V01_1,T01 T02 V01 차트에 대해 알려주세요,318.5626220703125,516.4041137695312,1961.4587205281098,1051.7285285961814
MI3_240729_TY2_0323_3_V01_1,주간 발생 동향 표에 대해 알려주세요,331.3916015625,702.3057250976562,1962.0146203551267,575.4029204559115
MI3_240729_TY2_0323_4_V01_1,5월 4주차 종합평가 결과 표에 대해 알려주세요,349.7334289550781,1031.7470703125,1933.0878682011473,449.7105705156056
MI3_240729_TY2_0323_5_V02-8_1,신규 확진자수 및 발생률 추이 차트(혼합형)에 대해 알려주세요,343.4529113769531,2425.68701171875,1884.5213291567964,653.6366134084999
MI3_240729_TY2_0323_6_V02-8_1,WHO 세부계통 점유율(%) 혼합형 차트에 대해 알려주세요,313.818359375,759.0525512695312,1951.2283056175918,1293.7262189248765
MI3_240729_TY2_0323_7_V01_1,권역별 주간 일평균 확진자 수 표에 대해 알려주세요,324.8391418457031,1746.9835205078125,1954.0026444586342,674.5040864346529
MI3_240729_TY2_0323_8_V02-1_3,< 해외유입 국적별 내국인 외국인 차트(세로 막대형)에 대해 알려주세요,324.3622131347656,1499.4312744140625,1912.0515095221376,1585.7151141190548
MI3_240729_TY2_0323_9_V02-8_1,붙임 2 코로나19 국외 발생 동향 차트(혼합형)에 대해 알려주세요,329.7236328125,1318.781494140625,1917.4437149204496,773.742128229585
MI3_240729_TY2_0325_1_V02-1_1,"제목과 추진목적, 차경고그림 인지 건강에 대한 차트(세로 막대형)에 대해 알려주세요",323.94598388671875,651.2450561523438,980.4859011242086,1017.886614960112
MI3_240729_TY2_0325_2_V01_1,주요결과 에 대해 알려주세요,198.1242218017578,558.4285278320312,1053.7142131212145,2388.482960341621
MI3_240729_TY2_0341_1_V02-8_1,최근 5년간 월별 장출혈성대장균감염증 환자 발생 현황 혼합형에 대해 알려주세요,608.6434326171875,1917.2060546875,1293.0340173534469,765.3633369871095
MI3_240729_TY2_0341_2_V01_1,정부혁신과 대한민국 대전환에 대한표에 대해 알려주세요,300.25323486328125,492.4128723144531,1977.6909641945738,2524.8862213790803
MI3_240729_TY2_0341_3_V01_1,정부혁신 + 대한민국 대전환 보다 나은 정부 차트(세로 막대형)에 대해 알려주세요,324.702880859375,755.6056518554688,1967.822487097903,767.5419532660363
MI3_240729_TY2_0366_1_V01_1,저출산 통계지표 표에 대해 알려주세요,349.531005859375,1709.2178955078125,1904.9333116406083,1162.8008938387297
MI3_240729_TY2_0366_2_V02-4_1,연령별 출산율 꺾은선형에 대해 알려주세요,324.271240234375,381.5849304199219,1968.1536942892674,2605.0382354039475
MI3_240729_TY2_0366_3_V02-4_2,성별 가사노동시간 차트(꺾은선형)에 대해 알려주세요,300.220458984375,1389.3531494140625,1924.8236524493097,1749.8467509809368
MI3_240729_TY2_0366_4_V02-1_1,남자 여자 차트(세로 막대형)에 대해 알려주세요,299.6651916503906,1416.2052001953125,1936.4022707325041,1716.629319647609
MI3_240729_TY2_0366_5_V02-4_3,전체 부모 육아휴직 사용률 꺾은선형 차트에 대해 알려주세요,349.43170166015625,459.71832275390625,1924.2420746659213,2675.804185271113
MI3_240729_TY2_0381_1_V03_1,< 작성 방법 개요 > 다이어그램에 대해 알려주세요,385.134521484375,1424.9404296875,1853.3330062241353,419.5072642617957
MI3_240729_TY2_0385_1_V02-1_1,2016년 상반기 어류양식 동향에 대해 알려주세요,353.66461181640625,2217.593505859375,1854.8943167461928,947.872845159579
MI3_240729_TY2_0385_2_V02-1_2,반반기 양식 어종별 어가 수 가로 막대형에 대해 알려주세요,349.0298767089844,630.4171142578125,1880.676050063406,833.603263369264
MI3_240729_TY2_0385_3_V01_1,상반기 종사자 동향 표에 대해 알려주세요,312.2222900390625,1169.7203369140625,1979.4776113798403,832.2533031048882
MI3_240729_TY2_0385_4_V01_1,상반기 주요 어류 생산 동향 표에 대해 알려주세요,309.58892822265625,1024.1337890625,1977.1573291451166,1036.621550854306
MI3_240729_TY2_0385_5_V01_1,2015년부터 2016년까지의 생산금액 데이터에 대해 알려주세요,307.4489440917969,1060.842529296875,1984.3685574789008,1044.9603386625129
MI3_240729_TY2_0385_6_V01_1,어류양식 수면적 동향 차트(세로 막대형)에 대해 알려주세요,308.7875671386719,1062.8326416015625,1974.4405956054275,1141.9559802125416
MI3_240729_TY2_0385_7_V01_1,합계 표에 대해 알려주세요,309.3994140625,1036.650146484375,1980.3932199189205,931.6794202568078
MI3_240729_TY2_0385_8_V01_1,상반기 주요 어류 양식 동향 표에 대해 알려주세요,308.03106689453125,1027.2750244140625,1974.3712958904837,1179.7541617950053
MI3_240729_TY2_0399_1_V02-3_1,2009년 어업별 생산량 차트(원형)에 대해 알려주세요,372.84783935546875,1204.425537109375,845.2582628861715,729.4034665317216
MI3_240729_TY2_0399_2_V02-1_1,어업별 생산동향 연근해 어업 생산동향 차트(세로 막대형)에 대해 알려주세요,325.9000549316406,2342.02978515625,1919.3258018864146,832.9905012259617
MI3_240729_TY2_0399_3_V02-1_1,천해양식어업 생산동향 차트(세로 막대형)에 대해 알려주세요,326.545166015625,2336.998046875,1918.2187349731564,835.6595823571774
MI3_240729_TY2_0399_4_V02-1_1,원양어업 생산동향 차트(세로 막대형)에 대해 알려주세요,337.22344970703125,2165.16845703125,1903.8004572940022,977.5422643825522
MI3_240729_TY2_0399_5_V02-1_1,라. 내수면어업 생산동향에 대한 세로 막대형 차트에 대해 알려주세요,342.47735595703125,1964.557861328125,1902.9630372812094,1054.6627655616296
MI3_240729_TY2_0401_1_V01_1,"9월 인구이동 전년동월대비 2010년 2011년 2012년 이동자수(천명, %)에 대해 알려주세요",415.2283630371094,2045.536376953125,1711.048589043166,502.46665964818794
MI3_240729_TY2_0401_2_V01_1,전국 인구이동 추이에 대해 알려주세요,322.5211486816406,929.5379028320312,1963.429269619368,800.8584090895547
MI3_240729_TY2_0401_3_V02-1_1,[그림 2] 2012년 9월 시도별 순이동률 차트(세로 막대형)에 대해 알려주세요,337.0865783691406,2426.64111328125,1867.7378386925714,720.7032387719577
MI3_240729_TY2_0431_2_V02-8_1,가을배추 재배면적 및 가격 동향 혼합형에 대해 알려주세요,365.04638671875,2420.808349609375,1837.655866431878,670.8436600995443
MI3_240729_TY2_0431_3_V02-8_1,가을무 재배면적 가격 동향 혼합형에 대해 알려주세요,364.56756591796875,2426.948486328125,1836.7426973143833,667.2121353924318
MI3_240729_TY2_0441_1_V02-4_1,2012년 다문화인구동태통계결과 요약 차트(꺾은선형)에 대해 알려주세요,1297.1165771484375,697.5192260742188,897.0606528859302,683.2352925665638
MI3_240729_TY2_0441_2_V02-4_1,[그림1] 혼인건수 추이에 대해 알려주세요,1289.0887451171875,2458.55126953125,916.1426061195959,627.9300121526167
MI3_240729_TY2_0441_3_V01_1,[표2] 다문화 유형별 규모 및 비중 표에 대해 알려주세요,398.5845947265625,2434.794677734375,1269.1111562546055,630.4413286358806
MI3_240729_TY2_0441_4_V02-4_2,29세미만 30·24세 차트(영역형)에 대해 알려주세요,359.81903076171875,2453.236083984375,1771.1996126461697,652.0720806273278
MI3_240729_TY2_0441_5_V02-4_1,(주)문화예술인한국연구제지원회 한국인(출생기준) 간편전 차트(꺾은선형)에 대해 알려주세요,331.6342468261719,2504.342041015625,1900.234378422516,607.0931984660119
MI3_240729_TY2_0451_1_V01_1,< 쌀 생산량 및 벼 재배면적 현황 > 표에 대해 알려주세요,328.88629150390625,2008.893310546875,1922.6415411916407,901.5894731889094
MI3_240729_TY2_0478_1_V02-8_1,한국판뉴딜과 관련된 차트(혼합형)에 대해 알려주세요,321.1752014160156,599.376953125,1898.3109673617103,598.8154913001996
MI3_240729_TY2_0478_2_V02-3_1,감염경로 구분 원형 차트에 대해 알려주세요,669.7869873046875,1761.3504638671875,1236.2983983661907,1171.1848990044236
MI3_240729_TY2_0478_3_V02-1_1,한국판뉴딜과 관련된 RT 차트(세로 막대형)에 대해 알려주세요,355.5022888183594,1843.13525390625,1880.8622574984447,1027.5226079732447
MI3_240729_TY2_0478_4_V01_1,주요 집단 발생 현황 표에 대해 알려주세요,295.1893005371094,438.09527587890625,2004.651131949741,2628.6839281942707
MI3_240729_TY2_0486_1_V02-4_1,해제자 현황 차트(꺾은선형)에 대해 알려주세요,344.6690673828125,863.6724243164062,1871.1837285268402,888.5787469543666
MI3_240729_TY2_0486_2_V02-8_2,경북지역일일신규 및 누적 확진자 현황 혼합형에 대해 알려주세요,573.054931640625,599.3565063476562,1513.806095702,963.3876537450615
MI3_240729_TY2_0486_3_V02-8_2,경기지역 확진자 현황 차트(혼합형)에 대해 알려주세요,558.2914428710938,1973.8880615234375,1512.8178048059262,954.2463629940479
MI3_240729_TY2_0486_4_V02-1_1,일일 신규 확진자 현황 차트(세로 막대형)에 대해 알려주세요,562.2677612304688,610.7176513671875,1527.9026743875245,990.0453419438392
MI3_240729_TY2_0486_5_V02-8_1,사양지수 차트(혼합형)에 대해 알려주세요,557.775634765625,1420.722900390625,1472.708055116419,1603.9612692056526
MI3_240729_TY2_0486_6_V02-8_1,사망자수 및 치명률 혼합형 차트에 대해 알려주세요,353.7889099121094,1908.23583984375,1883.420959620665,866.773409258706
MI3_240729_TY2_0490_2_V01_1,연결되어 있는 우리 표에 대해 알려주세요,338.6930847167969,741.2618408203125,1940.6932061265145,569.2528347057352
MI3_240729_TY2_0490_3_V01_1,"정부혁신 + 대한민국 대전환 보다나은 정부 한국판뉴딜 건강한 국민, 안전한 사회와 관련하여 연령 및 지역별 현황 차트에 대해 알려주세요",342.23968505859375,1539.1689453125,1926.4033679312313,623.4245092510507
MI3_240729_TY2_0490_4_V01_1,정부혁신 관련 내용과 2022년 국민소통단 활동계획에 대해 알려주세요,328.0191955566406,460.318359375,1923.669626573678,2354.685867202127
MI3_240729_TY2_0515_1_V02-8_1,< 전자상거래액 및 전년동분기비 > 차트(혼합형)에 대해 알려주세요,397.0774230957031,2259.208251953125,1768.7910601309447,862.668145878608
MI3_240729_TY2_0515_2_V01_1,< 사이버쇼핑 거래액 동향 > 표에 대해 알려주세요,352.0661926269531,1412.6793212890625,1893.0704396890128,629.7857031816499
MI3_240729_TY2_0525_1_V01_1,<표 1> 운영주체별 농업법인 수 표에 대해 알려주세요,329.73779296875,1509.606201171875,1942.960042814178,719.2791936334356
MI3_240729_TY2_0525_2_V01_1,농업법인 종사자 현황 표에 대해 알려주세요,368.9581298828125,905.7764282226562,1872.1586981524554,425.6105561590399
MI3_240729_TY2_0525_3_V01_1,농업법인 경영경지면적 표에 대해 알려주세요,324.92059326171875,1597.74072265625,1954.6129846670196,709.9076644906337
MI3_240729_TY2_0525_4_V02-3_1,[농작물 재배유형별 면적현황] 차트(원형)에 대해 알려주세요,639.0187377929688,2183.898193359375,1333.0497766897763,778.5135379405503
MI3_240729_TY2_0525_5_V01_1,<표 7> 운영주체별 어업법인수 표에 대해 알려주세요,322.66510009765625,1376.9312744140625,1952.6995826147245,787.0525291133132
MI3_240729_TY2_0543_1_V02-1_1,1인당 연간 쌀 소비량 차트(세로 막대형)에 대해 알려주세요,458.2430114746094,2429.24365234375,1600.0822362308236,661.4509276917344
MI3_240729_TY2_0543_2_V01_1,<표 2> 표에 대해 알려주세요,400.9318542480469,1451.98876953125,1782.5511546209354,588.1972321056196
MI3_240729_TY2_0543_3_V02-3_1,<그림 3> 용도별 1인당 연간 쌀 소비량 차트에 대해 알려주세요,394.4580383300781,2575.01708984375,1654.6218706841948,502.7340864731458
MI3_240729_TY2_0543_4_V01_1,월별 1인당 1일 쌀 소비량 표에 대해 알려주세요,314.9394836425781,1330.8648681640625,1966.7589692684053,926.8708252473177
MI3_240729_TY2_0543_5_V01_1,주요 쌀 소비국 1인당연간 쌀 소비량 표에 대해 알려주세요,350.5180969238281,1883.6142578125,1864.7807232922962,760.0368792228455
MI3_240729_TY2_0543_6_V01_1,<표 6> 곡류별1인당연간소비량 표에 대해 알려주세요,393.7830810546875,1738.3316650390625,1777.8247497359882,766.8362296914818
MI3_240729_TY2_0543_7_V01_1,농가·비농가 1인당 연간 양곡 소비량 표에 대해 알려주세요,365.4992370605469,1524.643798828125,1853.0619218073728,904.4207349348734
MI3_240729_TY2_0543_8_V01_1,<표 8> 용도별 1인당 연간 양곡 소비량 표에 대해 알려주세요,392.54400634765625,1251.270751953125,1790.1521618394665,1102.950852969971
MI3_240729_TY2_0562_1_V01_1,2011년 기준 광업·제조업조사 잠정결과 총괄 연도별 주요지표 추이에 대해 알려주세요,328.3682861328125,1930.6016845703125,1946.438077659438,1058.9798308904367
MI3_240729_TY2_0562_2_V01_1,제조업 업종별 종사자수 및 부가가치 구성비 순위 표에 대해 알려주세요,326.4878234863281,713.2273559570312,1952.871896375565,865.3250187172856
MI3_240729_TY2_0562_3_V01_1,제조업 출하액 동향 제조업 출하액 주요 증감 산업 표에 대해 알려주세요,339.4373779296875,1559.6806640625,1946.2156317043114,1250.2064119299964
MI3_240729_TY2_0562_4_V01_1,< 제조업 구조별 출하액 구성비 > 표에 대해 알려주세요,327.42950439453125,1223.9466552734375,1957.1590446853888,680.8647825603579
MI3_240729_TY2_0562_5_V01_1,<전자산업의 주요지표> 표에 대해 알려주세요,296.9393310546875,1870.5955810546875,1967.3427350622035,1278.9960427184549
MI3_240729_TY2_0562_6_V01_1,주요지표 표에 대해 알려주세요,337.0848388671875,2721.257568359375,1941.3745582462848,392.4076640486608
MI3_240729_TY2_0565_1_V02-8_1,I. 2011년 생명표 요약 혼합형에 대해 알려주세요,1321.8623046875,708.4800415039062,843.6065666275873,696.1023569835206
MI3_240729_TY2_0565_2_V02-8_1,기대수명(년) 남녀차이(년) 차트에 대해 알려주세요,414.8321838378906,2303.43505859375,1727.9416288125872,807.0944551273789
MI3_240729_TY2_0565_3_V02-1_1,[그림 2] 성· 연령별 기대여명(2011년) 차트(세로 막대형)에 대해 알려주세요,372.48370361328125,2003.0810546875,1823.6065040259778,1074.5022782381936
MI3_240729_TY2_0565_4_V02-4_1,0세에서 특정 연령까지의 생존확률 꺾은선형에 대해 알려주세요,413.1465148925781,1253.6923828125,1734.6469800124273,705.3992879169095
MI3_240729_TY2_0565_5_V02-4_1,출생아의 사망확률 차트(꺾은선형)에 대해 알려주세요,362.48583984375,2320.968505859375,1850.9060949932957,754.0203388042152
MI3_240729_TY2_0565_6_V02-1_1,[그림 7] 차트(세로 막대형)에 대해 알려주세요,387.5795593261719,1386.6192626953125,1802.670423587413,921.3186668430247
MI3_240729_TY2_0569_1_V01_1,<표1> 전국가구 가구당 월평균 소득 표에 대해 알려주세요,319.2247314453125,1350.3470458984375,1950.8708622035763,863.0826458088842
MI3_240729_TY2_0569_2_V02-4_1,전국가구 가구당 월평균 소비지출 추이에 대해 알려주세요,338.0530700683594,2345.8388671875,1892.791590941662,816.6867540341614
MI3_240729_TY2_0569_3_V02-4_1,전국가구 평균소비성향 추이 차트(꺾은선형)에 대해 알려주세요,365.22247314453125,2342.7451171875,1834.8404246682494,807.8279361714428
MI3_240729_TY2_0569_4_V02-4_1,분위별 소득 및 소비지출 차트(꺾은선형)에 대해 알려주세요,342.2104797363281,2374.5654296875,1877.711381909992,781.8869242693145
MI3_240729_TY2_0575_1_V02-4_1,가구당 월평균 소득증감률 추이 꺾은선형 차트에 대해 알려주세요,345.64697265625,2375.88330078125,1861.4475184199114,776.4048937972367
MI3_240729_TY2_0575_2_V01_1,<표2>가구당 월평균 소비지출 표에 대해 알려주세요,318.84991455078125,1272.9931640625,1958.3272833842902,980.9981931009609
MI3_240729_TY2_0575_3_V02-4_1,평균소비성향 추이 차트(꺾은선형)에 대해 알려주세요,346.7418518066406,2373.473388671875,1868.5720503034074,766.4853902939496
MI3_240729_TY2_0575_4_V02-4_1,< 그림 4> 소득 5분위별 소득 및 소비지출 증가율 추이(연간) 차트(꺾은선형)에 대해 알려주세요,347.4131774902344,2363.559326171875,1881.3063402037983,762.3181460108948
MI3_240729_TY2_0575_5_V02-4_1,< 그림 5> 소득 5분위별 소득 및 소비지출 증가율 추이(분기) 차트(꺾은선형)에 대해 알려주세요,348.98455810546875,2266.1875,1885.0634699464024,791.7156325980086
MI3_240729_TY2_0575_6_V02-4_1,< 지니계수 추이(가처분소득 기준) > 차트(꺾은선형)에 대해 알려주세요,343.5263366699219,1199.31640625,1888.3000016360368,889.2165703520307
MI3_240729_TY2_0588_2_V02-1_1,자산의 유형별 비중 차트(세로 막대형)에 대해 알려주세요,292.71539306640625,2317.02587890625,996.4544644596868,842.7900192181622
MI3_240729_TY2_0588_3_V02-8_1,[그림 5] 가구당 순자산 보유액 구간별 가구분포 혼합형에 대해 알려주세요,379.1425476074219,1945.552001953125,1798.0140785454853,1178.380036204643
MI3_240729_TY2_0588_4_V02-1_1,주요국의 순자산 10분위 점유율 차트에 대해 알려주세요,1244.0709228515625,2330.255859375,1011.6047654195814,765.834479556433
MI3_240729_TY2_0588_5_V02-1_1,[그림 8] 소득 5분위별 순자산액 차트(세로 막대형)에 대해 알려주세요,509.93963623046875,2148.357666015625,1541.6034648195812,813.6364235253865
MI3_240729_TY2_0591_1_V01_1,"국제인구이동 추이, 2000-2011 표에 대해 알려주세요",299.515869140625,1920.5711669921875,1957.036786380206,1231.882792864688
MI3_240729_TY2_0591_3_V02-4_1,2000-2011 꺾은선형에 대해 알려주세요,375.4010314941406,515.7978515625,1813.4560479899596,822.9459153666121
MI3_240729_TY2_0591_5_V01_1,"[표 7] 주요국 체류자격별 입국자 구성비 추이, 2010-2011 표에 대해 알려주세요",320.34124755859375,441.2642822265625,1956.0556899971118,1065.6604929012244
MI3_240729_TY2_0591_6_V02-4_1,7. 월별 내외국인 국제이동 꺾은선형에 대해 알려주세요,329.58880615234375,1765.541259765625,1908.6340731512719,1352.4662188199557
MI3_240729_TY2_0591_7_V01_1,월별 국제인구이동 추이(내외국인) 차트에 대해 알려주세요,323.7977294921875,410.77655029296875,1970.8394072864332,2065.376770530896
MI3_240729_TY2_0598_1_V01_1,연도별 소득종류별 농가소득 표에 대해 알려주세요,336.4018249511719,1806.0032958984375,1933.6797766745512,564.4846268227894
MI3_240729_TY2_0598_2_V01_1,연도별 농가의 농업외 소득 표에 대해 알려주세요,335.86822509765625,1466.297607421875,1930.3406297090419,668.729743825153
MI3_240729_TY2_0598_3_V02-1_1,소비지출 차트(세로 막대형)에 대해 알려주세요,505.806396484375,2302.722900390625,1530.7165100836278,790.883788436778
MI3_240729_TY2_0598_4_V01_1,연도별 농가자산 표에 대해 알려주세요,330.0917053222656,1545.62939453125,1937.5415958469416,919.2507811106356
MI3_240729_TY2_0598_5_V02-1_1,농업용 및 가계용 부채에 관한 시각적 표현에 대해 알려주세요,490.39630126953125,2398.734130859375,1540.7345618960803,682.9567189316101
MI3_240729_TY2_0610_1_V02-8_1,2011년 어류양식동향조사 결과와 연도별생산동향 혼합형 차트에 대해 알려주세요,364.83087158203125,2519.415283203125,1773.6484127088931,592.5190148926756
MI3_240729_TY2_0610_2_V02-1_1,양식방법별 어가 동향 차트(세로 막대형)에 대해 알려주세요.,443.1260681152344,1229.9412841796875,1697.0401908015226,524.3533327587262
MI3_240729_TY2_0610_3_V02-1_1,어종별 생산동향 차트(세로 막대형)에 대해 알려주세요,442.31591796875,871.71044921875,1705.7159093507012,604.4002977554427
MI3_240729_TY2_0610_4_V02-1_1,어종별종묘입식 동향 차트(세로 막대형)에 대해 알려주세요,424.3065490722656,2479.362548828125,1700.3377259492268,610.7081034758471
MI3_240729_TY2_0610_5_V02-1_2,어종별 사료 투입량 차트(가로 막대형)에 대해 알려주세요,411.1788330078125,2503.7734375,1679.956163378376,592.9405705178799
MI3_240729_TY2_0612_1_V01_2,부문별 거래내역 표에 대해 알려주세요,399.81536865234375,1317.861328125,1823.0238522640484,328.3689256150299
MI3_240729_TY2_0612_2_V01_3,<주요 상품군별 거래액> 표에 대해 알려주세요,350.588623046875,2050.5107421875,1874.0043023324847,254.98044733664813
MI3_240729_TY2_0612_3_V02-8_1,< 연도별 전자상거래 규모 차트(혼합형)에 대해 알려주세요,433.91510009765625,592.7106323242188,1709.6119495341388,953.9418471289695
MI3_240729_TY2_0612_4_V02-8_1,사이버쇼핑거래액 전년동비 추이 차트(혼합형)에 대해 알려주세요,421.0700988769531,2230.746826171875,1710.9511811757004,887.3772709046762
MI3_240729_TY2_0612_5_V02-8_1,사이버쇼핑거래액 + 전년동분기비 차트(혼합형)에 대해 알려주세요,418.82586669921875,2290.896728515625,1728.8851355735035,839.4740718023334
MI3_240729_TY2_0617_1_V01_1,2011년말 국가자산 규모에 대한 표에 대해 알려주세요,364.3685607910156,2474.236083984375,1880.9167306959341,575.6752572583523
MI3_240729_TY2_0617_2_V01_2,2011년말 자 산 농림 광업 전기가스 서비스 업 기준에 대해 알려주세요,370.14349365234375,1120.71435546875,1867.8754260118867,499.5894050949217
MI3_240729_TY2_0617_3_V02-1_1,<국가자산의 추이> 차트(세로 막대형)에 대해 알려주세요,361.57989501953125,2295.04638671875,1844.0144917575465,839.6807588718116
MI3_240729_TY2_0617_4_V01_1,<유형고정자산의 추이> 표에 대해 알려주세요,342.32122802734375,1419.3076171875,1914.5923596849432,663.441786526399
MI3_240729_TY2_0617_5_V02-1_1,토지자산의 지목별 추이 차트(세로 막대형)에 대해 알려주세요,361.835693359375,2307.577392578125,1844.090946306274,828.4455338780904
MI3_240729_TY2_0617_6_V02-1_1,08개 도지역 차트(세로 막대형)에 대해 알려주세요,361.3625183105469,2324.403076171875,1849.31014118334,775.4243700301806
MI3_240729_TY2_0618_1_V02-8_1,미래로 통하는 빛 공정사회! 10a당쌀 생산량 및 생산비 추이에 대해 알려주세요,366.1978454589844,2497.407470703125,1788.5224366067014,616.493404053548
MI3_240729_TY2_0618_2_V01_1,2011년산 논벼(쌀) 생산비 관련된 시각요소 표에 대해 알려주세요,335.64019775390625,1379.7440185546875,1960.1930745663064,555.7236323834077
MI3_240729_TY2_0618_3_V01_2,< 연도별 순수익 및 소득 추이> 표에 대해 알려주세요,328.86077880859375,2147.828125,1912.8632522658054,933.6406622898322
MI3_240729_TY2_0618_4_V01_1,2011년산 논벼(쌀) 생산비와 관련된 표에 대해 알려주세요,308.76336669921875,1548.21923828125,1964.3080100334832,1535.3413971239431
MI3_240729_TY2_0618_5_V01_1,"(단위: 원, %, kg) 구 분 표에 대해 알려주세요",316.7565002441406,2359.119140625,1961.5587310082467,803.7517522765651
MI3_240729_TY2_0618_6_V01_1,< 10a당 총수입 > 표에 대해 알려주세요,326.86865234375,893.6761474609375,1961.2565350371763,697.121839227869
MI3_240729_TY2_0627_1_V01_1,이 통계 자료에서 제시된 만족도에 대한 차트(세로 막대형)에 대해 알려주세요.,363.950927734375,1378.453125,1875.8782098436056,562.0628497253026
MI3_240729_TY2_0627_2_V02-4_1,여성인구 추이 꺾은선형에 대해 알려주세요,390.1564025878906,1417.57080078125,1789.9457110969772,533.3818721116763
MI3_240729_TY2_0627_3_V01_1,여성가구주 통계 표에 대해 알려주세요,348.2951354980469,1925.2708740234375,1876.9766340556228,933.9240185625359
MI3_240729_TY2_0627_4_V01_1,혼인 통계에 대한 표에 대해 알려주세요,344.0557861328125,1977.0968017578125,1883.7881357386123,878.9646886620089
MI3_240729_TY2_0627_5_V01_1,연령별 출산율에 대한 표에 대해 알려주세요,346.4444274902344,2093.551025390625,1876.8013189605583,904.625546248514
MI3_240729_TY2_0627_6_V02-8_1,출생아수 및 출생성비에 대해 알려주세요,374.41552734375,1180.92724609375,1835.107299174216,608.9402269722926
MI3_240729_TY2_0637_1_V02-4_1,[그림1] 전국 월별출생 추이 차트(꺾은선형)에 대해 알려주세요,337.9087829589844,1044.5133056640625,1906.3191869174361,702.594976835409
MI3_240729_TY2_0637_2_V02-4_1,[그림2]전국월빌사망 꺾은선형에 대해 알려주세요,334.96051025390625,971.1099243164062,1912.9175759133504,714.8355696375352
MI3_240729_TY2_0637_3_V01_2,[표6] 시도별 혼인건수 표에 대해 알려주세요,301.0506896972656,1886.388916015625,1948.0166819471428,1282.812561243539
MI3_240729_TY2_0637_4_V02-4_1,[그림4] 전국 월별 이혼 추이 차트(꺾은선형)에 대해 알려주세요,336.1046142578125,965.2627563476562,1910.3040775250404,716.8173181149637
MI3_240730_TY2_0001_1_V02-6_1,특정국가 수임핀중도 차트(분산형)에 대해 알려주세요,398.2869567871094,2016.394287109375,825.9583293929505,489.09621930692924
MI3_240730_TY2_0007_1_V02-8_1,주요 10 X 희소금속 수입량 감소 차트(혼합형)에 대해 알려주세요,528.79248046875,1613.2015380859375,1504.7979742637997,567.9190957198178
MI3_240730_TY2_0028_3_V01_1,C제품과 D제품의 평균가격에 대한 차트에 대해 알려주세요,407.8648376464844,2377.37841796875,1774.401827438938,638.0260207978743
MI3_240730_TY2_0028_4_V01_1,T01 T02 T03 차트(세로 막대형)에 대해 알려주세요,389.418701171875,2485.461181640625,1792.693384886074,632.3505283851316
MI3_240730_TY2_0046_1_V01_1,농축수산물 수입가격지수 동향 표에 대해 알려주세요,390.1667175292969,976.2748413085938,1797.8350857132427,581.8476423025755
MI3_240730_TY2_0046_3_V01_1,주요 일반채소류 수입가격 동향 차트에 대해 알려주세요,327.7657470703125,2120.329833984375,1918.1354440191378,966.1058018197992
MI3_240730_TY2_0046_4_V01_1,주요 곡물류 수입가격 동향 차트에 대해 알려주세요,338.50006103515625,1995.1083984375,1900.3291400221265,941.4847760771497
MI3_240730_TY2_0049_1_V02-4_1,수출검증 업체(개) 337 291 222 84 2011 2012 2013 2014(예상) 꺾은선형 차트에 대해 알려주세요,328.4723205566406,533.3824462890625,907.6993812688002,531.8999580517701
MI3_240730_TY2_0050_1_V02-3_1,'13년 기업규모별 소비재 수출 현황에 대한 차트(원형)에 대해 알려주세요,307.57684326171875,2436.8798828125,1233.568530020464,659.0861023880682
MI3_240730_TY2_0050_2_V01_1,II. 품목별 소비재 수출 동향 비율 차트에 대해 알려주세요,343.58355712890625,1160.72900390625,1911.1473952453614,670.827616585669
MI3_240730_TY2_0056_1_V02-1_1,홍차와 녹차의 수입 비중 차트(세로 막대형)에 대해 알려주세요,903.907958984375,2597.862060546875,695.9184872463244,466.2533627631756
MI3_240730_TY2_0110_1_V01_1,"'세수증대 효과', '매출증대 효과'에 대한 표 에 대해 알려주세요",323.109619140625,1008.4808959960938,1952.6323570223963,1407.7664380551603
MI3_240730_TY2_0126_1_V01_1,코로나19 예방접종 추진 현황에 대한 차트(세로 막대형)에 대해 알려주세요,326.6298828125,1428.2061767578125,1971.5234291676168,1247.038000122184
MI3_240730_TY2_0135_1_V01_1,"확진자 성별, 연령별 발생현황 표에 대해 알려주세요",315.7811584472656,575.2982788085938,1953.496798669543,1082.5263904208382
MI3_240730_TY2_0152_1_V01_1,T04 에 대해 알려주세요,305.94293212890625,607.2318725585938,1964.7418634189341,1252.7782739124348
MI3_240730_TY2_0171_1_V01_1,정부혁신 + 대한민국 대전환 보다 나은 정부의 코로나19 관련 지표에 대해 알려주세요,285.2011413574219,662.43701171875,1973.185979333416,2423.0388219906486
MI3_240730_TY2_0171_2_V01_1,예방접종차트(세로 막대형)에 대해 알려주세요,327.16534423828125,457.70867919921875,1951.7989823800324,582.1747852964679
MI3_240730_TY2_0171_3_V01_1,11월 주별 통계 에 대해 알려주세요,327.30108642578125,1953.4351806640625,1945.405691007234,580.2664596671539
MI3_240730_TY2_0173_1_V02-2_1,< 해외감염병 관심도 > 차트(가로 막대형)에 대해 알려주세요,310.4670104980469,832.6146850585938,938.0986116484846,537.2276639493355
MI3_240730_TY2_0190_1_V01_1,코로나바이러스감염증-19 확진환자 검사현황 차트(세로 막대형)에 대해 알려주세요,326.64556884765625,1992.2744140625,1945.5877225757702,560.3183086210021
MI3_240730_TY2_0191_1_V01_1,레지오넬라증 개요 차트에 대해 알려주세요,300.7374267578125,476.7925720214844,1980.1512759916584,2541.5703153913446
MI3_240730_TY2_0198_1_V01_1,접종자 현황과 구분에 대해 알려주세요,321.9455871582031,1370.0535888671875,1970.7480896715024,1211.0632361329517
MI3_240730_TY2_0198_4_V01_1,정부혁신 대한 한국 대전환에 대해 알려주세요,349.114501953125,2037.25830078125,1875.5296567615349,943.264429548158
MI3_240730_TY2_0201_1_V01_1,코로나19 국내 발생 현황 표에 대해 알려주세요,324.2410583496094,2204.7822265625,1934.010467045259,847.2456085655705
MI3_240730_TY2_0214_1_V02-5_4,기타 AY와 관련된 점유율 변화 차트(영역형)에 대해 알려주세요,1306.841064453125,516.3654174804688,915.2590538455315,577.4673877617926
MI3_240730_TY2_0218_1_V02-8_1,일일신규및누적확진자 현황 혼합형에 대해 알려주세요,326.2876281738281,752.078369140625,1923.2002537470782,1042.3339578878113
MI3_240731_TY2_0003_1_V02-8_1,일일 신규 및 누적 확진자 현황 차트(혼합형)에 대해 알려주세요,317.576171875,737.3986206054688,1956.776521386323,1100.6582781664886
MI3_240731_TY2_0003_2_V02-1_1,복지와 함께 만드는 복지에 대해 알려주세요,499.57373046875,1444.4307861328125,1561.4154908301625,1608.7956031385556
MI3_240731_TY2_0003_3_V01_1,(단위: 명) 표에 대해 알려주세요,364.3238830566406,1967.52685546875,1827.413623233241,883.1378836960216
MI3_240731_TY2_0004_1_V02-8_2,누적 격리중·격리 해제자 현황 차트(혼합형)에 대해 알려주세요,378.4098815917969,2252.4560546875,1802.964190174911,849.1313992554768
MI3_240731_TY2_0004_2_V02-8_2,건강한 국민에 대한 차트(혼합형)에 대해 알려주세요,503.5013427734375,2434.170166015625,1565.3355252413537,602.9774127962816
MI3_240731_TY2_0004_3_V02-8_2,강원 이동평균 차트(혼합형)에 대해 알려주세요,500.0018615722656,1786.24951171875,1597.706533370365,554.4379958668709
MI3_240731_TY2_0004_4_V02-8_1,< 위중증 현황 > 혼합형에 대해 알려주세요,325.6982727050781,602.0271606445312,1884.0141708446927,589.0238072241955
MI3_240731_TY2_0005_1_V02-4_1,최근 2절기 인플루엔자의사환자 분율 현황 차트(꺾은선형)에 대해 알려주세요,493.7823791503906,1863.1922607421875,1580.169758495136,801.0470250715291
MI3_240731_TY2_0005_2_V02-8_1,정부혁신과 대한민국 대진환의 관련성과 소아 코로나19 예방접종 통계에 대해 알려주세요,332.8265075683594,1138.8095703125,925.9602111702219,572.657917252643
MI3_240731_TY2_0005_3_V02-8_1,정부혁신 대한민국 대진환 보다나은 정부 한국판뉴딜 차트(혼합형)에 대해 알려주세요,343.5240478515625,1207.2005615234375,916.968545471455,603.4086782463463
MI3_240731_TY2_0018_1_V01_1,결핵 환자 수 및 비율 표에 대해 알려주세요,308.8939514160156,1809.54931640625,1932.8919108460734,1332.2266668629952
MI3_240731_TY2_0018_2_V01_1,"(단위 : 명, [10만 명당 환자수], (%)) 남 여 전년 대비 증감 구분 2017 2018 신환자수 신환자율 신환자수 신환자율 차트(가로 막대형)에 대해 알려주세요",292.3908386230469,1562.1082763671875,2007.3734819207111,1550.3718612511125
MI3_240731_TY2_0018_3_V01_2,폐결핵 종류별 차트(세로 막대형)에 대해 알려주세요,344.7426452636719,2309.478515625,1893.3550769714163,513.9740557072583
MI3_240731_TY2_0019_1_V01_2,연도 계 서울 꺾은선형에 대해 알려주세요,353.227783203125,1691.1524658203125,1884.1654080640194,636.835224347358
MI3_240731_TY2_0019_2_V02-8_1,2020 월별 일본뇌염 매개모기 발생 현황 차트(혼합형)에 대해 알려주세요,336.0345764160156,1085.80029296875,1301.7154776296304,863.5845575331168
MI3_240731_TY2_0042_1_V01_1,1차 및 2차 접종 현황 표에 대해 알려주세요,313.85321044921875,664.6123657226562,1961.6429252472915,1662.4745912037843
MI3_240731_TY2_0044_1_V01_2,재택치료 현원에 대해 알려주세요,337.83734130859375,2173.1357421875,1902.8079605310613,297.98347406088965
MI3_240731_TY2_0050_1_V02-1_1,확진자수(명) 차트(가로 막대형)에 대해 알려주세요,580.1896362304688,1517.721923828125,1406.1246789917036,819.495786371024
MI3_240731_TY2_0050_2_V02-1_1,연령별 인구 10만명당 발생률 차트(세로 막대형)에 대해 알려주세요,365.9542541503906,580.941162109375,1801.4075266915654,613.9735428412513
MI3_240731_TY2_0050_3_V02-3_1,최근 2주간 감염경로별 신규환자 발생현황 원형에 대해 알려주세요,483.14520263671875,1841.674072265625,1596.5620212671656,1101.6733680321042
MI3_240731_TY2_0050_4_V01_1,확진자수 차트(세로 막대형)에 대해 알려주세요,358.3395080566406,1540.210693359375,1857.7318509910212,796.593731870774
MI3_240731_TY2_0062_1_V02-8_1,코로나19 예방접종 주별 이상반응 신고율 추이 혼합형 차트에 대해 알려주세요,345.89337158203125,2382.76904296875,1873.5823154271832,763.5290973768483
MI3_240731_TY2_0062_2_V01_1,제주권 표에 대해 알려주세요,298.30401611328125,593.2154541015625,1964.5430977063295,144.77870014327033
MI3_240731_TY2_0062_3_V02-1_1,확진지수(면) 해외유입관련 법률 및 요양병원을 주제로 한 차트(가로 막대형)에 대해 알려주세요,328.323486328125,608.76318359375,1918.2449103150082,662.3177151349522
MI3_240731_TY2_0062_4_V02-3_1,신규 연령별 이상반응 신고현황 차트(원형)에 대해 알려주세요,346.0412902832031,2417.126953125,927.3326114828087,583.8600545984998
MI3_240731_TY2_0062_5_V01_1,코로나19 예방접종 후 이상반응 신고현황 표에 대해 알려주세요,357.1744384765625,722.775146484375,1848.8340675970917,1115.791549858511
MI3_240731_TY2_0062_6_V01_1,정부혁신에 대해 알려주세요,350.11444091796875,800.2279052734375,1879.9848373010357,948.572582682202
MI3_240731_TY2_0062_7_V01_1,정부혁신 + 대한민국 대전한 보다나은 정부와 관련된 표에 대해 알려주세요,334.62274169921875,472.13861083984375,1937.968829210774,817.0500741602814
MI3_240731_TY2_0062_8_V02-2_1,중증사례 기저질환 분포 차트(가로 막대형)에 대해 알려주세요,376.7875671386719,2295.48095703125,1822.1397917556678,735.8298223241716
MI3_240731_TY2_0087_1_V01_3,경남권 주간 일 평균 주간 누계 표에 대해 알려주세요,304.2787780761719,501.85137939453125,1943.9970687193713,274.42012203443574
MI3_240731_TY2_0087_2_V02-3_1,최근 감염경로에 대해 알려주세요,555.4044189453125,654.47900390625,1475.0964378348356,1376.1931599799934
MI3_240731_TY2_0106_1_V02-4_1,1 확진자 일별 추세 차트(꺾은선형)에 대해 알려주세요,339.8282470703125,1535.6429443359375,1913.7298842005484,811.7578998212877
MI3_240731_TY2_0106_2_V02-8_1,대구지역 일일 신규 및 누적 확진자 현황 혼합형에 대해 알려주세요,533.3135986328125,1875.0673828125,1560.7772088729746,1096.8335467133568
MI3_240731_TY2_0106_3_V02-1_1,확진자 수에 대한 차트(세로 막대형)에 대해 알려주세요.,576.9951171875,1490.3829345703125,1413.9700983598352,822.8630507490946
MI3_240731_TY2_0111_1_V01_1,코로나19 국내 발생 및 예방접종 현황 차트에 대해 알려주세요,339.8088073730469,2681.031494140625,1935.4903309623112,441.7800388872751
MI3_240731_TY2_0111_2_V01_1,5월 16일부터 5월 22일까지 국내 확진자 수에 대해 알려주세요,330.35113525390625,590.3663940429688,1969.752085851785,580.251498825284
MI3_240731_TY2_0111_3_V01_1,2. 코로나19 치료병상 및 재택치료 현황 표에 대해 알려주세요,327.50726318359375,970.37451171875,1975.1677955943328,563.5833065367044
MI3_240731_TY2_0119_1_V01_1,성별·연령별 사망현황 표에 대해 알려주세요,328.98089599609375,532.7631225585938,1949.7090287384906,914.738422094755
MI3_240731_TY2_0119_2_V01_1,"건강한 국민, 안전한 사회와 관련된 표에 대해 알려주세요.",294.919677734375,494.3698425292969,1978.170578272644,2597.996424707975
MI3_240731_TY2_0119_3_V01_2,만 5~11세 기초접종 사전예약 및 접종현황 표에 대해 알려주세요,333.7171630859375,2478.044189453125,1958.887963032226,606.9242054171242
MI3_240731_TY2_0135_1_V01_2,신규 확진자 및 해외 유입 사례 차트(가로 막대형)에 대해 알려주세요,331.0958557128906,1911.1890869140625,1957.6361561629642,393.781237718627
MI3_240731_TY2_0135_2_V01_2,국내 주요 발생 현황에 대해 알려주세요,329.4458923339844,608.9328002929688,1957.3323776335749,507.61065187415716
MI3_240731_TY2_0140_1_V02-1_1,대국면 외국인 확진자수 표에 대해 알려주세요,704.6715698242188,571.195556640625,1056.1470552889255,710.7535554956536
MI3_240731_TY2_0140_2_V02-1_1,전체 차트(세로 막대형)에 대해 알려주세요,310.4764404296875,2647.828857421875,1765.4533483918449,367.34880833854135
MI3_240731_TY2_0155_1_V02-1_1,확진자수 및 사망지수에 대해 알려주세요,577.30224609375,1456.3480224609375,1414.2663244681203,829.1378483568039
MI3_240731_TY2_0155_2_V02-1_1,연령별 인구 차트(세로 막대형)에 대해 알려주세요,326.604248046875,1459.494384765625,1936.6431889631313,591.6246481181905
MI3_240731_TY2_0155_3_V01_1,해외유입 확진자수에 대한 표에 대해 알려주세요,353.04656982421875,1439.8927001953125,1866.345462269568,846.6091004201609
MI3_240731_TY2_0167_1_V02-1_1,연령대 별 확진자수 차트(세로 막대형)에 대해 알려주세요,575.203125,1438.5189208984375,1417.8087799714476,828.5608055476581
MI3_240731_TY2_0167_2_V02-8_1,일별 사망자 현황 차트(혼합형)에 대해 알려주세요,363.1973876953125,601.8289184570312,1860.5922700075753,721.9771207036745
MI3_240731_TY2_0180_1_V02-8_1,대구지역 일일 신규 및 누적 확진자 현황 혼합형에 대해 알려주세요,524.2183837890625,1506.88525390625,1572.742778759638,716.4817486917116
MI3_240731_TY2_0180_2_V02-1_1,일별 신규 확진자 현황 차트(세로 막대형)에 대해 알려주세요,534.7987060546875,1623.0655517578125,1562.2971067956883,889.994565828149
MI3_240731_TY2_0180_3_V02-1_1,확진자수(명) 차트(가로 막대형)에 대해 알려주세요,581.4016723632812,1455.90185546875,1411.9862494993292,826.991087378479
MI3_240731_TY2_0184_1_V01_2,T04에 대해 알려주세요,329.2030944824219,567.9124755859375,1958.6847747775903,509.9702881469683
MI3_240731_TY2_0208_1_V02-8_1,5년 평균발생건수(6~20년) 차트(혼합형)에 대해 알려주세요,362.6632080078125,2018.14404296875,1863.9640002025542,888.0840127729931
MI3_240731_TY2_0208_2_V02-1_1,정부혁신 + 대한민국 대전환 보다나은 정부에 대해 알려주세요,353.8444519042969,500.0395202636719,1876.930442536175,1363.203298662163
MI3_240731_TY2_0208_3_V02-4_2,바이러스성 장관감염증과 관련된 차트(꺾은선형)에 대해 알려주세요,345.3918762207031,1706.0126953125,1908.0884330357133,839.1574775336767
MI3_240731_TY2_0212_1_V02-4_1,일일 신규 확진·격리 해제자 현황 차트(꺾은선형)에 대해 알려주세요,343.2013244628906,2318.83642578125,1890.2401921437336,723.9327762981626
MI3_240731_TY2_0212_2_V02-1_2,수도권지역 일일 누적 확진자 현황 차트(세로 막대형)에 대해 알려주세요,534.4315185546875,1743.7579345703125,1559.7049205135659,861.9804835860025
MI3_240731_TY2_0212_3_V02-8_3,경기지역 일일 신규 및 누적 확진자 현황 혼합형에 대해 알려주세요,529.72802734375,1522.6983642578125,1558.54070919346,689.1019263582807
MI3_240731_TY2_0212_4_V02-8_1,대구지역 확진자 현황 혼합형에 대해 알려주세요,546.4701538085938,673.98046875,1567.444632718928,664.8939878708948
MI3_240731_TY2_0212_5_V02-1_2,일별 누적 확진자 현황 차트(차트(가로 막대형)에 대해 알려주세요,533.467529296875,1637.386474609375,1564.2234039902994,889.2983498058123
MI3_240731_TY2_0212_6_V01_1,확진자 및 사망자 통계 데이터의 표에 대해 알려주세요,373.42181396484375,487.4161376953125,1818.517878645547,937.5348722160584
MI3_240731_TY2_0212_7_V02-1_1,연령별 인구 10만명당 발생율 차트(세로 막대형)에 대해 알려주세요,371.580810546875,605.7523193359375,1842.146308057203,721.2461000599167
MI3_240731_TY2_0212_8_V01_1,확진자수에 대한 표에 대해 알려주세요,356.36907958984375,1504.7197265625,1866.3692870630334,905.1383938069642
MI3_240731_TY2_0215_1_V02-8_1,일일 의심신고·확진자 현황 차트(혼합형)에 대해 알려주세요,342.1764221191406,1430.7769775390625,1901.4476014666404,817.3856715839216
MI3_240731_TY2_0215_2_V02-1_2,수도권지역 일일 누적 확진자 현황 차트(세로 막대형)에 대해 알려주세요,532.5542602539062,1748.96923828125,1563.2921547302124,857.5706990428093
MI3_240731_TY2_0215_3_V02-8_1,서울지역 일일 신규 및 누적 확진자 현황 차트(혼합형)에 대해 알려주세요,512.7312622070312,2369.100830078125,1564.4782387125624,690.4555769059391
MI3_240731_TY2_0215_4_V02-8_2,충남지역 일일 신금 및 누적 확진자 현황 혼합형에 대해 알려주세요,548.4417724609375,677.7853393554688,1563.2187312805504,659.3293103241582
MI3_240731_TY2_0215_5_V02-1_1,연령별·주별 확진자 현황 차트(세로 막대형)에 대해 알려주세요,386.4188537597656,1555.5572509765625,1784.7909938201376,703.6078841975495
MI3_240731_TY2_0215_6_V02-8_1,성별·연령별 사망자 현황 차트(혼합형)에 대해 알려주세요,349.1705322265625,1446.9228515625,1898.2225786987235,866.486376907721
MI3_240731_TY2_0215_7_V02-1_1,< 해외유입 확진자 현황 > 차트(세로 막대형)에 대해 알려주세요,343.2964782714844,590.6111450195312,1895.6213210967733,835.6740831310719
MI3_240731_TY2_0227_1_V01_2,백신별 접종 현황 표에 대해 알려주세요,316.8248291015625,2177.737548828125,1938.829108100507,912.9038644091454
MI3_240731_TY2_0227_2_V01_1,"정부혁신 + 대한민국 대전환 보다나은 정부 건강한 국민, 안전한 사회 차트(표)에 대해 알려주세요",301.0086669921875,433.2847595214844,1998.230839987192,2600.8329934651156
MI3_240731_TY2_0227_3_V01_2,1차 접종자 제 완료 표에 대해 알려주세요,291.4297790527344,1761.4439697265625,1973.4080221229908,1402.5495331376615
MI3_240731_TY2_0227_4_V01_1,C02 에 대해 알려주세요,309.482177734375,342.3330078125,2009.2694449422877,2793.6522466939114
MI3_240731_TY2_0227_5_V01_2,전체 접종자 표에 대해 알려주세요,305.6318664550781,475.63507080078125,1973.0487164336316,1732.841782692998
MI3_240731_TY2_0227_6_V01_2,잔여백신 접종 현황 표에 대해 알려주세요,306.44561767578125,459.7286071777344,1970.0417864791934,1235.546864019875
MI3_240731_TY2_0234_1_V02-2_2,감염병 현황을 보여주는 차트(가로 막대형)에 대해 알려주세요,1311.4361572265625,1883.442138671875,857.1943071507952,571.832644887051
MI3_240731_TY2_0234_2_V02-2_1,OPEN 차트(가로 막대형)에 대해 알려주세요,370.5685119628906,2476.327880859375,853.2437699535487,561.3470880046267
MI3_240731_TY2_0234_3_V01_1,감염병 발생률에 대한 표에 대해 알려주세요,286.8492126464844,2855.69970703125,1916.166400786197,265.51466845315764
MI3_240731_TY2_0234_4_V01_1,법정감염병신고현황 차트(세로 막대형)에 대해 알려주세요,292.06005859375,449.9727478027344,2010.5490738995463,2634.190448132862
MI3_240731_TY2_0234_5_V01_1,2001-2018년도 법정감염병 사망신고현황에 대해 알려주세요,314.847900390625,535.3065185546875,1975.1707619483739,2178.187838787269
MI3_240731_TY2_0234_6_V01_1,2017-2018년도 법정감염병 신고 증감 현황 차트(세로 막대형)에 대해 알려주세요,294.0362854003906,463.3023376464844,1998.643018957461,2611.3185702497967
MI3_240731_TY2_0242_1_V01_3,시도별 접종 현황에 대해 알려주세요,326.03167724609375,2350.231689453125,1956.6373653428577,741.6893755483821
MI3_240731_TY2_0242_2_V01_1,"정부혁신 + 대한민국 대전환 보다 나은 정부 건강한 국민, 안전한 사회에 대해 알려주세요",298.7027893066406,448.2398986816406,1995.1534173602386,2586.2093268413264
MI3_240731_TY2_0242_3_V01_1,"확진자 성별, 연령별 발생현황 표에 대해 알려주세요",323.51025390625,736.4374389648438,1950.7457103150034,934.159829124099
MI3_240731_TY2_0242_4_V01_2,주간 일 평균 및 누계 표에 대해 알려주세요,337.761474609375,2437.0478515625,1932.2195205430864,473.5282345978041
MI3_240731_TY2_0242_5_V01_2,경북권 표에 대해 알려주세요,338.62860107421875,1668.5350341796875,1949.0281400982306,451.1340739418579
MI3_240731_TY2_0242_6_V02-3_1,정부혁신 + 대한민국 대전환 보다 나은 정부 차트(원형)에 대해 알려주세요,501.8352966308594,699.3676147460938,1569.7667581390183,1384.2193978004557
MI3_240731_TY2_0250_1_V02-1_1,2019년 성·연령별 손상입원환자수 차트(세로 막대형)에 대해 알려주세요,525.7479858398438,647.9108276367188,1538.4690555338125,751.591758837834
MI3_240731_TY2_0250_2_V02-2_1,연령별 중독 손상환자수 차트(가로 막대형)에 대해 알려주세요,972.8411865234375,1215.2572021484375,1183.5390088405284,667.2420345748353
MI3_240731_TY2_0250_3_V02-1_1,전체 입원환자 손상 입원환자 차트(세로 막대형)에 대해 알려주세요,404.0343933105469,988.2884521484375,1770.2170507518654,1043.3064433454492
MI3_240731_TY2_0255_1_V02-8_2,"12,000 격리해제 약진 차트(혼합형)에 대해 알려주세요",351.4091796875,1490.99462890625,1885.0813093458682,821.3724177332978
MI3_240731_TY2_0255_2_V02-1_2,수도권지역 일일 누적 확진자 현황 차트(세로 막대형)에 대해 알려주세요,534.61279296875,1726.15283203125,1561.1425933101505,891.2706840616644
MI3_240731_TY2_0255_3_V02-8_2,인천지역 일일 신규 및 누적 확진자 현황 차트(혼합형)에 대해 알려주세요,510.8657531738281,2368.4296875,1568.4322703951063,692.0081419804102
MI3_240731_TY2_0255_4_V02-8_3,검역 일일 신규 및 누적 확진자 현황 혼합형에 대해 알려주세요,518.4783935546875,2332.166748046875,1560.5713911537912,690.3711288380258
MI3_240731_TY2_0255_5_V01_2,< 성별·연령별 사망현황 > 표에 대해 알려주세요,333.13800048828125,550.2982788085938,1934.3043626722276,920.2335096368226
MI3_240731_TY2_0255_6_V02-1_1,정부혁신과 힘내라를 주제로 한 차트(세로 막대형)에 대해 알려주세요,346.919921875,528.1241455078125,1887.7420409040226,1190.2791424708996
MI3_240731_TY2_0272_2_V01_1,정부혁신 다양한 복지서비스와 관련된 전신반응 시각요소에 대해 알려주세요,307.1650695800781,692.615966796875,1970.6840507621603,1143.4310625018109
MI3_240731_TY2_0275_1_V02-8_2,해외감염병 관련 격려해제 & 객리중 혼합형에 대해 알려주세요,340.55804443359375,709.9959106445312,1901.9781234732538,784.1632117048483
MI3_240731_TY2_0275_2_V02-1_2,수도권지역 일일 누적 확진자 현황 차트(세로 막대형)에 대해 알려주세요,542.013916015625,1746.6474609375,1544.1730850116744,863.6464577139011
MI3_240731_TY2_0275_3_V02-8_1,서울지역 확진자 현황 차트(혼합형)에 대해 알려주세요,552.310546875,672.416015625,1556.6475920925955,678.1667287429058
MI3_240731_TY2_0275_4_V02-8_3,검역확진자 현황 차트(혼합형)에 대해 알려주세요,521.6646728515625,2334.20361328125,1554.4905037162068,682.886129418175
MI3_240731_TY2_0275_5_V02-8_1,< 위중·중증환자 현황 > 혼합형 차트에 대해 알려주세요,323.7362365722656,578.3611450195312,1868.980936772223,560.8869210970252
MI3_240731_TY2_0275_6_V02-4_1,< 감염경로 구분에 따른 일별 신규 확진환자 현황 > 차트(꺾은선형)에 대해 알려주세요,350.8663024902344,589.866455078125,1872.447567107631,1099.9106047913353
MI3_240731_TY2_0275_7_V02-1_5,전체 차트(세로 막대형)에 대해 알려주세요,332.9732666015625,2639.06640625,1742.5552158857988,406.4217075911369
MI3_240731_TY2_0275_8_V02-1_1,복지 평생친구 힘내라 차트(세로 막대형)에 대해 알려주세요,345.1331787109375,598.274658203125,1880.4000381820142,954.3653261498902
MI3_240731_TY2_0277_1_V01_1,일본뇌염 개요 표에 대해 알려주세요,299.8033447265625,405.9287109375,1995.4052834249605,2701.4768653553438
MI3_240731_TY2_0277_2_V01_1,<연도별 일본뇌염 주의보·경보 발령일 및 환자 발생현황> 표에 대해 알려주세요,352.2550048828125,1168.1981201171875,1897.2959706028298,582.4757303924706
MI3_240731_TY2_0289_1_V02-8_2,일일 누적 격리중·격리 해제자 현황 차트(혼합형)에 대해 알려주세요,339.6586608886719,685.6553344726562,1906.8637985903106,800.203868159715
MI3_240731_TY2_0289_2_V02-5_1,수도권지역 일일 누적 확진자 현황 차트(영역형)에 대해 알려주세요,534.7359008789062,1745.60009765625,1559.8957845493537,869.3794033756745
MI3_240731_TY2_0289_3_V02-8_3,진기지역 일일 신규 및 누적 확진자 현황 혼합형에 대해 알려주세요,523.1978759765625,1530.6092529296875,1572.4783640937123,688.4086516786871
MI3_240731_TY2_0289_4_V02-8_3,검역 일일 신규 및 누적 죽전자 현황 차트(혼합형)에 대해 알려주세요,519.58740234375,2335.1455078125,1559.2898017711714,684.079700072371
MI3_240731_TY2_0289_5_V01_3,< 일별 사망자 현황 > 표에 대해 알려주세요,335.0248107910156,1557.3070068359375,1922.586679473866,855.3988721138471
MI3_240731_TY2_0289_6_V02-1_1,정부혁신과 힘내라 보다나은 정부에 대한 차트(세로 막대형)에 대해 알려주세요,347.6967468261719,576.115966796875,1886.852550068262,1352.897314107252
MI3_240731_TY2_0294_1_V02-8_2,일일 누적 격리중·격리 해제자 현황 차트(혼합형)에 대해 알려주세요,338.6575622558594,688.7196655273438,1908.669653024539,798.8700253163169
MI3_240731_TY2_0294_2_V02-5_1,수도권지역 일일 누적 확진자 현황 차트(영역형)에 대해 알려주세요,529.4877319335938,1739.313232421875,1570.229847177442,875.8582778443096
MI3_240731_TY2_0294_3_V02-8_3,경기지역 일일 신규 및 누적 확진지 현황 혼합형에 대해 알려주세요,523.8187255859375,1532.0296630859375,1570.168524447639,689.3783050697457
MI3_240731_TY2_0294_4_V02-8_3,경이 일일신규및누적·펴진지 현황 혼합형에 대해 알려주세요,519.0955200195312,2334.671630859375,1560.243140582172,682.9175870404154
MI3_240731_TY2_0294_5_V02-3_1,감염경로구분에 따른 현황 원형 차트에 대해 알려주세요,567.9434204101562,1871.2730712890625,1420.3452672053413,1154.6537389227751
MI3_240731_TY2_0294_6_V02-1_1,정부혁신과 복지에 대한 차트(세로 막대형)에 대해 알려주세요,280.65203857421875,2697.829833984375,1738.8942057102183,344.71568469700827
MI3_240731_TY2_0294_7_V02-1_1,해외유입 확진자 현황 차트(세로 막대형)에 대해 알려주세요,351.7747802734375,542.441650390625,1873.3177976031723,1135.5881938893367
MI3_240731_TY2_0294_8_V02-1_2,연령대별 검사 건수에 관한 차트(세로 막대형)에 대해 알려주세요,325.54180908203125,965.9244995117188,1916.343220136257,898.8922298909852
MI3_240731_TY2_0296_1_V01_1,"정부혁신 + 대한민국 대전환 보다나은 정부 건강한 국민, 안전한 사회 시각 요소 제목과 관련된 표에 대해 알려주세요.",297.3258972167969,418.840576171875,1999.4888596255441,2675.7493331289656
MI3_240731_TY2_0296_2_V01_3,확진자 관리 현황 표에 대해 알려주세요,334.8511047363281,795.184326171875,1951.8132621175532,579.0373582296212
MI3_240731_TY2_0296_3_V01_1,전체 접종률 현황 표에 대해 알려주세요,321.12335205078125,804.2395629882812,1966.8911853335615,851.4707593554715
MI3_240731_TY2_0296_4_V01_1,"정부혁신 대한민국 대전환 보다나은 정부 한국판뉴딜 건강한 국민, 안전한 사회에 대한 표에 대해 알려주세요",304.5821228027344,350.28985595703125,2025.0875837022465,2786.5847926016513
MI3_240731_TY2_0296_5_V01_1,구분 합계 서울 부산 대구 인천 광주 대전 울산 세종 경기 강원 충북 충남 전북 전남 경북 경남 제주 표에 대해 알려주세요,297.92633056640625,410.3862609863281,1991.2500245117203,1340.4664051952068
MI3_240731_TY2_0296_6_V01_2,전체 접종자 표에 대해 알려주세요,303.4219970703125,415.1495666503906,1976.9831727458545,1437.9617275230405
MI3_240731_TY2_0296_7_V01_3,잔여백신 접종 현황 본문 표에 대해 알려주세요,341.2437438964844,2643.97607421875,1947.4666930615929,487.69037065359896
MI3_240731_TY2_0296_8_V01_2,중대한 이상반응과 관련된 차트에 대해 알려주세요,329.0328063964844,2612.580322265625,1975.684842208761,539.9232700355072
MI3_240731_TY2_0336_1_V02-3_1,"정부혁신 + 대한민국 대전환 보다나은 정부 한국판뉴딜 건강한 국민, 안전한 사회와 관련하여 원형 차트에 대해 알려주세요",546.677490234375,755.1341552734375,1418.731976930323,1533.150910522594
MI3_240731_TY2_0336_2_V01_1,6월 4주 6월 5주 7월 1주 7월 2주 표에 대해 알려주세요,335.33538818359375,1568.85888671875,1963.6574116500065,1311.9228333255726
MI3_240731_TY2_0336_3_V02-4_1,신규 확진자 차트(꺾은선형)에 대해 알려주세요,335.86065673828125,2332.396484375,1901.5575511981735,809.6333148460167
MI3_240731_TY2_0336_4_V02-1_2,해외유입 확진자 현황 차트(세로 막대형)에 대해 알려주세요,371.4430847167969,1432.29150390625,1843.139869087867,936.7542052765161
MI3_240731_TY2_0336_5_V02-8_1,아스트라제네카 백신 관련 데이터 차트(혼합형)에 대해 알려주세요,360.5577392578125,534.2030029296875,1857.0685082878804,801.3325762637135
MI3_240731_TY2_0336_6_V01_1,예방접종 이상반응 신고 현황에 대해 알려주세요,298.1375427246094,1441.6724853515625,1959.7352766807605,1686.0567276570566
MI3_240731_TY2_0336_7_V01_2,피해조사반 심의사례 중 사망사례 추정사인(다빈도) 표에 대해 알려주세요,302.943115234375,646.138427734375,1976.7576249453527,1339.0660117910097
MI3_240731_TY2_0336_8_V01_1,백신종류 구분 표에 대해 알려주세요,307.81890869140625,478.8136291503906,1959.8560542963617,1345.496041342778
MI3_240731_TY2_0339_1_V02-3_2,원형 차트에 대해 알려주세요,337.9857177734375,2644.8876953125,1621.6244610602253,355.66210189975516
MI3_240731_TY2_0339_3_V01_1,다양한 복지서비스에 대한 통계와 차트에 대해 알려주세요,282.0259094238281,605.3695678710938,1936.5350240910554,207.9185309979672
MI3_240731_TY2_0352_1_V01_1,정부혁신 대한민국 대전환에 대한 시각요소 범례와 표에 대해 알려주세요,284.5388488769531,566.52001953125,2000.414909456233,2544.3930071812565
MI3_240731_TY2_0352_2_V01_1,정부혁신 대한민국 대전환에 대한 표의 내용과 관련하여 알려주세요,306.31109619140625,349.34613037109375,2011.7891169152547,2794.5503498284925
MI3_240731_TY2_0352_3_V01_1,O 화이자 백신 차트(세로 막대형)에 대해 알려주세요,298.5650939941406,388.32647705078125,2018.322700527875,2731.612802245998
MI3_240731_TY2_0352_4_V01_2,얀센 백신 표에 대해 알려주세요,318.45135498046875,461.338623046875,1985.2240367725028,670.7822559514184
MI3_240731_TY2_0367_1_V02-8_2,일일 누적 격리중·격리 해제자 현황 차트(혼합형)에 대해 알려주세요,348.1962890625,1489.7398681640625,1882.3086656049654,782.8289466063718
MI3_240731_TY2_0367_2_V02-8_2,인천지역 일일신규 및부작 차트(혼합형)에 대해 알려주세요,530.9788818359375,1870.5009765625,1547.6975961273529,634.1119254625471
MI3_240731_TY2_0367_3_V02-8_2,광주지역 확진자 현황 혼합형에 대해 알려주세요,555.4967651367188,678.974365234375,1550.5813874221897,647.327622735919
MI3_240731_TY2_0367_4_V02-8_1,일별 사망자 현황 차트(혼합형)에 대해 알려주세요,358.7073974609375,1999.2005615234375,1873.10382045393,918.3516085179068
MI3_240731_TY2_0367_5_V02-4_1,최근 2주간 일별 신규 확진자 현황 꺾은선형에 대해 알려주세요,535.5441284179688,1784.5672607421875,1486.0721214725902,1233.0759985409973
MI3_240731_TY2_0422_3_V01_1,예약대상 예약기간에 대해 알려주세요,368.17803955078125,1743.7298583984375,1864.9036222894717,296.48796873763683
MI3_240731_TY2_0438_2_V01_1,본문에서 제시된 공통 문항에 대한 표에 대해 알려주세요,300.51763916015625,614.6830444335938,1964.554930657256,2273.8327982418323
MI3_240731_TY2_0438_3_V01_1,정부의 다양한 복지 서비스에 대한 정보와 시각적 데이터를 제시하는 내용에 대해 알려주세요,292.1186218261719,553.601318359375,1977.66615205122,2549.7950179907925
MI3_240731_TY2_0439_1_V02-4_1,온열질환자 수 변화 차트(꺾은선형)에 대해 알려주세요,318.46630859375,2539.625244140625,1918.1558893332783,578.2161294850449
MI3_240731_TY2_0439_2_V01_2,성별 인원 표에 대해 알려주세요,295.6156311035156,2209.76220703125,1941.5090427487903,135.6504694872204
MI3_240731_TY2_0455_1_V02-8_3,경기지역 일일신규 및 누적 확진지 현황 차트(혼합형)에 대해 알려주세요,557.2377319335938,596.9690551757812,1541.9231415007907,676.5425377887306
MI3_240731_TY2_0455_2_V02-8_3,검역 영업 신규 뒷누직 확진자 현황 혼합형에 대해 알려주세요,516.3331909179688,2385.419189453125,1550.417755334044,671.2272623662947
MI3_240731_TY2_0455_3_V01_2,< 성별·연령별 사망현황 > 표에 대해 알려주세요,317.063232421875,518.1888427734375,1933.2421325384794,1243.465552639586
MI3_240731_TY2_0455_4_V02-1_1,< 해외유입 확진자 현황 > 세로 막대형에 대해 알려주세요,324.7050476074219,594.796630859375,1886.8746448143374,592.6776935070609
MI3_240731_TY2_0462_2_V02-1_1,추석맞이 농축수산물 수입가격공개 1차 차트(세로 막대형)에 대해 알려주세요,333.0188903808594,1925.344970703125,1900.7428928504846,1224.7623351966477
MI3_240802_TY2_0001_1_V01_3,품품군별 적발실적과 관련된 식품 비식품 계에 대해 알려주세요,351.8085021972656,1946.5184326171875,1888.3818480143022,424.9820428402966
MI3_240802_TY2_0001_2_V01_1,적발금액 적발수량 적발건수 차트(세로 막대형)에 대해 알려주세요,324.01263427734375,621.7973022460938,1925.203015423335,1649.2137276080498
MI3_240802_TY2_0011_1_V02-6_1,티타늄 수입단가 전년대비 변화 차트(분산형)에 대해 알려주세요,371.7699890136719,1694.6639404296875,849.4284653531862,489.96326563604663
MI3_240802_TY2_0011_2_V02-1_4,총괄 부문별 성과에 대해 알려주세요,347.8684387207031,672.3037109375,868.7897921611714,547.892103237827
MI3_240802_TY2_0011_3_V02-4_1,에 대한 꺾은선형 차트에 대해 알려주세요,509.3533935546875,1282.3231201171875,1603.6359065788959,902.8097374095454
MI3_240802_TY2_0017_1_V02-8_1,10개 품목 평균대비 단가수준(%) 차트(혼합형)에 대해 알려주세요,1431.7877197265625,1364.9287109375,686.3298154354852,429.1455992176832
MI3_240802_TY2_0017_3_V02-4_1,수입량 변화 차트(꺾은선형)에 대해 알려주세요,374.0894470214844,2609.2998046875,597.3776481987559,462.8898093308138
MI3_240802_TY2_0017_4_V02-4_1,수입량 변화 100원 차트(꺾은선형)에 대해 알려주세요,390.3161926269531,1253.716064453125,575.3440143559179,417.4190268166236
MI3_240802_TY2_0017_5_V02-4_1,수입량 변화 차트(꺾은선형)에 대해 알려주세요,862.1890869140625,1181.376708984375,543.5140079976179,241.3540814487398
MI3_240802_TY2_0030_1_V02-3_1,주요국가 수출현황 차트(원형)에 대해 알려주세요,1323.4208984375,2557.052734375,815.430282147054,521.7400315416319
MI3_240802_TY2_0030_2_V02-1_1,주요품목 수입현황 차트(세로 막대형)에 대해 알려주세요,345.5379638671875,1109.4454345703125,858.0362636984343,522.8571950776792
MI3_240802_TY2_0041_1_V02-4_1,수출 연도별 수출입단가 꺾은선형에 대해 알려주세요,411.5227355957031,1990.665771484375,781.4004993480463,443.32275557453534
MI3_240802_TY2_0041_2_V02-1_2,급수출 연도별 수출입액 차트(세로 막대형)에 대해 알려주세요,360.3357849121094,1316.4373779296875,816.3640563773799,444.5209223557599
MI3_240802_TY2_0041_3_V02-4_1,승용차 수출입 단가 동향 꺾은선형 차트에 대해 알려주세요,1318.3323974609375,879.7381591796875,860.0203154862994,482.38329381184144
MI3_240802_TY2_0058_1_V01_1,2012년 월말 근로자 수 현황 표에 대해 알려주세요,334.9552001953125,2466.885498046875,1926.2403697524128,285.5143095755221
MI3_240802_TY2_0058_2_V01_1,월말 근로자 수 표에 대해 알려주세요,317.35174560546875,2798.554931640625,1928.6481294712314,302.38274675377596
MI3_240802_TY2_0058_3_V01_2,'13.5월 합병법인의 합병전후 매월말 근로자 수에 대해 알려주세요,303.7381591796875,429.90484619140625,1959.996084737373,411.3122359884489
MI3_240802_TY2_0058_4_V01_1,합병법인에 대해 알려주세요,304.0672302246094,435.2731018066406,1961.3062771765478,380.58522832326713
MI3_240802_TY2_0061_1_V01_1,AEO 공인 현황 에 대해 알려주세요,351.12335205078125,2715.9892578125,1857.6869069886084,229.1588606969568
MI3_240802_TY2_0061_2_V01_1,주요국 AEO 제도 현황 표에 대해 알려주세요,306.04522705078125,2308.450927734375,1971.9596314381654,856.3995017144779
MI3_240802_TY2_0070_1_V01_1,최근 10년간 주요 사무용품 수입동향과 관련된 시각요소에 대해 알려주세요.,414.4062194824219,848.9149169921875,1789.3167415940052,307.15880949226846
MI3_240802_TY2_0070_2_V01_2,품목별 목록 차트에 대해 알려주세요,380.4761047363281,2484.396484375,1843.0002252910883,646.3459102140812
MI3_240802_TY2_0073_1_V02-8_1,2012년 1월 수출입동향 및 I 수출 동향에 대해 알려주세요,311.3257141113281,1735.8958740234375,1966.1780890591017,739.3108863868098
MI3_240802_TY2_0073_2_V01_1,"(전년동월대비, %) 표에 대해 알려주세요",323.046142578125,2260.56982421875,1953.724166321611,460.740546341526
MI3_240802_TY2_0073_3_V02-1_1,무역수지 동향 월별 무역수지 추이에 대해 알려주세요,321.7735290527344,2316.99267578125,1944.2806064935614,811.0109995853581
MI3_240802_TY2_0074_1_V02-6_1,10월 10대 희소금속 수입단가 및 수입량 변화 차트(분산형)에 대해 알려주세요,403.70318603515625,1639.4127197265625,1778.5777515790066,554.3865480261142
MI3_240802_TY2_0074_2_V01_1,총괄 및 희토류 차트(혼합형)에 대해 알려주세요,365.6868591308594,547.6469116210938,1853.9310698669742,330.60910904801534
MI3_240802_TY2_0074_3_V01_2,증강률(%) 꺾은선형에 대해 알려주세요,1117.4656982421875,899.5628051757812,1112.0704796219732,828.021943894281
MI3_240802_TY2_0074_4_V01_2,표에 대해 알려주세요,1075.789306640625,2303.337890625,1120.5105249912638,816.627979882139
MI3_240802_TY2_0074_5_V02-4_3,수입량 단위 차트(꺾은선형)에 대해 알려주세요,364.3433837890625,2321.66845703125,784.8255874127711,415.37626181556925
MI3_240802_TY2_0074_6_V02-4_1,T01 T02 T03 차트(꺾은선형)에 대해 알려주세요,336.5293884277344,1252.127197265625,769.5296877953153,409.08900548908014
MI3_240802_TY2_0074_7_V02-4_3,수입량 및 단가 차트(꺾은선형)에 대해 알려주세요,336.540771484375,1252.45654296875,768.651910198221,408.1585585592182
MI3_240802_TY2_0076_1_V02-8_1,2012년 3월 수출입동향 및 I 수출 동향에 대해 알려주세요,319.6059265136719,2100.013671875,1961.3526184341001,773.0145946997133
MI3_240802_TY2_0076_2_V01_1,< 용도별 수입 증감률 추이> 표에 대해 알려주세요,322.0807189941406,2207.287841796875,1950.9926643489564,469.2738159035858
MI3_240802_TY2_0076_3_V02-1_1,무역수지 동향 및 월별 무역수지 추이에 대해 알려주세요,328.929931640625,2190.644287109375,1932.3652763101177,948.616587865883
MI3_240802_TY2_0078_1_V02-8_1,2012년 10월 수출입동향 및 무역수지에 대한 월별 수출액 증감률(혼합형)에 대해 알려주세요,323.5348815917969,1992.9051513671875,1960.957010388773,811.8813560283419
MI3_240802_TY2_0078_2_V01_1,소비재와 원자재의 수입 변화 표에 대해 알려주세요,327.5996398925781,2128.7568359375,1931.6920083114112,576.9171553707239
MI3_240802_TY2_0078_3_V02-1_1,무역수지 동향 및 월별 무역수지 추이에 대해 알려주세요,330.79730224609375,2162.447998046875,1925.287996463476,982.0422757758312
MI3_240802_TY2_0082_1_V02-8_1,2013년 2월 수출입동향 및 무역수지 1 수출 동향 < 월별 수출액 및 증감률 > 혼합형에 대해 알려주세요,317.2153625488281,1534.612060546875,1979.5160829453566,847.3493451905233
MI3_240802_TY2_0082_2_V02-8_1,월별 수입액 및 증감률 혼합형에 대해 알려주세요,316.7558898925781,789.1151733398438,1937.1247018373715,897.7044525242796
MI3_240802_TY2_0082_3_V02-8_1,"무역수지 동향에 대한 월별 무역수지 및 수출액, 수입액 추이에 대해 알려주세요",326.32611083984375,1745.1708984375,1969.3034529309336,1022.5631734319203
MI3_240802_TY2_0086_1_V02-8_1,2013년 10월 수출입동향 및 무역수지 1 수출 동향 < 월별 수출액 및 증감률 > 혼합형에 대해 알려주세요,319.49957275390625,1613.38525390625,1969.8566272655848,826.4920134314848
MI3_240802_TY2_0086_2_V02-8_1,월별 수입액 및 증감률 혼합형에 대해 알려주세요,318.5296630859375,790.91796875,1938.5341503735847,852.4933757836561
MI3_240802_TY2_0086_3_V02-8_1,3 무역수지 동향의 월별 무역수지·수출액·수입액 추이에 대해 알려주세요,333.025146484375,1778.269775390625,1941.5716571794883,863.383991895521
MI3_240802_TY2_0095_1_V02-6_1,250 수입단가 및 인동 차트(분산형)에 대해 알려주세요,402.54510498046875,1639.6630859375,1781.611772562943,553.0138385048516
MI3_240802_TY2_0095_2_V02-1_3,T01 T02 차트(세로 막대형) V02-1에 대해 알려주세요,397.0282897949219,1126.1768798828125,1782.8044816363558,555.2440082170706
MI3_240802_TY2_0095_3_V02-1_4,LS 수입단가 단위 차트(세로 막대형)에 대해 알려주세요,320.8149719238281,2671.962890625,782.9407631499381,428.67456710932163
MI3_240802_TY2_0095_4_V01_2,증강률(%) 표에 대해 알려주세요,1068.8314208984375,2240.919677734375,1122.0985440860024,822.1761946797689
MI3_240802_TY2_0095_5_V02-1_3,T01 T02 T03 차트(세로 막대형)에 대해 알려주세요,345.4710693359375,2637.792724609375,782.395123525112,419.59187022081704
MI3_240802_TY2_0095_6_V02-1_2,수입단가 단위 8 차트(영역형)에 대해 알려주세요,335.8172912597656,1251.625244140625,772.7602712148677,413.54148133967783
MI3_240802_TY2_0095_7_V02-1_3,"10,000 수입량 단위:돈 차트(세로 막대형)에 대해 알려주세요",340.8426513671875,2647.74755859375,783.89322061788,418.8305552502864
MI3_240802_TY2_0098_1_V01_1,세로 막대형에 대해 알려주세요,383.3163146972656,802.7645874023438,1831.1758668313635,400.9723035607195
MI3_240802_TY2_0098_2_V02-4_1,3월 1일 이후 대일 수출입액 차트(꺾은선형)에 대해 알려주세요,365.4453125,1706.053466796875,1847.4269705326878,647.2649209105373
MI3_240802_TY2_0108_1_V02-8_1,< 월별 무역수지 비교> 차트(혼합형)에 대해 알려주세요,379.4562072753906,1525.677001953125,1823.3230861492093,565.8231918492647
MI3_240802_TY2_0108_2_V01_1,"(단위: 억 달러, %) 표에 대해 알려주세요",341.04876708984375,2671.116455078125,1890.750609599003,452.6270908273806
MI3_240802_TY2_0108_3_V02-8_1,월별 수입금액 및 증감률 변동 추이에 대해 알려주세요,345.55615234375,1275.59814453125,1886.6288330219427,606.7481440626032
MI3_240802_TY2_0114_1_V02-8_1,2011년 5월 수출입동향 및 무역수지 I 수출 동향 < 월별 수출액 및 증감률 > 혼합형에 대해 알려주세요,311.8271789550781,1386.6163330078125,1964.210783808336,681.618524208269
MI3_240802_TY2_0114_2_V01_1,"(전년동기대비, %) 표에 대해 알려주세요",318.8930969238281,2120.6865234375,1964.6908461811634,461.8528576156245
MI3_240802_TY2_0114_3_V02-1_1,Ⅲ 무역수지 동향월별 무역수지 추이에 대해 알려주세요,318.56494140625,1255.8304443359375,1953.3692044886789,682.0705733729968
MI3_240802_TY2_0153_3_V01_2,국가별 화폐 변동성에 대한 표에 대해 알려주세요,351.639404296875,2490.517578125,1912.7939269854332,577.4866456404651
MI3_240802_TY2_0153_4_V02-1_1,< 월별 무역수지 > 차트(세로 막대형)에 대해 알려주세요,368.76031494140625,1254.7279052734375,1854.9334059997,591.7760509402199
MI3_240802_TY2_0154_1_V02-1_1,월별 수출입 및 무역수지 추이 세로 막대형 차트에 대해 알려주세요,302.899169921875,2437.99658203125,1950.812703187729,724.4006242876376
MI3_240802_TY2_0154_2_V01_1,주요 품목의 분기별 수출액 표에 대해 알려주세요,323.05950927734375,1033.6566162109375,1948.3442592935717,874.9978173211719
MI3_240802_TY2_0197_2_V01_1,국가별 포도주 수입 표에 대해 알려주세요,314.2685241699219,2348.514404296875,1964.1989734498495,816.6110344342181
MI3_240802_TY2_0197_4_V01_2,연도별 위스키 수입 표에 대해 알려주세요,327.6710205078125,640.6560668945312,1959.119850743455,464.92556247021116
MI3_240802_TY2_0209_1_V01_2,2015년 4월 수출입 연간 통계에 대해 알려주세요,365.50439453125,2676.00244140625,1809.6897999854748,443.52296464424086
MI3_240802_TY2_0209_2_V02-8_1,2015년 4월 수출입동향 및 무역수지 1 수출 동향 < 월별 수출액 및 증감률 > 혼합형에 대해 알려주세요,322.5761413574219,1768.004638671875,1965.5829671388499,830.4493479597023
MI3_240802_TY2_0209_4_V02-8_1,3 무역수지 동향에 대해 알려주세요,323.80877685546875,2234.752685546875,1944.7121023359866,898.4740099803353
MI3_240802_TY2_0215_1_V02-8_1,2015년 6월 수출입동향 및 무역수지 1 수출 동향 < 월별 수출액 및 증감률 > 혼합형에 대해 알려주세요,324.89508056640625,1882.5341796875,1958.889763270198,824.65245791394
MI3_240802_TY2_0215_3_V02-8_1,3 무역수지 동향에 대해 알려주세요,322.462646484375,2244.329833984375,1947.2698175012697,888.376046302603
MI3_240802_TY2_0220_1_V01_2,T01 T02 표 V01에 대해 알려주세요,324.88409423828125,2754.173583984375,1905.36764868977,378.737189013828
MI3_240802_TY2_0220_2_V02-8_2,연도별 수출규모 변화 추이 차트(혼합형)에 대해 알려주세요,339.3141784667969,1826.0733642578125,930.1691590917613,523.2412293456454
MI3_240802_TY2_0220_3_V02-8_1,수출가격과 수입가격 비교 차트(혼합형)에 대해 알려주세요,350.5592956542969,2037.5054931640625,922.6430339474499,530.0453972745116
MI3_240802_TY2_0228_2_V01_2,국가별 전자상거래 물품 수입통관 현황 표에 대해 알려주세요,316.61395263671875,535.5639038085938,1976.23216806918,979.8532710370894
MI3_240802_TY2_0265_1_V01_1,참고2 협업 추진계획 표에 대해 알려주세요,356.8108825683594,1220.5274658203125,1907.5225821279364,487.1720505737758
MI3_240802_TY2_0267_2_V01_1,관세청의 소프트웨어 품질 성숙도 수준에 대한 영역 프로세스 엔지니어링 차트에 대해 알려주세요,371.5798645019531,1174.1654052734375,1835.0745841196267,777.516671662824
MI3_240802_TY2_0275_1_V02-8_1,최근 5년간 라면 수출입 현황 혼합형에 대해 알려주세요,316.3727111816406,732.7513427734375,1936.056082353766,610.6777690545504
MI3_240802_TY2_0275_2_V02-8_1,수출입 평균가격 추이에 대해 알려주세요,1260.2755126953125,2533.3759765625,947.5753649846457,532.9945088708018
MI3_240802_TY2_0277_1_V02-4_1,농산물 수입가격지수 현황 차트(꺾은선형)에 대해 알려주세요,337.68145751953125,2160.503173828125,1913.541642437635,923.9591649203556
MI3_240802_TY2_0277_2_V01_1,주요 축산물 수입가격지수 현황 표에 대해 알려주세요,318.83209228515625,626.2528686523438,1980.385188408099,858.4326696530593
MI3_240802_TY2_0277_3_V02-4_1,수산물 차트(꺾은선형)에 대해 알려주세요,355.43414306640625,1660.1505126953125,1888.3955055199137,954.9465818448587
MI3_240802_TY2_0287_3_V02-8_1,< 월별 무역수지·수출액·수입액 추이> 혼합형 차트에 대해 알려주세요,312.75494384765625,2261.829345703125,1956.1920871403327,922.1731203303226
MI3_240802_TY2_0287_4_V01_1,'16년 11월 데이터에 대한 차트(세로 막대형)에 대해 알려주세요,303.0860900878906,404.0461730957031,1977.6628740357266,2712.5047943226796
MI3_240802_TY2_0306_2_V01_1,Ⅱ YES FTA 전문교육 교육프로그램과 관련하여 이 시각적 요소의 내용을 알려주세요.,301.92877197265625,724.9695434570312,1971.4184207639062,2068.2457045701804
MI3_240802_TY2_0306_3_V01_2,원산지결정 및 FTA활용실무에 대해 알려주세요,322.0234375,1233.16748046875,1964.5637958225127,729.638237925244
MI3_240802_TY2_0306_4_V01_2,관세법 개요 표에 대해 알려주세요,347.81494140625,1673.7950439453125,1878.4365259711478,697.0709063719258
MI3_240802_TY2_0306_5_V01_1,원산지검증 총칙 에 대해 알려주세요,339.8862609863281,2679.186767578125,1938.3910454021768,442.89704712043385
MI3_240802_TY2_0306_6_V01_1,FTA 원산지 검증에 대한 차트(세로 막대형)에 대해 알려주세요,316.5556335449219,1048.1201171875,1957.7399141150472,997.908543208324
MI3_240802_TY2_0306_7_V01_2,모기업 담당자 멘트 및 업무 애로사항 사례에 대해 알려주세요,304.4986572265625,2201.11376953125,1955.2670814584117,937.384809531255
MI3_240802_TY2_0336_1_V01_2,수출입 현황에 대한 차트(세로 막대형)에 대해 알려주세요,345.90167236328125,1736.474609375,1899.253513957577,645.180418195536
MI3_240802_TY2_0336_2_V02-8_1,< 월별 수출액 및 증감률 > 혼합형에 대해 알려주세요,315.0979919433594,1644.1077880859375,1990.2877070430566,854.4867614073958
MI3_240802_TY2_0336_3_V01_1,"(전년 동월 대비, %) 차트(세로 막대형)에 대해 알려주세요",308.8335266113281,2098.941162109375,1934.8075385744098,1068.5453317143404
MI3_240802_TY2_0336_9_V02-8_1,무역수지 현황과 8월의 무역수지 및 수출입액 추이에 대해 알려주세요,310.62261962890625,2231.3681640625,1963.6124755191668,950.2458893740486
MI3_240802_TY2_0364_2_V01_1,수출자 및 관련 기관의 목록에 대해 알려주세요,313.1605224609375,637.0807495117188,1974.667867327245,1905.873692968187
MI3_240802_TY2_0381_1_V02-4_1,한-인도 경제동반지협정 발효 10주년 수출입 동향 꺾은선형 차트에 대해 알려주세요,588.323974609375,2293.23046875,1366.5219562014076,767.2874181759323
MI3_240802_TY2_0381_2_V01_1,< 한국의 확인도 교역 현황 > 표에 대해 알려주세요,333.2862548828125,1136.7894287109375,1919.7695088762664,851.0233425685695
MI3_240802_TY2_0381_3_V01_1,18년 수출 상위 10대 품목의 연도별 수출 현황 차트(세로 막대형)에 대해 알려주세요,334.2201232910156,475.37408447265625,1896.8601919425525,1383.2534669994275
MI3_240802_TY2_0381_4_V01_1,수입 상위 10대 품목의 연도별 수입 현황 그래프에 대해 알려주세요,335.003173828125,469.425048828125,1896.8273268650205,1269.9543925225446
MI3_240802_TY2_0387_1_V01_1,Korea KOREA 보도자료 본문 표에 대해 알려주세요,313.76275634765625,415.4515380859375,1976.5050193786535,748.8826410453389
MI3_240802_TY2_0387_2_V01_1,분석 결과에 대해 알려주세요,421.41571044921875,1356.270263671875,1723.3277101491926,841.9250965321631
MI3_240802_TY2_0396_1_V01_1,관세청 KOREA GNI-PASS 보도자료 교역규모(억불) 차트에 대해 알려주세요,316.0067443847656,416.66448974609375,1973.7030687838264,696.5580615024184
MI3_240802_TY2_0396_2_V01_1,한국의 주요 교역국별교역현황 에 대해 알려주세요,374.4891357421875,836.1094970703125,1843.7559306612015,764.6632093320812
MI3_240802_TY2_0396_3_V01_1,이 보고서의 제목에 해당하는 산업별 FTA 활용 현황 표에 대해 알려주세요,343.99261474609375,1665.335693359375,1899.4464813167785,949.2005807406897
MI3_240802_TY2_0396_4_V01_1,참고1 FTA 발효국과의 교역 현황 표에 대해 알려주세요,282.08843994140625,626.6178588867188,1996.7464992377222,2502.9104738133988
MI3_240802_TY2_0396_5_V01_1,FTA 협정별 활용률에 대한 표의 내용을 알려주세요,306.9688720703125,397.6209716796875,2002.6293910192132,2657.896006827458
MI3_240802_TY2_0396_6_V01_1,지자체별 활용률 차트(세로 막대형)에 대해 알려주세요,298.4071044921875,403.9358825683594,1999.708455737742,2723.3540737947196
MI3_240802_TY2_0398_1_V01_1,2019년 8월 수출입 현황 차트에 대해 알려주세요,380.3540954589844,1797.725341796875,1826.1560000637455,542.3119392673623
MI3_240802_TY2_0398_2_V02-8_1,2019년 8월 수출입현황 및 무역수지 1 수출 현황 혼합형에 대해 알려주세요,315.7264404296875,1710.3482666015625,1989.2488341550177,868.8426536831819
MI3_240802_TY2_0398_3_V01_1,주요 품목별 수출 증감률 차트에 대해 알려주세요,307.94635009765625,2186.322265625,1943.8332453713836,971.0129223490248
MI3_240802_TY2_0398_4_V01_2,T04에 대해 알려주세요,336.73333740234375,2369.196533203125,1907.5077315412518,377.9283660075617
MI3_240802_TY2_0398_5_V01_1,미미국 수출 추이 표에 대해 알려주세요,296.9945373535156,2788.288818359375,1922.643993253262,370.1550185800138
MI3_240802_TY2_0398_6_V01_1,베트남 수출 추이 표에 대해 알려주세요,352.3408508300781,798.3276977539062,1924.3717411465977,343.41724586561025
MI3_240802_TY2_0398_7_V01_2,T04에 대해 알려주세요,325.66351318359375,2689.427978515625,1920.2880487024531,472.7946858146564
MI3_240802_TY2_0398_8_V02-8_1,무역수지 현황과 관련된 월별 무역수지·수출액·수입액 추이에 대해 알려주세요,316.16864013671875,2177.74755859375,1956.2678541904215,987.2667310708151
MI3_240802_TY2_0410_1_V01_1,신속통관 지원팀 현황 표에 대해 알려주세요,310.0198059082031,2301.85986328125,1960.057717505043,863.413094500629
MI3_240802_TY2_0411_1_V01_1,관세청 보도자료 표에 대해 알려주세요,309.471435546875,390.725341796875,1974.2722861268999,622.3340852539494
MI3_240802_TY2_0411_2_V01_1,중량 차트(세로 막대형)에 대해 알려주세요,323.7528381347656,2687.22705078125,1951.3210639250492,470.3755218949307
MI3_240802_TY2_0411_3_V01_1,주요 품목별 수출 증감률 에 대해 알려주세요,307.2640686035156,2223.186279296875,1940.8739288803417,954.086285283436
MI3_240802_TY2_0411_4_V01_1,화중국 수출 추이 차트에 대해 알려주세요,336.9183654785156,2369.00390625,1906.8051752972713,377.05344887551064
MI3_240802_TY2_0411_5_V01_2,밝일본 수출 추이 표에 대해 알려주세요,296.79229736328125,2788.1171875,1923.3608255402153,370.69354157079385
MI3_240802_TY2_0411_6_V01_1,화베트남 수출 추이 표에 대해 알려주세요,306.7410583496094,2684.789794921875,1989.7043262626603,491.2972251439943
MI3_240802_TY2_0411_7_V01_1,T04에 대해 알려주세요,326.12255859375,2689.200927734375,1918.5910413684844,472.3554562717003
MI3_240802_TY2_0411_8_V02-8_1,3 무역수지 현황에 대한 혼합형 차트에 대해 알려주세요,314.5437927246094,2190.568603515625,1959.6440510023042,976.1666943621353
MI3_240802_TY2_0442_1_V01_1,2020년 11월 월간 수출입 현황 차트에 대해 알려주세요,377.04156494140625,1843.4520263671875,1828.1982228317104,549.2066624805421
MI3_240802_TY2_0442_2_V01_1,"2020년 11월 수출입현황 및 무역수지 1 수출 현황 (단위: 만톤, 전년 동월 대비 %) 표에 대해 알려주세요",336.26605224609375,2671.14794921875,1949.7212664792935,466.6037430150482
MI3_240802_TY2_0442_3_V01_1,"(단위:전년 동월 대비, %)에 대해 알려주세요",317.2876892089844,2148.370849609375,1936.0663878790426,968.183076829846
MI3_240802_TY2_0442_4_V01_2,T01 T02 T03 표에 대해 알려주세요,362.65966796875,964.8991088867188,1913.094235461563,336.2007542827029
MI3_240802_TY2_0442_5_V01_2,베트남 수출 추이에 대한 차트(가로 막대형)에 대해 알려주세요,333.87030029296875,2349.4052734375,1920.2357151938704,408.72131888164074
MI3_240802_TY2_0442_6_V01_1,밝중동 수출 추이 표에 대해 알려주세요,342.8489685058594,708.5379028320312,1924.234160565506,378.45868109074144
MI3_240802_TY2_0442_7_V01_1,소비재 자본재에 대한 차트(세로 막대형)에 대해 알려주세요,309.566650390625,1892.0352783203125,1981.49034122107,700.905539825543
MI3_240802_TY2_0442_8_V02-8_1,3 무역수지 현황에 대한 월별 무역수지·수출액·수입액 추이에 대해 알려주세요,311.3183288574219,2222.751953125,1967.1013445503056,943.9159786879387
MI3_240802_TY2_0459_1_V02-8_1,18~19년 평균 차트(혼합형)에 대해 알려주세요,329.6123962402344,2518.56689453125,912.7902232316204,584.6786766903372
MI3_240802_TY2_0475_1_V02-8_1,승용차 수출입 차트(혼합형)에 대해 알려주세요,408.739990234375,1603.9525146484375,1750.8264095375287,455.83160964652416
MI3_240802_TY2_0487_1_V01_2,컴퓨터와 TV 관련 표에 대해 알려주세요,309.8609619140625,395.57861328125,1973.210202178789,613.1230850178731
MI3_240802_TY2_0492_1_V02-4_1,수출입 해상 컨테이너 신고운임 평균 월별 추이에 대해 알려주세요,357.9238586425781,1680.343017578125,1878.5332277298953,1016.6244257740649
MI3_240802_TY2_0533_1_V02-4_1,해상 수출입 운송비용 차트(꺾은선형)에 대해 알려주세요,325.8701171875,714.4905395507812,1912.6282347123547,1014.2414580186347
MI3_240805_TY2_0005_1_V02-4_1,최근 3개월 평균기온 변화 차트(꺾은선형)에 대해 알려주세요,323.2285461425781,1146.025634765625,894.8659697207138,466.2079999036333
MI3_240805_TY2_0005_2_V02-1_1,연도별 강수량 세로 막대형 차트에 대해 알려주세요,364.29254150390625,1649.2158203125,1853.2440269835731,591.6883939581706
MI3_240805_TY2_0011_1_V01_1,경제의 품을 비꾸민 혁신 정부 미래가 달려집니다 보도자료 Press Release에 대해 알려주세요,294.7886962890625,669.6139526367188,2045.9903950833834,350.34956565478024
MI3_240805_TY2_0011_2_V01_1,붙임 2 공동연수회 상세계획의 시각요소 표에 대해 알려주세요,312.6539611816406,582.9531860351562,1895.5016964684874,2435.7900264298432
MI3_240805_TY2_0015_1_V02-5_1,5월 중순 5월 하순 6월 상순 영역형에 대해 알려주세요,336.1661071777344,1614.360595703125,1943.9993856088768,1041.3201983699616
MI3_240805_TY2_0015_2_V02-5_1,기온 분포 영역형에 대해 알려주세요,343.9403381347656,504.0307312011719,1886.7123878823759,1255.4138054608604
MI3_240805_TY2_0015_3_V01_4,강수량 단위 mm 차트(꺾은선형)에 대해 알려주세요,333.099609375,2692.12548828125,1939.527935677649,440.5550204072915
MI3_240805_TY2_0016_1_V02-5_1,1개월 및 순별 기온·강수량의 전망 표현 기준표 영역형에 대해 알려주세요,348.13092041015625,1624.9693603515625,1906.116446333443,1043.627346152782
MI3_240805_TY2_0016_2_V02-5_2,0 강수량 분포 영역형에 대해 알려주세요,349.5528869628906,1859.62451171875,1872.4839510082666,1241.5259470512171
MI3_240805_TY2_0016_3_V01_4,강수량 에 대해 알려주세요,344.5,2668.404052734375,1931.279552980185,437.7925026745823
MI3_240805_TY2_0018_1_V02-5_1,영역형 차트에 대해 알려주세요,320.6982116699219,558.53662109375,1943.5386468494146,1040.1632849967114
MI3_240805_TY2_0018_2_V02-5_1,기온 분포 영역형에 대해 알려주세요,347.9226989746094,505.1824645996094,1877.387925162571,1253.2371253391725
MI3_240805_TY2_0018_3_V02-4_5,서울 50 차트(꺾은선형)에 대해 알려주세요,1260.949462890625,1018.1887817382812,978.3976089564858,618.9589300105514
MI3_240805_TY2_0026_1_V01_1,"강서의 경제적 가치 : 강설사례(1.4, 중부지역] 에 대해 알려주세요",334.39129638671875,1598.49853515625,1954.6760980930503,1357.2096725841986
MI3_240805_TY2_0026_2_V01_1,기상청 관련 기사 내용과 폭설의 경제적 측면에 대한 시각요소 차트에 대해 알려주세요,311.16510009765625,531.3264770507812,1952.351260978905,2310.60007385282
MI3_240805_TY2_0032_1_V02-5_1,1개월 하순 2월 상순 2월 중순 영역형에 대해 알려주세요,326.6802673339844,546.53271484375,1922.159102814718,1044.837118910933
MI3_240805_TY2_0032_2_V02-5_2,강수량 분포 영역형에 대해 알려주세요,350.7742004394531,1860.069091796875,1870.0820417782777,1240.0849098275526
MI3_240805_TY2_0032_3_V01_4,강수량 단위: mm 차트(꺾은선형)에 대해 알려주세요,344.47772216796875,2668.734375,1931.3082907499459,437.2376883882453
MI3_240805_TY2_0038_1_V01_2,서울의 기온 변화 표에 대해 알려주세요,369.9588623046875,1320.9310302734375,1824.432755250559,715.3404054314998
MI3_240805_TY2_0038_2_V01_1,전국 평균 기온과 강수량의 통계에 대해 알려주세요,362.5160217285156,2380.014892578125,1869.6975958826265,715.8264699512011
MI3_240805_TY2_0045_1_V02-5_1,영역형 차트에 대해 알려주세요,334.1046142578125,502.365966796875,1898.6152335292456,1038.0758414312845
MI3_240805_TY2_0045_2_V02-5_2,강수량 분포 영역형에 대해 알려주세요,355.2081298828125,1858.8956298828125,1860.9559425561556,1239.425580242984
MI3_240805_TY2_0045_3_V01_4,강수량 단위 mm 차트(꺾은선형)에 대해 알려주세요,328.36199951171875,2704.634765625,1934.1332390791154,438.2078058460106
MI3_240805_TY2_0045_4_V02-5_1,2월 상순 2월 중순 2월 하순 영역형에 대해 알려주세요,334.7151184082031,551.332763671875,1900.7093618417928,996.0934479942375
MI3_240805_TY2_0045_5_V02-5_2,0 강수량 분포 영역형에 대해 알려주세요,358.13140869140625,1857.710205078125,1855.0061817499115,1239.5172777269772
MI3_240805_TY2_0045_6_V01_4,강수량 에 대해 알려주세요,344.48809814453125,2668.564453125,1931.30431583033,437.52472762731213
MI3_240805_TY2_0048_1_V02-1_2,북한 월별 강수량 비교 차트(세로 막대형)에 대해 알려주세요,408.4767150878906,1773.47998046875,1758.630947091047,1060.6007167978134
MI3_240805_TY2_0048_2_V02-5_1,평균기온 분포도 영역형에 대해 알려주세요,563.4661254882812,502.70526123046875,1435.6034544877914,1149.4655859529096
MI3_240805_TY2_0056_1_V02-4_1,최근 1개월 평균 기온과 강수량 꺾은선형에 대해 알려주세요,340.8472595214844,2063.02587890625,939.6872368959833,468.2991414291589
MI3_240805_TY2_0056_2_V01_1,최근 10년 평균 기후값에 대한 표에 대해 알려주세요,376.83477783203125,2480.212890625,1841.1981035001968,525.0723647902777
MI3_240805_TY2_0063_1_V02-4_1,2010년 12월 북한 일평균기온의 변화 꺾은선형에 대해 알려주세요,368.0331726074219,534.69140625,1844.279122994393,732.8399367512208
MI3_240805_TY2_0063_2_V01_1,2011년 평균기온과 강수량에 대한 표의 내용을 알려주세요,365.95513916015625,540.51416015625,1834.3134205643241,2034.1637373931924
MI3_240805_TY2_0071_1_V01_1,기후변화 시나리오와 관련된 정보의 제공 내용에 대해 알려주세요,331.95001220703125,2348.664306640625,1933.0587994129269,649.2953253067157
MI3_240805_TY2_0071_2_V01_1,기상청 정의와 관련하여 구분 지수 정의 및 시각 요소에 대해 알려주세요.,321.93023681640625,473.1284484863281,1886.2436521820182,2551.105239180308
MI3_240805_TY2_0094_1_V01_1,배포일시 보도자료 Press Release 차트(세로 막대형)에 대해 알려주세요,251.52345275878906,505.9676513671875,2047.4816166694086,290.97348845108485
MI3_240805_TY2_0094_2_V01_1,제목에 맞춰 날짜별 아침 최저기온과 낮 최고기온의 변화를 보여주는 표에 대해 알려주세요,348.85308837890625,2733.19970703125,1877.7408215593593,364.1412992492895
MI3_240805_TY2_0097_1_V01_1,"올해 벚꽃, 평년보다 3일 정도 빨리 핀다 V에 대해 알려주세요",254.06689453125,505.95916748046875,2041.336421928839,295.41378640138277
MI3_240805_TY2_0097_2_V02-5_1,영역형에 대해 알려주세요,690.6069946289062,529.4655151367188,1155.417976706665,1160.4026569992618
MI3_240805_TY2_0104_2_V01_1,주요 관측장비 탑재 리스트 표에 대해 알려주세요,367.6797790527344,626.22021484375,1833.789886312293,1090.2709890682966
MI3_240805_TY2_0109_1_V02-5_2,그림 1 차트(영역형)에 대해 알려주세요,409.2347717285156,2227.94091796875,698.7754648769684,738.2438023311945
MI3_240805_TY2_0109_2_V02-5_3,그림 4 영역형에 대해 알려주세요,1297.5565185546875,1872.8521728515625,882.3233813706477,588.4610951525154
MI3_240805_TY2_0127_1_V02-4_1,최근 3개월 평균기온(좌)과 강수량(우)의 일변화 꺾은선형 차트에 대해 알려주세요,1298.7130126953125,1761.5772705078125,896.5233579655733,533.1798223402119
MI3_240805_TY2_0127_2_V01_1,[전국 기상요소 값] 표에 대해 알려주세요,332.57568359375,1846.1170654296875,1920.693398754294,925.1020387006607
MI3_240805_TY2_0130_1_V01_1,내일 강원도영동 많은 눈과 관련된 차트(표)에 대해 알려주세요,250.65438842773438,506.04608154296875,2049.6760642678223,288.5420694403459
MI3_240805_TY2_0130_2_V01_1,2010년 대관령 최심 적설(cm) 차트에 대해 알려주세요,271.7188720703125,421.9952087402344,966.729570281929,2443.5908041109724
MI3_240805_TY2_0162_1_V02-4_1,최근 3개월 평균기온(좌)과 강수량(우)의 일변화 차트(꺾은선형)에 대해 알려주세요,304.2589111328125,565.8590087890625,995.1465784110109,519.8352739099945
MI3_240805_TY2_0162_2_V01_1,최근 1·3개월 기후통계 분석 차트에 대해 알려주세요,346.7651672363281,1807.3861083984375,1885.0800756167614,933.4176211035062
MI3_240805_TY2_0173_1_V01_1,기상기후의 융합과 가치 확산으로 국민안전과 국가경제 선도에 대해 알려주세요,249.7259521484375,505.30792236328125,2050.1306775564867,294.5384179372576
MI3_240805_TY2_0173_2_V02-8_1,최근 1개월 평균 기온과 강수량 변화 혼합형에 대해 알려주세요,345.6994323730469,2165.366943359375,937.6644235669095,454.7647444855109
MI3_240805_TY2_0205_1_V02-4_1,11월 중순 11월 하순 12월 상순 꺾은선형 차트에 대해 알려주세요,358.46844482421875,2172.771484375,903.0433956539422,541.2325991476233
MI3_240805_TY2_0205_2_V02-8_1,평균기온 강수량에 대해 알려주세요,352.59832763671875,1623.543212890625,1890.6216933371634,1047.7858844726002
MI3_240805_TY2_0205_3_V02-8_1,0 기온 분포에 대한 혼합형 차트에 대해 알려주세요,353.9203796386719,1857.6900634765625,1863.0511954564186,1241.3890572612436
MI3_240805_TY2_0205_4_V01_4,강수량 단위: mm에 대해 알려주세요,345.3034362792969,2667.79345703125,1929.1180301817528,438.14503761734846
MI3_240805_TY2_0212_1_V02-8_1,CHOTHAUS 혼합형 차트에 대해 알려주세요,315.05157470703125,2129.723876953125,1945.648560882153,1070.2695937935925
MI3_240805_TY2_0212_2_V02-4_1,세계지진 발생추이 차트(영역형)에 대해 알려주세요,329.63201904296875,1600.9705810546875,1962.7736931430532,966.0549556179736
MI3_240805_TY2_0221_1_V02-8_1,2013년 2월 북한 일평균기온 변화 혼합형에 대해 알려주세요,359.7037658691406,1635.8447265625,1852.8398421544553,716.9712965455419
MI3_240805_TY2_0221_2_V02-8_1,평년보다 뉴욕 고념과 방수 차트(혼합형)에 대해 알려주세요,521.1460571289062,1414.3511962890625,1503.2453542306503,829.084743641202
MI3_240805_TY2_0221_3_V01_1,2012년 겨울철 강수량과 기온 현황 차트(세로 막대형)에 대해 알려주세요,317.83282470703125,471.30279541015625,1924.2248625418256,2443.5401689903397
MI3_240805_TY2_0235_1_V02-8_1,2013년 봄철('13.3.1~'13.5.31) 북한 일강수량 변화 혼합형에 대해 알려주세요,411.9783935546875,626.4835205078125,1745.189258613117,739.1122613136268
MI3_240805_TY2_0235_2_V02-8_1,2013년 5월 북한 일평균기온 변화 혼합형에 대해 알려주세요,381.6910400390625,1642.22314453125,1804.9511481577929,660.0598211749463
MI3_240805_TY2_0243_1_V02-8_2,7월 1일~18일 누적강수량 분포도에 대해 알려주세요,483.92620849609375,1073.8431396484375,673.7094213265755,740.495665384747
MI3_240805_TY2_0243_2_V02-8_1,7월 1일~18일 21시 평균 강수량 분포도 차트(혼합형)에 대해 알려주세요,555.8798828125,716.6082763671875,1460.9918476830615,900.4742597243404
MI3_240805_TY2_0247_1_V02-4_1,제목 분석 결과 소제목 [그림4] 보령지진의 시간적 분포 꺾은선형에 대해 알려주세요,351.0487976074219,1544.222900390625,1904.7065245837962,1336.9380460568152
MI3_240805_TY2_0247_2_V02-8_1,<'07년1월~ '13년 6월 지진발생 현황> 혼합형 차트에 대해 알려주세요,490.4523010253906,689.2774047851562,1587.896140157592,893.1171781694235
MI3_240805_TY2_0247_3_V02-8_1,ERH 시대 차트(혼합형)에 대해 알려주세요,423.7210693359375,1349.711181640625,1744.030761511324,1446.4356677152566
MI3_240805_TY2_0248_1_V02-8_2,최근 1개월 평균기온과 강수량 변화 차트(혼합형)에 대해 알려주세요,1268.4425048828125,2303.51611328125,886.9654414741599,429.64654107840687
MI3_240805_TY2_0248_2_V02-8_1,기온 변화 주세 차트(혼합형)에 대해 알려주세요,354.08538818359375,1636.965576171875,1863.4390005771045,461.4219323928845
MI3_240805_TY2_0249_2_V02-4_1,8월 전국 45개 지점 평균기온(°C) 꺾은선형에 대해 알려주세요,448.9659118652344,1150.2154541015625,1671.2392735875378,765.5740054924509
MI3_240805_TY2_0249_3_V02-1_1,8월 강수량(평비) 차트(세로 막대형)에 대해 알려주세요,444.1925048828125,1940.385498046875,1678.2249289237684,785.6553280457563
MI3_240805_TY2_0249_4_V02-4_1,그림 5 꺾은선형에 대해 알려주세요,384.2740478515625,2221.0107421875,1797.0870090950066,833.2255530641113
MI3_240805_TY2_0254_1_V03_2,9월 강수량 평년비 분포 다이어그램에 대해 알려주세요,610.2081909179688,2376.96533203125,606.3920785927864,639.7628950077857
MI3_240805_TY2_0254_2_V01_1,"순별 평균, 최고, 최저기온 및 편차 표에 대해 알려주세요",457.52996826171875,2557.052490234375,1610.2884202189573,340.53594429404217
MI3_240805_TY2_0254_3_V02-8_1,강수량과 관련된 데이터에 대한 혼합형 차트에 대해 알려주세요,379.62786865234375,706.9276733398438,1801.27597610944,841.0358845291671
MI3_240805_TY2_0254_4_V01_1,평년값 표에 대해 알려주세요,359.97149658203125,1585.16845703125,1866.895304485163,634.985239949105
MI3_240805_TY2_0258_1_V02-8_1,그림 2. 10월 평균기온(°C) 일변화 혼합형에 대해 알려주세요,480.989990234375,681.2608032226562,1626.4519657443602,746.166405807394
MI3_240805_TY2_0258_2_V02-8_2,10월 강수량(평비) 차트(혼합형)에 대해 알려주세요,528.4069213867188,620.8427734375,1483.576134342559,588.6347484099249
MI3_240805_TY2_0258_3_V01_2,연도별 기상요소 값 표에 대해 알려주세요,364.035888671875,1656.0401611328125,1862.3889890339972,588.5430635716806
MI3_240805_TY2_0273_1_V02-8_2,최근 1개월 평균기온과 강수량의 혼합형 차트에 대해 알려주세요,357.1171875,2213.88720703125,910.7214264593825,453.02647841501135
MI3_240805_TY2_0273_2_V02-8_2,최근 10년 강수량 변화 혼합형에 대해 알려주세요,353.1291809082031,1528.0406494140625,1856.4264830194832,460.77549398081595
MI3_240805_TY2_0288_1_V01_1,배포일시 보도자료 표에 대해 알려주세요,250.01364135742188,506.162353515625,2050.146628301227,289.5442174389582
MI3_240805_TY2_0288_2_V01_1,제 8호 태풍 너구리의 중심위치와 관련된 표에 대해 알려주세요,380.5661926269531,744.6439819335938,1831.5358446935525,613.15997878667
MI3_240805_TY2_0332_1_V01_1,강수량(mm) 차트(세로 막대형)에 대해 알려주세요,421.157958984375,499.0576477050781,1678.2342115270228,2428.0434002850225
MI3_240805_TY2_0332_2_V01_1,중부 납부 제주 년도 시작 종료 장마기간(일) 차트에 대해 알려주세요,323.0055847167969,471.4302673339844,1884.2353771934222,2560.749783521312
MI3_240805_TY2_0332_3_V01_1,강수량 및 강수일수 차트에 대해 알려주세요,306.88446044921875,461.812744140625,1956.745813995983,2557.6762374383247
MI3_240805_TY2_0332_4_V01_1,일 최다강수량 최고순위 표에 대해 알려주세요,340.50897216796875,1480.35400390625,1907.483263627868,740.3077753500477
MI3_240805_TY2_0332_5_V01_1,1시간강수량 최고순위 차트(세로 막대형)에 대해 알려주세요,336.4248962402344,526.0125122070312,1884.7319454787662,1453.7235380621848
MI3_240805_TY2_0332_6_V01_1,지점별 장미기간 합계강수량 최고 순위 차트(세로 막대형)에 대해 알려주세요,316.39874267578125,512.005859375,1897.486179801844,2526.7058952504794
MI3_240805_TY2_0332_7_V01_1,장마 합계 표에 대해 알려주세요,343.6529235839844,494.72381591796875,1884.3834312298088,2069.571081098936
MI3_240805_TY2_0338_1_V02-8_1,평균기온과 강수량의 혼합형 차트에 대해 알려주세요,402.37908935546875,571.8257446289062,1756.8165379572156,989.6393386978381
MI3_240805_TY2_0338_2_V02-8_1,월별 평균기온 전망(%) 혼합형에 대해 알려주세요,361.565673828125,1770.1165771484375,1852.1495836869824,1301.2509655620026
MI3_240805_TY2_0338_3_V01_1,확률예보 해석의 기준과 관련된 표에 대해 알려주세요,352.2471008300781,529.6987915039062,1909.2484736683439,670.7557337962149
MI3_240805_TY2_0339_1_V02-8_1,3개월 전망 요약 혼합형에 대해 알려주세요,362.6267395019531,1376.8175048828125,1864.6885935907521,1065.7324766210604
MI3_240805_TY2_0339_2_V02-8_1,10월 11월 12월 지역 기간 평년값 비숫 범위에 대해 알려주세요,316.2469787597656,2594.53564453125,1842.7532556923106,483.94335841387215
MI3_240805_TY2_0339_3_V01_1,확률예보 해석의 기준과 관련된 차트에 대해 알려주세요,351.3606262207031,530.4669799804688,1911.7909617975688,671.0920132145097
MI3_240805_TY2_0339_4_V02-8_1,최근 3개월 평균기온과 강수량의 일변화 혼합형에 대해 알려주세요,299.37506103515625,2635.225341796875,907.0070308136017,354.6825934170645
MI3_240805_TY2_0339_5_V02-4_1,연도별(1973년~2015년) 평균기온 꺾은선형에 대해 알려주세요,354.1322021484375,795.5441284179688,1825.0513867217312,517.197466416097
MI3_240805_TY2_0350_1_V02-8_1,3개월전망(2017년 3월~5월) 혼합형에 대해 알려주세요,409.1702880859375,589.5258178710938,1763.5575923445758,1086.2993512108785
MI3_240805_TY2_0350_2_V02-8_1,3월 4월 5월 지역 기간 평년값 (°C) 혼합형에 대해 알려주세요,363.24041748046875,530.24169921875,1849.6638459001708,1167.4421333543528
MI3_240805_TY2_0350_3_V01_1,확률예보 해석의 기준과 관련된 확률 예보 시각 요소에 대해 알려주세요,352.2869873046875,529.7230224609375,1909.1420687433413,670.6678086858375
MI3_240805_TY2_0367_1_V02-8_1,그림 1 혼합형에 대해 알려주세요,1146.42529296875,1672.3314208984375,1055.4766214608476,489.45962496862296
MI3_240805_TY2_0367_2_V02-1_1,9월 김수량(평년비) 차트(세로 막대형)에 대해 알려주세요,1134.202392578125,1898.8585205078125,1059.7445395711263,487.3496320183158
MI3_240805_TY2_0367_3_V01_1,2017년 9월 기상자료 표에 대해 알려주세요,354.22698974609375,1584.2208251953125,1865.777783828693,717.8105141580421
MI3_240805_TY2_0367_4_V02-8_1,서울 9월 기상자료특성 혼합형에 대해 알려주세요,372.541259765625,637.4532470703125,1835.792498588295,767.9203876641644
MI3_240805_TY2_0367_6_V01_3,1시간최다강수량 강수량 최다순위 표에 대해 알려주세요,350.4793701171875,2744.634033203125,1841.7101738986805,217.6389604907948
MI3_240805_TY2_0367_7_V01_1,9월일최대풍속 표에 대해 알려주세요,398.0547790527344,871.2534790039062,1845.3272176509395,218.20115796944398
MI3_240805_TY2_0374_1_V01_1,12월 1월 2월 평균기온 및 강수량 표에 대해 알려주세요,368.8886413574219,1852.8326416015625,1855.788131327013,374.0955290334882
MI3_240805_TY2_0374_2_V02-8_2,비슷 확률 맛있 차트(혼합형)에 대해 알려주세요,357.178466796875,1791.4852294921875,1859.2406339853057,1290.512301377778
MI3_240805_TY2_0374_3_V01_1,확률예보 해석의 기준과 관련된 확률 그래프에 대해 알려주세요,352.2837829589844,529.69189453125,1909.1418591409233,670.8424196506738
MI3_240805_TY2_0393_1_V02-8_1,10월 11월 12월 평균기온 차트(혼합형)에 대해 알려주세요,352.4694519042969,664.0225830078125,1871.0090892079336,1219.5109106736975
MI3_240805_TY2_0393_2_V02-8_1,월별 평균기온 전망 혼합형에 대해 알려주세요,344.9996337890625,512.04931640625,1897.5445902762929,1243.6037950981945
MI3_240805_TY2_0393_3_V02-8_1,붙임 2 해수면온도 현황과 전망에 대해 알려주세요,641.7117919921875,2249.189453125,1196.2949125546065,780.8912724146509
MI3_240805_TY2_0393_4_V02-1_1,강수량 일변화 차트에 대해 알려주세요,302.56561279296875,2628.60888671875,915.3805074716706,360.3707339302255
MI3_240805_TY2_0393_5_V02-8_2,연도별 전국 강수량(10월~12월) 차트(혼합형)에 대해 알려주세요,390.8338623046875,809.0576782226562,1786.163480471916,593.082733571878
MI3_240805_TY2_0406_1_V01_1,이 문서에서 3개월 전망과 관련된 평균 기온 및 강수량에 대한 내용을 차트로 보여주는 요소에 대해 알려주세요.,348.47686767578125,1950.2227783203125,1870.8138181714921,747.9228401572617
MI3_240805_TY2_0406_2_V01_2,월별 강수량 전망 차트에 대해 알려주세요,357.4266662597656,539.072265625,1882.7000666797555,865.0605697116091
MI3_240805_TY2_0423_1_V02-8_1,참고 3 10월 기상자료 및 관련 그래프에 대해 알려주세요,350.0536804199219,724.2598876953125,1868.6024106054872,859.3327396388338
MI3_240805_TY2_0423_2_V01_1,10월 일 평균기온최고 순위에 대해 알려주세요,301.8855285644531,666.4466552734375,1916.8593839345988,2424.4134266147703
MI3_240805_TY2_0423_3_V01_1,T01 T02 T03 표에 대해 알려주세요,348.85272216796875,1457.0074462890625,1878.1711068122956,835.2673642014832
MI3_240805_TY2_0423_4_V01_1,관측개시 날짜 차트(세로 막대형)에 대해 알려주세요,322.8734130859375,373.7420349121094,1927.7469280218522,2748.364370118617
MI3_240805_TY2_0423_6_V01_1,관측개시 날짜 차트(세로 막대형)에 대해 알려주세요,324.2793884277344,1327.29345703125,1890.1342619640234,1797.8322872644887
MI3_240805_TY2_0423_7_V01_4,최대순간풍속 최대 순위 (단위: ms) 지점에 대해 알려주세요,357.4454345703125,2040.1268310546875,1862.6023409324903,464.21923017792056
MI3_240805_TY2_0423_8_V01_3,최저기온최저 표에 대해 알려주세요,392.323974609375,750.494873046875,1850.8383120995727,256.1835294935034
MI3_240805_TY2_0428_1_V01_1,평균기온 및 강수량 관련 데이터 표에 대해 알려주세요,366.9742431640625,2547.1806640625,1871.1273375151554,556.2554434088271
MI3_240805_TY2_0428_2_V02-8_4,강수량 퍼센타일 차트(혼합형)에 대해 알려주세요,389.9749450683594,1430.7918701171875,393.65667443739994,454.1723557349711
MI3_240805_TY2_0428_3_V01_1,요소(전국) 12월에 대해 알려주세요,348.66802978515625,1857.5306396484375,1879.353395449735,958.241612143996
MI3_240805_TY2_0428_5_V01_1,(단위: cm) 표에 대해 알려주세요,350.67767333984375,1636.14501953125,1873.424980791954,752.7722509448196
MI3_240805_TY2_0428_6_V01_5,최대순간풍속최대 차트(혼합형)에 대해 알려주세요,366.9556884765625,2454.41552734375,1851.9538802977474,482.61535532878605
MI3_240805_TY2_0437_1_V01_1,3개월 전망(2020년 6월~8월) 표에 대해 알려주세요,390.86993408203125,2474.32275390625,1807.4170439252196,529.1358065425114
MI3_240805_TY2_0437_2_V01_1,이상저온 및 이상고온 전망에 대해 알려주세요,395.23651123046875,1585.486572265625,1762.7577515746386,670.9501669437981
MI3_240805_TY2_0471_1_V01_1,평균 변화율 혼합형에 대해 알려주세요,412.0338439941406,1614.97802734375,1751.6787222792402,610.3349336258216
MI3_240805_TY2_0471_2_V02-1_5,연대별 호우일수 추세 차트(세로 막대형)에 대해 알려주세요,1000.014404296875,2222.00341796875,1144.4749353043599,428.75599206100634
MI3_240805_TY2_0471_3_V02-3_1,최근 30년과 과거 30년 평균기온 변화 추세 차트(원형)에 대해 알려주세요,463.8448181152344,2263.737548828125,1626.4387875414043,693.8258367821148
MI3_240805_TY2_0471_4_V01_1,연평균 CO2 농도와 기온 증가 표에 대해 알려주세요,375.75860595703125,739.7260131835938,1845.8256869910892,670.1753533928611
MI3_240805_TY2_0473_1_V02-1_1,2021년 봄철 전국 강수량의 일변화 차트(세로 막대형)에 대해 알려주세요,422.0615234375,1429.16357421875,1701.5405467549654,472.34841221321335
MI3_240805_TY2_0473_2_V02-8_1,전국 봄 기상자료 특성(1973~021) 혼합형에 대해 알려주세요,380.19989013671875,756.9573974609375,1796.9242589967496,858.4403233065308
MI3_240805_TY2_0473_3_V02-8_1,전국 5월 기상자료 특성 혼합형에 대해 알려주세요,372.8215637207031,733.8208618164062,1815.4989567180519,872.7351153811824
MI3_240805_TY2_0480_1_V02-4_1,노지(밭) 환경에서의 기온 및 지면온도 분포 꺾은선형 차트에 대해 알려주세요,528.604248046875,2312.93115234375,1503.3055691453933,719.4418550065045
MI3_240805_TY2_0480_2_V02-4_1,기온 변화 영역형에 대해 알려주세요,608.8079833984375,553.8892822265625,1363.0826021226808,590.2879546835977
MI3_240805_TY2_0480_3_V02-8_1,붙임 2 대상·환경별 체감온도 서비스 소개와 관련된 온열질환 대응 방법에 대해 알려주세요,375.0696105957031,2044.55615234375,790.8373123614186,561.0876520282599
MI3_240805_TY2_0492_1_V01_1,기상기후의 융합과 가치 확산 표에 대해 알려주세요,248.49900817871094,505.2268981933594,2053.98701402298,289.45074250133774
MI3_240805_TY2_0492_2_V02-8_2,2005년 제14호 태풍 '나비(NABI) 진로도 혼합형에 대해 알려주세요,342.97174072265625,1445.9495849609375,919.7493143804127,804.5103815394936
MI3_240805_TY2_0493_1_V01_2,연도 기온 평균 최고 평균 최저 평균 강수량 일수 강수 시간에 대해 알려주세요,353.446533203125,2320.959228515625,1886.1311023692917,741.7431415182671
MI3_240805_TY2_0493_2_V02-8_1,서울12월기상자료 특성 혼합형에 대해 알려주세요,357.45263671875,672.865478515625,1834.6463832095808,589.969583078407
MI3_240805_TY2_0493_3_V01_2,연대별 기온과 강수량에 대해 알려주세요,361.9187927246094,2372.07568359375,1876.283650233889,694.7626052778081
MI3_240805_TY2_0493_4_V02-8_1,기후특성 혼합형에 대해 알려주세요,360.0966796875,671.806640625,1830.1399330741183,591.8617757299739
MI3_240805_TY2_0500_1_V02-8_1,10월 평균기온과 강수량 변화에 대한 혼합형 차트에 대해 알려주세요,1161.213134765625,999.0885620117188,1068.7564365150258,508.1352012643076
MI3_240805_TY2_0500_2_V02-1_1,10월 강수량(평년대비) 차트(세로 막대형)에 대해 알려주세요,407.523193359375,1230.371826171875,392.70631227747083,457.68993057953713
MI3_240805_TY2_0500_3_V01_1,요소(전국) 10월 차트(세로 막대형)에 대해 알려주세요,360.5239562988281,1606.7056884765625,1865.3302772743532,630.0941918717219
MI3_240805_TY2_0500_4_V01_2,기상요소 분석 결과 표에 대해 알려주세요,343.09771728515625,2223.80029296875,1862.8378441735376,876.7109721929638
MI3_240805_TY2_0513_1_V02-8_2,이상고온 발생일수 혼합형에 대해 알려주세요,1294.999755859375,521.1875610351562,937.5781048014687,968.320685036706
MI3_240805_TY2_0513_2_V02-4_1,Ⅱ. 엘니뇨·라니냐 전망 꺾은선형에 대해 알려주세요,362.29034423828125,1169.2244873046875,877.3384857187668,704.4562829161275
MI3_240805_TY2_0513_3_V02-8_1,기온 전망 차트(혼합형)에 대해 알려주세요,1346.71533203125,1713.734130859375,795.6851454012656,538.3529231435456
MI3_240805_TY2_0513_4_V02-8_2,[그림 5] 연도별(1973년~2019년) 전국 강수량(11월~1월) 혼합형 차트에 대해 알려주세요,383.5670471191406,1885.412841796875,1813.436493075999,474.22522598401594
MI3_240805_TY2_0521_1_V01_1,전국 및 주요지점 기온과 날씨에 대해 알려주세요,298.5137634277344,922.0213012695312,1905.5801771889749,2179.1655381308456
MI3_240805_TY2_0521_3_V01_1,T01 T02 T03 V01에 대해 알려주세요,341.96929931640625,434.2793884277344,1889.6030034060743,1052.7087289701583
MI3_240805_TY2_0525_1_V02-8_1,2021 Leeend JSM 차트(혼합형)에 대해 알려주세요,1290.0087890625,1761.7752685546875,1004.0599800168087,1249.9086380959511
MI3_240805_TY2_0525_2_V02-8_2,Lagend 2cm<3 ISM ISMES 지진 발생 차트(혼합형)에 대해 알려주세요,821.0427856445312,1891.385986328125,984.4025677143707,1123.0188592238962
MI3_240805_TY2_0534_1_V01_1,공간 배경에 대해 알려주세요,373.6036376953125,2578.9990234375,1859.8921206477366,532.3045240953284
MI3_240805_TY2_0534_2_V01_1,확장 가상 세계 행사에 대해 알려주세요,367.9444885253906,857.0108032226562,1866.7195168347553,546.2093283870306
MI3_240805_TY2_0546_1_V02-8_2,최근 12년간 동북아시아 지역 메탄 농도변화 차트(혼합형)에 대해 알려주세요,364.4461975097656,924.968994140625,1859.261413619372,652.5934597792074
MI3_240805_TY2_0546_2_V01_1,2022년 동북아시아 지역 이산화탄소 농도의 월별 변화 표에 대해 알려주세요,309.32037353515625,1020.9517211914062,1974.728469924869,640.0138730983311
MI3_240805_TY2_0546_3_V01_1,온실가스 감시를 위한 위성 자료의 차트에 대해 알려주세요,372.36865234375,901.1751708984375,1832.1971089852832,1646.1924310933268
MI3_240805_TY2_0547_1_V01_1,2022년 우리나라 이상기후에 의한 분야별 주요 피해 현황에 대해 알려주세요,301.123291015625,498.45184326171875,1998.8369029187245,2427.058201565044
MI3_240805_TY2_0549_1_V02-8_2,지진 발생 위치 및 진도 상세정보 차트(혼합형)에 대해 알려주세요,1371.6053466796875,2133.40380859375,712.6447025053191,535.5989427666727
MI3_240805_TY2_0549_2_V01_2,지진발생통계와 관련된 표 형식의 내용에 대해 알려주세요,349.90472412109375,518.2899169921875,1908.901995881276,741.7835054278722
MI3_240805_TY2_0549_3_V02-8_1,이번 지진의 발생위치와 관련된 데이터 시각화 혼합형에 대해 알려주세요.,350.84088134765625,532.5955200195312,1875.3766512058642,1155.7277812684385
MI3_240805_TY2_0570_1_V02-8_1,2023년 지진 분포도 차트(혼합형)에 대해 알려주세요,336.7323303222656,1826.302978515625,1913.705964559644,1214.7253883277442
MI3_240805_TY2_0572_1_V01_1,2024 동해안 지진해일 개요 및 시각요소 타입에 대해 알려주세요,301.3753662109375,558.1128540039062,1949.4686240649432,2456.480191551845
MI3_240805_TY2_0572_2_V01_1,2024 동해안 지진해일에 대해 알려주세요,300.6192626953125,477.35968017578125,1992.3892248357408,2509.3432293996693
MI3_240805_TY2_0575_1_V01_1,접속자 수 표에 대해 알려주세요,313.5853271484375,2243.78857421875,1951.0396648611675,220.63680580110275
MI3_240805_TY2_0585_1_V01_1,개선 사항 표에 대해 알려주세요,350.7147521972656,2326.757568359375,1885.1669059942365,776.2175915794353
MI3_240805_TY2_0585_2_V01_1,진도 표에 대해 알려주세요,372.4307861328125,2309.028564453125,1835.4499499010894,752.3702510320992
MI3_240806_TY2_0009_1_V01_1,스마트혁신 신기술 시연과제 표에 대해 알려주세요,333.74981689453125,1133.979248046875,1928.5202772847094,1740.035693714956
MI3_240806_TY2_0147_2_V01_1,과태료 부과 기준 표에 대해 알려주세요,353.0233154296875,2547.62841796875,1918.0902066712194,487.06035921713976
MI3_240806_TY2_0149_1_V02-4_1,< 월별 무역수지 비교 > 차트(꺾은선형)에 대해 알려주세요,367.64459228515625,1417.9473876953125,1839.3539122297,660.3683175805048
MI3_240806_TY2_0149_2_V01_1,1.2007년8월 월별 금액 및 증감률에 대해 알려주세요,347.535888671875,2664.05224609375,1888.0650734566286,447.4603977877864
MI3_240806_TY2_0149_3_V02-8_1,월별 수입금액 및 증감률 변동 추이에 대해 알려주세요,344.1776428222656,1171.239990234375,1885.2955363122392,664.6653470303711
MI3_240806_TY2_0153_2_V02-6_1,업체별 수출입 단가 추세와 관련된 꺾은선형 차트에 대해 알려주세요,381.52972412109375,951.30859375,1813.2716120087553,590.7170510941603
MI3_240806_TY2_0160_1_V01_1,I. 와인 수입 동향 차트(세로 막대형)에 대해 알려주세요,299.3244934082031,1989.5848388671875,1961.8651186885127,1163.9510119839194
MI3_240806_TY2_0160_2_V01_1,구분 표에 대해 알려주세요,338.21063232421875,2504.333740234375,1940.240096726433,652.1160802772116
MI3_240806_TY2_0160_3_V01_2,수입량 변화 추이에 대해 알려주세요,309.34075927734375,2242.1083984375,1941.0008717005132,906.7038949732386
MI3_240806_TY2_0170_2_V01_1,"12년, 주요 사료 및 사료원료 수입 동향에 대해 알려주세요.",341.3457946777344,2307.701416015625,1898.4906409011198,815.357411209911
MI3_240806_TY2_0170_3_V01_1,수입중량 및 수입가격 변화 표에 대해 알려주세요,365.31427001953125,2371.0546875,1873.2154220338487,691.1219333369214
MI3_240806_TY2_0174_1_V02-1_2,최근 주류 수출입 동향 차트(가로 막대형)에 대해 알려주세요,1310.0281982421875,2621.35693359375,839.0114455108995,454.90860635667127
MI3_240806_TY2_0174_2_V02-3_1,소주 수출대상국 차트(원형)에 대해 알려주세요,1325.2806396484375,2533.052490234375,840.2974270019354,504.10432109154925
MI3_240806_TY2_0174_3_V01_1,맥주 수출 동향 표에 대해 알려주세요,385.5736083984375,1656.997314453125,1830.0747752127188,525.6511149518801
MI3_240806_TY2_0204_1_V02-4_1,2012년 12월 기상 특성에 대한 꺾은선형 그래프에 대해 알려주세요,391.189697265625,2217.746337890625,1290.070587868679,558.6084961324807
MI3_240806_TY2_0204_3_V02-8_1,전국 12월 기상자료 특성 차트(혼합형)에 대해 알려주세요,457.1465148925781,660.6466674804688,1665.224505194487,833.7685465741035
MI3_240806_TY2_0204_4_V01_1,요인 분석 표에 대해 알려주세요,372.404052734375,1585.2130126953125,1847.4501669850301,525.2670720965639
MI3_240806_TY2_0204_5_V01_2,참고자료 4 12월 지점별 극값 경신 현황 차트에 대해 알려주세요,362.9139709472656,652.2283935546875,1870.2236211578875,516.2079535825203
MI3_240806_TY2_0204_6_V01_2,일최고기온(최저) 표에 대해 알려주세요,339.37744140625,2179.4130859375,1878.2649154617463,907.5613451569633
MI3_240806_TY2_0204_7_V01_1,관측개시 날짜 표에 대해 알려주세요,348.2156982421875,527.7774658203125,1865.6406570016443,1771.8652388578605
MI3_240806_TY2_0205_1_V02-1_1,지역별 지진발생 현황 차트(세로 막대형)에 대해 알려주세요,354.734130859375,1098.8638916015625,1875.7213506906633,1027.3201237103526
MI3_240806_TY2_0205_2_V02-8_1,연도별 지진발생 추이 혼합형에 대해 알려주세요,349.337158203125,524.2965698242188,1864.5709732747637,1105.7145339819378
MI3_240806_TY2_0205_3_V01_1,T01 T02 C01 V01에 대해 알려주세요,326.1815490722656,394.33941650390625,1915.3834516115198,2654.215862985425
MI3_240806_TY2_0205_4_V01_1,2012년 지진발생현황 표에 대해 알려주세요,381.07781982421875,625.6207885742188,1841.2290228518207,331.4200121738414
MI3_240806_TY2_0218_2_V01_1,2012년도 기상기후산업 시장규모 조사 결과와 관련하여 차트(표) 유형에 대해 알려주세요,317.2676086425781,846.2501220703125,1958.6253003696224,966.7790007384235
MI3_240806_TY2_0218_3_V02-1_2,2012년도 시장규모 조사 분석 차트(세로 막대형)에 대해 알려주세요,437.7384338378906,2172.10595703125,1699.4828383814047,650.9403706111464
MI3_240806_TY2_0218_4_V02-1_3,기상사업자 분포별 매출총액 차트(세로 막대형)에 대해 알려주세요,451.20916748046875,553.4954833984375,1663.021762978137,610.657603978075
MI3_240806_TY2_0246_2_V01_1,엘니뇨 발생 연도 에 대해 알려주세요,1231.2833251953125,1532.0250244140625,849.0613349679273,1322.105051519384
MI3_240806_TY2_0275_1_V01_2,(3.1~4.20) 에 대해 알려주세요,252.5642547607422,506.588623046875,2045.3318686986936,290.25743816592666
MI3_240806_TY2_0275_2_V02-4_1,봄철 일조시간 및 강수일수 연변화에 대한 차트(꺾은선형)에 대해 알려주세요,410.56829833984375,542.9569702148438,1742.1359389293252,673.0912112612904
MI3_240806_TY2_0275_3_V01_4,목포 일조시간 표에 대해 알려주세요,413.7574462890625,1615.822509765625,1764.2605568454915,299.2028245099083
MI3_240806_TY2_0280_1_V02-4_1,최근 8년간 시간별 낙뢰발생 횟수 꺾은선형 차트에 대해 알려주세요,482.2674255371094,549.3695678710938,1608.817992715265,801.3174584673421
MI3_240806_TY2_0323_1_V01_2,제공 내용에 대해 알려주세요,389.1568603515625,1745.94189453125,1820.1812159097674,370.30251081702335
MI3_240806_TY2_0351_1_V01_1,"2015년 주요도시 개나리, 진달래 개화 예상시기 시각요소 차트(세로 막대형)에 대해 알려주세요",375.0301818847656,582.1024780273438,1818.9688681720108,1008.6528120359843
MI3_240806_TY2_0351_2_V01_1,월별 평균기온 표준편차 차트에 대해 알려주세요,322.83380126953125,2805.1103515625,1855.5702180358376,290.69890585999406
MI3_240806_TY2_0375_1_V02-8_1,서울관측소와 선정릉 주변 상업지의 기온 변화에 대해 알려주세요,339.5482177734375,633.8954467773438,1890.391795375408,2030.6790112794463
MI3_240806_TY2_0378_1_V01_1,기상청 일정 시간 내용 비고에 대해 알려주세요,313.5584716796875,470.6486511230469,1924.8295547805749,2529.539126002129
MI3_240806_TY2_0378_2_V01_1,기상청의 구분 소속 성명 직위에 대해 알려주세요,324.22265625,514.7732543945312,1869.9277578317317,2473.7210163564055
MI3_240806_TY2_0380_1_V02-1_3,VI. 2016년 봄철 기후전망 차트(가로 막대형)에 대해 알려주세요,1333.436279296875,1495.4521484375,790.2769278213151,449.2993915903895
MI3_240806_TY2_0394_1_V02-1_1,식목일 기온 변화 차트(세로 막대형)에 대해 알려주세요,361.1195068359375,2146.368408203125,1855.2239237620513,910.4581193609217
MI3_240806_TY2_0394_2_V02-1_1,지역별 식목일의 땅속 5cm온도 변화 차트(세로 막대형)에 대해 알려주세요,362.1861877441406,2056.088623046875,1850.5423062276495,974.3919402700978
MI3_240806_TY2_0397_1_V01_1,붙임 2 더위체감지수 단계별대응요령에 대해 알려주세요,346.2376708984375,737.5726318359375,1877.6609200089142,1050.8153703997978
MI3_240806_TY2_0397_2_V01_1,단계 지수범위 대응요령 차트(세로 막대형)에 대해 알려주세요,334.8475036621094,1965.10791015625,1885.5268449179277,1141.7630142621706
MI3_240806_TY2_0397_3_V01_2,실외작업장 안전 수칙 차트(가로 막대형)에 대해 알려주세요,348.2464599609375,2138.897216796875,1870.3972267981326,612.819470794225
MI3_240806_TY2_0400_1_V02-8_1,전국 8월 기상자료특성 혼합형에 대해 알려주세요,388.0538330078125,667.5890502929688,1789.3827167477323,811.2716246241265
MI3_240806_TY2_0400_2_V01_2,연도별 기상요소 값 평균에 대해 알려주세요,342.0846252441406,2262.9404296875,1882.4869535416772,846.2190296423523
MI3_240806_TY2_0400_3_V01_1,2017년 여름 기상 데이터에 대해 알려주세요,360.24505615234375,2427.52294921875,1883.005472424328,676.1581723523923
MI3_240806_TY2_0400_4_V01_2,평균 평균 평균 표에 대해 알려주세요,335.3915100097656,2239.887451171875,1885.576704965542,879.9082668664553
MI3_240807_TY2_0020_1_V02-4_1,소비자심리지수 추이 꺾은선형에 대해 알려주세요,354.45782470703125,1166.5875244140625,1877.9208065156,969.9614966980868
MI3_240807_TY2_0020_2_V01_1,최근 소비자 물가 상승률 및 기대인플레이션에 대한 정보가 담긴 표에 대해 알려주세요,338.1202697753906,1331.2158203125,1910.079070338288,767.2615110872529
MI3_240807_TY2_0026_1_V02-4_1,소비자심리지수 추이 꺾은선형에 대해 알려주세요,357.3665771484375,1182.32421875,1867.4527575339494,935.966940828014
MI3_240807_TY2_0026_2_V01_2,기대인플레이션율 응답분포 차트(가로 막대형)에 대해 알려주세요,335.6962890625,1331.489990234375,1917.2365548659088,766.2672638088554
MI3_240807_TY2_0027_1_V02-4_1,소비자심리지수 추이 차트(꺾은선형)에 대해 알려주세요,357.4841613769531,1182.0865478515625,1867.166732140841,936.2242287383059
MI3_240807_TY2_0027_2_V01_1,기대인플레이션에 대한 물가인식 및 기대인플레이션율 차트(세로 막대형)에 대해 알려주세요,348.11785888671875,835.8779296875,1917.2287131171,506.424255400066
MI3_240807_TY2_0052_1_V01_1,2017년 6월 소비자동향조사 결과 I. 소비자심리지수 현재경기판단에 대해 알려주세요,354.63519287109375,2373.0263671875,1895.2294979063536,686.4578230086898
MI3_240807_TY2_0052_2_V02-1_1,기대형성 요인에 대한 응답비중 차트(세로 막대형)에 대해 알려주세요,601.556396484375,2301.453857421875,1354.7156015761598,746.5983270623308
MI3_240807_TY2_0055_1_V02-4_1,소비자심리지수1) 추이 꺾은선형에 대해 알려주세요,395.172607421875,1236.9178466796875,1774.8298357784204,839.6619261903724
MI3_240807_TY2_0055_2_V02-1_1,기대형성 요인에 대한 응답비중 차트(세로 막대형)에 대해 알려주세요,601.0794677734375,2338.01806640625,1308.327025603801,717.3546336764634
MI3_240807_TY2_0058_1_V02-4_1,소비자심리지수h) 꺾은선형에 대해 알려주세요,391.9605712890625,1238.175537109375,1780.761826503789,837.192258640491
MI3_240807_TY2_0058_2_V02-1_1,기대형성 요인에 대한 응답비중 차트(세로 막대형)에 대해 알려주세요,652.7317504882812,2342.818359375,1182.6541256141268,705.6221913202677
MI3_240807_TY2_0068_1_V02-4_1,소비자심리지수h) 꺾은선형에 대해 알려주세요,401.20452880859375,1228.3052978515625,1761.6544281852753,812.2177109674932
MI3_240807_TY2_0068_2_V02-1_1,기대형성 요인 차트(세로 막대형)에 대해 알려주세요,656.5897827148438,2489.1279296875,1119.5908426610868,522.7440967553205
MI3_240807_TY2_0070_1_V02-4_1,소비자심리지수 추이에 대해 알려주세요,402.00360107421875,1228.2608642578125,1760.3125084319524,812.2502581883995
MI3_240807_TY2_0070_2_V01_1,물가인식 및 기대인플레이션율 차트(세로 막대형)에 대해 알려주세요,337.9258728027344,1283.401123046875,1913.0944522750744,753.4480292838459
MI3_240807_TY2_0073_1_V01_1,구성지수의 기여도 표에 대해 알려주세요,339.45709228515625,2278.23583984375,1901.1826188843959,806.1201949869588
MI3_240807_TY2_0073_2_V01_1,물가인식 및 기대인플레이션율 차트(세로 막대형)에 대해 알려주세요,340.7393798828125,1283.352294921875,1904.7082453377502,753.2859173867203
MI3_240807_TY2_0079_1_V02-4_1,소비자심리지수h 추이 꺾은선형에 대해 알려주세요,382.52459716796875,1226.0023193359375,1800.3630991138223,768.5930305350572
MI3_240807_TY2_0079_2_V01_2,기대인플레이션율 응답분포 차트(세로 막대형)에 대해 알려주세요,342.2052001953125,1236.9364013671875,1909.0271378374264,704.0322893469456
MI3_240807_TY2_0080_1_V02-4_1,소비자심리지수h 꺾은선형에 대해 알려주세요,383.000244140625,1226.1715087890625,1799.4214712387243,768.2618123995686
MI3_240807_TY2_0080_2_V02-1_1,물가상승 기대형성 요인 차트(세로 막대형)에 대해 알려주세요,637.7243041992188,2405.44287109375,1160.1557383478,595.0200347524366
MI3_240807_TY2_0081_1_V02-4_1,2019년 11월 소비자동향조사 결과 I. 소비자심리지수 소비자심리지수 추이에 대해 알려주세요,385.6222839355469,1228.029296875,1794.493627690915,766.6876047456045
MI3_240807_TY2_0081_2_V02-1_1,물가상승 기대형성 요인에 대한 응답비중 차트(세로 막대형)에 대해 알려주세요,642.1757202148438,2407.86474609375,1158.5467457425832,592.2864274159267
MI3_240807_TY2_0089_1_V02-4_1,소비자심리지수 꺾은선형에 대해 알려주세요,405.2234191894531,1226.16943359375,1755.4739476594887,702.4865507767691
MI3_240807_TY2_0089_2_V02-1_1,물가상승 기대형성 요인 차트(세로 막대형)에 대해 알려주세요,644.5859375,2407.8466796875,1153.3123973610457,592.2250443421652
MI3_240807_TY2_0092_1_V02-4_1,2020년 10월 소비자동향조사 결과 I. 소비자심리지수 소비자심리지수 추이에 대해 알려주세요,405.17413330078125,1226.3682861328125,1755.765116179013,700.9329281606645
MI3_240807_TY2_0092_2_V01_1,물가인식 및 기대인플레이션율 표에 대해 알려주세요,354.2179260253906,740.1099853515625,1892.180193092202,471.00231208655816
MI3_240807_TY2_0103_1_V02-4_1,소비자심리지수 꺾은선형에 대해 알려주세요,410.9632568359375,1226.0296630859375,1753.4484949535465,632.84063551213
MI3_240807_TY2_0103_2_V02-1_1,물가상승 기대형성 요인 차트(세로 막대형)에 대해 알려주세요,644.1021728515625,2352.67431640625,1151.5760268626163,591.0870638920857
MI3_240807_TY2_0170_1_V01_1,대외채무 현황에 대한 표에 대해 알려주세요,358.37310791015625,1742.8087158203125,1854.1727571802812,821.099507887186
MI3_240807_TY2_0170_2_V01_1,대외채무 (억달러) 차트에 대해 알려주세요,341.6397705078125,962.7412109375,1886.65961505138,1258.2099244928347
MI3_240807_TY2_0198_1_V02-4_2,대외금융자산·부채 추이 꺾은선형에 대해 알려주세요,360.25347900390625,2246.876708984375,883.1262876869438,743.5528840390043
MI3_240807_TY2_0198_2_V02-4_1,단기외채/준비자산·단기외채/대외채무 추이 (%) 꺾은선형에 대해 알려주세요,357.8078308105469,2331.28076171875,883.1882573986237,749.1083434452138
MI3_240807_TY2_0198_3_V02-4_2,단기외채/대외채무 비중 추이에 대해 알려주세요,1289.6644287109375,2271.4521484375,898.6860405334419,754.0131170648885
MI3_240807_TY2_0198_4_V01_1,국제투자대조표 주요 통계 추이에 대해 알려주세요,316.6949157714844,463.22882080078125,1913.7909473850348,2642.9557974900617
MI3_240807_TY2_0223_1_V02-4_2,대외금융자산·부채 추이 꺾은선형 차트에 대해 알려주세요,1304.804931640625,2314.7705078125,863.7309050792848,711.9972384789489
MI3_240807_TY2_0223_2_V02-4_1,단기외채 비율·비중 추이 꺾은선형 차트에 대해 알려주세요,350.3659362792969,2389.280517578125,887.6849635707098,704.289237528213
MI3_240807_TY2_0223_3_V02-8_1,국제투자대조표 주요 통계 추이에 대한 혼합형 차트에 대해 알려주세요,367.77587890625,613.4708251953125,1841.562110914585,2613.1923757685954
MI3_240807_TY2_0229_1_V02-4_1,순대외금융자산 추이 꺾은선형에 대해 알려주세요,364.71466064453125,2374.505126953125,850.3679270404625,658.8565244445621
MI3_240807_TY2_0229_2_V02-4_1,단기외채/준비자산 비율·비중 추이에 대해 알려주세요,1306.997314453125,2334.74658203125,852.813148200746,695.1459716821411
MI3_240807_TY2_0229_3_V02-8_1,국제투자대조표 주요 통계 추이에 대해 알려주세요,366.521484375,608.1107788085938,1849.648443290165,2623.966291754669
MI3_240807_TY2_0229_4_V01_1,국제투자대조표 세부내역 차트에 대해 알려주세요,324.97735595703125,471.4105529785156,1911.0399872923801,2384.6602585944624
MI3_240807_TY2_0231_1_V01_1,2022년 10월중 비은행금융기관 예금 및 대출 금리에 대해 알려주세요,360.90234375,1608.9749755859375,1868.5024916356115,1054.2687573608605
MI3_240807_TY2_0231_2_V02-4_6,대출금리 꺾은선형에 대해 알려주세요,373.38958740234375,2376.59619140625,1816.4348511682745,721.5785789353398
MI3_240807_TY2_0231_3_V02-4_2,가. 기관별 예금금리(정기예(탁)금 1년 기준) 꺾은선형에 대해 알려주세요,371.1049499511719,668.0397338867188,1842.6683444746272,722.4518416044682
MI3_240807_TY2_0238_1_V01_1,BIS 주관 「세계 외환 및 장외파생상품 시장 조사' 결과에 대해 알려주세요,337.84942626953125,1472.144775390625,1866.847369567949,1681.59227865576
MI3_240807_TY2_0238_2_V01_1,2022년 세계 외환 및 장외파생상품 총시장가치에 대한 표에 대해 알려주세요,369.4291687011719,1325.4263916015625,1827.8778845492109,1663.9916059450811
MI3_240807_TY2_0242_1_V02-4_2,대외금융자산·부채 추이 꺾은선형에 대해 알려주세요,364.6688232421875,2414.91162109375,852.6412217625582,680.366416641626
MI3_240807_TY2_0242_2_V02-8_1,순대외채권 및 대외채권과 대외채무에 대해 알려주세요,1305.9326171875,2406.996826171875,859.2977995008381,682.5808090321074
MI3_240807_TY2_0242_3_V02-8_1,국제투자대조표 주요 통계 추이에 대한 혼합형 차트에 대해 알려주세요,366.7776184082031,613.4796752929688,1847.6930621478007,2620.3889943342647
MI3_240807_TY2_0243_1_V02-4_2,대외금융자산·부채 추이 꺾은선형에 대해 알려주세요,364.438720703125,2422.896484375,852.013175126478,664.7440698539234
MI3_240807_TY2_0243_2_V02-8_1,순대외채권과 대외채권 비율 혼합형 차트에 대해 알려주세요,357.4456787109375,2464.892822265625,854.4018755195143,621.758214021595
MI3_240807_TY2_0243_3_V02-8_1,국제투자대조표 주요 통계 추이에 대해 알려주세요,366.9093322753906,611.9866943359375,1848.179726064895,2623.4107755275973
MI3_240807_TY2_0255_1_V02-1_1,자금운용 및 조달 차액 추이 세로 막대형에 대해 알려주세요,506.79046630859375,629.4224243164062,1551.612271932851,1205.6157931426865
MI3_240807_TY2_0255_2_V01_1,국내 비금융부문 금융자산·부채 잔액 추이에 대한 차트(세로 막대형)에 대해 알려주세요,351.31622314453125,1585.0609130859375,1873.072778819978,1451.1262952033837
MI3_240807_TY2_0255_3_V02-8_1,금융자산 및 금융부채 배율 추이 차트(혼합형)에 대해 알려주세요,458.2101745605469,1788.4312744140625,1627.1589730156763,1207.1904535473968
MI3_240807_TY2_0265_1_V01_1,국민순자산 신·구 계열 표에 대해 알려주세요,389.5077209472656,1568.1737060546875,1797.6769418936756,594.6374976155414
MI3_240807_TY2_0265_2_V01_1,2020년말 비금융자산신·구 계열 비교 차트(세로 막대형)에 대해 알려주세요,361.0816955566406,2013.8214111328125,1841.4610593303694,896.8660958820411
MI3_240807_TY2_0275_1_V01_2,거주자의 카드 해외 사용 실적에 대해 알려주세요,328.841064453125,2342.783447265625,1934.212007281062,793.2368169448963
MI3_240807_TY2_0275_2_V02-8_1,카드 사용자 수와 사용금액 변화 혼합형 차트에 대해 알려주세요,334.70989990234375,559.7410278320312,1901.7251629763746,1047.535935746913
MI3_240807_TY2_0289_1_V02-1_1,전체 인터넷뱅킹 중 모바일뱅킹 비중 차트(세로 막대형)에 대해 알려주세요,394.7381286621094,2261.61865234375,1785.7145170789686,582.4860485602584
MI3_240807_TY2_0289_2_V01_1,2013년 3/4분기 국내 인터넷뱅킹서비스이용현황 본문과 금융기관 인터넷뱅킹 등록고객수 차트에 대해 알려주세요,389.9209289550781,1994.1566162109375,1774.1274148448279,887.2532017147051
MI3_240807_TY2_0324_1_V01_1,결제통화별 수출 비중 표에 대해 알려주세요,327.5240783691406,1224.29345703125,1968.6536292993078,596.5303053811779
MI3_240807_TY2_0324_2_V01_1,수출 지역 결제통화 비율 데이터에 대해 알려주세요,284.09130859375,1347.45849609375,1963.8984096875442,1845.5806147248586
MI3_240807_TY2_0324_3_V01_1,수입 지역 결제통화 2016 2017 2018 2019(A) 2020(B) 표에 대해 알려주세요,287.62896728515625,1346.8482666015625,1956.326647720367,1842.2853786937424
MI3_240807_TY2_0325_1_V01_1,2020년 국내 비금융 영리법인기업의 매출액증가율 총자산증가율 차트에 대해 알려주세요,329.06494140625,1285.3653564453125,1907.1531946665245,1737.3639902830791
MI3_240807_TY2_0325_2_V01_1,2020년 중 국내 비금융 영리법인기업의 매출액영업이익률과 매출액세전순이익률에 대해 알려주세요,321.56024169921875,1396.1591796875,1901.7823833535526,1709.7623284758758
MI3_240807_TY2_0325_3_V01_1,매출액 대비 수익구조 추이에 대해 알려주세요,356.17181396484375,1111.4456787109375,1844.9159722471898,1882.784679248592
MI3_240807_TY2_0325_4_V01_2,이자보상비율 구간별 업체수 비중 표에 대해 알려주세요,448.6070251464844,2213.002197265625,1670.8938253821912,661.5616449129934
MI3_240807_TY2_0325_5_V01_1,주요 안정성지표 차트(세로 막대형)에 대해 알려주세요,316.8472900390625,1419.858642578125,1906.9131597763544,1707.502844333201
MI3_240807_TY2_0325_6_V01_1,매출액영업이익률 차트(세로 막대형)에 대해 알려주세요,322.32977294921875,449.9473876953125,1921.8682720265385,2498.998867375134
MI3_240807_TY2_0377_1_V01_1,무역지수 수출물량지수 및 금액지수에 대해 알려주세요,359.9329528808594,1694.207275390625,1841.7216909703145,1425.0116659007965
MI3_240807_TY2_0377_2_V01_1,수입물량지수 및 금액지수의 차트에 대해 알려주세요,382.0338439941406,1302.05908203125,1831.3655609058194,1434.6442691948666
MI3_240807_TY2_0377_3_V01_1,교역조건지수 등락률에 대해 알려주세요,394.3599853515625,1383.8563232421875,1791.2325682442045,1016.275592678325
MI3_240807_TY2_0377_7_V01_1,수출물량지수(기본분류) 표에 대해 알려주세요,325.8874816894531,1781.9510498046875,1902.2247300314534,1370.943125570231
MI3_240807_TY2_0377_8_V01_1,수입물량지수 표에 대해 알려주세요,340.2327575683594,439.35931396484375,1884.267023068491,1344.6296307551581
MI3_240807_TY2_0377_9_V01_1,시계열 차트에 대해 알려주세요,349.315673828125,302.6336669921875,1845.672018708653,2947.5455227530397
MI3_240807_TY2_0387_1_V01_1,수출물가지수에 대해 알려주세요,343.6214294433594,1733.4561767578125,1869.3525470333238,1398.8365437460147
MI3_240807_TY2_0387_3_V01_1,주요 등락 품목(수출) 표에 대해 알려주세요,332.90362548828125,505.21929931640625,1859.7409944050914,2606.7661220850646
MI3_240807_TY2_0387_4_V01_1,수입물가지수 용도별 분류 등락률에 대해 알려주세요,328.2193603515625,1640.880615234375,1896.461953837645,1507.5375613326357
MI3_240807_TY2_0388_1_V01_1,무역지수 수출물량지수 및 금액지수 등락률에 대해 알려주세요,373.89239501953125,1513.1768798828125,1831.773825258953,1492.3210028234523
MI3_240807_TY2_0388_2_V01_1,수입물량지수 및 금액지수 등락률에 대해 알려주세요,380.66961669921875,1183.31884765625,1829.816646474724,1595.3471661294445
MI3_240807_TY2_0388_3_V01_1,교역조건지수 등락률과 관련된 차트에 대해 알려주세요,393.6413879394531,1342.464111328125,1792.420537920008,980.5731147569744
MI3_240807_TY2_0388_7_V01_2,수출금액지수 및 등락률 차트(세로 막대형)에 대해 알려주세요,344.63336181640625,421.4990234375,1875.3427129630968,1358.1986646605224
MI3_240807_TY2_0388_8_V01_1,수입물량지수에 대해 알려주세요,340.6584167480469,420.7644958496094,1884.638404112628,1321.234186131141
MI3_240807_TY2_0388_9_V01_1,(2010=100) 차트(세로 막대형)에 대해 알려주세요,349.21435546875,315.278564453125,1844.020391028978,2922.261559314913
MI3_240807_TY2_0400_1_V01_1,무역지수 및 금액지수 등락률에 대해 알려주세요,326.7991638183594,1486.6207275390625,1893.9252359395477,1673.8444886610744
MI3_240807_TY2_0400_2_V01_1,수입물량지수 및 금액지수 등락률 차트(세로 막대형)에 대해 알려주세요,351.44573974609375,1190.7664794921875,1889.7507701609277,1698.225773667673
MI3_240807_TY2_0400_3_V01_1,교역조건지수 등락률 표에 대해 알려주세요,343.723876953125,1342.2723388671875,1895.1870439558088,924.6618561744376
MI3_240807_TY2_0400_7_V01_2,수출금액지수 및 표에 대해 알려주세요,354.124267578125,417.8634033203125,1858.1564790646526,1243.523008769478
MI3_240807_TY2_0400_8_V01_1,수입물량지수 및 차트에 대해 알려주세요,348.3650817871094,420.33941650390625,1867.9878614526733,1313.2828692846585
MI3_240807_TY2_0400_9_V01_1,물량지수 금액지수 차트(세로 막대형)에 대해 알려주세요,349.8340759277344,311.5293884277344,1842.7815642424382,2924.658880724102
MI3_240807_TY2_0408_1_V01_1,무역지수 및 시각요소 제목에 대해 알려주세요,353.97210693359375,1442.91748046875,1889.9703278690588,1531.1405129397306
MI3_240807_TY2_0408_2_V01_1,제목에 해당하는 내용에서 물량지수와 금액지수의 변화에 대해 알려주세요.,349.6833190917969,1189.779541015625,1893.0881826121797,1700.5754635708042
MI3_240807_TY2_0408_3_V01_1,교역조건지수 등락률에 대해 알려주세요,352.7787780761719,1522.5789794921875,1887.0445549315632,1049.7554210786752
MI3_240807_TY2_0408_4_V02-4_1,수출물량·금액지수 및 등락률에 대해 알려주세요,318.2823486328125,665.4017944335938,1938.6990800087672,1038.1839059531633
MI3_240807_TY2_0408_5_V02-4_1,수입물량·금액지수와 전년동월대비 등락률 차트(꺾은선형)에 대해 알려주세요,319.19989013671875,638.1312866210938,1938.4233004937319,1039.4636185595498
MI3_240807_TY2_0408_6_V02-4_1,교역조건지수 및 등락률에 대해 알려주세요.,318.1026611328125,637.5608520507812,1940.5389962695924,1038.0538831421557
MI3_240807_TY2_0408_7_V01_1,수출물량지수 및 등락률 차트에 대해 알려주세요,354.1332092285156,417.87652587890625,1858.133491389705,1243.6917106034548
MI3_240807_TY2_0408_8_V01_2,수입금액지수(기본분류) 및 등락률에 대해 알려주세요,335.4769592285156,1827.9913330078125,1881.6970091039445,1305.7881760229895
MI3_240807_TY2_0408_9_V01_1,수출무역지수(시계열) 본문에 포함된 금액지수와 물량지수 차트에 대해 알려주세요,349.7289733886719,310.3668212890625,1843.1497472493788,2930.211502651707
MI3_240807_TY2_0415_1_V01_1,2014년 11월 수출물가지수 I. 수출물가지수 표에 대해 알려주세요,339.94122314453125,1746.040283203125,1875.879787114438,1386.7315926769957
MI3_240807_TY2_0415_2_V02-4_3,전년동월대비 등락률에 대해 알려주세요,367.0882873535156,640.2758178710938,1849.130538304237,759.676019859185
MI3_240807_TY2_0415_3_V01_1,주요 등락 품목(수출) 차트에 대해 알려주세요,331.0675964355469,445.0311279296875,1872.823689500294,2662.986386185047
MI3_240807_TY2_0415_4_V01_1,II. 수입물가지수의 통계적 분석을 위한 차트에 대해 알려주세요,353.79248046875,1631.718017578125,1851.003726269224,1495.7328869447397
MI3_240807_TY2_0415_5_V02-4_2,등락률에 대해 알려주세요,355.7928466796875,1527.6473388671875,1836.6654671489757,1573.4839819445292
MI3_240807_TY2_0415_6_V01_1,주요 등락 품목(수입) 차트에 대해 알려주세요,319.633056640625,417.05792236328125,1917.634074478257,2696.2703050061273
MI3_240807_TY2_0416_1_V01_1,무역지수 수출물량지수 및 금액지수 등락률에 대해 알려주세요,316.1049499511719,1811.6661376953125,1920.3061409310874,1339.1033977575298
MI3_240807_TY2_0416_2_V01_1,수입에 대한 데이터와 물량지수 금액지수를 시각적으로 표현한 차트에 대해 알려주세요.,341.11700439453125,1448.2291259765625,1911.3563321851655,1533.7904089834476
MI3_240807_TY2_0416_3_V01_1,교역조건지수 등락률에 대해 알려주세요,342.6321716308594,1707.6031494140625,1912.1915907165665,1107.4369634267998
MI3_240807_TY2_0416_4_V02-4_2,나. 전년동월대비 등락률에 대해 알려주세요,338.9053039550781,1986.2061767578125,1920.860318271285,1006.7424462844017
MI3_240807_TY2_0416_5_V02-4_2,전년동월대비 등락률 차트(꺾은선형)에 대해 알려주세요,340.6180114746094,1953.1746826171875,1922.7577693472442,1007.5950254536388
MI3_240807_TY2_0416_6_V02-4_2,나. 전년동월대비 등락률에 대한 차트(꺾은선형)에 대해 알려주세요,317.498291015625,639.0888671875,1937.0461358701143,1004.8945324068642
MI3_240807_TY2_0416_7_V01_2,수출금액지수 및 등락률에 대해 알려주세요,354.1349182128906,417.86163330078125,1858.1181588584202,1243.6370557784753
MI3_240807_TY2_0416_8_V01_1,수입물량지수 및 등락률에 대해 알려주세요,348.44482421875,420.38299560546875,1867.8019501828817,1313.1522568971884
MI3_240807_TY2_0425_1_V01_1,생산자물가지수 등락률 차트에 대해 알려주세요,340.24078369140625,1605.6483154296875,1868.6630588276753,1540.4113344237421
MI3_240807_TY2_0425_2_V01_1,에 포함된 시각요소에 대해 알려주세요,379.9260559082031,1151.045166015625,1821.2758237063483,1424.3445106966476
MI3_240807_TY2_0425_3_V01_1,국내공급물가지수 총지수 차트(가로 막대형)에 대해 알려주세요,364.1114196777344,1695.653076171875,1828.7608481078819,1392.8743417842095
MI3_240807_TY2_0425_4_V01_1,총산출물가지수 본문 표에 대해 알려주세요,376.3186950683594,1513.292724609375,1843.1272608998884,1308.3492453938245
MI3_240807_TY2_0425_5_V01_1,생산자물가지수 주요 등락 품목 차트(표)에 대해 알려주세요,317.515625,439.98675537109375,1915.3734113054384,2670.788283931711
MI3_240807_TY2_0434_1_V01_1,수출물가지수 차트(세로 막대형)에 대해 알려주세요,307.55877685546875,1792.5162353515625,1946.6160328455467,1344.5619589515914
MI3_240807_TY2_0434_3_V01_1,주요 등락 품목(수출) 표에 대해 알려주세요,310.7384338378906,442.21014404296875,1943.5207490800808,2597.1118979060693
MI3_240807_TY2_0434_4_V01_1,II. 수입물가지수 차트(세로 막대형)에 대해 알려주세요,302.51995849609375,1726.383056640625,1949.355676104147,1430.0777911337534
MI3_240807_TY2_0434_6_V01_1,"주요 등락 품목(수입) 원화기준 등락률, % 차트에 대해 알려주세요",295.5717468261719,419.4498596191406,2002.1984370820185,2683.0449932005513
MI3_240807_TY2_0443_1_V01_1,수출물가지수에 대한 차트(세로 막대형)에 대해 알려주세요,307.4964599609375,1792.5965576171875,1946.852856431887,1344.5187791345209
MI3_240807_TY2_0443_3_V01_1,주요 등락 품목(수출) 표에 대해 알려주세요,310.84088134765625,443.9854431152344,1941.365556139442,2595.457864665356
MI3_240807_TY2_0443_4_V01_1,II. 수입물가지수 본문 표에 대해 알려주세요,302.6328125,1726.407958984375,1949.1173933388602,1429.9833632884804
MI3_240807_TY2_0443_6_V01_1,"(원화기준 등락률, %) 전월대비 전년동월대비에 대해 알려주세요",295.750244140625,419.3126525878906,2002.760643429277,2681.28040736274
MI3_240807_TY2_0458_1_V02-4_2,<등락률> 차트(꺾은선형)에 대해 알려주세요,352.502197265625,1593.41064453125,1835.5351677608758,1532.4069840697966
MI3_240807_TY2_0464_1_V01_1,카드 종류별 해외 사용금액 표에 대해 알려주세요,327.309814453125,2062.482421875,1931.5844697127725,1005.9828409242916
MI3_240807_TY2_0464_2_V01_1,거주자의 카드1) 해외 사용실적 및 비거주자의 카드1) 국내 사용실적 추이에 대해 알려주세요,304.8598937988281,506.8492431640625,1942.6529109764358,2582.4363895876554
MI3_240807_TY2_0469_1_V02-4_1,수출물량·금액지수 및 등락률에 대해 알려주세요,320.40899658203125,664.1868896484375,1931.0077708403385,1023.4652483052904
MI3_240807_TY2_0483_1_V02-4_1,수출물가지수 및 등락률 꺾은선형에 대해 알려주세요,328.0771179199219,649.4746704101562,1940.677866214426,762.6432524597673
MI3_240807_TY2_0499_1_V01_1,전자금융업자 추이에 대해 알려주세요,424.3503723144531,1856.234375,1720.4458777296734,1147.8554860761153
MI3_240807_TY2_0499_2_V01_1,전자지급서비스 제공 실적 차트에 대해 알려주세요,333.5527038574219,1807.3399658203125,1904.394688464249,1294.8981552589185
MI3_240807_TY2_0499_4_V01_1,2017.2/4분기중 전자지급서비스 이용실적에 대한 차트(세로 막대형)에 대해 알려주세요,350.0946350097656,1974.4176025390625,1874.9811772000749,961.8077818894128
MI3_240807_TY2_0509_1_V02-1_1,2017년 2/4분기중 외국환은행의 외환거래 동향 차트(세로 막대형)에 대해 알려주세요,365.96356201171875,1954.054443359375,1847.9526227004767,1053.2294679506565
MI3_240807_TY2_0509_2_V01_1,T01 T02 V01 차트(세로 막대형)에 대해 알려주세요,332.003662109375,1505.963623046875,1882.4741567625074,1648.4659555063877
MI3_240807_TY2_0509_3_V01_1,T01 T02 V01 차트에 대해 알려주세요,346.5201721191406,1299.4549560546875,1870.8101072309908,1706.1867772100115
MI3_240807_TY2_0509_4_V01_1,부문별 외환거래 규모 동향 차트(세로 막대형)에 대해 알려주세요,363.3953857421875,671.0323486328125,1872.8322757004448,664.1366226681105
MI3_240807_TY2_0511_1_V02-8_1,2017년 2월 생산자물가지수(요약) 시각요소 제목 혼합형에 대해 알려주세요,354.7781066894531,2210.410888671875,1860.4841645873282,930.093412357532
MI3_240807_TY2_0513_1_V01_1,2017년 3/4분기중 거주자의 카드 해외사용 실적에 대해 알려주세요.,403.9747009277344,1377.758544921875,1803.3700603370335,371.31344695801397
MI3_240807_TY2_0513_3_V01_1,2011~2017년 해외 및 국내 사용실적 차트에 대해 알려주세요,305.0038757324219,509.134033203125,1942.659336437942,2590.6300044414475
MI3_240807_TY2_0516_1_V02-8_1,2017년 3월 생산자물가지수차트(혼합형)에 대해 알려주세요,354.6505126953125,2210.245849609375,1860.8023215045203,930.4354219761007
MI3_240807_TY2_0549_1_V01_1,2017년중 거주자의 카드 해외사용 실적 표에 대해 알려주세요,414.84869384765625,1378.354736328125,1784.3657226846,337.3986595654756
MI3_240807_TY2_0549_3_V01_1,거주자의 해외 사용실적 및 비거주자의 카드 국내 사용실적에 대해 알려주세요,306.73553466796875,452.79248046875,1949.2476290864622,2669.4407126637184
MI3_240807_TY2_0550_1_V02-1_1,2017년중 외국환은행의 외환거래 동향 차트(세로 막대형)에 대해 알려주세요,378.9368896484375,1861.6640625,1823.7031067044659,1028.6766827382683
MI3_240807_TY2_0550_2_V01_1,2017년 중 현물환 거래규모에 대한 차트(세로 막대형)에 대해 알려주세요,332.60809326171875,1378.4300537109375,1894.2070664332434,1672.9412414813469
MI3_240807_TY2_0550_3_V01_1,2017년 외환파생상품 거래 규모 차트(표) 에 대해 알려주세요,350.4027099609375,1212.5408935546875,1871.0880573377121,1732.5692199693297
MI3_240807_TY2_0550_4_V01_2,거래상대방별 외환거래규모 차트에 대해 알려주세요,326.72796630859375,1517.2735595703125,1891.599891465088,1638.7632875107997
MI3_240807_TY2_0577_1_V01_2,해외 사용 실적에 대한 차트(세로 막대형)에 대해 알려주세요,411.75836181640625,1478.9005126953125,1786.0040995185818,371.7046534007385
MI3_240807_TY2_0577_3_V01_1,거주자의 카드 해외 사용실적 및 비거주자의 카드1) 국내 사용실적 추이 차트(세로 막대형)에 대해 알려주세요,306.3932800292969,459.1832275390625,1949.6678924658731,2663.5425906121955
MI3_240807_TY2_0584_1_V02-4_2,2. 순상품교역조건 및 소득교역조건지수 등락률 차트(꺾은선형)에 대해 알려주세요,335.6626281738281,2188.442626953125,1901.2340054973956,959.7894885951208
MI3_240807_TY2_0586_1_V02-8_1,2018년 2월 수출입물가지수 혼합형에 대해 알려주세요,319.4619445800781,1048.0552978515625,1937.3889507348867,895.1964812523067
MI3_240807_TY2_0594_1_V02-8_1,1. 수출물가지수 등락률 혼합형에 대해 알려주세요,349.1022644042969,2202.2822265625,1884.6624743909306,886.0753649684355
MI3_240808_TY2_0031_1_V01_1,서비스업 내 산업별 대출금 증감액 표에 대해 알려주세요,320.34051513671875,1496.966552734375,1995.8162606207616,1237.5267026978972
MI3_240808_TY2_0031_2_V01_1,기간중 대출금에 대한 데이터 차트에 대해 알려주세요,305.2119140625,1537.015625,2014.7148216832634,942.0682154523154
MI3_240808_TY2_0040_1_V01_2,거주자의 카드 사용 실적에 대한 차트(세로 막대형)에 대해 알려주세요,424.21435546875,1356.7838134765625,1768.0485020848769,323.4501788691389
MI3_240808_TY2_0076_1_V02-8_1,생산자물가지수 혼합형에 대해 알려주세요,361.69708251953125,1054.424072265625,1853.5589786342816,976.8758656419983
MI3_240808_TY2_0076_2_V01_1,생산자물가지수의 세부 항목과 변화 추이를 보여주는 표에 대해 알려주세요,341.3436584472656,1721.72607421875,1873.5376236564596,1409.3928314845184
MI3_240808_TY2_0076_3_V01_1,전년동월대비 가중치 차트(세로 막대형)에 대해 알려주세요,351.2029724121094,1182.1671142578125,1886.9196470117615,1353.1904396210941
MI3_240808_TY2_0082_1_V01_1,2019년 상반기중 국내 인터넷뱅킹서비스 이용현황 본문 표에 대해 알려주세요,412.90057373046875,1824.45556640625,1758.5731817775568,1245.9912887236069
MI3_240808_TY2_0082_2_V01_1,인터넷뱅킹 서비스 이용실적 표에 대해 알려주세요,365.0533142089844,1504.0557861328125,1831.3854236941663,1629.6616358613812
MI3_240808_TY2_0095_1_V01_1,서비스업 내 산업별대출금 합계의 표에 대해 알려주세요,318.81353759765625,1610.3541259765625,2017.7152065723087,1324.0148154851547
MI3_240808_TY2_0098_1_V02-4_1,수출입물량지수 등락률 차트(꺾은선형)에 대해 알려주세요,335.3182678222656,2274.308349609375,1898.0684537686857,879.805959138995
MI3_240808_TY2_0098_2_V01_1,무역지수 수출물량지수 금액지수에 대해 알려주세요,335.5865478515625,1671.70068359375,1893.2791299780945,1449.7657180561432
MI3_240808_TY2_0104_1_V01_1,가계대출 및 기업에 대한 표에 대해 알려주세요,335.9365539550781,686.96484375,1897.7779467802936,1632.8102806560137
MI3_240808_TY2_0104_2_V01_1,"(기간중 말잔 증감, 억원) 차트(세로 막대형)에 대해 알려주세요",311.8465270996094,537.7944946289062,1913.6927399409576,2452.6041076965976
MI3_240808_TY2_0110_1_V01_1,2021년 차주별 대출태도지수와 관련된 세로 막대형 차트에 대해 알려주세요,369.03125,1882.171630859375,1840.131691303604,524.2067984356559
MI3_240808_TY2_0110_4_V01_1,비은행금융기관별 대출태도지수 차트(세로 막대형)에 대해 알려주세요,366.66864013671875,2538.95068359375,1871.98146700127,564.5906557976382
MI3_240808_TY2_0111_1_V02-4_2,2. 순상품 및 소득 교역조건지수 등락률 차트(꺾은선형)에 대해 알려주세요,341.8826904296875,1130.827880859375,1890.9583116328326,921.7195254902902
MI3_240808_TY2_0111_2_V01_1,수출물량지수 및 금액지수 등락률 차트(세로 막대형)에 대해 알려주세요,346.7939147949219,1574.9251708984375,1896.8170252674392,1455.4803519925877
MI3_240808_TY2_0134_1_V01_1,V에 대해 알려주세요,345.9444885253906,2023.1834716796875,1876.7883159436242,1046.4503226322722
MI3_240808_TY2_0134_2_V01_2,가계대출1) 차트(가로 막대형)에 대해 알려주세요,451.00439453125,1443.255859375,1676.8330705999992,495.63326439799306
MI3_240808_TY2_0141_1_V02-4_1,5만원권 차트(꺾은선형)에 대해 알려주세요,1276.805419921875,2311.332763671875,914.7586040671168,607.624390604231
MI3_240808_TY2_0141_2_V01_1,2018년~2020년 차트(세로 막대형)에 대해 알려주세요,395.6788024902344,1787.100830078125,1801.011832256955,1202.3205803649375
MI3_240808_TY2_0178_1_V02-1_1,주요국 통화가치 변화율 차트(세로 막대형)에 대해 알려주세요,1300.550537109375,2188.5341796875,911.8230441761228,876.9765103467349
MI3_240808_TY2_0191_1_V02-8_2,식료품및에너지이외 지수 혼합형에 대해 알려주세요,360.08721923828125,2159.28125,1848.0288516090025,973.1033622890117
MI3_240808_TY2_0191_2_V01_1,총산출물가지수와 관련된 표에 대해 알려주세요,359.70172119140625,1598.0277099609375,1859.0536827542182,1418.3716405301136
MI3_240808_TY2_0200_1_V01_1,인터넷뱅킹 이용실적에 대해 알려주세요,358.6223449707031,1608.1495361328125,1835.1175861429092,1521.4681785796308
MI3_240808_TY2_0200_2_V01_2,금융서비스 전달채널별 조회서비스 이용비중 표에 대해 알려주세요,395.1022033691406,1257.7991943359375,1780.5359299641038,654.586028283182
MI3_240808_TY2_0210_1_V01_1,예금취급기관 산업별대출금 증감액 에 대해 알려주세요,284.27117919921875,1941.6641845703125,2016.1340995813118,1211.1378568564223
MI3_240808_TY2_0210_2_V01_1,제조업 내 산업별대출금 증감액 차트(세로 막대형)에 대해 알려주세요,287.1860656738281,1840.12451171875,2014.427181191971,1303.87645046179
MI3_240808_TY2_0210_3_V01_1,2021-2022년 서비스업 대출금 추세 차트에 대해 알려주세요,310.0494384765625,1673.62353515625,2020.6902850697802,1319.286135383508
MI3_240808_TY2_0213_1_V01_1,구 분에 대해 알려주세요,287.6043701171875,2105.1376953125,2005.6271414060081,1048.643534977922
MI3_240808_TY2_0213_3_V01_1,거주자의 카드 해외 사용실적 및 비거주자의 카드 국내 사용실적 구분에 대해 알려주세요,308.48980712890625,455.6650695800781,1977.964555561943,2480.3951731469406
MI3_240808_TY2_0216_1_V01_1,"2022년 4/4분기 중 대출태도, 신용위험 및 대출수요에 대한 차트에 대해 알려주세요",345.2505798339844,2583.6689453125,1883.2282689109254,564.350744407612
MI3_240808_TY2_0216_5_V01_1,비은행금융기관별 대출태도지수 차트(세로 막대형)에 대해 알려주세요,351.1595153808594,2150.314697265625,1863.8043145167421,621.3430116746957
MI3_240808_TY2_0216_6_V01_2,비은행금융기관별 대출수요지수 차트(가로 막대형)에 대해 알려주세요,369.02423095703125,1097.0113525390625,1865.446843160361,496.3082132139975
MI3_240808_TY2_0234_1_V01_1,I. 국제금융시장 동향 에 대해 알려주세요,367.9963073730469,2318.299560546875,1842.5192998710252,780.3267804503616
MI3_240808_TY2_0234_2_V01_1,주요국 주가 에 대해 알려주세요,351.46771240234375,2170.72998046875,1848.9169539738537,933.8908026496057
MI3_240808_TY2_0234_3_V01_1,주요국 환율에 대한 표에 대해 알려주세요,357.7021179199219,1878.45849609375,1848.595428807181,1192.2188945025196
MI3_240808_TY2_0234_6_V01_1,4 은행간 외환거래 규모에 대한 차트(세로 막대형)에 대해 알려주세요,406.0624084472656,2575.52783203125,1771.1707620941024,512.266459095189
MI3_240808_TY2_0234_7_V01_1,가산금리 외평채 CDS 프리미엄 차트에 대해 알려주세요,329.2899169921875,1025.3109130859375,1923.9155545906985,961.9223948935542
MI3_240808_TY2_0242_1_V02-8_1,생산자물가지수 등락률 혼합형에 대해 알려주세요,362.16021728515625,1053.341796875,1852.053804245227,976.2925364788792
MI3_240808_TY2_0242_2_V01_1,생산자물가지수 등락률에 대해 알려주세요,338.71484375,1630.7418212890625,1876.6550880729453,1508.5018529024285
MI3_240808_TY2_0242_3_V01_1,특수분류지수 등락률 차트에 대해 알려주세요,345.82183837890625,1065.9534912109375,1889.8827149745553,1364.4314272942825
MI3_240808_TY2_0242_4_V01_1,국내공급물가지수 총지수에 대해 알려주세요,337.42047119140625,1643.77490234375,1879.2765653085405,1484.2937675236901
MI3_240808_TY2_0242_5_V01_1,총산출물가지수 표에 대해 알려주세요,368.4751892089844,1435.7003173828125,1860.7830435828912,1414.965908432977
MI3_240808_TY2_0243_1_V01_1,I. 국제금융시장 동향 표에 대해 알려주세요,374.28704833984375,2342.598876953125,1836.1686409309223,743.6790470790721
MI3_240808_TY2_0243_2_V01_1,주요국 주가 에 대해 알려주세요,359.4292297363281,2035.534912109375,1846.7462714267067,1027.5925847286267
MI3_240808_TY2_0243_3_V01_1,주요국 환율에 대한 차트(표)에 대해 알려주세요,350.17974853515625,1892.837646484375,1853.455196862907,1199.3640883687601
MI3_240808_TY2_0243_6_V01_1,은행간 외환거래 규모12) 표에 대해 알려주세요,368.76654052734375,2628.676025390625,1856.6249836983902,471.06381386369026
MI3_240808_TY2_0243_7_V01_1,대외 외화차입여건 표에 대해 알려주세요,330.6495056152344,1103.1431884765625,1922.02405488405,898.415166364376
MI3_240808_TY2_0256_1_V01_1,주요국 국채금리(10년) 기말 기준 %에 대해 알려주세요,375.1451721191406,2367.02880859375,1836.698407139739,730.5431414859332
MI3_240808_TY2_0256_2_V01_1,주요국 주가와 관련된 표에 대해 알려주세요,360.9952697753906,2154.77880859375,1840.3850265775982,893.5484529217879
MI3_240808_TY2_0256_3_V01_1,주요국 환율 차트(세로 막대형)에 대해 알려주세요,348.62335205078125,1906.5811767578125,1854.664454606787,1188.6879805287326
MI3_240808_TY2_0256_6_V01_2,대외 외화차입여건에 대한 표 에 대해 알려주세요,343.145263671875,2203.849365234375,1864.414610223603,891.581916022774
MI3_240808_TY2_0256_7_V01_2,선물환 표에 대해 알려주세요,353.9622802734375,1345.72021484375,1870.5226352240745,724.2137236403438
MI3_240808_TY2_0256_8_V01_1,NDF 순매입·매도 표에 대해 알려주세요,376.9909973144531,966.9781494140625,1830.225597262364,531.53610504022
MI3_240808_TY2_0269_5_V01_1,전자지급결제대행 서비스(PG) 이용 현황에 대해 알려주세요,343.9039001464844,1992.206787109375,1858.4100509418301,1115.5321612654438
MI3_240808_TY2_0272_1_V01_1,가계신용 표에 대해 알려주세요,348.72802734375,2144.85888671875,1840.2409498467493,981.555375894933
MI3_240808_TY2_0272_2_V01_1,가계대출 증감액 표에 대해 알려주세요,336.7956237792969,1373.9271240234375,1865.339369409396,1789.789840204063
MI3_240808_TY2_0272_3_V01_1,2022 2023P 연중 판매신용에 대한 차트(세로 막대형)에 대해 알려주세요,368.25616455078125,835.91259765625,1859.0157656174156,523.7168575081928
MI3_240808_TY2_0272_5_V01_1,연분기말 가계신용 차트(표)에 대해 알려주세요,301.7690734863281,556.267578125,1944.908251537445,2559.9024768187996
MI3_240808_TY2_0272_6_V01_1,예금취급기관의 가계대출 잔액 차트(세로 막대형)에 대해 알려주세요,328.3592529296875,448.1182861328125,1871.7515751506364,2579.5984546285777
MI3_240808_TY2_0282_1_V02-4_1,수출입물량지수 등락률 차트(꺾은선형)에 대해 알려주세요,333.4673156738281,2254.012451171875,1894.3091416747084,923.9057966886128
MI3_240808_TY2_0282_2_V01_1,수출물량지수 및금액지수 등락률 에 대해 알려주세요,320.41668701171875,1666.9031982421875,1914.8976733140084,1489.6429231114835
MI3_240808_TY2_0282_3_V01_1,2023년 2월 수입물량지수 및 금액지수에 대해 알려주세요,318.786376953125,1616.1339111328125,1915.6379513964405,1549.786516403462
MI3_240808_TY2_0282_4_V01_1,교역조건지수 등락률 차트(세로 막대형)에 대해 알려주세요,323.2354736328125,1978.9227294921875,1939.980897532374,907.6033083376855
MI3_240808_TY2_0291_1_V02-1_1,2023년 4/4 분기 가계신용의 차트(세로 막대형)에 대해 알려주세요,402.0995178222656,1164.4637451171875,1773.8883021314327,950.4253872244484
MI3_240808_TY2_0291_2_V01_1,가계대출 증감액에 대한 표에 대해 알려주세요,335.01556396484375,1339.175537109375,1865.3396836949653,1830.5717266348047
MI3_240808_TY2_0291_3_V01_1,판매신용 증감액 표에 대해 알려주세요,369.3111572265625,835.2745361328125,1859.238639286698,519.9591110408543
MI3_240808_TY2_0291_4_V02-1_2,기관별 가계대출 증감액에 대해 알려주세요,553.5260009765625,559.8469848632812,1443.8328637190687,561.6828207525305
MI3_240808_TY2_0291_5_V01_1,가계신용 잔액에 대한 연분기말 차트의 유형에 대해 알려주세요,300.9392395019531,566.7041015625,1938.80756363798,2502.534011038595
MI3_240808_TY2_0291_6_V01_1,에 포함된 가계대출 잔액 관련 데이터의 표에 대해 알려주세요.,335.8916015625,468.0762023925781,1867.7480396875937,2400.790529304285
MI3_240808_TY2_0302_1_V02-4_1,원화 환율 추이에 대한 꺾은선형 차트에 대해 알려주세요,1302.2210693359375,2127.02587890625,917.0006295087554,914.0959289793228
MI3_240808_TY2_0302_2_V01_1,환율 및 변동폭에 대한 시각적 표현에 대해 알려주세요,380.78076171875,2637.538330078125,1820.784275253391,400.57134723363265
MI3_240808_TY2_0310_1_V02-8_2,식료품및에너지이외 지수 등락률 혼합형에 대해 알려주세요,353.280517578125,2153.12939453125,1858.9213668850155,990.9182887220834
MI3_240808_TY2_0310_2_V01_1,생산자물가지수 등락률에 대한 차트(세로 막대형)에 대해 알려주세요,345.9008483886719,1557.5694580078125,1872.8875150715833,1514.861962636543
MI3_240808_TY2_0310_3_V01_1,특수분류지수 등락률에 대해 알려주세요,363.7783203125,1531.522705078125,1884.0144843357318,1366.6794885398263
MI3_240808_TY2_0316_1_V02-4_1,II. 국내 외환시장 동향 원달러 및 엔환율 차트에 대해 알려주세요,1298.0037841796875,2088.570556640625,920.0382908554626,922.159242530172
MI3_240808_TY2_0316_2_V02-1_1,환율 변동성에 대한 차트(세로 막대형)에 대해 알려주세요,1288.457763671875,795.788330078125,914.9595585167791,805.6112203168916
MI3_240808_TY2_0318_1_V02-8_2,2023년 12월 식료품 및 에너지 이외 지수에 대한 꺾은선형 차트에 대해 알려주세요,366.2153625488281,2159.06396484375,1830.858573401119,980.5515787427071
MI3_240808_TY2_0318_2_V01_1,생산자물가지수 등락률에 대해 알려주세요,307.3819580078125,1649.9398193359375,1940.6280436795464,1511.0975224765918
MI3_240808_TY2_0318_3_V01_1,특수분류지수 등락률에 대해 알려주세요,359.5860595703125,1532.077880859375,1898.2484913822764,1366.1775056811782
MI3_240808_TY2_0334_1_V02-4_2,2. 순상품 및 소득 교역조건지수 등락률 차트(꺾은선형)에 대해 알려주세요,341.19403076171875,1232.4752197265625,1906.5213024636114,927.9442427522627
MI3_240808_TY2_0334_2_V01_1,무역지수에 대한 물량지수 및 금액지수의 차트에 대해 알려주세요,318.0838317871094,1701.2420654296875,1919.876934416512,1459.85274823015
MI3_240808_TY2_0334_3_V01_1,2024년 1월 수입물량지수 및 금액지수에 대해 알려주세요,317.2559509277344,1602.4803466796875,1918.5396261484505,1559.2232424483013
MI3_240808_TY2_0334_4_V01_1,2024년 1월 순상품교역조건지수와 소득교역조건지수의 차트에 대해 알려주세요,323.6077575683594,1979.968505859375,1938.7192931525135,903.5375643721684
MI3_240808_TY2_0352_1_V01_1,II. 국내 외환시장 동향 원화 환율 변화에 대해 알려주세요,385.5693664550781,1509.7147216796875,1821.161124181209,512.6875048142074
MI3_240808_TY2_0352_2_V01_2,통화스왑금리(3년) 표에 대해 알려주세요,335.0772705078125,880.5493774414062,864.7561516335386,603.3106929266454
MI3_240808_TY2_0360_2_V01_1,결제회원은행 고객기관에 대한 차트(세로 막대형)에 대해 알려주세요,411.2603759765625,1020.7999267578125,1752.9598608815504,744.0074944473233
MI3_240808_TY2_0360_3_V02-8_1,CLS 통화별 결제비중 혼합형 차트에 대해 알려주세요,428.4218444824219,707.7869262695312,1709.909281007566,704.3959415159088
MI3_240808_TY2_0386_1_V02-4_1,최근의 소비자물가 상승률 및 근원인플레이션율 동향에 대해 알려주세요,572.9490356445312,1815.0966796875,1403.0382068859524,702.5017208708344
MI3_240808_TY2_0386_2_V01_1,최근 품목별 물가상승률과 관련된 표에 대해 알려주세요,401.4862365722656,511.701904296875,1754.261458637458,1116.817992970196
MI3_240808_TY2_0386_3_V01_1,최근 소비자물가 상승률에 대한 품목별 기여도 차트(세로 막대형)에 대해 알려주세요,410.8186950683594,511.83148193359375,1751.5902449153843,962.7474427111908
MI3_240808_TY2_0386_4_V02-4_1,국제유가 및 수입물가지수 추이 꺾은선형에 대해 알려주세요,343.1930847167969,567.5904541015625,908.8050350117985,658.7991194331381
MI3_240808_TY2_0390_1_V01_1,'16년말 '17.2말 39 3.10 전일 대비 美 2년물 1.19 1.26 1.37 1.35 -2bp 금리 10년물 2.44 2.39 2.60 2.57 -3bp 주 다우 등 꺾은선형에 대해 알려주세요,1242.64111328125,2006.4468994140625,945.9078919974615,942.6991340596016
MI3_240808_TY2_0396_1_V02-2_1,한국은행과 미 연준과의 통화스왑 발표 및 관련 데이터에 대해 알려주세요,1299.078857421875,2415.00927734375,897.3171490046313,695.1670290600156
MI3_240808_TY2_0412_1_V01_1,2020년 상반기중 지식재산권 무역수지 추이에 대해 알려주세요,358.841064453125,1559.2833251953125,1832.7241172394672,1570.3089352963602
MI3_240808_TY2_0412_2_V01_1,기관형태별 지식재산권 무역수지 추이에 대해 알려주세요.,340.278076171875,979.2393188476562,1850.695036946397,1983.204178571655
MI3_240808_TY2_0412_3_V01_1,산업별 지식재산권 무역수지 추이에 대해 알려주세요,331.7779541015625,519.82470703125,1875.5644751527893,2341.772832487676
MI3_240808_TY2_0412_4_V01_1,거래상대방 국가별 지식재산권 무역수지 추이에 대해 알려주세요.,390.9654235839844,1105.6898193359375,1796.4333844274565,1476.2841903742592
MI3_240808_TY2_0412_5_V01_1,지식재산권 무역수지 주요 통계 추이에 대해 알려주세요,303.79986572265625,434.0191650390625,1964.0681082132216,2644.520631074471
MI3_240808_TY2_0414_1_V02-1_1,지역별 경상수지 차트(세로 막대형)에 대해 알려주세요,421.98187255859375,2054.362060546875,1718.7514029733295,826.5981659916232
MI3_240808_TY2_0414_2_V01_1,지역별 경상수지 표에 대해 알려주세요,344.5333557128906,445.2581481933594,1819.7435019103848,2589.878340413292
MI3_240808_TY2_0414_3_V01_1,2020p(B) B-A에 대해 알려주세요,376.00836181640625,538.2664794921875,1813.0334578483812,2226.0700544743536
MI3_240808_TY2_0414_4_V01_1,2017-2020p 기간의 데이터에 대해 알려주세요,340.3869934082031,451.6495361328125,1831.7446943495104,2594.954322095168
MI3_240808_TY2_0416_1_V01_1,시장금리 및 주가에 대한 차트(세로 막대형)에 대해 알려주세요,336.4781494140625,1905.6083984375,1881.8604484898983,1198.0472123105228
MI3_240808_TY2_0416_2_V01_1,에 대한 은행 가계대출 관련 정보와 V타입에 대해 알려주세요.,422.7937316894531,1329.581298828125,1753.4290543271054,461.00160921791723
MI3_240808_TY2_0416_3_V01_1,기업 자금조달 관련 데이터 차트에 대해 알려주세요,351.661376953125,1957.5069580078125,1868.8269349867123,934.6970429731749
MI3_240808_TY2_0416_4_V01_1,주요 금융기관 수신 표에 대해 알려주세요,349.9585266113281,1949.25146484375,1859.1260799227332,1130.37623745574
MI3_240808_TY2_0416_5_V01_1,은행 가계대출 및 기업 자금조달에 대한 표에 대해 알려주세요,345.568359375,696.2578735351562,1884.526374400894,1744.5284044670345
MI3_240808_TY2_0416_6_V01_1,"(기간중 잔액 증감, 억원) 표에 대해 알려주세요",315.5138854980469,532.4887084960938,1893.9527473461083,2478.737157547375
MI3_240808_TY2_0419_1_V01_1,금리 및 주가에 대한 시각요소 표에 대해 알려주세요,351.03607177734375,1859.6005859375,1872.186583927804,1203.8788482212117
MI3_240808_TY2_0419_2_V01_1,에 대한 차트(세로 막대형) 내용을 알려주세요,423.1292724609375,1154.6597900390625,1757.048340244571,400.90757002289735
MI3_240808_TY2_0419_3_V01_1,제목에 따른 기업 자금조달 차트에 대해 알려주세요,353.39434814453125,1833.009765625,1870.5679904219255,987.4969439409459
MI3_240808_TY2_0419_4_V01_1,주요 금융기관 수신에 대한 차트(세로 막대형)에 대해 알려주세요,338.6302490234375,1948.417724609375,1869.330265742906,1178.2545745861544
MI3_240808_TY2_0419_5_V01_1,은행 가계대출 및 기업 자금조달 본문 표에 대해 알려주세요,346.070068359375,696.6473999023438,1883.3027455028778,1741.172743920885
MI3_240808_TY2_0419_6_V01_1,주요 금융기관 수신 차트에 대해 알려주세요,314.663330078125,553.7184448242188,1893.9196308595872,2483.2685623096454
MI3_240808_TY2_0428_1_V01_1,2021년 2월중 통화 및 유동성 동향에 대해 알려주세요,337.2586669921875,2181.371826171875,1869.343698597065,949.1026818062046
MI3_240808_TY2_0428_2_V01_1,통화 및 유동성 지표 장기 추이 영역형 차트에 대해 알려주세요,375.2599182128906,2386.4609375,1838.357838287846,706.0098071936189
MI3_240808_TY2_0428_3_V01_1,통화 및 유동성 지표 구성 금융상품에 대해 알려주세요,433.16607666015625,896.5560913085938,1697.2866774474542,988.8618161151177
MI3_240808_TY2_0430_1_V01_1,2021년 3월중 통화 및 유동성 지표 추이(계절조정계열 기준) 표에 대해 알려주세요,339.77655029296875,2180.148681640625,1863.366401262697,948.4899239203988
MI3_240808_TY2_0430_2_V02-4_1,통화 및 유동성 지표 장기 추이 꺾은선형에 대해 알려주세요,374.95343017578125,1056.4879150390625,1835.5974873558669,1205.1134170678165
MI3_240808_TY2_0459_1_V01_1,2022년 7월 통화 및 유동성 동향에 대해 알려주세요,338.73712158203125,2172.1064453125,1863.6224595239025,961.9764869217175
MI3_240808_TY2_0459_2_V02-4_1,통화 및 유동성 지표 장기 추이에 대해 알려주세요,381.28741455078125,1195.02099609375,1819.5953229721308,1122.8120460364664
MI3_240808_TY2_0459_3_V01_1,통화 및 유동성 지표 구성 금융상품 표에 대해 알려주세요,433.1992492675781,896.5510864257812,1697.2151357586736,988.9122987637398
MI3_240808_TY2_0471_1_V01_1,2022년 3월 통화 및 유동성 동향 연간 데이터에 대해 알려주세요,339.5682067871094,2180.243408203125,1863.7924020737105,948.6974154569298
MI3_240808_TY2_0471_2_V02-4_1,통화 및 유동성 지표 장기 추이에 대해 알려주세요,380.8486022949219,1057.2469482421875,1821.5110727687488,1198.0535113955077
MI3_240808_TY2_0471_3_V01_1,우리나라의 통화 및 유동성 지표 구성 금융상품에 대해 알려주세요,433.18353271484375,896.5528564453125,1697.2606435956395,988.8697473187023
MI3_240808_TY2_0480_1_V01_1,2022년 통화 및 유동성 지표 추이에 대해 알려주세요,336.3681335449219,2178.789794921875,1864.6710663274623,966.5304541089055
MI3_240808_TY2_0480_2_V01_1,2021년과 2022년 통화량 변화에 대해 알려주세요,367.3589172363281,2455.3828125,1845.4645070006309,679.8736348566234
MI3_240808_TY2_0480_3_V01_1,우리나라의 통화 및 유동성 지표에 대해 알려주세요,435.11871337890625,896.5718994140625,1692.093881605042,988.7476757180456
MI3_240808_TY2_0486_1_V01_1,금리 및 주가에 대해 알려주세요,361.3113098144531,1676.02099609375,1877.185893144344,1265.1389514929433
MI3_240808_TY2_0486_2_V01_1,은행 가계대출 관련 데이터에 대해 알려주세요.,419.86712646484375,1451.1458740234375,1760.5514871469302,409.5971024623469
MI3_240808_TY2_0486_3_V01_1,기업 자금조달 차트(세로 막대형)에 대해 알려주세요,350.2028503417969,2128.46337890625,1865.655199188373,863.7625757730332
MI3_240808_TY2_0486_4_V01_1,주요 금융기관 수신 차트(세로 막대형)에 대해 알려주세요,357.9874572753906,1920.4832763671875,1853.585462243903,1132.8933482199116
MI3_240808_TY2_0486_5_V01_1,제목에 관련된 데이터의 본문 내용을 바탕으로 가계대출 및 기업 자금조달에 대한 표에 대해 알려주세요.,342.4399719238281,618.93115234375,1879.086606661003,1624.2654937995023
MI3_240808_TY2_0503_1_V02-4_2,상장기업(전산업) 영업이익률 차트(꺾은선형)에 대해 알려주세요,413.7005615234375,650.9703369140625,1746.9793111456559,1082.4003623418118
MI3_240808_TY2_0503_2_V02-4_1,이자보상비율에 대한 꺾은선형 차트에 대해 알려주세요,404.5116271972656,1987.008056640625,1750.9968349990882,1071.0719986210997
MI3_240808_TY2_0503_3_V02-4_1,T01 T02 T03 차트(꺾은선형)에 대해 알려주세요,418.6541748046875,556.6539306640625,1741.451931957255,1075.6020493241444
MI3_240808_TY2_0503_4_V02-4_2,상장기업(제조업) 분위수 통계와 매출액영업이익률 차트(꺾은선형)에 대해 알려주세요,412.9627380371094,722.8529052734375,1744.4410293173346,1076.2200975044902
MI3_240808_TY2_0503_5_V02-4_1,이자보상비율 차트(꺾은선형)에 대해 알려주세요,391.0204162597656,502.58819580078125,1786.7477325336458,1260.1114199957326
MI3_240808_TY2_0503_6_V02-4_1,제목 차입금의존도 꺾은선형에 대해 알려주세요,417.0639953613281,552.69140625,1744.2317006360822,1081.5059439090335
MI3_240808_TY2_0505_1_V01_1,2023년 3월 통화 및 유동성 동향에 대한 표에 대해 알려주세요,315.5399169921875,2168.666748046875,1921.4477584337278,978.4247140875306
MI3_240808_TY2_0505_2_V01_1,"2022년부터 2023년까지 M1, M2, Lf의 변화 추이에 대해 알려주세요",372.4110412597656,2480.96142578125,1849.09501070557,648.8870342114735
MI3_240808_TY2_0505_3_V01_2,광의통화(M2)의 경제주체별 구분에 대해 알려주세요,406.46246337890625,2647.3544921875,1735.4463575859693,304.87666720271625
MI3_240808_TY2_0518_1_V01_2,기관형태별 × 산업별 지식재산권 무역수지에 대해 알려주세요,367.6023864746094,1037.99609375,1849.1247367366452,654.7910534950305
MI3_240808_TY2_0518_2_V01_1,기관형태별 X 국가별 지식재산권 무역수지(2023년p) 차트에 대해 알려주세요,380.032470703125,966.4425659179688,1824.057040365991,661.5612372020024
MI3_240808_TY2_0518_3_V02-1_1,주요 지식재산권 무역수지 통계 추이에 대해 알려주세요,309.20379638671875,435.55535888671875,1959.9828365336298,2599.634633629204
MI3_240808_TY2_0525_1_V01_1,주요 금융기관 수신에 대해 알려주세요.,363.39849853515625,2007.9935302734375,1848.3110883620932,1020.0693616129433
MI3_240808_TY2_0525_2_V01_1,제목 및 소제목에 대한 정보와 함께 이 데이터의 본문에 포함된 차트에 대해 알려주세요.,339.7763366699219,611.549560546875,1889.1878969291758,2034.4088938478612
MI3_240808_TY2_0525_3_V01_1,주요 금융기관 수신 표에 대해 알려주세요,313.7279052734375,549.715087890625,1896.9274163259242,2482.535348861159
MI3_240808_TY2_0528_1_V01_1,II. 2024년 상반기중 물가 상황 1. 개황 소비자물가 상승률에 대해 알려주세요,402.62359619140625,1569.4656982421875,1789.0061422623828,333.1230986234386
MI3_240808_TY2_0528_2_V02-8_1,소비자물가 변동 요인에 대해 알려주세요,1273.8720703125,2060.7548828125,933.34387179299,773.8563262689066
MI3_240808_TY2_0528_3_V02-4_2,전문가 장기 기대 및 BEI 차트(꺾은선형)에 대해 알려주세요,335.4518737792969,2134.326416015625,926.2497360197997,687.0043207936021
MI3_240808_TY2_0528_4_V02-1_1,III. 향후 물가 여건 및 전망 본문 차트(영역형)에 대해 알려주세요,1283.7374267578125,1212.52099609375,930.027848298741,692.7796097017497
MI3_240808_TY2_0528_5_V02-4_2,소비자물가에 대한 차트(꺾은선형)에 대해 알려주세요,391.0343933105469,1007.9534301757812,649.361021337097,558.3846271533434
MI3_240808_TY2_0528_6_V02-4_2,기조적 물가 추이에 대한 꺾은선형 차트에 대해 알려주세요,955.9297485351562,1706.8690185546875,609.762921248704,478.8931548022535
MI3_240808_TY2_0528_7_V02-4_1,기조적 물가 흐름: 확산 정도 꺾은선형에 대해 알려주세요,359.11663818359375,2456.323974609375,1285.2240096324845,528.7186410916281
MI3_240808_TY2_0528_8_V02-4_2,물가 상승모멘텀에 대한 차트(꺾은선형)에 대해 알려주세요,364.463623046875,1025.40771484375,1829.4662640501472,847.4442332793367
MI3_240808_TY2_0528_9_V02-4_1,BSI와 CPI 관련 차트(꺾은선형)에 대해 알려주세요,392.78936767578125,2374.017578125,603.7135101289032,519.8644349037919
MI3_240808_TY2_0535_1_V02-4_1,기업경기실사지수(BSI) 제조업 업황BSI 추이에 대해 알려주세요,353.46966552734375,1397.9927978515625,1880.628365265621,848.9256275274007
MI3_240808_TY2_0535_2_V02-4_1,업황BSI에 대해 알려주세요,350.7033996582031,1958.22509765625,1890.9495853808048,835.712008367288
MI3_240808_TY2_0535_3_V02-4_1,II 경제심리지수와 경제심리지수 추이에 대해 알려주세요,334.7975158691406,948.22265625,1915.6627851647238,1016.8649181793581
MI3_240808_TY2_0535_4_V02-4_2,기업경기실사지수 전망 차트(꺾은선형)에 대해 알려주세요,335.7523193359375,2127.753173828125,1931.0829943221368,882.8697898908229
MI3_240808_TY2_0540_1_V02-4_1,I 기업경기실사지수(BSI) 제조업 업황BSI 추이에 대해 알려주세요,352.3821105957031,1366.2886962890625,1885.3007749685876,870.6520492793971
MI3_240808_TY2_0540_2_V02-4_1,비제조업 업황BSI 추이에 대해 알려주세요,351.55450439453125,1879.364990234375,1892.0921174443513,890.5617806983191
MI3_240808_TY2_0540_3_V02-4_1,II 경제심리지수 추이에 대한 꺾은선형 차트에 대해 알려주세요,335.01947021484375,947.8941650390625,1915.0965815460302,1016.9344999587429
MI3_240808_TY2_0540_4_V02-4_2,기업경기실사지수(BSI) 전망에 대해 알려주세요,321.78607177734375,785.8677368164062,1924.6143856165622,903.1301922291102
MI3_240808_TY2_0551_1_V01_1,장기평균에 대해 알려주세요,361.3894348144531,2238.8876953125,1818.8916261477304,878.2866032799174
MI3_240808_TY2_0551_3_V01_1,Ⅱ 경제심리지수(ESI) ESI 지수 변화에 대해 알려주세요,358.14495849609375,2130.688720703125,1842.906047015547,925.3113282942057
MI3_240808_TY2_0551_4_V02-4_2,제조업·비제조업 업황 전망BSI 추이에 대해 알려주세요,343.7897033691406,2052.220703125,1908.1983332491986,817.335866296717
MI3_240808_TY2_0556_1_V02-4_1,기업경기실사지수(BSI) 제조업 업황 BSI 꺾은선형에 대해 알려주세요,354.89898681640625,1221.178466796875,1883.1668674671785,962.9227401933838
MI3_240808_TY2_0556_2_V01_1,제조업 경영애로사항 본문 표에 대해 알려주세요,409.01458740234375,836.265625,1771.2555389487836,365.40260872705124
MI3_240808_TY2_0556_3_V02-4_1,Ⅱ 경제심리지수(ESI) 경제심리지수 추이에 대해 알려주세요,335.29571533203125,1000.5230712890625,1919.332241880488,1053.600551572454
MI3_240808_TY2_0556_4_V02-4_1,기업경기실사지수 추이에 대해 알려주세요,324.2235412597656,858.77099609375,1927.5293638569408,816.6712491353081
MI3_240808_TY2_0569_1_V01_1,기업경기실사지수(BSI) 전원대비 업황 꺾은선형 차트에 대해 알려주세요,357.3056945800781,2199.531005859375,1817.9025365675634,922.7223962593355
MI3_240808_TY2_0569_2_V01_1,경영애로사항 내수부진 비중 변화에 대해 알려주세요,364.72564697265625,2694.117919921875,1811.572701933448,405.67389820692665
MI3_240808_TY2_0569_3_V01_1,II 경제심리지수(ESI)와 관련된 표에 대해 알려주세요,363.7801208496094,2103.610107421875,1838.6281484833814,926.6476450253411
MI3_240808_TY2_0569_4_V02-4_1,기업경기실사지수(BSI) 추이에 대한 차트(꺾은선형)에 대해 알려주세요,321.08184814453125,786.5911254882812,1926.2998998437424,983.5586086317057
MI3_240808_TY2_0570_1_V02-4_1,기업경기실사지수(BSI) 제조업 업황BSI 꺾은선형 차트에 대해 알려주세요,359.481201171875,1264.3035888671875,1874.534314715549,955.7868864785324
MI3_240808_TY2_0570_2_V01_2,장기평균 표에 대해 알려주세요,365.6336364746094,2714.85205078125,1804.7921785573071,365.7306086933931
MI3_240808_TY2_0570_3_V02-4_1,II 경제심리지수(ESI) 차트(꺾은선형)에 대해 알려주세요,336.6557312011719,947.4553833007812,1912.0279611719216,1048.9901145814617
MI3_240808_TY2_0570_4_V02-4_2,기업경기실사지수 전망과 관련된 꺾은선형 차트에 대해 알려주세요,320.43408203125,784.7755126953125,1925.5320543820326,973.1536180044172
MI3_240808_TY2_0571_1_V01_1,기업경기실사지수(BSI) 장기평균에 대해 알려주세요,367.4966125488281,2171.7705078125,1811.9450869269135,891.9277996116227
MI3_240808_TY2_0571_2_V02-4_1,비제조업 업황BSI 추이에 대해 알려주세요,359.7342834472656,1795.466064453125,1871.9589782553146,959.577355869997
MI3_240808_TY2_0571_3_V02-4_1,II 경제심리지수와 관련된 경제심리지수 추이 꺾은선형에 대해 알려주세요,336.6992492675781,947.4827880859375,1911.9286496007933,1048.9691696071998
MI3_240808_TY2_0571_4_V02-4_2,제조업·비제조업 업황 전망BSI 추이에 대해 알려주세요,335.111083984375,2051.889892578125,1918.169356782706,1004.3834677695028
MI3_240809_TY2_0009_1_V01_1,기업 자금조달 차트(세로 막대형)에 대해 알려주세요,331.34112548828125,2195.281982421875,1885.5593672558534,941.2574133483668
MI3_240809_TY2_0009_2_V01_1,2018 2019 2020 연도별 수신 현황에 대해 알려주세요,357.1538391113281,1927.4129638671875,1868.005299402308,1106.6601283782095
MI3_240809_TY2_0009_3_V01_1,가계대출 및 기업 자금조달에 대해 알려주세요,332.05474853515625,678.8530883789062,1907.132742673528,1635.515201231355
MI3_240809_TY2_0025_1_V02-4_3,나. 등락률 차트(꺾은선형)에 대해 알려주세요,355.96087646484375,1575.6641845703125,1841.688798808034,1528.6624716349334
MI3_240809_TY2_0025_2_V01_1,수입물가지수 용도별 분류에 대해 알려주세요,336.4241638183594,1695.3165283203125,1881.7652726374633,1440.3368990140204
MI3_240809_TY2_0028_1_V01_1,예금취급기관의 산업 대출금 증감액 추이 차트(세로 막대형)에 대해 알려주세요,334.9080505371094,1664.3941650390625,1951.0583805305146,1301.4674761548977
MI3_240809_TY2_0028_2_V01_1,II. 2/4분기중 산업별 대출금 동향 차트(세로 막대형)에 대해 알려주세요,315.1574401855469,1351.003173828125,2018.0048096076791,1548.3881849328327
MI3_240809_TY2_0028_3_V01_1,서비스업 대출 증감액 추이 차트(세로 막대형)에 대해 알려주세요,319.9566650390625,1418.0076904296875,2015.919794837924,1396.4531564454105
MI3_240809_TY2_0029_1_V01_1,예금취급기관의 산업 대출금 증감액 추이 차트에 대해 알려주세요,333.99737548828125,1664.5765380859375,1954.2424173169254,1301.477748865973
MI3_240809_TY2_0029_2_V01_1,제조업 대출 증감액 추이에 대해 알려주세요,307.2866516113281,1441.0145263671875,2017.0708072356754,1541.7046931664577
MI3_240809_TY2_0029_3_V01_1,서비스업 대출 증감액 추이에 대해 알려주세요,320.01641845703125,1417.5677490234375,2015.7341319320783,1396.898330551614
MI3_240809_TY2_0045_1_V01_1,서비스업 산업별 대출 추이에 대해 알려주세요,321.38092041015625,1499.5308837890625,1995.5083684103845,1448.8608644806368
MI3_240809_TY2_0045_2_V01_1,건설업 산업별 대출 추이에 대해 알려주세요,300.31005859375,1452.954345703125,2022.0453165958804,978.0986056136937
MI3_240809_TY2_0049_1_V02-4_1,가. 지수 꺾은선형에 대해 알려주세요,337.7772216796875,2008.176025390625,1915.786881369695,1017.5272905956341
MI3_240809_TY2_0052_1_V01_1,서비스업의 대출 추세를 보여주는 표에 대해 알려주세요,319.9447021484375,1497.262939453125,1995.9781007966644,1459.8531618376787
MI3_240809_TY2_0052_2_V01_1,건설업 산업별 대출 추이 차트에 대해 알려주세요,301.5401916503906,1453.5289306640625,2019.6822671725931,997.6991232302029
MI3_240809_TY2_0062_2_V01_1,가계대출 증감액 차트에 대해 알려주세요,333.9519348144531,1447.719970703125,1872.9594034793324,1714.6116007720345
MI3_240809_TY2_0062_3_V01_1,판매신용에 대한 표에 대해 알려주세요,357.9856262207031,1034.9693603515625,1868.207597973597,691.2033365383188
MI3_240809_TY2_0064_1_V01_1,가계신용 표에 대해 알려주세요,353.0458984375,1492.3509521484375,1883.4439386389897,668.153562079272
MI3_240809_TY2_0064_2_V01_1,기관별 가계대출 표에 대해 알려주세요,344.0357971191406,1371.197509765625,1862.6094486514842,1726.1348720151145
MI3_240809_TY2_0064_3_V01_1,판매신용 차트(표)에 대해 알려주세요,374.9544677734375,843.6944580078125,1838.654688326618,694.5982144900416
MI3_240809_TY2_0069_1_V02-1_1,반기별 위조지폐 발견장수 표에 대해 알려주세요,371.01861572265625,1549.9869384765625,863.3404232291281,744.0315764724652
MI3_240809_TY2_0069_2_V01_1,전체 금액에 대한 차트에 대해 알려주세요,393.2395324707031,854.3671264648438,1805.6372513318684,685.0867231623306
MI3_240809_TY2_0072_1_V02-8_1,가계신용 혼합형 차트에 대해 알려주세요,363.2977294921875,2244.025634765625,1833.9480512257574,921.9402335634434
MI3_240809_TY2_0072_3_V01_1,가계신용 잔액 현황 (십억원) 차트(세로 막대형)에 대해 알려주세요,311.50701904296875,498.2350769042969,1946.4537419823116,2425.511172719815
MI3_240809_TY2_0082_1_V02-8_1,가계신용 혼합형에 대해 알려주세요,396.9374084472656,1409.150634765625,1781.1533609309781,911.038674294106
MI3_240809_TY2_0082_2_V01_1,기관별 가계대출 증감액 차트(세로 막대형)에 대해 알려주세요,357.698974609375,1532.4945068359375,1836.5108420568824,1599.0609563953967
MI3_240809_TY2_0082_3_V01_1,판매신용에 관한 표에 대해 알려주세요,363.9670715332031,835.4725952148438,1862.6014246202215,685.5319085128461
MI3_240809_TY2_0083_1_V01_1,가계신용 표에 대해 알려주세요,353.8576354980469,2377.329833984375,1879.5191443634178,764.7836247099436
MI3_240809_TY2_0083_2_V01_1,2012-2014 연중 가계대출 잔액에 대해 알려주세요,369.6199951171875,1501.871337890625,1818.0801710174933,1622.2938957418378
MI3_240809_TY2_0083_3_V01_1,판매신용에 대해 알려주세요,364.9729919433594,834.365966796875,1860.445407194439,688.9191162056721
MI3_240809_TY2_0106_1_V02-1_2,총산출액의 지역별 구성 차트(세로 막대형)에 대해 알려주세요,362.28759765625,2202.817138671875,793.2193360717043,905.5437916925109
MI3_240809_TY2_0113_1_V02-1_1,성별/연령별 스마트폰 보유비율 차트(세로 막대형)에 대해 알려주세요,454.77618408203125,1700.7635498046875,411.53418488002933,421.373850140815
MI3_240809_TY2_0116_1_V02-4_1,인터넷뱅킹 전체 차트(꺾은선형)에 대해 알려주세요,676.6202392578125,534.8434448242188,1151.034588782414,848.0894805179728
MI3_240809_TY2_0117_1_V01_1,외국환은행의 외환거래규모(억달러)에 대해 알려주세요,344.46881103515625,2120.308837890625,1858.107662515052,996.5382480253629
MI3_240809_TY2_0117_3_V01_1,전체 에 대해 알려주세요,349.1346740722656,1194.48974609375,1871.1317102455237,1753.527774430287
MI3_240809_TY2_0118_1_V01_1,전자어음 이용자 등록 현황 표에 대해 알려주세요,341.97991943359375,1936.4976806640625,1864.6814720209575,1187.331255137825
MI3_240809_TY2_0118_2_V01_1,전자어음 이용 실적 표에 대해 알려주세요,366.2948913574219,2132.160400390625,1819.0781502598825,937.9647160195665
MI3_240809_TY2_0140_1_V02-1_1,모바일뱅킹 서비스별 이용건수 및 비중 차트(세로 막대형)에 대해 알려주세요,389.2274169921875,2436.550537109375,792.6745030285704,608.7951311226444
MI3_240809_TY2_0162_1_V01_1,주요 시장금리에 대해 알려주세요,429.9455871582031,1139.346923828125,1747.3773662460387,352.0224246838287
MI3_240809_TY2_0168_1_V01_1,원화 환율 차트(세로 막대형)에 대해 알려주세요,371.908447265625,1337.6807861328125,1839.3085108820012,610.5260274946819
MI3_240809_TY2_0174_1_V01_1,지급카드 이용실적 표에 대해 알려주세요,367.4520568847656,2440.829833984375,1866.9769600344775,660.0136644305549
MI3_240809_TY2_0178_1_V01_1,모바일뱅킹 등록고객수와 실제 이용에 대한 차트에 대해 알려주세요,376.4371032714844,1417.5501708984375,1812.2569506553439,752.1948873496569
MI3_240809_TY2_0181_1_V01_1,가계신용 표에 대해 알려주세요,361.2591247558594,2008.201416015625,1821.312034967839,1100.7383361935838
MI3_240809_TY2_0193_1_V01_1,일평균 기준 표에 대해 알려주세요,374.04974365234375,1824.147216796875,1816.950636769126,920.0721320204719
MI3_240809_TY2_0221_1_V01_1,주요국환율에 대한 표에 대해 알려주세요,364.4101867675781,1741.189208984375,1856.3098151753036,1276.692884137853
MI3_240809_TY2_0228_1_V02-8_1,가계신용 혼합형에 대해 알려주세요,405.00030517578125,1108.0181884765625,1755.0127244515234,851.2209776597437
MI3_240809_TY2_0239_1_V02-8_1,가계신용 혼합형에 대해 알려주세요,402.89813232421875,1218.1002197265625,1765.9147880729447,867.3048107683102
MI3_240809_TY2_0267_1_V02-8_1,2023년 5만원권 환수율 동향 은행권 발행·환수·순발행 혼합형에 대해 알려주세요,1299.765380859375,1919.635009765625,894.942430534598,825.6098974267196
MI3_240809_TY2_0272_1_V01_2,소득교역조건지수에 대한 단가지수 방식(구지수) 차트(세로 막대형)에 대해 알려주세요,404.93743896484375,761.88916015625,1807.4586366555418,307.7297143225469
MI3_240809_TY2_0308_1_V02-1_1,전체 한국 OECD 평균 금융지식 금융행위에 대해 알려주세요,338.3106689453125,2635.3642578125,866.704193501032,425.97751641342603
MI3_240809_TY2_0317_1_V02-8_1,수출물가지수 등락률 혼합형에 대해 알려주세요,317.75616455078125,1162.1317138671875,1946.8320189045892,880.7097306108878
MI3_240809_TY2_0347_1_V02-8_1,2. 수입물가지수 등락률 혼합형에 대해 알려주세요,330.8164367675781,2258.05810546875,1924.2854967388391,863.6408307043284
MI3_240809_TY2_0366_1_V02-8_2,수입물가지수 등락률 차트(혼합형)에 대해 알려주세요,331.19439697265625,2271.8623046875,1920.3846548459603,862.7790482503794
MI3_240809_TY2_0375_1_V01_1,주요 성장성지표 차트(세로 막대형)에 대해 알려주세요,296.85791015625,1611.3818359375,1961.6787109179904,1548.4890037732696
MI3_240809_TY2_0384_1_V02-8_2,2. 수입물가지수 등락률 혼합형에 대해 알려주세요,327.9340515136719,2265.83984375,1926.3009265049966,879.5804567072129
MI3_240809_TY2_0389_1_V01_1,광의통화(M2)의 경제주체별 구분 표에 대해 알려주세요,427.3899841308594,2479.8212890625,1682.7461106155204,225.673688249931
MI3_240809_TY2_0394_1_V02-4_1,기업경기실사지수(BSI) 제조업 업황BSI 꺾은선형에 대해 알려주세요,363.6146545410156,1535.7650146484375,1848.0353966240937,745.8085975199846
MI3_240809_TY2_0395_1_V01_1,소비자심리지수 표에 대해 알려주세요,358.8497009277344,2236.8291015625,1849.882991754445,769.7393414688765
MI3_240809_TY2_0426_1_V02-4_1,기업경기실사지수(BSI) 제조업 업황BSI 꺾은선형에 대해 알려주세요,359.2726135253906,1528.3807373046875,1861.195126916328,788.3415957650951
MI3_240809_TY2_0435_1_V01_1,I 기업경기실사지수(BSI) 제조업 업황BSI 표에 대해 알려주세요,364.0552673339844,2317.274658203125,1848.32461052847,793.0623267451513
MI3_240809_TY2_0461_1_V02-4_1,제조업 업황BSI 추이에 대해 알려주세요,366.5894775390625,1611.994384765625,1833.7138387430375,719.4059376157418
MI3_240809_TY2_0470_1_V01_1,장기평균 표에 대해 알려주세요,382.4815979003906,2299.302001953125,1809.0398259218896,791.0174700070978
MI3_240809_TY2_0479_1_V02-4_1,제조업 업황BSI 추이에 대해 알려주세요,376.6000671386719,1435.304443359375,1832.2960229834466,893.9429854453895
MI3_240809_TY2_0480_1_V01_1,장기평균에 대해 알려주세요,381.34027099609375,2301.75439453125,1810.064327959166,795.2461378729345
MI3_240809_TY2_0486_1_V01_1,장기평균에 대해 알려주세요,381.08770751953125,2300.340576171875,1810.8262103469385,794.7888030265323
MI3_240809_TY2_0490_1_V01_1,장기평균에 대해 알려주세요,380.7515563964844,2290.682861328125,1812.029670101323,796.6634147835034
MI3_240809_TY2_0502_1_V02-4_1,경제성장률 비교 차트(꺾은선형)에 대해 알려주세요,427.80322265625,2024.4066162109375,1720.5816781976123,990.8898518029457
MI3_240809_TY2_0507_1_V02-4_1,제조업 업황BSI 추이에 대해 알려주세요,351.9916076660156,1404.092041015625,1883.7008234410296,843.2745663170177
MI3_240809_TY2_0510_1_V01_1,국내은행의 대출태도지수 종합에 대해 알려주세요,376.1029357910156,1780.51123046875,1836.7900376369812,441.55364936595254
MI3_240809_TY2_0513_1_V01_2,총량지표에 대한 차트(세로 막대형)에 대해 알려주세요,293.83563232421875,1864.9349365234375,1965.5934977788406,1294.2636431361786
MI3_240809_TY2_0527_1_V01_1,M1 M2 표에 대해 알려주세요,306.67132568359375,585.7018432617188,1961.9991844724934,1281.8006786541068
MI3_240809_TY2_0528_1_V01_1,총량지표에 대한 표에 대해 알려주세요.,306.5487060546875,585.4820556640625,1962.2972370055847,1281.2795077465762
MI3_240809_TY2_0558_1_V01_1,수익구조 차트(세로 막대형)에 대해 알려주세요,345.52325439453125,1062.153564453125,1878.4257692938857,1857.1132358581165
MI3_240809_TY2_0562_1_V02-4_2,결제통화별 수입비중 추이에 대해 알려주세요,1299.7813720703125,1366.7681884765625,888.9904380426543,581.6534606738932
MI3_240809_TY2_0569_1_V01_1,북한의 산업별 성장률 차트에 대해 알려주세요,344.80828857421875,1495.539794921875,1863.5175823726233,1605.192781852622
MI3_240809_TY2_0589_1_V01_1,지역별 어음부도율1) (전자결제 조정전) 차트(세로 막대형)에 대해 알려주세요,329.31878662109375,1430.1009521484375,1879.575214081528,1734.4672683204674
MI3_240809_TY2_0594_1_V01_2,총량지표와 통화지표(평잔)에 대한 차트에 대해 알려주세요,295.9443664550781,1857.55419921875,1964.252095693111,1295.8244505832695
MI3_240809_TY2_0596_1_V01_2,통화지표의 증감률에 대해 알려주세요.,306.2351989746094,574.19140625,1962.5187926224687,1275.0576471668287
MI3_240809_TY2_0598_1_V01_1,"원/달러, 원/엔, 달러/유로 및 엔/달러 환율 추이 표에 대해 알려주세요",339.54656982421875,2199.817626953125,1881.6379123100521,883.1967849534476
MI3_240809_TY2_0599_1_V01_2,전기대비 증감률(계절조정계열) 차트(세로 막대형)에 대해 알려주세요,308.1637268066406,1865.490478515625,1949.6418181561417,1265.3784650902976
MI3_240809_TY2_0606_1_V01_1,총량지표 차트에 대해 알려주세요,306.3941345214844,571.7846069335938,1963.2511045262563,1313.1027587553601
MI3_240809_TY2_0625_1_V01_1,매출액증가율 차트(세로 막대형)에 대해 알려주세요,329.87030029296875,1526.7069091796875,1890.188955923833,1598.1793004572323
MI3_240809_TY2_0652_1_V02-4_1,경제주체별 자금과부족 추이 꺾은선형 차트에 대해 알려주세요,1292.7764892578125,2199.694091796875,912.6941245686749,844.174811151106
MI3_240809_TY2_0665_1_V01_1,예금은행 가중평균금리 차트에 대해 알려주세요,322.90081787109375,2072.000244140625,1916.5494797851854,1043.793055400822
MI3_240809_TY2_0673_1_V01_1,예금은행의 가중평균금리 표에 대해 알려주세요,322.6247253417969,2071.800537109375,1917.204154385456,1044.3126743836574
MI3_240809_TY2_0674_1_V01_1,예금은행의 가중평균금리 차트(세로 막대형)에 대해 알려주세요,322.85205078125,2071.910400390625,1916.6335502138834,1043.9571595315613
MI3_240809_TY2_0689_1_V01_2,광의통화(M2)의 경제주체별 구분 표에 대해 알려주세요,427.4349365234375,2479.787353515625,1682.6495358117882,225.66369217645746
MI3_240809_TY2_0697_1_V01_1,주요 성장성지표 차트(세로 막대형)에 대해 알려주세요,377.0495910644531,1442.753173828125,1819.8316937175155,1678.629884869772
MI3_240809_TY2_0717_1_V01_1,I. 예금은행 가중평균금리 차트에 대해 알려주세요,324.4569091796875,2071.750732421875,1912.9877877606896,1042.8245507194863
MI3_240809_TY2_0722_1_V01_1,통화 및 유동성 지표 추이 차트(세로 막대형)에 대해 알려주세요,0.0,0.0,0.0,0.0
MI3_240809_TY2_0769_1_V01_1,2018년중 지식재산권 무역수지 표에 대해 알려주세요,331.5101318359375,1577.0238037109375,1885.9326360059235,1573.6242746271078
MI3_240809_TY2_0804_1_V01_1,생산자물가지수 표에 대해 알려주세요,335.6145935058594,1795.6202392578125,1880.8766099634142,1334.6006525712176
MI3_240809_TY2_0808_1_V01_1,생산자물가지수 표에 대해 알려주세요,337.03717041015625,1720.779541015625,1879.1777024381017,1411.142060465872
MI3_240809_TY2_0811_1_V01_1,생산자물가지수 (%) 전월대비 전년동월대비 가중치에 대해 알려주세요,355.38641357421875,1586.3892822265625,1871.2284572296692,1416.506969411282
MI3_240809_TY2_0812_1_V01_1,생산자물가지수 차트(표)에 대해 알려주세요,336.55908203125,1579.04052734375,1876.7580689367285,1553.051724897788
MI3_240809_TY2_0813_1_V01_1,생산자물가지수 차트에 대해 알려주세요,336.830078125,1579.5552978515625,1876.2516649488948,1552.0948335773742
MI3_240809_TY2_0859_1_V01_1,평균 가격 차트 표에 대해 알려주세요,365.4607849121094,2384.864501953125,1870.0971933162998,681.4746194439053
MI3_240809_TY2_0878_1_V01_1,국제유가 표에 대해 알려주세요,389.74334716796875,2097.853515625,1782.3766192830944,677.3065184792666
MI3_240809_TY2_0935_1_V01_2,총저축률과 국내총투자율 표에 대해 알려주세요,409.1063537597656,2235.03662109375,1725.742827543213,456.8588262039607
MI3_240809_TY2_0944_1_V01_1,2013년 3/4분기 실질 국내총생산에 대한 차트에 대해 알려주세요,360.53204345703125,2137.2177734375,1841.3537861111204,903.8392557898111
MI3_240809_TY2_0965_1_V01_1,일자 장소 회의명 표에 대해 알려주세요,432.0716247558594,2587.856689453125,1674.2561872603128,240.87019341287908
MI3_240809_TY2_0973_1_V01_1,국내은행의 차주별 대출태도지수 추이 및 전망에 대해 알려주세요,363.9786682128906,1659.6588134765625,1861.6424201579366,599.656315902467
MI3_240809_TY2_0980_1_V02-8_1,경제성장률 추이 차트(혼합형)에 대해 알려주세요,383.8720397949219,1907.9322509765625,1805.8512283972937,1134.0852203741042
MI3_240809_TY2_0998_1_V01_1,국민총소득 저축률 차트에 대해 알려주세요,346.3775939941406,2123.460205078125,1872.7562824510965,948.9120955712859
MI3_240809_TY2_1002_1_V01_1,국민계정 주요지표 경제규모 및 국민소득에 대해 알려주세요,324.5244140625,414.3748779296875,1907.333135595929,2625.199955611932
MI3_240809_TY2_1019_1_V01_1,경제활동별 국내총생산과 관련된 표에 대해 알려주세요,330.67584228515625,1768.2591552734375,1937.3775472878951,1268.297343674481
MI3_240809_TY2_1020_1_V01_1,경제규모 및 국민총소득에 대한 차트(세로 막대형)에 대해 알려주세요,357.278564453125,2724.24755859375,1847.9922788917656,361.56143213322736
MI3_240809_TY2_1025_1_V01_1,2021년 2/4분기 국민총소득 관련 차트에 대해 알려주세요,351.17822265625,2213.898193359375,1865.7370768412638,839.1952509629938
MI3_240809_TY2_1033_1_V01_1,경제활동별 국내총생산 차트에 대해 알려주세요,309.34246826171875,1828.6658935546875,2002.9686343816613,1185.6036690886194
MI3_240809_TY2_1052_1_V02-4_1,세계경제와 관련된 꺾은선형 차트에 대해 알려주세요,360.054443359375,2437.3046875,859.5103423439948,671.4625098091524
MI3_240809_TY2_1055_1_V02-8_1,I · 국내외 경제여건혼합형에 대해 알려주세요,376.60699462890625,2283.317626953125,841.7043013789721,667.259798611444
MI3_240809_TY2_1059_1_V02-8_1,세계경제 1 세계경제에 대한 혼합형 차트에 대해 알려주세요,1297.6204833984375,2434.942626953125,874.1702803010667,651.8328991884736
MI3_240809_TY2_1061_1_V02-4_2,경기체감지수 꺾은선형에 대해 알려주세요,1288.8883056640625,2414.138916015625,898.9376834600162,685.5756959816249
MI3_240809_TY2_1083_1_V01_1,국내은행의 대출태도에 대해 알려주세요,360.1606750488281,1709.1353759765625,1874.4234857854922,559.3523817561444
MI3_240809_TY2_1091_1_V03_1,조건부자본에 대해 알려주세요,438.2127685546875,2453.8427734375,1674.2071806195868,448.4010414394418
MI3_240809_TY2_1092_1_V02-4_1,경제성장률과 1인당 국민소득에 대한 꺾은선형 차트에 대해 알려주세요,361.48028564453125,1896.93310546875,879.4550821298942,617.7222512421124
MI3_240809_TY2_1097_1_V02-6_1,국가별 금융이해력 수준 및 국민소득에 대해 알려주세요,1290.3287353515625,2150.76416015625,905.982775526295,794.9623491856025
MI3_240812_TY2_0013_1_V02-4_1,2019년 6월 대구경북지역 기업경기조사 결과 제조업 업황BSI 꺾은선형에 대해 알려주세요,401.2230529785156,1426.0504150390625,1777.9948777601082,1160.1212921870956
MI3_240812_TY2_0013_2_V01_1,T01 T02 T03 차트(세로 막대형)에 대해 알려주세요,330.4949645996094,1290.5531005859375,1876.908047507459,1836.0844357886267
MI3_240812_TY2_0013_3_V02-4_1,제조업 비제조업 업황 전망 BSI 꺾은선형에 대해 알려주세요,391.0261535644531,2137.137939453125,1775.2846577332305,992.8575380138292
MI3_240812_TY2_0013_4_V01_2,T01 T02 T03 표에 대해 알려주세요,341.84320068359375,1033.0648193359375,1891.1148903577543,970.9101073384596
MI3_240812_TY2_0013_5_V01_1,"전국과의 비교, 주요지표 비교1)2) 차트에 대해 알려주세요",353.90655517578125,1272.640625,1892.9179474051673,1456.1332026105035
MI3_240812_TY2_0013_6_V01_1,대구경북지역 기업경기조사 주요지표에 대한 차트(세로 막대형)에 대해 알려주세요,289.6839599609375,431.9571228027344,2013.3225839521301,2684.110910227045
MI3_240812_TY2_0025_1_V01_1,2020년 5월 대구경북지역 기업경기조사 결과 제조업 업황 BSI 세로 막대형에 대해 알려주세요,344.1148681640625,2585.023193359375,1871.1318711906702,564.4552213042004
MI3_240812_TY2_0025_2_V01_1,T01 T02 V01 차트(혼합형)에 대해 알려주세요,330.66717529296875,1290.484375,1876.5758393139122,1836.3569933122312
MI3_240812_TY2_0025_3_V02-4_1,비제조업 업황 전망 BSI 꺾은선형에 대해 알려주세요,371.71331787109375,2023.20849609375,1819.6716636749293,1145.5613950323675
MI3_240812_TY2_0025_4_V01_2,비제조업 경영애로사항에 대한 시각적 정보에 대해 알려주세요,353.1884765625,2611.24365234375,1882.8983269258197,515.8697572291215
MI3_240812_TY2_0025_5_V01_1,제조업과 비제조업의 주요지표를 비교하는 차트에 대해 알려주세요,349.42852783203125,1276.9573974609375,1891.9886682032625,1623.074581803667
MI3_240812_TY2_0025_6_V01_1,대구경북지역 기업경기조사 주요지표에 대해 알려주세요,303.9989318847656,431.5869445800781,1961.8656665616122,2688.2773921949165
MI3_240812_TY2_0036_1_V01_1,2021년 5월 대구경북지역 기업경기조사 결과의 막대형 차트에 대해 알려주세요,370.7501525878906,2464.631103515625,1859.4902470531783,569.788591715944
MI3_240812_TY2_0036_2_V01_1,이번 문서의 표에 대해 알려주세요,330.60296630859375,1290.8302001953125,1876.605153248075,1836.4651265827383
MI3_240812_TY2_0036_3_V02-4_1,비제조업 업황BSI 꺾은선형에 대해 알려주세요,407.3547058105469,2144.115478515625,1739.7074837924151,994.1014601842666
MI3_240812_TY2_0036_4_V01_1,에 포함된차트에 대해 알려주세요,353.32476806640625,2612.5654296875,1882.0253079849865,514.1631779595036
MI3_240812_TY2_0036_5_V01_1,전국과의 비교 표에 대해 알려주세요,351.42266845703125,1199.3834228515625,1890.5103445620696,1617.412423167656
MI3_240812_TY2_0036_6_V01_1,대구경북지역 기업경기조사 주요지표에 대해 알려주세요,303.8197326660156,434.587646484375,1961.9276984233015,2685.7150282037164
MI3_240812_TY2_0044_1_V02-4_1,2022년 1월 대구경북지역 기업경기조사 결과 제조업 업황BSI 꺾은선형에 대해 알려주세요,420.9748840332031,1679.644287109375,1731.035070773189,991.8681420151181
MI3_240812_TY2_0044_2_V01_1,T01 T02 V01 차트(혼합형)에 대해 알려주세요,323.63421630859375,1286.9034423828125,1879.6357517220013,1891.7957598318692
MI3_240812_TY2_0044_3_V02-4_1,업황 전망 BSI 꺾은선형에 대해 알려주세요,396.408447265625,2148.3212890625,1762.471735253238,993.0408008506023
MI3_240812_TY2_0044_4_V01_2,"(비중, %) 차트(원형)에 대해 알려주세요",362.66650390625,2570.27490234375,1882.8340383560835,518.6944725789899
MI3_240812_TY2_0044_5_V01_1,전국과의 비교 시각요소 범례에 대해 알려주세요,344.2930908203125,1381.2017822265625,1885.4630731914613,1617.4695900968366
MI3_240812_TY2_0044_6_V01_1,대구경북지역 기업경기조사 주요지표에 대해 알려주세요,304.355224609375,426.6560974121094,1962.1511511582746,2693.115648391984
MI3_240812_TY2_0046_1_V01_1,2022년 3월 대구경북지역 기업경기조사 결과 제조업 업황 데이터에 대해 알려주세요,368.10284423828125,2555.4033203125,1863.801348486076,564.5858135314164
MI3_240812_TY2_0046_2_V01_1,T01 T02 V01 차트에 대해 알려주세요,323.66143798828125,1286.5213623046875,1879.518813915037,1892.429606491039
MI3_240812_TY2_0046_3_V02-4_1,"제조업 경영애로사항1) (비중, %) 업황 BSI 꺾은선형에 대해 알려주세요",401.4444274902344,2177.46484375,1749.7459572165699,987.4444520122106
MI3_240812_TY2_0046_4_V01_1,업황에 대한 시각적 표현인 차트(세로 막대형)에 대해 알려주세요,341.0380859375,969.52197265625,1892.6164955660008,969.2135913569675
MI3_240812_TY2_0046_5_V01_1,대구경북 전 월별 제조업 업황 차트에 대해 알려주세요,343.77264404296875,1381.412841796875,1887.078709929853,1617.220014105174
MI3_240812_TY2_0046_6_V01_1,대구경북지역 기업경기조사 주요지표에 대해 알려주세요,303.965087890625,429.18853759765625,1962.3198328235296,2688.3649392225884
MI3_240812_TY2_0049_1_V02-4_1,2022년 6월 대구경북지역 기업경기조사 결과와 관련된 업황 전망 BSI 꺾은선형에 대해 알려주세요.,428.3890075683594,1580.9351806640625,1712.7861852991366,989.242806960352
MI3_240812_TY2_0049_2_V01_1,매출BSI 생산BSI 데이터 차트에 대해 알려주세요,323.99114990234375,1286.826171875,1878.9917935274468,1891.8681287910954
MI3_240812_TY2_0049_3_V02-4_1,경영애로사항 비제조업 업황BSI와 업황 전망BSI에 대해 알려주세요,406.2945861816406,2098.407958984375,1740.1619662101511,993.2364626176583
MI3_240812_TY2_0049_4_V01_1,21.10월 11월 12월 22.1월 2월 3월 4월 5월 6월 7월 차트(세로 막대형)에 대해 알려주세요,341.8565673828125,969.539306640625,1890.8317468993107,968.4480973769232
MI3_240812_TY2_0049_5_V01_1,전국과의 비교와 관련된 차트에 대해 알려주세요,343.9788818359375,1381.7381591796875,1886.6661251605967,1616.5752154908191
MI3_240812_TY2_0049_6_V01_1,대구경북지역 기업경기조사 주요지표 매출 차트에 대해 알려주세요,303.8916320800781,433.8077392578125,1961.7519901659055,2685.5844868660843
MI3_240812_TY2_0053_1_V02-4_1,2022년 10월 대구경북지역 기업경기조사 결과 제조업 업황BSI 꺾은선형 차트에 대해 알려주세요,435.4466247558594,1528.029296875,1705.7880814027806,948.4004833451019
MI3_240812_TY2_0053_2_V01_1,"제목에 따라 '22.2월부터 10월까지의 매출, 생산, 신규 수주 등의 변화를 보여주는 표에 대해 알려주세요.",328.330322265625,1291.1915283203125,1877.8497042031458,1851.6697302657246
MI3_240812_TY2_0053_3_V02-4_1,비제조업 업황 전망 BSI 꺾은선형에 대해 알려주세요,409.02862548828125,2165.6923828125,1734.4659321142437,950.5692976271882
MI3_240812_TY2_0053_4_V01_2,이 문서의 제목에 대한 경영애로사항 비중 차트에 대해 알려주세요.,341.2431640625,969.3568725585938,1892.1355594274971,967.6750417965541
MI3_240812_TY2_0053_5_V01_1,전국과의 비교 주 주요지표 비교1) 차트(세로 막대형)에 대해 알려주세요,351.9132080078125,1385.6285400390625,1886.0735614006262,1561.6527658681032
MI3_240812_TY2_0053_6_V01_1,대구경북지역 기업경기조사 주요지표에 대해 알려주세요,304.1636962890625,429.9429016113281,1961.043426778826,2676.5428181975353
MI3_240812_TY2_0055_1_V02-4_1,2022년 12월 대구경북지역 기업경기조사 결과 제조업 업황BSI 꺾은선형에 대해 알려주세요,417.16552734375,1711.395751953125,1738.9880958993642,951.7847984389141
MI3_240812_TY2_0055_2_V01_1,매출BSI와 관련된 데이터의 차트에 대해 알려주세요,327.90802001953125,1290.5302734375,1878.6065591636677,1852.0689820022974
MI3_240812_TY2_0055_3_V02-4_1,업황전망에 대한 꺾은선형 차트에 대해 알려주세요,393.29632568359375,2212.819580078125,1769.0250785659916,945.2227845337026
MI3_240812_TY2_0055_4_V01_1,T01 T02 T03 표에 대해 알려주세요,341.9219665527344,969.5826416015625,1890.672993108711,967.2680821754874
MI3_240812_TY2_0055_5_V01_1,전국과의 비교에 대한 표에 대해 알려주세요,351.83538818359375,1383.958251953125,1885.9164221133653,1563.4889441040782
MI3_240812_TY2_0055_6_V01_1,대구경북지역 기업경기조사 주요지표에 대해 알려주세요,303.87921142578125,431.9744567871094,1961.1411224292026,2674.5566189470187
MI3_240812_TY2_0059_1_V02-4_1,2023년 4월 대구경북지역 기업경기조사 결과 제조업 업황BSI 꺾은선형에 대해 알려주세요,431.16802978515625,1711.3890380859375,1711.1756233548729,952.5938427741246
MI3_240812_TY2_0059_2_V01_1,T01 T02 T03 V01에 대해 알려주세요,328.5898132324219,1291.0399169921875,1877.4523464349506,1850.9445825072692
MI3_240812_TY2_0059_3_V02-4_1,업황 전망 BSI 꺾은선형에 대해 알려주세요,403.6256103515625,2216.57080078125,1746.979065550134,944.5449607793364
MI3_240812_TY2_0059_4_V01_1,T01 T02 T03 표에 대해 알려주세요,342.1429443359375,970.1478881835938,1890.1503909722032,966.452971280904
MI3_240812_TY2_0059_5_V01_1,전국과의 비교와 관련하여 대구경북 전 국의 제조업 및 비제조업 업황에 대한 차트에 대해 알려주세요,352.0299072265625,1385.848388671875,1885.5631600168144,1561.338009616642
MI3_240812_TY2_0059_6_V01_1,대구경북지역 기업경기조사 주요지표에 대해 알려주세요,304.40374755859375,430.0461120605469,1960.1890003264925,2675.646272791113
MI3_240812_TY2_0112_1_V01_1,세계경제 성장률 전제 표에 대해 알려주세요,938.1810302734375,2559.72900390625,642.7763943141174,512.5363861603906
MI3_240812_TY2_0112_2_V02-4_1,소비자물가 상승률 전망 차트(꺾은선형)에 대해 알려주세요,1463.4315185546875,2491.5048828125,678.6721643945386,572.0300425584442
MI3_240812_TY2_0112_3_V02-4_2,에 대한 소비자물가 상승률 차트(꺾은선형)에 대해 알려주세요,332.8199768066406,1902.953125,948.9894614614741,660.4600282487122
MI3_240812_TY2_0112_4_V01_1,경제전망 요약표(2023.8월) 본문 표에 대해 알려주세요,313.8672180175781,413.5152282714844,1955.7309734041135,2627.916159111693
MI3_240812_TY2_0113_1_V01_2,국내 성장률 전망 표에 대해 알려주세요,924.9740600585938,2480.306640625,668.3994239300506,595.6368679462408
MI3_240812_TY2_0113_2_V02-4_1,<소비자물가 전망경로>에 대해 알려주세요,965.6739501953125,2470.49169921875,658.2686669311461,552.6706356508171
MI3_240812_TY2_0113_3_V02-4_2,에 관련된 <시나리오별 물가상승률> 차트(꺾은선형)에 대해 알려주세요,333.7708740234375,1236.5965576171875,972.9088304727267,678.1594810877764
MI3_240812_TY2_0113_4_V01_1,경제전망 요약표(2023.11월) 차트에 대해 알려주세요,308.1879577636719,432.61163330078125,1961.9671770538098,2605.374572102078
MI3_240812_TY2_0122_1_V02-8_2,분기별 경제성장률 추이에 대한 혼합형 차트에 대해 알려주세요,379.6292724609375,535.3049926757812,1817.388568533836,1134.2434913660893
MI3_240812_TY2_0122_2_V01_1,경제활동별 및 지출항목별 성장기여도 차트(세로 막대형)에 대해 알려주세요,322.7434997558594,432.5379943847656,1907.6722577311277,2584.0165048652934
MI3_240812_TY2_0122_3_V01_1,경제활동별 및 지출항목별 성장기여도 차트에 대해 알려주세요,317.2680969238281,459.33001708984375,1909.864373740821,2543.074843837924
MI3_240812_TY2_0122_4_V01_1,최종수요에 대한 지출항목별 성장기여도와 관련된 차트에 대해 알려주세요,321.0833740234375,441.18475341796875,1910.5375993841296,2560.426446859369
MI3_240812_TY2_0122_5_V01_1,주요 경제활동별 성장률 추이에 대해 알려주세요,322.34808349609375,428.0782775878906,1905.159061445043,2604.8773129703923
MI3_240812_TY2_0130_1_V01_1,제목과 소제목을 기반으로 한 시각요소에 대해 알려주세요.,417.4757080078125,1323.2005615234375,1720.9468177355689,723.1311845191976
MI3_240812_TY2_0130_3_V01_1,금융microSD 식별체계에 대해 알려주세요,353.7037658691406,1396.1363525390625,1872.846826713437,718.024601891137
MI3_240812_TY2_0136_1_V01_1,주요 글로벌 분산원장 기술 컨소시엄에 대해 알려주세요,376.44354248046875,2166.8037109375,1808.6986521714132,853.269283683669
MI3_240812_TY2_0136_2_V01_1,주요 블록체인 프로토콜에 대해 알려주세요,414.12322998046875,772.3388061523438,1785.1367495294135,304.2981520006839
MI3_240812_TY2_0136_3_V01_1,분산원장 기술 유형별 비교에 대해 알려주세요,371.5728454589844,498.3091125488281,1853.3394075012795,838.2549766573097
MI3_240812_TY2_0156_1_V02-8_1,2013년중 위조지폐 발견현황에 대해 알려주세요,400.84783935546875,1837.0882568359375,1768.328114337631,1175.5439235160056
MI3_240812_TY2_0156_2_V01_1,이 문서에서는 권종별 위조지폐 발견현황 표에 대해 알려주세요,342.8580627441406,1179.2381591796875,1893.5075050579428,988.9706743867577
MI3_240812_TY2_0156_3_V01_1,이 문서에서 제시된 증감 현황 표에 대해 알려주세요.,349.8044128417969,823.3130493164062,1899.683207134941,711.7186253560703
MI3_240812_TY2_0157_1_V01_1,"2014년 1/4분기 실질 국내총생산(속보)과 관련하여, 국내총생산에 대한 지출을 보여주는 차트에 대해 알려주세요",368.7363586425781,2083.268798828125,1823.5026329944012,961.3388966044329
MI3_240812_TY2_0157_2_V01_1,경제활동별 국내총생산과 관련된 데이터에서 2012년부터 2014년까지의 변화에 대해 알려주세요.,362.4862365722656,1773.3651123046875,1856.8611005138223,1066.2172018378785
MI3_240812_TY2_0157_3_V02-8_1,분기별 경제성장률 추이 (계절조정계열) 혼합형에 대해 알려주세요,382.3304748535156,537.4967041015625,1811.7165090345597,1125.1753293179424
MI3_240812_TY2_0160_1_V02-8_1,분기별 경제성장률 추이 혼합형에 대해 알려주세요,383.8720397949219,1907.9322509765625,1805.8512283972937,1134.0852203741042
MI3_240812_TY2_0160_2_V01_1,광공업 성장률에 대한 표에 대해 알려주세요,386.2436828613281,442.799072265625,1808.631579490881,1992.465031301233
MI3_240812_TY2_0160_3_V01_1,서비스업 성장률 관련 데이터에 대해 알려주세요,379.4045715332031,446.3347473144531,1808.5352202572844,1523.3900274496616
MI3_240812_TY2_0168_1_V01_1,2016년 4/4분기 및 연간 국내총생산 데이터에 대해 알려주세요,354.6289978027344,2216.875732421875,1854.340931718833,841.9821848518333
MI3_240812_TY2_0168_2_V01_1,경제활동별 국내총생산 차트(세로 막대형)에 대해 알려주세요,350.8487548828125,1686.2138671875,1902.9759472414817,1173.4967553293823
MI3_240812_TY2_0168_3_V02-8_2,제목에 대한 전년동기대비 GDI와 GDP 차트(혼합형)에 대해 알려주세요,415.1925964355469,1873.7279052734375,1741.5175050183748,1107.7693787215328
MI3_240812_TY2_0176_1_V01_1,"국민총소득, 디플레이터, 저축률 및 투자율 관련 시각요소에 대해 알려주세요",358.0990905761719,2068.823974609375,1848.2337862853387,987.6934414728829
MI3_240812_TY2_0176_2_V02-8_2,국민소득통계 주요지표 2. GDP에 대한 성장기여도(계절조정계열)에 대해 알려주세요,410.129150390625,2369.4267578125,1716.9334228795567,719.0771776643069
MI3_240812_TY2_0176_3_V02-1_1,경제활동별 성장률 차트(세로 막대형)에 대해 알려주세요,389.3507080078125,1431.1898193359375,1784.81770501851,783.2780264742986
MI3_240812_TY2_0179_1_V01_1,경제활동별 국내총생산에 대한 계절조정계열 전기대비 차트(세로 막대형)에 대해 알려주세요,341.1262512207031,1783.821533203125,1923.7035675063278,1163.768355455001
MI3_240812_TY2_0179_2_V02-1_1,국민소득통계 주요지표 2. GDP에 대한 성장기여도에 대해 알려주세요,408.2042541503906,2328.24609375,1713.9105779236704,689.7422545562265
MI3_240812_TY2_0179_3_V02-1_1,3. 경제활동별 성장률에 대해 알려주세요,396.5610046386719,529.3877563476562,1775.595097078973,754.7445773217537
MI3_240812_TY2_0199_1_V01_1,경제활동별 국내총생산과 관련된 계절조정계열 전기대비에 대해 알려주세요,330.67584228515625,1768.2591552734375,1937.3775472878951,1268.297343674481
MI3_240812_TY2_0199_2_V02-8_2,국민소득통계 주요지표 GDP에 대한 성장기여도(계절조정계열)에 대해 알려주세요,384.59375,1448.025390625,1795.5244609476772,716.5273679819624
MI3_240812_TY2_0199_3_V02-1_1,경제활동별 성장률에 대한 차트(세로 막대형)에 대해 알려주세요,387.1646423339844,1347.3233642578125,1787.70163300321,738.3735646051492
MI3_240812_TY2_0201_1_V01_1,2020년의 경제 동향과 관련된 국내총생산 및 국내총소득 차트(세로 막대형)에 대해 알려주세요,347.16864013671875,1448.541259765625,1923.1904850493636,1321.2866173404561
MI3_240812_TY2_0201_2_V02-1_3,국민소득통계 주요지표 2. GDP에 대한 성장기여도(계절조정계열)에 대해 알려주세요,403.4598693847656,2312.047607421875,1739.0633349221957,726.0315913781247
MI3_240812_TY2_0201_3_V02-1_1,경제활동별 성장률에 대한 차트(세로 막대형)에 대해 알려주세요,381.96466064453125,1371.6033935546875,1796.3373868127499,784.491840251516
MI3_240812_TY2_0213_1_V01_1,경제활동별 국내총생산에 대한 차트(세로 막대형)에 대해 알려주세요,309.34246826171875,1828.6658935546875,2002.9686343816613,1185.6036690886194
MI3_240812_TY2_0213_2_V02-1_1,국민소득통계 주요지표 2. GDP에 대한 성장 기여도에 대해 알려주세요,377.9768981933594,1449.451904296875,1810.9190463861712,711.0322621720762
MI3_240812_TY2_0213_3_V02-1_1,경제활동별 성장률 차트(세로 막대형)에 대해 알려주세요,381.7996826171875,1346.2203369140625,1797.0743101429011,787.88800535105
MI3_240812_TY2_0217_1_V01_1,"국민총소득, 디플레이터, 저축률 및 투자율에 대한 표에 대해 알려주세요",357.6128234863281,2149.00244140625,1845.609560731239,891.3955918681562
MI3_240812_TY2_0217_2_V02-1_1,국민소득통계 주요지표 3. GDP 구성 요소에 대해 알려주세요.,377.6275939941406,1483.389404296875,1808.2969609869203,743.2532628916834
MI3_240812_TY2_0217_3_V02-1_2,지출항목별 증가율에 대한 차트(세로 막대형)에 대해 알려주세요,383.6535339355469,1394.96044921875,1793.7843728482392,746.6867580743291
MI3_240812_TY2_0236_1_V02-4_1,국내외 경제여건 유로지역 PMI 및 경기체감지수에 대해 알려주세요,1334.04833984375,2271.651611328125,788.412114996716,651.322130934533
MI3_240812_TY2_0236_2_V01_1,주요 내용 표에 대해 알려주세요,1271.880126953125,1238.8995361328125,846.3367983464948,662.5167953739339
MI3_240812_TY2_0236_3_V02-8_1,국내 여건 1 민간소비 가계 실질구매력 혼합형에 대해 알려주세요,1330.2523193359375,1631.2635498046875,793.5713840301587,638.746101832188
MI3_240812_TY2_0236_4_V02-8_3,기타 지식재산생산물 투자 추이에 대해 알려주세요,396.5487976074219,482.6089782714844,824.1304212107532,744.8858437221924
MI3_240812_TY2_0247_1_V02-4_1,글로벌 PMI 및 OECD 선행지수 차트(꺾은선형)에 대해 알려주세요,344.4699401855469,1596.8701171875,936.2920330441951,668.8641033864928
MI3_240812_TY2_0247_2_V02-8_3,수입물량지수 차트(혼합형)에 대해 알려주세요,348.3785705566406,2439.8701171875,883.3140880648212,669.0146947287759
MI3_240812_TY2_0247_3_V02-8_1,에 관련하여 총 취업자수 변화에 대한 꺾은선형 차트에 대해 알려주세요.,1312.4949951171875,1067.19091796875,864.0711112315881,592.8161484058865
MI3_240812_TY2_0247_4_V02-4_1,"II. 국내외 경제여건 전망유로지역 산업생산, 소매판매 및 경기체감지수 꺾은선형에 대해 알려주세요",1298.925537109375,2489.492919921875,875.6730493892373,601.3279094253985
MI3_240812_TY2_0250_1_V02-4_1,국내경제 현황 및 설비투자지수 꺾은선형에 대해 알려주세요,1320.7884521484375,1373.0887451171875,848.9646477567899,625.565612521248
MI3_240812_TY2_0250_2_V02-4_2,물가에 대한 근원인플레이션 꺾은선형에 대해 알려주세요,1294.901123046875,2385.760009765625,862.5639580180664,584.6452681393228
MI3_240812_TY2_0250_3_V01_1,세계경제 성장률 전망에 대해 알려주세요,348.4998779296875,1210.0821533203125,946.1772664371298,554.3720973330514
MI3_240812_TY2_0250_4_V02-4_2,유로지역 PMI 차트(꺾은선형)에 대해 알려주세요,1309.4385986328125,2486.5517578125,836.9527424746095,602.8467421125206
MI3_240812_TY2_0300_1_V01_1,2019년 8월 대구경북지역 소비자동향조사 결과 소비자심리지수 표에 대해 알려주세요,340.560302734375,2438.3359375,1931.5965701066166,671.5159783133032
MI3_240812_TY2_0300_2_V01_1,Ⅱ. 소비자동향지수(CSI) 1. 가계 재정상황에 대한 인식 현재생활형편 및 생활형편전망 CSI에 대해 알려주세요,321.00146484375,1270.614501953125,1968.1836230782415,734.0191133861534
MI3_240812_TY2_0300_3_V01_1,현재경기판단 및 향후경기전망 표에 대해 알려주세요,320.0998229980469,1187.2264404296875,1970.643233848595,737.186970867165
MI3_240812_TY2_0305_1_V02-4_2,제조업 활동 반도체 및 LCD가격 영역형에 대해 알려주세요,359.0711364746094,1505.8966064453125,902.8234398405958,681.6827125174193
MI3_240812_TY2_0305_2_V02-8_1,"제목에 관련된 생산, 출하, 재고 변화 추세에 대해 알려주세요.",379.018798828125,2449.399658203125,1782.7248625584778,663.741637046845
MI3_240812_TY2_0305_3_V02-8_1,경기지역 대형소매점 판매액지수에 대한 차트(혼합형)에 대해 알려주세요,378.9130859375,2040.1844482421875,1815.000926006836,947.275570957046
MI3_240812_TY2_0305_4_V01_1,2013년 11월중 내수용 자본재 수입액 및 산업기계 수입액에 대해 알려주세요.,402.5712890625,1399.302490234375,1792.286484418561,529.5960069076823
MI3_240812_TY2_0312_1_V02-4_1,2020년 2월 대구경북지역 소비자동향조사 결과 I . 소비자심리지수(CCSI) 꺾은선형 차트에 대해 알려주세요,365.04986572265625,1272.605224609375,1859.2407168485008,937.9740430984241
MI3_240812_TY2_0312_2_V01_1,Ⅱ. 소비자동향지수(CSI) 본문 표에 대해 알려주세요,318.48895263671875,1270.97998046875,1966.8536866514237,781.7871911888637
MI3_240812_TY2_0322_1_V02-4_1,경제상황에 대한 인식 현재경기판단 및 향후경기전망 차트(영역형)에 대해 알려주세요,367.0353088378906,2059.051513671875,1831.0766401351414,989.816955083967
MI3_240812_TY2_0322_2_V01_1,전국 지수와의 비교 소비자심리지수 표에 대해 알려주세요,310.294189453125,837.337646484375,1996.5516348790447,842.4075256875049
MI3_240812_TY2_0332_1_V02-4_1,경제상황에 대한 인식 현재경기판단 및 향후경기전망 차트(꺾은선형)에 대해 알려주세요,365.8827819824219,2058.838623046875,1833.5357963793874,990.8766818425532
MI3_240812_TY2_0332_2_V02-1_1,2021. 10월 대구경북 및 전국의 소비자동향지수 차트(세로 막대형)에 대해 알려주세요,378.82904052734375,1940.715087890625,1817.4218864036254,1036.855495107665
MI3_240812_TY2_0360_1_V01_1,2024년 2월 대구경북지역 소비자동향조사 결과 I. 소비자심리지수(CCSI) 구성지수의 기여도에 대해 알려주세요,336.2423095703125,2427.380126953125,1942.752175105445,675.02967129624
MI3_240812_TY2_0360_2_V02-4_1,II. 소비자동향지수(CSI) 생활형편 관련 차트(꺾은선형)에 대해 알려주세요,368.7713317871094,2194.995849609375,1832.9412493524335,843.1589232484731
MI3_240812_TY2_0371_1_V02-4_1,IV. 가계저축 및 부채에 대한 조사 차트(꺾은선형)에 대해 알려주세요,1302.167236328125,2269.990966796875,875.8013552691095,769.1815690235466
MI3_240812_TY2_0371_2_V01_1,가계의 물가전망 및 관련 데이터 표에 대해 알려주세요,389.07366943359375,2285.060302734375,1790.8504389912073,691.7606663562277
MI3_240812_TY2_0380_1_V02-4_1,제조업 활동 제조업 생산 차트(꺾은선형)에 대해 알려주세요,429.4385070800781,2404.922119140625,1696.0174172694444,662.9778863221213
MI3_240812_TY2_0380_2_V01_1,제조업 업종별 출하 및 재고에 대해 알려주세요,355.0893249511719,1247.66552734375,1867.395243411914,1176.8027137016586
MI3_240812_TY2_0380_3_V02-8_1,대형소매점 판매액지수 차트(혼합형)에 대해 알려주세요,388.5890197753906,2133.82568359375,1784.888211254002,944.9275937442267
MI3_240812_TY2_0380_4_V01_1,2014년 9월중 내수용 자본재 수입과 관련된 차트에 대해 알려주세요,371.642578125,1470.4232177734375,1862.1749355450313,530.0289427092893
MI3_240812_TY2_0380_5_V02-8_1,건설수주액 및 건축착공면적 차트(혼합형)에 대해 알려주세요,387.93634033203125,2250.720703125,1791.7162665235758,834.4792560930288
MI3_240812_TY2_0380_6_V02-8_1,4 대외거래 관련 자료에서 수출입 차에 대한 혼합형 차트에 대해 알려주세요,380.5171813964844,2227.7822265625,1802.5571081761723,863.5205581553065
MI3_240812_TY2_0397_1_V02-8_1,산업기계 수입액 변화에 대한 차트(혼합형)에 대해 알려주세요,380.62213134765625,2151.0400390625,1806.5784635562954,887.2165300574287
MI3_240812_TY2_0397_2_V01_1,건설투자 본문 표에 대해 알려주세요,392.93768310546875,1464.0322265625,1784.488787110968,742.7746668985394
MI3_240812_TY2_0397_3_V02-8_1,"4. 대외 거래에 대한 60 (전년동월대비,%) 혼합형 차트에 대해 알려주세요",403.7421875,2296.0810546875,1753.5179899586126,816.1196021028973
MI3_240812_TY2_0413_1_V02-4_1,자본재 수입 및 반도체·평판디스플레이 제조용장비 차트(꺾은선형)에 대해 알려주세요,435.60760498046875,2276.948486328125,1688.6046267621934,760.6065049608954
MI3_240812_TY2_0413_2_V01_1,"2018년 건축착공면적, 건축허가면적, 건설수주액의 차트에 대해 알려주세요",352.6979064941406,1312.732177734375,1867.7398490828757,890.2835695851936
MI3_240812_TY2_0413_3_V02-8_1,라. 대외 거래에 대한 혼합형 차트에 대해 알려주세요,429.07177734375,2077.5947265625,1703.256800748611,764.9368230350487
MI3_240812_TY2_0414_1_V02-8_1,고용률 증감 차트(혼합형)에 대해 알려주세요,441.628173828125,2300.862060546875,1674.3589865836832,763.3062364726438
MI3_240812_TY2_0414_2_V01_1,소비자물가 상승률 차트(혼합형)에 대해 알려주세요,353.0537414550781,1291.6671142578125,1869.0203758398643,987.1843101972127
MI3_240812_TY2_0414_3_V01_1,주택가격 상승률에 대해 알려주세요,344.9338073730469,1409.5882568359375,1895.2548788157392,738.2853734601521
MI3_240812_TY2_0442_1_V02-7_1,생산 대경권 경기 레이더에 대해 알려주세요,403.5850830078125,1847.7882080078125,811.1882913971345,677.8529129153475
MI3_240812_TY2_0442_2_V02-4_2,제조업 생산지수에 대해 알려주세요,1315.51123046875,1851.0633544921875,825.6391362540622,843.2449266197768
MI3_240812_TY2_0442_3_V02-4_1,전국 소비 추세를 나타내는 꺾은선형 차트에 대해 알려주세요,1335.505615234375,848.8643798828125,821.0356900340206,824.1842037759976
MI3_240812_TY2_0449_1_V02-1_2,T01 T02 T03 세로 막대형 차트에 대해 알려주세요,380.80810546875,1972.6741943359375,794.4761762511012,770.474593767799
MI3_240812_TY2_0449_2_V02-4_1,모니터링 결과 향후 건설투자는 3/4분기 수준 보다 소폭 감소할 것으로 전망된다. 꺾은선형 차트에 대해 알려주세요,1339.8831787109375,570.8612670898438,822.1598565370504,815.0371490705761
MI3_240812_TY2_0449_3_V02-1_1,모니터링 결과 취업자수 증가(만명) 차트(세로 막대형)에 대해 알려주세요,1312.0064697265625,1552.5621337890625,818.8333540163011,717.4697286069891
MI3_240812_TY2_0451_1_V02-7_1,2023년 1/4분기 중 대경권 경기에 대해 알려주세요.,1337.68603515625,1276.921875,817.2739477745607,816.2947456875287
MI3_240812_TY2_0451_2_V02-8_2,권역별 경기 레이더 추이 차트(혼합형)에 대해 알려주세요,480.0578918457031,1839.6171875,1600.592437967995,1159.1102049525737
MI3_240812_TY2_0451_3_V02-8_1,권역별 경기 레이더 추이 혼합형에 대해 알려주세요,470.5218505859375,689.2850341796875,1504.9147565240887,2342.9375661447466
MI3_240812_TY2_0451_4_V02-1_1,T01 T02 차트(세로 막대형) V02-1에 대해 알려주세요,1330.5865478515625,1012.8931274414062,813.1433962808626,724.0805190948305
MI3_240812_TY2_0469_1_V02-8_1,요약 금융기관 수신 혼합형에 대해 알려주세요,385.5311279296875,1487.945068359375,1809.4236962790715,934.7182282377971
MI3_240812_TY2_0469_2_V02-8_1,총여신 혼합형에 대해 알려주세요,385.5689392089844,1297.373779296875,1807.1535946534802,933.4477103555174
MI3_240812_TY2_0469_3_V01_2,예금은행 수신에 대한 차트(가로 막대형)에 대해 알려주세요,381.93798828125,664.1728515625,1815.6325838437467,406.14098892504876
MI3_240812_TY2_0469_4_V01_1,비은행기관 수신에 대한 표에 대해 알려주세요,358.0164489746094,1481.0623779296875,1871.833922649244,1086.586861742537
MI3_240812_TY2_0489_1_V01_1,2021년 2월중 대구경북지역 금융기관 수신에 대한 표에 대해 알려주세요.,379.4898986816406,650.0784301757812,1820.0941257271631,407.9925014796479
MI3_240812_TY2_0489_2_V01_1,2020년과 2021년에 대한 금융회사 관련 수치와 그 변화에 대해 알려주세요.,347.5735168457031,1182.149658203125,1877.4273474687086,1082.2876063635208
MI3_240812_TY2_0489_3_V01_1,연중 1월 2월과 관련된 표에 대해 알려주세요,377.53985595703125,642.7456665039062,1823.9832161752952,410.6244005137701
MI3_240812_TY2_0489_4_V01_1,비은행기관 여신 증감 및 잔액에 대해 알려주세요,358.0250549316406,1395.2017822265625,1889.767321261888,1322.504816137595
MI3_240812_TY2_0496_1_V01_1,요약 총수신 잔액에 대해 알려주세요,375.9104309082031,2583.18701171875,1834.499981439679,407.0692020754353
MI3_240812_TY2_0496_2_V01_1,총여신 표에 대해 알려주세요,369.03485107421875,2539.50732421875,1842.1450313770947,410.3411055744434
MI3_240812_TY2_0496_3_V01_2,총수신 차트(꺾은선형)에 대해 알려주세요,333.0365295410156,1892.734619140625,1884.485226550267,1235.8601480291265
MI3_240812_TY2_0500_1_V01_1,총수신에 대해 알려주세요,382.5940856933594,2605.291748046875,1817.3599649229914,408.2174733305899
MI3_240812_TY2_0500_2_V02-8_1,금융기관 여신 추이에 대해 알려주세요,392.6289367675781,1371.6214599609375,1790.4565923090365,881.199140415935
MI3_240812_TY2_0500_3_V01_2,예금 관련 데이터의 차트에 대해 알려주세요,331.2770080566406,1965.8431396484375,1898.8883961423712,1140.9566830407687
MI3_240812_TY2_0500_4_V01_1,비은행기관 수신 증감 및 잔액에 대해 알려주세요,354.8826599121094,1247.009521484375,1863.6519732114855,1082.2174705117807
MI3_240812_TY2_0505_1_V01_1,제목에 관련된 총수신과 금융기관별 수신 현황에 대한 표에 대해 알려주세요,380.6042785644531,2538.92333984375,1813.168398427565,407.53249029456265
MI3_240812_TY2_0505_2_V02-8_1,2022년 7월중 대구경북지역 금융기관 여신에 대해 알려주세요,390.6055603027344,1117.2449951171875,1791.191536009662,891.0658407685619
MI3_240812_TY2_0505_3_V01_2,예금은행 수신 증감에 대한 표에 대해 알려주세요,380.1854553222656,685.998046875,1823.456328692327,418.92417959782057
MI3_240812_TY2_0505_4_V01_1,비은행기관 수신 증감 및 잔액에 대한 차트(표) 정보에 대해 알려주세요,356.7994079589844,1308.47314453125,1863.7843981258497,1083.2003180318193
MI3_240812_TY2_0512_1_V01_1,2018년 4월중 구미지역 수신에 대해 알려주세요,353.9795837402344,1188.9637451171875,1887.5687958946999,1429.6283260578164
MI3_240812_TY2_0512_2_V01_1,예금은행 여신에 대한 표에 대해 알려주세요,376.3111877441406,1170.17529296875,1861.523896435687,460.7171550343659
MI3_240812_TY2_0532_1_V01_1,예금은행 수신에 대한 표에 대해 알려주세요,350.6917724609375,1104.7989501953125,1887.5002409405622,1428.3584730385915
MI3_240812_TY2_0532_2_V01_1,예금은행 여신에 대한 표에 대해 알려주세요,375.3105163574219,1170.6873779296875,1865.7198356612244,458.33003280250995
MI3_240812_TY2_0535_1_V01_1,예금은행 수신에 대한 차트(세로 막대형)에 대해 알려주세요,350.6403503417969,1104.864013671875,1887.4899559666947,1426.8021906301094
MI3_240812_TY2_0535_2_V01_1,예금은행 여신에 대한 표에 대해 알려주세요,375.0472106933594,1170.8121337890625,1865.8409255228612,459.4972863024912
MI3_240812_TY2_0551_1_V01_1,예금은행 수신에 대한 표에 대해 알려주세요.,357.8522644042969,1353.5516357421875,1886.6493421595528,1468.0460377951692
MI3_240812_TY2_0551_2_V01_1,예금은행 여신에 대한 표에 대해 알려주세요.,375.7431335449219,1469.5430908203125,1857.0571679394782,456.8876349119333
MI3_240812_TY2_0556_1_V01_1,2022년 4월중 구미지역 예금은행 수신에 대한 표에 대해 알려주세요,350.5424499511719,1528.4947509765625,1882.952764601984,1476.5481344944624
MI3_240812_TY2_0556_2_V01_1,예금은행 여신 증감 및 잔액에 대해 알려주세요,357.6578063964844,1635.3316650390625,1891.6912331438148,461.14353331671776
MI3_240812_TY2_0561_1_V02-4_1,향후경기전망과 현재경기판단을 비교한 꺾은선형 차트에 대해 알려주세요,370.2686462402344,2243.12744140625,1838.2623571069867,808.2483300802431
MI3_240812_TY2_0561_2_V01_1,취업기회 전망에 대한 차트(세로 막대형)에 대해 알려주세요,315.8582458496094,2174.38232421875,1963.9997589572054,432.42655997588037
MI3_240812_TY2_0561_3_V01_2,물가수준전망 및 임금수준전망 표에 대해 알려주세요,325.3530578613281,1063.6142578125,1981.0823955140465,548.1201437527385
MI3_240812_TY2_0561_4_V01_1,전국 지수와의 비교 소비자심리지수에 대해 알려주세요,344.9624938964844,841.7490844726562,1913.6741622385782,715.0747525682284
MI3_240812_TY2_0562_1_V02-4_1,대구경북지역 소비자심리지수 추이에 대해 알려주세요,369.61761474609375,1319.791748046875,1837.929107825456,831.8615671960417
MI3_240812_TY2_0562_2_V01_1,현재생활형편 및 생활형편전망 표에 대해 알려주세요,302.42083740234375,1308.7269287109375,2017.7569608598287,758.1417898011559
MI3_240812_TY2_0562_3_V02-4_1,현재경기판단 및 향후경기전망 차트(꺾은선형)에 대해 알려주세요,369.6590576171875,2125.994140625,1845.4862089920675,758.3306624230763
MI3_240812_TY2_0562_4_V02-1_1,소비자동향지수 비교 본문 차트(세로 막대형)에 대해 알려주세요,328.80450439453125,1799.2313232421875,1960.6477552233825,1129.1624975188151
MI3_240812_TY2_0580_1_V01_1,예금은행 수신에 대한 표에 대해 알려주세요,353.21124267578125,1192.3056640625,1890.6126672904052,1428.0037665766781
MI3_240812_TY2_0580_2_V01_1,예금은행 여신에 대한 표에 대해 알려주세요,372.75286865234375,1170.9176025390625,1872.0214460168947,460.52546470747177
MI3_240812_TY2_0606_1_V01_1,예금은행 수신에 대한 표에 대해 알려주세요,356.70965576171875,1487.5478515625,1882.2334231275531,1478.3603876554514
MI3_240812_TY2_0606_2_V01_1,제목에 따른 예금은행 여신 증감 및 잔액 정보와 관련된 표에 대해 알려주세요,363.7690734863281,1651.46435546875,1873.4439860542122,474.412989988876
MI3_240812_TY2_0648_1_V02-4_1,2013년 8월 대구·경북지역 소비자동향조사 결과 소비자심리지수 추이에 대해 알려주세요,378.5599060058594,1521.5201416015625,1806.961429473073,751.8551378302251
MI3_240812_TY2_0648_2_V02-4_1,Ⅱ. 가계의 소비심리 1. 생활형편 현재생활형편 --- 생활형편전망에 대해 알려주세요,405.934814453125,1967.097412109375,1756.9118970392512,953.0998481642276
MI3_240812_TY2_0648_3_V01_1,Ⅲ. 가계의 경제상황에 대한 인식 본문 차트(세로 막대형)에 대해 알려주세요,356.5228576660156,1378.69287109375,1873.4883642758878,656.3922535906614
MI3_240812_TY2_0648_4_V02-1_1,대구경북 현재생활형편 심리지수와 관련된 차트(세로 막대형)에 대해 알려주세요,371.40240478515625,1683.267822265625,1839.4344736014932,1091.6433299117098
MI3_240812_TY2_0654_1_V01_1,2014년 1월 대구·경북지역 소비자심리지수 표에 대해 알려주세요,356.39739990234375,2369.430419921875,1881.8519981876923,727.9245929963665
MI3_240812_TY2_0654_2_V01_1,현재생활형편 및 생활형편전망CSI 차트(꺾은선형)에 대해 알려주세요,365.3984069824219,1091.4591064453125,1845.1418011894946,761.8227852963286
MI3_240812_TY2_0654_3_V01_1,Ⅲ. 가계의 경제상황에 대한 인식 1. 경기판단 및 전망 현재경기판단 및 향후경기전망CSI 차트(꺾은선형)에 대해 알려주세요,327.49517822265625,1106.076171875,1950.0287203553858,724.200976149394
MI3_240812_TY2_0654_4_V02-1_1,현재생활형편 차트(세로 막대형)에 대해 알려주세요,358.6016845703125,2062.94287109375,1856.5867544693601,970.2788172787928
MI3_240812_TY2_0656_1_V02-4_1,2014년 3월 대구경북지역 소비자심리지수 추이에 대해 알려주세요,500.2423095703125,1649.1671142578125,1565.9172560993889,681.7642206319732
MI3_240812_TY2_0656_2_V01_1,Ⅱ. 가계의 재정상황에 대한 인식 1. 생활형편 현재생활형편 및 생활형편전망 차트(세로 막대형)에 대해 알려주세요,349.5408935546875,1092.616455078125,1884.1654404092808,765.4090377733833
MI3_240812_TY2_0656_3_V01_1,Ⅲ. 가계의 경제상황에 대한 인식 1. 경기판단 및 전망 현재경기판단 및 향후경기전망CSI 표에 대해 알려주세요,355.841064453125,1102.033935546875,1869.3288317487447,729.8136033893117
MI3_240812_TY2_0656_4_V02-1_1,대구경북 소비자 현재생활형편 차트(가로 막대형)에 대해 알려주세요,425.69775390625,1874.1927490234375,1718.1561013593614,939.6442937237508
MI3_240812_TY2_0657_1_V01_1,2014년 4월 대구경북지역 소비자심리지수에 대한 표에 대해 알려주세요,359.1938781738281,2342.47412109375,1880.7393805797915,727.2049384650128
MI3_240812_TY2_0657_2_V02-4_1,Ⅱ. 가계의 재정상황에 대한 인식 현재생활형편 및 생활형편전망 차트(꺾은선형)에 대해 알려주세요,426.38653564453125,1958.314208984375,1718.1188709705352,1038.1844667481403
MI3_240812_TY2_0657_3_V01_1,Ⅲ. 가계의 경제상황에 대한 인식 1. 경기판단 및 전망 2013 2014 전월 대비 . 현재경기판단CSI 차트(세로 막대형)에 대해 알려주세요,347.9335021972656,1101.0694580078125,1890.7759607677237,731.0441717242888
MI3_240812_TY2_0657_4_V02-1_1,현재생활 형편 차트(세로 막대형)에 대해 알려주세요,375.76043701171875,1860.28955078125,1828.6470715697346,1094.661158795181
MI3_240812_TY2_0658_1_V02-4_1,2014년 5월 대구경북지역 소비자동향조사 결과 소비자심리지수 추이에 대해 알려주세요,451.1897888183594,1448.970703125,1668.6562696619483,793.0562179660479
MI3_240812_TY2_0658_2_V01_1,가계의 재정상황에 대한 인식 생활형편 및 생활형편전망 차트(세로 막대형)에 대해 알려주세요,348.6710510253906,1091.4244384765625,1886.5991192492927,761.9578260570066
MI3_240812_TY2_0658_3_V01_1,Ⅲ. 가계의 경제상황에 대한 인식 1. 경기판단 및 전망 현재경기판단 및 향후경기전망CSI 표에 대해 알려주세요,340.04766845703125,1103.15283203125,1912.698204597474,728.3014066924663
MI3_240812_TY2_0658_4_V02-1_1,전국 지수와의 비교 차트(세로 막대형)에 대해 알려주세요,384.4122314453125,1901.6778564453125,1805.721894120582,998.9205928520277
MI3_240812_TY2_0664_1_V02-4_1,2014년 11월 대구경북지역 소비자심리지수 추세에 대해 알려주세요,433.0594787597656,1462.9072265625,1695.1768017755,820.7039066465428
MI3_240812_TY2_0664_2_V01_1,Ⅱ. 가계의 재정상황에 대한 인식 1. 생활형편 현재생활형편 및 생활형편전망 차트(세로 막대형)에 대해 알려주세요,333.440185546875,1090.996337890625,1928.7806478721802,764.1540292693934
MI3_240812_TY2_0664_3_V01_1,현재경기판단 및 향후경기전망 표에 대해 알려주세요,329.68817138671875,1102.427490234375,1934.4135523836687,807.6400081143946
MI3_240812_TY2_0664_4_V01_1,전국 지수와의 비교 차트(세로 막대형)에 대해 알려주세요,338.8253479003906,1002.9412841796875,1922.5329024142357,733.2663849201606
MI3_240812_TY2_0667_1_V02-4_1,2015년 2월 대구경북지역 소비자심리지수 추세와 관련된 꺾은선형 차트에 대해 알려주세요,380.8810729980469,1195.319580078125,1819.0448974503815,983.6553611722305
MI3_240812_TY2_0667_2_V01_1,Ⅱ. 소비자동향지수 1. 가계의 재정상황에 대한 인식 현재생활형편 및 생활형편전망CSI 표에 대해 알려주세요,342.6546936035156,1277.0947265625,1896.264829967888,766.3344870017343
MI3_240812_TY2_0667_3_V02-4_1,가계의 경제상황에 대한 인식 현재경기판단 향후경기전망 차트(영역형)에 대해 알려주세요,444.7205810546875,2020.0343017578125,1670.0601847793318,942.6935257741168
MI3_240812_TY2_0667_4_V01_1,전국 지수와의 비교 소비자심리지수 차트(세로 막대형)에 대해 알려주세요,347.7754211425781,973.177978515625,1901.8206048038753,718.2831074006724
MI3_240812_TY2_0692_1_V02-4_1,I. 소비자심리지수와 소비자심리지수 꺾은선형 그래프에 대해 알려주세요,438.6699523925781,1282.6455078125,1705.767522241189,1051.050299685261
MI3_240812_TY2_0692_2_V01_1,Ⅱ. 가계의 소비심리 (생활형편) 표에 대해 알려주세요,385.08453369140625,2379.541748046875,1793.5817039474,439.47595745266267
MI3_240812_TY2_0692_3_V01_1,가계수입전망에 대한 세로 막대형 차트에 대해 알려주세요,397.3442687988281,2405.879150390625,1772.1517551653474,534.1547541668789
MI3_240812_TY2_0692_4_V02-4_1,소비지출전망CSI 차트(꺾은선형)에 대해 알려주세요,377.03692626953125,924.9076538085938,1818.1707309979633,1108.288282309873
MI3_240812_TY2_0692_5_V02-4_1,Ⅲ. 경제상황에 대한 인식 (현재경기판단CSI 및 향후경기전망CSI) 꺾은선형 차트에 대해 알려주세요,380.70013427734375,1085.7921142578125,1817.8492954557191,1104.9501616901896
MI3_240812_TY2_0692_6_V02-4_1,취업기회전망에 대한 꺾은선형 차트에 대해 알려주세요,381.5884704589844,755.447021484375,1807.1690151971013,1114.1712405428316
MI3_240812_TY2_0692_7_V01_1,금리수준 전망 표에 대해 알려주세요,392.457275390625,2056.516845703125,1766.152687436369,348.6607961440905
MI3_240812_TY2_0695_1_V02-4_1,I. 소비자심리지수의 추세와 관련된 꺾은선형 차트에 대해 알려주세요,426.96722412109375,1218.325927734375,1728.7755723447408,1067.5850340195236
MI3_240812_TY2_0695_2_V02-4_1,Ⅱ. 소비자동향지수 1. 가계의 재정상황에 대한 인식 생활형편전망 꺾은선형에 대해 알려주세요,390.1993408203125,1149.1737060546875,1796.7394444543186,1105.48433797906
MI3_240812_TY2_0695_3_V02-4_1,가계수입전망에 대한 꺾은선형 차트에 대해 알려주세요,389.87860107421875,1235.3612060546875,1800.509832462839,1114.3622810198071
MI3_240812_TY2_0695_4_V01_1,소비지출전망 차트(세로 막대형)에 대해 알려주세요,381.837158203125,2228.3154296875,1798.4012045274853,805.2696082513356
MI3_240812_TY2_0695_5_V02-4_1,제목에 대한 시각요소 제목인 현재경기판단의 꺾은선형 그래프에 대해 알려주세요,383.7792663574219,1086.1688232421875,1810.4600555619566,1103.1310714133665
MI3_240812_TY2_0695_6_V02-4_1,취업기회전망에 대한 꺾은선형 그래프에 대해 알려주세요,383.5505065917969,757.1024169921875,1802.72172475814,1110.8179054570332
MI3_240812_TY2_0695_7_V02-4_1,금리수준전망CSI 꺾은선형에 대해 알려주세요,384.39971923828125,890.3339233398438,1801.2358295007627,1110.1339079036143
MI3_240812_TY2_0702_1_V01_1,소비자심리지수 데이터에 대해 알려주세요.,407.2925109863281,2295.654541015625,1752.2205963420354,785.1693167181726
MI3_240812_TY2_0702_2_V01_1,Ⅱ. 소비자동향지수가계의 재정상황에 대한 인식 세로 막대형에 대해 알려주세요,385.3748779296875,2637.301513671875,1801.2560023833116,439.52821739867386
MI3_240812_TY2_0702_3_V01_1,가계수입전망에 대해 알려주세요,393.9117431640625,2566.273681640625,1782.6339357884835,532.0339872216347
MI3_240812_TY2_0702_4_V02-4_1,소비지출전망 CSI 꺾은선형에 대해 알려주세요,377.44573974609375,925.5103149414062,1817.3658422307649,1106.3222024462834
MI3_240812_TY2_0702_5_V02-4_1,가계의 경제상황에 대한 인식 경기판단 및 전망 꺾은선형에 대해 알려주세요,381.9323425292969,992.7952270507812,1808.6796324076759,1108.4218970975105
MI3_240812_TY2_0702_6_V02-4_1,취업기회전망에 대한 꺾은선형 차트에 대해 알려주세요,393.5289001464844,756.788818359375,1789.6196554460134,1103.772646340983
MI3_240812_TY2_0702_7_V02-4_1,금리수준전망CSI 꺾은선형 차트에 대해 알려주세요,382.2830810546875,801.2774658203125,1806.4168855639032,1105.0580410350833
MI3_240812_TY2_0724_1_V01_1,소비자심리지수에 대해 알려주세요,342.7228088378906,2301.828369140625,1887.7047253708445,829.919541737362
MI3_240812_TY2_0724_2_V02-4_1,Ⅱ. 소비자동향지수 1. 가계의 재정상황에 대한 인식 생활형편 꺾은선형에 대해 알려주세요,367.611328125,1203.2130126953125,1854.5540871915066,1162.6271773803799
MI3_240812_TY2_0724_3_V02-4_1,(가계수입전망 및 소비지출전망) 꺾은선형 차트에 대해 알려주세요,357.68292236328125,880.1698608398438,1861.2848235765887,1151.8708665497236
MI3_240812_TY2_0724_4_V02-4_1,현재경기판단 및 향후경기전망 꺾은선형에 대해 알려주세요,363.7281799316406,1035.718505859375,1854.7989418418654,1136.7896188468671
MI3_240812_TY2_0724_5_V02-4_2,금리수준전망에 대한 꺾은선형 차트에 대해 알려주세요,372.02484130859375,623.2210083007812,1835.8450048500818,815.9019810995148
MI3_240812_TY2_0724_6_V02-4_1,가계 저축에 대한 차트(꺾은선형)에 대해 알려주세요,372.3840026855469,1756.8858642578125,1835.688167506547,791.586530677115
MI3_240812_TY2_0724_7_V02-4_1,"물가상황에 대한 인식 및 물가수준, 주택가격 및 임금수준 전망 꺾은선형 차트에 대해 알려주세요",362.43695068359375,1054.9278564453125,1858.2010908536693,1136.4190704691684
MI3_240812_TY2_0731_1_V02-4_1,소비자심리지수 추이에 대해 알려주세요,386.8418884277344,1150.6180419921875,1808.3042269122836,1080.8424298063594
MI3_240812_TY2_0731_2_V02-4_1,생활형편CSI 꺾은선형에 대해 알려주세요,381.7621154785156,1117.2032470703125,1821.0781610786287,1172.320844627083
MI3_240812_TY2_0731_3_V02-4_1,가계수입전망 소비지출전망 꺾은선형에 대해 알려주세요,371.8790283203125,791.1084594726562,1831.0116406114748,1185.533849613395
MI3_240812_TY2_0731_4_V02-4_1,"제목에 해당하는 내용과 소제목, 현재경기판단 및 향후경기전망에 대한 꺾은선형 차트에 대해 알려주세요.",379.5727233886719,944.720458984375,1816.6858853138583,1174.8959985833778
MI3_240812_TY2_0731_5_V01_1,취업기회전망에 대한 세로 막대형 표에 대해 알려주세요,312.2967529296875,2815.12158203125,1850.2045975151862,295.4527739436623
MI3_240812_TY2_0731_6_V02-4_1,가계 저축 및 부채상황에 대한 인식 차트(꺾은선형)에 대해 알려주세요,378.40704345703125,846.08935546875,1808.35559984068,770.3006468665093
MI3_240812_TY2_0731_7_V01_1,물가상황에 대한 인식 및 2020년 전월대비 표에 대해 알려주세요,364.615966796875,2335.80126953125,1865.0333389798911,705.6180849985146
MI3_240812_TY2_0742_1_V02-4_1,소비자심리지수 추이 꺾은선형에 대해 알려주세요,378.8594970703125,1298.7501220703125,1826.5967684588527,926.8152117823998
MI3_240812_TY2_0742_2_V02-4_1,2021년 9월 소비자동향조사에서 생활형편 전망을 나타내는 꺾은선형 차트에 대해 알려주세요.,369.1838073730469,1367.4617919921875,1849.6684981253404,1036.7725743118315
MI3_240812_TY2_0742_3_V02-4_1,가계수입전망 및 소비지출전망에 대해 알려주세요,356.7222595214844,850.87255859375,1863.7661227443177,1133.1854122157854
MI3_240812_TY2_0742_4_V02-4_1,가계의 경제상황에 대한 인식 경기판단 및 전망 꺾은선형 차트에 대해 알려주세요,371.6355895996094,1041.226318359375,1838.9844363593736,1142.8544103961287
MI3_240812_TY2_0742_5_V02-4_1,취업기회전망에 대한 꺾은선형 차트에 대해 알려주세요,371.036865234375,2095.037109375,1825.1938967867573,679.6763655234357
MI3_240812_TY2_0742_6_V02-4_1,현재가계저축 및 부채상황에 대한 꺾은선형 차트에 대해 알려주세요,377.0448303222656,850.5280151367188,1825.3483973530156,684.6859110219712
MI3_240812_TY2_0742_7_V01_1,2021.5월부터 9월까지의 물가수준전망 및 기타 지표에 대한 표에 대해 알려주세요,361.28033447265625,2337.848388671875,1868.234660329068,732.4603341181372
MI3_240812_TY2_0743_1_V01_1,2021년 소비자심리지수 원형에 대해 알려주세요,345.4859313964844,2309.077880859375,1890.3547008474418,799.6007756433723
MI3_240812_TY2_0743_2_V02-4_1,소비자동향지수 소비자 심리에 대한 차트(꺾은선형)에 대해 알려주세요,372.37451171875,1368.0120849609375,1842.4444046672256,1036.4230480454714
MI3_240812_TY2_0743_3_V01_1,가계수입전망 및 소비지출전망 표에 대해 알려주세요,340.3111877441406,2099.018310546875,1884.812601145752,985.0881623143842
MI3_240812_TY2_0743_4_V01_1,가계의 경제상황에 대한 인식 경기판단 및 전망 막대형에 대해 알려주세요,359.7853088378906,2367.791015625,1859.7501449848687,583.0068977286606
MI3_240812_TY2_0743_5_V02-4_1,취업기회전망에 대한 꺾은선형 차트에 대해 알려주세요,371.0225524902344,2094.91015625,1825.262629532075,679.9074471809993
MI3_240812_TY2_0743_6_V02-4_1,가계 저축에 대한 현재와 전망을 비교한 꺾은선형 차트에 대해 알려주세요,373.49993896484375,843.3134155273438,1827.0447033032767,727.1342356650799
MI3_240812_TY2_0743_7_V01_1,물가상황에 대한 인식 표에 대해 알려주세요,360.38787841796875,2339.00244140625,1871.105998252928,731.8444682174176
MI3_240812_TY2_0746_1_V02-4_1,소비자심리지수 추이 꺾은선형에 대해 알려주세요,379.14324951171875,1307.6597900390625,1825.7560976448526,930.959124030101
MI3_240812_TY2_0746_2_V02-4_1,Ⅱ. 소비자동향지수(Consumer Survey Index) 꺾은선형에 대해 알려주세요,372.6643981933594,1382.8359375,1841.9742647292094,1032.6456498917885
MI3_240812_TY2_0746_3_V02-4_1,가계수입전망 및 소비지출전망 꺾은선형에 대해 알려주세요,357.066162109375,848.6017456054688,1863.439632671501,1143.5144853829404
MI3_240812_TY2_0746_4_V02-4_1,가계의 경제상황에 대한 인식 경기판단 및 전망 꺾은선형에 대해 알려주세요,372.7521667480469,1041.3536376953125,1837.4333004672178,1153.4980811722507
MI3_240812_TY2_0746_5_V01_1,취업기회전망과 관련된 세로 막대형 표에 대해 알려주세요,335.75958251953125,2789.996337890625,1847.9081716868825,289.76584085680514
MI3_240812_TY2_0746_6_V02-4_1,가계 저축 및 부채상황에 대한 인식 차트(꺾은선형)에 대해 알려주세요,376.93499755859375,922.20947265625,1823.8579355544173,686.3550284796526
MI3_240812_TY2_0746_7_V02-4_1,"물가수준, 주택가격 및 임금수준 전망 꺾은선형에 대해 알려주세요",369.2977600097656,1130.7672119140625,1848.3612647063028,1144.4472987852855
MI3_240812_TY2_0750_1_V01_1,소비자심리지수 데이터 테이블에 대해 알려주세요,348.1294250488281,2312.724365234375,1884.9750865249998,793.9711549526425
MI3_240812_TY2_0750_2_V02-4_1,Ⅱ. 소비자동향지수에 대해 알려주세요,373.0995178222656,1384.12255859375,1841.189980340187,1032.8129607971177
MI3_240812_TY2_0750_3_V02-4_1,가계수입전망 및 소비지출전망 꺾은선형에 대해 알려주세요,356.04241943359375,853.2543334960938,1866.196437794384,1140.7987091620384
MI3_240812_TY2_0750_4_V01_1,가계의 경제상황에 대한 인식 현재경기판단CSI 및 향후경기전망CSI 표에 대해 알려주세요,362.4432067871094,2379.044677734375,1855.8900845332616,577.8316150502167
MI3_240812_TY2_0750_5_V01_1,취업기회전망 표에 대해 알려주세요,385.07861328125,1404.1551513671875,1853.4588207215781,285.5769664654091
MI3_240812_TY2_0750_6_V02-4_2,가계 저축 및 부채상황에 대한 인식 차트(꺾은선형)에 대해 알려주세요,402.17425537109375,858.7037963867188,1769.6288635552887,684.8752934901124
MI3_240812_TY2_0750_7_V02-4_1,"물가수준, 주택가격 및 임금수준 전망 차트(꺾은선형)에 대해 알려주세요",369.4576110839844,1131.920654296875,1848.1466632132358,1143.6890237548587
