query_id,query_text,pred_x,pred_y,pred_w,pred_h
MI3_240819_TY1_0011_1_V02-8_1,Ⅲ. 거시경제 전망 소비심리 및 구성항목 기여도 혼합형에 대해 알려주세요,347.2209167480469,1813.3740234375,866.44287109375,639.88818359375
MI3_240819_TY1_0011_2_V02-4_1,금융기관의 대출태도 변화에 대한 꺾은선형 차트에 대해 알려주세요,1254.4422607421875,1345.7486572265625,861.0470581054688,684.8843994140625
MI3_240819_TY1_0011_3_V02-4_2,반도체 장비 수입액과 가격의 변화를 나타내는 꺾은선형 차트에 대해 알려주세요,352.2601318359375,2410.18359375,869.3279418945312,741.5068359375
MI3_240819_TY1_0011_4_V02-2_1,T01 T02 T03 가로 막대형에 대해 알려주세요,339.7662048339844,1327.508056640625,881.271728515625,681.310302734375
MI3_240819_TY1_0011_5_V02-8_2,지식재산생산물투자 공공 SW투자 예산에 대해 알려주세요,1250.822509765625,1318.589599609375,865.7666015625,634.4051513671875
MI3_240819_TY1_0011_6_V02-1_1,T01 T02 T03 차트(세로 막대형)에 대해 알려주세요,335.729248046875,1547.40478515625,880.3487548828125,690.2723388671875
MI3_240819_TY1_0011_7_V02-8_1,호텔 등록현황 및 객실이용률에 대해 알려주세요,341.78997802734375,1604.34375,843.6002197265625,682.3043212890625
MI3_240819_TY1_0011_8_V02-4_1,상품수출에 대한 세계교역신장률 꺾은선형 차트에 대해 알려주세요,359.9613952636719,1500.71875,877.931396484375,669.1195068359375
MI3_240819_TY1_0011_9_V02-8_2,T01 T02 T03 혼합형에 대해 알려주세요,344.6720886230469,2199.739990234375,866.38232421875,754.288330078125
MI3_240819_TY1_0013_1_V02-4_2,미국 10년 만기 국채수익률 및 달러화지수에 대해 알려주세요,371.2694091796875,433.6812438964844,798.4474487304688,661.8349609375
MI3_240819_TY1_0013_2_V02-8_2,T01 T02 T03 혼합형에 대해 알려주세요,1258.9073486328125,1309.557373046875,849.711669921875,684.2490234375
MI3_240819_TY1_0013_3_V02-8_2,T01 T02 T03 혼합형에 대해 알려주세요,390.3930969238281,1943.1800537109375,827.5314331054688,743.847900390625
MI3_240819_TY1_0013_4_V02-8_1,최근 고용 총 취업자수 혼합형 차트에 대해 알려주세요,382.841064453125,2107.83642578125,836.435791015625,634.8839721679688
MI3_240819_TY1_0013_5_V02-8_2,아파트 전월세 거래량(전월대비) 그래프에 대해 알려주세요,377.70867919921875,1557.771728515625,837.3528442382812,636.2130737304688
MI3_240819_TY1_0013_6_V02-8_1,근원인플레이션 차트(혼합형)에 대해 알려주세요,401.4527587890625,1923.0150146484375,828.3440551757812,666.2777099609375
MI3_240819_TY1_0013_7_V01_1,Ⅱ. 국내외 경제여건 전망 본문 표에 대해 알려주세요,384.4915771484375,1716.1788330078125,859.4479370117188,683.5784912109375
MI3_240819_TY1_0013_8_V02-1_1,전망시점에 대한 차트(세로 막대형)에 대해 알려주세요,1264.429443359375,461.0660705566406,832.5753784179688,562.6964111328125
MI3_240819_TY1_0013_9_V02-4_2,유로지역 경제성장률 전망 차트(꺾은선형)에 대해 알려주세요,1225.030029296875,1056.7001953125,831.1720581054688,631.0582275390625
MI3_240819_TY1_0031_1_V02-4_1,최근의 경제동향에서 소비자심리지수 꺾은선형에 대해 알려주세요,1308.3551025390625,1083.0172119140625,962.7665405273438,750.10302734375
MI3_240819_TY1_0031_2_V02-8_1,설비투자 관련 지표와 기계류 투자지수 및 기계류와 정밀기기 수입액 혼합형에 대해 알려주세요,196.48536682128906,1730.2298583984375,972.5577392578125,757.7659912109375
MI3_240819_TY1_0031_3_V01_2,산업 활동 제조업 생산 및 평균가동률 차트(세로 막대형)에 대해 알려주세요,265.4445495605469,965.6426391601562,988.53857421875,717.1019287109375
MI3_240819_TY1_0031_4_V01_1,서비스업 생산에 대해 알려주세요,179.99716186523438,873.0006713867188,999.842529296875,1491.9775390625
MI3_240819_TY1_0031_5_V01_1,<표 7> 고용 관련 지표 차트(세로 막대형)에 대해 알려주세요,264.5227966308594,411.5193176269531,989.4130859375,1141.3040771484375
MI3_240819_TY1_0031_6_V01_1,월평균 명목임금 표에 대해 알려주세요,190.51626586914062,769.9525146484375,978.0192260742188,1280.625732421875
MI3_240819_TY1_0031_7_V02-4_1,소비자물가 상승률 추이에 대해 알려주세요,268.0502014160156,1108.3232421875,960.6483764648438,783.242919921875
MI3_240819_TY1_0031_8_V02-8_2,<그림 8> 아파트 매매가격 및 거래량 차트(혼합형)에 대해 알려주세요,1226.3018798828125,2306.52001953125,979.1690673828125,761.89697265625
MI3_240819_TY1_0031_9_V02-4_1,최근 경제 동향과 관련하여 총수출 및 일평균 수출에 대한 꺾은선형 차트에 대해 알려주세요,281.6208190917969,429.0287780761719,953.6748657226562,758.762939453125
MI3_240819_TY1_0035_1_V01_1,현용 화폐에 대한 권종과 특징을 설명하는 표에 대해 알려주세요.,302.6784973144531,2036.702880859375,1885.0574951171875,1105.2064208984375
MI3_240819_TY1_0035_2_V01_1,현용 화폐 및 그 밖의 현용은행권에 대해 알려주세요,296.18280029296875,605.5503540039062,1903.410888671875,2398.833984375
MI3_240819_TY1_0035_3_V01_1,발행정보에 대해 알려주세요,294.75146484375,457.3717041015625,1936.668212890625,2619.65380859375
MI3_240819_TY1_0035_4_V01_2,현용 화폐 그 밖의 현용주화 차트(가로 막대형)에 대해 알려주세요,295.4228515625,633.5971069335938,1890.920166015625,747.1607666015625
MI3_240819_TY1_0035_5_V01_1,현용 화폐 기념화폐 발행 현황에 대해 알려주세요,342.799072265625,1206.4813232421875,1846.11474609375,1863.7103271484375
MI3_240819_TY1_0035_9_V02-4_2,주요 발권정책 추진사업 연도별 5만원권 누적 발행 및 환수 추이에 대해 알려주세요.,355.267578125,2327.316650390625,1785.068359375,590.4110717773438
MI3_240819_TY1_0044_1_V02-4_1,최근의 경제동향에 대한 꺾은선형 차트에 대해 알려주세요.,1300.531982421875,967.214599609375,971.9632568359375,756.9203491210938
MI3_240819_TY1_0044_2_V01_1,최근 경제동향과 설비투자 관련 지표 차트에 대해 알려주세요.,186.6442108154297,416.100341796875,984.0178833007812,825.6742553710938
MI3_240819_TY1_0044_3_V01_2,산업 활동 <표 4> 전산업 생산에 대해 알려주세요,267.2509765625,985.3108520507812,983.5542602539062,721.0284423828125
MI3_240819_TY1_0044_4_V01_1,서비스업 생산 표에 대해 알려주세요,181.72340393066406,841.3837890625,994.5963745117188,1556.0228271484375
MI3_240819_TY1_0044_5_V01_2,산업별 취업자수 증감 표에 대해 알려주세요,259.4653015136719,409.9326477050781,994.3294067382812,1150.2215576171875
MI3_240819_TY1_0044_6_V02-4_1,경기종합지수 꺾은선형에 대해 알려주세요,1244.330322265625,1298.6688232421875,938.04443359375,755.2003173828125
MI3_240819_TY1_0044_7_V01_1,소비자물가 상승률에 대해 알려주세요,1310.472412109375,872.3078002929688,978.6306762695312,1253.0347900390625
MI3_240819_TY1_0044_8_V02-8_1,아파트 매매가격 및 거래량에 대한 혼합형 차트에 대해 알려주세요.,188.46253967285156,1544.38671875,973.7630615234375,752.0438232421875
MI3_240819_TY1_0044_9_V02-4_2,부동산가격 상승률에 대해 알려주세요,1307.31640625,1728.695556640625,983.8853759765625,714.89892578125
MI3_240819_TY1_0052_1_V02-4_1,최근의 경제동향 차트(꺾은선형)에 대해 알려주세요,1315.065673828125,1257.9583740234375,983.15625,750.7232666015625
MI3_240819_TY1_0052_2_V02-8_1,조사통계월보 제75권 제5호에 담긴 기계류 투자지수와 기계류 및 정밀기기 수입액 혼합형 차트에 대해 알려주세요,1232.42822265625,1958.830078125,980.0606079101562,751.5869140625
MI3_240819_TY1_0052_3_V01_2,산업 활동 제조업 생산 및 평균가동률 차트에 대해 알려주세요,272.4427185058594,980.6323852539062,975.8245849609375,679.1870727539062
MI3_240819_TY1_0052_4_V01_1,조사통계월보 제75권 제5호 (2021.5) 표에 대해 알려주세요.,188.72494506835938,907.5010375976562,980.7048950195312,1507.2008056640625
MI3_240819_TY1_0052_5_V01_1,<표 7> 고용 관련 지표에 대해 알려주세요,265.5408630371094,401.061767578125,982.5843505859375,998.8941650390625
MI3_240819_TY1_0052_6_V01_1,월평균 명목임금 표에 대해 알려주세요,186.1864013671875,1071.3116455078125,985.927001953125,1182.5899658203125
MI3_240819_TY1_0052_7_V02-4_1,물가에 대한 소비자물가 상승률 꺾은선형 차트에 대해 알려주세요,287.5916748046875,1152.289306640625,962.2567138671875,857.4102783203125
MI3_240819_TY1_0052_8_V02-4_1,조사통계월보 제75권 제5호 (2021.5) 주택매수 심리지수 꺾은선형에 대해 알려주세요,1238.512939453125,425.995849609375,984.3745727539062,728.1611938476562
MI3_240819_TY1_0052_9_V02-4_1,대외 거래에 대한 자료를 포함한 꺾은선형에 대해 알려주세요,272.9747619628906,419.53271484375,978.5604858398438,759.0863647460938
MI3_240819_TY1_0061_1_V02-4_1,최근의 경제동향 차트(꺾은선형)에 대해 알려주세요,1309.6182861328125,1152.0831298828125,986.533447265625,788.826171875
MI3_240819_TY1_0061_2_V01_2,조사통계월보 제76권 제1호의 건설기성액 차트에 대해 알려주세요,183.81967163085938,415.0531921386719,984.959228515625,752.7322387695312
MI3_240819_TY1_0061_3_V01_2,산업 활동 <표 5> 제조업 생산 및 평균가동률에 대해 알려주세요.,1311.190185546875,412.14349365234375,973.7171630859375,1159.75390625
MI3_240819_TY1_0061_4_V02-8_1,조사통계월보 제76권 제1호에 포함된 취업자수 변화에 대해 알려주세요,1226.697265625,1131.952880859375,987.54638671875,700.998779296875
MI3_240819_TY1_0061_5_V02-1_1,산업별 취업자수 증감 차트(세로 막대형)에 대해 알려주세요,1317.439453125,416.9971923828125,976.032470703125,763.3540649414062
MI3_240819_TY1_0061_6_V02-4_1,조사통계월보 제76권 제1호에서 경기종합지수 꺾은선형 차트에 대해 알려주세요,1230.929931640625,1260.193603515625,983.0444946289062,789.08837890625
MI3_240819_TY1_0061_7_V02-4_1,물가에 대한 꺾은선형 차트에 대해 알려주세요,266.5746765136719,1151.090576171875,982.19580078125,857.697265625
MI3_240819_TY1_0061_8_V02-8_1,조사통계월보 제76권 제1호 (2022. 1) 매매거래량 혼합형에 대해 알려주세요,1228.8094482421875,2166.491455078125,979.14990234375,779.861572265625
MI3_240819_TY1_0061_9_V02-4_1,대외 거래와 관련된 수출에 대한 꺾은선형 차트에 대해 알려주세요,271.4079895019531,418.765380859375,980.6295776367188,762.3649291992188
MI3_240819_TY1_0093_1_V02-4_1,인천지역 주요 업종별 제조업 생산 증가율 및 차트(꺾은선형)에 대해 알려주세요,305.29779052734375,2644.446533203125,1864.906982421875,636.78125
MI3_240819_TY1_0093_2_V02-8_1,건축착공면적 증가율 차트에 대해 알려주세요,1246.5782470703125,1181.720947265625,932.1234741210938,675.5540771484375
MI3_240819_TY1_0093_3_V01_1,대외거래 인천지역 수출 관련 표에 대해 알려주세요,303.0944519042969,2134.1328125,1900.2296142578125,1172.3421630859375
MI3_240819_TY1_0093_4_V01_1,표에 대해 알려주세요,300.2607727050781,1785.9859619140625,1903.8663330078125,1517.0706787109375
MI3_240819_TY1_0093_5_V02-4_1,인천지역의 취업자수 차트(꺾은선형)에 대해 알려주세요,319.103271484375,1635.2884521484375,910.0345458984375,647.4864501953125
MI3_240819_TY1_0093_6_V02-8_1,부동산 가격 동향에 대한 혼합형 차트에 대해 알려주세요,1258.97509765625,1026.7723388671875,935.5511474609375,682.847412109375
MI3_240819_TY1_0093_7_V02-8_2,0.6 혼합형에 대해 알려주세요,342.453369140625,2662.60791015625,885.8926391601562,615.7255859375
MI3_240819_TY1_0093_8_V02-8_2,1.5 차트(혼합형)에 대해 알려주세요,315.4925231933594,2264.32275390625,915.2687377929688,639.579833984375
MI3_240819_TY1_0142_1_V02-4_1,제조업 업황BSI 꺾은선형에 대해 알려주세요,471.20458984375,2453.085205078125,1679.04345703125,680.2744140625
MI3_240819_TY1_0142_2_V02-8_1,울산지역 수요 지표와 대형소매점 판매지수에 대해 알려주세요,360.5564270019531,689.6204833984375,1771.7548828125,680.7944946289062
MI3_240819_TY1_0142_3_V02-4_1,소비자물가 등락률 전년동월대비등락률 꺾은선형에 대해 알려주세요,361.1728210449219,690.1690673828125,1771.1878662109375,686.7059936523438
MI3_240819_TY1_0142_4_V02-8_1,울산지역 수출에 대한 차트(혼합형)에 대해 알려주세요,360.91790771484375,1709.9202880859375,1776.7152099609375,735.673095703125
MI3_240819_TY1_0142_5_V02-8_1,제목에 대한 정보와 소제목의 내용을 바탕으로 혼합형 차트에 대해 알려주세요,397.83746337890625,700.8330078125,1659.4232177734375,1027.431640625
MI3_240819_TY1_0142_6_V02-3_1,제목에 해당하는 문서에서 금융기관별 여신잔액 비중 차트에 대해 알려주세요.,372.8544006347656,674.8629150390625,1699.9683837890625,1064.9337158203125
MI3_240819_TY1_0144_1_V02-8_2,제조업 생산지수 혼합형에 대해 알려주세요,361.4797668457031,1656.9388427734375,1785.24853515625,683.9888916015625
MI3_240819_TY1_0144_2_V02-8_3,건축허가면적 혼합형에 대해 알려주세요,363.8359375,2393.51708984375,1769.3592529296875,679.2685546875
MI3_240819_TY1_0144_3_V02-8_1,울산지역 고용 및 물가 취업자증감 및 실업률 혼합형에 대해 알려주세요,360.4649963378906,690.29345703125,1772.7025146484375,686.857177734375
MI3_240819_TY1_0144_4_V02-8_1,T01 T02 T03 혼합형에 대해 알려주세요,358.10394287109375,722.9417724609375,1783.5089111328125,732.1109619140625
MI3_240819_TY1_0144_5_V02-3_1,금융기관별 수신잔액 비중 원형에 대해 알려주세요,482.19671630859375,2037.4757080078125,1245.8590087890625,1056.025146484375
MI3_240819_TY1_0144_6_V02-3_1,금융기관별 여신잔액 비중 원형에 대해 알려주세요,428.6184387207031,2028.93017578125,1272.170166015625,1050.632568359375
MI3_240819_TY1_0160_1_V02-1_1,제1장 대내외 여건 변화와 잠재리스크 점검 I 검토 배경 혼합형에 대해 알려주세요,333.6060485839844,2453.05859375,827.402587890625,647.7787475585938
MI3_240819_TY1_0160_2_V02-4_3,충남지역 소득 및 소비 비율 변화에 대해 알려주세요,336.0342102050781,2529.17041015625,828.948974609375,617.4443359375
MI3_240819_TY1_0160_3_V02-4_1,충남지역 평균소비성향 꺾은선형에 대해 알려주세요,1304.666259765625,2527.611572265625,769.791015625,612.715087890625
MI3_240819_TY1_0160_4_V02-8_3,제1장 대내외 여건 변화와 잠재리스크 점검의 (조원) (%) 140 24 은행(좌측) 비은행(좌측) 차트(혼합형)에 대해 알려주세요,1267.38720703125,2378.314453125,895.2665405273438,713.529296875
MI3_240819_TY1_0160_5_V02-1_2,대전충남지역의 가계 및 자영업자 부채 현황 및 차트(세로 막대형)에 대해 알려주세요,330.38470458984375,429.5585632324219,898.9736328125,664.9617919921875
MI3_240819_TY1_0160_6_V02-4_1,제1장 대내외 여건 변화와 잠재리스크 점검 차트(꺾은선형)에 대해 알려주세요,1254.8739013671875,438.0522155761719,899.9517822265625,692.129638671875
MI3_240819_TY1_0160_7_V02-1_2,제1장 대내외 여건 변화와 잠재리스크 차트(세로 막대형)에 대해 알려주세요,326.0892639160156,2065.820556640625,1837.1317138671875,739.9940795898438
MI3_240819_TY1_0160_8_V02-1_4,제1장 대내외 여건 변화와 잠재리스크 점검 2. 근로복지 [그림 20] 저임금 비중이 높은 산업 차트(세로 막대형)에 대해 알려주세요,1261.2105712890625,1080.6622314453125,880.6925659179688,685.2803955078125
MI3_240819_TY1_0162_1_V02-4_2,한국은행 경기본부 자자 전세 보증금부 월세 -----월세+사글세에 대해 알려주세요,1261.3731689453125,2246.196044921875,829.77392578125,643.3624877929688
MI3_240819_TY1_0162_2_V02-4_2,경기도 전월세시장 현황 및 세입자 주거안정 방안 꺾은선형 차트에 대해 알려주세요,539.6005859375,2189.20458984375,1371.8836669921875,699.7374877929688
MI3_240819_TY1_0162_3_V02-4_4,<표 9> 지역별 전세가격 비율에 대한 단위근 검정 결과에 대해 알려주세요,390.7039489746094,624.3722534179688,823.2749633789062,587.1158447265625
MI3_240819_TY1_0178_1_V02-8_2,제조업 업황BSI 혼합형에 대해 알려주세요,384.180419921875,1561.2945556640625,1736.1781005859375,648.93212890625
MI3_240819_TY1_0178_2_V02-8_1,(울산지역 소비 및 투자 지표) 대형소매점 판매지수 혼합형에 대해 알려주세요,387.5817565917969,714.9986572265625,1730.017822265625,630.9090576171875
MI3_240819_TY1_0178_3_V02-4_1,울산지역 고용 및 물가 소비자물가 등락률 꺾은선형에 대해 알려주세요,356.7743835449219,1478.4493408203125,1764.45458984375,677.7732543945312
MI3_240819_TY1_0178_4_V02-8_2,울산지역 수출입에 대한 차트(혼합형)에 대해 알려주세요,387.84796142578125,736.0027465820312,1724.6810302734375,687.1159057617188
MI3_240819_TY1_0178_5_V02-8_2,금융동향 총여신 잔액 및 증감률 혼합형에 대해 알려주세요,1244.287353515625,1167.0225830078125,938.4166259765625,611.7838134765625
MI3_240819_TY1_0181_1_V02-8_2,시설기계류 수입액 혼합형에 대해 알려주세요,384.0229797363281,1532.6915283203125,1732.393310546875,628.9691162109375
MI3_240819_TY1_0181_2_V02-4_1,소비자물가 등락률 소비자물가 등락률 꺾은선형에 대해 알려주세요,388.5634765625,2320.387939453125,1731.892333984375,762.6327514648438
MI3_240819_TY1_0181_3_V02-8_2,울산지역 수입에 대한 차트(혼합형)에 대해 알려주세요,390.55499267578125,738.6912841796875,1720.5062255859375,682.1260986328125
MI3_240819_TY1_0181_4_V02-8_1,총수신 잔액 및 증감률 혼합형에 대해 알려주세요,301.9549255371094,1058.23681640625,937.543212890625,617.0157470703125
MI3_240819_TY1_0181_5_V02-1_1,2017.4 월 울산지역 가계대출 동향 세로 막대형 차트에 대해 알려주세요,1224.6053466796875,2233.928955078125,926.3958740234375,656.40869140625
MI3_240819_TY1_0192_1_V02-8_1,제목에 대한 제조업 생산지수 혼합형에 대해 알려주세요,424.4647216796875,693.8733520507812,1658.6815185546875,626.6007690429688
MI3_240819_TY1_0192_2_V02-8_1,울산지역 소비 및 투자 지표 차트(혼합형)에 대해 알려주세요,410.41558837890625,713.8948364257812,1700.1654052734375,648.6764526367188
MI3_240819_TY1_0192_3_V02-8_2,울산지역 수출입에 대한 차트(혼합형)에 대해 알려주세요,417.9905090332031,1652.7286376953125,1689.43505859375,640.3333740234375
MI3_240819_TY1_0192_4_V02-4_2,주택매매가격 및 전세가격 등락률 전월대비 주택매매가격등락률 꺾은선형에 대해 알려주세요,409.4345703125,2335.289306640625,1690.0166015625,652.7509765625
MI3_240819_TY1_0192_5_V02-4_1,총수신 잔액 및 증감률 꺾은선형 차트에 대해 알려주세요,1240.5443115234375,2496.00830078125,868.2135009765625,592.2987670898438
MI3_240819_TY1_0201_1_V02-8_3,건축착공면적 혼합형에 대해 알려주세요,407.0019836425781,2379.239990234375,1676.06103515625,641.8330078125
MI3_240819_TY1_0201_2_V02-8_2,제목에 대해 알려주세요,418.2834777832031,1711.6810302734375,1673.8323974609375,688.7230224609375
MI3_240819_TY1_0201_3_V02-8_1,울산지역 고용 및 물가 취업자증감 및 실업률 혼합형에 대해 알려주세요,396.16473388671875,680.8765258789062,1692.447998046875,643.123291015625
MI3_240819_TY1_0201_4_V02-4_1,총수신 잔액 및 증감률 차트(꺾은선형)에 대해 알려주세요,1219.1373291015625,2345.808837890625,885.4242553710938,666.2042846679688
MI3_240819_TY1_0201_5_V02-1_1,울산지역 가계대출 동향에 대한 차트(세로 막대형)에 대해 알려주세요,317.92919921875,1077.521728515625,1800.10400390625,857.2571411132812
MI3_240819_TY1_0204_1_V02-8_2,울산지역 소비 및 투자 지표와 시설기계류 수입액 혼합형에 대해 알려주세요,411.8894958496094,714.4066772460938,1674.3602294921875,642.1513671875
MI3_240819_TY1_0204_2_V02-8_2,제목에 대해 알려주세요,418.3541564941406,1710.8017578125,1676.116455078125,689.154052734375
MI3_240819_TY1_0204_3_V02-4_1,울산지역 고용 및 물가 소비자물가 등락률 꺾은선형에 대해 알려주세요,386.482421875,1492.875732421875,1703.2713623046875,693.63671875
MI3_240819_TY1_0204_4_V02-4_1,금융동향 총수신잔액 전년동월대비증감률 차트(꺾은선형)에 대해 알려주세요,1224.41845703125,2331.86865234375,898.6495971679688,676.066162109375
MI3_240819_TY1_0204_5_V02-1_1,울산지역 가계대출 동향 차트(세로 막대형)에 대해 알려주세요,295.4071960449219,1159.657470703125,1824.88720703125,879.5350341796875
MI3_240819_TY1_0229_2_V02-8_1,부산지역 서비스혁신지수에 대해 알려주세요,520.0016479492188,1347.4119873046875,1437.294677734375,851.2481689453125
MI3_240819_TY1_0253_2_V01_1,LED 시장규모에 대해 알려주세요,336.5885925292969,763.7003173828125,1802.260498046875,446.7354431152344
MI3_240819_TY1_0253_4_V01_1,세계 LED시장 용도별 동향 및 전망 표에 대해 알려주세요,419.3045654296875,1099.5865478515625,1711.9398193359375,831.8140258789062
MI3_240819_TY1_0260_1_V02-1_1,서비스업 발전을 통한 내외수 균형성장에 대해 알려주세요,387.529052734375,1705.4691162109375,1667.9495849609375,780.3128662109375
MI3_240819_TY1_0260_2_V02-1_1,BOK 경제연구의 차트(세로 막대형)에 대해 알려주세요,382.9651184082031,1624.6829833984375,1679.529541015625,866.4483032226562
MI3_240819_TY1_0260_3_V02-1_2,서비스업 발전을 통한 내외수 균형성장에 대해 알려주세요,395.5766296386719,741.2857055664062,817.963134765625,491.52239990234375
MI3_240819_TY1_0260_4_V02-6_1,주 : 1) 서비스업 5개 부문에 대한 꺾은선형 차트에 대해 알려주세요,394.6144714355469,668.5169067382812,1677.927490234375,977.3676147460938
MI3_240819_TY1_0292_1_V02-4_2,제목 소제목 차트(꺾은선형)에 대해 알려주세요,1318.6217041015625,1375.6663818359375,934.8343505859375,661.564697265625
MI3_240819_TY1_0292_2_V01_2,조사통계월보 제76권 제5호 (%) 금융위기와 팬데믹 기간중 근로상태 전이행렬에 대해 알려주세요,232.29031372070312,465.0611877441406,1949.7210693359375,556.7408447265625
MI3_240819_TY1_0292_3_V02-1_1,조사통계월보 제76권 제5호 (2022.5) 본문에서 연령더미 계수 추정치 차트(세로 막대형)에 대해 알려주세요,1238.9398193359375,1399.4462890625,945.5800170898438,684.5756225585938
MI3_240819_TY1_0292_4_V01_1,조사통계월보 제76권 제5호 (2022.5) 본문 차트에 대해 알려주세요,231.45225524902344,2283.389404296875,1939.735595703125,356.9018249511719
MI3_240819_TY1_0297_1_V02-1_2,총자산증가율 차트(세로 막대형)에 대해 알려주세요,344.52392578125,2381.1357421875,884.3253784179688,606.14892578125
MI3_240819_TY1_0297_2_V02-1_2,이자보상비율 차트(세로 막대형)에 대해 알려주세요,329.5610046386719,2059.361572265625,902.3927001953125,610.3871459960938
MI3_240819_TY1_0297_3_V02-1_1,부채비율 차트(세로 막대형)에 대해 알려주세요,346.1695251464844,2119.328369140625,895.2503051757812,597.27099609375
MI3_240819_TY1_0337_2_V01_1,제주지역 고령화가 고용률에 미치는 영향 본문 차트(세로 막대형)에 대해 알려주세요,381.169189453125,1206.2271728515625,1714.863525390625,333.04150390625
MI3_240819_TY1_0337_3_V02-8_1,최근 제주지역 관광객 수 및 서비스업 취업자수 증감의 혼합형 차트에 대해 알려주세요,357.1323547363281,1536.991455078125,847.1055297851562,751.1510009765625
MI3_240819_TY1_0337_4_V01_2,Granger 인과관계 검정 결과에 대해 알려주세요,352.28826904296875,975.2228393554688,1776.2275390625,364.50421142578125
MI3_240819_TY1_0349_1_V01_1,경제전망 및 재정긴축목표 차트(세로 막대형)에 대해 알려주세요,433.49700927734375,2300.88818359375,1731.577392578125,535.442138671875
MI3_240819_TY1_0349_2_V02-8_1,Ⅱ. 그리스 경제의 최근 동향 및 주요 재정수지적자 비율 차트(혼합형)에 대해 알려주세요,323.5,1151.3328857421875,899.2041625976562,751.7786254882812
MI3_240819_TY1_0349_3_V02-4_1,청년실업률 꺾은선형에 대해 알려주세요,319.149658203125,1333.2620849609375,899.25634765625,684.1217041015625
MI3_240819_TY1_0349_4_V02-4_1,운송수지 및 관광객 증가율 꺾은선형에 대해 알려주세요,1262.16748046875,2537.19677734375,825.551025390625,588.026611328125
MI3_240819_TY1_0364_4_V02-2_1,자료 및 조사대상 품목 분류에 대해 알려주세요,1274.2293701171875,633.6196899414062,752.4984130859375,625.00390625
MI3_240819_TY1_0377_4_V03_1,CCP 청산 모델에 대해 알려주세요,748.12451171875,1050.7584228515625,978.0454711914062,221.93955993652344
MI3_240819_TY1_0405_1_V01_1,"(천GT, %) 한국 일본 중국 기타 계 수주잔량에 대해 알려주세요",353.64385986328125,1936.1685791015625,1562.74365234375,310.0902099609375
MI3_240819_TY1_0405_2_V01_1,선박 해체량 및 건조량 추이에 대해 알려주세요,399.9396667480469,362.81060791015625,1524.267578125,349.62786865234375
MI3_240819_TY1_0466_1_V02-8_1,정부재정지출 혼합형에 대해 알려주세요,588.6813354492188,652.9794311523438,1305.49169921875,978.0442504882812
MI3_240819_TY1_0466_2_V01_1,BOK 경제연구 제2017-29호 모형 시뮬레이션을 위하여 국가별로 캘리브레이션된 모수 차트(세로 막대형)에 대해 알려주세요,390.9130859375,615.7590942382812,1675.942626953125,786.3706665039062
MI3_240819_TY1_0466_3_V01_1,에 대한 표의 내용에 대해 알려주세요,391.8810729980469,2513.3486328125,1681.72119140625,357.107177734375
MI3_240819_TY1_0471_1_V02-4_2,직업훈련이 청년취업률 제고에 미치는 영향에 대해 알려주세요,1250.0078125,696.1652221679688,779.11767578125,656.659423828125
MI3_240819_TY1_0471_2_V01_1,직업훈련이 청년취업률 제고에 미치는 영향 전체 관측치 평균 표준편차에 대해 알려주세요,385.33740234375,607.6680297851562,1711.564697265625,2569.754638671875
MI3_240819_TY1_0471_3_V01_1,BOK 경제연구 제2018-6호 평균(Mean) Non-Public Private College Online participation 관측치수(명)에 대해 알려주세요,385.1014709472656,609.64208984375,1715.8017578125,2575.75927734375
MI3_240819_TY1_0475_1_V02-1_5,"<그림 1> 북한이탈주민, 기존주민 대조군, 전체주민(200만 표본) 차트(세로 막대형)에 대해 알려주세요",412.10595703125,680.18017578125,1668.7393798828125,1657.58740234375
MI3_240819_TY1_0475_2_V02-1_1,소득구간별 비중 추이 차트(세로 막대형)에 대해 알려주세요,414.4474182128906,655.0906372070312,1621.66162109375,740.4348754882812
MI3_240819_TY1_0475_3_V02-4_3,북한이탈주민의 신용행태에 관한 연구와 관련된 차트(꺾은선형)에 대해 알려주세요,397.0043640136719,726.650634765625,1661.4263916015625,1580.053466796875
MI3_240819_TY1_0496_2_V02-8_1,1차 노동시장 종사자수와 2차 노동시장 비중의 혼합형 차트에 대해 알려주세요,412.9109191894531,608.689453125,1731.94921875,665.5574951171875
MI3_240819_TY1_0496_3_V02-3_1,우리나라 고용구조의 특징과 과제 차트(원형)에 대해 알려주세요,489.1030578613281,668.5540771484375,688.4161376953125,558.74609375
MI3_240819_TY1_0568_1_V02-4_1,산업구조조정이 고용 및 성장에 미치는 영향 차트(꺾은선형)에 대해 알려주세요,410.87933349609375,609.310302734375,793.5494995117188,562.4149169921875
MI3_240819_TY1_0568_2_V02-1_1,[그림 3-3] 차트(세로 막대형)에 대해 알려주세요,448.3329772949219,631.0467529296875,1622.212890625,1119.4625244140625
MI3_240819_TY1_0568_3_V02-1_2,서비스업 산업구조의 변화 차트(세로 막대형)에 대해 알려주세요,450.4682312011719,626.2379150390625,1631.993896484375,1073.4642333984375
MI3_240819_TY1_0568_4_V02-4_1,제목에 따른 산업구조 변화 지수 꺾은선형에 대해 알려주세요,378.21234130859375,600.0711669921875,1707.966552734375,790.6022338867188
MI3_240819_TY1_0568_5_V01_1,산업구조조정이 고용 및 성장에 미치는 영향 표에 대해 알려주세요,389.04486083984375,1343.939208984375,1697.140869140625,1079.1240234375
MI3_240819_TY1_0568_6_V01_1,산업구조조정이 고용 및 성장에 미치는 영향 통계 결과 표에 대해 알려주세요,403.218017578125,610.0230102539062,1673.6044921875,994.9845581054688
MI3_240819_TY1_0568_8_V02-4_5,2 1 2 3 4 5 6 7 8 9 10 11 차트(꺾은선형)에 대해 알려주세요,383.2314758300781,2035.4351806640625,1718.0318603515625,1152.744384765625
MI3_240819_TY1_0568_9_V01_1,BOK 경제연구 제2020-13호 표에 대해 알려주세요,406.4714660644531,578.5021362304688,1669.849365234375,224.61212158203125
MI3_240819_TY1_0574_1_V02-4_1,연구배경 및 2000~2017년 중 제조업의 생산성 및 수출 증가율 추이에 대해 알려주세요,424.5346374511719,2043.6142578125,1641.31591796875,902.9803466796875
MI3_240819_TY1_0574_2_V01_1,<표 1> 업종별 기초통계량 2000~2017년 표에 대해 알려주세요,402.0498046875,612.859130859375,1699.71142578125,1747.5369873046875
MI3_240819_TY1_0574_3_V01_1,제조업의 수출과 생산성 간 관계 분석: 사업체 자료 이용에 대해 알려주세요,410.0118713378906,611.4737548828125,1662.10302734375,874.5064697265625
MI3_240819_TY1_0574_4_V01_1,BOK 경제연구 제2020-19호 본문 차트에 대해 알려주세요,389.4471435546875,2429.291748046875,1663.5225830078125,685.893798828125
MI3_240819_TY1_0574_5_V01_1,제조업의 수출과 생산성 간 관계 분석: 기본모형 수출과 생산성 간의 상관관계 분석에 대해 알려주세요,404.5279235839844,1612.71826171875,1677.9132080078125,603.661865234375
MI3_240819_TY1_0574_6_V01_1,제조업의 수출과 생산성 간 관계 분석: 사업체 자료 이용에 대해 알려주세요,396.6591796875,612.2439575195312,1685.5235595703125,1569.4886474609375
MI3_240819_TY1_0574_7_V01_1,제조업의 수출과 생산성 간 관계 분석: 사업체 자료 이용에 대해 알려주세요,403.12158203125,1602.288330078125,1681.2294921875,1189.306884765625
MI3_240819_TY1_0574_8_V02-6_1,<그림 2> 산출량 변화에 따른 요소별 투입의 차트(분산형)에 대해 알려주세요,607.557373046875,698.9691772460938,1268.030029296875,702.2468872070312
MI3_240819_TY1_0574_9_V01_1,BOK 경제연구 제2020-19호 (표 9) 요소투입이 비탄력적인 업종의 수출 증가율에 대한 생산성 민감도 추정 차트(세로 막대형)에 대해 알려주세요,408.21624755859375,622.17041015625,1662.2977294921875,903.2246704101562
MI3_240819_TY1_0584_1_V02-8_1,BOK 경제연구 제2021-1호 차트(혼합형)에 대해 알려주세요,424.744384765625,2442.736083984375,1649.258056640625,722.51611328125
MI3_240819_TY1_0584_3_V01_1,결혼 전체 취업비자 유학생 정주비자 기타 이민자에 대한 차트에 대해 알려주세요,390.57781982421875,602.58251953125,1699.184326171875,1472.5892333984375
MI3_240819_TY1_0584_4_V01_1,본 연구는 성향점수매칭법을 이용하여 직업훈련이 외국인들의 노동시장에 미치는 효과를 추정한 표의 내용에 대해 알려주세요.,384.042724609375,1040.2281494140625,1710.0576171875,2131.580078125
MI3_240819_TY1_0584_5_V02-4_1,제목에 대해 알려주세요,378.7109375,1900.4219970703125,1680.4332275390625,1244.4444580078125
MI3_240819_TY1_0584_6_V01_1,매칭 전 매칭 후 참여자 미참여자 차이 시각요소 타입에 대해 알려주세요,436.4692687988281,951.1891479492188,1670.825439453125,1445.9466552734375
MI3_240819_TY1_0584_7_V01_1,BOK 경제연구 제2021-1호의 직업훈련 성과 분석결과 표에 대해 알려주세요,398.170654296875,621.2865600585938,1683.713134765625,851.662109375
MI3_240819_TY1_0584_8_V01_1,결혼 전체 취업비자 학생비자 정주비자 기타 이민자에 대한 임금 분석 결과와 관련된 표에 대해 알려주세요.,384.0513000488281,2121.245361328125,1696.9210205078125,797.5980834960938
MI3_240819_TY1_0584_9_V01_1,BOK 경제연구 제2021-1호 결론 표에 대해 알려주세요,386.4122009277344,621.9966430664062,1702.240478515625,829.8992919921875
MI3_240819_TY1_0590_10_V02-4_1,재원조달 방법을 고려한 재정지출 효과 분석에 대해 알려주세요,542.7548217773438,615.0990600585938,1396.015869140625,849.6680297851562
MI3_240819_TY1_0590_2_V02-4_1,제목에 대한 내용을 바탕으로 재정지출의 효과를 보여주는 꺾은선형 차트에 대해 알려주세요,566.5740356445312,698.876953125,1335.2591552734375,704.2225341796875
MI3_240819_TY1_0590_3_V02-4_1,재원조달 방법을 고려한 재정지출 효과 분석의 꺾은선형에 대해 알려주세요,474.6557312011719,626.13818359375,1540.673828125,930.5309448242188
MI3_240819_TY1_0590_4_V02-4_1,재원조달 방법을 고려한 재정지출 효과 분석 차트(꺾은선형)에 대해 알려주세요,556.5427856445312,2226.40283203125,1360.656005859375,765.97900390625
MI3_240819_TY1_0590_5_V02-4_2,<표 17> 시점별 재정지출승수 산출 결과에 대해 알려주세요,555.8753051757812,1562.7413330078125,1360.751220703125,767.1219482421875
MI3_240819_TY1_0590_6_V01_1,증세 시차 변경에 따른 재정지출 승수 표에 대해 알려주세요,390.06689453125,1513.2476806640625,1698.8839111328125,559.5440673828125
MI3_240819_TY1_0590_7_V02-4_1,재정지출 효과 분석 차트(꺾은선형)에 대해 알려주세요,474.3397521972656,536.0966796875,1517.8223876953125,843.055908203125
MI3_240819_TY1_0590_8_V02-4_2,G Response of w에 대해 알려주세요,529.7037353515625,617.43701171875,1419.425537109375,795.8472900390625
MI3_240819_TY1_0590_9_V02-4_1,제목에 해당하는 내용과 소제목을 통해 정부 지출 반응의 꺾은선형 그래프에 대해 알려주세요,537.1649169921875,1572.501953125,1400.21435546875,850.408447265625
MI3_240819_TY1_0592_1_V02-4_2,BOK 경제연구 제2021-12호 I 연구배경 차트(꺾은선형)에 대해 알려주세요,375.2080078125,1846.0013427734375,1695.700927734375,800.4752197265625
MI3_240819_TY1_0592_4_V01_1,기여도 글로벌 금융위기 수출비중1) 전후 변화2) (A+B) 국제생산구조 변화에 대해 알려주세요,390.64117431640625,1191.0689697265625,1699.55078125,1199.0921630859375
MI3_240819_TY1_0592_5_V02-1_2,우리 수출의 글로벌 소득탄력성 하락 요인 분석 차트(세로 막대형)에 대해 알려주세요,576.9412231445312,2344.686279296875,1300.919189453125,823.6398315429688
MI3_240819_TY1_0592_6_V02-1_1,우리 수출의 글로벌 소득탄력성 하락 요인 분석 차트(세로 막대형)에 대해 알려주세요,1245.0377197265625,1691.0618896484375,820.2960205078125,819.3722534179688
MI3_240819_TY1_0592_7_V02-1_1,글로벌 최종수요 내 국가별 비중 변화 차트(세로 막대형)에 대해 알려주세요,371.52056884765625,1855.7647705078125,1705.0555419921875,742.6851806640625
MI3_240819_TY1_0592_8_V02-1_2,이 보고서에서 최종수요 내 지출 비중에 대한 차트를 보여주는 시각요소에 대해 알려주세요,387.4328308105469,2103.441650390625,1694.630126953125,852.9662475585938
MI3_240819_TY1_0592_9_V02-1_2,우리 수출의 글로벌 소득탄력성 하락 요인 분석 차트(세로 막대형)에 대해 알려주세요,385.3195495605469,707.9585571289062,805.9345703125,598.3330688476562
MI3_240819_TY1_0616_1_V02-4_2,주요 제조업종별 생산지수 증감률 꺾은선형에 대해 알려주세요,1256.332275390625,506.797607421875,837.068603515625,751.036376953125
MI3_240819_TY1_0616_2_V02-4_2,비제조업 업황 BSI와 서비스업 생산지수 증감률에 대한 차트(영역형)에 대해 알려주세요,313.6213684082031,2311.108154296875,907.722412109375,724.7861328125
MI3_240819_TY1_0616_3_V02-4_2,백화점 및 대형마트 판매 증감률 차트(꺾은선형)에 대해 알려주세요,1255.9281005859375,573.059814453125,838.5042114257812,764.0703735351562
MI3_240819_TY1_0616_4_V01_1,에 대해 알려주세요,288.6927795410156,969.511962890625,1884.1563720703125,1170.7779541015625
MI3_240819_TY1_0616_5_V01_1,대구경북 주택 현황과 관련된 표에 대해 알려주세요,441.9335021972656,2340.298828125,1620.1031494140625,551.811279296875
MI3_240819_TY1_0616_6_V02-8_1,다. 수출 및 수입 차트(혼합형)에 대해 알려주세요,413.086669921875,1871.284912109375,1644.7203369140625,917.0375366210938
MI3_240819_TY1_0616_7_V01_1,고용 관련 지표 본문 차트(세로 막대형)에 대해 알려주세요,291.9120788574219,562.8681640625,2132.050048828125,1740.55908203125
MI3_240819_TY1_0616_8_V01_1,물가 및 부동산가격 소비자물가 상승률 차트에 대해 알려주세요,303.9360046386719,1147.5263671875,1873.8944091796875,1613.9478759765625
MI3_240819_TY1_0616_9_V01_3,나. 부동산가격 관련된 자료의 차트(원형)에 대해 알려주세요,287.696533203125,1849.850830078125,1995.0299072265625,430.75439453125
MI3_240819_TY1_0618_4_V01_2,지원대상업체 선정기준 표에 대해 알려주세요,347.0679626464844,1668.263427734375,1779.413330078125,1476.90576171875
MI3_240819_TY1_0662_2_V01_1,Balancing Test: The Relationship Between Assigned Entry Age and Characteristics of Parents and Children 표에 대해 알려주세요,337.19525146484375,747.55322265625,1807.0208740234375,1349.8448486328125
MI3_240819_TY1_0662_3_V01_1,한국은행 경제연구원 제29권 제1호 (2023.3) 표에 대해 알려주세요,342.097900390625,497.0898132324219,1789.162109375,1601.920166015625
MI3_240819_TY1_0668_1_V02-4_1,제30권 제1호 탈탄소 기술 관련 차트(꺾은선형)에 대해 알려주세요,1218.572265625,571.6333618164062,911.3944091796875,839.3807373046875
MI3_240819_TY1_0668_2_V01_2,탈탄소 기술 관련 품목별 적용 관세율 분석 차트에 대해 알려주세요,332.1071472167969,561.6650390625,1830.98095703125,514.69287109375
MI3_240819_TY1_0668_3_V02-4_1,Ⅲ. 이론적 배경 및 기존 연구 차트(꺾은선형)에 대해 알려주세요,343.2676086425781,577.223388671875,1773.4256591796875,870.9261474609375
MI3_240819_TY1_0678_2_V02-4_1,중앙은행 디지털화폐(CBDC) 발행이 통화정책 파급경로에 미치는 영향에 대해 알려주세요,353.8752746582031,507.0029296875,850.8695678710938,666.8665771484375
MI3_240819_TY1_0678_3_V02-4_1,콜금리와 관련된 꺾은선형 차트에 대해 알려주세요,357.255615234375,858.3638305664062,1788.169921875,2570.42626953125
MI3_240819_TY1_0737_1_V02-4_1,우리나라의 산업 간 생산성 파급효과 분석과 관련된 총요소생산성 차트에 대해 알려주세요,367.681396484375,516.2332763671875,1727.14111328125,929.0497436523438
MI3_240819_TY1_0737_2_V01_1,우리나라의 산업 간 생산성 파급효과 분석에 대해 알려주세요,341.6772155761719,1377.28857421875,1799.3480224609375,1918.760498046875
MI3_240819_TY1_0737_3_V01_1,Annual Industrial Increasing Rate(%) Share(%) 차트(세로 막대형)에 대해 알려주세요,343.806396484375,396.5594787597656,1791.2816162109375,1403.7135009765625
MI3_240819_TY1_0745_1_V02-4_1,경제연구원 제29권 제4호 차트(꺾은선형)에 대해 알려주세요,349.1692199707031,503.81304931640625,1760.0865478515625,810.6376342773438
MI3_240819_TY1_0745_2_V02-4_1,일본의 수출과 엔화 환율 변동에 대한 그래프에 대해 알려주세요,351.22576904296875,497.5477294921875,1777.914794921875,825.025634765625
MI3_240819_TY1_0745_3_V02-4_1,Trends in Japan's Export Indices 한국은행 경제연구원 제29권 제4호에 대해 알려주세요,353.2292175292969,501.532470703125,1766.6524658203125,804.4957275390625
MI3_240819_TY1_0750_1_V02-6_1,풀링 기법을 이용한 우리나라 국채 수익률곡선 예측에 대해 알려주세요,362.39892578125,1690.94970703125,1734.760986328125,1198.2564697265625
MI3_240819_TY1_0750_2_V01_1,Forecast horizon에 대해 알려주세요,383.0498046875,635.0066528320312,1714.2784423828125,1799.740966796875
MI3_240819_TY1_0750_3_V01_1,풀링 기법을 이용한 우리나라 국채 수익률곡선 예측 표에 대해 알려주세요,376.4262390136719,637.4943237304688,1733.5865478515625,1837.31689453125
MI3_240819_TY1_0753_1_V02-4_2,에 대한 예금과 대출 금리에 관한 차트(꺾은선형)에 대해 알려주세요,1257.11767578125,2607.48193359375,822.71435546875,593.6930541992188
MI3_240819_TY1_0753_2_V02-4_1,마이너스 금리와 은행 수익성 간의 관계 분석에 대해 알려주세요,674.92236328125,525.9788208007812,1156.7705078125,860.1804809570312
MI3_240819_TY1_0753_3_V02-1_1,마이너스 금리와 은행 수익성 간의 관계 분석 차트(세로 막대형)에 대해 알려주세요,368.02545166015625,499.6031799316406,1696.0870361328125,871.906494140625
MI3_240819_TY1_0764_1_V02-4_1,한국의 지역 간 금융시장 통합 차트(꺾은선형)에 대해 알려주세요,376.6796875,1813.8516845703125,1704.9244384765625,868.8428344726562
MI3_240819_TY1_0764_2_V02-4_1,식민지기 은행 이자율의 지역 간 격차와 차트(꺾은선형)에 대해 알려주세요,375.909912109375,644.1065063476562,1690.163330078125,910.3629760742188
MI3_240819_TY1_0764_3_V02-4_2,"한국의 지역 간 금융시장 통합, 1876-1942에 대해 알려주세요",381.2734680175781,1634.33984375,1670.4051513671875,744.2225341796875
MI3_240819_TY1_0792_1_V01_1,국제회계기준 및 일반기업회계기준을 적용한 기업경영분석 통계체계에 대한 연구와 관련된 지표명 보유 지표 수 구성 비율 차트에 대해 알려주세요,355.4397277832031,1162.043701171875,1775.50048828125,707.5965576171875
MI3_240819_TY1_0792_2_V01_1,Ⅲ. 새로운 회계환경에서의 신 기업경영분석 지표 개발 본문 주요 계정 감소(-) 불변 증가(+) 표에 대해 알려주세요,357.8259582519531,2577.372314453125,1772.2061767578125,499.853759765625
MI3_240819_TY1_0792_3_V01_1,국제회계기준 및 일반기업회계기준을 적용한 기업경영분석 통계체계에 대한 연구의 주요 계정 표본수 GAAP 평균 IFRS 평균 차이에 대해 알려주세요,353.37481689453125,585.3012084960938,1775.645263671875,727.4166870117188
MI3_240819_TY1_0794_2_V02-6_1,제23권 제1호 (2017.3) 경제연구원에서 제공하는 10 Employment 8 · · 6 4 2 차트(분산형)에 대해 알려주세요,1261.7022705078125,676.8063354492188,845.4815063476562,625.7390747070312
MI3_240819_TY1_0794_3_V01_1,이 연구에서 다루고 있는 표에 대해 알려주세요,339.07122802734375,1872.1217041015625,1808.95556640625,1425.1978759765625
MI3_240819_TY1_0803_1_V02-1_2,Credit Loss Distribution 차트(세로 막대형)에 대해 알려주세요,422.3630065917969,720.2900390625,1611.204833984375,1100.9510498046875
MI3_240819_TY1_0806_1_V02-4_1,자료 및 특징 차트(꺾은선형)에 대해 알려주세요,454.7431640625,1852.6279296875,1544.6141357421875,692.6903686523438
MI3_240819_TY1_0815_1_V02-3_2,IV · 전북 수출기업 실태조사 결과 원형 차트에 대해 알려주세요,1288.538330078125,2298.798828125,831.6561279296875,592.390869140625
MI3_240819_TY1_0815_2_V02-1_1,2011-05 한국은행 전북본부와 관련된 군산항의 활용도 저조 요인에 대해 알려주세요,458.44354248046875,1196.430908203125,1649.410888671875,882.7936401367188
MI3_240819_TY1_0815_3_V02-3_2,환율변동 보험 차트(원형)에 대해 알려주세요,412.7592468261719,2160.641845703125,831.7886962890625,712.2069702148438
MI3_240819_TY1_0829_1_V02-4_1,중국 경제성장률 추이에 대해 알려주세요,598.384033203125,959.42578125,1275.1697998046875,670.7887573242188
MI3_240819_TY1_0829_2_V02-1_1,<그림 3> 충남지역의 대중 수출 추이에 대해 알려주세요,580.1307983398438,2262.882080078125,1439.837646484375,746.51171875
MI3_240819_TY1_0829_3_V02-4_1,뉴노멀 시대 중국의 신산업정책이 충남 경제에 미치는 영향 차트(꺾은선형)에 대해 알려주세요,381.6123962402344,605.6294555664062,846.49755859375,664.2091674804688
MI3_240819_TY1_0836_1_V01_1,강원도 서비스산업의 성장동력화 방안 표에 대해 알려주세요,341.018310546875,803.830078125,1778.7615966796875,1509.70166015625
MI3_240819_TY1_0836_2_V01_1,서비스업 성장성지표: 종합 차트(세로 막대형)에 대해 알려주세요,350.800048828125,457.0986328125,1766.44189453125,1511.468994140625
MI3_240819_TY1_0836_3_V01_1,강원도 서비스산업의 성장동력화 방안 취업유발효과 생산유발효과 부가가치유발효과에 대해 알려주세요,335.99212646484375,1869.3763427734375,1788.5137939453125,1197.8665771484375
MI3_240819_TY1_0839_2_V02-4_1,대외의존도(%) 추이에 대해 알려주세요,427.5091857910156,1573.7615966796875,1642.783447265625,740.6036376953125
MI3_240819_TY1_0839_3_V02-2_1,3. 산업구조와 관련된 <그림 3> 산출액 구성비(%) 추이에 대해 알려주세요,402.784912109375,2579.710693359375,1674.8907470703125,480.8246765136719
MI3_240819_TY1_0845_1_V02-1_1,인천지역의 연구개발비에 대한 차트(세로 막대형)에 대해 알려주세요,614.0391235351562,2469.078369140625,1221.6907958984375,613.42138671875
MI3_240819_TY1_0845_2_V02-1_1,2018-9 한국은행 인천본부에 대해 알려주세요,381.520263671875,1854.8074951171875,1706.254150390625,809.9119873046875
MI3_240819_TY1_0845_3_V01_1,부문 주요 산업 표에 대해 알려주세요,358.6721496582031,2159.462158203125,1754.080322265625,877.0322265625
MI3_240819_TY1_0845_4_V02-1_2,전국의 연구개발 사업비 현황 차트(가로 막대형)에 대해 알려주세요,558.6639404296875,1958.590087890625,1344.794921875,743.9511108398438
MI3_240819_TY1_0900_1_V02-8_1,우리나라 통화정책에서 통화와 관련된 사항과 차트(혼합형)에 대해 알려주세요,585.0678100585938,958.53564453125,1310.2706298828125,1144.052978515625
MI3_240819_TY1_0900_2_V02-4_1,우리나라 통화정책에서 통화 신용량의 역할과 금통위 금리결정 의사 지수 및 정책금리 변동 추이에 대해 알려주세요,565.238037109375,621.3304443359375,1357.089599609375,1095.1937255859375
MI3_240819_TY1_0900_3_V02-8_1,금통위 금리결정의사 지수와 유동성/GDP 비율 비교 혼합형에 대해 알려주세요,573.093994140625,620.7130126953125,1337.104248046875,1086.3043212890625
MI3_240819_TY1_0937_2_V02-4_1,지급결제제도 운영관리 상황 전체 담보증권규모 대비 자금조정상환 비율 추이에 대해 알려주세요,489.3358154296875,1856.9578857421875,1485.8421630859375,988.6580200195312
MI3_240819_TY1_0943_2_V01_1,중간투입률 및 중간투입 구성 추이에 대해 알려주세요,433.3893737792969,2149.89013671875,1721.09130859375,796.0993041992188
MI3_240819_TY1_0943_3_V02-2_1,부가가치 항목별 구성비(%) 차트(가로 막대형)에 대해 알려주세요,470.4052429199219,1823.3841552734375,1635.8912353515625,463.3211669921875
MI3_240819_TY1_0945_2_V02-1_1,산업별 중간투입률 추이에 대해 알려주세요,386.7979431152344,2236.494140625,1610.054931640625,754.618408203125
MI3_240819_TY1_0945_3_V02-1_1,가. 소비 교육서비스 및 문화레저서비스 차트(세로 막대형)에 대해 알려주세요,562.1467895507812,1570.74072265625,1455.15087890625,657.63134765625
MI3_240819_TY1_0949_3_V01_1,제1장 경제구조 2006년 산업연관표에 대해 알려주세요.,274.26263427734375,588.13037109375,1785.1949462890625,730.39453125
MI3_240819_TY1_0974_1_V01_2,강원지역 건설착공면적 및 발주액에 대해 알려주세요,360.146484375,1425.5902099609375,810.0668334960938,736.9480590820312
MI3_240819_TY1_0974_2_V02-1_1,2009년중 도내 건설업의 수익성과 관련된 전반적인 경향에 대해 알려주세요.,340.3022155761719,1435.5032958984375,867.697998046875,759.892822265625
MI3_240819_TY1_0974_3_V01_1,건축착공면적 및 건설발주액 표에 대해 알려주세요,359.56011962890625,1466.1751708984375,812.1182250976562,735.1470336914062
MI3_240819_TY1_0974_4_V02-1_1,나. 수익성 전산업 건설업의 주요 지표에 대해 알려주세요,1274.954833984375,1392.341064453125,865.5062255859375,740.2067260742188
MI3_240819_TY1_0975_1_V01_1,건축 착공 면적과 건설 발주액에 대한 표에 대해 알려주세요,360.146484375,1425.5902099609375,810.0668334960938,736.9480590820312
MI3_240819_TY1_0975_2_V02-1_1,2009년중 도내 건설업의 수익성과 관련된 차트(세로 막대형)에 대해 알려주세요,340.3022155761719,1435.5032958984375,867.697998046875,759.892822265625
MI3_240819_TY1_0975_3_V02-4_1,2. 건설업 관급공사 수주액 추이에 대해 알려주세요,1273.875244140625,1450.0355224609375,848.6317138671875,751.1715087890625
MI3_240819_TY1_0975_4_V02-1_2,이 문서의 수익성 관련 자료에서 차입금 평균이자율 추이에 대해 알려주세요,340.2353820800781,1399.165283203125,867.6644897460938,818.2698974609375
MI3_240819_TY1_0983_1_V01_1,6월 중 소매판매 증가 요인 본문 표에 대해 알려주세요,357.8479309082031,1704.5921630859375,1749.3443603515625,570.6079711914062
MI3_240819_TY1_0983_2_V01_1,T01 T02 T03 표에 대해 알려주세요,382.7886962890625,1529.94091796875,1716.2969970703125,754.7691650390625
MI3_240819_TY1_0983_3_V02-8_1,전월대비 증감률에 대해 알려주세요,358.3161315917969,2347.050537109375,1759.7509765625,716.580322265625
MI3_240819_TY1_0983_4_V02-4_1,6월중 제조업 평균가동률과 관련하여 과거와 현재의 평균을 비교한 내용을 포함한 그래프에 대해 알려주세요,445.03955078125,2448.970458984375,1604.443603515625,744.593017578125
MI3_240819_TY1_0984_1_V01_1,설비투자지수에 대해 알려주세요,378.69866943359375,1105.707763671875,1753.080322265625,220.2694091796875
MI3_240819_TY1_0984_2_V02-8_1,7월중 건설기성액 증감률에 대해 알려주세요,350.0448913574219,2368.777099609375,1778.872314453125,736.5111694335938
MI3_240819_TY1_0984_3_V02-8_1,제조업 생산지수와 관련된 시각적 자료에 대해 알려주세요,349.7600402832031,2382.63427734375,1777.082763671875,727.8095703125
MI3_240819_TY1_0984_4_V01_1,제조업 평균가동률 차트(세로 막대형)에 대해 알려주세요,356.3959655761719,1617.941650390625,1768.1883544921875,651.660400390625
MI3_240819_TY1_1010_1_V01_1,2월중 소매판매 감소 요인 소매판매액지수 차트(세로 막대형)에 대해 알려주세요,348.9723815917969,1550.285400390625,1783.83935546875,724.8529663085938
MI3_240819_TY1_1010_2_V01_1,설비투자지수 차트(혼합형)에 대해 알려주세요,345.6078796386719,1386.3162841796875,1786.04931640625,1000.7026977539062
MI3_240819_TY1_1010_3_V02-8_1,제조업 생산지수의 전월대비 변화를 나타내는 혼합형 차트에 대해 알려주세요,345.08636474609375,2336.028564453125,1807.205810546875,724.8536987304688
MI3_240819_TY1_1010_4_V02-8_1,서비스업생산지수(혼합형 차트)에 대해 알려주세요,368.447021484375,2558.375244140625,1744.992431640625,671.7099609375
MI3_240819_TY1_1011_1_V01_1,소매판매액지수 표에 대해 알려주세요,335.6241455078125,1491.169189453125,1811.9715576171875,720.5744018554688
MI3_240819_TY1_1011_2_V01_1,의 에 대한 건설기성액 데이터 표에 대해 알려주세요,365.8332824707031,1634.9566650390625,1745.33984375,731.3975830078125
MI3_240819_TY1_1011_3_V02-8_1,제조업생산지수에 대한 혼합형 차트에 대해 알려주세요,360.1640319824219,2406.4482421875,1759.50634765625,674.7487182617188
MI3_240819_TY1_1011_4_V02-8_1,전월대비 증감률 그래프에 대해 알려주세요,363.5512390136719,2452.9765625,1754.155517578125,679.4111328125
MI3_240819_TY1_1019_2_V03_1,증권차입 RP매각을 통한 유동성 흡수 과정에 대해 알려주세요,405.4814453125,2517.017822265625,708.6527099609375,506.548095703125
MI3_240819_TY1_1026_1_V02-8_1,주요경제도표 제조업 생산·출하· 재고 혼합형에 대해 알려주세요,363.45709228515625,801.8758544921875,1713.059814453125,957.2008056640625
MI3_240819_TY1_1026_2_V02-8_1,관광객 내도 추이 혼합형에 대해 알려주세요,371.20001220703125,680.1661376953125,1733.9056396484375,976.6558837890625
MI3_240819_TY1_1026_3_V02-1_1,금융기관 수신증감액 추이 (전월대비) 차트(세로 막대형)에 대해 알려주세요,356.5109558105469,2111.95068359375,1751.611083984375,888.787841796875
MI3_240819_TY1_1026_4_V02-3_1,금융기관 여신비중 차트(원형)에 대해 알려주세요,514.510986328125,713.4577026367188,1502.046142578125,960.9136352539062
MI3_240819_TY1_1026_5_V02-4_1,어음부도율 추이 꺾은선형에 대해 알려주세요,377.02197265625,747.7701416015625,1706.11279296875,949.10546875
MI3_240819_TY1_1035_2_V03_1,총액한도대출용 전자어음 관리 다이어그램에 대해 알려주세요,337.3509826660156,542.785400390625,852.8587646484375,861.987548828125
MI3_240819_TY1_1035_4_V01_1,제1절 금융시장인프라에 관한 원칙과 과제 결제은행 구분에 대해 알려주세요,1280.941162109375,1614.423828125,869.6739501953125,498.3224792480469
MI3_240819_TY1_1035_5_V03_1,글로벌 LEI시스템 규제감시위원회 기본원칙에 대해 알려주세요,326.095947265625,1903.80908203125,860.71337890625,594.39892578125
MI3_240819_TY1_1049_1_V02-8_1,주요경제도표 제조업 생산· 출하· 재고 비율에 대해 알려주세요,363.44873046875,800.7105712890625,1715.7318115234375,954.1261596679688
MI3_240819_TY1_1049_2_V02-8_1,관광객 내도 추이 혼합형에 대해 알려주세요,381.0547790527344,678.590087890625,1718.9742431640625,970.5653686523438
MI3_240819_TY1_1049_3_V02-1_1,금융기관 수신증감액 추이 (전월대비) 차트(세로 막대형)에 대해 알려주세요,356.86456298828125,2112.525390625,1757.9637451171875,887.44287109375
MI3_240819_TY1_1049_4_V02-1_1,금융기관 여신증감액 추이에 대해 알려주세요,390.8509826660156,2084.7255859375,1708.448486328125,957.3414916992188
MI3_240819_TY1_1049_5_V02-8_1,제목에 대해 알려주세요. (혼합형) 차트에 대해 알려주세요.,356.48974609375,2048.984375,1756.2974853515625,961.5873413085938
MI3_240819_TY1_1052_1_V02-8_1,주요경제도표 건설관련 지표 추이 혼합형에 대해 알려주세요,361.139404296875,801.5113525390625,1714.1256103515625,954.3622436523438
MI3_240819_TY1_1052_2_V02-8_2,소비자물가 상승률 추이 혼합형에 대해 알려주세요,376.81396484375,1997.79541015625,1692.424560546875,960.0280151367188
MI3_240819_TY1_1052_3_V02-1_1,금융기관 수신증감액 추이 차트(세로 막대형)에 대해 알려주세요,388.1385803222656,717.1258544921875,1581.083251953125,952.9678955078125
MI3_240819_TY1_1052_4_V02-1_1,금융기관 여신증감액 추이 차트(세로 막대형)에 대해 알려주세요,514.373779296875,714.0604248046875,1495.715087890625,957.8709106445312
MI3_240819_TY1_1052_5_V02-4_1,어음부도율 추이 꺾은선형에 대해 알려주세요,375.0452575683594,746.1963500976562,1714.3123779296875,953.6170654296875
MI3_240819_TY1_1054_1_V02-8_1,제조업 생산· 출하· 재고에 대해 알려주세요,361.8399963378906,802.1171875,1712.3392333984375,953.4281005859375
MI3_240819_TY1_1054_2_V02-8_1,관광객 내도 추이 혼합형에 대해 알려주세요,378.58013916015625,678.6593627929688,1720.0970458984375,971.32177734375
MI3_240819_TY1_1054_3_V02-1_1,금융기관 수신증감액 추이에 대해 알려주세요,388.2560119628906,717.108642578125,1580.6793212890625,951.8558349609375
MI3_240819_TY1_1054_4_V02-3_1,금융기관 여신비중 차트(원형)에 대해 알려주세요,511.424560546875,714.291259765625,1503.71435546875,956.1704711914062
MI3_240819_TY1_1054_5_V02-8_1,예금은행 중소기업 대출 추이 혼합형에 대해 알려주세요,354.9731140136719,2047.4090576171875,1735.100830078125,944.5654907226562
MI3_240819_TY1_1069_1_V02-8_2,제조업 재고지수 혼합형에 대해 알려주세요,367.00054931640625,1557.0263671875,1735.4600830078125,655.72509765625
MI3_240819_TY1_1069_2_V02-8_2,시설기계류 수입액과 관련된 혼합형 차트에 대해 알려주세요,375.0407409667969,2426.703857421875,1737.7216796875,650.372314453125
MI3_240819_TY1_1069_3_V02-4_1,(소비자물가 등락률) 꺾은선형에 대해 알려주세요,352.6794738769531,1548.6341552734375,1761.8826904296875,678.6158447265625
MI3_240819_TY1_1069_4_V02-8_2,제목 수출입에 대해 알려주세요,364.6107482910156,1703.23388671875,1751.92822265625,677.8973388671875
MI3_240819_TY1_1094_1_V02-8_2,건설관련 지표 추이에 대해 알려주세요,333.9623718261719,2025.8883056640625,1802.592041015625,1115.2203369140625
MI3_240819_TY1_1094_2_V02-8_1,관광객 내도 추이 혼합형에 대해 알려주세요,365.48138427734375,558.5118408203125,1745.629638671875,934.621337890625
MI3_240819_TY1_1094_3_V02-3_1,금융기관 수신비중 원형 차트에 대해 알려주세요,376.9201965332031,596.9402465820312,1606.0460205078125,926.9304809570312
MI3_240819_TY1_1094_4_V02-1_1,금융기관 여신증감액 추이에 대해 알려주세요,506.51837158203125,595.795166015625,1520.722900390625,989.3714599609375
MI3_240819_TY1_1094_5_V02-4_1,어음부도율 추이 꺾은선형에 대해 알려주세요,357.8658142089844,611.4016723632812,1748.2852783203125,762.2683715820312
MI3_240819_TY1_1117_1_V01_1,충북지역 비제조업체의 안정성 관련 데이터에 대해 알려주세요.,379.7054748535156,852.78662109375,1729.272216796875,209.12364196777344
MI3_240819_TY1_1117_2_V02-1_3,부채 차입금의존도 자기자본비율 차트(세로 막대형)에 대해 알려주세요,313.4544677734375,2366.49755859375,599.31591796875,626.241455078125
MI3_240819_TY1_1117_3_V02-1_1,안정성 차트(원형)에 대해 알려주세요,934.7967529296875,2447.1591796875,605.8250122070312,642.496826171875
MI3_240819_TY1_1129_1_V01_1,제조업 관련 주요 지표에 대한 표에 대해 알려주세요,339.9704895019531,2237.04736328125,1789.288818359375,847.7177734375
MI3_240819_TY1_1129_2_V01_1,"강원지역 비제조업에 관한 매출액증가율, 총자산증가율, 유형자산 증가율 및 수익성 관련 지표에 대해 알려주세요.",339.4084777832031,1567.737548828125,1791.3299560546875,888.7894897460938
MI3_240819_TY1_1129_3_V01_1,제조업의 성장성 관련 주요 지표에 대해 알려주세요,288.42633056640625,2181.731689453125,1876.644287109375,565.94189453125
MI3_240819_TY1_1129_4_V01_1,에 포함된차트에 대해 알려주세요,288.569580078125,1558.2530517578125,1902.19775390625,1575.972412109375
MI3_240819_TY1_1149_1_V02-8_1,제조업 생산지수 추이 혼합형에 대해 알려주세요,364.356201171875,1235.126708984375,1753.138916015625,620.9445190429688
MI3_240819_TY1_1149_2_V02-8_1,제조업 출하지수 혼합형에 대해 알려주세요,1256.6153564453125,1300.131103515625,857.8756103515625,622.0842895507812
MI3_240819_TY1_1149_3_V02-8_1,소비 추이 혼합형에 대해 알려주세요,1255.2650146484375,1380.5003662109375,856.32958984375,618.532470703125
MI3_240819_TY1_1149_4_V02-4_1,건축 착공 및 허가 (꺾은선형) 차트에 대해 알려주세요,1240.5556640625,1272.6868896484375,852.2999267578125,621.7357788085938
MI3_240819_TY1_1149_5_V02-4_1,설비투자 추이에 대한 꺾은선형 차트에 대해 알려주세요,350.2335510253906,1130.476806640625,846.861083984375,657.8445434570312
MI3_240819_TY1_1162_1_V01_3,제목에 대한 주요 안정성지표 표에 대해 알려주세요,384.11212158203125,1360.9327392578125,1712.1317138671875,339.2249755859375
MI3_240819_TY1_1162_2_V01_1,I 주요 경영분석지표 분석 매출액증가율 총자산증가율에 대해 알려주세요,304.13037109375,1770.9227294921875,1873.9925537109375,1315.144287109375
MI3_240819_TY1_1162_3_V01_2,매출액 대비 수익구조 추이 표에 대해 알려주세요,307.051513671875,942.3868408203125,1864.763916015625,854.6528930664062
MI3_240819_TY1_1162_4_V01_1,프 전국 경영분석지표와의 비교 표에 대해 알려주세요,299.536376953125,756.0800170898438,1875.81640625,999.6782836914062
MI3_240820_TY1_0008_1_V01_1,국민계정 주요지표 경제규모 및 국민소득 차트(세로 막대형)에 대해 알려주세요,300.0845642089844,436.72186279296875,1909.561767578125,2674.846435546875
MI3_240820_TY1_0008_2_V02-1_1,"국민소득통계 주요지표 (전기대비,%p)에 대해 알려주세요",338.750244140625,593.323486328125,1831.4091796875,730.5975952148438
MI3_240820_TY1_0008_3_V02-1_1,경제활동별 성장률 차트(세로 막대형)에 대해 알려주세요,329.1028747558594,1407.49462890625,1809.0775146484375,809.8773803710938
MI3_240820_TY1_0012_1_V01_1,제목에 포함된 내용과 관련하여 시장참가자별 콜거래 규모 표에 대해 알려주세요.,1277.614013671875,1035.2891845703125,814.168701171875,664.4522705078125
MI3_240820_TY1_0012_2_V02-4_1,업권별 콜차입 금리 스프레드에 대해 알려주세요.,396.38671875,1652.5166015625,776.8821411132812,603.6741943359375
MI3_240820_TY1_0012_3_V02-4_1,은행(콜론+콜머니)와 비은행(콜론+콜머니)의 차트(꺾은선형)에 대해 알려주세요,391.5443115234375,1357.9754638671875,761.1310424804688,597.8204956054688
MI3_240820_TY1_0023_1_V02-4_1,금융기관 기업대출 증감 추이에 대해 알려주세요,461.17340087890625,1136.577392578125,1624.428955078125,914.2665405273438
MI3_240820_TY1_0023_2_V02-8_1,금융기관 가계대출 증감 추이 혼합형에 대해 알려주세요,442.6145935058594,1286.50146484375,1668.8345947265625,864.0504760742188
MI3_240820_TY1_0023_3_V02-3_1,금융기관별 여신 잔액 비중 차트(원형)에 대해 알려주세요,611.2879028320312,859.77734375,1211.7078857421875,906.8972778320312
MI3_240820_TY1_0039_1_V02-8_1,제조업 생산지수 추이에 대해 알려주세요.,366.5853271484375,1322.92724609375,847.51806640625,585.38916015625
MI3_240820_TY1_0039_2_V02-8_2,승용차 신규등록대수에 대한 차트(혼합형)에 대해 알려주세요,1257.17578125,1383.562255859375,856.832763671875,600.6212158203125
MI3_240820_TY1_0039_3_V02-4_1,건축착공 및 허가 증가율에 대해 알려주세요,348.9170227050781,1341.2950439453125,853.4822387695312,594.320556640625
MI3_240820_TY1_0039_4_V02-3_2,금융기관별 수신 잔액 비중 원형 차트에 대해 알려주세요,492.5072937011719,2008.8428955078125,1308.0205078125,973.1024169921875
MI3_240820_TY1_0049_1_V01_1,벤처기업 유형별 확인요건 및 확인기관 차트에 대해 알려주세요,437.8173828125,1763.511474609375,1642.1519775390625,1089.8275146484375
MI3_240820_TY1_0049_6_V01_2,창업지원 유형별 예산 규모에 대해 알려주세요,421.0771179199219,2260.60888671875,1663.0714111328125,369.517578125
MI3_240820_TY1_0074_1_V02-1_1,여신 용도별 증감 차트에 대해 알려주세요,282.8313293457031,2171.1376953125,905.9686279296875,666.716796875
MI3_240820_TY1_0074_2_V01_1,차트(세로 막대형)에 대해 알려주세요,241.53701782226562,1273.349609375,2000.6297607421875,642.49560546875
MI3_240820_TY1_0074_3_V01_1,"금융기관 여신에 대한 기간중 증감, 억원 차트(세로 막대형)에 대해 알려주세요",267.548095703125,532.3716430664062,1951.4398193359375,2617.559326171875
MI3_240820_TY1_0074_4_V02-1_2,전월대비 차트(세로 막대형)에 대해 알려주세요,1268.724609375,2369.716552734375,950.2811279296875,761.541259765625
MI3_240820_TY1_0074_5_V01_1,금융기관 수신에 대한 차트에 대해 알려주세요,270.9302062988281,443.68310546875,2000.103759765625,2735.250732421875
MI3_240820_TY1_0095_1_V02-1_1,예금은행 여신 증감(용도별) 차트(세로 막대형)에 대해 알려주세요,1244.2669677734375,2335.207763671875,955.8184814453125,792.463134765625
MI3_240820_TY1_0095_2_V02-1_1,가계대출 증감(부문별) 차트(세로 막대형)에 대해 알려주세요,1255.5908203125,2228.226806640625,951.7618408203125,760.3720703125
MI3_240820_TY1_0095_3_V01_1,금융기관여신에 대해 알려주세요,343.9853210449219,463.6980285644531,1790.251708984375,2696.452392578125
MI3_240820_TY1_0095_4_V01_1,금융기관별 수신에 대한 표에 대해 알려주세요,240.2681427001953,1706.6690673828125,2046.9652099609375,559.7711181640625
MI3_240820_TY1_0095_5_V01_1,금융기관 수신에 대한 표에 대해 알려주세요,251.51617431640625,445.5277099609375,2031.1739501953125,2730.703369140625
MI3_240820_TY1_0097_1_V01_1,제조업 생산 표에 대해 알려주세요,323.5087890625,2020.7459716796875,1829.5299072265625,1005.8406372070312
MI3_240820_TY1_0097_2_V02-8_2,제조업 출하 · 재고지수 추이11 혼합형에 대해 알려주세요,1261.003662109375,1352.18701171875,856.315673828125,597.7864990234375
MI3_240820_TY1_0097_3_V02-8_2,승용차 신규등록대수 혼합형에 대해 알려주세요,1258.5146484375,1382.56787109375,854.56298828125,601.8973999023438
MI3_240820_TY1_0097_4_V02-4_1,건축착공 및 허가 증가율 꺾은선형에 대해 알려주세요,350.6209411621094,1342.814453125,850.7052001953125,592.269775390625
MI3_240820_TY1_0097_5_V02-3_1,제목에 대한 금융기관별 여신 잔액 비중 차트(원형)에 대해 알려주세요,449.7152404785156,765.5974731445312,1429.3121337890625,898.72705078125
MI3_240820_TY1_0105_1_V02-8_1,제목에 대해 알려주세요. 제조업 생산지수에 대한 혼합형 차트 타입에 대해 알려주세요.,425.56390380859375,694.4600830078125,1656.1251220703125,654.6361083984375
MI3_240820_TY1_0105_2_V02-4_1,소비자물가 등락률에 대한 꺾은선형 차트에 대해 알려주세요,411.53546142578125,2370.0908203125,1661.03759765625,630.93212890625
MI3_240820_TY1_0105_3_V02-4_1,2. 금융동향 차트(꺾은선형)에 대해 알려주세요,323.7424011230469,1099.3304443359375,897.9901123046875,679.389404296875
MI3_240820_TY1_0105_6_V01_1,2.2 예금은행 대출금 본문 표에 대해 알려주세요,316.2716979980469,489.96929931640625,1875.681640625,2670.318603515625
MI3_240820_TY1_0117_1_V01_1,고용 관련 데이터의 연간 취업자수 증감 추세에 대해 알려주세요,312.6623840332031,919.5220336914062,1847.242919921875,530.234130859375
MI3_240820_TY1_0117_2_V02-8_1,Ⅱ. 금융경제동향 1. 화폐 발행 및 환수 한국은행 제주본부 화폐 발행 및 환수액에 대해 알려주세요,281.9934387207031,1973.0191650390625,1864.5194091796875,1099.4302978515625
MI3_240820_TY1_0117_3_V02-8_1,예금 추세에 대해 알려주세요,1255.8775634765625,2067.83740234375,905.8513793945312,633.386474609375
MI3_240820_TY1_0117_4_V02-1_2,상호금융 및 기타 금융기관들의 최근 자산 운용 변화에 대해 알려주세요,1245.079345703125,2505.96533203125,959.978515625,689.13818359375
MI3_240820_TY1_0117_5_V02-1_1,T04 차트(세로 막대형)에 대해 알려주세요,1244.76123046875,2431.07958984375,944.9442138671875,619.7672729492188
MI3_240820_TY1_0125_1_V01_1,고용 및 소비자물가에 대한 차트(세로 막대형)에 대해 알려주세요,300.4689025878906,931.7183837890625,1872.3155517578125,531.025634765625
MI3_240820_TY1_0125_2_V02-8_1,Ⅱ. 금융경제동향 화폐 발행 및 환수차트(혼합형)에 대해 알려주세요,279.3483581542969,1920.7655029296875,1888.625732421875,1243.6514892578125
MI3_240820_TY1_0125_3_V02-8_2,"제목 예금 및 대출금 소제목 (전월대비, 억원) 차트(혼합형)에 대해 알려주세요",313.458984375,2035.189697265625,899.2777709960938,665.32666015625
MI3_240820_TY1_0125_4_V02-1_2,상호금융 및 기타 금융 기관에 대한 차트(세로 막대형)에 대해 알려주세요,1240.3720703125,2354.622314453125,962.9613647460938,710.0206909179688
MI3_240820_TY1_0125_5_V02-8_1,가계대출 증감률에 대해 알려주세요,1255.3419189453125,2433.756591796875,945.34765625,620.4110717773438
MI3_240820_TY1_0129_1_V01_1,고용에 대한 차트(세로 막대형)에 대해 알려주세요,316.0177917480469,2357.673583984375,1843.796630859375,856.4469604492188
MI3_240820_TY1_0129_2_V02-8_1,Ⅱ. 금융경제동향 1. 화폐 발행 및 환수 한국은행 제주본부 화폐 발행 및 환수액에 대해 알려주세요,279.417236328125,1920.90478515625,1887.3177490234375,1243.4072265625
MI3_240820_TY1_0129_3_V02-8_1,예금 및 대출금 증감 추세에 대한 차트(혼합형)에 대해 알려주세요,1255.24755859375,2035.142333984375,905.3402099609375,659.532470703125
MI3_240820_TY1_0129_4_V02-1_2,비은행금융기관 여신 증감에 대한 그래프와 그 설명에 대해 알려주세요.,1241.5401611328125,2331.147216796875,960.0145263671875,706.9728393554688
MI3_240820_TY1_0129_5_V02-1_1,가계대출 전월대비 차트(세로 막대형)에 대해 알려주세요,271.683837890625,2451.580322265625,938.72802734375,603.040283203125
MI3_240820_TY1_0164_1_V02-4_2,일본의 초과지준과 은행간 콜거래 잔액 추이에 대한 차트(꺾은선형)에 대해 알려주세요,604.788330078125,1556.147705078125,1315.5989990234375,672.3545532226562
MI3_240820_TY1_0164_2_V02-4_1,유로지역의 초과지준 추이 차트(꺾은선형)에 대해 알려주세요,541.8872680664062,2257.264404296875,1395.91455078125,819.2308959960938
MI3_240820_TY1_0164_3_V01_1,글로벌 2002.7.1.~2008.9.14 금융위기 이전 위기발생 직후 제로금리정책 표에 대해 알려주세요,304.19134521484375,414.2330322265625,1879.93603515625,600.7659912109375
MI3_240820_TY1_0181_1_V01_2,선박운용회사별 선박투자회사 현황에 대해 알려주세요.,343.65496826171875,1348.22021484375,1857.72802734375,455.80078125
MI3_240820_TY1_0181_2_V01_1,제목에서 설명하는 전국 조선해양산업 현황에 대한 표에 대해 알려주세요,344.1182861328125,2466.130126953125,1768.3878173828125,687.98486328125
MI3_240820_TY1_0181_3_V01_2,조선해양 기자재산업 현황 표에 대해 알려주세요,347.494873046875,411.51983642578125,1751.422607421875,1154.81201171875
MI3_240820_TY1_0181_4_V01_1,제목에 대한 본문 내용을 바탕으로 차트에 대해 알려주세요,632.9887084960938,2746.356689453125,1214.0089111328125,402.6923522949219
MI3_240820_TY1_0181_5_V02-4_1,경남지역 주요 조선업체의 선박수주 현황 꺾은선형에 대해 알려주세요,544.649169921875,1225.320068359375,1604.652099609375,952.001708984375
MI3_240820_TY1_0184_1_V02-8_1,민간주택착공호수에 대해 알려주세요,1262.3035888671875,488.8948974609375,893.7493896484375,578.0625610351562
MI3_240820_TY1_0184_2_V02-1_1,운송기계와 일반기계의 전월대비 변화에 대해 알려주세요,364.12481689453125,1482.593017578125,898.591064453125,535.4373779296875
MI3_240820_TY1_0184_3_V02-8_1,고용 및 임금에 대한 꺾은선형 차트에 대해 알려주세요,403.6449890136719,2612.32568359375,1656.68212890625,546.409912109375
MI3_240820_TY1_0184_4_V02-4_1,소비자물가 상승률 추이 차트(꺾은선형)에 대해 알려주세요,405.6169738769531,1141.7049560546875,1651.1043701171875,539.9825439453125
MI3_240820_TY1_0184_5_V02-8_1,금융시장 동향에 대해 알려주세요,361.7493896484375,1142.042236328125,847.0438232421875,656.0875854492188
MI3_240820_TY1_0184_6_V02-4_1,전기비연율 실질GDP 성장률 전망 차트(꺾은선형)에 대해 알려주세요,1244.5892333984375,2240.86376953125,873.8028564453125,527.629638671875
MI3_240820_TY1_0184_7_V02-4_1,CPI 상승률 추이와 차트(꺾은선형)에 대해 알려주세요,334.3478088378906,1149.486083984375,1789.4027099609375,521.0892333984375
MI3_240820_TY1_0184_8_V01_1,일본 2014.4/4분기 GDP 성장률 차트(혼합형)에 대해 알려주세요,374.9815979003906,1628.19677734375,982.1786499023438,862.1864013671875
MI3_240820_TY1_0235_1_V02-8_1,국내은행의 영업행태와 위험성 및 수익성 간의 관계에 대한 혼합형 차트에 대해 알려주세요,371.5218811035156,1524.5927734375,1729.7659912109375,716.767578125
MI3_240820_TY1_0235_2_V02-8_1,BOK 경제리뷰 No. 2013-8 (그림 2) 혼합형에 대해 알려주세요,1077.5706787109375,1468.1165771484375,1016.5982055664062,800.4327392578125
MI3_240820_TY1_0235_3_V02-8_1,국내은행의 영업행태와 위험성 및 수익성 간의 관계에서 혼합형 차트에 대해 알려주세요,371.767578125,1277.6363525390625,1731.1292724609375,722.1837158203125
MI3_240820_TY1_0235_4_V01_1,BOK 경제리뷰 No. 2013-8에 포함된 차트(세로 막대형)에 대해 알려주세요,530.9901733398438,1077.5323486328125,1386.990234375,445.9287109375
MI3_240820_TY1_0235_5_V02-4_1,국내은행의 영업행태와 위험성 간의 관계 꺾은선형 차트에 대해 알려주세요,372.7436218261719,1102.560791015625,1730.394775390625,753.8096923828125
MI3_240820_TY1_0235_6_V02-4_1,BOK 경제리뷰 No. 2013-8 비이자 수익 비중 및 EDF 추이에 대해 알려주세요,957.7138061523438,643.4417724609375,554.6286010742188,712.7138061523438
MI3_240820_TY1_0235_7_V02-4_1,국내은행의 영업행태와 위험성 및 수익성 간의 관계 차트(꺾은선형)에 대해 알려주세요,370.302978515625,1225.0946044921875,1729.18994140625,754.661376953125
MI3_240820_TY1_0235_8_V02-4_1,BOK 경제리뷰 No. 2013-8 비이자 수익비중 및 ROA 추이에 대해 알려주세요,954.2880859375,664.1602783203125,562.6557006835938,695.4664306640625
MI3_240820_TY1_0248_1_V02-8_1,Figure 2: Components of capital flows 혼합형에 대해 알려주세요,612.59423828125,973.3367309570312,1242.84912109375,1082.37890625
MI3_240820_TY1_0249_1_V02-8_1,주요국 중앙은행의 DSGE 모형 개발현황 및 향후 개선과제와 관련된 혼합형 차트에 대해 알려주세요,687.7509765625,916.8460083007812,1113.6533203125,910.9121704101562
MI3_240820_TY1_0249_2_V01_1,글로벌 금융위기 이전에 개발된 DSGE 모형 차트(혼합형)에 대해 알려주세요,393.948486328125,609.964599609375,1694.638427734375,1575.8397216796875
MI3_240820_TY1_0249_3_V01_1,금융마찰 Ricardian 중앙은행 모형 UIP 조건 성립 여부 자료 도입 여부 대등정리 성립 여부에 대해 알려주세요,391.36578369140625,613.2740478515625,1694.9559326171875,1262.947509765625
MI3_240820_TY1_0249_4_V01_1,한국은행의 DSGE 모형에 대해 알려주세요.,397.106201171875,1690.6103515625,1690.2047119140625,579.703857421875
MI3_240820_TY1_0249_5_V01_1,주요국 중앙은행의 DSGE 모형 개발현황 및 향후 개선과제 V에 대해 알려주세요,391.5558776855469,867.69140625,1697.8782958984375,1366.9307861328125
MI3_240820_TY1_0249_6_V01_1,BOK 경제연구 제 2012-14 (2012.11) 중앙은행 모형 UIP 성립 여부 차트에 대해 알려주세요,392.442626953125,868.9576416015625,1698.149169921875,1318.7603759765625
MI3_240820_TY1_0255_1_V01_1,2015년 한국은행 국제컨퍼런스 프로그램 표에 대해 알려주세요,391.212646484375,2662.005615234375,1665.671630859375,537.77734375
MI3_240820_TY1_0310_2_V02-8_1,연령별 고용의 변동성을 다룬 혼합형 차트에 대해 알려주세요,1237.6624755859375,832.9349975585938,711.4244995117188,635.0347290039062
MI3_240820_TY1_0310_4_V02-4_1,이 보고서의 현금영수증 발급 건수 및 금액에 대해 알려주세요,1245.7205810546875,606.8733520507812,709.5695190429688,683.2278442382812
MI3_240820_TY1_0439_2_V01_1,Ⅱ 주요국의 TR 설립 및 운영 현황 표에 대해 알려주세요,443.9849548339844,2435.474853515625,1594.976806640625,563.915771484375
MI3_240820_TY1_0470_1_V02-4_2,미국의 실질주택가격에 대해 알려주세요,459.8589172363281,438.766845703125,1297.7684326171875,921.7094116210938
MI3_240820_TY1_0470_2_V02-6_1,환율변화와 산업생산에 대해 알려주세요,350.81732177734375,510.0738220214844,1437.31494140625,1740.290771484375
MI3_240820_TY1_0470_3_V01_1,이 문서에서는 주어진 데이터에서 회귀 결과를 나타내는 표와 관련된 내용을 설명해 주세요.,317.7928161621094,786.6422729492188,1583.929931640625,1748.2515869140625
MI3_240820_TY1_0470_4_V02-4_2,세계 산업생산 세계주가지수 꺾은선형에 대해 알려주세요,482.5728454589844,1725.0611572265625,1402.151611328125,962.7962036132812
MI3_240820_TY1_0470_5_V02-4_2,중앙은행 할인율(7개국 평균) 차트(꺾은선형)에 대해 알려주세요,312.6444091796875,1689.6724853515625,1553.307373046875,975.9176635742188
MI3_240820_TY1_0470_6_V02-4_1,제목에 포함된 내용으로 19개국 통화량에 대한 꺾은선형 차트에 대해 알려주세요,446.4566955566406,1478.8121337890625,1480.5562744140625,1160.9140625
MI3_240820_TY1_0491_1_V02-4_2,강릉 상업용건축물 허가·착공면적 차트(꺾은선형)에 대해 알려주세요,453.1774597167969,2267.386474609375,833.968017578125,676.32666015625
MI3_240820_TY1_0491_2_V02-4_2,강릉지역 상가 분기소득 및 자본수익률 (%) 차트(꺾은선형)에 대해 알려주세요,510.177490234375,763.7636108398438,781.6839599609375,596.8726806640625
MI3_240820_TY1_0491_3_V02-8_1,강릉시 건축물 현황 거래량 혼합형에 대해 알려주세요,496.4727783203125,1577.18505859375,835.760498046875,721.7600708007812
MI3_240820_TY1_0491_4_V02-4_1,(%) 차트(꺾은선형)에 대해 알려주세요,1305.779541015625,1514.1378173828125,839.8826293945312,687.67041015625
MI3_240820_TY1_0491_5_V01_1,강릉시 평균 지가 변동률에 대해 알려주세요,404.1351013183594,1871.934814453125,865.7459716796875,551.823974609375
MI3_240820_TY1_0491_6_V02-4_1,강릉지역 상가 분기 투자수익률 추이에 대해 알려주세요,329.8184814453125,2541.5478515625,846.6243896484375,564.200927734375
MI3_240820_TY1_0491_7_V02-4_2,Ⅲ 리스크 요인 차트(꺾은선형)에 대해 알려주세요,395.3002624511719,1441.4866943359375,848.302001953125,658.5643310546875
MI3_240820_TY1_0491_8_V02-4_1,강릉시 비주택 부동산대출 비중 추이와 관련된 꺾은선형 그래프에 대해 알려주세요,444.57080078125,2229.35009765625,808.16796875,621.94580078125
MI3_240820_TY1_0505_1_V02-8_2,강원지역 금융기관 수신 증감액 추이에 대해 알려주세요,1252.31982421875,2276.34765625,935.82275390625,700.49267578125
MI3_240820_TY1_0505_2_V01_1,"나. 수신 (전월말대비 증감액, 억원, %)에 대해 알려주세요",294.5778503417969,1718.6378173828125,1889.703125,1428.6654052734375
MI3_240820_TY1_0505_3_V01_1,비은행기관 수신 동향에 대한 차트에 대해 알려주세요,289.45574951171875,1582.3128662109375,1903.2581787109375,1017.0618286132812
MI3_240820_TY1_0505_4_V01_1,제목에 대한 설명과 관련된 데이터 및 통계 정보를 제공하는 총대출금(여신) 관련 표에 대해 알려주세요,288.2089538574219,1751.9410400390625,1896.43408203125,1419.7525634765625
MI3_240820_TY1_0505_5_V01_1,비은행기관 여신 동향에 대해 알려주세요,294.71923828125,1753.2825927734375,1889.0606689453125,1239.7923583984375
MI3_240820_TY1_0505_6_V02-8_1,금융기관 중소기업대출 증감액 추이에 대해 알려주세요,410.05584716796875,2155.498291015625,1643.0816650390625,835.66015625
MI3_240820_TY1_0505_7_V02-4_1,가계대출 전년동월비 꺾은선형 차트에 대해 알려주세요,322.9423828125,2306.9765625,869.2474365234375,674.267578125
MI3_240820_TY1_0505_8_V02-8_1,자산운용사 수신 증감액 추이 본문과 자산운용사 수신 증감액 추이 차트(혼합형)에 대해 알려주세요,415.463623046875,2339.446533203125,1624.97509765625,677.9891967773438
MI3_240820_TY1_0522_1_V02-8_2,잔액 증감 추이에 대해 알려주세요,1243.130126953125,2319.461669921875,793.893798828125,572.9369506835938
MI3_240820_TY1_0522_2_V01_1,나. 수신 예금은행 수신 동향 차트(세로 막대형)에 대해 알려주세요,416.586669921875,1640.548828125,1647.175537109375,1065.186279296875
MI3_240820_TY1_0522_3_V01_1,"제목에 해당하는 정보와 소제목, 기간중 잔액 증감, 억원, %의 데이터에 대해 알려주세요.",425.5893859863281,1664.1846923828125,1633.06005859375,981.691162109375
MI3_240820_TY1_0522_4_V01_1,2021~2022년 예금은행 여신 동향 차트(세로 막대형)에 대해 알려주세요,429.73248291015625,1570.2862548828125,1630.3641357421875,1321.434326171875
MI3_240820_TY1_0522_5_V01_1,비은행예금취급기관 여신 동향과 관련된 표에 대해 알려주세요,433.52996826171875,1830.4356689453125,1626.439208984375,1060.5430908203125
MI3_240820_TY1_0522_6_V02-8_1,강원지역 금융기관별 중소기업대출 추이 차트(혼합형)에 대해 알려주세요,1263.5511474609375,2272.41162109375,748.8785400390625,554.0624389648438
MI3_240820_TY1_0522_7_V02-4_1,강원지역 가계대출 증감률 추이 꺾은선형 차트에 대해 알려주세요,443.9025573730469,2377.48046875,778.4173583984375,507.4814453125
MI3_240820_TY1_0531_1_V01_1,"에 대한 스웨덴, 영국, 프랑스의 협동조합 실태 차트(세로 막대형)에 대해 알려주세요",353.1650695800781,655.3206176757812,1899.5860595703125,1237.8408203125
MI3_240820_TY1_0531_2_V02-1_1,에 대한 차트(세로 막대형)와 관련된 내용을 알려주세요.,340.616455078125,1136.701416015625,1785.9852294921875,1219.298583984375
MI3_240820_TY1_0531_3_V01_1,사회적금융의 의미 비교 표에 대해 알려주세요,356.6303405761719,1464.5775146484375,1764.07177734375,515.252685546875
MI3_240820_TY1_0531_4_V01_1,사회적금융과 관련된 이슈 차트에 대해 알려주세요,350.1755065917969,1054.7822265625,1770.828125,954.7537841796875
MI3_240820_TY1_0531_5_V01_1,IV. 강원도의 사회적경제 금융지원 방안 1. 강원도의 사회적경제 현황 <표 4-1> 강원도 사회적경제 조직의 현황에 대해 알려주세요,345.30218505859375,2105.625244140625,1793.70751953125,1028.2880859375
MI3_240820_TY1_0533_1_V02-4_1,강원지역 청년층 인구의 유출과 정책과제 I. 문제 제기 꺾은선형에 대해 알려주세요,448.3482666015625,1915.16162109375,1631.0338134765625,1075.458740234375
MI3_240820_TY1_0533_2_V02-4_1,<그림 2> 강원도 청년층(20~29세) 고용률 추이 꺾은선형에 대해 알려주세요,409.2203063964844,1503.3240966796875,1543.43359375,966.662353515625
MI3_240820_TY1_0533_3_V02-1_1,강원지역 청년층 인구의 유출과 정책과제에 대한 차트(세로 막대형)에 대해 알려주세요.,431.33587646484375,604.8195190429688,1548.3729248046875,1019.7374267578125
MI3_240820_TY1_0533_4_V01_1,<표 1> 시도별 전입과 전출 및 순이동 차트(세로 막대형)에 대해 알려주세요,347.53338623046875,1397.0341796875,1785.732666015625,1290.8612060546875
MI3_240820_TY1_0533_5_V01_1,2017-06 한국은행 강원본부 2. 지역별 인구이동의 특성 차트(표) 에 대해 알려주세요,365.6356506347656,747.5921630859375,1745.0863037109375,1215.6356201171875
MI3_240820_TY1_0533_6_V01_1,"2005년 전출지별 이동자 수(총 3,077,715명) 표에 대해 알려주세요",366.176513671875,1079.022216796875,1770.05078125,1288.136962890625
MI3_240820_TY1_0533_7_V01_1,강원지역 청년층 인구의 유출과 정책과제 본문 표준오차에 대해 알려주세요,348.3160705566406,1115.500244140625,1774.5814208984375,1203.286376953125
MI3_240820_TY1_0533_8_V01_1,강원지역 청년층 인구의 유출과 정책과제와 관련된 추정계수 표준오차에 대해 알려주세요.,349.337890625,565.9894409179688,1770.605712890625,1543.51611328125
MI3_240820_TY1_0543_1_V02-8_2,강원지역 금융기관 잔액 증감 추이 혼합형 차트에 대해 알려주세요,435.4803771972656,2305.248291015625,798.5331420898438,565.753173828125
MI3_240820_TY1_0543_2_V01_1,나. 수신 예금은행 수신 동향 차트에 대해 알려주세요,426.3993835449219,1597.9036865234375,1633.0545654296875,1087.12158203125
MI3_240820_TY1_0543_3_V01_1,비은행예금취급기관 수신 동향에 대한 차트에 대해 알려주세요,422.6744689941406,1561.865234375,1647.8330078125,850.401611328125
MI3_240820_TY1_0543_4_V01_1,제목에 대해 알려주세요 총대출금(여신) 차트에 대해 알려주세요,414.5578308105469,1769.5042724609375,1652.8988037109375,1127.9962158203125
MI3_240820_TY1_0543_5_V01_1,비은행예금취급기관 여신 동향에 대해 알려주세요,432.3080139160156,1688.338134765625,1620.16943359375,956.214599609375
MI3_240820_TY1_0543_6_V02-4_1,강원중소기업 대출 증감률(전년동월말대비) 꺾은선형 차트에 대해 알려주세요,1252.8477783203125,2179.07666015625,756.8818359375,554.8828125
MI3_240820_TY1_0543_7_V02-4_1,"강원지역 가계대출 증감률 추이 (전년동월말대비, %) 차트(꺾은선형)에 대해 알려주세요",1252.8582763671875,2340.30517578125,754.3538818359375,505.031005859375
MI3_240820_TY1_0558_1_V02-8_2,강원지역 금융기관 여신 잔액 증감 추이 차트(혼합형)에 대해 알려주세요,1240.57421875,2333.4111328125,804.10009765625,577.3554077148438
MI3_240820_TY1_0558_2_V01_1,에 대한 에 대해 알려주세요,430.1859130859375,1658.7744140625,1622.2076416015625,1174.0543212890625
MI3_240820_TY1_0558_3_V01_1,비은행예금취급기관 수신 동향에 대한 표에 대해 알려주세요,443.19366455078125,1438.887939453125,1589.1453857421875,849.55517578125
MI3_240820_TY1_0558_4_V01_1,예금은행 여신 동향 표에 대해 알려주세요,430.9512634277344,1547.414306640625,1615.560791015625,1337.678955078125
MI3_240820_TY1_0558_5_V01_1,"기간중 잔액 증감, 억원, % 차트(세로 막대형)에 대해 알려주세요",443.4860534667969,1678.8931884765625,1590.537841796875,955.825927734375
MI3_240820_TY1_0558_6_V02-8_1,금융기관 중소기업대출 증감액 추이 차트(혼합형)에 대해 알려주세요,561.13525390625,1833.1143798828125,1349.749755859375,962.62109375
MI3_240820_TY1_0558_7_V02-4_1,전국 및 강원지역 가계대출 증감률 추이 꺾은선형 차트에 대해 알려주세요,1251.54296875,2331.85302734375,766.11376953125,496.3991394042969
MI3_240820_TY1_0559_1_V02-8_2,강원지역 금융기관 수신 및 여신 증감 추이 혼합형 차트에 대해 알려주세요,1243.9163818359375,2346.10107421875,787.8042602539062,559.9086303710938
MI3_240820_TY1_0559_2_V01_1,나. 수신 예금은행 수신 동향 표에 대해 알려주세요,437.3088073730469,1655.322509765625,1606.723388671875,1171.475830078125
MI3_240820_TY1_0559_3_V01_1,기간중 잔액 증감에 대해 알려주세요,444.8822021484375,1514.7994384765625,1585.1412353515625,846.3174438476562
MI3_240820_TY1_0559_4_V01_1,제목에 따른 여신 동향 표에 대해 알려주세요,425.728271484375,1557.509521484375,1627.635009765625,1330.6142578125
MI3_240820_TY1_0559_5_V01_1,2019.3월중 비은행예금취급기관 여신 동향에 대해 알려주세요,440.6885681152344,1692.13818359375,1598.7978515625,957.95654296875
MI3_240820_TY1_0559_6_V02-8_1,금융기관 중소기업대출 증감액 추이 차트(혼합형)에 대해 알려주세요,533.4571533203125,1861.119384765625,1399.835205078125,998.0695190429688
MI3_240820_TY1_0559_7_V02-4_1,금융기관 가계대출 동향 차트(꺾은선형)에 대해 알려주세요,1257.499267578125,2394.2958984375,749.7802734375,482.5859069824219
MI3_240820_TY1_0588_1_V02-2_1,경기북부 섬유업체 기업연령 차트(가로 막대형)에 대해 알려주세요,347.80609130859375,1508.29052734375,1798.8203125,535.0933837890625
MI3_240820_TY1_0588_2_V02-2_1,제목에 따르면 경기도 내 여러 시군에서의 제품 형태 분포를 보여주는 차트에 대해 알려주세요,355.87725830078125,2659.3818359375,1767.65283203125,484.1283874511719
MI3_240820_TY1_0588_3_V01_1,섬유업체 매출액에 대해 알려주세요,352.3069152832031,778.4747314453125,1783.780517578125,330.43896484375
MI3_240820_TY1_0588_4_V02-2_1,섬유업체 인력채용 유인책 차트(가로 막대형)에 대해 알려주세요,356.0111083984375,1319.1680908203125,1772.6080322265625,463.4670104980469
MI3_240820_TY1_0588_5_V02-2_2,섬유제품 유통방식 차트(가로 막대형)에 대해 알려주세요,355.6847229003906,1254.3699951171875,1777.2667236328125,476.3980712890625
MI3_240820_TY1_0588_6_V02-1_1,섬유관련 산업 사업체수의 차트(세로 막대형)에 대해 알려주세요,363.5722351074219,999.6239013671875,863.197998046875,882.4469604492188
MI3_240820_TY1_0588_7_V02-1_2,섬유 주요 품목별 수출 추이에 대해 알려주세요.,437.4295959472656,2430.421630859375,1588.7718505859375,728.940673828125
MI3_240820_TY1_0591_1_V01_1,사회성과연계채권의 흐름 본문 표에 대해 알려주세요,233.98809814453125,1950.66357421875,2011.857177734375,1222.816162109375
MI3_240820_TY1_0591_2_V01_1,전국 사회적경제 조직 현황 차트(세로 막대형)에 대해 알려주세요,218.4276580810547,424.79473876953125,2027.0257568359375,1397.0955810546875
MI3_240820_TY1_0591_3_V02-1_1,경기도 사회적경제조직의 추구가치 차트(세로 막대형)에 대해 알려주세요,369.1542663574219,2220.001708984375,1689.806396484375,780.6329956054688
MI3_240820_TY1_0591_4_V02-3_3,경기도 사회적기업 분야별 유형 차트(원형)에 대해 알려주세요,397.05499267578125,805.7811889648438,1698.303955078125,955.7759399414062
MI3_240820_TY1_0591_5_V02-2_2,사회적기업의 주요 자금조달방법과 관련된 차트(가로 막대형)에 대해 알려주세요,1267.6107177734375,588.685302734375,958.707763671875,541.7840576171875
MI3_240820_TY1_0599_1_V01_1,I 실물동향 1 생산 제조업 업종별 생산 증감률에 대해 알려주세요,297.0697937011719,964.1849365234375,1878.6748046875,1233.0296630859375
MI3_240820_TY1_0599_2_V02-4_1,제목에 대한 차트(꺾은선형) 데이터의 시각적 표현에 대해 알려주세요,321.11077880859375,2424.974365234375,1804.500244140625,659.4266967773438
MI3_240820_TY1_0599_3_V01_1,2 수요 소비 관련지표 차트(세로 막대형)에 대해 알려주세요,304.9754638671875,1249.036865234375,1869.3106689453125,872.290771484375
MI3_240820_TY1_0599_4_V01_1,설비투자에 대한 표에 대해 알려주세요,315.4294738769531,1084.244873046875,1850.5107421875,762.0870361328125
MI3_240820_TY1_0599_5_V02-8_1,건설수주액 및 건축허가·착공면적 증감률에 대한 혼합형 차트에 대해 알려주세요,308.6666564941406,2257.35400390625,1870.63916015625,813.99853515625
MI3_240820_TY1_0599_6_V01_1,T01 T02 T03 V01에 대해 알려주세요,282.40283203125,1055.80419921875,1875.9853515625,2005.876708984375
MI3_240820_TY1_0599_7_V02-8_1,2019년 8월중 경기지역 수출입 증감률 및 수출입차 혼합형에 대해 알려주세요,308.46734619140625,1838.4796142578125,1860.7437744140625,827.2684326171875
MI3_240820_TY1_0616_1_V02-1_1,II 경기지역 인구 추이에 대한 차트(세로 막대형)에 대해 알려주세요,308.0303649902344,2550.447509765625,882.68017578125,669.28076171875
MI3_240820_TY1_0616_2_V02-8_1,자연증가와 자연증가율 차트(혼합형)에 대해 알려주세요,1222.2733154296875,2377.062744140625,882.9268798828125,667.29052734375
MI3_240820_TY1_0616_3_V02-1_1,시·도별 생산가능인구 차트(세로 막대형)에 대해 알려주세요,1223.17138671875,1895.4862060546875,875.791015625,667.0223388671875
MI3_240820_TY1_0616_4_V02-4_2,에 대한 차트(꺾은선형) (명)에 대해 알려주세요,1221.8662109375,1378.1116943359375,878.218505859375,672.8875732421875
MI3_240820_TY1_0616_5_V02-1_1,전국 4년제 대학교 졸업 이상 차트(세로 막대형)에 대해 알려주세요,306.70318603515625,2451.30517578125,878.7156372070312,690.586669921875
MI3_240820_TY1_0640_1_V01_2,미분양주택 현황 표에 대해 알려주세요,362.0049133300781,1599.858642578125,1781.487548828125,687.5975952148438
MI3_240820_TY1_0640_2_V01_1,경남지역 수출입 증가율 세로 막대형에 대해 알려주세요,341.1369934082031,1971.7667236328125,1799.505126953125,1171.2867431640625
MI3_240820_TY1_0640_3_V02-4_1,비농림어업 취업자수 증감 꺾은선형 차트에 대해 알려주세요,1254.610595703125,1405.071044921875,868.1231079101562,712.10546875
MI3_240820_TY1_0645_1_V02-4_1,경남지역 대형소매점 판매 꺾은선형 차트에 대해 알려주세요,320.1309509277344,1038.006103515625,898.7108764648438,765.1087646484375
MI3_240820_TY1_0645_2_V02-8_1,전년동월대비 건설투자 비율의 혼합형에 대해 알려주세요,1230.11181640625,810.7505493164062,895.468017578125,740.7769165039062
MI3_240820_TY1_0645_3_V02-8_1,경남지역 수출입 증가율 혼합형에 대해 알려주세요,349.56121826171875,1075.7442626953125,1761.263916015625,812.0380859375
MI3_240820_TY1_0662_1_V02-1_1,제조업 생산지수 차트(세로 막대형)에 대해 알려주세요,1251.39013671875,1286.9281005859375,827.150146484375,635.2578125
MI3_240820_TY1_0662_2_V02-8_1,경남지역 소비 관련 주요지표 차트(혼합형)에 대해 알려주세요,1198.9779052734375,1281.374267578125,867.67236328125,785.8394165039062
MI3_240820_TY1_0662_3_V02-4_1,경남·전국 제조업 설비투자실행BSI 꺾은선형 차트에 대해 알려주세요,304.3670349121094,1097.9989013671875,849.616455078125,750.955078125
MI3_240820_TY1_0662_4_V01_1,건축착공면적 차트에 대해 알려주세요,328.2630920410156,1475.5860595703125,1823.827392578125,779.1424560546875
MI3_240820_TY1_0663_1_V02-1_1,경남지역 승용차 신규 등록 대수 차트(세로 막대형)에 대해 알려주세요,1198.9779052734375,1281.374267578125,867.67236328125,785.8394165039062
MI3_240820_TY1_0663_2_V02-4_1,경남·전국 기계류 수입액 꺾은선형 차트에 대해 알려주세요,304.3670349121094,1097.9989013671875,849.616455078125,750.955078125
MI3_240820_TY1_0663_3_V01_2,미분양주택 현황에 대한 표에 대해 알려주세요,306.39703369140625,2607.15673828125,1879.567138671875,582.290771484375
MI3_240820_TY1_0663_4_V01_1,경남지역 수출입 증가율 세로 막대형에 대해 알려주세요,345.29345703125,2029.750732421875,1789.1376953125,1114.3525390625
MI3_240820_TY1_0666_1_V02-1_1,경남지역 승용차 신규등록대수에 대해 알려주세요,314.6486511230469,1372.3934326171875,896.3411254882812,689.3092041015625
MI3_240820_TY1_0666_2_V02-4_2,경남·전국 제조업 설비투자실행BSI 꺾은선형에 대해 알려주세요,1250.869873046875,1162.6732177734375,865.6760864257812,687.2919921875
MI3_240820_TY1_0666_3_V02-8_2,경남지역 건설투자 관련 지표 혼합형에 대해 알려주세요,291.9486389160156,738.7340698242188,898.6170043945312,607.5792846679688
MI3_240820_TY1_0666_4_V01_1,대외거래 표에 대해 알려주세요,313.46002197265625,1944.295654296875,1861.63818359375,1127.39404296875
MI3_240820_TY1_0670_1_V02-8_2,경남지역 승용차 신규등록대수 혼합형에 대해 알려주세요,1233.50146484375,1384.1282958984375,895.9017944335938,690.2291259765625
MI3_240820_TY1_0670_2_V02-4_1,나. 설비투자 경남·전국 기계류 수입액 차트(꺾은선형)에 대해 알려주세요,308.235595703125,1324.2286376953125,875.6647338867188,686.1787109375
MI3_240820_TY1_0670_3_V02-4_1,건축허가면적 및 건축착공면적 차트(영역형)에 대해 알려주세요,1228.3192138671875,2468.849853515625,879.0379638671875,631.914306640625
MI3_240820_TY1_0670_4_V01_1,경남지역 수출입 증가율 세로 막대형에 대해 알려주세요,322.5701904296875,2000.7767333984375,1840.3306884765625,1153.614013671875
MI3_240820_TY1_0675_1_V02-8_2,경남지역 승용차 신규등록대수에 대한 혼합형 차트에 대해 알려주세요,1244.196044921875,1289.5845947265625,883.3848876953125,714.0035400390625
MI3_240820_TY1_0675_2_V01_1,나. 설비투자 관련 막대형 차트에 대해 알려주세요,310.7626647949219,2113.56640625,1848.562744140625,980.664794921875
MI3_240820_TY1_0675_3_V01_2,2020년부터 2023년까지의 미분양주택 현황에 대해 알려주세요,313.62164306640625,1740.614013671875,1860.5816650390625,589.2396850585938
MI3_240820_TY1_0675_4_V02-8_1,대외거래 경남지역 수출입 증가율 혼합형에 대해 알려주세요,324.50604248046875,1410.7540283203125,1812.1944580078125,572.6265869140625
MI3_240820_TY1_0683_1_V02-8_1,2023년 10월중 대형소매점 판매액지수와 소비 추세에 대해 알려주세요,324.9103698730469,1456.650390625,895.4508056640625,636.716796875
MI3_240820_TY1_0683_2_V02-4_2,나. 설비투자에 대한 경남·전국 제조업 설비투자실행 BSI 꺾은선형에 대해 알려주세요.,1259.845703125,1232.1080322265625,861.643798828125,694.221923828125
MI3_240820_TY1_0683_3_V02-4_2,[그림 2.6] 경남지역 미분양주택 통계에 대해 알려주세요,318.8721618652344,2572.14208984375,899.3974609375,611.713623046875
MI3_240820_TY1_0683_4_V02-8_2,대외거래에 대한 경남지역 수입과 관련된 혼합형 차트에 대해 알려주세요.,1235.818359375,1292.9266357421875,900.871337890625,585.4288330078125
MI3_240820_TY1_0696_1_V02-4_1,2012년 3월말 현재 경북동해안지역 금융기관의 수신 추세와 관련된 꺾은선형 차트에 대해 알려주세요,1287.3681640625,2079.939453125,826.3847045898438,673.61767578125
MI3_240820_TY1_0696_2_V02-4_1,예금은행의 요구불예금 회전율과 어음부도율에 대해 알려주세요,405.2914123535156,2204.80029296875,1638.6904296875,747.864013671875
MI3_240820_TY1_0696_3_V02-4_2,Ⅱ. 실물동향 경북동해안지역 수출 및 수입 꺾은선형에 대해 알려주세요,1251.7384033203125,1978.55029296875,937.81298828125,787.3505249023438
MI3_240820_TY1_0696_4_V02-4_1,경북동해안지역 어음부도율 차트(꺾은선형)에 대해 알려주세요,226.89047241210938,1512.65576171875,1987.0242919921875,753.2503662109375
MI3_240820_TY1_0700_1_V02-4_1,포스코 관련 자료 차트(꺾은선형)에 대해 알려주세요,290.0621337890625,1312.033203125,959.3120727539062,582.876953125
MI3_240820_TY1_0700_2_V02-4_1,O 소비자물가는 1%대 초반의 낮은 물가 상승세가 이어졌으며에 대해 알려주세요,292.9403991699219,781.5532836914062,927.902099609375,698.1449584960938
MI3_240820_TY1_0700_3_V02-4_2,울릉군 관광객수 월별 증감률 추이에 대해 알려주세요,295.62939453125,574.9963989257812,944.5488891601562,618.639892578125
MI3_240820_TY1_0700_4_V01_1,예대율 표에 대해 알려주세요,1217.427001953125,536.0310668945312,985.7913818359375,417.7078857421875
MI3_240820_TY1_0711_1_V02-4_1,"포항 철강산단 철강생산액 증감률 (전년동월대비, %)에 대해 알려주세요",342.9403991699219,1150.3177490234375,847.7584228515625,675.4835205078125
MI3_240820_TY1_0711_2_V02-4_1,"에 관련된 (전년동월대비, %) 차트(꺾은선형)에 대해 알려주세요",391.0210876464844,1761.6971435546875,826.9654541015625,747.6875610351562
MI3_240820_TY1_0711_3_V02-1_2,포항크루즈 월별 탑승객수 차트에 대해 알려주세요,1256.058837890625,2143.714111328125,878.3798828125,662.939697265625
MI3_240820_TY1_0711_4_V02-1_1,11월중 경북동해안지역의 수산물 생산량과 관련된 차트(세로 막대형)에 대해 알려주세요,319.12896728515625,1151.479736328125,878.4539794921875,731.9353637695312
MI3_240820_TY1_0720_1_V02-4_2,이 문서에서 월별 증감률 추이에 대한 차트(꺾은선형)에 대해 알려주세요,1256.1451416015625,2088.391845703125,891.3674926757812,638.805908203125
MI3_240820_TY1_0720_2_V02-1_1,포항운하관 방문객수에 대한 그래프 정보를 포함해 설명해 주세요,312.8056640625,2508.99951171875,892.6224365234375,640.958740234375
MI3_240820_TY1_0720_3_V02-4_1,경북동해안 단위당 수산물생산액 증감률 차트(꺾은선형)에 대해 알려주세요,1259.3941650390625,1222.131103515625,883.0859375,706.6727905273438
MI3_240820_TY1_0720_4_V02-1_1,이 문서에서 경북동해안지역 수출과 철강산단 수출에 대한 정보가 담긴 차트(세로 막대형)에 대해 알려주세요,1252.574951171875,1632.8043212890625,899.12060546875,526.6275634765625
MI3_240820_TY1_0725_1_V02-4_1,연도별 월별 울릉군 관광객수 추이 차트(꺾은선형)에 대해 알려주세요,1253.51904296875,859.9418334960938,881.8692016601562,634.6271362304688
MI3_240820_TY1_0725_2_V01_1,경주 보문관광단지 숙박객수 통계와 관련된 표에 대해 알려주세요,302.2041320800781,1776.3575439453125,1886.2982177734375,490.3065185546875
MI3_240820_TY1_0725_3_V02-1_1,경북동해안지역 수산물 생산량 차트(세로 막대형)에 대해 알려주세요,1257.3297119140625,1158.900390625,891.1323852539062,637.305419921875
MI3_240820_TY1_0725_4_V02-8_1,나. 수출입 경북동해안지역 수출 철강산단 수출 혼합형에 대해 알려주세요,1257.92724609375,1504.5548095703125,900.97216796875,586.3899536132812
MI3_240820_TY1_0727_1_V02-8_1,포항 철강산단 생산액 및 증감률 혼합형에 대해 알려주세요,320.35504150390625,910.5264282226562,1832.079345703125,766.7171630859375
MI3_240820_TY1_0727_2_V02-4_1,울릉도 입도관광객수 추이에 대해 알려주세요,318.0137634277344,776.468017578125,880.01123046875,631.7550048828125
MI3_240820_TY1_0727_3_V02-1_2,에 대한 영역형 차트에 대해 알려주세요.,1261.6280517578125,2489.63330078125,890.8536376953125,640.8820190429688
MI3_240820_TY1_0727_4_V02-4_1,경북동해안지역 수산물 생산량 변화에 대해 알려주세요,317.4495544433594,1095.886962890625,872.126220703125,634.8595581054688
MI3_240820_TY1_0762_1_V02-4_2,포항운하 방문객수와 크루즈 탑승객수 증감률에 대해 알려주세요,326.6735534667969,771.3806762695312,878.8884887695312,681.8516845703125
MI3_240820_TY1_0762_2_V02-4_1,이 문서에서 경북동해안지역 수산물 생산액 증감률에 대한 차트(꺾은선형)에 대해 알려주세요,324.8729248046875,1336.983642578125,879.392822265625,635.4998779296875
MI3_240820_TY1_0762_3_V02-4_1,이 문서에서 경북동해안지역 수출에 대한 꺾은선형 차트에 대해 알려주세요.,1258.9603271484375,1596.927978515625,897.33544921875,579.1929931640625
MI3_240820_TY1_0762_4_V02-4_1,경북동해안지역 수입 차트(꺾은선형)에 대해 알려주세요,330.8352355957031,1147.0078125,863.1439208984375,636.6375732421875
MI3_240820_TY1_0833_2_V02-6_1,타지역 생산유발률과 최종수요의존도에 대해 알려주세요,475.2991027832031,1951.3878173828125,1532.85107421875,1058.2318115234375
MI3_240820_TY1_0833_3_V02-6_1,전후방연관성이 높은 지역 차트(분산형)에 대해 알려주세요,454.80902099609375,414.3721618652344,1548.8785400390625,1080.2481689453125
MI3_240820_TY1_0835_1_V01_1,2017년 1월중 건축착공면적과 관련된 표에 대해 알려주세요,328.783203125,1472.9847412109375,1814.985595703125,1345.16943359375
MI3_240820_TY1_0835_2_V01_1,대구경북지역 미분양주택 현황 세로 막대형에 대해 알려주세요,375.36639404296875,2391.774658203125,1752.338623046875,471.85986328125
MI3_240820_TY1_0835_3_V02-8_1,대구경북지역 수출입 차트(혼합형)에 대해 알려주세요,455.39697265625,1893.4560546875,1661.1905517578125,1008.9411010742188
MI3_240820_TY1_0840_1_V01_1,건설투자 관련 지표 증감률에 대해 알려주세요,335.09503173828125,1397.3697509765625,1801.2855224609375,1482.8885498046875
MI3_240820_TY1_0840_2_V01_1,대구경북 미분양주택 표에 대해 알려주세요,372.66461181640625,2351.58349609375,1736.760986328125,537.53564453125
MI3_240820_TY1_0840_3_V02-8_1,수출 및 수입 차트(혼합형)에 대해 알려주세요,468.226318359375,1727.8265380859375,1656.5633544921875,985.2671508789062
MI3_240820_TY1_0872_1_V02-1_2,세계교역은 부진한 흐름이 지속될 전망과 관련된 주요국 소비자물가상승률 전망 차트에 대해 알려주세요.,1243.68408203125,1920.6275634765625,844.388916015625,693.1519775390625
MI3_240820_TY1_0872_2_V02-8_1,시간당임금상승률 및 실업률 혼합형에 대해 알려주세요,376.83038330078125,2097.71728515625,842.1406860351562,639.41259765625
MI3_240820_TY1_0872_3_V02-8_1,제목에 관련된 빈 일자리율과 실업률 혼합형에 대해 알려주세요,1226.7457275390625,2128.6611328125,843.8681640625,677.285888671875
MI3_240820_TY1_0872_4_V02-4_1,일본 성장률 전망(%) 차트(꺾은선형)에 대해 알려주세요,1247.489990234375,2007.5562744140625,826.0064697265625,627.9058837890625
MI3_240820_TY1_0878_1_V02-8_1,세계교역량 차트(혼합형)에 대해 알려주세요,1226.78564453125,2264.159912109375,863.6182250976562,754.68896484375
MI3_240820_TY1_0878_2_V01_1,미국 주요 경제지표 실업률 차트(원형)에 대해 알려주세요,379.2599792480469,2400.05322265625,869.4703369140625,741.307861328125
MI3_240820_TY1_0878_3_V02-4_1,구매관리자지수(PMI) 꺾은선형 차트에 대해 알려주세요,1239.8983154296875,2345.60693359375,831.0932006835938,637.5348510742188
MI3_240820_TY1_0878_4_V01_1,일본 주요 경제지표 (전월대비) 차트(세로 막대형)에 대해 알려주세요,376.0986022949219,2222.666015625,861.66552734375,702.8861694335938
MI3_240820_TY1_0890_1_V02-4_1,V. 시장에 반영된 연준의 예상 금리인상속도 변화 차트(꺾은선형)에 대해 알려주세요,251.92495727539062,1299.2431640625,939.3992309570312,653.7264404296875
MI3_240820_TY1_0890_2_V02-4_1,FOMC Rate 차트(꺾은선형)에 대해 알려주세요,258.1345520019531,2140.32373046875,1949.7208251953125,647.946044921875
MI3_240820_TY1_0890_3_V02-4_1,VII. 2015년 중 방일 외국인 여행객 추이에 대해 알려주세요,441.414794921875,1551.7916259765625,844.5833740234375,448.3598327636719
MI3_240820_TY1_0890_4_V02-1_1,방일 외국인 여행객 소비액에 대해 알려주세요,943.1050415039062,375.2099609375,592.917724609375,471.1609191894531
MI3_240820_TY1_0902_1_V02-4_1,경주지역 관광객 비중 추이 (경상북도 대비) 차트(가로 막대형)에 대해 알려주세요,271.8156433105469,1880.919677734375,940.87109375,747.81298828125
MI3_240820_TY1_0902_2_V02-4_1,경상북도내 관광객 비중 추이 차트(꺾은선형)에 대해 알려주세요,605.9246215820312,1078.639404296875,1342.242919921875,781.186767578125
MI3_240820_TY1_0902_3_V01_1,교토의 자매도시 현황 표에 대해 알려주세요,314.5741882324219,878.17626953125,1810.492919921875,772.0875244140625
MI3_240820_TY1_0912_1_V01_1,고령화와 주택연금 관련 데이터의 시각적 표현인 표에 대해 알려주세요,342.70166015625,944.5841064453125,1766.86474609375,1137.9464111328125
MI3_240820_TY1_0912_2_V02-3_1,2016-7 한국은행 경기본부 차트(원형)에 대해 알려주세요,742.527587890625,661.1629028320312,914.9369506835938,696.4373779296875
MI3_240820_TY1_0912_3_V01_1,고령화와 주택연금에 대한 연구의 변수 정의 표에 대해 알려주세요,346.2490539550781,655.6276245117188,1777.30078125,1450.5458984375
MI3_240820_TY1_0936_1_V01_1,각 변수 및 국가별 요약 통계 차트(세로 막대형)에 대해 알려주세요,301.8682861328125,452.2572937011719,1885.47900390625,2328.711669921875
MI3_240820_TY1_0936_2_V01_1,국가별 요약 통계 표에 대해 알려주세요,308.442138671875,472.5085754394531,1863.6304931640625,805.4691772460938
MI3_240820_TY1_0955_1_V02-2_2,우리나라의 자본스톡 확정추계 결과와 관련된 주거용 및 비주거용 부동산 구성에 대해 알려주세요.,350.3873291015625,1447.392333984375,870.6983642578125,790.9223022460938
MI3_240820_TY1_0955_2_V03_1,경제활동별 자본스톡 규모 및 비중에 대해 알려주세요,460.45660400390625,527.2940063476562,1557.9066162109375,953.8287353515625
MI3_240820_TY1_0955_3_V02-1_2,우리나라의 자본스톡 변동에 대한 차트(세로 막대형)에 대해 알려주세요,1255.7525634765625,1909.6832275390625,875.4453125,712.6126098632812
MI3_240820_TY1_0955_4_V02-1_1,제도부문별 자본스톡 변동 및 차트(세로 막대형)에 대해 알려주세요,1254.1173095703125,836.6343383789062,879.834716796875,733.5994873046875
MI3_240820_TY1_0957_1_V02-8_1,자본소득과 자본서비스가액을 최소화하는 분석에 대해 알려주세요,1261.0325927734375,1361.140869140625,867.967529296875,615.374267578125
MI3_240820_TY1_0957_2_V02-4_2,사후내생수익률 추정 결과와 시장금리-CPI% 비교에 대해 알려주세요,351.32147216796875,1510.7197265625,866.8084716796875,714.719482421875
MI3_240820_TY1_0957_3_V01_2,부문별 저축투자차액 비중에 대한 차트(명목GDP 대비)에 대해 알려주세요,359.9992370605469,2410.510986328125,856.5059814453125,590.7755737304688
MI3_240820_TY1_0958_1_V02-4_1,제품별 가격 및 판매량 차트(꺾은선형)에 대해 알려주세요,473.8634948730469,2343.5146484375,1526.7144775390625,771.244873046875
MI3_240820_TY1_0958_2_V02-8_1,최근 경상수지 동향과 경상수지 추이에 대한 혼합형 차트에 대해 알려주세요,464.2734680175781,1725.8328857421875,1550.1961669921875,1133.7955322265625
MI3_240820_TY1_0958_3_V02-8_1,최근 경상수지 및 수출입 추이에 대한 혼합형 차트에 대해 알려주세요,461.3652648925781,529.991455078125,1558.605712890625,1069.0111083984375
MI3_240820_TY1_0958_4_V02-4_1,최근 유가 하락의 경상수지 흑자 확대 효과 차트(꺾은선형)에 대해 알려주세요,464.4136657714844,1537.236572265625,1543.234619140625,1129.11279296875
MI3_240820_TY1_1000_2_V02-4_1,제목에 대한 기대인플레이션 및 실제인플레이션의 변동 추이에 대해 알려주세요,382.0117492675781,2470.683837890625,603.301025390625,639.65869140625
MI3_240820_TY1_1000_3_V02-4_5,충격반응분석 결과 실제인플레이션에 대해 알려주세요,279.2716064453125,861.1202392578125,897.8191528320312,550.0568237304688
MI3_240820_TY1_1010_1_V02-4_1,세계 자동차판매대수 증가율 꺾은선형에 대해 알려주세요,395.4376220703125,2354.68603515625,730.9083862304688,657.652099609375
MI3_240820_TY1_1010_2_V02-4_2,중동지역 지정학적 리스크와 차트(꺾은선형)에 대해 알려주세요,312.8142395019531,741.7578735351562,898.768310546875,654.7063598632812
MI3_240820_TY1_1010_3_V02-1_1,달러화 강세가 국제유가에 미칠 추가적 영향 연간 평균과 관련된 차트에 대해 알려주세요,1261.1278076171875,509.9912414550781,887.7332153320312,483.2088623046875
MI3_240820_TY1_1010_4_V03_1,이와 같이 저유가가 장기간 지속될 경우 원유 수입국과 수출국간에 그 영향 이 차별화되면서 글로벌 경제에 대한 파급영향도 긍정적·부정적 효과가 혼재에 대해 알려주세요,330.0400085449219,2638.56201171875,880.9041748046875,611.704833984375
MI3_240820_TY1_1010_5_V03_1,제목에 대한 국제유가 하락이 원유수출국에 미치는 영향과 관련된 다이어그램에 대해 알려주세요,483.63323974609375,696.9385986328125,1514.65283203125,918.92724609375
MI3_240820_TY1_1014_1_V02-1_1,충북의 고용구조 차트(세로 막대형)에 대해 알려주세요,312.090087890625,645.9778442382812,921.6607666015625,574.3301391601562
MI3_240820_TY1_1014_3_V02-1_2,충북경제 특징에 대해 알려주세요,311.4471435546875,1981.067138671875,922.4598999023438,924.9033203125
MI3_240820_TY1_1019_1_V02-4_1,주요국의 실질실효환율 꺾은선형에 대해 알려주세요,1260.5784912109375,562.3943481445312,846.0922241210938,686.4918823242188
MI3_240820_TY1_1019_2_V01_1,"그리스, 스페인, 포르투갈의 지역별 상품수지에 대해 알려주세요",406.427490234375,839.30322265625,1717.4560546875,606.664794921875
MI3_240820_TY1_1019_3_V01_1,차입 국가별 역내 차입 현황에 대해 알려주세요,441.2008972167969,2516.0859375,1597.307861328125,599.48046875
MI3_240820_TY1_1056_1_V02-4_2,주요국 금리 및 주가 차트(꺾은선형)에 대해 알려주세요,1314.9493408203125,1369.57275390625,821.032470703125,870.1475219726562
MI3_240820_TY1_1056_2_V02-1_2,선진국 및 신흥국 성장률에 대한 통계 자료를 기반으로 한 비율 차트에 대해 알려주세요,360.062744140625,1927.5968017578125,814.4270629882812,904.3455200195312
MI3_240820_TY1_1056_3_V02-8_1,가계신용대출 증가율와 BIS자기자본비율 혼합형에 대해 알려주세요,349.74847412109375,2210.482666015625,831.7844848632812,897.5177612304688
MI3_240820_TY1_1056_4_V02-3_1,부동산담보 기타 비율과 관련된 차트(원형)에 대해 알려주세요,1283.32763671875,2090.049072265625,873.7931518554688,729.8662109375
MI3_240820_TY1_1107_1_V01_1,미국 주요 기업 대주주의 지분율 분포 차트(세로 막대형)에 대해 알려주세요,326.1656188964844,1372.9952392578125,1719.19091796875,460.5998229980469
MI3_240820_TY1_1107_2_V02-1_2,토빈Q의 분포 차트(세로 막대형)에 대해 알려주세요,481.2679138183594,2411.61083984375,1632.8946533203125,553.9528198242188
MI3_240820_TY1_1107_3_V01_1,기업의 소유지배구조와 경영성과간의 관계에 대해 알려주세요,327.7809143066406,703.865966796875,1719.5506591796875,1538.4671630859375
MI3_240820_TY1_1112_1_V01_1,원시 데이터의 기본 통계량 표에 대해 알려주세요,295.3861999511719,1521.5819091796875,1890.111328125,1025.6124267578125
MI3_240820_TY1_1112_2_V02-4_2,연평균 기온에 대한 차트(꺾은선형)에 대해 알려주세요,293.7728271484375,555.23583984375,1694.45703125,1048.876220703125
MI3_240820_TY1_1122_2_V01_2,로그 라스파이레스 지수와 관련된 내용에 대해 알려주세요,350.6372985839844,621.3895263671875,1802.776611328125,693.2615356445312
MI3_240820_TY1_1131_1_V01_1,도심 개발 프로젝트 비용 및 자금조달원에 대해 알려주세요,303.1770324707031,1776.4295654296875,1947.30859375,623.0903930664062
MI3_240820_TY1_1131_2_V02-3_1,업종별 고용 비중 차트(원형)에 대해 알려주세요,416.09375,1350.645263671875,1704.6103515625,711.7987670898438
MI3_240820_TY1_1142_1_V01_2,금융동향 한국은행 예금 및 대출금에 대해 알려주세요,355.5466613769531,1382.7276611328125,1750.0028076171875,587.6845703125
MI3_240820_TY1_1142_2_V01_1,11. 실물동향 생산 관련 지표 표에 대해 알려주세요,296.6938781738281,1292.603515625,1885.0633544921875,1231.1220703125
MI3_240820_TY1_1142_3_V01_1,11. 실물동향 본문 표에 대해 알려주세요,293.9462890625,1359.0916748046875,1928.552001953125,565.0645751953125
MI3_240820_TY1_1143_1_V02-8_1,대전지역 벤처 자금공급 규모에 대한 창업투자회사 현황 및 투자실적 차트(혼합형)에 대해 알려주세요,435.2624206542969,1178.6839599609375,1645.878662109375,732.89453125
MI3_240820_TY1_1143_5_V01_1,2016-12 한국은행 대전충남본부 업무집행 운영책임자 모태 대학 등 결성 매칭 조합 명칭 표에 대해 알려주세요,380.559814453125,1925.468017578125,1718.8056640625,710.4933471679688
MI3_240820_TY1_1149_1_V02-1_2,T01 T02 T03 차트(세로 막대형)에 대해 알려주세요,943.18994140625,1737.24365234375,1237.1937255859375,649.3218994140625
MI3_240820_TY1_1149_2_V02-8_2,충북의 소득순유출 관련된 혼합형 차트에 대해 알려주세요,344.0002746582031,1750.2802734375,873.0429077148438,528.440185546875
MI3_240820_TY1_1162_1_V02-4_1,신흥시장국과 미국의 GDP 성장률 비율에 대한 꺾은선형 차트에 대해 알려주세요,378.4790954589844,2036.9202880859375,823.649169921875,753.7379150390625
MI3_240820_TY1_1162_2_V02-1_1,선진국과 신흥시장국의 포트폴리오 투자 및 은행 대출에 대해 알려주세요,1252.801513671875,857.61572265625,815.7595825195312,722.7620849609375
MI3_240820_TY1_1162_3_V02-8_1,선진국의 경기침체 발생 비중에 대한 혼합형 차트에 대해 알려주세요,464.572509765625,1479.6937255859375,1541.3197021484375,795.9476318359375
MI3_240820_TY1_1168_1_V02-3_1,이 보고서의 제목에 관련하여 가계대출 구성비를 보여주는 차트(원형)에 대해 알려주세요,414.7983093261719,2485.989013671875,820.4083251953125,704.2775268554688
MI3_240820_TY1_1168_2_V02-1_1,말레이시아의 GDP 및 가계소비 변화에 대한 꺾은선형 차트에 대해 알려주세요,1279.391357421875,1681.779296875,843.2698364257812,756.6259155273438
MI3_240820_TY1_1168_3_V02-8_1,정책금리 및 신용카드 이용잔액에 대한 차트(혼합형)에 대해 알려주세요,408.8162536621094,1580.19873046875,824.016357421875,638.5360107421875
MI3_240820_TY1_1205_1_V02-4_1,II. 미국경제 주요 이슈 점검 꺾은선형에 대해 알려주세요,968.1791381835938,1581.8016357421875,595.30224609375,502.5115966796875
MI3_240820_TY1_1205_2_V02-1_1,80% 76% 70% 63% 차트(세로 막대형)에 대해 알려주세요,1537.32177734375,1774.2535400390625,607.3468017578125,560.3899536132812
MI3_240820_TY1_1205_3_V02-1_1,미국 경제성장률에 미치는 유럽 및 중국의 영향에 대해 알려주세요,1257.9130859375,2531.2197265625,814.1828002929688,582.7096557617188
MI3_240820_TY1_1205_4_V01_1,여러 기관의 실업률 전망을 비교한 표에 대해 알려주세요,442.6749572753906,2155.93017578125,1586.5948486328125,332.538818359375
MI3_240820_TY1_1222_1_V02-2_1,인구구조의 변화 유형 차트(가로 막대형)에 대해 알려주세요,334.677734375,375.5543212890625,1775.886962890625,806.9205322265625
MI3_240820_TY1_1222_2_V01_1,지난 10년 동안 전국의 노인 인구 비율 변화에 대해 알려주세요,270.896484375,720.1412963867188,1826.1920166015625,1995.321044921875
MI3_240820_TY1_1222_3_V02-1_1,제목에 관련된 내용 중 베이비붐 세대가 희망하는 노후생활에 대한 차트(세로 막대형)에 대해 알려주세요.,367.0751953125,1597.1513671875,1562.14794921875,1110.1199951171875
MI3_240820_TY1_1225_1_V02-8_1,<그림 IV-17> 혼합형에 대해 알려주세요,208.98439025878906,2293.752197265625,875.7484130859375,854.9230346679688
MI3_240820_TY1_1225_2_V02-8_3,대출채권 종류별 비중 추이 혼합형에 대해 알려주세요,213.54019165039062,2493.77099609375,884.22705078125,744.2133178710938
MI3_240820_TY1_1225_3_V02-4_1,IV. 금융기관의 건전성에 대해 알려주세요,157.3812255859375,580.12939453125,878.2515869140625,711.5094604492188
MI3_240820_TY1_1225_4_V03_1,중소기업 진흥 및 산업기반기금 자금시장 재원조성 다이어그램에 대해 알려주세요,228.26028442382812,1155.0101318359375,846.9664306640625,521.804931640625
MI3_240820_TY1_1236_1_V02-8_1,정부부채 및 재정적자 차트(혼합형)에 대해 알려주세요,440.31658935546875,656.6188354492188,1597.6507568359375,689.0631713867188
MI3_240820_TY1_1236_2_V02-4_1,해외경제 포커스 제2010-4호의 꺾은선형에 대해 알려주세요,503.5511779785156,665.6615600585938,1481.91552734375,669.8263549804688
MI3_240820_TY1_1236_3_V02-4_1,해외경제 포커스 제2010-4호 차트(꺾은선형)에 대해 알려주세요,427.9228820800781,1947.7484130859375,1630.23583984375,827.7105102539062
MI3_240820_TY1_1244_1_V02-4_1,해외경제 포커스 제2012-5호 차트(꺾은선형)에 대해 알려주세요,647.2310180664062,1545.8238525390625,1184.69580078125,571.0050048828125
MI3_240820_TY1_1263_1_V02-4_5,핀란드와 독일의 감지 GDP 대비 차트(꺾은선형)에 대해 알려주세요,495.2681884765625,1652.5545654296875,1550.3585205078125,646.5489501953125
MI3_240820_TY1_1263_2_V02-4_1,제목에 대한 꺾은선형 차트에 대해 알려주세요,1275.5743408203125,2032.058837890625,744.704345703125,551.427001953125
MI3_240820_TY1_1263_3_V02-4_3,회원국별 가계대출금리와 관련된 꺾은선형 차트에 대해 알려주세요,447.78369140625,650.5693359375,1560.412841796875,625.2877197265625
MI3_240820_TY1_1278_1_V01_1,해외경제 포커스 제2013-34호의 백만톤 차트에 대해 알려주세요,1243.2684326171875,1155.656982421875,784.102783203125,594.8681030273438
MI3_240820_TY1_1278_2_V02-4_1,해외경제 포커스 주요국 주가 변화에 대해 알려주세요,517.161376953125,626.16943359375,1451.77685546875,522.2409057617188
MI3_240820_TY1_1278_3_V02-4_1,해외경제 포커스 제2013-34호 차트(꺾은선형)에 대해 알려주세요,454.404052734375,2244.816650390625,751.8404541015625,615.6923828125
MI3_240820_TY1_1289_1_V02-1_2,해외경제 포커스 차트(세로 막대형)에 대해 알려주세요,459.9447937011719,1208.425537109375,1586.288330078125,625.4617919921875
MI3_240820_TY1_1289_2_V02-1_3,해외경제 포커스 제2013-48호의 차트(세로 막대형)에 대해 알려주세요,1282.0394287109375,2297.812255859375,762.8525390625,574.21142578125
MI3_240820_TY1_1289_3_V02-4_1,농산물가격 소제목 차트(꺾은선형)에 대해 알려주세요,451.0033264160156,1549.8946533203125,1580.9033203125,539.6473999023438
MI3_240820_TY1_1292_1_V02-8_1,노동생산성 증가율 혼합형에 대해 알려주세요,1234.7548828125,1925.7777099609375,797.4769287109375,702.6322021484375
MI3_240820_TY1_1292_2_V02-4_1,3차트(꺾은선형)에 대해 알려주세요,497.5865783691406,1666.13720703125,1473.4642333984375,523.077392578125
MI3_240820_TY1_1292_3_V02-4_4,금 가격 변화 꺾은선형에 대해 알려주세요,443.42730712890625,581.261962890625,1584.1138916015625,538.4940185546875
MI3_240820_TY1_1296_1_V02-8_3,해외경제 포커스 금융·외환시장 혼합형에 대해 알려주세요,984.8681640625,1125.3916015625,512.3041381835938,456.9959716796875
MI3_240820_TY1_1296_2_V02-4_1,해외경제 포커스 III. 주요 이슈 점검 차트(꺾은선형)에 대해 알려주세요,483.4317321777344,1488.248291015625,769.6436767578125,566.045166015625
MI3_240820_TY1_1296_3_V02-4_3,해외경제 포커스 제2015-2호에서 CPI와 물가기대지수에 대한 차트(꺾은선형)에 대해 알려주세요,1275.0784912109375,2355.556640625,751.6383056640625,544.956787109375
MI3_240820_TY1_1306_1_V02-8_1,부산지역 제조업의 재고증가율과 출하증가율에 대해 알려주세요,553.721923828125,2496.183837890625,1332.0755615234375,577.72265625
MI3_240820_TY1_1306_2_V01_1,지역내 수요와 관련된 다양한 지표들에 대해 알려주세요.,0.0,0.0,0.0,0.0
MI3_240820_TY1_1306_3_V01_2,한국은행 부산본부의 대출금 및 예금 증감액에 대해 알려주세요,382.81396484375,2103.992919921875,1776.055419921875,563.2374877929688
MI3_240820_TY1_1333_1_V02-8_1,<그림 - -1> 혼합형에 대해 알려주세요,537.9000244140625,756.644775390625,1443.8277587890625,915.0892333984375
MI3_240820_TY1_1333_3_V02-4_1,부의 불평등 추이 차트(꺾은선형)에 대해 알려주세요,335.3710632324219,540.3863525390625,1775.244384765625,828.9439086914062
MI3_240820_TY1_1360_1_V02-3_1,지역별 BOP 인구분포 원형에 대해 알려주세요,0.0,0.0,0.0,0.0
MI3_240820_TY1_1366_1_V01_1,제목 인증 조직 목적 순서 기관명 사업내용 시기 형태 유형 V에 대해 알려주세요,390.37884521484375,406.15570068359375,1724.7340087890625,2230.05517578125
MI3_240820_TY1_1366_2_V01_4,잉여금 중 사회적 목적 적립금 비중(대구)에 대해 알려주세요,605.0987548828125,473.625244140625,1272.075927734375,185.79234313964844
MI3_240820_TY1_1366_3_V01_1,에너지 절약 노력 현황 빈도에 대해 알려주세요,604.4459228515625,2686.2685546875,1273.5333251953125,338.434326171875
MI3_240820_TY1_1384_1_V02-4_2,주요 선행지표 꺾은선형 차트에 대해 알려주세요,360.00799560546875,1193.4656982421875,840.835693359375,563.5740966796875
MI3_240820_TY1_1384_2_V02-4_3,GDP 및 꺾은선형에 대해 알려주세요,1590.984619140625,2577.223876953125,621.796875,557.49560546875
MI3_240820_TY1_1384_3_V02-4_2,에 대한 -4 차트(꺾은선형)에 대해 알려주세요,315.2074279785156,2516.5341796875,894.0814208984375,567.25439453125
MI3_240820_TY1_1386_1_V01_1,국제과학비즈니스벨트 기본계획 요약 본문 차트에 대해 알려주세요,354.93328857421875,551.0306396484375,1735.5108642578125,715.4290771484375
MI3_240820_TY1_1386_2_V03_2,기술사업화사업 추진 프로세스와 관련된 다이어그램에 대해 알려주세요,366.57843017578125,1562.623779296875,1734.298828125,559.1510009765625
MI3_240820_TY1_1390_1_V02-4_2,"주요 신흥시장국 원전비중과 관련된 (%), 러시아 및 동유럽, 브라질, 중국에 대해 알려주세요",467.6697082519531,843.6600952148438,728.8012084960938,705.7539672851562
MI3_240820_TY1_1390_2_V01_2,국가별 탄소배출량 규모에 대해 알려주세요,442.99749755859375,497.0166931152344,1601.1387939453125,218.49964904785156
MI3_240820_TY1_1390_3_V01_1,원자로의 종류와 특징에 대해 알려주세요,393.8288269042969,2662.699462890625,1708.3594970703125,433.441650390625
MI3_240820_TY1_1397_2_V02-4_1,기술발전과 숙련 편향적 노동 수요 변화에 대해 알려주세요,474.8890380859375,714.877197265625,1637.840087890625,906.6114501953125
MI3_240820_TY1_1397_3_V02-4_1,<그림 5> 교육수준별 임금격차1) 추이 꺾은선형에 대해 알려주세요,468.939453125,1154.696044921875,1635.2225341796875,814.3753662109375
MI3_240820_TY1_1397_4_V02-4_1,세계화와 기술발전이 제조업 노동수요에 미치는 영향 꺾은선형 차트에 대해 알려주세요,362.7685241699219,701.283447265625,1634.9892578125,787.05517578125
MI3_240820_TY1_1404_1_V02-4_1,6-6-6 시스템에서의 A-K 추정량의 월별 추정값 차트(꺾은선형)에 대해 알려주세요,342.001220703125,575.6903686523438,1808.0308837890625,802.4120483398438
MI3_240820_TY1_1404_2_V01_1,소비자동향조사의 순환표집방법과 관련된 K A 행렬에 대해 알려주세요.,369.1921081542969,2352.62060546875,1740.85009765625,723.322021484375
MI3_240820_TY1_1404_3_V01_1,6-6-6 시스템에서의 붓스트랩 표준오차 추정값에 대해 알려주세요,358.2379455566406,492.853759765625,1773.8924560546875,347.4959716796875
MI3_240820_TY1_1425_2_V02-4_1,Ⅳ 신흥국 교역구조 변화의 시사점에 대해 알려주세요,450.9881286621094,2645.72314453125,830.30224609375,579.599853515625
MI3_240820_TY1_1425_3_V02-1_1,세계시장에 대한 차트(가로 막대형)에 대해 알려주세요,1453.7099609375,553.8341064453125,749.349853515625,753.1524658203125
MI3_240820_TY1_1439_1_V02-4_2,식품가격과 국제유가와 관련된 꺾은선형 차트에 대해 알려주세요,315.22747802734375,853.670654296875,1852.4736328125,964.2760620117188
MI3_240820_TY1_1439_2_V02-1_1,식품과 에너지의 순수출을 나타내는 차트(세로 막대형)에 대해 알려주세요,360.3514709472656,1010.8233642578125,1728.8773193359375,852.2921142578125
MI3_240820_TY1_1439_3_V02-4_1,아시아 주요국의 정책금리 꺾은선형에 대해 알려주세요,373.9339294433594,1644.9100341796875,1738.0780029296875,894.841064453125
MI3_240820_TY1_1440_1_V02-2_1,아시아 주요국의 GDP갭 플러스 전환 시기에 대해 알려주세요,412.3128356933594,2454.715087890625,1360.751220703125,689.9786987304688
MI3_240820_TY1_1440_2_V02-1_1,2009년 주요국 통화량 증가율을 나타내는 세로 막대형 차트에 대해 알려주세요.,375.31494140625,726.4398193359375,1739.5634765625,731.6625366210938
MI3_240820_TY1_1440_3_V02-1_1,에 대한 -1 차트에 대해 알려주세요,526.3099365234375,1631.39892578125,1321.935791015625,786.352294921875
MI3_240820_TY1_1448_1_V02-4_2,[그림I-6] 최근 비트코인 국제가격 추이 차트에 대해 알려주세요,1222.7222900390625,1945.3665771484375,904.3493041992188,531.4403076171875
MI3_240820_TY1_1448_2_V02-4_1,비트코인 가격의 일별 변동률 꺾은선형 차트에 대해 알려주세요,315.599853515625,2023.4921875,899.0909423828125,587.2470703125
MI3_240820_TY1_1448_3_V02-4_1,국내 비트코인 가격 및 거래대금 꺾은선형에 대해 알려주세요,1251.5018310546875,1795.722412109375,917.5364379882812,699.6748046875
MI3_240820_TY1_1450_1_V02-8_1,제목에 대한 시각요소 제목과 혼합형 차트에 대해 알려주세요,421.9195556640625,1644.7034912109375,1540.880859375,889.2523193359375
MI3_240820_TY1_1450_2_V02-4_1,10년국채듀레이션 꺾은선형에 대해 알려주세요,497.6817932128906,1565.89404296875,1504.052490234375,1023.4722290039062
MI3_240820_TY1_1450_3_V02-8_1,당좌목표잔액 및 당좌예금잔액 차트(혼합형)에 대해 알려주세요,418.01513671875,1921.768310546875,788.6951904296875,859.9682006835938
MI3_240820_TY1_1459_1_V01_1,T01 T02 분기 경제성장률 차이 비교 표에 대해 알려주세요,391.3039855957031,1739.980712890625,1706.64697265625,301.6473388671875
MI3_240820_TY1_1459_2_V02-1_1,V 경제성장률에 미치는 영향 연쇄지수 차이 비교 차트(세로 막대형)에 대해 알려주세요,464.1799011230469,2236.610595703125,1631.79443359375,806.2990112304688
MI3_240820_TY1_1459_3_V01_1,연쇄 성장률 - 고정 성장률에 대해 알려주세요,380.0944519042969,1950.05615234375,1715.98974609375,400.787109375
MI3_240820_TY1_1461_1_V03_1,TALF 대출 다이어그램에 대해 알려주세요,287.01849365234375,605.2266235351562,1875.892333984375,872.3037719726562
MI3_240820_TY1_1461_2_V01_1,CMBS 스프레드 변동률에 대해 알려주세요,300.050048828125,1985.7349853515625,1885.868896484375,1090.0147705078125
MI3_240820_TY1_1461_3_V02-4_1,에 대한 CMBX1) 추이 꺾은선형 차트에 대해 알려주세요,336.23486328125,922.4763793945312,1795.8544921875,759.1107788085938
MI3_240820_TY1_1486_1_V02-4_1,우리 경제의 성장잠재력 약화 원인에 대해 알려주세요,364.7294006347656,698.4572143554688,813.2269287109375,762.1232299804688
MI3_240820_TY1_1486_2_V02-8_1,최근의 투자부진에 관한 통계 자료에서 나타나는 혼합형 차트에 대해 알려주세요,477.2651062011719,1291.8887939453125,1630.5736083984375,952.8385009765625
MI3_240820_TY1_1486_3_V02-4_2,<그림 6> 영업이익대비 설비투자 꺾은선형 차트에 대해 알려주세요,1219.17041015625,699.0523681640625,811.923095703125,765.6930541992188
MI3_240820_TY1_1486_4_V02-4_1,우리나라의 경제활동참가율 추이 차트(꺾은선형)에 대해 알려주세요,481.47479248046875,1005.6292724609375,1603.77880859375,840.6422119140625
MI3_240820_TY1_1490_1_V02-8_1,<그림 1> 영국의 노사관계 주요지표 추이에 대해 알려주세요,383.8963928222656,1356.7490234375,1615.3887939453125,835.99560546875
MI3_240820_TY1_1490_2_V02-8_1,에 대한 네덜란드의 경제성장률 및 실업률 추이에 대해 알려주세요.,485.97760009765625,2290.95703125,1620.7728271484375,836.845947265625
MI3_240820_TY1_1490_3_V01_1,아일랜드의 노조수 및 노조가입률 추이에 대해 알려주세요,331.994873046875,1859.39501953125,1717.21728515625,288.32275390625
MI3_240820_TY1_1490_4_V02-8_1,스페인의 경제성장률 및 실업률 추이에 대해 알려주세요,486.96331787109375,1779.947998046875,1607.375,845.62109375
MI3_240820_TY1_1496_1_V01_1,지식기반서비스업의 문제점 및 주요국의 서비스산업 노동생산성 비교에 대해 알려주세요,329.7038879394531,2384.810302734375,1815.204833984375,709.912353515625
MI3_240820_TY1_1496_2_V02-4_1,산업자원부의 청소·건물관리·경비 분야와 관련된 주요국의 세계 지식기반서비스 수출시장 점유율 추이 꺾은선형 차트에 대해 알려주세요,318.8957824707031,1241.0467529296875,1800.6337890625,917.0303344726562
MI3_240820_TY1_1496_3_V02-4_1,주요국 지식기반서비스업의 RCA지수 추이에 대해 알려주세요,307.9430847167969,662.1682739257812,1865.299072265625,1088.642822265625
MI3_240820_TY1_1499_1_V01_1,한국은행 금융경제연구원 제13권 제3호 총소비 도구변수에 대해 알려주세요,374.5102844238281,1058.6964111328125,1721.2025146484375,595.498046875
MI3_240820_TY1_1499_2_V02-4_1,[그림 1] 외환위기 전후의 비내구재와 서비스 소비 성장률 꺾은선형 차트에 대해 알려주세요,417.91253662109375,2239.407470703125,1651.825439453125,750.3632202148438
MI3_240820_TY1_1499_3_V02-4_1,우리나라 소비자는 신중한가? 꺾은선형에 대해 알려주세요,426.397216796875,877.2237548828125,1643.0941162109375,1091.6971435546875
MI3_240820_TY1_1519_1_V02-8_2,자동차 및 트레일러 제조업 대출잔액과 증가율에 대해 알려주세요,368.1879577636719,1062.829345703125,858.727783203125,644.4217529296875
MI3_240820_TY1_1519_2_V02-1_1,자동차부품 1차 협력업체 납품구조 차트(세로 막대형)에 대해 알려주세요,371.796142578125,2357.688720703125,857.5360107421875,740.733642578125
MI3_240820_TY1_1519_3_V02-4_2,주요 특징꺾은선형에 대해 알려주세요,373.0841979980469,1940.864990234375,1724.730224609375,765.913330078125
MI3_240820_TY1_1519_4_V02-1_2,T01 T02 제조업 차트(세로 막대형)에 대해 알려주세요,370.3014831542969,1026.879150390625,1725.852294921875,762.4700927734375
MI3_240820_TY1_1522_1_V02-3_2,"에 관련된 기타, 33.2 중국, 36.0 베트남, 3.2 대만 등과 같은 정보가 담긴 차트(원형)에 대해 알려주세요",1347.410888671875,1803.2813720703125,678.7491455078125,609.9197998046875
MI3_240820_TY1_1522_2_V01_1,T01 T02 T03 표에 대해 알려주세요,463.7682189941406,962.7490844726562,1649.184814453125,271.5445861816406
MI3_240820_TY1_1522_3_V02-4_4,울산지역 석유화학 수출 현황 차트(꺾은선형)에 대해 알려주세요,349.1770935058594,2478.601318359375,856.3778076171875,613.69580078125
MI3_240820_TY1_1522_4_V02-1_1,T01 T02 차트(세로 막대형) V02-1에 대해 알려주세요,346.3800048828125,1094.8179931640625,875.0123291015625,661.37939453125
MI3_240820_TY1_1524_1_V02-8_4,울산지역 정기저축 및 저축성 예금 추이에 대해 알려주세요,344.783447265625,1196.34375,876.9746704101562,675.4556884765625
MI3_240820_TY1_1524_2_V02-8_2,울산지역 단기시장성수신 증가율과 관련된 혼합형 차트에 대해 알려주세요,349.5545349121094,2441.666259765625,876.0095825195312,626.453857421875
MI3_240820_TY1_1524_3_V02-8_1,"제목에 따르면, 울산지역 예금은행 가계대출의 변동률을 나타내는 혼합형 차트에 대해 알려주세요.",348.0406494140625,949.336181640625,878.6530151367188,626.5161743164062
MI3_240820_TY1_1579_2_V02-1_1,제1편 국내 대체투자 현황 및 시사점 차트(세로 막대형)에 대해 알려주세요,607.697509765625,636.6682739257812,1364.5975341796875,967.6268310546875
MI3_240820_TY1_1579_3_V02-1_1,해외 대체투자 환헤지 비중 차트(세로 막대형)에 대해 알려주세요,486.859619140625,641.3819580078125,1405.6309814453125,1135.2733154296875
MI3_240820_TY1_1605_1_V02-8_1,예금은행 수신 추이에 대해 알려주세요,1260.068603515625,1910.152587890625,898.249267578125,807.5451049804688
MI3_240820_TY1_1605_2_V02-8_2,2015년 인천지역 금융기관의 총여신액과 관련된 차트(혼합형)에 대해 알려주세요,332.0303039550781,2014.3116455078125,897.3087768554688,802.5733642578125
MI3_240820_TY1_1605_3_V02-8_1,부도법인 및 신설법인수 추이에 대해 알려주세요.,325.68048095703125,1264.7567138671875,1832.0859375,918.7911987304688
MI3_240820_TY1_1609_1_V02-4_1,부문별 경제동향 제조업 생산 증가율 차트(꺾은선형)에 대해 알려주세요,479.9322204589844,1602.930419921875,1514.406494140625,1067.9825439453125
MI3_240820_TY1_1609_2_V02-8_1,4. 고용에 대해 알려주세요,1252.4765625,1600.5821533203125,933.51611328125,648.7589111328125
MI3_240820_TY1_1609_3_V02-8_1,인천지역 주택매매가격 혼합형 차트에 대해 알려주세요,305.0862121582031,1248.806884765625,947.2461547851562,670.3812255859375
MI3_240820_TY1_1611_1_V02-4_1,부문별 경제동향 1. 제조업 생산 인천지역 제조업 생산 증가율에 대해 알려주세요,479.7854309082031,1688.8016357421875,1512.128662109375,1068.9102783203125
MI3_240820_TY1_1611_2_V02-8_1,인천지역의 취업자수 변화 혼합형 차트에 대해 알려주세요,1252.1683349609375,1588.1549072265625,930.59033203125,663.529296875
MI3_240820_TY1_1611_3_V02-8_1,인천지역 예금은행 및 비은행 금융기관 수신 차트(혼합형)에 대해 알려주세요,316.4668884277344,1964.02001953125,913.023681640625,592.230224609375
MI3_240820_TY1_1639_1_V02-8_2,인천지역 건축착공면적 혼합형에 대해 알려주세요,318.30755615234375,1333.5660400390625,926.11181640625,648.4566650390625
MI3_240820_TY1_1639_2_V02-8_1,인천지역 수출 차트(혼합형)에 대해 알려주세요,346.0760192871094,1167.76611328125,1832.781494140625,638.1453857421875
MI3_240820_TY1_1639_3_V02-8_1,인천지역 수입의 품목별·국가별 동향에 대해 알려주세요,330.1688232421875,1075.59619140625,884.0787353515625,642.8201904296875
MI3_240820_TY1_1639_4_V02-8_1,인천지역 취업자수 증감 동향 혼합형 차트에 대해 알려주세요,311.0180969238281,1242.2020263671875,928.4594116210938,646.629150390625
MI3_240820_TY1_1645_1_V02-8_2,비은행 금융기관 대출 추이에 대해 알려주세요,1274.1466064453125,341.2797546386719,884.6817016601562,767.2943725585938
MI3_240820_TY1_1645_2_V02-8_2,인천지역 예금은행 및 비은행 금융기관 수신 추이 혼합형에 대해 알려주세요,1265.191162109375,351.1340026855469,884.61376953125,777.81494140625
MI3_240820_TY1_1645_3_V02-4_1,인천지역 어음부도율 추이 꺾은선형 차트에 대해 알려주세요,363.3046875,2069.523681640625,1742.089599609375,936.94091796875
MI3_240820_TY1_1654_1_V02-8_1,자금유입과 여신 및 수신의 변화에 대해 알려주세요,309.7366943359375,1062.14794921875,908.0850830078125,637.7610473632812
MI3_240820_TY1_1654_2_V02-4_1,금융부문 발전의 상대적 지체 차트(꺾은선형)에 대해 알려주세요,1282.1102294921875,1213.7686767578125,885.2980346679688,617.2059936523438
MI3_240820_TY1_1654_3_V02-4_1,제목에 포함된 내용을 바탕으로 두 번째 차트의 꺾은선형에 대해 알려주세요,1244.94482421875,1673.2337646484375,915.79736328125,693.80126953125
MI3_240820_TY1_1663_2_V02-8_2,(개소) (%) 차트(혼합형)에 대해 알려주세요,349.56292724609375,2333.44189453125,1794.1495361328125,726.1500854492188
MI3_240820_TY1_1663_3_V02-8_2,인천시 관광사업체 매출액 변화 및 전국 비교 혼합형에 대해 알려주세요,348.1107482910156,1064.3662109375,1787.5513916015625,661.2141723632812
MI3_240820_TY1_1677_1_V02-4_1,엔/달러 환율 및 수출물가 꺾은선형에 대해 알려주세요,538.45654296875,431.1695251464844,1484.9481201171875,816.8064575195312
MI3_240820_TY1_1677_2_V02-1_1,환율과 수출물가 변화율 차트(세로 막대형)에 대해 알려주세요,335.079345703125,2470.32275390625,893.2348022460938,791.0192260742188
MI3_240820_TY1_1677_3_V02-4_2,일본 상대수출물가 차트(꺾은선형)에 대해 알려주세요,331.70263671875,2549.814208984375,903.4628295898438,713.9482421875
MI3_240820_TY1_1677_4_V02-4_1,0 산업별 상대수출물가 추이 차트(꺾은선형)에 대해 알려주세요,257.3993835449219,663.0963134765625,1949.021240234375,1139.880615234375
MI3_240820_TY1_1678_1_V02-4_1,III. 장기불황에 따른 부문별 주요 구조변화 차트(꺾은선형)에 대해 알려주세요,1246.0372314453125,1319.6163330078125,922.4312744140625,537.2144775390625
MI3_240820_TY1_1678_2_V02-4_3,제조업 해외생산 비중에 대해 알려주세요,938.3189697265625,1322.85107421875,579.7526245117188,500.81689453125
MI3_240820_TY1_1678_3_V02-1_1,가계부문 소비 및 저축률 추이와 관련된 막대형 차트에 대해 알려주세요,943.6990356445312,1372.3221435546875,608.1141967773438,504.3682861328125
MI3_240820_TY1_1678_4_V02-8_2,금융부문 차트(혼합형)에 대해 알려주세요,1241.1361083984375,2537.658447265625,907.2353515625,534.60986328125
MI3_240820_TY1_1682_1_V02-8_1,제목에 대한 내용과 관련하여 대일 직접 투자 추이에 대해 알려주세요.,1272.349365234375,1140.196044921875,855.5399169921875,569.4393310546875
MI3_240820_TY1_1682_2_V02-8_1,신농업 창조와 일본 농가당 경영면적 및 평균연령 혼합형에 대해 알려주세요,358.8705139160156,1015.8607177734375,858.9622802734375,477.9698181152344
MI3_240820_TY1_1682_3_V02-4_1,기업 내부유보규모 추이 차트(꺾은선형)에 대해 알려주세요,323.8768615722656,498.2318420410156,604.8114013671875,602.6685791015625
MI3_240820_TY1_1689_1_V02-4_1,일본의 고령화 현상과 관련된 차트(꺾은선형)에 대해 알려주세요,387.5641174316406,1603.5372314453125,819.052978515625,766.5152587890625
MI3_240820_TY1_1689_2_V02-1_1,IT의 서비스업 노동생산성 증감에 대한 기여도 차트(세로 막대형)에 대해 알려주세요,559.8889770507812,1147.0989990234375,1373.84033203125,757.90283203125
MI3_240820_TY1_1689_3_V02-2_1,서비스 업종별 투자 현황 차트(가로 막대형)에 대해 알려주세요,377.48822021484375,1552.4461669921875,870.9933471679688,1013.849853515625
MI3_240820_TY1_1721_1_V01_1,III. 중국 수산물 시장 동향 1. 생산 <표 3-1>에 대해 알려주세요,353.48681640625,1453.5064697265625,1783.4139404296875,919.2559204101562
MI3_240820_TY1_1721_2_V01_1,지원정책 이용현황 차트(세로 막대형)에 대해 알려주세요,423.0055236816406,1111.4095458984375,1708.4412841796875,772.3863525390625
MI3_240820_TY1_1721_3_V01_1,최근 전반적인 수출환경 표에 대해 알려주세요,357.45916748046875,1155.370849609375,1786.977294921875,696.4041748046875
MI3_240820_TY1_1727_1_V02-4_2,전국과 전북의 제조업 생산지수 꺾은선형에 대해 알려주세요,1148.20654296875,474.23046875,867.78955078125,856.1048583984375
MI3_240820_TY1_1727_2_V02-4_1,전북 산업별 GRDP 비중 꺾은선형에 대해 알려주세요,1158.3304443359375,1718.3038330078125,829.0549926757812,752.0360107421875
MI3_240820_TY1_1727_3_V02-8_1,전북 식품산업의 노동생산성에 대해 알려주세요,353.1683349609375,446.5647277832031,1603.928955078125,1013.3126220703125
MI3_240820_TY1_1738_1_V01_1,"제목에 따라 총산출 수입과 공급, 국내수요 등의 내용을 담고 있는 표에 대해 알려주세요",415.1408386230469,1498.1591796875,1645.949462890625,738.798583984375
MI3_240820_TY1_1738_2_V01_1,5. 고용 1995-2007년중 고용 추이(취업자수 기준) 표에 대해 알려주세요,428.5119934082031,1311.3055419921875,1622.1185302734375,719.6988525390625
MI3_240820_TY1_1738_3_V01_1,기간별 수입 증가요인에 대해 알려주세요,412.541748046875,643.5508422851562,1653.5228271484375,435.0209655761719
MI3_240820_TY1_1759_1_V02-2_1,T01 T02 T03 가로 막대형 차트에 대해 알려주세요,1328.370849609375,888.65673828125,835.163818359375,627.0799560546875
MI3_240820_TY1_1759_2_V02-2_2,4 행정 및 법률 환경 차트(세로 막대형)에 대해 알려주세요,1340.3900146484375,1868.6795654296875,823.5444946289062,622.7279052734375
MI3_240820_TY1_1759_3_V02-2_1,인센티브 부문별 평가 상대점수1) 가로 막대형에 대해 알려주세요,1327.083251953125,720.4054565429688,838.6268310546875,620.6727294921875
MI3_240820_TY1_1759_4_V02-2_2,큐슈지역 기업의 해외미진출 이유와 관련된 내용에 대해 알려주세요.,371.98553466796875,1877.482421875,563.8321533203125,590.8720703125
MI3_240820_TY1_1759_5_V02-2_1,큐슈지역 기업의 향후 해외진출 관심 국가(지역)과 차트(가로 막대형)에 대해 알려주세요,566.9960327148438,1426.80615234375,1353.37841796875,659.00439453125
MI3_240820_TY1_1769_1_V02-4_1,소비자심리지수 꺾은선형에 대해 알려주세요,1311.44970703125,1215.814697265625,925.4080810546875,685.38623046875
MI3_240820_TY1_1769_2_V01_2,건설투자 관련 지표 표에 대해 알려주세요,220.11827087402344,434.5130310058594,946.65380859375,736.739990234375
MI3_240820_TY1_1769_3_V02-8_1,건설기성액 혼합형에 대해 알려주세요,301.7650146484375,458.3295593261719,934.4310913085938,727.1290283203125
MI3_240820_TY1_1769_4_V02-8_1,취업지수 차트(혼합형)에 대해 알려주세요,1234.2418212890625,460.6943054199219,940.9842529296875,625.2079467773438
MI3_240820_TY1_1769_5_V02-2_1,산업별 취업자수 증감 차트(가로 막대형)에 대해 알려주세요,300.1575622558594,459.860595703125,940.4526977539062,601.026611328125
MI3_240820_TY1_1769_6_V02-2_1,경기종합지수 물가 상승률 추이에 대해 알려주세요,214.48841857910156,1268.244140625,953.76806640625,760.5375366210938
MI3_240820_TY1_1773_1_V01_1,소비 관련 지표 표에 대해 알려주세요,299.8442687988281,1518.4591064453125,945.7916870117188,638.2496337890625
MI3_240820_TY1_1773_2_V02-8_1,제조업 가동률과 재고율 혼합형에 대해 알려주세요,222.39857482910156,1701.965087890625,938.701904296875,727.621337890625
MI3_240820_TY1_1773_3_V01_1,전산업 생산 표에 대해 알려주세요,299.5989685058594,1984.0701904296875,944.3887329101562,669.2608642578125
MI3_240820_TY1_1773_4_V02-8_1,취업지수 차트(혼합형)에 대해 알려주세요,1236.7012939453125,460.9481201171875,933.287353515625,616.5494384765625
MI3_240820_TY1_1773_5_V01_2,전산업임금 표에 대해 알려주세요,1307.5546875,1058.5810546875,945.9913940429688,1206.0604248046875
MI3_240820_TY1_1773_6_V02-4_1,경기종합지수에 대한 차트(꺾은선형)에 대해 알려주세요,219.31631469726562,1370.415283203125,941.16015625,753.2298583984375
MI3_240820_TY1_1774_1_V02-4_1,소비자심리지수 꺾은선형에 대해 알려주세요,1309.930419921875,720.667236328125,972.2451782226562,703.1961059570312
MI3_240820_TY1_1774_2_V02-8_2,건설기성액 증감률 차트에 대해 알려주세요,1232.107177734375,1806.4903564453125,980.02587890625,743.1427001953125
MI3_240820_TY1_1774_3_V01_1,전산업생산 표에 대해 알려주세요,268.4589538574219,969.3231811523438,980.9610595703125,703.4786376953125
MI3_240820_TY1_1774_4_V02-8_1,취업자수 차트(혼합형)에 대해 알려주세요,1236.1165771484375,432.5606994628906,953.6358032226562,696.3561401367188
MI3_240820_TY1_1774_5_V01_2,월평균 명목임금 표에 대해 알려주세요,1308.7958984375,1138.3621826171875,980.6483154296875,1284.4517822265625
MI3_240820_TY1_1774_6_V02-4_1,최근 경제 동향과 관련된 선행지수 및 동행지수를 바탕으로 차트 내용에 대해 알려주세요,1224.4920654296875,1088.6051025390625,990.18798828125,899.1064453125
MI3_240820_TY1_1783_1_V02-4_1,소비자심리지수 꺾은선형에 대해 알려주세요,1304.751708984375,744.33984375,983.0335693359375,770.8552856445312
MI3_240820_TY1_1783_2_V02-8_1,반도체장비 수입액 차트(혼합형)에 대해 알려주세요,188.51585388183594,1754.4217529296875,979.698974609375,765.1714477539062
MI3_240820_TY1_1783_3_V01_1,전산업생산 표에 대해 알려주세요,268.4555969238281,982.9501953125,980.5132446289062,703.6044921875
MI3_240820_TY1_1783_4_V02-8_1,취업자수 차트(혼합형)에 대해 알려주세요,1233.27001953125,471.2552795410156,974.6209716796875,764.53662109375
MI3_240820_TY1_1783_5_V02-1_1,산업별 취업자수 증감 차트(세로 막대형)에 대해 알려주세요,263.2951354980469,466.6026306152344,983.1505126953125,770.52734375
MI3_240820_TY1_1783_6_V02-4_2,소비자물가 상승률 추이 차트(꺾은선형)에 대해 알려주세요,1227.441162109375,1113.09228515625,982.0972900390625,810.6923217773438
MI3_240820_TY1_1784_1_V02-4_1,소비 관련 지표 꺾은선형에 대해 알려주세요,1306.4654541015625,744.903564453125,981.5875244140625,768.3899536132812
MI3_240820_TY1_1784_2_V02-8_1,기계류투자지수 및 반도체장비 수입액 혼합형에 대해 알려주세요,189.25196838378906,1757.134521484375,978.2455444335938,759.546142578125
MI3_240820_TY1_1784_3_V01_1,전산업 생산 표에 대해 알려주세요,268.46728515625,983.168701171875,980.7998046875,703.4739379882812
MI3_240820_TY1_1784_4_V02-8_1,취업자수 차트(혼합형)에 대해 알려주세요,1233.069580078125,478.9314880371094,975.2703857421875,757.3370971679688
MI3_240820_TY1_1784_5_V01_2,취업자수 변화에 관한 표에 대해 알려주세요,1313.7071533203125,1255.62158203125,972.713134765625,1279.0609130859375
MI3_240820_TY1_1784_6_V02-4_2,경기종합지수와 물가에 대한 소비자물가 상승률 추이 꺾은선형에 대해 알려주세요,1234.604736328125,1114.00048828125,971.5892333984375,809.9124145507812
MI3_240820_TY1_1801_1_V03_1,소비자심리지수에 대한 다이어그램에 대해 알려주세요,388.4523010253906,1571.88916015625,855.5010986328125,812.415771484375
MI3_240820_TY1_1801_2_V01_1,건설투자 관련 지표에 대한 세로 막대형 차트에 대해 알려주세요.,318.8463439941406,1755.8011474609375,857.4371948242188,507.4959716796875
MI3_240820_TY1_1801_3_V01_1,전산업생산 표에 대해 알려주세요,387.4714050292969,919.3789672851562,859.2183837890625,643.7202758789062
MI3_240820_TY1_1801_4_V01_1,서비스업 생산 표에 대해 알려주세요,317.9253845214844,405.1916809082031,861.2280883789062,1412.2161865234375
MI3_240820_TY1_1801_5_V02-2_1,성· 연령 · 고용형태별 신규채용기 차트(가로 막대형)에 대해 알려주세요,1375.5760498046875,1126.7213134765625,715.3740844726562,765.9395751953125
MI3_240820_TY1_1801_6_V02-4_1,경기종합지수 차트(꺾은선형)에 대해 알려주세요,1238.516357421875,1291.96533203125,846.6051635742188,714.8192138671875
MI3_240820_TY1_1816_1_V02-4_1,최근의 경제동향 국내 수요 소비자심리지수 꺾은선형에 대해 알려주세요,1310.862060546875,726.645263671875,968.9180908203125,711.6075439453125
MI3_240820_TY1_1816_2_V02-8_2,건설기성액 증감률 혼합형에 대해 알려주세요,1231.442138671875,1808.547607421875,978.3103637695312,731.336669921875
MI3_240820_TY1_1816_3_V01_2,제조업 생산 및 평균가동률 표에 대해 알려주세요,1310.79443359375,403.6456298828125,979.94091796875,1172.65673828125
MI3_240820_TY1_1816_4_V01_2,고용 관련 지표 표에 대해 알려주세요,1236.8421630859375,1264.7763671875,970.813720703125,1103.6728515625
MI3_240820_TY1_1816_5_V01_1,산업별 취업자수 증감 표에 대해 알려주세요,1312.533447265625,1139.6912841796875,975.5360107421875,1277.804443359375
MI3_240820_TY1_1816_6_V02-4_2,소비자물가 상승률 추이 꺾은선형에 대해 알려주세요,1224.912109375,1092.4451904296875,986.839111328125,862.8375854492188
MI3_240820_TY1_1820_1_V01_1,소매판매액 표에 대해 알려주세요,1294.810302734375,2162.3837890625,785.4735107421875,647.3515625
MI3_240820_TY1_1820_2_V02-8_1,국내기계수주 및 OECD 경기선행지수 혼합형에 대해 알려주세요,1226.241943359375,1961.0306396484375,795.3211059570312,633.5421142578125
MI3_240820_TY1_1820_3_V01_1,전산업 생산 전년 동기 대비 변화 차트(꺾은선형)에 대해 알려주세요,1294.2349853515625,498.6180725097656,787.4559326171875,1003.4606323242188
MI3_240820_TY1_1820_4_V02-2_1,전체 및 산업별 취업자수 변화 차트(가로 막대형)에 대해 알려주세요,1228.885986328125,535.9010009765625,793.7684326171875,568.478515625
MI3_240820_TY1_1820_5_V02-4_1,최근의 경제동향 차트(꺾은선형)에 대해 알려주세요,1292.1082763671875,534.2562866210938,787.3729858398438,625.2806396484375
MI3_240820_TY1_1820_6_V02-4_2,소비자물가 상승률에 대한 꺾은선형 차트에 대해 알려주세요,1229.0928955078125,539.5599975585938,788.8599853515625,641.4356079101562
MI3_240820_TY1_1824_1_V02-4_1,Figure 1. Prior and Posterior Distributions of Parameters 꺾은선형에 대해 알려주세요,365.2085266113281,1167.1302490234375,1453.853515625,1142.5660400390625
MI3_240820_TY1_1824_2_V02-4_1,한국의 월별 거시-금융 모형 추정에 대한 꺾은선형 그래프에 대해 알려주세요,368.1420593261719,513.4522705078125,1438.7952880859375,1169.20556640625
MI3_240820_TY1_1824_3_V02-4_1,4. 거시경제변수와 이자율 기간구조의 분산분해 분석 차트(꺾은선형)에 대해 알려주세요,352.98297119140625,1343.603759765625,1496.8631591796875,1070.8199462890625
MI3_240820_TY1_1824_4_V02-4_1,5. 이자율 기간구조의 잔차 분석과 관련된 Variance Decomposition 꺾은선형에 대해 알려주세요,372.4163513183594,537.9578247070312,1474.4732666015625,949.52099609375
MI3_240820_TY1_1834_1_V02-8_2,유로지역 경제성장률 전망에 대해 알려주세요,1288.728759765625,1062.5577392578125,844.352783203125,883.27685546875
MI3_240820_TY1_1834_2_V02-1_1,세계경제 교역 의존도 세로 막대형에 대해 알려주세요,333.4801025390625,457.9022216796875,898.0390625,939.879638671875
MI3_240820_TY1_1834_3_V02-4_2,세계교역 꺾은선형에 대해 알려주세요,519.4771118164062,2526.22216796875,1441.270751953125,665.197021484375
MI3_240820_TY1_1834_4_V02-1_2,IT버블 붕괴시와 주택버블 붕괴시의 차트(세로 막대형)에 대해 알려주세요,487.0675354003906,796.1468505859375,1477.539794921875,764.128173828125
MI3_240820_TY1_1834_5_V01_1,실질GDP 및 개인소비 변화에 대해 알려주세요,304.6294250488281,2280.9169921875,1875.4365234375,793.1188354492188
MI3_240820_TY1_1834_6_V02-8_3,혼합형에 대해 알려주세요,357.3974304199219,1424.1993408203125,1769.39013671875,828.5371704101562
MI3_240820_TY1_1838_1_V02-1_1,세계 원유 생산량 차트(세로 막대형)에 대해 알려주세요,1255.7864990234375,2263.193359375,820.9442138671875,581.667724609375
MI3_240820_TY1_1838_2_V02-4_2,경제성장률 차트(꺾은선형)에 대해 알려주세요,1257.243408203125,2399.90380859375,892.0330810546875,557.4384765625
MI3_240820_TY1_1838_3_V02-4_1,수출 및 수입 꺾은선형 차트에 대해 알려주세요,334.0465087890625,959.361328125,890.708740234375,586.2288818359375
MI3_240820_TY1_1838_4_V02-4_1,T01 T02 T03 차트(꺾은선형)에 대해 알려주세요,1248.6552734375,2261.842041015625,895.607421875,590.280517578125
MI3_240820_TY1_1866_1_V02-4_1,고용 창출력에 대한 차트(꺾은선형)에 대해 알려주세요,309.95806884765625,2688.23486328125,596.076416015625,563.8759765625
MI3_240820_TY1_1866_2_V02-8_2,스페인 청년고용률과 전체고용률 격차 차트(혼합형)에 대해 알려주세요,1616.9581298828125,1898.5721435546875,580.0137939453125,565.8811645507812
MI3_240820_TY1_1866_3_V02-4_3,장기실업자의 비중을 분석하는 막대형 차트에 대해 알려주세요,301.6555480957031,1140.3291015625,779.1393432617188,520.7752685546875
MI3_240820_TY1_1866_4_V02-4_2,리먼브라더스 파산 이후 각국 고용 현황을 나타내는 꺾은선형 차트에 대해 알려주세요,382.07421875,744.7103271484375,1833.667236328125,652.1659545898438
MI3_240820_TY1_1866_5_V02-4_5,<아일랜드> (2000=100) 꺾은선형에 대해 알려주세요,1291.620361328125,861.0419921875,858.1571044921875,511.8183898925781
MI3_240820_TY1_1866_6_V02-1_1,숙련도별 취업자 증감 차트(세로 막대형)에 대해 알려주세요,305.0519714355469,924.551025390625,1838.836669921875,646.9688720703125
MI3_240820_TY1_1870_1_V01_1,장외파생상품 종류 업무처리자동화 비율 차트에 대해 알려주세요,471.952392578125,1600.6572265625,1527.845703125,513.3427734375
MI3_240820_TY1_1870_2_V01_1,주요 장외파생상품거래의 CCP 이용현황(추정) 차트(세로 막대형)에 대해 알려주세요,457.6056213378906,520.6362915039062,1600.9462890625,501.9714660644531
MI3_240820_TY1_1870_3_V01_1,4 국제기준 제정의 의의 V에 대해 알려주세요,338.3713073730469,781.2887573242188,1805.715087890625,1293.3272705078125
MI3_240820_TY1_1870_4_V01_2,장외파생상품 신규 거래 기존 거래 표에 대해 알려주세요,409.73443603515625,580.5165405273438,1662.2298583984375,915.7704467773438
MI3_240820_TY1_1879_1_V02-8_1,중견기업 업체수 추이 혼합형에 대해 알려주세요,572.92724609375,2260.96630859375,1309.9619140625,833.9481811523438
MI3_240820_TY1_1879_2_V02-2_2,종업원수 규모에 따른 분포 차트(가로 막대형)에 대해 알려주세요,494.80712890625,2624.990966796875,791.5789794921875,451.2204284667969
MI3_240820_TY1_1879_3_V02-2_1,자산규모에 따른 분포 차트(가로 막대형)에 대해 알려주세요,489.830810546875,2630.934814453125,776.5639038085938,467.4150085449219
MI3_240820_TY1_1879_4_V02-2_1,매출규모에 따른 분포 차트(가로 막대형)에 대해 알려주세요,448.7940368652344,2762.545166015625,781.9132080078125,370.8515625
MI3_240820_TY1_1879_5_V02-4_2,업종별 부가가치율 추이 차트(꺾은선형)에 대해 알려주세요,490.81005859375,1627.73291015625,778.5196533203125,483.2342529296875
MI3_240820_TY1_1902_1_V02-4_1,MSCI 주가지수 차트(꺾은선형)에 대해 알려주세요,298.5993347167969,2267.1669921875,551.1389770507812,634.8366088867188
MI3_240820_TY1_1902_2_V02-4_2,2차산업과 3차산업 성장률 차트(꺾은선형)에 대해 알려주세요,1621.4931640625,2395.239990234375,608.875732421875,574.1437377929688
MI3_240820_TY1_1902_3_V02-4_1,소비지출 및 투자지출 성장률 차트(꺾은선형)에 대해 알려주세요,975.0208129882812,1132.5611572265625,625.6395263671875,642.584228515625
MI3_240820_TY1_1902_4_V02-4_2,위안화 환율 차트(꺾은선형)에 대해 알려주세요,1245.6390380859375,2613.92578125,888.8841552734375,633.0687866210938
MI3_240820_TY1_1902_5_V02-8_1,경상수지 변동 외환보유액에 대해 알려주세요,1270.673583984375,1975.2359619140625,872.4147338867188,682.5191650390625
MI3_240820_TY1_1925_2_V02-1_1,일반보증 금액별 보증현황 차트(세로 막대형)에 대해 알려주세요,311.6714782714844,1875.055908203125,1606.427734375,782.749267578125
MI3_240820_TY1_1948_1_V02-4_1,제조업 출하 및 재고 증감률 꺾은선형에 대해 알려주세요,378.95855712890625,647.4644165039062,1784.9451904296875,812.4979248046875
MI3_240820_TY1_1948_2_V02-4_1,대형소매점판매 및 승용차신규등록대수 꺾은선형 차트에 대해 알려주세요,379.99896240234375,560.6912841796875,1767.705810546875,775.42529296875
MI3_240820_TY1_1948_3_V02-8_1,대구경북지역 수출입 혼합형에 대해 알려주세요,482.0268249511719,1760.2303466796875,1640.386474609375,848.4520263671875
MI3_240820_TY1_1972_1_V01_1,대전지역 설비투자 관련 지표 차트(세로 막대형)에 대해 알려주세요,333.6706237792969,937.7359008789062,1852.08154296875,409.3766174316406
MI3_240820_TY1_1972_2_V02-8_1,(혼합형) 차트에 대해 알려주세요,327.86798095703125,2485.2646484375,1849.7789306640625,644.15771484375
MI3_240820_TY1_1972_3_V02-8_1,취업자수 증감 및 실업률 차트(혼합형)에 대해 알려주세요,338.1173400878906,2238.87744140625,1803.0955810546875,667.7147827148438
MI3_240820_TY1_1972_4_V02-4_1,소비자물가 상승률 차트(꺾은선형)에 대해 알려주세요,343.1548767089844,2265.284423828125,1816.7911376953125,747.358642578125
MI3_240820_TY1_1972_5_V02-4_1,주택 매매 및 전세가격 상승률 차트(꺾은선형)에 대해 알려주세요,325.7707214355469,1986.1146240234375,1826.685302734375,706.4527587890625
MI3_240820_TY1_1992_1_V02-4_2,인천지역 소비관련 주요 지표 꺾은선형 차트에 대해 알려주세요,315.3924560546875,1620.20458984375,903.3348388671875,648.657958984375
MI3_240820_TY1_1992_2_V02-8_2,인천지역 건축허가면적 혼합형에 대해 알려주세요,315.6396484375,1308.9110107421875,927.3873901367188,638.9090576171875
MI3_240820_TY1_1992_3_V02-8_1,인천지역 수출의 품목별·국가별 동향 혼합형에 대해 알려주세요,336.61334228515625,1088.7965087890625,1835.690673828125,587.1036376953125
MI3_240820_TY1_1992_4_V02-8_1,T01 T02 T03 혼합형에 대해 알려주세요,320.95904541015625,1028.3641357421875,1859.493896484375,584.793701171875
MI3_240820_TY1_1999_1_V02-1_1,강원지역 금융기관 여신 증감액 추이에 대해 알려주세요,438.376220703125,2521.534423828125,1458.90478515625,641.971435546875
MI3_240820_TY1_1999_2_V01_1,예금은행 중소기업대출 추이 표에 대해 알려주세요,244.03103637695312,1292.6197509765625,1900.5770263671875,528.86279296875
MI3_240820_TY1_1999_3_V01_1,금융기관 주택담보대출 동향 표에 대해 알려주세요,240.51898193359375,1047.537353515625,1896.7801513671875,666.5979614257812
MI3_240820_TY1_1999_4_V01_1,자산운용사 수신 동향 표에 대해 알려주세요,248.17884826660156,1182.9561767578125,1867.6588134765625,962.21337890625
MI3_240820_TY1_2055_1_V02-4_1,"구인배율, 구인충족률, 취업성공률 추이에 대해 알려주세요",384.6308288574219,2456.779541015625,778.1500244140625,624.767822265625
MI3_240820_TY1_2055_2_V02-4_1,나이 미스매치 지수 차트(꺾은선형)에 대해 알려주세요,644.6907958984375,583.7667236328125,1147.208984375,571.9064331054688
MI3_240820_TY1_2055_3_V02-4_1,Mot와 MR 비교 꺾은선형 차트에 대해 알려주세요,476.83111572265625,2407.041748046875,1552.702880859375,260.043212890625
MI3_240820_TY1_2062_1_V02-4_1,Yes확률 차트(꺾은선형)에 대해 알려주세요,297.8718566894531,2053.8466796875,1796.5128173828125,997.8632202148438
MI3_240820_TY1_2062_2_V01_2,최고 최소 최종응답현황 표에 대해 알려주세요,300.4675598144531,2060.19970703125,1770.8336181640625,388.2138671875
MI3_240820_TY1_2062_3_V02-4_1,Logit Model의 결과 꺾은선형 차트에 대해 알려주세요,299.5022277832031,558.0982666015625,1839.7393798828125,1036.3056640625
MI3_240820_TY1_2067_1_V02-4_2,<Figure 2> 차트(꺾은선형)에 대해 알려주세요,405.59918212890625,1447.8927001953125,1410.4388427734375,715.8184204101562
MI3_240821_TY1_0006_1_V01_2,제1주제: 제19대 국회 성 인지성 제고를 위한 제언 표에 대해 알려주세요,258.7575378417969,1919.549072265625,1964.059814453125,1161.664306640625
MI3_240821_TY1_0006_2_V02-1_1,제16대~제18대 전반기 상임위별 소관 대표발의 현황 차트에 대해 알려주세요,499.2785949707031,1259.14697265625,1470.54248046875,621.0
MI3_240821_TY1_0006_3_V02-2_1,여성관련 법률안 시기별 현황 차트(가로 막대형)에 대해 알려주세요,412.89044189453125,1242.076416015625,1689.7203369140625,673.0158081054688
MI3_240821_TY1_0006_4_V01_1,<표 5> 제16대~제18대 전반기 여성 의원의 의정활동 차트(세로 막대형)에 대해 알려주세요,293.1468811035156,507.36669921875,1898.938720703125,1364.65673828125
MI3_240821_TY1_0062_2_V01_1,김정은체제와 한반도정세에 관련된 내용과 통계 차트에 대해 알려주세요,387.0871276855469,1454.8795166015625,1703.6953125,1602.4996337890625
MI3_240821_TY1_0062_3_V01_1,발표문 Ⅲ 일자 주요 내용 차트에 대해 알려주세요,391.25543212890625,463.2397766113281,1700.3511962890625,2040.9998779296875
MI3_240821_TY1_0063_1_V01_1,국회 선진화법과 제19대 국회운영 전망에 대해 알려주세요,386.0926818847656,1397.3299560546875,1710.159912109375,586.7984619140625
MI3_240821_TY1_0063_2_V01_1,민주화 이후 역대 국회별법안 제안 현황에 대해 알려주세요,383.7338562011719,1563.712890625,1714.260009765625,1466.33447265625
MI3_240821_TY1_0063_3_V01_1,국회 선진화법과 제19대 국회운영에 대한 문서에서의 응답 내용을 기반으로 한 차트에 대해 알려주세요,382.5632629394531,1959.31689453125,1716.6650390625,522.968505859375
MI3_240821_TY1_0073_3_V01_1,한국 여성의 미국 일본 · 오스트레일리아 진출 관련 고소득 취업보장 및 인터넷 광고에 대해 알려주세요,368.9325256347656,533.6537475585938,1748.8717041015625,1990.6055908203125
MI3_240821_TY1_0076_1_V01_1,[표 5] 지역규모별 기초학력 미달 학생 비율(2005년) 차트(세로 막대형)에 대해 알려주세요,367.7541198730469,1190.82177734375,1743.59423828125,1223.2850341796875
MI3_240821_TY1_0083_1_V01_1,한국형 금융ADR의 제도모델에 대한 표에 대해 알려주세요,374.7467956542969,1642.49462890625,1728.702392578125,345.4869384765625
MI3_240821_TY1_0083_2_V01_1,금융소비자보호의 법적 과제와 전망과 금융ADR의 제도모델 차트에 대해 알려주세요,373.2992858886719,722.1151123046875,1733.853515625,1106.15185546875
MI3_240821_TY1_0083_3_V01_1,한국형 금융ADR의 제도모델과 관련된 법률 시행령 분쟁조정 절차에 대해 알려주세요,376.1440734863281,1569.80419921875,1728.5556640625,1549.1314697265625
MI3_240821_TY1_0083_4_V01_1,법률 시행령 분쟁조정세칙에 대해 알려주세요,372.57000732421875,453.72845458984375,1730.666015625,1089.334228515625
MI3_240821_TY1_0095_1_V01_1,토론문 1 특수고용노동자 노동3권 보장과 노조법 제2조에 대해 알려주세요,368.330322265625,1719.54736328125,1738.1318359375,1177.7030029296875
MI3_240821_TY1_0095_2_V01_1,국회입법조사처·복지노동포럼 공동세미나 특수형태근로종사자 보호를 위한 임금분포 차트에 대해 알려주세요,373.2127380371094,1377.9891357421875,1729.4217529296875,1264.136962890625
MI3_240821_TY1_0095_3_V01_2,토론문 1 특수고용노동자 노동3권 보장과 <표> 임금근로자의 노동조합 가입 비율에 대해 알려주세요,373.54974365234375,2615.325439453125,1726.513916015625,464.68603515625
MI3_240821_TY1_0095_4_V01_1,국회입법조사처·복지노동포럼 공동세미나 특수형태근로종사자 보호를 위한 차트(세로 막대형)에 대해 알려주세요,374.151611328125,525.92822265625,1726.5286865234375,398.448974609375
MI3_240821_TY1_0095_5_V01_1,토론문 1 정부안 민주노총입장에 대해 알려주세요,368.45751953125,524.343505859375,1731.941162109375,1548.6705322265625
MI3_240821_TY1_0111_2_V01_1,"정책토론회 빚더미 정부재정, 산출과 관리에 대해 알려주세요.",319.281005859375,1129.2408447265625,1841.3021240234375,2052.864990234375
MI3_240821_TY1_0111_5_V01_1,"정책토론회 빚더미 정부재정, 산출과 관리 어떻게 할 것인가? 국가결산 일반정부 공공부문 구분 부채에 대해 알려주세요",318.08477783203125,512.9041137695312,1833.3055419921875,1994.1402587890625
MI3_240821_TY1_0116_1_V02-6_1,2014년 세법개정의 쟁점과 과제 차트(분산형)에 대해 알려주세요,420.1422424316406,1620.373046875,1577.234619140625,1514.300537109375
MI3_240821_TY1_0116_2_V01_3,2014년 세법개정의 쟁점과 과제 표에 대해 알려주세요,351.522216796875,2562.896728515625,1768.377197265625,323.712890625
MI3_240821_TY1_0116_3_V01_1,세액감면 중소기업 일반법인 세액감면종류 구분 표에 대해 알려주세요,348.23907470703125,930.9874267578125,1774.0626220703125,2150.84521484375
MI3_240821_TY1_0116_4_V01_1,2014년 세법개정의 쟁점과 과제에 대해 알려주세요,352.5641784667969,1466.26708984375,1785.613037109375,1613.41064453125
MI3_240821_TY1_0129_1_V02-1_1,공직자의 인성과 윤리성: 현상과 발전방향 차트(세로 막대형)에 대해 알려주세요,456.7950439453125,565.558837890625,1617.3778076171875,753.981201171875
MI3_240821_TY1_0129_3_V01_1,주제발표. 공직자의 인성과 윤리성: 현상과 발전방향에 대해 알려주세요,345.81341552734375,2318.62548828125,1789.998046875,741.979248046875
MI3_240821_TY1_0129_4_V01_1,공직자의 인성과 윤리와 관련된 내용에서 순번과 인성덕목 구성내용을 담고 있는 차트에 대해 알려주세요.,344.52264404296875,2200.74462890625,1790.217041015625,934.47802734375
MI3_240821_TY1_0129_6_V01_1,공직자의 인성과 윤리와 안전업무 담당자의 의사결정 행위 유형에 대해 알려주세요,392.6886901855469,557.643310546875,1750.018310546875,731.4077758789062
MI3_240821_TY1_0132_1_V01_1,발제 북한경제특구 진출기업에 대한 지원정책방향과 과제 차트에 대해 알려주세요,350.1012878417969,2272.428466796875,1778.79052734375,237.822509765625
MI3_240821_TY1_0132_2_V01_2,<표2> 중앙급 경제특구의 현황에 대해 알려주세요,346.2681884765625,2522.00048828125,1785.9185791015625,501.8955078125
MI3_240821_TY1_0132_3_V01_1,발제. 북한경제특구 진출기업에 대한 지원정책방향과 과제와 관련하여 수집된 데이터에 대해 알려주세요.,346.2536315917969,466.1175537109375,1789.590576171875,830.2605590820312
MI3_240821_TY1_0132_4_V01_1,투자액 지역 면적 주요 산업 차트(세로 막대형)에 대해 알려주세요,343.6023254394531,468.0308532714844,1788.5611572265625,833.3846435546875
MI3_240821_TY1_0175_1_V01_1,"CYS-Net 기능별 관련 기관, 단체 및 개인전문가 차트에 대해 알려주세요",370.6086730957031,1826.4078369140625,1740.1201171875,1288.2911376953125
MI3_240821_TY1_0182_1_V02-1_1,내수와 순수출의 성장기여도에 대해 알려주세요,487.4671630859375,633.8906860351562,1467.6641845703125,935.4454956054688
MI3_240821_TY1_0182_2_V01_1,대중국 품목별 가공무역 수출에 대해 알려주세요,457.6014709472656,1881.032470703125,1505.9830322265625,1087.9822998046875
MI3_240821_TY1_0182_3_V02-4_1,나. 중기전망 및 [그림 8] 세계경제성장률과 국내경제성장률 전망에 대해 알려주세요,467.0413818359375,1523.569580078125,1506.8563232421875,763.59326171875
MI3_240821_TY1_0182_4_V01_1,수출디플레이터와 수입디플레이터 상승률 추이 표에 대해 알려주세요,455.7283020019531,2032.61865234375,1565.1282958984375,424.9606628417969
MI3_240821_TY1_0182_5_V02-1_1,국회예산정책처와 행정부의 경상성장률 전망치 비교 차트(세로 막대형)에 대해 알려주세요,451.5979309082031,633.3564453125,1470.7181396484375,914.5750732421875
MI3_240821_TY1_0183_1_V02-1_1,[그림 4] OECD 회원국의 합계출산율에 대해 알려주세요,442.2073974609375,2254.818359375,1591.9022216796875,691.04833984375
MI3_240821_TY1_0183_2_V01_1,15~49세 여성인구에 대한 연도별 데이터에 대해 알려주세요,448.0828552246094,2112.22802734375,1576.5035400390625,755.2174682617188
MI3_240821_TY1_0183_3_V01_1,2017년 시군구별 0~5세 아동보육 공급률 표에 대해 알려주세요,460.69415283203125,604.4989013671875,1574.1300048828125,1417.0274658203125
MI3_240821_TY1_0183_4_V01_1,2017년 시군구별 0~5세 국공립 어린이집 공급률에 대해 알려주세요,454.50665283203125,2289.091796875,1567.93017578125,539.42138671875
MI3_240821_TY1_0191_1_V02-4_1,나. 중장기 과세방안 적용시 세수효과 차트(꺾은선형)에 대해 알려주세요,485.03204345703125,1733.4755859375,1557.1512451171875,1087.4715576171875
MI3_240821_TY1_0191_2_V02-8_1,주식양도차익 제도 확장에 따른 세수효과 및 과세대상인원에 대해 알려주세요,508.7027587890625,1678.7777099609375,1510.0682373046875,1261.223876953125
MI3_240821_TY1_0191_3_V01_1,T01 T02 T03 표에 대해 알려주세요,454.7022399902344,2436.962890625,1571.3822021484375,443.8339538574219
MI3_240821_TY1_0191_4_V02-1_1,가. 주식시장이 호황인 경우에 대해 알려주세요,492.9268798828125,1612.4580078125,1538.3463134765625,1204.810302734375
MI3_240821_TY1_0210_2_V01_1,현 정부의 미래성장동력 정책 및 주요내용 차트에 대해 알려주세요,456.724609375,611.8036499023438,1563.2529296875,1063.0927734375
MI3_240821_TY1_0252_1_V01_1,고용보험 국민연금 건강보험에 대해 알려주세요,0.0,0.0,0.0,0.0
MI3_240821_TY1_0252_2_V02-4_1,전년대비 실업자 수 및 구직급여 지출액 증가분 추이에 대해 알려주세요,368.0239562988281,456.8203125,1686.9356689453125,1063.761962890625
MI3_240821_TY1_0252_3_V01_1,고용보험 재정기준선 전망과 과제 및 육아휴직급여 제도변화에 따른 재정소요에 대해 알려주세요,369.3564147949219,521.718505859375,1731.656005859375,1454.398193359375
MI3_240821_TY1_0252_4_V02-8_2,육아휴직급여 제도변화에 따른 지출 및 누적적립금 차트(혼합형)에 대해 알려주세요,434.0439453125,1751.7252197265625,1617.829345703125,1061.1417236328125
MI3_240821_TY1_0252_5_V02-1_1,모성보호급여의 재원분담 차트(세로 막대형)에 대해 알려주세요,366.7748107910156,1779.8248291015625,1669.4967041015625,1112.8846435546875
MI3_240821_TY1_0255_1_V02-1_1,대/중소기업별 인력부족율 차트(세로 막대형)에 대해 알려주세요,283.6209411621094,612.013671875,1908.5711669921875,1043.79345703125
MI3_240821_TY1_0255_2_V02-1_1,연도별 분야별 직업훈련사업 현황 차트(세로 막대형)에 대해 알려주세요,325.2676086425781,585.7796020507812,1869.357177734375,1173.4185791015625
MI3_240821_TY1_0255_4_V02-1_1,대/중소기업별 인력부족율 차트(세로 막대형)에 대해 알려주세요,346.1449890136719,628.9558715820312,1830.8023681640625,1012.0889892578125
MI3_240821_TY1_0255_5_V02-1_1,기업규모별 사업주 직업능력개발사업 지원현황 차트(세로 막대형)에 대해 알려주세요,235.07620239257812,856.055908203125,1981.0662841796875,1217.668212890625
MI3_240821_TY1_0261_1_V01_2,I 결산 개요 1 현황 [2019회계연도 대통령비서실 및 국가안보실 소관 세출 결산] 표에 대해 알려주세요,459.2440490722656,2417.96630859375,1576.05224609375,538.0263671875
MI3_240821_TY1_0261_2_V01_1,대통령비서실 및 국가안보실의 재정운영결과 표에 대해 알려주세요,458.4374694824219,1117.7899169921875,1562.3876953125,938.4805908203125
MI3_240821_TY1_0261_3_V01_2,가. 세입 · 세출 결산 2019회계연도 대통령경호처 소관 세출 결산 예산 표에 대해 알려주세요,464.1483459472656,1536.903076171875,1561.920654296875,361.9496765136719
MI3_240821_TY1_0261_4_V01_1,2019년 영상 보고서 제작 현황 및 보고서명 집행액에 대해 알려주세요.,456.444580078125,623.419921875,1570.86669921875,565.0758056640625
MI3_240821_TY1_0268_2_V02-8_1,아태사이버범죄 개도국 허브 사업의 운영 방식과 관련하여 혼합형 차트에 대해 알려주세요,0.0,0.0,0.0,0.0
MI3_240821_TY1_0268_4_V02-8_1,사건접수 사건처리 혼합형 차트에 대해 알려주세요,461.96630859375,624.3047485351562,1572.0440673828125,501.480712890625
MI3_240821_TY1_0283_2_V03_1,재원이전 현황에 대한 다이어그램에 대해 알려주세요,546.9895629882812,1908.7525634765625,1402.2088623046875,986.084716796875
MI3_240821_TY1_0283_3_V03_1,분쟁조정 사건처리 절차에 대해 알려주세요.,481.7135009765625,1978.1300048828125,1447.7421875,931.9100341796875
MI3_240821_TY1_0283_5_V01_1,해운보증기구 사업 집행 절차와 해양보증보험 연도별 자본유치 계획 및 실적 차트에 대해 알려주세요,457.3037109375,2424.3984375,1560.564208984375,480.260498046875
MI3_240821_TY1_0308_3_V03_1,기 개방 공공데이터 관련 다이어그램에 대해 알려주세요,468.4639892578125,1146.3717041015625,1463.1341552734375,569.395263671875
MI3_240821_TY1_0318_3_V01_1,플랫폼 운영조직 체계 및 인력 현황 차트(세로 막대형)에 대해 알려주세요,1250.99609375,2221.5107421875,764.9183349609375,498.6611022949219
MI3_240821_TY1_0322_3_V01_1,[2023년도 소년원생 급량비 세부 편성 내역] 표에 대해 알려주세요,458.8476867675781,1678.3955078125,1569.4703369140625,637.2120361328125
MI3_240821_TY1_0345_2_V03_1,사업 추진절차 ICT기금사업 협약에 대해 알려주세요,468.22467041015625,667.2896728515625,1508.620849609375,1093.73046875
MI3_240821_TY1_0345_3_V02-8_1,연구자 주도 기초연구 사업의 유형별 수혜 현황 혼합형에 대해 알려주세요,459.3039855957031,1238.7559814453125,1498.5255126953125,798.672607421875
MI3_240821_TY1_0370_1_V02-2_1,교육문제와 저출산에 대해 알려주세요,448.293212890625,1331.89501953125,1581.9775390625,866.0510864257812
MI3_240821_TY1_0370_2_V02-1_1,국가별 청소년 삶의 만족도 차트(세로 막대형)에 대해 알려주세요,448.5054931640625,863.6207885742188,1574.6190185546875,1167.0469970703125
MI3_240821_TY1_0370_3_V02-1_1,초중등교육과정 정부부담 및 민간부담 공교육비의 상대적 비중 차트(세로 막대형)에 대해 알려주세요,455.7937316894531,616.3036499023438,1556.0916748046875,1017.6422729492188
MI3_240821_TY1_0387_2_V01_1,예술인생활안정자금(융자)사업의 절차에 대해 알려주세요,461.4169921875,1902.2506103515625,1543.553466796875,999.8463745117188
MI3_240821_TY1_0387_3_V03_1,2020~2026년 축구 리그 도입 로드맵 다이어그램에 대해 알려주세요,463.83880615234375,2326.749267578125,1561.0513916015625,338.078369140625
MI3_240821_TY1_0387_5_V03_1,[2020년도 문화재청 소관 회계 · 기금 간 재원이전 현황] 다이어그램에 대해 알려주세요,451.5821228027344,1639.9271240234375,1551.38330078125,1178.1092529296875
MI3_240821_TY1_0394_2_V03_1,회계· 기금 간 재원이전 현황 다이어그램에 대해 알려주세요,471.2556457519531,1707.7333984375,1548.454833984375,1209.7391357421875
MI3_240821_TY1_0394_3_V01_1,2024년도 비축사업 계획안 현황 표에 대해 알려주세요,459.7578125,1314.5513916015625,1566.5286865234375,278.5274353027344
MI3_240821_TY1_0394_5_V03_1,[회계 · 기금 간 재원이전 현황] 다이어그램에 대해 알려주세요,479.33087158203125,1977.1080322265625,1516.724609375,758.518310546875
MI3_240821_TY1_0437_2_V01_1,2020년 보육료 지원 체계 표에 대해 알려주세요,460.98876953125,2345.75146484375,1551.165283203125,373.07568359375
MI3_240821_TY1_0463_2_V02-4_1,북한의 GDP 꺾은선형 그래프에 대해 알려주세요,437.09735107421875,1861.0859375,1603.9727783203125,805.3981323242188
MI3_240821_TY1_0463_3_V02-4_1,남북한 인구증가율 꺾은선형에 대해 알려주세요,494.3854064941406,1244.167724609375,1497.3388671875,889.719970703125
MI3_240821_TY1_0463_4_V02-4_1,다. 산업동향의 꺾은선형 차트에 대해 알려주세요,486.84912109375,478.3560791015625,1490.3958740234375,723.9109497070312
MI3_240821_TY1_0463_5_V01_1,북한 산업구조 변화 표에 대해 알려주세요,558.360595703125,2254.736083984375,1361.3909912109375,743.0910034179688
MI3_240821_TY1_0465_1_V02-4_1,T01 T02 T03 꺾은선형에 대해 알려주세요,684.4957275390625,723.9857788085938,1265.722412109375,1957.64453125
MI3_240821_TY1_0465_3_V02-4_1,확대통화정책 충격반응함수 차트(꺾은선형)에 대해 알려주세요,684.1751098632812,724.1030883789062,1266.2742919921875,1971.4271240234375
MI3_240821_TY1_0478_2_V01_1,주요 작업 및 각 OECD 국가 그룹 별 특성 및 지표 별 연관성 차트에 대해 알려주세요,284.6440734863281,3075.443115234375,1889.7823486328125,86.570068359375
MI3_240821_TY1_0494_1_V02-4_2,소비자 평가지수 및 기업경기 실사지수 추이 차트(꺾은선형)에 대해 알려주세요,688.570068359375,601.4052734375,1091.51953125,689.4014892578125
MI3_240821_TY1_0494_2_V02-4_1,수·출입 증가율 추이에 대한 꺾은선형 차트에 대해 알려주세요,701.0848999023438,611.1019287109375,1028.8697509765625,666.1183471679688
MI3_240821_TY1_0494_3_V02-4_1,"주가, 금리·환율 변동 추이 차트(꺾은선형)에 대해 알려주세요",630.4700317382812,2018.496337890625,1218.5419921875,803.8709716796875
MI3_240821_TY1_0494_4_V02-3_1,국고채의 종류별 비중에 대한 차트(원형)에 대해 알려주세요,681.1036987304688,679.1061401367188,1081.84521484375,890.7332153320312
MI3_240821_TY1_0502_1_V02-3_1,2005년도 예산안의 사업형태별 비중에 대해 알려주세요,447.3971252441406,671.1005859375,1562.4039306640625,1078.9873046875
MI3_240821_TY1_0505_1_V02-4_1,에 대한 의 꺾은선형 차트에 대해 알려주세요,517.3761596679688,1612.5850830078125,1464.26611328125,1140.80224609375
MI3_240821_TY1_0505_2_V02-4_1,[그림 2] 건물의 거래건수에 대한 동태적 변화(시나리오 1) 차트(꺾은선형)에 대해 알려주세요,471.6123352050781,1926.0150146484375,1585.20458984375,824.5921020507812
MI3_240821_TY1_0505_3_V02-1_1,2. 세수추계에 대한 4000cc 이상 차량 대수 막대형 차트에 대해 알려주세요,469.3232116699219,1410.3243408203125,1517.39990234375,1120.933837890625
MI3_240821_TY1_0505_4_V02-4_1,장애인 LPG 차량연료 사용량 및 2005년 전망에 대해 알려주세요,468.568359375,672.9371337890625,1521.361572265625,1050.516845703125
MI3_240821_TY1_0513_1_V01_1,Ⅲ. 조사결과 요약 1. 주거 및 주거환경 지역별 주택유형 표에 대해 알려주세요,333.00152587890625,1855.1424560546875,1816.1373291015625,477.7672119140625
MI3_240821_TY1_0513_2_V01_1,소득계층별 주택유형 표에 대해 알려주세요,323.82586669921875,617.3894653320312,1825.568359375,631.5106201171875
MI3_240821_TY1_0513_3_V02-1_1,지역별 점유형태 차트(원형)에 대해 알려주세요,339.4866638183594,2202.8974609375,1803.2135009765625,865.825439453125
MI3_240821_TY1_0513_4_V01_2,<표 8> 차트(가로 막대형)에 대해 알려주세요,323.0381164550781,608.5994262695312,1829.4224853515625,608.5065307617188
MI3_240821_TY1_0516_1_V01_1,제목에 포함된 내용과 관련하여 저소득층 생업자금 지원 조건 및 기타 융자정보에 대해 알려주세요.,453.40960693359375,1103.4078369140625,1571.779296875,514.0014038085938
MI3_240821_TY1_0516_3_V02-8_1,2006년 신항만건설사업 예산안 특징 차트(혼합형)에 대해 알려주세요,677.6428833007812,2131.9765625,1121.918212890625,758.17529296875
MI3_240821_TY1_0516_4_V01_1,[표 5] 교통시설특별회계 각 계정별 예산에 대해 알려주세요,449.2898864746094,847.9559326171875,1580.777099609375,1062.8521728515625
MI3_240821_TY1_0532_1_V01_1,제목에 해당하는 내용을 바탕으로 지역별 자녀와의 동거 희망에 대한 의견 표에 대해 알려주세요,342.713134765625,680.5491943359375,1791.961181640625,834.1626586914062
MI3_240821_TY1_0532_2_V02-1_2,제목에 따른 상황별 노후 희망 거주 형태 차트(세로 막대형)에 대해 알려주세요,404.5942077636719,1793.08154296875,1725.316162109375,1234.46728515625
MI3_240821_TY1_0532_3_V02-1_2,제목에 해당하는 내용을 기반으로 노인 개인에 대한 차트(세로 막대형)에 대해 알려주세요.,393.8634948730469,1801.03759765625,1735.147216796875,1221.82958984375
MI3_240821_TY1_0549_1_V01_1,소득세법 주요 개정 내용과 관련된 차트에 대해 알려주세요,457.0071105957031,1305.0013427734375,1567.5517578125,1613.9366455078125
MI3_240821_TY1_0549_2_V01_1,법인세율 및 최저한세율의 변화 차트(세로 막대형)에 대해 알려주세요,455.16143798828125,1823.2274169921875,1556.4168701171875,929.3359985351562
MI3_240821_TY1_0549_3_V02-8_1,세제개편으로 인한 세수변화 계산 방식의 차이에 대해 알려주세요,452.8129577636719,1500.880859375,1549.6162109375,317.2712097167969
MI3_240821_TY1_0551_1_V01_1,기금 자산 부채 현황에 대해 알려주세요,451.9811706542969,532.7117309570312,1577.6610107421875,969.0635986328125
MI3_240821_TY1_0551_2_V02-4_1,2006~2008년도 기금유형별 순자산 추이에 대해 알려주세요,450.7630615234375,584.698486328125,1580.0303955078125,986.3179321289062
MI3_240821_TY1_0551_3_V02-1_1,2007~2008년도 기금유형별 여유자금 운용 규모 추이에 대해 알려주세요,449.72412109375,586.3007202148438,1580.418701171875,838.8446655273438
MI3_240821_TY1_0555_1_V01_1,기초원천연구에 대한 투자와 R&D 성과지표 측정방법 차트(세로 막대형)에 대해 알려주세요,413.34320068359375,1856.4000244140625,1649.18701171875,1121.839599609375
MI3_240821_TY1_0555_2_V01_1,성과지표 및 측정방법 차트에 대해 알려주세요,414.9576110839844,1409.063720703125,1648.840087890625,1137.4229736328125
MI3_240821_TY1_0555_3_V01_1,연구역랑을 강화하고 경쟁력 있는 사학을 육성한다에 대해 알려주세요,415.76922607421875,814.4588623046875,1650.9375,1121.003173828125
MI3_240821_TY1_0558_3_V01_1,"이 문서에서는 기관명 회계와 관련된 공단 운영비에 대해 다루고 있으며, 이와 관련된 시각적 요소인 표에 대해 알려주세요.",448.8746032714844,528.104736328125,1553.591552734375,831.645263671875
MI3_240821_TY1_0560_2_V01_1,[표 1] 2008년도 회계별 세출예산안 현황에 대해 알려주세요,452.4016418457031,607.0259399414062,1572.147705078125,598.8604736328125
MI3_240821_TY1_0560_3_V01_1,2004~2006 청년층의 직장체험 형태 표에 대해 알려주세요,452.79217529296875,605.343505859375,1564.9285888671875,677.0647583007812
MI3_240821_TY1_0567_4_V02-1_1,미국과 캐나다 역시 신용카드 비중과 직불카드 비중이 크게 차이가 나지 않고 있다. GDP 대비 신용카드와 직불카드의 이용 비중 차트에 대해 알려주세요.,527.3359375,853.36474609375,1501.4102783203125,862.8701171875
MI3_240821_TY1_0567_5_V02-4_1,소득분위별 가구당 월평균 실질소득 추이에 대해 알려주세요,492.82464599609375,875.3971557617188,1488.486083984375,1045.96337890625
MI3_240821_TY1_0572_3_V01_1,[표 3] 표에 대해 알려주세요,463.0544738769531,2380.38232421875,1551.25,383.359130859375
MI3_240821_TY1_0591_1_V01_1,교육과학기술부 국제공동연구 및 인력교류사업 비교 표에 대해 알려주세요,459.63031005859375,600.7208251953125,1563.3369140625,1339.7646484375
MI3_240821_TY1_0591_2_V01_1,2009년도 WCU사업 예산안 현황에 대한 차트(세로 막대형)에 대해 알려주세요,451.2541198730469,600.10888671875,1580.8907470703125,1153.942138671875
MI3_240821_TY1_0591_3_V01_1,WCU사업 세부 내역 차트(세로 막대형)에 대해 알려주세요,447.96246337890625,971.07373046875,1585.1982421875,1048.7044677734375
MI3_240821_TY1_0635_1_V01_1,고령자 및 여성 고용촉진 컨설팅 예산변경 현황 표에 대해 알려주세요,462.4781188964844,1133.742431640625,1554.4501953125,561.5162353515625
MI3_240821_TY1_0635_2_V01_1,무공영예수당 예산 변경 현황에 대해 알려주세요,463.0205383300781,615.99267578125,1553.0037841796875,409.6329345703125
MI3_240821_TY1_0635_3_V01_2,[표 8] 참전명예수당의 이·전용 및 조정을 통한 감액 현황 표에 대해 알려주세요,463.6150817871094,2022.4603271484375,1553.6112060546875,417.5211181640625
MI3_240821_TY1_0653_1_V02-4_1,Ⅱ. 주요사업의 성과와 중기재정계획의 연계 중기계획 차트(꺾은선형)에 대해 알려주세요,492.5223693847656,2089.169189453125,1503.02734375,821.9691772460938
MI3_240821_TY1_0653_2_V01_1,Ⅱ. 농림·수산·식품 분야 주요사업의 재정소요에 대해 알려주세요,413.09368896484375,535.2235107421875,1657.296142578125,539.501953125
MI3_240821_TY1_0653_3_V02-2_1,농림·수산·식품 분야의 주요 지표 및 환경오염 부하 경감 차트(가로 막대형)에 대해 알려주세요,501.17919921875,2078.926513671875,1481.7181396484375,797.2543334960938
MI3_240821_TY1_0656_1_V02-1_1,총수입 증가폭 추이 차트(세로 막대형)에 대해 알려주세요,675.0863037109375,596.8302001953125,1166.3037109375,652.7884521484375
MI3_240821_TY1_0656_2_V01_1,BOX 6. 2012년 세수전망과 국세탄력성에 대해 알려주세요,574.6663208007812,2408.293701171875,1314.930908203125,282.060791015625
MI3_240821_TY1_0656_3_V02-1_1,국세증가율 (%) 차트(세로 막대형)에 대해 알려주세요,611.620361328125,1493.7432861328125,1238.595458984375,620.0133056640625
MI3_240821_TY1_0656_4_V02-8_1,2011~2015년 전망 및 양도소득세수 증가율 혼합형에 대해 알려주세요,536.32080078125,1038.3121337890625,1495.4503173828125,890.5233154296875
MI3_240821_TY1_0670_1_V01_1,우리나라의 재정위험 분류와 관련된 직접채무 및 민간투자 사업에 대해 알려주세요,323.8937683105469,386.007568359375,1796.279296875,662.6663818359375
MI3_240821_TY1_0705_1_V01_2,[표 8] 차트(세로 막대형)에 대해 알려주세요,1204.75341796875,2296.17919921875,808.032958984375,418.24560546875
MI3_240821_TY1_0743_2_V01_1,리경로에서 소비변동의 요인별 기여율 차트에 대해 알려주세요,468.529052734375,2226.845703125,1544.3021240234375,587.237060546875
MI3_240821_TY1_0743_3_V02-8_1,"제목에 포함된 데이터의 시각적 표현으로서, 원/엔 환율과 대일 무역수지 혼합형 차트에 대해 알려주세요.",446.7606201171875,1516.7784423828125,1577.6722412109375,956.0145263671875
MI3_240821_TY1_0773_1_V02-2_2,2013년 주요기관별 성인지 결산 대상사업 및 집행액 가로 막대형에 대해 알려주세요,479.288818359375,628.4702758789062,1488.3741455078125,549.8175659179688
MI3_240821_TY1_0773_2_V01_1,법무부의 결산 자료에 대한 표 형식의 정보에 대해 알려주세요.,459.10992431640625,2348.544677734375,1532.9859619140625,619.843017578125
MI3_240821_TY1_0773_3_V01_1,성평등 목표 현황 표에 대해 알려주세요,455.07208251953125,599.8199462890625,1569.1053466796875,1669.6878662109375
MI3_240821_TY1_0784_1_V02-7_1,이 문서의 제목에 따른 분야별 재원배분의 전년대비 및 연평균 증가율 비교 차트에 대해 알려주세요,659.5800170898438,588.1211547851562,1297.44921875,2316.24560546875
MI3_240821_TY1_0784_2_V02-4_1,실질 GDP 성장률 꺾은선형에 대해 알려주세요,444.5765075683594,921.7350463867188,1568.15380859375,873.8189086914062
MI3_240821_TY1_0784_3_V02-5_1,금번 국가재정운용계획과 관련하여 우리나라의 인구 구조 변화와 장기적인 재정에 대해 알려주세요.,450.239990234375,790.9160766601562,777.7259521484375,834.22705078125
MI3_240821_TY1_0788_3_V01_1,[표 78] 가업승계세제 개정안의 내용에 대해 알려주세요,453.8726501464844,615.0699462890625,1573.31396484375,1336.2252197265625
MI3_240821_TY1_0798_2_V02-8_1,보건·복지·고용 분야 총지출 예산 전년대비 증가율 차트(혼합형)에 대해 알려주세요,460.65203857421875,634.8949584960938,1479.2275390625,673.6547241210938
MI3_240821_TY1_0798_3_V02-4_1,이 문서에서 국가재정운용계획의 SOC 비중 현황을 나타내는 차트에 대해 알려주세요,462.2311096191406,902.6694946289062,1535.4061279296875,862.32666015625
MI3_240821_TY1_0809_2_V01_1,댐 건설 사업 결산 현황 표에 대해 알려주세요,443.72027587890625,1095.77490234375,1593.569091796875,1034.4873046875
MI3_240821_TY1_0809_3_V01_1,댐 건설 사업의 사업기간 변동 현황 표에 대해 알려주세요,431.0049133300781,1141.689697265625,1616.5281982421875,1158.841064453125
MI3_240821_TY1_0814_3_V01_3,경력단절여성 취업지원과 취업성공패키지지원 비교에 대해 알려주세요,462.5670471191406,448.9410705566406,1553.3211669921875,460.239990234375
MI3_240821_TY1_0831_1_V01_2,2015 도시교통 ATMS 요일별 교통량에 대해 알려주세요,250.77462768554688,1998.3822021484375,1978.9276123046875,428.7164306640625
MI3_240821_TY1_0831_2_V01_1,제2장 종합 분석 2.2 속도 통계 자료에 대해 알려주세요,250.56613159179688,898.1924438476562,1995.7735595703125,470.3287658691406
MI3_240821_TY1_0831_3_V01_1,2015 도시교통 기초조사 본 과업에서는 인천광역시의 ITS 속도정보와 민간기업의 속도정보 자료에 대해 알려주세요,250.21395874023438,1061.3076171875,1983.794677734375,539.2200927734375
MI3_240821_TY1_0848_1_V01_1,2015년도 예산안에 대한 표 내용에 대해 알려주세요,455.1224670410156,592.2987670898438,1575.7982177734375,869.6380004882812
MI3_240821_TY1_0859_1_V02-8_1,2. 중기 재정운용 차트(혼합형)에 대해 알려주세요,390.27056884765625,2116.94921875,1693.029541015625,878.36328125
MI3_240821_TY1_0859_3_V02-4_2,고용률 추이 차트(꺾은선형)에 대해 알려주세요,387.89697265625,1589.4132080078125,1693.9735107421875,751.0903930664062
MI3_240821_TY1_0860_3_V02-8_1,임업 · 산촌 예산 추이와 관련된 차트(혼합형)에 대해 알려주세요,432.382080078125,1895.8675537109375,1634.131591796875,1011.4852294921875
MI3_240821_TY1_0860_4_V02-8_1,에 대한 예산 추이에 대해 알려주세요,438.5085144042969,1685.798583984375,1525.543701171875,959.20654296875
MI3_240821_TY1_0864_3_V02-3_1,[그림 1] 2014년 학부과정 입학생의 지역별 현황 차트(원형)에 대해 알려주세요,443.10504150390625,1697.655029296875,1562.650634765625,863.7726440429688
MI3_240821_TY1_0874_1_V02-4_1,이 문서의 제목에 대한 꺾은선형 차트에 대해 알려주세요,447.7506408691406,1004.9348754882812,1580.7535400390625,1029.5341796875
MI3_240821_TY1_0874_2_V02-8_1,은행형 금융공공기관의 고정이하 여신비율과 관련된 혼합형 차트에 대해 알려주세요,448.3165588378906,593.1156616210938,1581.9932861328125,1027.044189453125
MI3_240821_TY1_0874_3_V02-4_1,(나) 전원별 발전원가와 정산단가 비교 분석과 관련하여 꺾은선형 차트에 대해 알려주세요,449.95233154296875,1630.9869384765625,1559.61962890625,945.9874267578125
MI3_240821_TY1_0883_2_V01_1,주요 현안 분석 예산액 연도 예산현액 징수결정액 수납액 미수납액 본예산 추경에 대해 알려주세요,394.6225280761719,2377.341552734375,1714.2984619140625,417.878173828125
MI3_240821_TY1_0883_3_V01_1,2015년 1분기 집행지연 유형별 현황 차트(세로 막대형)에 대해 알려주세요,394.8708801269531,562.045166015625,1625.7508544921875,704.9644775390625
MI3_240821_TY1_0894_1_V01_1,2016 세법개정의 쟁점과 과제 본문 프로그램 기부에 대해 알려주세요,347.152587890625,1968.3026123046875,1790.927978515625,920.4871826171875
MI3_240821_TY1_0894_2_V01_1,외교관 출국장 면세점 현황 표에 대해 알려주세요,339.2921447753906,2185.244140625,1636.2711181640625,908.8590698242188
MI3_240821_TY1_0894_3_V01_1,법인세법 개정안 비교표 표에 대해 알려주세요,348.655029296875,1172.675048828125,1777.268798828125,686.6072998046875
MI3_240821_TY1_0934_2_V01_1,국세 및 지방세 구조 차트에 대해 알려주세요,261.8780212402344,2395.2568359375,1957.1383056640625,834.1149291992188
MI3_240821_TY1_0952_1_V02-4_1,중국 부동산시장 투자 및 은행건전성 현황 차트(꺾은선형)에 대해 알려주세요,786.240478515625,1106.826171875,993.3643188476562,632.5882568359375
MI3_240821_TY1_0952_2_V02-1_1,2017년 일본경제 전망에 대해 알려주세요,633.9277954101562,1538.974365234375,1257.51708984375,802.836669921875
MI3_240821_TY1_0952_3_V02-4_1,브라질의 소비자물가상승률과 정책금리 추이에 대해 알려주세요,613.8128051757812,1505.8424072265625,1259.4940185546875,771.4239501953125
MI3_240821_TY1_0958_1_V02-8_1,3 가계부채와 주택경기 활성화 차트(혼합형)에 대해 알려주세요,382.3098449707031,1503.8272705078125,1703.5205078125,1080.1297607421875
MI3_240821_TY1_0958_2_V02-8_1,주택경기 활성화 정책과 가계부채 대책에 대해 알려주세요.,386.1573486328125,1317.75341796875,1694.1094970703125,1143.250732421875
MI3_240821_TY1_0977_3_V02-8_1,2017 조세의 이해와 쟁점 차트(혼합형)에 대해 알려주세요,348.90411376953125,1217.154541015625,1695.4163818359375,1005.632080078125
MI3_240821_TY1_0977_4_V02-8_1,2017 조세의 이해와 쟁점 5. 세액공제 및 세액감면 법인세 조세지출액과 비중 추이에 대해 알려주세요,345.7641906738281,1962.4871826171875,1722.1190185546875,1177.3350830078125
MI3_240821_TY1_0982_1_V02-4_1,조세지출 운용현황 차트(꺾은선형)에 대해 알려주세요,345.55767822265625,1735.7353515625,1795.2633056640625,1166.783203125
MI3_240821_TY1_0982_2_V02-4_1,[그림 2] 차트(꺾은선형)에 대해 알려주세요,346.822509765625,1404.18603515625,1766.767333984375,1016.6361083984375
MI3_240821_TY1_0982_3_V02-4_1,2017 조세의 이해와 쟁점과 관련된 차트(꺾은선형)에 대해 알려주세요,345.82958984375,1800.631103515625,1781.372314453125,1269.7529296875
MI3_240821_TY1_0982_4_V02-4_1,2017 조세의 이해와 쟁점에 대해 알려주세요. 자녀장려금 지급 금액에 대해 알려주세요.,502.0598449707031,1942.915771484375,1570.45263671875,963.9601440429688
MI3_240821_TY1_1000_1_V02-8_1,법안비용추계서에 대한 혼합형 차트에 대해 알려주세요,454.4167785644531,1000.6640625,1568.06201171875,1469.3427734375
MI3_240821_TY1_1000_2_V01_1,대상 연평균 구분 기준 공동주택 수 추가재정소요 표에 대해 알려주세요,429.663818359375,652.406494140625,1626.229248046875,390.3958740234375
MI3_240821_TY1_1001_1_V02-1_1,2018 시행 개정세법의 주요 내용 및 정부 세법개정안의 수정가결 및 대안반영 비율에 대해 알려주세요.,367.177490234375,1990.932373046875,1706.6923828125,1097.15380859375
MI3_240821_TY1_1001_2_V02-1_1,정규직근로자 비정규직근로자 차트(세로 막대형)에 대해 알려주세요,412.2734375,1450.0250244140625,1655.1826171875,980.561279296875
MI3_240821_TY1_1001_3_V02-1_1,정부 세법개정안의 수정가결 및 대안반영 비율 차트(세로 막대형)에 대해 알려주세요,399.89349365234375,1927.2061767578125,1669.3172607421875,995.6712036132812
MI3_240821_TY1_1009_1_V02-8_1,복지분야 의무지출의 혼합형 차트에 대해 알려주세요,451.05914306640625,591.993896484375,1580.33203125,980.2626953125
MI3_240821_TY1_1009_2_V02-8_1,지방정부 순채무 추이에 대한 혼합형 차트와 관련된 내용에 대해 알려주세요,456.3660888671875,1729.1097412109375,1578.288330078125,1059.310791015625
MI3_240821_TY1_1009_3_V01_1,국가채무와 GDP 대비 국가채무 비율에 대한 표에 대해 알려주세요.,453.0905456542969,1177.625,1573.557373046875,587.394775390625
MI3_240821_TY1_1020_1_V02-1_1,National Assembly Budget Office의 실질 국내총생산(GDP) 차트(세로 막대형)에 대해 알려주세요,374.8948974609375,2150.905517578125,1682.9227294921875,957.35205078125
MI3_240821_TY1_1020_2_V02-8_1,이 문서의 제목과 관련된 내용에서 세계 경제 성장률에 대한 꺾은선형 차트에 대해 알려주세요.,370.6454772949219,1386.0799560546875,1685.355224609375,968.9880981445312
MI3_240821_TY1_1020_3_V02-1_1,7. 고용에 대해 알려주세요,1270.1787109375,1985.219970703125,808.026123046875,944.867431640625
MI3_240821_TY1_1039_1_V02-4_1,I. 대내외 경제여건 1. 세계 경제여건 [그림 1]에 대해 알려주세요,1266.0238037109375,2356.14599609375,723.9598999023438,587.242919921875
MI3_240821_TY1_1039_2_V02-1_2,[소매업태별 소매판매액 비중 추이] 차트(가로 막대형)에 대해 알려주세요,625.5582885742188,1364.6199951171875,1216.7647705078125,712.25390625
MI3_240821_TY1_1039_3_V02-5_1,미분양주택 현황과 특징 차트(영역형)에 대해 알려주세요,531.2252807617188,1630.568603515625,1420.9560546875,737.3271484375
MI3_240821_TY1_1046_2_V02-8_1,NABO 장기 재정전망: 사회보장기여금 차트(혼합형)에 대해 알려주세요,493.0601501464844,1987.204833984375,1500.275634765625,974.0333862304688
MI3_240821_TY1_1046_3_V02-3_1,NABO 장기 재정전망 결과 차트(원형)에 대해 알려주세요,504.5963439941406,2045.0657958984375,1517.8150634765625,889.9044799804688
MI3_240821_TY1_1046_4_V02-8_1,[그림 10] NABO 장기 재정전망 차트에 대해 알려주세요,488.932861328125,2056.8349609375,1503.0418701171875,905.8698120117188
MI3_240821_TY1_1050_2_V02-4_1,2.2 지상기상관측 2.2.1 종관기상관측 정상자료율(%)에 대해 알려주세요,241.76214599609375,1935.5252685546875,2004.44580078125,739.0006103515625
MI3_240821_TY1_1050_3_V02-4_2,2019년 동안 운영한 레윈존데 지점 기온 정상자료율 꺾은선형에 대해 알려주세요,251.24114990234375,783.7354736328125,1979.449462890625,699.6882934570312
MI3_240821_TY1_1050_4_V02-4_1,2.4 해양기상관측 2.4.1 해양기상부이에 대해 알려주세요,248.0742645263672,1154.029296875,1993.1220703125,732.4856567382812
MI3_240821_TY1_1050_5_V01_1,"2019년 9월 정상, 결측, 오류자료율 표에 대해 알려주세요",255.74905395507812,786.516845703125,1972.06640625,695.0013427734375
MI3_240821_TY1_1101_2_V01_1,제2장. 세입세출(수입지출)결산 분석 총괄 그래프에 대해 알려주세요,330.28839111328125,744.0042724609375,1819.598876953125,1281.1739501953125
MI3_240821_TY1_1101_3_V01_1,제목에 해당하는 내용과 총괄 표에 대해 알려주세요,328.4848327636719,504.6728820800781,1819.99853515625,435.5223083496094
MI3_240821_TY1_1101_4_V01_1,회계별 세입결산 표에 대해 알려주세요,324.0195007324219,503.42498779296875,1825.7733154296875,439.0301513671875
MI3_240821_TY1_1109_1_V02-1_1,외부의료시설 진료 건수 차트(세로 막대형)에 대해 알려주세요,239.38388061523438,2251.720703125,2011.5047607421875,918.95654296875
MI3_240821_TY1_1109_2_V01_1,교정시설 의료인력 현황 표에 대해 알려주세요,227.7202606201172,1905.539794921875,2013.0360107421875,1298.791259765625
MI3_240821_TY1_1109_3_V01_2,교정시설 방문조사 현황 표에 대해 알려주세요,229.29904174804688,2483.363037109375,2018.733642578125,678.76904296875
MI3_240821_TY1_1109_4_V01_1,제5장 종교와 문화 제1절 종교 차트(세로 막대형)에 대해 알려주세요,238.48484802246094,1740.8172607421875,2019.76611328125,1458.555908203125
MI3_240822_TY1_0010_1_V01_1,2020년도 공공기관 정부지원 예산안 총괄분석에 대한 차트(표)에 대해 알려주세요.,461.175537109375,1735.0638427734375,1560.480224609375,757.2762451171875
MI3_240822_TY1_0010_2_V01_2,2020년도 공공기관 정부지원 예산안 현황 본문 표에 대해 알려주세요,460.236083984375,2314.8310546875,1555.859619140625,573.114990234375
MI3_240822_TY1_0010_3_V01_2,공공기관 정부지원 예산(예산안) 표에 대해 알려주세요,461.0796813964844,952.9642333984375,1559.5692138671875,372.3287353515625
MI3_240822_TY1_0010_4_V01_1,2020년도 공공기관 정부지원 예산안의 회계와 기금별 재원 현황을 보여주는 표에 대해 알려주세요,460.3102722167969,869.7670288085938,1561.810791015625,421.59149169921875
MI3_240822_TY1_0010_5_V01_1,2 예산안 증액 규모 상위 5개 기관에 대한 표에 대해 알려주세요,458.4574279785156,1472.6204833984375,1563.82568359375,626.1129150390625
MI3_240822_TY1_0010_6_V01_1,제목에 포함된 내용을 기반으로 공공기관 고유사업과 관련된 보조사업의 다양한 형태에 대해 알려주세요,456.25152587890625,1157.9991455078125,1564.1761474609375,1667.2850341796875
MI3_240822_TY1_0012_1_V01_1,II. 재정 총괄 분석 3 예산총칙안 분석 [2020년도 예산총칙안]에 대해 알려주세요,477.50634765625,1312.5369873046875,1524.75830078125,1059.3873291015625
MI3_240822_TY1_0012_2_V01_1,II. 재정 총괄 분석에 대해 알려주세요,465.5898742675781,2050.407958984375,1551.154296875,572.8412475585938
MI3_240822_TY1_0012_3_V01_1,제1부 총괄 분석 본문 표에 대해 알려주세요,472.03961181640625,1315.7528076171875,1537.9287109375,395.3134765625
MI3_240822_TY1_0012_4_V01_1,제1부 총괄 분석 본문 표에 대해 알려주세요,457.8148498535156,1332.595458984375,1554.5352783203125,371.2200927734375
MI3_240822_TY1_0012_5_V01_1,Ⅳ 중앙선거관리위원회 본문 차트(세로 막대형)에 대해 알려주세요,461.0274963378906,2380.223876953125,1558.079833984375,363.312744140625
MI3_240822_TY1_0024_1_V01_1,여 장서각 자료의 온라인 활용도 제고와 관련하여 1유형 평가지표에 대해 알려주세요.,345.2091369628906,1598.670654296875,1778.0599365234375,802.68701171875
MI3_240822_TY1_0024_2_V01_1,동반성장과 지역발전 유형별 가중치 표에 대해 알려주세요,346.51458740234375,506.0469055175781,1781.479736328125,871.1197509765625
MI3_240822_TY1_0024_3_V01_1,(3) 윤리·투명 경영 평가에 대한 표에 대해 알려주세요,349.4929504394531,857.2611083984375,1774.0086669921875,292.23773193359375
MI3_240822_TY1_0024_4_V01_1,지표명 가중치 평점 득 점에 대해 알려주세요,358.2354431152344,1312.1131591796875,1773.0599365234375,171.7574462890625
MI3_240822_TY1_0024_5_V01_2,윤리·투명 경영 항목 평점을 정리한 표에 대해 알려주세요.,367.3816223144531,1607.8836669921875,1769.621337890625,283.4921875
MI3_240822_TY1_0024_6_V01_1,제목에 포함된 병원신임 평가 점수와 관련된 표에 대해 알려주세요.,370.9401550292969,1414.2144775390625,1754.9388427734375,192.82823181152344
MI3_240822_TY1_0024_7_V01_1,2020년도 기관별 경영실적 평가 결과의 표에 대해 알려주세요,376.36053466796875,549.3411254882812,1737.495361328125,206.0425262451172
MI3_240822_TY1_0044_1_V01_2,병상당 의료장비비 및 집기비품비에 대해 알려주세요,417.30535888671875,2561.513671875,1646.572998046875,369.21630859375
MI3_240822_TY1_0044_2_V01_1,이 문서에서 유급휴가비 지원과 관련된 시각요소에 대해 알려주세요,414.5981140136719,2404.35595703125,1657.2838134765625,515.526611328125
MI3_240822_TY1_0044_3_V01_1,2021년 백신휴가비 지원 대상자 수 추정 차트에 대해 알려주세요,421.47247314453125,662.5615844726562,1654.8179931640625,1499.4613037109375
MI3_240822_TY1_0044_4_V01_1,2021 법안 비용추계 이해와 사례의 표에 대해 알려주세요.,414.0355224609375,649.671875,1667.54248046875,550.925537109375
MI3_240822_TY1_0044_5_V01_1,I 보건·복지분야 법안 비용추계 표에 대해 알려주세요,415.609130859375,1849.55322265625,1667.02734375,607.6110229492188
MI3_240822_TY1_0044_6_V01_1,제목에 대한 현행 개정안의 정의와 표에 대해 알려주세요.,420.343505859375,1162.9290771484375,1642.1431884765625,174.95567321777344
MI3_240822_TY1_0047_1_V02-2_1,2021년 EU의 대외정책 전망과 한국의 대응방향에 대해 알려주세요,346.12451171875,2397.9599609375,582.30517578125,599.6630249023438
MI3_240822_TY1_0047_2_V02-1_1,2021년 국제정세 전망과 한국의 대응방향 2. 브렉시트 이후 영국 경제의 변화 (차트(가로 막대형))에 대해 알려주세요,1247.12451171875,2165.289306640625,880.7272338867188,763.859619140625
MI3_240822_TY1_0047_3_V02-4_3,2021년 EU의 대외정책 전망과 한국의 대응방향에 대해 알려주세요.,1534.590087890625,2392.9599609375,592.6376953125,618.029052734375
MI3_240822_TY1_0047_4_V01_1,2021년 EU의 대외정책 전망과 한국의 대응방향에 대해 알려주세요,353.0700378417969,687.490478515625,1774.131103515625,835.251220703125
MI3_240822_TY1_0047_5_V01_1,2021년 국제정세 전망과 한국의 대응방향 시각요소 제목 V에 대해 알려주세요,347.66094970703125,681.578369140625,1777.8817138671875,1032.449462890625
MI3_240822_TY1_0050_3_V01_1,[표 1] 재정수반법률 추계 현황 표에 대해 알려주세요,470.4055480957031,599.3900146484375,1541.4354248046875,731.3440551757812
MI3_240822_TY1_0050_4_V01_1,2021년 가결 재정수반법률과 관련된 추계 현황에 대해 알려주세요,472.3639221191406,1989.2734375,1536.8626708984375,515.172607421875
MI3_240822_TY1_0050_5_V02-1_1,재정수반법률 현황: 제안자별 차트(세로 막대형)에 대해 알려주세요,574.6775512695312,1972.43896484375,1392.23388671875,954.0105590820312
MI3_240822_TY1_0050_6_V01_1,위원회별 재정수반법률 현황에 대해 알려주세요,461.40472412109375,1061.4686279296875,1565.502685546875,1667.4840087890625
MI3_240822_TY1_0050_7_V02-2_1,재정수반법률 현황에 대한 차트(가로 막대형)에 대해 알려주세요,528.4603271484375,623.964599609375,1492.8681640625,1728.0999755859375
MI3_240822_TY1_0051_1_V01_1,국회예산정책처가 제시한 2021년 세법개정안 중 국회수정사항의 세수효과 변동내역 표에 대해 알려주세요,450.69720458984375,1565.114013671875,1579.922119140625,1126.943359375
MI3_240822_TY1_0051_2_V01_1,2021년 개정세법의 심사경과와 주요 내용 5 주요 심사 쟁점 표에 대해 알려주세요,451.43121337890625,2181.41064453125,1575.8221435546875,633.659912109375
MI3_240822_TY1_0051_3_V01_2,제목에 따라 유동수 의원안 주택 가액의 비과세 기준 및 고가주택의 양도소득 관련 사항에 대해 알려주세요,454.8845520019531,1045.4249267578125,1568.8948974609375,548.0260009765625
MI3_240822_TY1_0051_4_V01_1,2021년 개정세법의 심사경과와 주요 내용에 대해 알려주세요,454.61590576171875,1115.2470703125,1568.0465087890625,645.4998779296875
MI3_240822_TY1_0051_5_V01_1,개관 및 현행 강병원 의원안과 양경숙 의원안에 대한 그래프 유형에 대해 알려주세요,454.9525451660156,2029.3583984375,1570.67724609375,413.5768737792969
MI3_240822_TY1_0051_6_V01_1,2021년 개정세법의 심사경과와 주요 내용에 대해 알려주세요,455.39935302734375,1214.3466796875,1570.0675048828125,539.5443115234375
MI3_240822_TY1_0071_1_V02-8_2,관리수지와 국가채무의 비율 변화 차트(혼합형)에 대해 알려주세요,324.5473327636719,637.3345947265625,875.3779296875,599.8927001953125
MI3_240822_TY1_0071_2_V02-3_1,한국판 뉴딜 본격 추진 차트(원형)에 대해 알려주세요,1349.9991455078125,698.951171875,678.081787109375,442.9449462890625
MI3_240822_TY1_0071_3_V01_1,국가재정운용계획에 대해 알려주세요,321.4672546386719,2272.74755859375,1783.473388671875,600.048583984375
MI3_240822_TY1_0071_4_V02-4_1,포스트 코로나 장기 재정전망 차트(꺾은선형)에 대해 알려주세요,744.81298828125,1057.8662109375,1319.2381591796875,537.7367553710938
MI3_240822_TY1_0084_1_V01_1,장기요양기관 부당청구 주요 유형의 환수결정 현황에 대해 알려주세요,453.1294250488281,613.0716552734375,1579.9302978515625,1076.1846923828125
MI3_240822_TY1_0084_2_V01_1,바. 4대 공적연금 기금운용 현황 및 분석 차트(세로 막대형)에 대해 알려주세요,448.38427734375,1202.697265625,1589.404052734375,1482.6572265625
MI3_240822_TY1_0084_4_V01_2,유아교육비 보육료 지원 사업 예산 집행 구조 다이어그램에 대해 알려주세요,450.3827819824219,1394.96484375,1599.153076171875,493.77392578125
MI3_240822_TY1_0084_5_V01_1,유아교육비 보육료 지원 사업 실집행 현황 차트(세로 막대형)에 대해 알려주세요,453.40423583984375,833.507080078125,1575.77392578125,865.8743896484375
MI3_240822_TY1_0084_6_V01_1,2021회계연도 과학기술정보방송통신위원회 소관 국세외수입 결산 현황에 대해 알려주세요.,449.7863464355469,2109.365966796875,1598.597900390625,872.5275268554688
MI3_240822_TY1_0097_1_V01_1,중기재정전망의 기본 전제에 대해 알려주세요,454.0498352050781,594.1613159179688,1566.7525634765625,817.3182983398438
MI3_240822_TY1_0097_2_V01_1,II. NABO 중기재정전망 결과 1. 개관 재정총량표에 대해 알려주세요,449.4481201171875,1513.088623046875,1585.5400390625,1432.262451171875
MI3_240822_TY1_0097_3_V02-4_1,2. 총수입 전망 꺾은선형에 대해 알려주세요,521.9391479492188,590.6232299804688,1441.3702392578125,1080.556396484375
MI3_240822_TY1_0097_4_V01_1,[표 2] 중기재정전망의 기본 전제: 주요 거시경제변수에 대해 알려주세요,452.7881774902344,591.8856811523438,1567.820068359375,819.5071411132812
MI3_240822_TY1_0097_6_V01_1,중기재정전망: 국세수입에 대해 알려주세요,450.25360107421875,593.9402465820312,1580.527587890625,621.3949584960938
MI3_240822_TY1_0120_1_V01_1,KDB 인베스트먼트(주)의 주요 재무현황 표에 대해 알려주세요,453.9143371582031,2092.50341796875,1573.50341796875,460.8954772949219
MI3_240822_TY1_0120_3_V03_1,농산물가격안정기금이 출자하는 농식품모태펀드에 대해 알려주세요,462.61419677734375,1703.7401123046875,1544.9686279296875,1053.5635986328125
MI3_240822_TY1_0120_4_V01_1,2022회계연도 오염퇴적물 정화 복원 사업 결산 현황 표에 대해 알려주세요,459.15582275390625,1427.082275390625,1560.9774169921875,708.05419921875
MI3_240822_TY1_0120_5_V01_1,10 대한무역투자진흥공사의 킨텍스 3단계 건립사업 철저 관리 필요 본문 표에 대해 알려주세요,451.1567077636719,1523.05859375,1577.36474609375,796.8863525390625
MI3_240822_TY1_0141_1_V01_1,인천광역시 04-02 경제생활 만족도 표에 대해 알려주세요,287.1666259765625,1804.101806640625,1721.224365234375,870.1417846679688
MI3_240822_TY1_0141_2_V02-1_1,소비생활 만족도 차트(세로 막대형)에 대해 알려주세요,326.7684326171875,1335.101318359375,1678.1605224609375,415.05517578125
MI3_240822_TY1_0141_3_V01_1,인천광역시 소득 만족도 표에 대해 알려주세요,288.5967712402344,1944.767578125,1712.22021484375,822.9636840820312
MI3_240822_TY1_0141_4_V02-1_1,생계유지 어려움 경험 정도 차트(세로 막대형)에 대해 알려주세요,302.482421875,1298.37060546875,1699.7921142578125,408.3821716308594
MI3_240822_TY1_0141_5_V02-1_1,인천광역시의 가구 월평균 소비지출액에 대해 알려주세요,289.42523193359375,1259.910400390625,1714.6505126953125,391.5975036621094
MI3_240822_TY1_0141_6_V02-1_1,가구부채에 대해 알려주세요,304.3748779296875,1328.6607666015625,1701.235595703125,421.567626953125
MI3_240822_TY1_0146_1_V03_1,NABO 중기재정전망 흐름도에 대해 알려주세요,450.3813781738281,2190.391845703125,1571.8006591796875,786.8793334960938
MI3_240822_TY1_0146_2_V01_1,II. NABO 중기재정전망 결과 본문 차트에 대해 알려주세요,448.11590576171875,1479.5257568359375,1588.982421875,1493.901611328125
MI3_240822_TY1_0146_3_V01_1,총지출에 대한 표에 대해 알려주세요,449.1980285644531,1652.1707763671875,1584.747802734375,1263.4725341796875
MI3_240822_TY1_0146_4_V01_1,재정수지 전망에 대한 통합재정수지 차트에 대해 알려주세요,446.926025390625,1655.881591796875,1583.400146484375,515.6491088867188
MI3_240822_TY1_0146_5_V01_1,지방정부 순채무와 국가채무에 대한 자료의 표에 대해 알려주세요,451.86822509765625,819.1689453125,1574.6435546875,939.7642822265625
MI3_240822_TY1_0159_1_V01_1,2024~2028년 주요 항목별 세수효과 비교 표에 대해 알려주세요,455.740966796875,2189.221923828125,1567.398193359375,611.66162109375
MI3_240822_TY1_0159_2_V01_1,2023년 조세지출 정비항목 및 단순 일몰연장 현황 표에 대해 알려주세요,465.9277038574219,1466.2498779296875,1554.584228515625,721.5889282226562
MI3_240822_TY1_0159_3_V01_1,2023년 정부 세법개정안 조세지출 정비 세수효과 표에 대해 알려주세요,456.39697265625,597.5684204101562,1555.0113525390625,589.9996337890625
MI3_240822_TY1_0159_4_V01_1,혼인 증여공제와 관련된 결혼비용 추정액 및 부모지원 비율에 대해 알려주세요,466.6319274902344,1524.449951171875,1548.443115234375,418.0130615234375
MI3_240822_TY1_0159_5_V01_1,부모지원 결혼비용에 대한 현행법상 증여세 부담 추정 예시 표에 대해 알려주세요,464.09735107421875,604.1925048828125,1551.6448974609375,1877.396240234375
MI3_240822_TY1_0163_1_V01_1,나. 분석의견 및 2023년도 문화예술진흥기금 입장료수입 계획안에 대해 알려주세요,454.52874755859375,1589.4962158203125,1568.152099609375,1069.0369873046875
MI3_240822_TY1_0163_2_V01_1,"(단위: 백만원, %)에 대해 알려주세요",461.8043518066406,1363.2686767578125,1559.6734619140625,1219.70166015625
MI3_240822_TY1_0163_3_V01_1,뉴서울골프장 손익 및 기금전입 현황에 대해 알려주세요.,456.681884765625,1364.5302734375,1568.3570556640625,529.9344482421875
MI3_240822_TY1_0163_4_V01_1,2021년 사업계획 및 예산(안)과 관련된 시각요소 제목과 내용에 대해 알려주세요.,459.8484191894531,643.54931640625,1561.185302734375,1314.954833984375
MI3_240822_TY1_0163_5_V01_1,농식품시설현대화 사업 및 시설자금 사업 예산안 현황 표에 대해 알려주세요,457.9408874511719,1778.810791015625,1564.1915283203125,720.5773315429688
MI3_240822_TY1_0163_6_V01_1,나. 분석의견 농식품시설현대화 사업 및 시설자금 사업 비교 표에 대해 알려주세요,458.6116943359375,1324.49267578125,1551.789306640625,1137.7032470703125
MI3_240822_TY1_0169_1_V02-4_1,"2023년도 경제전망과 대내외 경제여건, 세계경제성장률 추세 차트에 대해 알려주세요",451.8457336425781,1731.609619140625,763.5062255859375,738.9205932617188
MI3_240822_TY1_0169_2_V02-8_1,[세계 교역량과 우리나라 수출 추이] 차트(혼합형)에 대해 알려주세요,450.9142150878906,629.2214965820312,762.3565673828125,601.7901000976562
MI3_240822_TY1_0169_3_V02-4_1,2023년 세계 소비자물가 상승률과 국제유가 전망에 대한 꺾은선형 차트에 대해 알려주세요,1264.9007568359375,1125.9285888671875,747.9674072265625,629.6905517578125
MI3_240822_TY1_0169_4_V02-8_1,최근 경제 데이터에 대한 분석 차트 혼합형에 대해 알려주세요,1254.273193359375,965.0255737304688,718.7131958007812,581.9418334960938
MI3_240822_TY1_0169_5_V02-8_2,[소비자물가상승률 추이] 혼합형에 대해 알려주세요,475.603271484375,2114.85546875,724.5010986328125,691.1293334960938
MI3_240822_TY1_0169_6_V02-8_1,경제주체의 부채규모 변화와 관련된 정보에 대해 알려주세요,476.2207946777344,1646.92333984375,752.9967041015625,621.3378295898438
MI3_240822_TY1_0223_2_V01_1,국회예산정책처 기관 개요 예산에 대해 알려주세요,349.1183776855469,2035.94677734375,1908.6163330078125,519.1396484375
MI3_240822_TY1_0223_4_V01_1,국회예산정책처의 2009년부터 2014년까지의 업무량 및 전년대비 증감율에 대해 알려주세요.,432.4096984863281,426.1373596191406,1848.5479736328125,838.3687744140625
MI3_240822_TY1_0223_6_V01_1,국회예산정책처 금융상품 과세 현황 표에 대해 알려주세요,279.9768981933594,1530.70947265625,1989.0640869140625,1484.5006103515625
MI3_240822_TY1_0224_1_V02-4_1,제목에 따른 세수전망 오차율 차트(꺾은선형)에 대해 알려주세요,369.74560546875,1465.0782470703125,836.4793090820312,785.28076171875
MI3_240822_TY1_0224_2_V02-4_1,OECD 발표내용 요약 Debt Levels and Fiscal Frameworks 꺾은선형에 대해 알려주세요,337.201904296875,1894.369873046875,1736.6807861328125,844.8983154296875
MI3_240822_TY1_0224_3_V02-8_1,국가채무 한도와 관련된 차트(혼합형)에 대해 알려주세요,336.5735168457031,1588.956298828125,1741.6966552734375,972.8383178710938
MI3_240822_TY1_0224_4_V01_1,[표 1] OECD 국가유형별 재정준칙 수립방향 차트(세로 막대형)에 대해 알려주세요,343.98162841796875,1882.96240234375,1816.0479736328125,931.90869140625
MI3_240822_TY1_0224_5_V01_1,고령사회 진입 시점의 주요국의 국가채무 비율 차트에 대해 알려주세요,381.363037109375,468.4626159667969,1719.3348388671875,790.25830078125
MI3_240822_TY1_0261_2_V01_1,증언녹취 제도에 대해 알려주세요,294.951171875,1351.350341796875,1838.3673095703125,790.5828857421875
MI3_240822_TY1_0261_3_V01_1,제1주제 한국형 디스커버리 제도 도입에 관한 검토 및 제출명령 대상을 변경하는 시각 요소에 대해 알려주세요.,289.78961181640625,945.1480102539062,1823.9278564453125,585.4562377929688
MI3_240822_TY1_0261_4_V01_1,민사소송 선진화 방안 - 디스커버리 제도 도입을 중심으로 - 차트(세로 막대형)에 대해 알려주세요,371.8918762207031,1468.474609375,1719.4134521484375,1363.0911865234375
MI3_240822_TY1_0271_1_V02-8_1,2010년도 재정 개요 및 차트(혼합형)에 대해 알려주세요,663.6970825195312,1498.2327880859375,1500.362548828125,1115.755126953125
MI3_240822_TY1_0271_2_V01_2,제3장 2010년도 재정규모 및 재정 건전성 표 3.2 통합재정 규모에 대해 알려주세요,356.8003845214844,879.75732421875,1415.0078125,318.1142578125
MI3_240822_TY1_0271_3_V02-4_1,제3장 재정규모 및 재정 건전성에 대한 꺾은선형 차트에 대해 알려주세요,303.3035583496094,924.4528198242188,1489.455810546875,1093.289794921875
MI3_240822_TY1_0271_4_V02-4_1,제3장 2010년도 재정규모 및 재정 건전성 차트(꺾은선형)에 대해 알려주세요,304.6557922363281,701.3032836914062,1483.0538330078125,1019.5816040039062
MI3_240822_TY1_0296_1_V01_1,프로그램 예산제도의 연혁 차트에 대해 알려주세요,459.6514587402344,1344.9544677734375,1558.172607421875,1366.997802734375
MI3_240822_TY1_0296_3_V02-2_1,2010년도 분야별 프로그램 당 예산액에 대해 알려주세요,466.9376220703125,627.4515991210938,1533.1151123046875,1495.1456298828125
MI3_240822_TY1_0296_4_V02-3_1,2010년도 위원회별 예산액 구성비에 대해 알려주세요,466.2983093261719,619.291259765625,1502.474365234375,1465.20703125
MI3_240822_TY1_0299_1_V01_1,2010년 재정지원 일자리사업 현황 차트에 대해 알려주세요,459.818115234375,616.5790405273438,1559.886962890625,1417.650390625
MI3_240822_TY1_0299_2_V01_2,에 대한 자기가격탄력성 대체탄력성 산출탄력성 표 2에 대해 알려주세요,458.2586975097656,2395.465576171875,1558.15478515625,463.440673828125
MI3_240822_TY1_0299_3_V01_1,고용증대세액공제제도를 통한 임금보조제도 평가 표에 대해 알려주세요,496.1218566894531,1241.5357666015625,1481.873291015625,1666.01953125
MI3_240822_TY1_0299_5_V01_1,[표 10] 주요국의 사회보험료 감면 방식 임금보조제도 차트에 대해 알려주세요,457.5574951171875,611.6094970703125,1621.140625,1287.00341796875
MI3_240822_TY1_0299_6_V01_1,에 대한 종합소득세와 근로소득세의 납세 및 과세대상자 비율 차트에 대해 알려주세요,500.8576965332031,2334.2099609375,1478.806396484375,546.074951171875
MI3_240822_TY1_0311_1_V02-8_1,연도별 출연사업의 규모 추이에 대해 알려주세요,494.91668701171875,656.2030029296875,1517.128662109375,1124.498779296875
MI3_240822_TY1_0311_2_V02-8_1,연도별 재정융자사업의 규모 추이에 대해 알려주세요,514.3243408203125,1345.8597412109375,1481.4532470703125,753.3031005859375
MI3_240822_TY1_0311_3_V02-8_1,지방자치단체 국가보조사업의 규모 추이에 대해 알려주세요,514.9967651367188,1994.0892333984375,1479.244873046875,945.886962890625
MI3_240822_TY1_0311_4_V02-8_1,수익형 민자사업 총 투자비 현황 혼합형에 대해 알려주세요,752.0803833007812,1558.4189453125,975.6646728515625,598.280517578125
MI3_240822_TY1_0311_5_V02-8_1,[그림 6] 연도별 임대형 민자사업(BTL) 총민간사업비 차트(혼합형)에 대해 알려주세요,471.90093994140625,659.0308227539062,1531.05615234375,910.9092407226562
MI3_240822_TY1_0311_6_V02-8_1,부처별 임대형 민자사업(BTL) 사업 현황 혼합형에 대해 알려주세요,469.56231689453125,2030.2998046875,1532.127685546875,925.614990234375
MI3_240822_TY1_0313_1_V01_1,40 폐자원에너지화사업 본문 표에 대해 알려주세요,464.9854431152344,1012.7908935546875,1532.228271484375,321.10546875
MI3_240822_TY1_0313_2_V02-1_1,[단위:g CFC11] 처리공정별 특성화값 차트(세로 막대형)에 대해 알려주세요,462.62255859375,947.0211181640625,1554.5650634765625,855.6163940429688
MI3_240822_TY1_0313_3_V02-1_1,회피효과 종합영향을 고려한 생활폐기물 차트(세로 막대형)에 대해 알려주세요,461.3001403808594,1364.233154296875,1547.77734375,918.4158935546875
MI3_240822_TY1_0313_4_V02-1_1,회피효과 가정에 따른 생활폐기물 처리방법별 영향 비교 차트에 대해 알려주세요,461.62646484375,1393.4927978515625,1552.217041015625,920.1918334960938
MI3_240822_TY1_0316_2_V01_1,나. 재정수반 법률의 소관 기관별 현황 차트에 대해 알려주세요,373.9059143066406,1346.965576171875,1732.3392333984375,1711.903564453125
MI3_240822_TY1_0316_3_V01_1,2010년도 예산에 영향을 준 지출법률 현황 차트(세로 막대형)에 대해 알려주세요,372.4961853027344,406.23577880859375,1735.511962890625,559.3560180664062
MI3_240822_TY1_0316_4_V01_1,에 관한 예산 미반영 사유 표의 내용과 그 유형에 대해 알려주세요.,371.40069580078125,2637.73779296875,1732.019287109375,467.53857421875
MI3_240822_TY1_0316_5_V01_1,재정수반 법률에 따른 예산의 지출 성격별 금액에 대해 알려주세요,369.21746826171875,1440.4925537109375,1735.5909423828125,636.2452392578125
MI3_240822_TY1_0316_6_V01_1,재정수반 법률의 입법 개요 및 국회위원회별 재정수반 법률 현황 표에 대해 알려주세요,391.2115173339844,1571.21484375,1714.1968994140625,1344.3255615234375
MI3_240822_TY1_0322_2_V02-4_1,제목에 포함된 내용과 관련하여 OECD경기선행지수와 한국의 수출을 나타내는 꺾은선형 차트에 대해 알려주세요.,451.23681640625,1240.0650634765625,1537.8824462890625,750.5718383789062
MI3_240822_TY1_0322_3_V02-4_1,제목과 관련하여 경기선행지수 추세 차트(꺾은선형)에 대해 알려주세요,450.781982421875,1082.4769287109375,1514.392822265625,801.6842041015625
MI3_240822_TY1_0322_4_V01_1,총수입 원자재 자본재 소비재 표에 대해 알려주세요,449.0596618652344,2205.865966796875,1584.10302734375,725.1959838867188
MI3_240822_TY1_0322_5_V02-4_1,2011년 예산안 총량 분석 꺾은선형 차트에 대해 알려주세요,504.5336608886719,1326.7755126953125,1448.69140625,883.1671142578125
MI3_240822_TY1_0322_6_V01_1,2011년 예산안 총량 분석에 대해 알려주세요,527.2783813476562,1629.337646484375,1416.1297607421875,1340.5970458984375
MI3_240822_TY1_0328_1_V02-8_1,제3장 조세지출예산제도의 개선 및 운용방안의 차트(혼합형)에 대해 알려주세요,443.9348449707031,1823.904052734375,1638.5465087890625,1221.073486328125
MI3_240822_TY1_0328_2_V02-4_1,세목별 조세지출 비중추이 꺾은선형에 대해 알려주세요,443.28680419921875,2003.0445556640625,1602.7479248046875,1079.4381103515625
MI3_240822_TY1_0328_3_V02-4_1,감면방법별 조세지출 비중추이 꺾은선형에 대해 알려주세요,366.38043212890625,1845.3289794921875,1672.004150390625,1178.9840087890625
MI3_240822_TY1_0328_4_V02-4_1,라. 기능별 조세지출 규모에 대한 꺾은선형 차트에 대해 알려주세요,370.0915832519531,1655.951904296875,1724.7889404296875,1268.0870361328125
MI3_240822_TY1_0328_5_V02-4_1,2011년도 조세지출예산서 분석 기능별 조세지출 비중추이(소분류) 꺾은선형에 대해 알려주세요,415.2602233886719,423.99676513671875,1666.4267578125,1309.961181640625
MI3_240822_TY1_0328_6_V02-8_1,연도별 조세지출 항목수 추이에 대해 알려주세요,378.8638000488281,421.2511291503906,1676.912841796875,1105.013671875
MI3_240822_TY1_0406_1_V02-1_1,세계 GDP 성장률 전망에 대한 차트(세로 막대형)에 대해 알려주세요,534.904541015625,673.8125,1392.368408203125,971.7608642578125
MI3_240822_TY1_0406_2_V02-1_1,수출 전망 차트(세로 막대형)에 대해 알려주세요,463.77392578125,675.6029052734375,1392.680908203125,947.2510986328125
MI3_240822_TY1_0406_3_V02-4_1,나 국가채무 분석 차트(꺾은선형)에 대해 알려주세요,505.75701904296875,685.1195678710938,1525.2515869140625,1158.4278564453125
MI3_240822_TY1_0406_5_V02-4_1,국가재정운용계획상 국가채무 전망의 변화 꺾은선형 차트에 대해 알려주세요,570.6165161132812,1800.5457763671875,1427.7474365234375,848.5640869140625
MI3_240822_TY1_0413_2_V02-1_1,세입관련 법률안 비용추계 의뢰 및 처리 추이 차트(세로 막대형)에 대해 알려주세요,612.5255737304688,2337.401611328125,1247.306396484375,587.7765502929688
MI3_240822_TY1_0413_3_V02-1_1,2014연차보고서 조사분석 의뢰 경험자 차트(세로 막대형)에 대해 알려주세요,470.2173767089844,2088.58544921875,1540.52880859375,576.932373046875
MI3_240822_TY1_0413_4_V02-2_2,예산결산특별위원 설명회 및 국회의원 대면보고 가로 막대형에 대해 알려주세요,469.9458312988281,678.8736572265625,1534.4609375,542.8346557617188
MI3_240822_TY1_0413_5_V02-1_1,예산정책처 홈페이지 및 모바일 앱 이용 경험에 대한 차트(세로 막대형)에 대해 알려주세요,479.5970153808594,676.74755859375,1515.985595703125,538.917236328125
MI3_240822_TY1_0413_6_V01_1,조직 및 예산 표에 대해 알려주세요,476.821044921875,2232.825927734375,1537.152587890625,681.05810546875
MI3_240822_TY1_0434_1_V01_1,산업생산 동향에 대한 표에 대해 알려주세요,113.20506286621094,1343.6087646484375,2049.62255859375,613.5958251953125
MI3_240822_TY1_0434_2_V01_2,설비투자 추계치 추이에 대한 표에 대해 알려주세요,120.11563110351562,1514.998046875,2040.7156982421875,477.801513671875
MI3_240822_TY1_0434_3_V01_1,수출실적추이에 대한 표에 대해 알려주세요,98.90574645996094,947.6605224609375,2056.0830078125,795.8316040039062
MI3_240822_TY1_0452_4_V02-4_1,수출 품목별 추이 꺾은선형에 대해 알려주세요,619.865234375,665.1432495117188,1268.970703125,884.6056518554688
MI3_240822_TY1_0452_5_V02-4_1,주요 통화량 추이 꺾은선형에 대해 알려주세요,652.5492553710938,753.6734619140625,1185.0994873046875,845.2960205078125
MI3_240822_TY1_0452_6_V02-4_1,[그림 III-12] 소비자기대지수 및 평가지수 추이 차트(꺾은선형)에 대해 알려주세요,547.4227294921875,688.9329833984375,1386.5372314453125,869.1801147460938
MI3_240822_TY1_0452_7_V02-1_1,대외거래 전망 차트(세로 막대형)에 대해 알려주세요,651.0184326171875,2055.966552734375,1228.502685546875,857.10009765625
MI3_240822_TY1_0496_1_V02-4_1,확률 예보에 대한 검증방법 차트(꺾은선형)에 대해 알려주세요,848.8554077148438,2085.9228515625,783.72265625,654.03662109375
MI3_240822_TY1_0508_6_V02-8_1,T01 T02 T03 혼합형에 대해 알려주세요,755.9679565429688,404.62255859375,900.8794555664062,751.0171508789062
MI3_240822_TY1_0545_1_V02-4_1,2013년 태풍예보 정확도 꺾은선형에 대해 알려주세요,354.08428955078125,604.4812622070312,1768.7261962890625,894.7051391601562
MI3_240822_TY1_0558_1_V02-4_1,소비 및 소득 지니계수의 변화 추이에 대해 알려주세요,567.5427856445312,730.2646484375,1334.7813720703125,776.0028686523438
MI3_240822_TY1_0558_2_V02-1_1,가계소비의 불평등도 분석 소비 및 소득 지니계수의 변화 추이에 대해 알려주세요,562.1643676757812,1510.0869140625,1342.902587890625,909.52001953125
MI3_240822_TY1_0558_4_V02-4_1,[그림 IV-3] 차트(꺾은선형)에 대해 알려주세요,532.5294189453125,1753.5157470703125,1414.6943359375,916.9610595703125
MI3_240822_TY1_0558_5_V02-4_1,[그림 IV-4] 차트(꺾은선형)에 대해 알려주세요,576.3458862304688,1894.2698974609375,1407.910400390625,958.9537353515625
MI3_240822_TY1_0558_6_V02-4_1,"가계의 소비구조, 소비불평등, 한계소비성향의 변화와 정책시사점 차트(꺾은선형)에 대해 알려주세요",572.9517211914062,717.456787109375,1411.947509765625,957.38427734375
MI3_240822_TY1_0563_1_V01_1,감세의 지방재정 영향 분석 표에 대해 알려주세요,445.7260437011719,1726.4739990234375,1586.700439453125,1220.2637939453125
MI3_240822_TY1_0563_2_V01_1,감세와 지방소비세 도입으로 인한 지역별 지방재정 감소액 추정치 표에 대해 알려주세요,447.0987548828125,1427.274658203125,1586.16552734375,1555.8302001953125
MI3_240822_TY1_0563_3_V01_1,지방소비세 도입으로 인한 지역별 지방세입 순증에 대해 알려주세요,451.9198303222656,1272.24169921875,1568.7984619140625,1494.4471435546875
MI3_240822_TY1_0563_4_V01_1,감세와 지방소비세 도입으로 인한 지방재정 세입 순변동 표에 대해 알려주세요,448.7282409667969,1516.6011962890625,1583.820068359375,1454.2486572265625
MI3_240822_TY1_0563_5_V01_1,II. 감세가 지방재정에 미치는 영향에 대해 알려주세요,449.5296630859375,1698.750732421875,1573.011474609375,816.3637084960938
MI3_240822_TY1_0563_6_V01_1,2008~2012년 세수 변화에 대한 표와 관련하여 차트(세로 막대형)에 대해 알려주세요,447.5929870605469,1973.343017578125,1578.876220703125,936.85498046875
MI3_240822_TY1_0570_1_V02-1_1,개헌과 관련된 대화 주제에 대해 알려주세요. 세로 막대형 차트에 대해 알려주세요.,365.624267578125,2044.77587890625,968.427001953125,605.542724609375
MI3_240822_TY1_0570_2_V02-1_1,"제1패널 개헌, 합의와 결단에 대한 가로 막대형 차트에 대해 알려주세요",359.5009460449219,1552.3807373046875,1004.6951904296875,627.1522216796875
MI3_240822_TY1_0570_4_V01_1,"개헌, 합의와 결단 권력의 분산과 국회 역량 강화 방안 표에 대해 알려주세요",362.3588562011719,583.3641967773438,1752.939453125,705.228271484375
MI3_240822_TY1_0570_5_V01_1,제2패널 권력의 분산과 국회 역량 강화 방안에 대해 알려주세요,359.2152404785156,577.2205200195312,1757.2498779296875,911.3403930664062
MI3_240822_TY1_0570_6_V01_1,"개헌, 합의와 결단 권력의 분산과 국회 역량 강화 방안에 대해 알려주세요.",364.27850341796875,1394.1649169921875,1739.3048095703125,532.7374267578125
MI3_240822_TY1_0602_1_V01_1,경제자유구역 지정현황 차트(세로 막대형)에 대해 알려주세요,457.12652587890625,1609.7830810546875,1561.3558349609375,1099.8948974609375
MI3_240822_TY1_0602_2_V01_1,경제자유구역 내 외자 유치에 대한 인센티브와 관련된 세금 감면 내용 및 관련 자료에 대해 알려주세요,453.64569091796875,956.018798828125,1579.3199462890625,893.3906860351562
MI3_240822_TY1_0602_3_V01_1,라. 경제자유구역별 기반시설 예산 지원현황 표에 대해 알려주세요,454.0740051269531,2300.11669921875,1567.7984619140625,667.364013671875
MI3_240822_TY1_0602_4_V01_1,4대 허브조성 현황에 대해 알려주세요,469.9073181152344,2310.69287109375,1542.5372314453125,566.4189453125
MI3_240822_TY1_0602_5_V01_1,4대 차별화 추진전략에 대해 알려주세요,455.75433349609375,609.4917602539062,1556.6910400390625,685.6635131835938
MI3_240822_TY1_0602_6_V01_1,사업명 사업개요 추진계획 추진실적 시각 요소에 대해 알려주세요,466.236572265625,537.0706787109375,1563.0640869140625,1787.928466796875
MI3_240822_TY1_0609_1_V01_2,일본의 장애인 소득지원제도에 대해 알려주세요,457.8098449707031,617.6261596679688,1564.5313720703125,478.33599853515625
MI3_240822_TY1_0609_3_V01_2,장애인 개인 수입액 표에 대해 알려주세요,456.0473937988281,620.9161376953125,1566.257080078125,659.9728393554688
MI3_240822_TY1_0609_4_V01_1,제목 소제목시각요소 제목에 대해 알려주세요,454.9132995605469,1695.97412109375,1571.805908203125,1150.0224609375
MI3_240822_TY1_0609_6_V01_1,이 문서에서는 예산액과 결산액을 보여주는 표에 대해 알려주세요.,458.41265869140625,560.3546752929688,1564.7259521484375,531.2247924804688
MI3_240822_TY1_0636_1_V01_1,[표 1] 경영평가제도의 운영경과 차트(세로 막대형)에 대해 알려주세요,300.90460205078125,737.176513671875,1882.8831787109375,2024.3883056640625
MI3_240822_TY1_0636_2_V01_1,[표 2] 공공기관 운영체계 변천 차트(세로 막대형)에 대해 알려주세요,300.46697998046875,1095.3175048828125,1890.024169921875,685.34375
MI3_240822_TY1_0636_3_V01_1,이 문서에서 방만경영 관련 평가와 그 결과를 나타내는 시각요소에 대해 알려주세요.,303.0456848144531,363.1488037109375,1886.159912109375,1075.511962890625
MI3_240822_TY1_0636_4_V01_1,"경영전략 및 사회공헌, 업무효율, 조직.인적자원 및 성과 관리, 재무예산관리 및 성과, 보수 및 복리후생 관리 범주에 대해 알려주세요",301.4013366699219,364.1952209472656,1886.297119140625,361.6914367675781
MI3_240822_TY1_0636_6_V01_1,기관평가 대상기관 수 차트(세로 막대형)에 대해 알려주세요,300.75537109375,454.5904541015625,1888.12353515625,833.0368041992188
MI3_240822_TY1_0648_1_V01_1,2003~2007년 동안의 자산 현황에 대해 알려주세요,452.553955078125,591.1976318359375,1567.3447265625,1316.641357421875
MI3_240822_TY1_0648_2_V02-1_1,공기업별 매도가능증권 보유현황 차트(세로 막대형)에 대해 알려주세요,457.1802062988281,1623.7525634765625,1557.0989990234375,989.6483764648438
MI3_240822_TY1_0648_4_V01_2,[표 8] 공기업 후순위채권 감액손실 규모 차트에 대해 알려주세요,459.9498291015625,594.2108764648438,1557.722412109375,1331.223388671875
MI3_240822_TY1_0648_5_V01_1,[표 11]에 대해 알려주세요,455.6105041503906,1680.4189453125,1567.7340087890625,1129.9542236328125
MI3_240822_TY1_0648_6_V01_1,대한주택공사의 후순위채권감액손실 차트에 대해 알려주세요,454.1402893066406,1772.02490234375,1566.1773681640625,329.0751953125
MI3_240822_TY1_0650_1_V01_1,공공기관 지정 관련 주요 개정 내용을 담은 자료에 대해 알려주세요.,460.4610595703125,952.4364013671875,1535.331298828125,678.4815063476562
MI3_240822_TY1_0650_2_V01_1,제목의 내용과 관련하여 시장형 공기업에 대한 차트(표) 타입에 대해 알려주세요,460.71795654296875,1135.19482421875,1567.7315673828125,1656.553466796875
MI3_240822_TY1_0650_3_V01_2,공공기관 변동 현황 표에 대해 알려주세요,459.1539611816406,639.340087890625,1562.3966064453125,384.9918212890625
MI3_240822_TY1_0650_4_V01_1,에 대한타입의 내용 및 주요 개정 연혁에 대해 알려주세요,455.9952697753906,1520.9395751953125,1570.63330078125,815.5697021484375
MI3_240822_TY1_0650_5_V01_1,제목과 관련하여 공공기관 지정 심사를 위한 자료 등록 현황에 대한 표에 대해 알려주세요,453.22943115234375,1605.421630859375,1577.9464111328125,753.88720703125
MI3_240822_TY1_0650_6_V01_1,법령상 유형 분류 기준의 적용에 관한 검토와 관련된 표에 대해 알려주세요.,459.0632019042969,1708.7008056640625,1573.0703125,1081.9237060546875
MI3_240822_TY1_0653_3_V01_1,자본의 조달과 축적에 대해 알려주세요.,358.6828918457031,2115.3505859375,1754.700927734375,978.86962890625
MI3_240822_TY1_0683_3_V02-8_1,[그림 IV-2] 부당공동행위에 대한 실제부과율과 법정부과율의 혼합형 차트에 대해 알려주세요,344.2842102050781,873.3810424804688,1743.0108642578125,1358.3233642578125
MI3_240822_TY1_0683_4_V02-8_1,부과처분에 대해 113개의 피심인이 소를 제기한 결과와 관련된 차트(혼합형)에 대해 알려주세요,335.1106262207031,868.4584350585938,1872.0255126953125,1360.826416015625
MI3_240822_TY1_0683_5_V02-8_1,부당공동행위에 대한 불복소송 제기율 차트(혼합형)에 대해 알려주세요,417.7694396972656,925.1659545898438,1621.602783203125,1478.6005859375
MI3_240822_TY1_0683_6_V02-1_1,2010~2015년 확정판결 기준 소제기사유별 공정위 패소율 차트(세로 막대형)에 대해 알려주세요,372.935791015625,1214.04296875,1707.0169677734375,1354.7197265625
MI3_240822_TY1_0718_3_V02-4_1,독일 실업보험 및 취업지원 프로그램 참여자 추이 꺾은선형에 대해 알려주세요,225.80340576171875,1740.2557373046875,1945.949462890625,842.0006103515625
MI3_240822_TY1_0718_4_V02-4_1,프로그램(FbW) 조금고용프로그램(ABM)의 취업지원 프로그램에 대한 꺾은선형 차트에 대해 알려주세요.,228.66526794433594,751.4256591796875,1938.11962890625,935.1227416992188
MI3_240822_TY1_0718_5_V02-1_1,"25,000 20,970 19,679 차트(세로 막대형)에 대해 알려주세요",419.65960693359375,964.5712280273438,1597.16796875,1214.856201171875
MI3_240822_TY1_0718_6_V02-4_1,제목에 대한 내용을 기반으로 한 독일의 실업률 장기추이 꺾은선형 차트에 대해 알려주세요.,225.88662719726562,1546.476318359375,1851.7154541015625,745.0772705078125
MI3_240822_TY1_0731_1_V01_1,저조한 사이트 중에서 예산규모가 크고 단순 정보제공이 아닌 민원서비스까지 제공하는 웹사이트에 대한 구분 세부측정항목 측정내용 표에 대해 알려주세요,466.9842529296875,2069.804931640625,1556.8095703125,857.76611328125
MI3_240822_TY1_0731_5_V03_1,일본 전자행정서비스 평가프레임워크에 대해 알려주세요,524.2525634765625,633.1493530273438,1398.002197265625,791.4667358398438
MI3_240822_TY1_0731_7_V03_1,"계획, 개선 집행, 평가에 대한 프로세스 개발에 대해 알려주세요",660.1354370117188,1993.4248046875,1191.8447265625,511.6247253417969
MI3_240822_TY1_0752_2_V01_1,부도위험과 신용을 교환한다는 것과 관련된 표에 대해 알려주세요,339.54736328125,1256.1295166015625,1794.54345703125,652.3180541992188
MI3_240822_TY1_0752_3_V02-4_1,T01 T02 T03 차트(꺾은선형)에 대해 알려주세요,336.4142150878906,339.09307861328125,1127.3243408203125,748.9971313476562
MI3_240822_TY1_0752_5_V01_1,변수 계수 표에 대해 알려주세요,332.4619140625,798.3763427734375,1816.5567626953125,1123.0771484375
MI3_240822_TY1_0752_6_V02-4_1,11.3 Forecast: RIFCF ± 2 S.E.에 대해 알려주세요,337.71600341796875,340.5704040527344,1123.87060546875,774.730712890625
MI3_240822_TY1_0769_1_V01_1,[건물신축가격기준액 변동표] 표에 대해 알려주세요,463.06549072265625,2078.185791015625,1551.4498291015625,522.21728515625
MI3_240822_TY1_0769_2_V01_2,[전국 상업·업무용건물 실거래가액과 이론적 적용가격 차이] 차트(가로 막대형)에 대해 알려주세요,456.2021484375,619.716796875,1569.3668212890625,496.9999694824219
MI3_240822_TY1_0769_3_V02-8_1,비주거용 부동산 현실화율의 분포(2019년 기준) 혼합형 차트에 대해 알려주세요,471.7237854003906,1643.0994873046875,1468.7908935546875,829.9407958984375
MI3_240822_TY1_0769_4_V02-1_1,자산가치 증가분의 재평가금액 미반영 구조에 대해 알려주세요.,686.341552734375,642.9929809570312,1094.9637451171875,969.6597290039062
MI3_240822_TY1_0791_1_V01_1,발제1. 언론자유와 책임구현을 위한 언론개혁 방향에 대해 알려주세요.,343.9911804199219,2401.151611328125,1790.26318359375,579.9267578125
MI3_240822_TY1_0791_2_V01_2,발제1. 언론자유와 책임구현을 위한 언론개혁 방향 차트에 대해 알려주세요,348.08990478515625,465.36651611328125,1785.5390625,534.750244140625
MI3_240822_TY1_0791_3_V01_1,발제1. 언론자유와 책임구현을 위한 언론개혁 방향에 대해 알려주세요,343.61932373046875,465.28607177734375,1794.630615234375,1026.151123046875
MI3_240822_TY1_0791_4_V01_1,"발제2. 공영방송의 공적책임 구현을 위한 입법과제 고찰과 관련하여 KBS, MBC, EBS의 방송사 근거 법률 및 이사회 구성에 대해 알려주세요",347.9521484375,2125.467529296875,1786.2308349609375,684.621337890625
MI3_240822_TY1_0791_5_V01_1,언론개혁의 방향과 입법과제 공영방송 지배구조에 대한 표에 대해 알려주세요,346.27947998046875,1855.423583984375,1791.19384765625,1219.097900390625
MI3_240822_TY1_0791_6_V01_1,발제2. 공영방송의 공적책임 구현을 위한 입법과제 고찰 및 <표3> 공영방송 지배구조 개선법안 통과 후 지배구조의 변화에 대해 알려주세요,350.4521484375,910.8243408203125,1781.859375,607.3702392578125
MI3_240822_TY1_0796_1_V01_1,트럼프 행정부 국가안보전략 주요 내용과 차트에 대해 알려주세요,346.37860107421875,681.1668701171875,1783.394287109375,937.3099975585938
MI3_240822_TY1_0796_3_V01_1,2018년 동북아 정세와 한국의 대응방향에 대해 알려주세요,346.9975280761719,2358.186279296875,1791.181640625,508.8830261230469
MI3_240822_TY1_0796_4_V01_1,2018년 일본의 외교정책방향과 한국의 대응과제에 대해 알려주세요,348.176025390625,2085.0546875,1787.92822265625,643.656982421875
MI3_240822_TY1_0800_1_V01_1,금융위원회의 유권해석에 대해 알려주세요.,354.9254455566406,2326.7587890625,1780.42578125,849.2640991210938
MI3_240822_TY1_0810_1_V02-8_1,금융권 망분리 규제의 내용에 대해 알려주세요,371.02020263671875,2372.319091796875,1754.52099609375,663.1837768554688
MI3_240822_TY1_0810_2_V02-8_1,전자금융감독규정 망분리 관련 조항에 대한 차트(혼합형)에 대해 알려주세요,358.1910705566406,882.1965942382812,1773.5625,581.5982666015625
MI3_240822_TY1_0827_3_V01_1,농촌 지역의 외국인 근로자 고용 실태와 과제 본문 표에 대해 알려주세요,365.7629089355469,611.1292724609375,1753.1251220703125,1029.5831298828125
MI3_240822_TY1_0827_4_V01_1,우수 농업인 표에 대해 알려주세요,364.36004638671875,1928.2054443359375,1771.7281494140625,1155.5714111328125
MI3_240822_TY1_0827_5_V01_1,참고 1 고용허가제 신규 외국인력 배정방식(점수제) 개요에 대해 알려주세요.,461.4371032714844,839.6640014648438,1649.1446533203125,210.0013885498047
MI3_240822_TY1_0846_1_V01_1,장애인 문화예술 활동 현황 본문 표에 대해 알려주세요,343.40911865234375,2520.602294921875,1785.7149658203125,695.213134765625
MI3_240822_TY1_0846_2_V01_1,장애인 문화예술 실태 및 진흥 정책 방안에 대해 알려주세요,342.7624816894531,465.4425354003906,1788.39306640625,957.0198364257812
MI3_240822_TY1_0846_3_V01_2,<표 2> 전국민 문화예술 행사 관람의 애로사항에 대해 알려주세요,339.393310546875,2067.06787109375,1794.9080810546875,390.27734375
MI3_240822_TY1_0846_4_V01_2,장애인의 문화여가 활동 불만족 이유에 대한 통계와 관련된 불만족 이유 비율에 대해 알려주세요.,340.88037109375,549.353759765625,1797.1175537109375,452.77703857421875
MI3_240822_TY1_0846_5_V01_1,주제발표 3. 장애인 문화예술 활동 참여 보장 방안에 대해 알려주세요,341.41644287109375,1585.9493408203125,1797.2430419921875,402.528076171875
MI3_240822_TY1_0846_6_V01_1,제목 시각요소 범례에 대해 알려주세요,348.6892395019531,469.6401672363281,1781.5943603515625,489.7593688964844
MI3_240822_TY1_0855_1_V01_1,행정부의 예산편성 단계별 내용 차트에 대해 알려주세요,411.27166748046875,1371.7728271484375,1660.1644287109375,920.105712890625
MI3_240822_TY1_0855_2_V01_1,에 대한 예산요구서의 세부사업 설명자료 표에 대해 알려주세요,404.5644226074219,923.7828979492188,1656.968505859375,955.3045043945312
MI3_240822_TY1_0855_3_V01_1,세입세출예산안 사항별 설명서에 대해 알려주세요,413.69451904296875,673.8369140625,1736.4219970703125,1930.4130859375
MI3_240822_TY1_0855_4_V01_1,예결위가 상임화 되어 있는 상황에서의 예산 심의에 대해 알려주세요,0.0,0.0,0.0,0.0
MI3_240822_TY1_0855_5_V01_1,서 미국에서 의회의 예산안 조정범위와 관련된 행정부의 의지 수용에 대해 알려주세요.,409.6477966308594,1120.031005859375,1659.2322998046875,1061.59814453125
MI3_240822_TY1_0855_6_V01_1,헌법에서는 준예산 관련 헌법제도의 연혁과 관련된 표에 대해 알려주세요,419.948974609375,1121.1015625,1653.741943359375,1575.7020263671875
MI3_240822_TY1_0879_1_V01_1,모닝스타 개방형펀드 글로벌 데이터베이스 현황에 대해 알려주세요,412.595458984375,502.8407287597656,1713.402099609375,699.8021850585938
MI3_240822_TY1_0879_3_V02-1_1,모닝스타 지속가능성 등급 분포에 대해 알려주세요,362.977783203125,532.0189208984375,1714.5615234375,1026.5380859375
MI3_240822_TY1_0879_4_V01_1,국민연금기금운용관련 법규 표에 대해 알려주세요,454.69622802734375,2191.77294921875,1568.63720703125,487.8149108886719
MI3_240822_TY1_0879_5_V01_2,와 관련된 V로 시작하는 내용인 위험관리방안에 대해 알려주세요.,410.8993225097656,2116.011962890625,1753.0352783203125,1030.76220703125
MI3_240822_TY1_0879_6_V01_1,운용 기간 스타등급 차트에 대해 알려주세요,351.81829833984375,1470.945556640625,1798.476318359375,434.9202880859375
MI3_240822_TY1_0885_3_V02-1_1,자녀와 아버지 직업 지위 분포에 대해 알려주세요,393.4582214355469,1470.4608154296875,1676.046142578125,1214.251953125
MI3_240822_TY1_0885_4_V02-1_1,제목에 따르면 아버지 직업 지위 분포를 보여주는 차트에 대해 알려주세요.,392.62823486328125,760.785888671875,1689.8487548828125,1097.821044921875
MI3_240822_TY1_0885_5_V02-1_1,제3절 지역이동의 조절효과 차트(세로 막대형)에 대해 알려주세요,338.5321350097656,562.769775390625,1632.5048828125,1075.5809326171875
MI3_240822_TY1_0885_6_V02-1_1,T01 T02 T03 차트(세로 막대형)에 대해 알려주세요,399.9010009765625,1830.3980712890625,869.9234008789062,1086.2518310546875
MI3_240822_TY1_0889_1_V02-4_1,기술료 제도 운영 현황 차트(꺾은선형)에 대해 알려주세요,1290.7384033203125,2547.054443359375,814.90673828125,557.364501953125
MI3_240822_TY1_0889_2_V02-2_1,기술료 사용 현황 차트(가로 막대형)에 대해 알려주세요,382.8109436035156,1093.6053466796875,810.7483520507812,519.2805786132812
MI3_240822_TY1_0889_4_V02-3_1,제2장 기술료 제도 현황 정부납부 기술료 사용 측면 차트(원형)에 대해 알려주세요,569.1806640625,481.5299987792969,1448.0565185546875,589.325439453125
MI3_240822_TY1_0889_5_V02-8_1,제2장 기술료 제도 현황 정부출연 연구기관 기술료 사용 현황 차트(혼합형)에 대해 알려주세요,1273.983154296875,1501.7139892578125,864.60693359375,513.610595703125
MI3_240822_TY1_0889_7_V02-8_1,정부 R&D 규모 변화와 정부납부 기술료 규모변화 간 상관관계 차트(혼합형)에 대해 알려주세요,390.52630615234375,1602.7874755859375,1783.734619140625,766.2114868164062
MI3_240822_TY1_0889_8_V02-1_1,에 대한 대학 기술료 배분 차트(세로 막대형)에 대해 알려주세요,388.41558837890625,1867.8612060546875,1647.3031005859375,724.9006958007812
MI3_240822_TY1_0892_1_V02-1_1,기업의 연구개발비의 용도별 규모 차트에 대해 알려주세요.,517.4000854492188,2054.168701171875,1541.3277587890625,951.6661987304688
MI3_240822_TY1_0892_2_V02-8_1,연구개발비와 GDP 대비 연구개발비에 대해 알려주세요,351.771728515625,833.4104614257812,1615.4322509765625,796.9107055664062
MI3_240822_TY1_0892_3_V01_1,연구개발 주체별 연구개발비 추이에 대해 알려주세요,348.8697204589844,501.6681213378906,1780.273193359375,1374.005859375
MI3_240822_TY1_0892_4_V01_1,<표 3-7> 연도별 내국인 특허출원 통계에 대해 알려주세요,336.7833557128906,985.546630859375,1810.330078125,1414.15283203125
MI3_240822_TY1_0892_5_V01_1,제3절 실증분석 결과 본문 표에 대해 알려주세요,343.7438049316406,1932.8038330078125,1790.8392333984375,1187.0509033203125
MI3_240822_TY1_0892_6_V01_1,구개발사업 수행에 따른 탐색적 활동과 관련된 국가연구개발비에 대한 표와 차트에 대해 알려주세요.,347.906982421875,1228.2095947265625,1791.2293701171875,1205.1153564453125
MI3_240822_TY1_0917_1_V01_1,본문 V 캘리브레이션에 대해 알려주세요,451.33251953125,1342.2969970703125,1552.8138427734375,839.055419921875
MI3_240822_TY1_0917_2_V01_1,다음 표에 대한 기여도 차트에 대해 알려주세요.,450.9832458496094,1884.7137451171875,1550.757568359375,715.6253662109375
MI3_240822_TY1_0917_3_V01_1,"총생산갭, 실업률갭, 고용률갭 혼합 갭에 대해 알려주세요",453.1037902832031,1405.65380859375,1571.7030029296875,604.6409912109375
MI3_240822_TY1_0923_1_V01_1,의료급여의 65세 이상 노인인구 현황 표에 대해 알려주세요,319.5342102050781,562.9194946289062,1838.3302001953125,884.8198852539062
MI3_240822_TY1_0923_2_V02-1_1,"건강보험, 의료급여 및 노인장기요양보험 전체 진료비 및 65세 이상 노인진료비 차트(세로 막대형)에 대해 알려주세요",341.16650390625,1461.790771484375,1774.934326171875,750.9100952148438
MI3_240822_TY1_0923_3_V02-4_2,외래진료 실진료인원 1인당 입내원일수 차트(꺾은선형)에 대해 알려주세요,402.25543212890625,678.8326416015625,1667.8045654296875,886.6832885742188
MI3_240822_TY1_0923_4_V01_1,"대상으로 요인별 기여도를 분석하고 있지만, 노인진료비 증가 분석요인 구분 차트에 대해 알려주세요",333.15460205078125,756.7509155273438,1816.945556640625,829.4406127929688
MI3_240822_TY1_0923_5_V01_2,[표 5-16]에 대해 알려주세요,335.0566711425781,1038.1751708984375,1810.4658203125,458.1564636230469
MI3_240822_TY1_0923_6_V01_1,노인장기요양보험 65세 이상 시설급여 이용자의 진료비증가 요인별 기여도에 대해 알려주세요.,335.194580078125,1890.241455078125,1812.498046875,564.005126953125
MI3_240822_TY1_0941_1_V01_1,<표 2> 선형모형의 구조에 대해 알려주세요.,348.084228515625,2270.0673828125,1761.4334716796875,482.966796875
MI3_240822_TY1_0941_2_V01_1,5. 추정모형의 설정 및 지역간 교역구조의 변화요인과 모형의 평가기준 표에 대해 알려주세요,352.63299560546875,1528.2008056640625,1726.97998046875,362.9014892578125
MI3_240822_TY1_0941_3_V01_1,에 포함된타입의 내용에 대해 알려주세요,349.08538818359375,1614.4976806640625,1755.8798828125,525.4756469726562
MI3_240822_TY1_0941_4_V01_1,제목에 포함된 내용과 관련하여 지역 비중을 나타내는 차트에 대해 알려주세요.,347.9173278808594,1095.571044921875,1790.1771240234375,535.4140625
MI3_240822_TY1_0941_5_V01_1,<표 11> 지역간 생산승수의 연관구조에 대해 알려주세요,350.4870300292969,2346.084716796875,1787.077392578125,637.2479858398438
MI3_240822_TY1_0941_6_V01_1,생산-최종수요 간의 관계와 승수 분석에 대해 알려주세요,347.2253112792969,1001.9443969726562,1774.6651611328125,360.8796691894531
MI3_240822_TY1_0976_1_V01_1,개인정보보호법 전문가 좌담회 관련 정보 시각적 요소에 대해 알려주세요,339.8966369628906,1873.0789794921875,1802.24658203125,1056.3072509765625
MI3_240822_TY1_0976_2_V01_1,개인정보의 이용내역과 관련된 내용에 대해 알려주세요,347.64453125,467.5632629394531,1784.3641357421875,1597.4443359375
MI3_240822_TY1_0976_3_V01_1,개정 이유 및 내용 에 대해 알려주세요,347.66552734375,970.2887573242188,1787.567138671875,683.8628540039062
MI3_240822_TY1_0984_6_V02-3_1,문화시설 BTL사업 정책에 대한 의식 조사의 차트(원형)에 대해 알려주세요,451.01116943359375,1954.7071533203125,1569.8173828125,654.1084594726562
MI3_240822_TY1_0985_3_V02-1_1,게임산업 연도별 인력확보 어려운 요인 차트(세로 막대형)에 대해 알려주세요,365.2228698730469,528.5479125976562,1745.72900390625,933.2372436523438
MI3_240822_TY1_0985_5_V02-1_1,CT R&D 지원과제별 매출실적 차트(세로 막대형)에 대해 알려주세요,367.0551452636719,514.9017944335938,1710.962890625,854.1048583984375
MI3_240822_TY1_0985_6_V01_1,[표 31] 차트(세로 막대형)에 대해 알려주세요,361.7516784667969,1942.7220458984375,1745.406005859375,1155.5220947265625
MI3_240822_TY1_0998_1_V02-1_1,2005년 이전 및 2006~2008년 기간의 투자비 대비 특허성과 비교 차트(세로 막대형)에 대해 알려주세요,453.6094665527344,2267.512451171875,1575.3897705078125,709.1693725585938
MI3_240822_TY1_0998_4_V02-4_1,T01 T02 T03 차트(꺾은선형)에 대해 알려주세요,489.0212707519531,616.560302734375,1512.0577392578125,755.874755859375
MI3_240822_TY1_0998_5_V02-1_1,투자비 R&D 사업의 해외 SCI 논문 성과 현황 비교 차트(세로 막대형)에 대해 알려주세요,480.55084228515625,1647.2083740234375,1520.7960205078125,1069.6339111328125
MI3_240822_TY1_0998_6_V02-1_1,제목에 관련된 미국 특허 평균 피인용횟수 추세 차트에 대해 알려주세요,510.5350036621094,2152.249267578125,1479.5765380859375,805.36376953125
MI3_240822_TY1_0998_7_V01_1,2003년 미국 특허 분석에 대한 융합도 표에 대해 알려주세요,454.7923278808594,1654.4727783203125,1568.8057861328125,1183.3870849609375
MI3_240822_TY1_1000_2_V02-1_1,각 산업의 연도별 R&D 투자의 평균치를 나타내는 차트(세로 막대형)에 대해 알려주세요.,503.73321533203125,2214.1142578125,1464.4658203125,641.1635131835938
MI3_240822_TY1_1000_3_V02-1_1,제목에 대한 스마트 시스템 차트(세로 막대형)에 대해 알려주세요,515.4368896484375,1049.846435546875,1468.962646484375,686.084228515625
MI3_240822_TY1_1000_4_V02-4_1,산업별 연도별 전체 R&D 투자 현황에 대해 알려주세요,500.7420349121094,614.9330444335938,1493.51318359375,993.1207885742188
MI3_240822_TY1_1000_5_V02-4_1,2010년 정부 R&D 투자 정책과 맞물려 민간 R&D 투자 추세 차트(꺾은선형)에 대해 알려주세요,497.58453369140625,887.1111450195312,1471.0926513671875,946.9682006835938
MI3_240822_TY1_1000_6_V01_1,19대 미래성장동력 산업 재원별 Spillover 효과 분석 결과 I에 대해 알려주세요,448.5447998046875,1408.23388671875,1576.6429443359375,1531.672119140625
MI3_240822_TY1_1035_1_V02-1_1,법안비용추계제도에 대한 국회의 인식조사 및 개선방안 연구 차트(세로 막대형)에 대해 알려주세요,394.723876953125,1122.5372314453125,1704.43603515625,1033.2601318359375
MI3_240822_TY1_1035_2_V02-4_1,법안비용추계제도에 대한 국회의 인식조사 및 개선방안 연구와 관련된 차트(꺾은선형)에 대해 알려주세요,413.7560729980469,2075.901611328125,1647.3765869140625,847.12939453125
MI3_240822_TY1_1035_3_V02-3_1,[표 28] 차트(원형)에 대해 알려주세요,703.0556640625,477.3973388671875,1064.89111328125,677.4986572265625
MI3_240822_TY1_1035_4_V02-3_1,원형 차트에 대해 알려주세요,590.139404296875,577.7442016601562,1303.3648681640625,716.1390380859375
MI3_240822_TY1_1035_5_V02-3_1,제4장 법안비용추계제도 인식조사 차트(원형)에 대해 알려주세요,698.5767211914062,481.5950927734375,1088.154296875,736.6995849609375
MI3_240822_TY1_1036_1_V01_1,법안비용추계제도에 이용되는 단가 및 기준정보와 관련하여 수당의 종류 및 지급액에 대해 알려주세요.,355.3258972167969,548.3651733398438,1759.052978515625,594.0875854492188
MI3_240822_TY1_1036_2_V01_2,제6절 기타 단가에 대해 알려주세요,356.3056335449219,1831.6939697265625,1770.876953125,422.7476501464844
MI3_240822_TY1_1036_3_V03_1,기능점수에 의한 대가산정 방식 절차에 대해 알려주세요,372.1731872558594,1325.840087890625,1775.5001220703125,735.25
MI3_240822_TY1_1036_4_V03_1,제2장 정보화사업 법안비용추계 단가에 대해 알려주세요,369.01251220703125,674.0475463867188,1775.054931640625,583.847900390625
MI3_240822_TY1_1036_5_V01_1,법안비용추계제도에 이용되는 단가 및 기준정보와 관련하여 컨설팅 프로젝트의 단계 활동에 대해 알려주세요.,360.505126953125,521.6780395507812,1758.30517578125,855.4067993164062
MI3_240822_TY1_1036_6_V01_1,제2장 정보화사업 법안비용추계 금액(원)에 대해 알려주세요,361.3991394042969,423.7176818847656,1756.8369140625,529.9200439453125
MI3_240822_TY1_1040_1_V01_1,3 출장단 및 4 출장 일정의 표에 대해 알려주세요,350.7922058105469,1494.6881103515625,1777.5654296875,1583.5474853515625
MI3_240822_TY1_1040_2_V01_2,공무 국외출장 결과보고서의 신용조사 및 채권회수 관련 차트에 대해 알려주세요.,417.42474365234375,417.2344055175781,1698.33154296875,680.4547729492188
MI3_240822_TY1_1040_3_V01_1,국산 과실류 항공 수입 현장 방문 개요 표에 대해 알려주세요,423.8783874511719,1318.772705078125,1699.2625732421875,364.7817077636719
MI3_240822_TY1_1040_4_V01_1,공무 국외출장 결과보고서의 영상 정보에 대해 알려주세요,421.1440124511719,1377.4658203125,1704.706787109375,465.99365234375
MI3_240822_TY1_1040_5_V01_1,"KOTRA 하노이 무역관 방문 주요 0 수출기업 마케팅, 전시회, 투자유치, 시장개척 지원 업무 0 수출지역 정보조사 등에 대해 알려주세요",418.9183044433594,1323.2125244140625,1708.4837646484375,337.9742431640625
MI3_240822_TY1_1040_6_V01_1,공무 국외출장 결과보고서 차트에 대해 알려주세요,431.5185241699219,1416.05078125,1695.34423828125,404.2963562011719
MI3_240822_TY1_1060_1_V02-4_1,OECD 평균 공공 사회복지지출에 대한 꺾은선형 차트에 대해 알려주세요,352.31268310546875,1281.9139404296875,1761.118896484375,1121.6646728515625
MI3_240822_TY1_1060_2_V01_1,정부 총 지출대비 공공사회지출 추이에 대해 알려주세요,350.43505859375,2214.203857421875,1773.01416015625,610.794921875
MI3_240822_TY1_1060_3_V01_1,미국 보건복지부 노인부문 사업별 예산 표에 대해 알려주세요,349.39093017578125,610.82666015625,1744.167236328125,1747.913330078125
MI3_240822_TY1_1060_4_V01_1,일본의 아동가족관련 예산내역에 대해 알려주세요,347.9225769042969,652.8634643554688,1785.069580078125,1133.453125
MI3_240822_TY1_1060_5_V01_1,국가 위기 영역별 상대적 중요도와 우선순위에 대해 알려주세요,352.5550842285156,609.7421264648438,1777.232421875,919.1397705078125
MI3_240822_TY1_1060_6_V03_1,이 자료에서 언급된 다이어그램에 대해 알려주세요.,664.1876220703125,1161.3709716796875,1264.0096435546875,301.4102783203125
MI3_240822_TY1_1066_1_V02-4_1,한국의 인구 성장률과 관련된 총인구 및 인구성장률 차트(꺾은선형)에 대해 알려주세요,635.9684448242188,2403.57958984375,1202.6387939453125,736.385498046875
MI3_240822_TY1_1066_4_V02-4_1,주택 거래세와 보유세수 규모 차트(꺾은선형)에 대해 알려주세요,631.3377685546875,603.2161254882812,1184.6650390625,693.5872192382812
MI3_240822_TY1_1066_5_V02-4_1,에 대한 시각적 자료인 주택 종부세 유효세율 추이 꺾은선형 차트에 대해 알려주세요.,433.3486022949219,2002.4176025390625,1672.4583740234375,1116.9754638671875
MI3_240822_TY1_1066_6_V02-6_1,부동산 세율과 부동산 가격상승률에 대해 알려주세요,554.4166259765625,512.5680541992188,1405.6383056640625,1171.3218994140625
MI3_240822_TY1_1077_1_V02-1_1,개혁 정책은 아직까지는 북한 경제를 크게 개선시키지는 못한 것으로 보인다. 남한 북한 차트(세로 막대형)에 대해 알려주세요.,1252.185546875,2058.1494140625,820.514892578125,699.8017578125
MI3_240822_TY1_1077_2_V02-8_1,북한 경제 현황과 중국·베트남·한국 경제개발 사례에 대한 혼합형 차트에 대해 알려주세요,360.19891357421875,953.417236328125,1739.94921875,819.5111083984375
MI3_240822_TY1_1077_3_V02-8_1,남북한 실질GDP 규모 및 성장률 추이와 관련된 꺾은선형 차트에 대해 알려주세요,365.295654296875,480.9825439453125,1744.1044921875,917.4526977539062
MI3_240822_TY1_1077_4_V02-8_1,남북한 총인구 규모 및 인구증가율 추이에 대해 알려주세요,373.4396667480469,540.8226318359375,857.2530517578125,703.6748046875
MI3_240822_TY1_1077_5_V02-1_1,북한의 무역거래액과 관련된 차트(세로 막대형)에 대해 알려주세요,362.4418640136719,470.7523498535156,1761.2847900390625,935.1846313476562
MI3_240822_TY1_1077_6_V02-4_1,화로 남북한 교류협력에 대한 차트(꺾은선형)에 대해 알려주세요,364.0655822753906,1112.3299560546875,1767.8277587890625,905.5098266601562
MI3_240822_TY1_1087_3_V01_1,국회예산정책처의 환경영향 평가에서의 인간 및 자연 가치 차트에 대해 알려주세요,894.261962890625,669.0736083984375,1121.3192138671875,1042.40087890625
MI3_240822_TY1_1087_4_V01_1,제 4 장 환경자원 가치평가 사례 분석 95% 신뢰구간 평균지불 원에 대해 알려주세요,895.5233154296875,1675.406982421875,1109.314453125,423.8993835449219
MI3_240822_TY1_1087_5_V01_1,국회예산정책처 제5장 환경자원 가치평가의 활용방안 차트(혼합형)에 대해 알려주세요,894.2381591796875,1009.818115234375,1150.546630859375,1353.20263671875
MI3_240822_TY1_1087_6_V01_1,국회예산정책처 제5장 환경자원 가치평가의 활용방안 차트(영역형)에 대해 알려주세요,897.0689086914062,925.49560546875,1145.1336669921875,1020.2269897460938
MI3_240822_TY1_1090_1_V02-1_1,정부위원회 수 추이에 대해 알려주세요,365.1147155761719,2158.331787109375,1858.717041015625,829.1903686523438
MI3_240822_TY1_1090_2_V01_1,이 문서에서 수당명과 월지급액에 대한 그래프에 대해 알려주세요,292.9717102050781,242.73680114746094,1896.24072265625,2952.27392578125
MI3_240822_TY1_1090_3_V01_1,공무원 수당에 대한 에 대해 알려주세요,681.3583984375,276.429443359375,1478.046142578125,2924.980712890625
MI3_240822_TY1_1090_4_V01_1,재외공무원 특수외국어 가산금과 관련된 대상 외국어에 대해 알려주세요,281.4608459472656,289.8869323730469,1916.8236083984375,409.202880859375
MI3_240822_TY1_1090_5_V01_3,자녀학비보조수당에 대해 알려주세요,292.9983825683594,404.8104553222656,1895.9091796875,575.0714721679688
MI3_240822_TY1_1090_6_V01_1,제외공무원 특수지근무수당 지급구분표에 대해 알려주세요,294.36260986328125,384.5846252441406,1901.7095947265625,2605.2890625
MI3_240822_TY1_1100_2_V02-4_2,경제성장률과 일반정부/민간 비율에 대해 알려주세요,523.9061279296875,617.7407836914062,1435.4866943359375,877.8934326171875
MI3_240822_TY1_1100_3_V02-4_1,주거용 건물 제외한 GDP와 일반정부 건설자산의 관계에 대해 알려주세요,517.7587890625,630.2514038085938,1434.310546875,981.2804565429688
MI3_240822_TY1_1112_3_V02-1_1,사회복지전달체계 개선도 평균 차트(세로 막대형)에 대해 알려주세요,508.4981994628906,1224.361572265625,1460.4443359375,743.110107421875
MI3_240822_TY1_1112_4_V02-1_1,찾아가는 서비스 투입 시간 개선도 차트(세로 막대형)에 대해 알려주세요,508.5865783691406,1214.73681640625,1463.054443359375,856.0646362304688
MI3_240822_TY1_1112_5_V02-1_1,사회복지직렬 인력 보강 개선도 차트(세로 막대형)에 대해 알려주세요,515.8167724609375,1043.0450439453125,1454.40185546875,612.4332275390625
MI3_240822_TY1_1112_6_V02-1_1,(단위 : 점) 차트(세로 막대형)에 대해 알려주세요,526.0585327148438,610.94873046875,1427.2568359375,590.6954345703125
MI3_240822_TY1_1114_1_V02-1_1,사회적기업 유형별 정부지원의 충분성 평가 차트(세로 막대형)에 대해 알려주세요,337.6660461425781,921.419189453125,1769.4791259765625,782.6839599609375
MI3_240822_TY1_1114_2_V02-1_1,정부지원의 충분성 평가 차트(세로 막대형)에 대해 알려주세요,336.1267395019531,1791.1759033203125,1770.0947265625,721.8375244140625
MI3_240822_TY1_1114_3_V02-1_1,사회적기업 유형별 정부지원 중단 후 기업 자립 가능성 차트(세로 막대형)에 대해 알려주세요,335.9372253417969,2419.248046875,1774.712890625,778.9303588867188
MI3_240822_TY1_1114_4_V02-1_1,설립연도별 정부지원 중단 후 기업 자립 가능성 차트(세로 막대형)에 대해 알려주세요,336.8317565917969,654.27197265625,1769.7099609375,722.483154296875
MI3_240822_TY1_1114_5_V02-1_1,2010년 자본금 규모별 정부지원 중단 후 기업 자립 가능성에 대해 알려주세요,335.4443359375,1601.8770751953125,1771.19873046875,724.207275390625
MI3_240822_TY1_1114_6_V02-1_2,취업 취약계층 여부에 따른 고용형태 차트(세로 막대형)에 대해 알려주세요,405.8409423828125,431.5811767578125,1696.1898193359375,732.7565307617188
MI3_240822_TY1_1126_3_V02-4_1,상수도 시설용량 변화추이 차트(꺾은선형)에 대해 알려주세요,478.7030944824219,620.7559814453125,1496.6298828125,736.0955810546875
MI3_240822_TY1_1126_4_V02-1_2,제목에 포함된 상수도개발 및 운영실태 평가에 대한 세로 막대형 차트에 대해 알려주세요,494.1954040527344,1245.7039794921875,1488.064208984375,689.947998046875
MI3_240822_TY1_1126_5_V02-1_1,현재의 광역상수도 및 지방상수도체계에 대한 차트(세로 막대형)에 대해 알려주세요,485.1600036621094,1556.5257568359375,1502.60791015625,673.5845947265625
MI3_240822_TY1_1143_1_V02-4_1,세무조사 법인수 비율과 관련된 퍼센트 차트를 통해 알려주세요,1261.454833984375,622.3651733398438,749.04443359375,783.9669799804688
MI3_240822_TY1_1143_2_V02-4_1,세무조사비율 추이에 대해 알려주세요,484.5052185058594,593.8072509765625,1524.7412109375,812.9656372070312
MI3_240822_TY1_1143_3_V02-4_1,이러한 경향은 추징금액의 연도별 추이에서 보여주는 꺾은선형 차트에 대해 알려주세요,448.55487060546875,1665.498046875,1559.7052001953125,1009.3433837890625
MI3_240822_TY1_1143_5_V02-8_1,우에는 세수가 늘어나게 된다. 그러나 평균적으로 국세수입 예측이 실적치를 하회하는 경향이 있다면 세수가 줄어들 가능성이 높다. 결산상 세수와 예산상 세수를 비교한 차트에 대해 알려주세요,449.216796875,1748.772216796875,1568.7958984375,883.4752197265625
MI3_240822_TY1_1157_1_V02-4_1,근로 소득 10분위 배율 꺾은선형에 대해 알려주세요,492.7806701660156,1495.1995849609375,1483.0614013671875,863.6075439453125
MI3_240822_TY1_1157_2_V02-4_1,평균 차트(꺾은선형)에 대해 알려주세요,443.8879089355469,1537.86669921875,1656.588623046875,1049.59716796875
MI3_240822_TY1_1164_1_V01_1,부가가치세 개요 차트(세로 막대형)에 대해 알려주세요,237.53636169433594,761.8834838867188,2021.531005859375,716.2693481445312
MI3_240822_TY1_1164_3_V01_1,담배소비세 세율 차트(표) 에 대해 알려주세요,238.60147094726562,1219.975341796875,2023.292236328125,855.6192626953125
MI3_240822_TY1_1172_1_V02-1_1,호주 수소경제 규모 및 기술 분야별 수소 시장 규모 차트(세로 막대형)에 대해 알려주세요,340.2287902832031,2156.467529296875,1584.7044677734375,1062.3125
MI3_240822_TY1_1185_1_V02-4_1,운영성과(A-B) 차트(꺾은선형)에 대해 알려주세요,506.3230285644531,759.1346435546875,1417.9447021484375,664.711181640625
MI3_240822_TY1_1185_2_V02-4_1,신용보증기금의 B/C Ratio에 대해 알려주세요,545.1502075195312,743.677734375,1328.976318359375,609.7460327148438
MI3_240822_TY1_1185_3_V02-4_1,신용보증기금의 운용수익률과 기대수익률 추이에 대해 알려주세요,516.6797485351562,616.84326171875,1450.1910400390625,662.549072265625
MI3_240822_TY1_1201_1_V02-4_1,양도소득세 현황과 관련된 꺾은선형 차트에 대해 알려주세요,376.9272766113281,1695.0361328125,1701.5916748046875,1390.98681640625
MI3_240822_TY1_1201_2_V02-4_1,재산과세 종합부동산세 현황 꺾은선형에 대해 알려주세요,381.64715576171875,1855.24951171875,1692.91796875,1221.6409912109375
MI3_240822_TY1_1201_3_V02-4_1,알기쉬운 조세제도 차트(꺾은선형)에 대해 알려주세요,383.7900390625,1274.7601318359375,1691.396728515625,1217.4010009765625
MI3_240822_TY1_1205_2_V02-4_2,이 문서의 소득대비 비중에 대한 차트(꺾은선형)에 대해 알려주세요,391.74383544921875,2093.46337890625,1608.490966796875,689.3778686523438
MI3_240822_TY1_1205_3_V02-1_1,T01 T02 차트(세로 막대형)에 대해 알려주세요,389.28521728515625,2081.46240234375,1613.01171875,714.97216796875
MI3_240822_TY1_1207_1_V02-4_1,제목에 대한 내용과 함께 한계피해비용 대비 적정 환경세 수준 꺾은선형 차트에 대해 알려주세요,523.5154418945312,1096.423828125,1486.314453125,632.8206787109375
MI3_240822_TY1_1207_2_V02-5_1,영역형에 대해 알려주세요,534.7542114257812,546.5703125,1337.9627685546875,643.8741455078125
MI3_240822_TY1_1207_3_V02-4_1,"방향에서 진행되었으며, 최근 EU 집행위원회의 연구 프로젝트에서 Cambridge Econometrics 그룹의 최근 ETR의 경제적 효과에 대한 실증분석과 관련된 꺾은선형 차트에 대해 알려주세요",425.92596435546875,2067.218994140625,787.230712890625,713.390869140625
MI3_240822_TY1_1223_1_V01_1,2003년도 우리나라 복권시장 규모 현황 차트에 대해 알려주세요,418.1152038574219,573.5377807617188,1652.55810546875,437.7869567871094
MI3_240822_TY1_1223_3_V02-4_1,복권 매출액 현황에 대해 알려주세요,517.519287109375,596.5499877929688,1499.3062744140625,1044.5625
MI3_240822_TY1_1233_2_V02-4_1,에 대한 의 원/달러 환율 및 예산편성환율 추이에 대해 알려주세요.,447.20452880859375,1300.271484375,1501.8868408203125,939.3563842773438
MI3_240822_TY1_1239_2_V02-1_1,우리나라 사회복지지출 관련 시사점 차트(세로 막대형)에 대해 알려주세요,449.4707336425781,605.771728515625,1543.5570068359375,979.5511474609375
MI3_240822_TY1_1252_1_V02-4_1,원유 도입단가 추이 차트(꺾은선형)에 대해 알려주세요,543.4139404296875,1928.3194580078125,1423.201904296875,805.7049560546875
MI3_240822_TY1_1252_2_V02-4_1,환율 변동 추이 꺾은선형에 대해 알려주세요,526.6419067382812,1898.3245849609375,1428.764892578125,776.852783203125
MI3_240822_TY1_1252_3_V01_1,환율 변동 추이에 대한 표에 대해 알려주세요,506.71142578125,618.7927856445312,1465.033935546875,1110.1566162109375
MI3_240822_TY1_1252_4_V02-4_1,"휘발유의 국내정유사가격, 국제휘발유제품가격 및 국제원유가 추이에 대해 알려주세요",565.3757934570312,967.88671875,1388.44189453125,1028.11767578125
MI3_240822_TY1_1252_5_V02-8_1,국제휘발유제품가격과 국제원유현물가의 차이에 대해 알려주세요,570.3106079101562,637.1129150390625,1320.1826171875,805.60205078125
MI3_240822_TY1_1252_6_V02-4_1,용제 월별 판매량 추이 차트(꺾은선형)에 대해 알려주세요,489.5990905761719,1699.4107666015625,1512.6368408203125,959.6981201171875
MI3_240822_TY1_1257_3_V01_1,음식물쓰레기와 관련된 전기에너지 생산량에 대해 알려주세요.,350.92974853515625,938.0156860351562,1780.9381103515625,435.3113708496094
MI3_240822_TY1_1257_4_V02-4_1,바이오가스 생산단가의 변화 꺾은선형에 대해 알려주세요,311.23095703125,1662.558349609375,1842.98583984375,969.351806640625
MI3_240822_TY1_1257_5_V01_1,폐수처리시설의 원수 및 방류수 성상에 대해 알려주세요,342.73101806640625,2466.2587890625,1796.866455078125,461.613037109375
MI3_240822_TY1_1257_6_V02-4_1,바이오가스화 시설의 운전 현황 차트(꺾은선형)에 대해 알려주세요,444.1335144042969,965.095703125,1689.961669921875,886.52490234375
MI3_240822_TY1_1275_2_V02-4_4,이 문서에서 다양한 부문의 소비를 비교한 차트에 대해 알려주세요.,452.5932922363281,1674.875244140625,1530.2017822265625,1139.399658203125
MI3_240822_TY1_1275_5_V02-4_1,에 관련된 의 주요 결과를 보여주는 꺾은선형 그래프에 대해 알려주세요.,472.8665771484375,1174.04345703125,1532.4744873046875,1601.151123046875
MI3_240822_TY1_1284_1_V02-4_1,통행량 전망 차트(꺾은선형)에 대해 알려주세요,498.63824462890625,839.7584228515625,1658.1649169921875,653.8878173828125
MI3_240822_TY1_1286_2_V01_1,<표 2-2> 표에 대해 알려주세요,0.0,0.0,0.0,0.0
MI3_240822_TY1_1319_1_V02-4_1,주제발표 1. 상고제도 개선의 사회·경제적 효과 분석 연구에 대해 알려주세요,472.3326721191406,2076.559326171875,1537.385498046875,539.302001953125
MI3_240822_TY1_1319_2_V01_2,영국의 상고사건 수와 관련하여 기간별 상고허가신청 허가건수 차트에 대해 알려주세요,348.9178466796875,2454.059814453125,1783.2005615234375,384.280517578125
MI3_240822_TY1_1319_3_V01_1,사회·경제적 관점에서 본 대법원 재판 패러다임의 변화 방향 표에 대해 알려주세요,343.9796447753906,2398.226806640625,1793.249267578125,792.1123046875
MI3_240822_TY1_1319_4_V01_1,주제발표 1. 상고제도 개선의 사회·경제적 효과 분석 연구와 관련된 연도별 사건 수 증가폭 차트에 대해 알려주세요,344.67047119140625,467.58306884765625,1789.7249755859375,794.4710083007812
MI3_240822_TY1_1319_6_V02-6_1,주제발표 1. 상고제도 개선의 사회·경제적 효과 분석 연구와 관련된 Governance와 1인당 소득 간의 관계를 보여주는 분산형 차트에 대해 알려주세요,523.062744140625,649.6359252929688,1355.9046630859375,830.6508178710938
MI3_240822_TY1_1351_1_V01_1,보조금 관리에 관한 법률 시행령 243 본문 표에 대해 알려주세요,606.6422729492188,1187.0736083984375,1266.633544921875,1017.506591796875
MI3_240822_TY1_1351_2_V01_1,보조금 관리에 관한 법률 시행령과 포상금 지급기준 차트에 대해 알려주세요,604.8051147460938,1039.1094970703125,1270.6043701171875,753.197021484375
MI3_240822_TY1_1351_3_V01_1,국가균형발전 특별법 시행령에 포함된 광역경제권 범위에 대해 알려주세요,600.88427734375,1986.6424560546875,1277.533203125,709.4637451171875
MI3_240822_TY1_1351_4_V01_2,[별표 1] 고령자의 휴업급여 지급기준에 대해 알려주세요,717.5958862304688,1333.757568359375,1138.6934814453125,474.5252685546875
MI3_240822_TY1_1351_5_V01_1,산업재해보상보험법에 관련된 표에 대해 알려주세요.,706.43408203125,1310.554931640625,1171.5543212890625,664.1912841796875
MI3_240822_TY1_1351_6_V01_2,고용보험법 본문 표에 대해 알려주세요,586.82373046875,1007.3713989257812,1264.885009765625,579.2874145507812
MI3_240822_TY1_1353_1_V01_1,보조금의 예산 및 관리에 관한 법률 시행령 차등보조율의 적용기준 표에 대해 알려주세요,606.8754272460938,1187.2000732421875,1266.682861328125,994.9376220703125
MI3_240822_TY1_1353_2_V01_2,제목에 관련된 고령자의 추가 휴업급여 지급기준 표에 대해 알려주세요.,718.1410522460938,1334.0057373046875,1137.7396240234375,473.9776611328125
MI3_240822_TY1_1353_3_V01_1,산업재해보상보험법의 연령 지급 액과 관련된 내용에 대해 알려주세요.,717.9993286132812,976.132080078125,1148.46044921875,471.2684326171875
MI3_240822_TY1_1353_4_V01_2,상병보상연금표에 대해 알려주세요,605.147705078125,1036.9886474609375,1247.9449462890625,1089.9432373046875
MI3_240822_TY1_1353_5_V01_1,964 산업재해보상보험법 고령자의 1일당 상병보상연금 지급기준에 대해 알려주세요,707.4970092773438,1310.878173828125,1170.37841796875,662.1365356445312
MI3_240822_TY1_1353_6_V01_1,고용보험법과 관련된 피보험기간 구분에 대해 알려주세요,598.3739013671875,1668.236328125,1243.099365234375,567.39794921875
MI3_240822_TY1_1355_1_V01_1,국고보조금의 실집행실적 제출 및 민간에 지원한 보조금 포함 경과에 대해 알려주세요.,454.4588317871094,1998.196533203125,1570.8369140625,450.8446960449219
MI3_240822_TY1_1355_2_V01_1,국가재정정보에 대한 국회의 접근 및 활용 본문 표에 대해 알려주세요,450.40777587890625,1803.8555908203125,1572.4837646484375,544.1429443359375
MI3_240822_TY1_1355_3_V01_1,제17대 국회 예산안 수정 통계와 관련된 정보에 대해 알려주세요,454.0459899902344,1802.7042236328125,1565.308349609375,893.1561279296875
MI3_240822_TY1_1355_4_V01_1,고용보험기금 실업급여 계정 재정수지 추이 표에 대해 알려주세요,449.6802062988281,1486.82421875,1547.7261962890625,813.9158935546875
MI3_240822_TY1_1355_5_V01_1,국민연금기금 관리운영비 현황 표에 대해 알려주세요,451.7680969238281,1711.6258544921875,1572.361572265625,644.1539306640625
MI3_240822_TY1_1355_6_V02-4_1,공무원연금의 제1차 재정계산결과 차트(꺾은선형)에 대해 알려주세요,452.6500549316406,603.0640258789062,1562.3436279296875,815.5211181640625
MI3_240822_TY1_1365_1_V01_1,지출관련 재정수반법안의 예상비용에 대해 알려주세요,457.45306396484375,1357.0091552734375,1593.8671875,467.7554626464844
MI3_240822_TY1_1365_2_V01_1,재정수반법안과 비용추계서 차트에 대해 알려주세요,477.62030029296875,2164.509765625,1525.783203125,538.390380859375
MI3_240822_TY1_1365_3_V01_1,제출된 재정수반법안의 예상비용과 관련하여 알려주세요,454.7558898925781,605.650146484375,1577.5321044921875,694.7440795898438
MI3_240822_TY1_1365_6_V01_1,[표 12] 재정수반법안에 따른 예상재정수지변동 표에 대해 알려주세요,455.5145568847656,1579.2537841796875,1581.9898681640625,431.0061950683594
MI3_240822_TY1_1390_4_V01_1,저출산 고령화에 대비한 과세단위 개편에 관한 연구 분석 시나리오 표에 대해 알려주세요,486.46441650390625,613.8173217773438,1501.439208984375,1063.5806884765625
MI3_240822_TY1_1390_5_V02-4_1,자녀세액공제 혜택을 보여주는 꺾은선형 그래프에 대해 알려주세요,481.68536376953125,1258.683349609375,1542.825927734375,852.9196166992188
MI3_240822_TY1_1407_1_V02-8_1,전자상거래 규모에 대한 차트(혼합형)에 대해 알려주세요,282.6023864746094,474.4017639160156,1742.4033203125,904.1865844726562
MI3_240822_TY1_1407_2_V02-4_1,기업간 전자상거래(B2B) 규모 차트(꺾은선형)에 대해 알려주세요,314.1076965332031,2015.00439453125,1761.35693359375,840.1041870117188
MI3_240822_TY1_1407_3_V02-4_1,기업·정부간 전자상거래(B2G) 꺾은선형 차트에 대해 알려주세요,314.15447998046875,2199.540283203125,1753.225341796875,835.9122924804688
MI3_240822_TY1_1407_4_V02-8_1,사이버쇼핑 거래액 혼합형 차트에 대해 알려주세요,329.61883544921875,1953.5289306640625,1755.1328125,1028.073974609375
MI3_240822_TY1_1407_5_V02-8_1,전자상거래판매액 전망 혼합형 차트에 대해 알려주세요,351.18841552734375,1545.5914306640625,1715.66943359375,946.9595336914062
MI3_240822_TY1_1407_6_V02-1_1,주요 매체별 온라인 쇼핑시장 현황 및 전망 차트(세로 막대형)에 대해 알려주세요,341.12249755859375,1545.0220947265625,1716.679931640625,1268.10791015625
MI3_240822_TY1_1412_1_V02-1_1,전통시장의 지역별 운영 현황에 대한 차트(세로 막대형)에 대해 알려주세요,408.5353698730469,1088.210205078125,1656.167724609375,944.3973999023438
MI3_240822_TY1_1412_2_V02-1_1,전통시장 설치 현황 차트(세로 막대형)에 대해 알려주세요,395.3393249511719,483.189208984375,1682.013916015625,1033.500244140625
MI3_240822_TY1_1412_5_V03_1,시장의 신청 선정 평가 심의 및 조정 과정에 대해 알려주세요,384.4293518066406,2013.4569091796875,1739.661865234375,538.0391845703125
MI3_240822_TY1_1417_1_V01_1,광역 지자체별 재정자립도 표에 대해 알려주세요,367.1822204589844,1984.4151611328125,1890.8951416015625,1169.9971923828125
MI3_240822_TY1_1417_3_V02-4_1,IV. OECD 간 재정분권 비교분석 2. 국가별 국세 대비 지방세 비중 비교· 분석 꺾은선형에 대해 알려주세요,362.8350524902344,2418.592041015625,1482.25048828125,688.309814453125
MI3_240822_TY1_1417_4_V02-1_1,OECD 회원국들의 지방세 비중 (2017년) 차트(세로 막대형)에 대해 알려주세요,363.3129577636719,1723.077880859375,1747.041015625,931.1572265625
MI3_240822_TY1_1427_1_V01_1,한국도로공사 연도별 경영 현황 표에 대해 알려주세요,454.03778076171875,592.7349853515625,1542.7393798828125,1119.1666259765625
MI3_240822_TY1_1427_2_V02-1_1,한국도로공사 연도별 영업실적 차트(세로 막대형)에 대해 알려주세요,455.2872314453125,587.3157958984375,1553.741943359375,931.478271484375
MI3_240822_TY1_1427_3_V02-1_1,한국석유공사 연도별 재산규모 차트(세로 막대형)에 대해 알려주세요,454.5768127441406,1749.4552001953125,1547.9007568359375,867.4696044921875
MI3_240822_TY1_1427_4_V02-1_1,한국전력공사 연도별 재산규모 차트(세로 막대형)에 대해 알려주세요,453.5830993652344,1714.0377197265625,1561.925048828125,864.3018798828125
MI3_240822_TY1_1427_5_V02-1_1,한국조폐공사 연도별 재산규모 세로 막대형 차트에 대해 알려주세요,451.9403076171875,587.3616333007812,1548.813720703125,783.9699096679688
MI3_240822_TY1_1427_6_V01_1,한국토지공사 연도별 경영 현황 표에 대해 알려주세요,454.6819152832031,593.119873046875,1529.2935791015625,1213.4974365234375
MI3_240822_TY1_1427_7_V01_1,한국수자원공사 연도별 경영 현황에 대해 알려주세요,454.8823547363281,593.4600219726562,1529.2294921875,1187.029052734375
MI3_240822_TY1_1430_1_V01_1,소요예산 재원확보 구분 사업내용 차트(세로 막대형)에 대해 알려주세요,353.484130859375,878.6800537109375,1799.9322509765625,2269.4111328125
MI3_240822_TY1_1430_2_V01_2,세부 사업 내용 표에 대해 알려주세요,344.93670654296875,1163.204833984375,1845.19384765625,2014.1124267578125
MI3_240822_TY1_1430_3_V01_1,제목에 대해 알려주세요. 본문과 관련된 시각 요소 타입에 대해 알려주세요.,346.467529296875,417.8083190917969,1844.119140625,524.601806640625
MI3_240822_TY1_1430_4_V01_1,총 기 소요예산 구분 차트(세로 막대형)에 대해 알려주세요,368.458251953125,630.049560546875,1776.004638671875,517.4774169921875
MI3_240822_TY1_1439_3_V02-1_2,친환경 제품 구매 및 포장 선호도 차트(세로 막대형)에 대해 알려주세요,368.1351318359375,2148.618408203125,1680.6160888671875,854.090087890625
MI3_240822_TY1_1439_5_V02-3_1,2021년도 공공기관 녹색제품 구매실적과 관련된 차트에 대해 알려주세요,352.14208984375,600.2552490234375,1730.87255859375,829.3392944335938
MI3_240822_TY1_1457_3_V02-1_1,인천광역시 보행안전 및 편의증진 기본계획과 2.1.2 인구 및 세대수에 대한 차트(가로 막대형)에 대해 알려주세요,438.7673645019531,2011.427001953125,1706.3333740234375,979.179931640625
MI3_240822_TY1_1457_4_V02-8_1,제2장 도시 일반현황 및 장래 여건 전망 차트(혼합형)에 대해 알려주세요,430.2270202636719,2097.333984375,1718.280517578125,971.1227416992188
MI3_240822_TY1_1457_5_V02-4_1,[그림 2-11] 차트(꺾은선형)에 대해 알려주세요,437.90557861328125,2181.464599609375,1703.2489013671875,924.742431640625
MI3_240822_TY1_1457_6_V01_2,제2장 도시 일반현황 및 장래 여건 전망 2.1.4 취업자수 표에 대해 알려주세요,384.0190734863281,1730.5274658203125,1811.079833984375,551.442626953125
MI3_240822_TY1_1488_1_V02-4_1,I개요와 법인세와 효율성 관련 세로 막대형 차트에 대해 알려주세요,356.0407409667969,494.6571350097656,1763.804931640625,1028.13525390625
MI3_240822_TY1_1488_2_V02-8_1,법인세의 납세의무에 대한 차트(혼합형)에 대해 알려주세요,357.5848693847656,1578.902099609375,1671.6861572265625,908.55224609375
MI3_240822_TY1_1488_3_V02-8_1,Ⅱ과세체계 및 현황에 대해 알려주세요,410.0671691894531,1511.128173828125,760.1287841796875,596.3631591796875
MI3_240822_TY1_1488_4_V02-4_1,"이월결손금, 비과세소득, 소득공제 금액 추이 (꺾은선형) 에 대해 알려주세요",356.08984375,1906.0064697265625,1723.0164794921875,815.151123046875
MI3_240822_TY1_1488_5_V02-8_1,Ⅱ과세체계 및 현황 차트(혼합형)에 대해 알려주세요,356.3768310546875,1054.0897216796875,1677.073974609375,987.893798828125
MI3_240822_TY1_1488_6_V02-4_1,[그림 11] 법인세 평균명목세율과 감면율 추이에 대해 알려주세요,354.0893249511719,1862.112060546875,1670.891357421875,1154.9095458984375
MI3_240822_TY1_1491_1_V02-4_1,I개요 국민부담률 및 조세부담률 꺾은선형에 대해 알려주세요,363.78997802734375,616.9860229492188,1701.97705078125,1060.73388671875
MI3_240822_TY1_1491_2_V02-4_1,I개요 조세의 이해와 쟁점 V 꺾은선형에 대해 알려주세요,364.5207824707031,625.712890625,1703.6490478515625,1114.939208984375
MI3_240822_TY1_1491_3_V02-8_1,I개요 세목별 국세 대비 조세수입액 비중 꺾은선형에 대해 알려주세요,422.269287109375,530.1109008789062,1647.3489990234375,713.1806030273438
MI3_240822_TY1_1491_4_V02-4_1,Ⅱ과세체계및현황 차트(꺾은선형)에 대해 알려주세요,356.51458740234375,509.5347900390625,1735.9918212890625,1058.1387939453125
MI3_240822_TY1_1491_5_V02-4_1,제목에 따라 근로장려금과 관련된 차트(꺾은선형)에 대해 알려주세요,367.43609619140625,400.3902893066406,1749.3072509765625,923.8827514648438
MI3_240822_TY1_1491_6_V02-1_1,(15) 고소득 자영업자 소득탈루율 추정 차트(세로 막대형)에 대해 알려주세요,356.759521484375,1576.322265625,1731.77783203125,1187.67919921875
MI3_240822_TY1_1491_7_V02-4_1,법인수증가율: 2008~2012년에 대해 알려주세요,352.620361328125,623.5484619140625,1685.342041015625,1028.0576171875
MI3_240822_TY1_1497_1_V02-8_2,2016 조세의 이해와 쟁점 차트(혼합형)에 대해 알려주세요,346.90631103515625,887.865966796875,1744.2901611328125,1040.99951171875
MI3_240822_TY1_1497_2_V02-1_1,2016 조세의 이해와 쟁점 차트(세로 막대형)에 대해 알려주세요,351.50616455078125,1392.2752685546875,1692.7327880859375,1053.4281005859375
MI3_240822_TY1_1497_3_V02-8_2,2016 조세의 이해와 쟁점에 대해 알려주세요,368.2511901855469,2304.459228515625,877.4808349609375,549.5795288085938
MI3_240822_TY1_1497_4_V02-8_1,국제조세 II. 국제조세의 과세체계에 대한 내용과 관련된 70 2.5% (만개) (조원) 차트(혼합형)에 대해 알려주세요,1210.927490234375,1942.643798828125,840.62255859375,613.57275390625
MI3_240822_TY1_1497_5_V02-8_1,2016 조세의 이해와 쟁점 외국인의 종합소득세 실효세율 혼합형에 대해 알려주세요,349.2558288574219,1952.210693359375,1717.420654296875,1171.48779296875
MI3_240822_TY1_1497_6_V02-8_1,2016 조세의 이해와 쟁점 차트(혼합형)에 대해 알려주세요,352.33544921875,1306.9788818359375,1747.135986328125,1139.865478515625
MI3_240823_TY1_0001_1_V02-8_1,2005년 2월중 금융기관 여신에 대한 혼합형 차트에 대해 알려주세요,528.0739135742188,1893.3350830078125,1472.504638671875,1019.4724731445312
MI3_240823_TY1_0001_2_V02-4_1,2005년 2월중 어음부도율 차트(꺾은선형)에 대해 알려주세요,435.3369140625,1780.451171875,1577.427734375,1076.388671875
MI3_240823_TY1_0001_3_V02-4_1,제조업 생산·출하·재고 꺾은선형에 대해 알려주세요,466.7662353515625,2021.9837646484375,1534.0087890625,1031.0999755859375
MI3_240823_TY1_0001_4_V02-8_1,2005년 2월중 수출과 관련된 정보에 대해 설명해 주세요,485.6313171386719,2084.35595703125,1499.363037109375,952.514404296875
MI3_240823_TY1_0001_5_V02-4_1,2005년 2월중 소비자물가와 경남지역 주택매매가격에 대한 꺾은선형 차트에 대해 알려주세요,462.9454650878906,1874.2437744140625,1516.218994140625,1060.1993408203125
MI3_240823_TY1_0001_6_V01_1,금융동향 금융기관 여·수신 동향 차트에 대해 알려주세요,470.351806640625,2416.363037109375,1578.304443359375,752.529296875
MI3_240823_TY1_0003_1_V01_1,대구경북 청년실업률 및 고용률에 대해 알려주세요,486.5360412597656,1089.7664794921875,1509.058837890625,596.8740844726562
MI3_240823_TY1_0003_2_V02-8_2,고용률 변동에 대한 기여도 분석 차트(혼합형)에 대해 알려주세요,308.16119384765625,2293.117431640625,1589.488037109375,672.51416015625
MI3_240823_TY1_0003_3_V01_1,대구경북 취업자수 변동 요인 표에 대해 알려주세요,299.3777770996094,1916.7301025390625,1910.1798095703125,682.3438720703125
MI3_240823_TY1_0003_4_V02-1_1,대구경북 취업자수 변동요인 분석의 차트(세로 막대형)에 대해 알려주세요,310.1356201171875,981.1589965820312,903.0381469726562,703.3855590820312
MI3_240823_TY1_0003_5_V02-4_1,청년층 고학력화와 관련된 대졸자 하향취업 정도에 대해 알려주세요.,308.2407531738281,1796.22216796875,902.3062133789062,746.791015625
MI3_240823_TY1_0003_6_V02-4_2,고연령층 고용률 격차 추이에 대해 알려주세요,1239.2861328125,2340.302978515625,909.5437622070312,729.179931640625
MI3_240823_TY1_0004_1_V01_1,2003년 5월중 어음부도율 및 대출금 연체율에 대한 차트에 대해 알려주세요,347.5007019042969,2163.597900390625,1781.085693359375,991.9096069335938
MI3_240823_TY1_0004_2_V01_1,"이 문서의 제목과 관련하여 (단위 : 증감률, %) 전월대비 및 전년동월대비 지수에 대해 알려주세요.",292.0235900878906,1736.5875244140625,1922.2733154296875,1457.545166015625
MI3_240823_TY1_0004_3_V01_1,전라남도 관련 데이터의 표에 대해 알려주세요,249.01661682128906,1425.7637939453125,1976.6776123046875,1580.06298828125
MI3_240823_TY1_0004_4_V01_1,건축 허가 면적에 대한 표에 대해 알려주세요,225.4811553955078,1798.8399658203125,2001.802490234375,1112.0562744140625
MI3_240823_TY1_0004_5_V01_1,2003년 5월중 대형점 판매액 및 할인점 판매액에 대해 알려주세요,276.7242126464844,1598.9595947265625,1928.3165283203125,1256.220458984375
MI3_240823_TY1_0004_6_V01_1,2003년 5월중 수출 현황과 관련된 백만달러 단위의 데이터에 대해 알려주세요,273.87890625,1645.7845458984375,1922.8399658203125,1416.81591796875
MI3_240823_TY1_0007_1_V01_1,8월중 어음부도율 (%) 차트(세로 막대형)에 대해 알려주세요,345.81298828125,1851.470458984375,1786.253173828125,991.658203125
MI3_240823_TY1_0007_2_V01_1,T01 T02 T03 차트(세로 막대형)에 대해 알려주세요,293.21295166015625,1651.3013916015625,1917.8369140625,1452.0076904296875
MI3_240823_TY1_0007_3_V01_1,T01 T02 시각요소 제목 V01에 대해 알려주세요,248.4929656982422,1425.733642578125,1979.3958740234375,1576.985595703125
MI3_240823_TY1_0007_4_V01_1,2003년 8월중 건설발주액과 관련된 차트에 대해 알려주세요.,225.83030700683594,1798.9654541015625,2001.00048828125,1111.8406982421875
MI3_240823_TY1_0007_5_V01_1,"2003년 8월중 대형점 판매액과 할인점 판매액, 자동차 등록대수 관련 데이터에 대해 알려주세요.",274.84326171875,1503.7684326171875,1928.05615234375,1303.7078857421875
MI3_240823_TY1_0007_6_V01_1,4. 화가츠키 본문 표에 대해 알려주세요,273.9309387207031,1747.2950439453125,1926.1524658203125,1412.80859375
MI3_240823_TY1_0011_1_V01_1,전년동월대비 지 수(2000=100) 차트에 대해 알려주세요,293.3844299316406,1651.58154296875,1915.157470703125,1417.03369140625
MI3_240823_TY1_0011_2_V01_1,전라남도 산업생산지수의 차트에 대해 알려주세요,249.57374572753906,1337.06298828125,1973.19091796875,1543.2900390625
MI3_240823_TY1_0011_3_V01_1,2004년 1월중 건설발주액 및 건축허가면적에 대한 표에 대해 알려주세요.,226.1155242919922,1739.3726806640625,2001.9066162109375,1106.80078125
MI3_240823_TY1_0011_4_V01_1,"2004년 1월중 대형점 판매액과 할인점 판매액, 자동차 등록대수에 대해 알려주세요",275.9204406738281,1532.3143310546875,1929.7271728515625,1300.817626953125
MI3_240823_TY1_0011_5_V01_1,제목에 대한 본문 및 여러 데이터를 포함하는 차트에 대해 알려주세요,271.56085205078125,1684.176513671875,1927.8206787109375,1516.8858642578125
MI3_240823_TY1_0011_6_V01_1,2004년 1월중 무역수지와 관련된 데이터의 차트에 대해 알려주세요,324.9336242675781,1734.2401123046875,1822.455810546875,1303.321533203125
MI3_240823_TY1_0013_1_V01_1,소비관련지표1) 차트(표)에 대해 알려주세요,214.14724731445312,1626.912353515625,2054.06298828125,1412.696533203125
MI3_240823_TY1_0013_2_V01_1,4. 대외거래 본문과 광주지역 주요 품목별 수출입 차트에 대해 알려주세요,330.6894836425781,1387.7197265625,2005.5009765625,1812.163818359375
MI3_240823_TY1_0013_3_V01_1,전남지역 주요 품목별 수출입 차트에 대해 알려주세요,216.4675750732422,1146.96484375,2105.703125,2043.113037109375
MI3_240823_TY1_0013_4_V01_1,소비자물가 상승률에 대해 알려주세요,222.52609252929688,1343.3861083984375,2086.27197265625,1731.9796142578125
MI3_240823_TY1_0013_5_V01_1,아파트가격 상승률1) 표에 대해 알려주세요,232.12254333496094,1112.6295166015625,2000.022216796875,1902.2098388671875
MI3_240823_TY1_0013_6_V01_1,고용에 대한 표에 대해 알려주세요,322.97265625,1418.796142578125,1979.438720703125,1679.75244140625
MI3_240823_TY1_0013_7_V01_1,2010 2011 2012 전년동월대비 증감률(%) 차트에 대해 알려주세요,257.575439453125,1598.4637451171875,1985.239990234375,1374.3985595703125
MI3_240823_TY1_0015_1_V01_1,에 대한 V 형태의 데이터 시각화 내용에 대해 알려주세요.,218.27096557617188,1604.4893798828125,2059.66796875,1419.9576416015625
MI3_240823_TY1_0015_2_V01_1,4. 대외거래 본문 표에 대해 알려주세요,327.2236328125,1381.8905029296875,2012.9307861328125,1809.1029052734375
MI3_240823_TY1_0015_3_V01_1,전남지역 주요 품목별 수출입 차트에 대해 알려주세요,216.6230010986328,1161.530517578125,2120.949951171875,2058.569580078125
MI3_240823_TY1_0015_4_V01_1,소비자물가 상승률에 대한 차트(세로 막대형)에 대해 알려주세요,242.29319763183594,1281.4794921875,2065.979736328125,1948.009521484375
MI3_240823_TY1_0015_5_V01_1,고용 통계에 대한 차트(표)에 대해 알려주세요.,324.3475036621094,1218.67529296875,1975.84228515625,1665.5692138671875
MI3_240823_TY1_0015_6_V01_1,2012년 4월중 국가산업단지 생산액에 대해 알려주세요,213.832763671875,1551.919921875,2181.2333984375,1382.3568115234375
MI3_240823_TY1_0019_1_V01_1,제목에 포함된 내용과 관련하여 소비 관련 지표의 표에 대해 알려주세요,219.653076171875,1861.8828125,2090.45458984375,1406.581787109375
MI3_240823_TY1_0019_2_V01_1,4. 대외거래 본문 표에 대해 알려주세요,327.1500244140625,1363.548828125,2010.554443359375,1815.328857421875
MI3_240823_TY1_0019_3_V01_1,전남지역 주요 품목별 수출입 표에 대해 알려주세요,217.5424346923828,1165.3970947265625,2083.114990234375,2063.48779296875
MI3_240823_TY1_0019_4_V01_1,소비자물가상승률에 대해 알려주세요,218.12765502929688,1040.5072021484375,2057.61962890625,2086.0654296875
MI3_240823_TY1_0019_5_V01_1,아파트가격 상승률에 대한 표에 대해 알려주세요,235.01780700683594,1190.751953125,1999.337158203125,1890.6239013671875
MI3_240823_TY1_0019_6_V01_1,제목에 해당하는 내용을 바탕으로 본문에서 다룬 경제활동 및 실업률과 관련된 정보에 대해 알려주세요.,313.1164855957031,1347.8280029296875,1996.876708984375,1673.0623779296875
MI3_240823_TY1_0037_1_V01_2,2024년 설비투자 BSI 차트에 대해 알려주세요.,305.1634216308594,732.4862670898438,1876.3800048828125,535.5818481445312
MI3_240823_TY1_0037_2_V02-8_2,인천지역 건축허가면적과 관련된 혼합형 차트에 대해 알려주세요,1254.865478515625,1347.2174072265625,941.5474243164062,667.0899047851562
MI3_240823_TY1_0037_3_V02-8_1,대외거래 인천지역 수출 혼합형에 대해 알려주세요,314.7450866699219,1034.2435302734375,905.6802978515625,652.7769775390625
MI3_240823_TY1_0037_4_V02-4_1,인천지역 수입의 품목별 동향에 대해 알려주세요,297.8904724121094,1011.78076171875,924.4502563476562,673.4560546875
MI3_240823_TY1_0037_5_V02-4_1,인천지역 산업별 취업자수 차트(꺾은선형)에 대해 알려주세요,301.7406311035156,1204.9005126953125,949.1052856445312,666.3355712890625
MI3_240823_TY1_0037_6_V02-4_1,2024년 2월중 실업률 및 고용률 추이에 대해 알려주세요,324.7397155761719,906.6015014648438,911.602294921875,650.3734741210938
MI3_240823_TY1_0038_1_V01_1,2. 울산항 화물 물동량 연간 외항화물 및 내외항별 수입과 수출 차트에 대해 알려주세요,315.7813720703125,1483.0582275390625,1870.1983642578125,1528.7869873046875
MI3_240823_TY1_0038_2_V01_1,예금은행 수신에 대한 그래프에 대해 알려주세요,274.6240539550781,467.68658447265625,1873.9466552734375,1915.4010009765625
MI3_240823_TY1_0038_3_V01_1,나. 비은행금융기관 수신에 대해 알려주세요,273.930419921875,2105.673583984375,1849.95458984375,958.6932983398438
MI3_240823_TY1_0038_4_V01_1,"차입주체별 예금은행대출(차입주체별) (억원, %)에 대해 알려주세요",275.7761535644531,1995.986328125,1881.4647216796875,851.017333984375
MI3_240823_TY1_0038_5_V01_1,자금별 금융자금에 대한 차트(표)에 대해 알려주세요.,274.6567077636719,1231.5760498046875,1872.15087890625,1541.6107177734375
MI3_240823_TY1_0038_6_V01_1,중소기업대출금과 예금은행 여신에 대한 데이터 시각화 차트에 대해 알려주세요,275.097900390625,1734.163330078125,1906.961669921875,1060.34619140625
MI3_240823_TY1_0039_1_V01_1,I. 실물동향 1. 제조업 활동 제조업 생산·출하·재고에 대해 알려주세요,350.73699951171875,1474.2491455078125,1775.7138671875,939.6483764648438
MI3_240823_TY1_0039_2_V01_1,2014년 소매판매와 관련된 소비 지표의 차트에 대해 알려주세요,282.8648376464844,1766.0316162109375,1922.5860595703125,1180.9251708984375
MI3_240823_TY1_0039_3_V01_1,설비투자 관련 주요지표에 대해 알려주세요,281.9299011230469,1482.234375,1904.3638916015625,909.1669921875
MI3_240823_TY1_0039_4_V01_1,건설투자와 관련된 주요지표의 표에 대해 알려주세요,282.5281066894531,1483.44775390625,1888.7392578125,1090.9600830078125
MI3_240823_TY1_0039_5_V01_1,고용 관련 주요 지표에 대한 표에 대해 알려주세요.,279.3153381347656,1125.7469482421875,1905.6343994140625,1395.19384765625
MI3_240823_TY1_0039_6_V01_2,미분양 아파트와 준공후 미분양 아파트에 대한 세로 막대형 차트에 대해 알려주세요.,278.9873046875,879.1116333007812,1919.8291015625,780.0840454101562
MI3_240823_TY1_0044_1_V01_2,(온산) 연간 생산 차트에 대해 알려주세요,325.5986633300781,1143.0069580078125,1837.3880615234375,627.037841796875
MI3_240823_TY1_0044_2_V01_1,II. 금융동향 1. 금융기관 수신 예금은행 수신 데이터에 대해 알려주세요.,275.7340393066406,1929.861328125,1977.031494140625,1217.5433349609375
MI3_240823_TY1_0044_3_V01_1,2022년 2023년 연중 8월 1~8월 6월 7월 8월P의 차트(세로 막대형)에 대해 알려주세요,279.358642578125,1272.4669189453125,1976.001708984375,917.4055786132812
MI3_240823_TY1_0044_4_V01_1,에 관련된타입의 데이터에 대해 알려주세요.,279.36328125,1825.3782958984375,1957.535888671875,1220.9940185546875
MI3_240823_TY1_0044_5_V01_2,이 문서의 제목과 관련된 시각요소 제목 및 차트 타입에 대해 알려주세요.,274.5287780761719,725.7468872070312,1940.263671875,518.9652709960938
MI3_240823_TY1_0044_6_V02-1_1,2023.8월중 울산지역 기업대출 동향에 대해 알려주세요,302.0963134765625,1863.3238525390625,931.5438232421875,709.7423095703125
MI3_240823_TY1_0060_1_V01_2,I. 실물동향 제조업 업황BSI에 대해 알려주세요,309.5547790527344,2738.043212890625,1863.1370849609375,293.498291015625
MI3_240823_TY1_0060_2_V01_1,소비관련 주요지표 차트에 대해 알려주세요,277.9170227050781,1913.492431640625,1954.281494140625,1058.642822265625
MI3_240823_TY1_0060_3_V01_1,설비투자 관련 주요지표1) 표에 대해 알려주세요,278.378662109375,1397.305419921875,1949.943603515625,904.6637573242188
MI3_240823_TY1_0060_4_V01_1,건설투자와 관련된 내용에 대해 알려주세요,338.52288818359375,1397.2806396484375,1800.7314453125,1085.2010498046875
MI3_240823_TY1_0060_5_V01_1,고용관련 주요지표에 대한 차트 타입에 대해 알려주세요,300.7822570800781,1214.301513671875,1885.1319580078125,1203.263671875
MI3_240823_TY1_0060_6_V01_1,2015.5월중 울산지역 소비자물가와 관련된 차트에 대해 알려주세요,286.4243469238281,1201.4373779296875,1906.01416015625,1212.0552978515625
MI3_240823_TY1_0074_1_V01_1,I. 실물동향 제조업 생산·출하·재고에 대해 알려주세요,279.24127197265625,2704.103759765625,1872.212646484375,348.48046875
MI3_240823_TY1_0074_2_V01_1,소비관련 주요지표에 대해 알려주세요,276.93115234375,1435.7843017578125,1963.9921875,1224.2518310546875
MI3_240823_TY1_0074_3_V01_1,2021 연간 및 분기별 시설기계류 수입과 자본재 수입의 추세에 대해 알려주세요,280.063232421875,1396.337890625,1839.963623046875,938.7987060546875
MI3_240823_TY1_0074_4_V01_2,미분양주택 추이에 대해 알려주세요,277.6366882324219,2438.56591796875,1946.85400390625,556.090576171875
MI3_240823_TY1_0074_5_V01_1,2021 연간 수출 실적 차트에 대해 알려주세요,311.2135314941406,1201.510498046875,1853.2010498046875,1601.1904296875
MI3_240823_TY1_0074_6_V01_2,본문 수출입 차트에 대해 알려주세요,279.6728210449219,2728.6083984375,1920.65966796875,372.35888671875
MI3_240823_TY1_0079_1_V01_1,2023년 7월말 금융기관의 예금 및 대출금 현황에 대해 알려주세요,342.7358093261719,1052.1158447265625,1794.9227294921875,734.6879272460938
MI3_240823_TY1_0079_2_V01_1,금융기관 여신에 대한 표에 대해 알려주세요,340.919189453125,1715.6966552734375,1794.92041015625,509.2667236328125
MI3_240823_TY1_0079_3_V01_1,여신합계에 대해 알려주세요,308.2264709472656,1104.059326171875,1862.6636962890625,579.228271484375
MI3_240823_TY1_0079_4_V01_1,금융기관 여신에 대한 표에 대해 알려주세요,330.6144714355469,463.690185546875,1820.250732421875,2636.5478515625
MI3_240823_TY1_0079_5_V01_1,금융기관 수신 통계에 대한 표에 대해 알려주세요,297.2990417480469,1786.50439453125,1881.685546875,503.0331726074219
MI3_240823_TY1_0079_6_V01_1,신용보증에 대한 표와 관련된 데이터에 대해 알려주세요,243.8589630126953,1051.24755859375,2006.9244384765625,1022.3549194335938
MI3_240823_TY1_0086_1_V01_2,비제조업 업황BSI에 대해 알려주세요,312.2987365722656,972.099609375,1927.8367919921875,718.8323364257812
MI3_240823_TY1_0086_2_V01_1,대형소매점 판매액지수 차트(세로 막대형)에 대해 알려주세요,290.7320861816406,1139.77880859375,1921.993896484375,581.123046875
MI3_240823_TY1_0086_3_V01_1,7월 소비자심리지수와 관련된 차트에 대해 알려주세요,307.7396240234375,2219.669677734375,1926.4205322265625,849.2960815429688
MI3_240823_TY1_0086_4_V01_1,6월말 미분양주택 현황에 대한 차트(세로 막대형)에 대해 알려주세요,287.57623291015625,1924.1085205078125,1899.9205322265625,466.6832275390625
MI3_240823_TY1_0086_5_V01_1,고용 관련 지표 차트(세로 막대형)에 대해 알려주세요,298.48455810546875,1074.864990234375,1890.58740234375,1210.798828125
MI3_240823_TY1_0086_6_V01_1,4. 수출입 관련 데이터의 표에 대해 알려주세요,300.6119079589844,1639.0517578125,1884.9239501953125,1495.360107421875
MI3_240823_TY1_0097_1_V01_1,5. 신용보증 본문 표에 대해 알려주세요,356.2611389160156,923.1846923828125,1856.97412109375,1094.388916015625
MI3_240823_TY1_0097_2_V01_1,비은행예금취급기관 수신(기말잔액 기준 증감액) 표에 대해 알려주세요,408.4652404785156,1796.5145263671875,1775.7550048828125,901.4797973632812
MI3_240823_TY1_0097_3_V01_1,광주·전남지역 예금은행 여신 (기말잔액 기준 증감액) 표에 대해 알려주세요,413.46014404296875,1822.0067138671875,1762.190673828125,1291.5643310546875
MI3_240823_TY1_0097_4_V01_1,비은행예금취급기관 여신에 대한 표에 대해 알려주세요,371.16033935546875,1534.5948486328125,1804.2623291015625,1193.3531494140625
MI3_240823_TY1_0097_5_V01_1,중소기업대출에 대한 표에 대해 알려주세요.,346.0276794433594,1417.8624267578125,1870.4669189453125,705.1506958007812
MI3_240823_TY1_0097_6_V01_1,4. 자금사정 본문에 포함된 그래프 및 표에 대해 알려주세요.,416.2423095703125,1456.12939453125,1716.665283203125,1255.681640625
MI3_240823_TY1_0100_1_V01_1,Ⅱ. 실물동향광주지역 제조업 생산·출하·재고 지수 표에 대해 알려주세요,367.4014892578125,1956.916748046875,1811.2413330078125,1285.8240966796875
MI3_240823_TY1_0100_2_V01_1,전남지역 제조업 생산·출하·재고 지수와 관련된 표에 대해 알려주세요,375.8544921875,1719.20751953125,1803.950439453125,1492.435302734375
MI3_240823_TY1_0100_3_V01_1,광주·전남지역 소비 관련 지표에 대한 표에 대해 알려주세요,221.47976684570312,2113.880126953125,1971.2137451171875,1097.12744140625
MI3_240823_TY1_0100_4_V01_1,2021년 소비자심리지수와 관련된 차트(세로 막대형)에 대해 알려주세요,388.53125,876.9682006835938,1764.9229736328125,540.5420532226562
MI3_240823_TY1_0100_5_V01_1,2020년 12월중 광주지역 건축착공면적과 건축허가면적의 통계에 대해 알려주세요,223.86837768554688,1871.6771240234375,2053.61669921875,1356.622802734375
MI3_240823_TY1_0100_6_V01_1,대외거래 광주지역 일평균 수출액 백만달러에 대해 알려주세요,371.43084716796875,881.1768188476562,1687.82421875,329.76446533203125
MI3_240823_TY1_0105_1_V01_1,광주·전남지역 예금은행 수신에 대한 표에 대해 알려주세요,411.58697509765625,1613.165771484375,1820.1961669921875,1236.0806884765625
MI3_240823_TY1_0105_2_V01_1,2021년 5월중 광주·전남지역 비은행예금취급기관 수신에 대해 알려주세요,475.4469909667969,1766.9261474609375,1779.6136474609375,930.0234985351562
MI3_240823_TY1_0105_3_V01_1,제목에 대한 시각요소 제목과 관련된 차트 타입에 대해 알려주세요.,361.09375,1767.771728515625,1811.721435546875,1280.4896240234375
MI3_240823_TY1_0105_4_V01_1,비은행예금취급기관 여신에 대한 표에 대해 알려주세요,409.4504699707031,1618.689208984375,1754.84326171875,1179.75927734375
MI3_240823_TY1_0105_5_V01_1,중소기업대출금에 대한 표에 대해 알려주세요,348.03631591796875,1500.5875244140625,1856.24267578125,846.4815673828125
MI3_240823_TY1_0105_6_V01_1,4. 자금사정 본문 표에 대해 알려주세요,375.1178283691406,1283.5208740234375,1749.4725341796875,1252.7276611328125
MI3_240823_TY1_0115_1_V01_1,Ⅱ. 실물동향광주지역 제조업 생산·출하·재고 지수에 대해 알려주세요,273.42596435546875,1884.3929443359375,1974.96826171875,1359.8094482421875
MI3_240823_TY1_0115_2_V01_1,전남지역 제조업 생산·출하·재고 지수 표에 대해 알려주세요,265.72650146484375,1527.5340576171875,1978.0166015625,1353.1859130859375
MI3_240823_TY1_0115_3_V01_1,광주·전남지역 소비관련지표의 연간 데이터 및 판매액에 대해 알려주세요,225.89401245117188,1795.0487060546875,2087.0009765625,1212.4786376953125
MI3_240823_TY1_0115_4_V01_2,광주·전남지역 기계류 수입액 및 제조업 설비투자와 관련된 표에 대해 알려주세요.,282.95709228515625,2480.875732421875,1962.989501953125,708.4337768554688
MI3_240823_TY1_0115_5_V01_1,건설투자 관련 지표와 표에 대해 알려주세요,223.2983856201172,1848.302490234375,2019.9495849609375,1361.4744873046875
MI3_240823_TY1_0115_6_V01_2,광주지역 주요 품목별 수출입 차트(가로 막대형)에 대해 알려주세요,373.224853515625,934.8309936523438,1684.875732421875,361.33746337890625
MI3_240823_TY1_0120_1_V01_1,Ⅱ. 실물동향광주지역 제조업 생산·출하·재고 지수 차트에 대해 알려주세요,238.68972778320312,1866.7598876953125,2002.7462158203125,1352.0540771484375
MI3_240823_TY1_0120_2_V01_1,전남지역 제조업 생산·출하·재고 지수 차트에 대해 알려주세요,222.54110717773438,1441.8681640625,2023.8818359375,1347.425537109375
MI3_240823_TY1_0120_3_V01_1,광주·전남지역 소비관련지표에 대해 알려주세요,223.88404846191406,1792.5374755859375,2081.675537109375,1216.3004150390625
MI3_240823_TY1_0120_4_V01_1,2023년 7월중 광주전남지역 소비자심리지수와 관련된 표에 대해 알려주세요,289.2814025878906,770.9939575195312,1962.967041015625,553.8558349609375
MI3_240823_TY1_0120_5_V01_1,건설투자 관련 지표에 대해 알려주세요,235.55247497558594,1889.8057861328125,2020.5860595703125,1361.93994140625
MI3_240823_TY1_0120_6_V01_2,광주지역 주요 품목별 수출입 본문 차트에 대해 알려주세요,372.071044921875,934.3548583984375,1686.0694580078125,361.9493103027344
MI3_240823_TY1_0129_1_V01_1,2024년 4월중 광주전남지역 소비자심리지수와 관련된 차트(꺾은선형)에 대해 알려주세요,291.388916015625,708.950439453125,1955.84375,623.3358154296875
MI3_240823_TY1_0129_2_V02-4_2,"기계류 수입(좌축) 및 설비투자BSI(실적, 우축) 차트에 대해 알려주세요",1257.519775390625,1520.4210205078125,895.871337890625,579.6490478515625
MI3_240823_TY1_0129_3_V01_1,전라남도 지역 건축 착공면적 및 건축 허가면적 차트(세로 막대형)에 대해 알려주세요,239.87493896484375,1179.310302734375,2001.82470703125,1261.6326904296875
MI3_240823_TY1_0129_4_V02-8_2,광주지역 수입 본문 차트(혼합형)에 대해 알려주세요,1221.0806884765625,2698.3466796875,880.4315185546875,576.425537109375
MI3_240823_TY1_0129_5_V02-8_1,전남지역 월별 일평균 수출액에 대해 알려주세요,342.4784851074219,2621.05712890625,887.90966796875,572.8232421875
MI3_240823_TY1_0129_6_V01_1,광주지역 소비자물가 상승률에 대해 알려주세요,233.1220245361328,1066.03857421875,2021.4443359375,1823.7965087890625
MI3_240823_TY1_0154_1_V02-4_1,이 차트(영역형)에 대해 알려주세요,1237.61962890625,1656.9312744140625,834.0633544921875,596.669677734375
MI3_240823_TY1_0154_2_V02-4_1,잠재 및 실제 GDP성장률 꺾은선형 차트에 대해 알려주세요,1198.7772216796875,1228.037109375,917.8876953125,872.7759399414062
MI3_240823_TY1_0154_3_V01_2,금융위기 이후 주요 경기부양정책과 관련된 데이터에 대해 알려주세요.,1248.40576171875,2475.021728515625,902.7305297851562,669.814697265625
MI3_240823_TY1_0154_4_V02-5_1,향후 의료비 중 초과비용증가의 기여율 및 인구노령화 효과에 대해 알려주세요,655.2640380859375,827.99072265625,1142.00439453125,722.1263427734375
MI3_240823_TY1_0154_5_V02-1_2,T01 T02 차트(세로 막대형) V02-1에 대해 알려주세요,297.10888671875,1304.9739990234375,584.1217041015625,604.413330078125
MI3_240823_TY1_0154_6_V02-6_1,정부부채 및 이자비용 전망에 대한 차트(분산형)에 대해 알려주세요,629.3948364257812,494.94342041015625,970.1932373046875,812.1432495117188
MI3_240823_TY1_0163_1_V02-1_3,지역별 신용카드 소비유입 증가율에 대해 알려주세요,271.5691833496094,961.8489379882812,922.658935546875,692.065185546875
MI3_240823_TY1_0163_2_V01_1,신용카드 데이터 개요 업종분류 차트에 대해 알려주세요,349.5789794921875,1724.4384765625,1784.2247314453125,1409.1590576171875
MI3_240823_TY1_0163_3_V02-1_1,대전충남지역 신용카드 소비의 전국대비 비중 세로 막대형에 대해 알려주세요,305.541015625,2510.341064453125,922.495361328125,635.9508666992188
MI3_240823_TY1_0163_4_V02-5_1,코로나19 이후 대전충남지역 소비행태 변화의 특징에 대해 알려주세요,254.1241455078125,2285.874755859375,920.3658447265625,805.8529663085938
MI3_240823_TY1_0163_5_V02-1_1,대전충남지역 소비에 대한 차트(세로 막대형)에 대해 알려주세요,1249.0806884765625,1440.6768798828125,937.7972412109375,733.2692260742188
MI3_240823_TY1_0163_6_V02-4_1,T01 T02 T03 꺾은선형에 대해 알려주세요,249.70419311523438,2338.2890625,924.6424560546875,769.136474609375
MI3_240823_TY1_0182_1_V01_1,한국은행 예금 및 대출금에 대한 차트(세로 막대형)에 대해 알려주세요,282.7572937011719,1037.125,1919.7598876953125,477.8500671386719
MI3_240823_TY1_0182_2_V01_2,고용 동향 차트에 대해 알려주세요,375.2976379394531,2647.53173828125,1837.4793701171875,450.9284362792969
MI3_240823_TY1_0182_3_V02-4_1,경기종합지수 차트(꺾은선형)에 대해 알려주세요,574.7332763671875,1989.9517822265625,1338.337646484375,733.678466796875
MI3_240823_TY1_0182_4_V01_1,물가 및 부동산가격 관련 데이터의 표에 대해 알려주세요,297.70135498046875,2306.00439453125,1908.6492919921875,729.877685546875
MI3_240823_TY1_0182_5_V01_2,경상수지 관련 차트에 대해 알려주세요,285.5922546386719,1591.2791748046875,1917.4705810546875,571.049072265625
MI3_240823_TY1_0182_6_V01_1,제목에 관련된 데이터 시각화에서 제공하는 표에 대해 알려주세요.,288.064697265625,1353.12939453125,1916.6676025390625,659.3541870117188
MI3_240823_TY1_0187_1_V01_1,설비투자 관련지표에 대한 차트(세로 막대형)에 대해 알려주세요,350.0506591796875,1763.958740234375,1858.4307861328125,741.30859375
MI3_240823_TY1_0187_2_V01_1,수입 실적에 대해 알려주세요,294.5323791503906,1354.5391845703125,1897.053466796875,1620.4990234375
MI3_240823_TY1_0187_3_V01_1,온산국가산업단지 동향에 대한 연간 차트(세로 막대형)에 대해 알려주세요,367.24127197265625,1553.6783447265625,1833.94580078125,1303.9718017578125
MI3_240823_TY1_0187_4_V01_1,제목에 대한 본문에 포함된 금융자금 및 대출 관련 내용의 표에 대해 알려주세요,275.21142578125,1887.4124755859375,1909.2021484375,1059.2103271484375
MI3_240823_TY1_0187_5_V01_1,신용보증 실적에 대해 알려주세요.,275.9226379394531,1742.629150390625,1928.0054931640625,986.6356811523438
MI3_240823_TY1_0187_6_V01_1,T01 T02 T03 표에 대해 알려주세요,341.64306640625,2710.1484375,1862.046875,440.66796875
MI3_240823_TY1_0188_1_V01_1,고용 관련 통계 데이터에 대한 표에 대해 알려주세요.,305.12652587890625,1753.3524169921875,1896.8868408203125,1080.8795166015625
MI3_240823_TY1_0188_2_V01_1,주요 국가별 수출실적 차트에 대해 알려주세요,401.4399719238281,820.6680908203125,1796.947265625,885.2770385742188
MI3_240823_TY1_0188_3_V01_1,금융자금 및 자금별 대출 표에 대해 알려주세요,275.3213195800781,1994.64794921875,1908.55224609375,1065.36328125
MI3_240823_TY1_0188_4_V01_1,신용보증 실적에 대한 표에 대해 알려주세요,276.080810546875,1742.8900146484375,1927.520751953125,985.7119750976562
MI3_240823_TY1_0188_5_V01_2,한국은행 예금 및 대출금 표에 대해 알려주세요,274.00439453125,2590.396728515625,1927.24609375,446.9787292480469
MI3_240823_TY1_0188_6_V02-4_1,T01 T02 T03 꺾은선형에 대해 알려주세요,575.135986328125,1935.7960205078125,1326.096923828125,730.7920532226562
MI3_240823_TY1_0190_1_V01_1,설비투자 관련 지표의 표에 대해 알려주세요,319.2307434082031,1665.931640625,1893.0701904296875,747.3170166015625
MI3_240823_TY1_0190_2_V01_1,온산국가산업단지의 2010년과 2011년 연간 생산 및 수출에 대해 알려주세요,356.0158386230469,1555.23583984375,1843.722900390625,1302.09130859375
MI3_240823_TY1_0190_3_V01_1,Ⅲ. 금융동향예금은행수신 (말잔기준 증감액) 표에 대해 알려주세요,277.35302734375,1951.780517578125,1902.722412109375,1207.2169189453125
MI3_240823_TY1_0190_4_V01_1,에 관련된타입의 표에 대해 알려주세요.,272.1068420410156,1839.7222900390625,1983.1314697265625,1309.8587646484375
MI3_240823_TY1_0190_5_V01_2,한국은행 예금 및 대출금에 대해 알려주세요,276.8539733886719,1077.380615234375,1925.2418212890625,486.7858581542969
MI3_240823_TY1_0190_6_V02-4_1,경기종합지수 꺾은선형에 대해 알려주세요,561.7366943359375,1909.03857421875,1346.495849609375,706.9950561523438
MI3_240823_TY1_0205_1_V02-4_1,분기별 광공업생산 추이 및 전망 차트(꺾은선형)에 대해 알려주세요,1261.426025390625,1244.08984375,866.448486328125,537.8790283203125
MI3_240823_TY1_0205_2_V02-4_1,소비는 친환경자동차 보조금 지원제도 재시행에 따른 소비지출 차트(꺾은선형)에 대해 알려주세요,343.23944091796875,2257.072265625,1788.439208984375,641.339599609375
MI3_240823_TY1_0205_3_V02-8_1,명목임금 증감율 추이와 관련된 혼합형 차트에 대해 알려주세요,349.8766784667969,2589.583251953125,1772.343017578125,504.87451171875
MI3_240823_TY1_0205_4_V02-8_1,회계연도별 경상수지 추이에 대해 알려주세요,346.8107604980469,1175.5439453125,1750.428466796875,689.18798828125
MI3_240823_TY1_0205_5_V02-4_1,금융기관 대출과 국내은행 대출 증감추이 꺾은선형 차트에 대해 알려주세요,362.4713439941406,2018.06201171875,1793.753173828125,480.76513671875
MI3_240823_TY1_0210_1_V02-1_2,강원지역 금융포용의 특징에 대해 알려주세요,326.83441162109375,1220.506103515625,882.2955322265625,520.8583984375
MI3_240823_TY1_0210_2_V02-1_1,우리나라의 금융접근성 측정 지표에 대해 알려주세요,313.149169921875,389.3822937011719,911.2952880859375,744.830078125
MI3_240823_TY1_0210_3_V02-4_1,"제목에 관련된 격차(A-B, 우축) 강원(차트(꺾은선형)에 대해 알려주세요",1254.6817626953125,2679.375244140625,890.6431884765625,527.21630859375
MI3_240823_TY1_0210_4_V02-1_3,시도별 금융기관 여수신지수(2021년) 세로 막대형 차트에 대해 알려주세요,1245.532470703125,1234.168701171875,914.887451171875,570.2708129882812
MI3_240823_TY1_0210_5_V02-1_1,제목을 바탕으로 강원도 내 금융기관의 연도별 지수 변화에 대해 알려주세요.,1250.655029296875,2622.30908203125,903.068115234375,582.984130859375
MI3_240823_TY1_0210_6_V02-1_1,제목에 포함된 내용을 바탕으로 강원도와 전국 평균의 가계대출 비율을 나타내는 차트(세로 막대형)에 대해 알려주세요,1241.7547607421875,1674.044921875,924.4844970703125,668.064208984375
MI3_240823_TY1_0231_1_V02-1_1,거주자 기준과 가맹점 기준 비교 차트에 대해 알려주세요,1267.689697265625,2358.2314453125,911.4627685546875,692.6666870117188
MI3_240823_TY1_0231_2_V02-1_1,서울 지역 거주자의 역외소비 비율과 관련된 차트에 대해 알려주세요,1263.54833984375,1043.7698974609375,914.125732421875,585.45068359375
MI3_240823_TY1_0231_3_V02-1_2,업종별 소비유입률에 대한 세로 막대형 차트에 대해 알려주세요,480.6231994628906,2548.80126953125,1503.7000732421875,595.7666015625
MI3_240823_TY1_0231_4_V02-1_2,2020년 2~4월 동안 관광 관련 업종의 결제대금 증감률에 대해 알려주세요,1281.5157470703125,2523.535400390625,947.28466796875,682.2421875
MI3_240823_TY1_0231_5_V01_1,"(%, %p) 지역 2~4월(A) 2019. 2~4월(B) 2020. 증감률 (B-A) 표에 대해 알려주세요",320.0842590332031,1201.480712890625,931.1069946289062,624.960693359375
MI3_240823_TY1_0231_6_V01_2,코로나19 확산 전후 소비유출입 변화 차트(가로 막대형)에 대해 알려주세요,1271.9852294921875,517.2386474609375,917.2156982421875,458.45428466796875
MI3_240823_TY1_0251_1_V01_1,III. Identrus 인증서비스의 현황국제 인증서비스별 비교 표에 대해 알려주세요,360.2657470703125,1648.8994140625,1759.6947021484375,643.817626953125
MI3_240823_TY1_0251_2_V01_1,Identrus와 국내 인증체계 비교 다이어그램에 대해 알려주세요,360.26751708984375,1555.5272216796875,1827.91455078125,663.7432861328125
MI3_240823_TY1_0251_5_V01_1,기업간 전자상거래 발전추이 표에 대해 알려주세요,344.9912414550781,2026.6077880859375,1812.96240234375,903.2210083007812
MI3_240823_TY1_0280_1_V01_1,2013 2014 연간 2/4 3/4 4/4 1/4 2/4 8월 기계류 수입 및 설비투자 관련 지표에 대해 알려주세요,368.511474609375,1484.9793701171875,1765.4180908203125,855.6285400390625
MI3_240823_TY1_0280_2_V02-4_1,서비스업 업황에 대해 알려주세요,421.6446838378906,1658.8699951171875,1621.8931884765625,930.3847045898438
MI3_240823_TY1_0280_3_V02-8_1,대구경북지역 수출입에 대해 알려주세요,452.84326171875,1106.86669921875,1623.2882080078125,1166.40234375
MI3_240823_TY1_0280_4_V02-4_1,Ⅱ. 2014~15년 경제전망 2 설비투자 차트(꺾은선형)에 대해 알려주세요,398.1630859375,1691.0694580078125,767.77685546875,662.2723388671875
MI3_240823_TY1_0280_5_V02-8_2,비주거용 건물 착공면적 혼합형에 대해 알려주세요,1245.466064453125,1503.7542724609375,840.3050537109375,750.2168579101562
MI3_240823_TY1_0280_6_V02-8_2,GDP 전망경로 혼합형에 대해 알려주세요,1270.7998046875,1648.3046875,757.46142578125,638.806640625
MI3_240823_TY1_0313_1_V02-4_2,부산 제조업 업황BSI 및 생산에 대해 알려주세요,332.6497497558594,499.5693359375,885.9782104492188,622.2094116210938
MI3_240823_TY1_0313_2_V02-4_2,T01 T02 T03 차트(꺾은선형)에 대해 알려주세요,335.64697265625,2470.399169921875,894.30322265625,579.0908203125
MI3_240823_TY1_0313_3_V01_1,부산지역 건설 관련 지표에 대해 알려주세요,356.3125305175781,1132.705322265625,1767.507080078125,1038.6202392578125
MI3_240823_TY1_0313_4_V01_1,부산지역 고용 관련 지표에 대해 알려주세요,352.3069152832031,478.68402099609375,1773.1531982421875,1755.7918701171875
MI3_240823_TY1_0313_5_V01_1,2023년 3월중 주택 매매가격 및 전세가격 변동에 대해 알려주세요,398.3261413574219,929.6043701171875,1754.097412109375,906.7066650390625
MI3_240823_TY1_0313_6_V02-8_2,기업대출 증감률 차트(혼합형)에 대해 알려주세요,292.3824768066406,2377.7783203125,940.405517578125,752.73681640625
MI3_240823_TY1_0316_1_V01_1,부산항 컨테이너 처리실적 연간에 대해 알려주세요.,429.7459411621094,1172.700927734375,1680.8760986328125,950.327392578125
MI3_240823_TY1_0316_2_V01_1,설비투자 관련 자료에서 자본재 수입과 제조업 설비투자에 대한 차트에 대해 알려주세요,327.8158874511719,1050.959228515625,1826.907470703125,1030.579345703125
MI3_240823_TY1_0316_3_V01_1,부산지역 수출입 통계 차트에 대해 알려주세요,370.6027526855469,1135.5587158203125,1783.3319091796875,1859.4661865234375
MI3_240823_TY1_0316_4_V02-4_2,부산지역 품목별 소비자물가 상승률 차트(꺾은선형)에 대해 알려주세요,345.5360107421875,2426.6845703125,884.977783203125,625.085693359375
MI3_240823_TY1_0316_5_V02-8_1,부산지역 금융기관 가계대출에 대한 차트(혼합형)에 대해 알려주세요,309.8070068359375,2522.6572265625,937.0739135742188,671.899169921875
MI3_240823_TY1_0316_6_V01_1,부산지역 금융기관 수신에 대해 알려주세요,297.67303466796875,1534.9476318359375,1893.589599609375,583.051025390625
MI3_240823_TY1_0338_2_V02-4_1,중소기업대출 신용보증 어음부도율 꺾은선형에 대해 알려주세요,383.87030029296875,2355.476806640625,1675.4112548828125,829.99169921875
MI3_240823_TY1_0338_3_V02-4_1,제조업 생산 꺾은선형에 대해 알려주세요,398.4255676269531,1485.31982421875,1673.3399658203125,603.0587158203125
MI3_240823_TY1_0338_4_V02-4_1,충남 수출입 차트(꺾은선형)에 대해 알려주세요,413.6668701171875,2563.251708984375,1605.55224609375,526.922119140625
MI3_240823_TY1_0338_5_V01_2,한국은행 예수금 및 대출금에 대해 알려주세요,298.5393371582031,2353.848388671875,1851.858154296875,475.66259765625
MI3_240823_TY1_0338_6_V01_1,금융기관 여수신 표에 대해 알려주세요,298.5473937988281,1709.70849609375,1851.85546875,969.7239990234375
MI3_240823_TY1_0374_1_V02-4_1,I 실물동향 1 제조업 활동 꺾은선형 차트에 대해 알려주세요,305.030517578125,2569.66845703125,1869.872314453125,515.6728515625
MI3_240823_TY1_0374_2_V01_1,소비 관련 지표와 대형소매점 판매액지수에 대해 알려주세요.,269.4396667480469,1422.525146484375,1976.632568359375,610.8900756835938
MI3_240823_TY1_0374_3_V01_1,2015.10월중 경기도 내수용 자본재 수입 및 산업기계 수입에 대한 차트와 범례에 대해 알려주세요,238.884033203125,1573.81689453125,2009.578857421875,488.4355163574219
MI3_240823_TY1_0374_4_V01_1,나. 건설투자 관련 데이터에 대해 알려주세요,358.1739501953125,1428.7996826171875,1888.867919921875,744.0684204101562
MI3_240823_TY1_0374_5_V02-8_1,에 포함된 제목과 관련하여 혼합형 차트에 대해 알려주세요,295.92315673828125,2217.87353515625,1805.07421875,851.6461791992188
MI3_240823_TY1_0374_6_V02-8_1,고용률 변동에 대해 알려주세요,341.9877014160156,2082.071044921875,1819.517822265625,960.4171752929688
MI3_240823_TY1_0390_1_V02-1_1,경기지역 금융기관 여신 차트(세로 막대형)에 대해 알려주세요,1238.142822265625,2326.243408203125,905.9530639648438,605.03271484375
MI3_240823_TY1_0390_2_V02-4_1,I 실물동향 1 제조업 활동 경기지역 제조업 생산 꺾은선형에 대해 알려주세요,1281.52392578125,1570.778564453125,874.4827880859375,492.8268737792969
MI3_240823_TY1_0390_3_V02-8_1,"제목에 경기지역 생산, 출하 및 재고 혼합형 차트에 대해 알려주세요",418.2185363769531,2403.65966796875,1559.8150634765625,664.132568359375
MI3_240823_TY1_0390_4_V02-8_1,경기지역 소비관련 주요지표에 대해 알려주세요.,486.1603698730469,2309.252197265625,1581.3743896484375,767.070556640625
MI3_240823_TY1_0390_5_V02-8_1,산업기계 수입액 및 내수용 자본재 수입액 차트(혼합형)에 대해 알려주세요,553.9641723632812,2270.0126953125,1451.169677734375,813.813232421875
MI3_240823_TY1_0390_6_V01_1,나. 건설투자 관련 지표에 대해 알려주세요,438.4930725097656,1782.256591796875,1748.636474609375,590.9288940429688
MI3_240823_TY1_0390_7_V02-8_1,4 대외거래에 대한 혼합형 차트에 대해 알려주세요,436.3634338378906,2287.30859375,1564.7132568359375,781.056396484375
MI3_240823_TY1_0390_8_V01_1,소비자물가와 관련된 표에 대해 알려주세요,293.40740966796875,2235.52099609375,1896.4564208984375,824.381103515625
MI3_240823_TY1_0390_9_V02-4_1,주택가격 경기지역에 대한 꺾은선형 차트에 대해 알려주세요,501.0423889160156,1339.1275634765625,1497.91845703125,859.3717041015625
MI3_240823_TY1_0398_1_V01_1,제조업 업종별 생산 차트에 대해 알려주세요,331.22955322265625,1469.59326171875,1856.4195556640625,952.0709838867188
MI3_240823_TY1_0398_2_V02-8_1,"생산, 출하 및 재고율에 대해 알려주세요",312.0321350097656,2514.9697265625,1838.3297119140625,575.005859375
MI3_240823_TY1_0398_3_V01_1,자동차 신규등록대수와 대형소매점 판매 관련 데이터에 대해 알려주세요.,340.53692626953125,1411.674560546875,1850.845947265625,543.3338623046875
MI3_240823_TY1_0398_4_V02-8_1,투자 및 설비에 대한 본문과 관련된 그래프에 대해 알려주세요,326.33367919921875,2223.600830078125,1824.91162109375,860.9374389648438
MI3_240823_TY1_0398_5_V01_1,건설투자 관련 지표에 대해 알려주세요,293.09307861328125,1681.0816650390625,1909.9302978515625,624.8409423828125
MI3_240823_TY1_0398_6_V02-8_1,에 대한 V 혼합형에 대해 알려주세요,319.585205078125,2149.32861328125,1838.0357666015625,924.6283569335938
MI3_240823_TY1_0398_7_V02-8_1,"(전년동월대비, 천명) 취업자수 변동에 대해 알려주세요",344.646240234375,2327.598388671875,1830.0526123046875,758.21337890625
MI3_240823_TY1_0398_8_V01_1,소비자물가 차트(혼합형)에 대해 알려주세요,288.6875305175781,1418.6854248046875,1904.015625,858.8040161132812
MI3_240823_TY1_0398_9_V01_1,주택가격에 대한 매매가격과 전세가격 변화 추이를 나타내는 표에 대해 알려주세요,356.0182800292969,1311.377685546875,1832.0382080078125,790.106689453125
MI3_240823_TY1_0435_1_V01_1,농수축산물 출하관련 지표 추이 차트(세로 막대형)에 대해 알려주세요,339.3860168457031,1742.9375,1833.9183349609375,1276.52294921875
MI3_240823_TY1_0435_2_V01_1,소비관련 지표 추이 차트에 대해 알려주세요,307.55535888671875,1762.795654296875,1876.799072265625,1306.062744140625
MI3_240823_TY1_0435_3_V01_1,건설투자 관련 지표 추이 차트(세로 막대형)에 대해 알려주세요,309.3323059082031,1786.534912109375,1898.607177734375,1375.35498046875
MI3_240823_TY1_0435_4_V01_1,관광관련 지표 추이 표에 대해 알려주세요,307.7006530761719,1815.817138671875,1912.1593017578125,1436.830078125
MI3_240823_TY1_0435_5_V01_1,제목에 대한 차트(세로 막대형) 데이터에 대해 알려주세요,302.8385925292969,1644.0633544921875,1876.0567626953125,1513.7095947265625
MI3_240823_TY1_0435_6_V01_1,소비자물가 추이 (%) 차트에 대해 알려주세요,307.95086669921875,1452.3955078125,1878.53076171875,1693.668701171875
MI3_240823_TY1_0437_1_V01_1,I. 실물경제동향 1. 생산 제조업 생산활동 지표 추이에 대해 알려주세요,416.35791015625,2130.18994140625,1775.1246337890625,898.401123046875
MI3_240823_TY1_0437_2_V01_1,농수축산물 출하 관련 지표 추이에 대해 알려주세요,338.79205322265625,1750.08447265625,1835.7015380859375,1277.1671142578125
MI3_240823_TY1_0437_3_V01_1,소비 관련 지표 추이 차트에 대해 알려주세요,299.9136047363281,1844.188720703125,1883.0345458984375,1316.407470703125
MI3_240823_TY1_0437_4_V01_1,3. 건설투자 관련 지표 추이에 대해 알려주세요,307.6541748046875,1787.525390625,1941.192626953125,1409.8636474609375
MI3_240823_TY1_0437_5_V01_1,관광 관련 지표 추이 표에 대해 알려주세요,305.22314453125,1695.3599853515625,1915.6973876953125,1451.1275634765625
MI3_240823_TY1_0437_6_V01_1,고용 추이 차트에 대해 알려주세요,297.52093505859375,1680.3360595703125,1885.77880859375,1511.8040771484375
MI3_240823_TY1_0440_1_V01_1,자금사정에 대해 알려주세요,428.0753479003906,1957.046142578125,1643.662109375,1069.0888671875
MI3_240823_TY1_0440_2_V01_1,Ⅱ. 실물동향제조업 생산·출하·재고동향 차트에 대해 알려주세요,431.65087890625,1745.0982666015625,1712.1015625,1309.7198486328125
MI3_240823_TY1_0440_3_V01_1,산업단지 조업동향 차트에 대해 알려주세요,388.8778991699219,1586.209228515625,1702.3125,1226.9151611328125
MI3_240823_TY1_0440_4_V01_2,건축 허가 면적의 차트에 대해 알려주세요,351.5034484863281,1178.440673828125,1799.6236572265625,768.54638671875
MI3_240823_TY1_0440_5_V01_1,대외거래 본문 테이블에 대해 알려주세요,434.78857421875,1475.0487060546875,1609.014404296875,1435.0084228515625
MI3_240823_TY1_0440_6_V01_1,이 문서에서 고용동향과 관련된 통계 및 그래픽 요소에 대해 알려주세요,339.7847595214844,1556.8394775390625,1806.6060791015625,1397.8013916015625
MI3_240823_TY1_0474_1_V01_1,2003년 생산지수(원지수) 차트(세로 막대형)에 대해 알려주세요,297.5085144042969,1550.04052734375,1983.5830078125,1671.0152587890625
MI3_240823_TY1_0474_2_V01_1,제목에 따른 연간 생산지수 및 출하지수 원지수 차트에 대해 알려주세요,236.201171875,2053.423095703125,2098.998291015625,1140.6044921875
MI3_240823_TY1_0474_3_V01_1,에 대한타입의 데이터에 대해 알려주세요,246.08299255371094,1734.85400390625,2046.0447998046875,1546.6859130859375
MI3_240823_TY1_0474_4_V01_1,제목에 해당하는 자료의 시각적 표현을 통해 보여지는 판매 지수 및 신규 등록 대수에 대해 알려주세요.,271.15570068359375,1838.837890625,2009.678466796875,1367.6656494140625
MI3_240823_TY1_0474_5_V01_1,T01 T02 V01에 대해 알려주세요,238.6501007080078,1478.5494384765625,2068.625,1817.0894775390625
MI3_240823_TY1_0474_6_V01_1,T01 T02 V01에 대해 알려주세요,244.3496551513672,1538.359619140625,2059.041748046875,1621.2979736328125
MI3_240823_TY1_0475_1_V01_1,2003년 4월중 생산지수에 대해 알려주세요,293.59173583984375,1450.439453125,1981.7763671875,1677.9404296875
MI3_240823_TY1_0475_2_V01_1,2001 2002 2003 연간 생산지수(원지수)와 관련된 차트에 대해 알려주세요,232.62062072753906,1824.547119140625,2103.670166015625,1031.813720703125
MI3_240823_TY1_0475_3_V01_1,에 대한차트(세로 막대형)에 대해 알려주세요,237.69895935058594,1596.004150390625,2050.673583984375,1393.908447265625
MI3_240823_TY1_0475_4_V01_1,의 와 관련된 대형소매점 판매 지수에 대해 알려주세요.,247.7426300048828,1695.66845703125,2063.36962890625,1263.283203125
MI3_240823_TY1_0475_5_V01_1,연간 4월 1~4월 건설발주액에 대해 알려주세요,236.34523010253906,1387.85791015625,2126.59375,1545.75244140625
MI3_240823_TY1_0475_6_V01_1,2001 2002 2003 연간에 대해 알려주세요,242.21115112304688,1376.6329345703125,2045.3150634765625,1616.3394775390625
MI3_240823_TY1_0486_1_V01_1,2003년 생산지수에 대해 알려주세요,388.1887512207031,1419.935302734375,1637.7735595703125,1327.447509765625
MI3_240823_TY1_0486_2_V01_1,제목에 대한 연간 생산지수 및 출하지수 원지수와 재고지수를 포함한 차트에 대해 알려주세요.,403.9613952636719,1721.32958984375,1621.666015625,931.0638427734375
MI3_240823_TY1_0486_3_V01_1,에 포함된 차트에 대해 알려주세요,389.5724182128906,1470.43212890625,1636.4263916015625,1264.5264892578125
MI3_240823_TY1_0486_4_V01_1,2001 2002 2003 연간에 대해 알려주세요,375.1463623046875,1576.958740234375,1651.728515625,1074.94189453125
MI3_240823_TY1_0486_5_V01_1,에 대한 연간 건설발주액과 관련된 표에 대해 알려주세요,461.9805603027344,1452.4915771484375,1565.6456298828125,1261.320556640625
MI3_240823_TY1_0486_6_V01_1,2001 2002 2003 연간 9월에 대해 알려주세요,384.67095947265625,1320.85009765625,1623.006103515625,1376.9525146484375
MI3_240823_TY1_0492_1_V02-1_1,금융기관 수신 차트(세로 막대형)에 대해 알려주세요,477.6312561035156,1721.308837890625,1425.64599609375,910.2029418945312
MI3_240823_TY1_0492_2_V02-1_1,2003년 2월중 금융기관 여신에 대해 알려주세요,508.8794860839844,1839.4600830078125,1411.88671875,916.6340942382812
MI3_240823_TY1_0492_3_V02-4_1,어음부도율 차트(꺾은선형)에 대해 알려주세요,584.3518676757812,1656.379150390625,1401.4248046875,899.75830078125
MI3_240823_TY1_0492_4_V01_1,T01 C01 V01에 대해 알려주세요,471.9288330078125,1630.1826171875,1547.6649169921875,1141.8974609375
MI3_240823_TY1_0492_5_V01_1,제목에 포함된 내용과 관련된 데이터 시각화의 총체적인 정보와 비은행기관 및 예금은행의 수신 잔액 및 여신 잔액에 대해 알려주세요.,470.53155517578125,1999.7222900390625,1567.0562744140625,759.476318359375
MI3_240823_TY1_0492_6_V01_1,2003년 2월말 현재 예금은행 대출금잔액에 대한 표에 대해 알려주세요,471.8527526855469,1652.4595947265625,1500.5205078125,1182.4974365234375
MI3_240823_TY1_0512_1_V01_1,금융기관 여수신 동향 표에 대해 알려주세요,375.2720031738281,277.4024353027344,1704.519775390625,958.681396484375
MI3_240823_TY1_0512_2_V01_1,T01 T02 V01에 대해 알려주세요,371.1279602050781,735.0115966796875,1705.7236328125,1433.2423095703125
MI3_240823_TY1_0512_3_V01_1,은행그룹별 예금 관련 정보와 표에 대해 알려주세요,385.931640625,288.41412353515625,1683.1630859375,593.3699340820312
MI3_240823_TY1_0512_4_V01_2,은행그룹별 대출금 표에 대해 알려주세요,408.5773620605469,2249.5107421875,1660.35595703125,432.232177734375
MI3_240823_TY1_0512_5_V02-3_1,금융기관별 수신 비중 차트(원형)에 대해 알려주세요,390.7908935546875,1641.525634765625,1447.0205078125,752.04248046875
MI3_240823_TY1_0512_6_V02-8_1,업종별 신설법인 현황 혼합형에 대해 알려주세요,291.2081604003906,707.7418212890625,1712.793212890625,731.6837768554688
MI3_240823_TY1_0520_1_V02-4_1,총수신과 총여신에 대해 알려주세요.,400.17034912109375,2471.62646484375,1671.2701416015625,673.5573120117188
MI3_240823_TY1_0520_2_V01_1,경북동해안지역 예금은행 수신추이와 관련된 데이터의 표에 대해 알려주세요.,307.8249206542969,1927.9117431640625,1864.8033447265625,926.1869506835938
MI3_240823_TY1_0520_3_V01_1,경북동해안지역 비은행기관 수신추이 (기간중 증감액 기준) 차트에 대해 알려주세요,283.0585632324219,2049.245361328125,1915.416015625,757.1762084960938
MI3_240823_TY1_0520_4_V01_1,경북동해안지역 예금은행 여신추이에 대해 알려주세요,231.86289978027344,1888.7352294921875,2017.6119384765625,1092.375244140625
MI3_240823_TY1_0520_5_V01_1,2004년 3월말 잔액에 대한 표에 대해 알려주세요,284.7834777832031,1731.811279296875,1906.9793701171875,1264.5687255859375
MI3_240823_TY1_0520_6_V01_1,에 대한 (억원) 표에 대해 알려주세요,333.2206115722656,1924.3431396484375,1807.5675048828125,686.9302978515625
MI3_240823_TY1_0524_1_V01_2,2. 한국은행 예금 및 대출금 한국은행 예금 및 대출 추이에 대해 알려주세요,328.4501647949219,1195.890625,1816.6474609375,478.1278991699219
MI3_240823_TY1_0524_2_V01_1,경북동해안지역 예금은행 수신추이 차트(세로 막대형)에 대해 알려주세요,271.3794860839844,1996.440673828125,1941.1224365234375,922.204345703125
MI3_240823_TY1_0524_3_V01_1,경북동해안지역 비은행기관 수신추이 (기간중 증감액 기준) 차트에 대해 알려주세요,247.71957397460938,2060.175048828125,1988.2530517578125,782.645751953125
MI3_240823_TY1_0524_4_V01_1,경북동해안지역 예금은행 여신추이에 대해 알려주세요,283.989013671875,1799.3548583984375,1914.4278564453125,1191.6783447265625
MI3_240823_TY1_0524_5_V01_1,여신 합계 표에 대해 알려주세요,227.29586791992188,1516.9881591796875,2033.825439453125,1508.962158203125
MI3_240823_TY1_0675_1_V02-1_2,금융기관 여신 증감액 추이 차트(세로 막대형)에 대해 알려주세요,271.5039978027344,2171.943603515625,946.3626708984375,947.6954956054688
MI3_240823_TY1_0675_2_V02-8_1,중소기업 대출 신용보증 자금사정 혼합형 차트에 대해 알려주세요,286.7477722167969,1916.8140869140625,1910.2442626953125,1090.3612060546875
MI3_240823_TY1_0675_3_V02-4_2,Ⅱ. 실물동향 포항지역 수출 및 수입추이 꺾은선형에 대해 알려주세요,1254.573486328125,2076.0869140625,907.6832275390625,954.796142578125
MI3_240823_TY1_0675_4_V02-4_1,소비자물가 기타 실물 간이지표 꺾은선형에 대해 알려주세요,283.4362487792969,1068.544189453125,1908.403076171875,1014.5404052734375
MI3_240823_TY1_0675_5_V01_1,금융기관 여수신 추이 차트(영역형)에 대해 알려주세요,276.5500793457031,1671.4398193359375,1925.98974609375,627.4205322265625
MI3_240823_TY1_0675_6_V01_1,기업 자금조달 에 대해 알려주세요,307.36297607421875,1440.5494384765625,1855.839599609375,974.3477783203125
MI3_240823_TY1_0700_1_V02-8_2,건설관련 지표 추이에 대해 알려주세요,310.860595703125,1996.196533203125,1855.4984130859375,1075.2210693359375
MI3_240823_TY1_0700_2_V02-8_2,소비자물가 상승률 추이와 관련된 차트(혼합형)에 대해 알려주세요,315.3354797363281,543.0390014648438,1835.56884765625,938.248779296875
MI3_240823_TY1_0700_3_V02-3_1,금융기관 수신비중 차트(원형)에 대해 알려주세요,377.781982421875,2058.33154296875,1689.595458984375,963.2865600585938
MI3_240823_TY1_0700_4_V02-3_1,금융기관 여신비중에 대해 알려주세요,510.4120788574219,610.5848999023438,1427.85595703125,856.111572265625
MI3_240823_TY1_0700_5_V02-4_1,어음부도율 추이 꺾은선형 차트에 대해 알려주세요,362.96343994140625,1963.6961669921875,1738.6048583984375,955.8596801757812
MI3_240823_TY1_0700_6_V02-8_1,건설기성액 추세를 나타내는 혼합형 차트에 대해 알려주세요,405.555419921875,2438.971923828125,1682.7750244140625,672.244384765625
MI3_240823_TY1_0700_7_V02-4_2,인력사정 전망 BSI 차트(꺾은선형)에 대해 알려주세요,332.8554382324219,1100.90087890625,842.85986328125,710.670654296875
MI3_240823_TY1_0704_1_V01_1,제조업 생산. 출하. 재고지수 추이에 대해 알려주세요,312.0141906738281,427.5909729003906,1853.5400390625,1540.2362060546875
MI3_240823_TY1_0704_2_V01_1,금융기관 수신 2010년 2011년 2월말 잔액 차트에 대해 알려주세요,440.7624816894531,1304.0682373046875,1673.5224609375,575.4405517578125
MI3_240823_TY1_0704_3_V01_1,금융기관 여신 표에 대해 알려주세요,463.0517272949219,1197.1336669921875,1655.3931884765625,581.5841064453125
MI3_240823_TY1_0704_4_V01_1,예금은행 총대출 표에 대해 알려주세요,435.1396484375,2227.014892578125,1638.1197509765625,842.660400390625
MI3_240823_TY1_0704_5_V02-4_1,6. 자금사정어음부도율 추이에 대해 알려주세요,426.8191833496094,1064.141845703125,1616.011474609375,835.90283203125
MI3_240823_TY1_0704_6_V02-3_1,금융기관별 수신 잔액 비중 차트(원형)에 대해 알려주세요,451.9170837402344,889.2802734375,1280.8466796875,829.8060913085938
MI3_240823_TY1_0712_1_V01_1,2011년 12월중 예금은행의 중소기업 대출에 대해 알려주세요,353.6646423339844,721.510009765625,1718.9256591796875,439.52392578125
MI3_240823_TY1_0712_2_V01_1,자금사정에 대한 데이터와 관련된 표에 대해 알려주세요.,425.476318359375,1927.3201904296875,1645.9256591796875,1207.0650634765625
MI3_240823_TY1_0712_3_V01_2,건축허가 면적 천m2에 대해 알려주세요,373.6700134277344,2482.346435546875,1654.315673828125,593.92236328125
MI3_240823_TY1_0712_4_V01_1,5. 고 용 본문 표에 대해 알려주세요,339.24609375,1556.058837890625,1810.5428466796875,1398.2420654296875
MI3_240823_TY1_0712_5_V01_1,부동산가격 동향1) 표에 대해 알려주세요,360.2596740722656,1852.8197021484375,1764.8538818359375,939.5840454101562
MI3_240823_TY1_0712_6_V01_1,항공수송실적 차트에 대해 알려주세요,369.4650573730469,1395.2093505859375,1749.6871337890625,747.0994262695312
MI3_240823_TY1_0716_1_V02-8_1,2010년부터 2012년까지의 수신 추세에 대해 알려주세요,322.708740234375,2160.885498046875,893.784423828125,804.241455078125
MI3_240823_TY1_0716_2_V02-8_2,제목 지역밀착형 금융기관 여신 추이에 대해 알려주세요,1289.5196533203125,1996.9952392578125,914.3492431640625,813.7906494140625
MI3_240823_TY1_0716_3_V02-4_1,인천 지역의 시계열 데이터에 대해 알려주세요,304.7176818847656,1995.5673828125,1869.0391845703125,1071.3896484375
MI3_240823_TY1_0716_4_V02-8_1,부도법인 및 신설법인수 추이에 대해 알려주세요,288.367431640625,1674.955078125,1907.10791015625,948.6361083984375
MI3_240823_TY1_0716_5_V01_1,Ⅱ. 실물동향인천지역 제조업 생산·출하·재고동향에 대해 알려주세요,260.9658203125,1600.4810791015625,1937.12939453125,1483.7034912109375
MI3_240823_TY1_0716_6_V01_1,인천지역 소비관련 주요지표 차트에 대해 알려주세요,290.0025939941406,1780.285888671875,1912.31640625,960.2189331054688
MI3_240823_TY1_0717_1_V02-8_2,제목에 대한 차트(혼합형) 정보에 대해 알려주세요,325.0201110839844,1964.5904541015625,892.721923828125,802.6766357421875
MI3_240823_TY1_0717_2_V02-8_2,은행 여신 추이에 대해 알려주세요,1291.2193603515625,2181.439208984375,910.4212036132812,811.517822265625
MI3_240823_TY1_0717_3_V02-4_1,어음부도율 추이 차트(꺾은선형)에 대해 알려주세요,350.3893127441406,2031.093505859375,1829.594970703125,1026.632080078125
MI3_240823_TY1_0717_4_V02-8_1,부도법인 및 신설법인수 추이에 대해 알려주세요,316.5411682128906,1623.239501953125,1872.087158203125,942.19189453125
MI3_240823_TY1_0717_5_V01_1,Ⅱ. 실물동향인천지역 제조업 생산·출하·재고동향 표에 대해 알려주세요,258.8261413574219,1419.8583984375,1938.371337890625,1487.944091796875
MI3_240823_TY1_0717_6_V01_1,인천지역 소비관련 주요지표 표에 대해 알려주세요,289.45159912109375,1695.1480712890625,1912.958984375,959.5415649414062
MI3_240823_TY1_0718_1_V02-8_2,지역밀착형 금융기관 수신 추이에 대해 알려주세요,320.50897216796875,2164.335205078125,897.2885131835938,807.6503295898438
MI3_240823_TY1_0718_2_V02-8_2,지역밀착형 금융기관 여신 추이 혼합형에 대해 알려주세요,1291.8941650390625,1981.187744140625,910.763427734375,812.669189453125
MI3_240823_TY1_0718_3_V02-4_1,제목과 관련된 내용으로 인천지역의 어음부도율 추세를 보여주는 꺾은선형 차트에 대해 알려주세요,302.937255859375,1996.681396484375,1911.2701416015625,1080.299072265625
MI3_240823_TY1_0718_4_V02-8_1,부도법인 및 신설법인수 추이 혼합형에 대해 알려주세요,303.9073181152344,1647.6759033203125,1884.4522705078125,941.5003051757812
MI3_240823_TY1_0718_5_V01_1,Ⅱ. 실물동향인천지역 제조업 생산·출하·재고동향에 대해 알려주세요,259.25830078125,1635.7501220703125,1937.915283203125,1484.1063232421875
MI3_240823_TY1_0718_6_V01_1,인천지역 소비관련 주요지표에 대해 알려주세요,290.7880554199219,1664.5411376953125,1910.33642578125,961.9419555664062
MI3_240823_TY1_0745_1_V02-4_1,주요 업종별 생산 증가율 추이 꺾은선형에 대해 알려주세요,345.070556640625,2212.3271484375,1744.365478515625,905.5746459960938
MI3_240823_TY1_0745_2_V02-4_1,기타 기계 및 장비 출하지수 차트(꺾은선형)에 대해 알려주세요,1305.034912109375,2409.279296875,927.750244140625,687.097412109375
MI3_240823_TY1_0745_3_V02-4_2,주택매매가격 상승률 추이 차트(꺾은선형)에 대해 알려주세요,345.73443603515625,2338.198486328125,903.5994873046875,594.79296875
MI3_240823_TY1_0745_4_V01_1,총수신 표에 대해 알려주세요,492.6116638183594,1255.116455078125,1578.7674560546875,571.198974609375
MI3_240823_TY1_0745_5_V01_1,중소기업 대출금 표에 대해 알려주세요,438.706298828125,2222.05712890625,1653.91796875,892.986328125
MI3_240823_TY1_0745_6_V02-4_1,어음부도율 추이 꺾은선형에 대해 알려주세요,443.38494873046875,1241.5059814453125,1636.6591796875,839.1748046875
MI3_240823_TY1_0749_1_V02-8_1,예금은행 수신 추이 혼합형에 대해 알려주세요,1252.5555419921875,532.678466796875,899.0810546875,806.414794921875
MI3_240823_TY1_0749_2_V02-8_1,비은행 금융기관 여신 추이에 대해 알려주세요,323.90576171875,1726.3060302734375,897.1700439453125,806.2938232421875
MI3_240823_TY1_0749_3_V02-4_1,어음 부도율 추이 꺾은선형에 대해 알려주세요,319.2931823730469,1959.5809326171875,1865.8360595703125,1020.7049560546875
MI3_240823_TY1_0749_4_V02-8_1,부도법인 및 신설법인수 추이에 대해 알려주세요,333.852294921875,1561.705322265625,1903.7122802734375,1039.334228515625
MI3_240823_TY1_0749_5_V01_1,Ⅱ. 실물동향인천지역 제조업 생산·출하·재고동향 차트에 대해 알려주세요,314.8257141113281,1597.4842529296875,1898.6387939453125,1440.5694580078125
MI3_240823_TY1_0749_6_V01_1,에 대한타입 차트에 대해 알려주세요,384.13519287109375,1866.9273681640625,1832.5067138671875,993.3252563476562
MI3_240823_TY1_0758_1_V01_1,소비 추이 표에 대해 알려주세요,318.80908203125,1046.2655029296875,1877.09130859375,856.758544921875
MI3_240823_TY1_0758_2_V02-1_1,수정증액 응답업체 구성비 차트(세로 막대형)에 대해 알려주세요,1274.0072021484375,2412.987060546875,890.0997314453125,672.08203125
MI3_240823_TY1_0758_3_V02-4_1,주택가격 상승률 추이 (전월대비) 차트(꺾은선형)에 대해 알려주세요,352.9664306640625,2509.066162109375,892.5289916992188,595.037353515625
MI3_240823_TY1_0758_4_V02-4_1,한국은행 예금 및 대출금 잔액 추이에 대해 알려주세요,427.8431396484375,1337.447509765625,1597.1756591796875,938.4459838867188
MI3_240823_TY1_0758_5_V01_1,금융기관 여신 표에 대해 알려주세요,472.152099609375,1249.2271728515625,1578.6807861328125,566.0645751953125
MI3_240823_TY1_0758_6_V01_1,신용보증 현황 표에 대해 알려주세요,431.1352844238281,2232.2900390625,1650.352294921875,860.367919921875
MI3_240823_TY1_0772_1_V02-4_1,주요 업종별 생산 증가율 추이 꺾은선형 차트에 대해 알려주세요,342.0903625488281,2211.161865234375,1740.1907958984375,907.102294921875
MI3_240823_TY1_0772_2_V02-4_1,기타 기계 및 장비 출하지수 차트(꺾은선형)에 대해 알려주세요,1310.3568115234375,2410.620361328125,922.8104858398438,686.090576171875
MI3_240823_TY1_0772_3_V01_1,주택가격 상승률 추이에 대해 알려주세요,311.0131530761719,1255.1051025390625,1864.653076171875,1052.14892578125
MI3_240823_TY1_0772_4_V01_1,금융기관 수신 표에 대해 알려주세요,492.80316162109375,1254.1246337890625,1592.077880859375,571.1998291015625
MI3_240823_TY1_0772_5_V02-8_1,중소기업 대출금 추이 혼합형에 대해 알려주세요,408.31573486328125,1086.21435546875,1704.3428955078125,936.1390380859375
MI3_240823_TY1_0772_6_V02-4_1,어음부도율 추이 꺾은선형에 대해 알려주세요,451.5863342285156,1128.1358642578125,1658.3994140625,923.2442626953125
MI3_240823_TY1_0776_1_V01_1,한국은행 제주본부 화폐 발행 및 환수액 표에 대해 알려주세요,378.614501953125,1401.4600830078125,1802.716796875,637.681884765625
MI3_240823_TY1_0776_2_V02-8_1,금융기관 여신 차트(혼합형)에 대해 알려주세요,1309.463623046875,2441.7744140625,892.6715087890625,687.612060546875
MI3_240823_TY1_0776_3_V01_1,보증 합계 표에 대해 알려주세요,318.3896484375,1142.4039306640625,1840.150634765625,1078.7041015625
MI3_240823_TY1_0776_5_V02-4_1,객실 가동률 전망 꺾은선형에 대해 알려주세요,312.1959228515625,2050.31591796875,897.2406616210938,911.870849609375
MI3_240823_TY1_0776_6_V02-1_2,전체 관광호텔 차트(세로 막대형)에 대해 알려주세요,1246.6407470703125,373.4003601074219,885.7880859375,697.8223266601562
MI3_240823_TY1_0779_1_V02-3_1,원형에 대해 알려주세요,298.5765686035156,555.9702758789062,1757.8026123046875,824.085205078125
MI3_240823_TY1_0779_2_V02-1_1,GRDP에서의 농림어업 비중 차트(세로 막대형)에 대해 알려주세요,477.51861572265625,2665.417236328125,1526.604736328125,453.8127136230469
MI3_240823_TY1_0779_4_V02-4_1,T01 T02 T03 꺾은선형에 대해 알려주세요,317.6334228515625,915.1779174804688,888.8611450195312,824.4586791992188
MI3_240823_TY1_0779_6_V01_1,기술사업화 창업촉진 프로그램의 본문과 관련된 시각요소에 대해 알려주세요,0.0,0.0,0.0,0.0
MI3_240823_TY1_0801_1_V01_1,한국은행 제주본부 화폐 발행 및 환수액 표에 대해 알려주세요,379.5208435058594,1203.1229248046875,1819.5758056640625,623.8643798828125
MI3_240823_TY1_0801_2_V02-8_1,한국은행 예금 및 대출금 혼합형에 대해 알려주세요,358.6465759277344,2355.29296875,860.785888671875,691.605224609375
MI3_240823_TY1_0801_3_V02-8_2,비은행 여신증가율 혼합형에 대해 알려주세요,328.72821044921875,2376.485107421875,931.689697265625,643.906494140625
MI3_240823_TY1_0801_4_V02-8_1,토지거래면적과 주택거래량 혼합형에 대해 알려주세요,312.04168701171875,2555.0390625,632.16552734375,574.53076171875
MI3_240823_TY1_0801_5_V02-1_2,예금은행 수신증감액 추이 차트(세로 막대형)에 대해 알려주세요,326.4157409667969,2008.0184326171875,931.9117431640625,619.3656005859375
MI3_240823_TY1_0801_6_V01_1,신용보증액1) 표에 대해 알려주세요,298.13348388671875,1222.517578125,1887.240234375,971.7221069335938
MI3_240823_TY1_0804_1_V01_1,한국은행 전북본부 중소기업 지원금액 부문별 비중 표에 대해 알려주세요,393.63525390625,1249.1976318359375,1658.7694091796875,841.2537841796875
MI3_240823_TY1_0804_2_V01_1,총여신 잔액 표에 대해 알려주세요,346.7593078613281,2338.14453125,1810.9254150390625,601.95654296875
MI3_240823_TY1_0804_3_V01_1,기업대출 합계 표에 대해 알려주세요,400.84521484375,2321.375732421875,1678.4892578125,747.5869140625
MI3_240823_TY1_0804_4_V01_1,가계대출 합계 표에 대해 알려주세요,414.45037841796875,2319.629150390625,1653.0897216796875,780.3478393554688
MI3_240823_TY1_0804_5_V02-8_1,신용보증 현황 혼합형에 대해 알려주세요,467.1652526855469,1280.6414794921875,1511.074951171875,687.5850830078125
MI3_240823_TY1_0813_1_V02-4_1,한국은행 예금 및 대출금 잔액 추이 꺾은선형에 대해 알려주세요,421.48193359375,1658.23876953125,1610.7236328125,765.5048828125
MI3_240823_TY1_0813_2_V02-4_1,주요 지원부문별 비중 추이 꺾은선형에 대해 알려주세요,395.2388000488281,2304.685546875,1680.452392578125,775.0478515625
MI3_240823_TY1_0813_3_V02-8_1,금융기관 여신 증감 추이 혼합형에 대해 알려주세요,341.0315246582031,1266.2088623046875,1834.9619140625,926.2284545898438
MI3_240823_TY1_0813_4_V01_1,기업대출 증감 추이 표에 대해 알려주세요,318.1396789550781,2259.840087890625,1844.8568115234375,759.217041015625
MI3_240823_TY1_0813_5_V02-8_1,가계대출 증감 추이 혼합형에 대해 알려주세요,398.482177734375,1274.265380859375,1690.505859375,854.7294921875
MI3_240823_TY1_0825_1_V01_1,한국은행 제주본부 화폐 발행 및 환수액 표에 대해 알려주세요,314.306884765625,978.5809936523438,1854.625,679.0339965820312
MI3_240823_TY1_0825_2_V02-8_2,한국은행 제주본부 예금 및 대출금 혼합형에 대해 알려주세요,1265.5504150390625,2055.681396484375,892.088134765625,665.986572265625
MI3_240823_TY1_0825_3_V02-1_2,금융기관별 여신 차트(세로 막대형)에 대해 알려주세요,265.23388671875,2339.64892578125,929.2789306640625,613.71533203125
MI3_240823_TY1_0825_4_V01_1,T01 T02 T03 표에 대해 알려주세요,396.7773742675781,1139.4490966796875,1841.456787109375,579.4069213867188
MI3_240823_TY1_0825_5_V02-1_2,요구불예금 차트(세로 막대형)에 대해 알려주세요,1229.8865966796875,2350.1005859375,951.8579711914062,712.37939453125
MI3_240823_TY1_0825_6_V02-8_1,신용보증액 증감 추이에 대한 차트(꺾은선형)에 대해 알려주세요,467.11669921875,2214.998291015625,1567.6761474609375,968.8203125
MI3_240823_TY1_0830_1_V02-1_1,재무구조 관련 주요지표 차트(세로 막대형)에 대해 알려주세요,319.626953125,448.8004455566406,1821.34228515625,1004.9624633789062
MI3_240823_TY1_0830_2_V02-7_1,방사형에 대해 알려주세요,462.8116149902344,640.072265625,1464.292724609375,1205.79736328125
MI3_240823_TY1_0830_3_V01_1,환율 및 국제유가 추이에 대해 알려주세요,455.8494567871094,1741.70751953125,1726.7437744140625,364.732666015625
MI3_240823_TY1_0830_4_V01_1,매출액 관련 지표의 표에 대해 알려주세요,341.46826171875,1329.69091796875,1844.8052978515625,576.04296875
MI3_240823_TY1_0830_5_V02-7_1,제조업의 기업규모별 및 수출비중별 수익성 주요지표 차트(방사형)에 대해 알려주세요,458.0177307128906,1933.67041015625,1368.4647216796875,1138.4798583984375
MI3_240823_TY1_0830_6_V02-7_1,2005년중 제조업의 업종별 매출액증가율 비교 방사형에 대해 알려주세요,487.3079528808594,1761.700927734375,1518.684326171875,1276.6279296875
MI3_240823_TY1_0843_1_V02-4_1,제조업 생산 추이에 대해 알려주세요,399.52001953125,2316.6298828125,1691.060791015625,812.101318359375
MI3_240823_TY1_0843_2_V02-4_1,제조업 생산 추이에 대한 꺾은선형 차트에 대해 알려주세요,430.104248046875,2068.731201171875,1770.220947265625,957.097900390625
MI3_240823_TY1_0843_3_V02-8_1,기업대출 가계대출 추이에 대한 혼합형 차트에 대해 알려주세요,531.55712890625,1616.7918701171875,1569.7227783203125,1049.230712890625
MI3_240823_TY1_0843_4_V02-8_1,중소기업 대출금 추이 혼합형에 대해 알려주세요,515.7969360351562,1167.989013671875,1633.553955078125,928.3412475585938
MI3_240823_TY1_0843_5_V02-1_1,신용보증 추이 차트(세로 막대형)에 대해 알려주세요,523.7203979492188,1389.81689453125,1549.599365234375,831.57421875
MI3_240823_TY1_0843_6_V02-4_1,어음부도율 추이 꺾은선형에 대해 알려주세요,430.1871643066406,1299.25048828125,1613.0965576171875,772.671875
MI3_240823_TY1_0856_1_V02-4_1,I. 수출 동향 (가로 막대형) 차트에 대해 알려주세요,423.018310546875,2225.893798828125,1626.5263671875,734.4457397460938
MI3_240823_TY1_0856_2_V02-4_2,경매 유찰 건수 차트(꺾은선형)에 대해 알려주세요,1220.041015625,2400.31396484375,892.424072265625,550.9144897460938
MI3_240823_TY1_0856_3_V02-4_1,일본 GDP디플레이터 꺾은선형에 대해 알려주세요,404.5597839355469,839.1410522460938,1650.47509765625,794.5919799804688
MI3_240823_TY1_0856_5_V02-8_2,경제성장과 민간소비 추이 차트(혼합형)에 대해 알려주세요,300.3384704589844,1535.874755859375,889.3568115234375,687.7756958007812
MI3_240823_TY1_0856_6_V02-8_2,GDP 및 건설부문 추이에 대해 알려주세요,305.00628662109375,386.7976989746094,874.0119018554688,757.4314575195312
MI3_240823_TY1_0870_1_V01_1,06 07 95 00 05 연간에 대해 알려주세요,403.3798828125,1833.3238525390625,1670.931884765625,521.1063232421875
MI3_240823_TY1_0870_2_V01_1,은행권의 수신 추이에 대한 표에 대해 알려주세요,311.1844787597656,2237.301025390625,1854.1163330078125,844.239501953125
MI3_240823_TY1_0870_3_V01_1,대구·경북지역 증권사 주식 약정고 추이에 대해 알려주세요,293.4337158203125,2693.50830078125,1898.619873046875,329.890380859375
MI3_240823_TY1_0870_4_V01_1,대구·경북지역 금융기관 여신 추이에 대해 알려주세요,375.0932922363281,1481.97119140625,1731.471923828125,817.8319702148438
MI3_240823_TY1_0870_5_V01_2,T01 T02 지역별 은행 여수신 규모에 대해 알려주세요,416.36700439453125,727.3589477539062,1690.9173583984375,744.3467407226562
MI3_240823_TY1_0870_6_V01_1,전국 대구·경북 부산·경남 인구와 관련된 차트에 대해 알려주세요,437.0358581542969,2388.5341796875,1629.7623291015625,338.181396484375
MI3_240823_TY1_0906_1_V02-1_2,지역별 민간소비 증가율 차트(세로 막대형)에 대해 알려주세요,1246.0224609375,1888.449951171875,881.9883422851562,676.0770874023438
MI3_240823_TY1_0906_2_V02-1_1,강원 및 전국 1인당 개인소득 증가율 세로 막대형에 대해 알려주세요,309.911376953125,2286.34130859375,911.7642211914062,701.0184936523438
MI3_240823_TY1_0906_3_V02-6_1,누적소득 분포 분산형 차트에 대해 알려주세요,303.311279296875,1024.0950927734375,903.6327514648438,652.8463134765625
MI3_240823_TY1_0906_4_V02-4_2,가구주 연령별 가계부채 보유 비중 차트(꺾은선형)에 대해 알려주세요,311.3348693847656,1249.7208251953125,896.5228881835938,695.34033203125
MI3_240823_TY1_0906_5_V02-4_2,전국 1인 가구 연령별 구성 추이 꺾은선형 차트에 대해 알려주세요,1246.065673828125,990.50390625,897.7977294921875,645.111083984375
MI3_240823_TY1_0906_6_V02-4_2,강원 및 전국 비상용근로자 추이 차트(꺾은선형)에 대해 알려주세요,313.4076843261719,1203.4691162109375,912.9705810546875,701.672119140625
MI3_240823_TY1_0909_1_V01_1,강원지역 고용 지표1) 차트에 대해 알려주세요,223.25204467773438,678.090576171875,2038.8375244140625,830.5819091796875
MI3_240823_TY1_0909_2_V02-8_1,금융기관 여신 추이 차트(혼합형)에 대해 알려주세요,262.9736328125,2561.906494140625,953.6572875976562,580.8056030273438
MI3_240823_TY1_0909_3_V01_1,예금은행 수신 현황 표에 대해 알려주세요,233.35055541992188,1156.5662841796875,2035.05615234375,1087.1920166015625
MI3_240823_TY1_0909_4_V01_1,예금은행 여신 현황 표에 대해 알려주세요,232.6971893310547,1066.9542236328125,2011.72265625,1111.4398193359375
MI3_240823_TY1_0909_5_V02-8_1,비은행금융기관 수신 추이 차트(혼합형)에 대해 알려주세요,731.0015258789062,1938.8583984375,1042.569580078125,589.9686889648438
MI3_240823_TY1_0909_6_V02-8_1,비은행금융기관 여신 증감액 차트(혼합형)에 대해 알려주세요,713.5243530273438,1835.139404296875,1049.904052734375,578.83740234375
MI3_240823_TY1_0960_1_V01_1,화폐발행 및 환수 표에 대해 알려주세요,351.4194641113281,1250.8365478515625,1797.834228515625,549.8701171875
MI3_240823_TY1_0960_2_V01_1,강원지역 금융기관 여신 동향 표에 대해 알려주세요,360.4179992675781,1323.7508544921875,1831.924072265625,1444.1383056640625
MI3_240823_TY1_0960_3_V01_1,비은행기관 수신 동향에 대한 표에 대해 알려주세요,308.36572265625,1558.94482421875,1860.52294921875,964.864990234375
MI3_240823_TY1_0960_4_V01_1,비은행기관 여신 동향 차트(표) 에 대해 알려주세요,324.99127197265625,1431.1619873046875,1831.2716064453125,1035.3153076171875
MI3_240823_TY1_0960_5_V01_1,6. 증권사 수신에 대한 표에 대해 알려주세요,304.9076843261719,1609.1190185546875,1823.682861328125,1245.858154296875
MI3_240823_TY1_0960_6_V02-4_1,어음부도율 추이 꺾은선형에 대해 알려주세요,326.99615478515625,498.4527282714844,1760.5435791015625,961.7964477539062
MI3_240823_TY1_0967_1_V01_1,화폐발행 및 환수 표에 대해 알려주세요,346.739501953125,1250.588134765625,1808.16357421875,549.7215576171875
MI3_240823_TY1_0967_2_V01_1,2007년부터의 금융기관 여신 동향 차트(세로 막대형)에 대해 알려주세요,351.7512512207031,1335.6458740234375,1839.076904296875,1444.025390625
MI3_240823_TY1_0967_3_V01_1,비은행기관 수신 동향의 표에 대해 알려주세요,321.1787109375,1558.2415771484375,1835.3350830078125,966.086181640625
MI3_240823_TY1_0967_4_V01_1,비은행기관 여신 동향 차트(세로 막대형)에 대해 알려주세요,330.44158935546875,1525.32177734375,1814.92578125,1032.7998046875
MI3_240823_TY1_0967_5_V01_1,수익증권(펀드) 판매 동향 표에 대해 알려주세요,338.73773193359375,1704.3690185546875,1755.1368408203125,1109.271484375
MI3_240823_TY1_0967_6_V02-4_1,어음부도율 추이 꺾은선형에 대해 알려주세요,327.472412109375,501.52264404296875,1800.750732421875,960.3511962890625
MI3_240823_TY1_0996_1_V02-1_1,강원지역 금융기관 수신 증감액 추이 차트(세로 막대형)에 대해 알려주세요,292.3956604003906,2410.474609375,1955.157470703125,771.1010131835938
MI3_240823_TY1_0996_2_V01_1,예금은행 중소기업대출에 대해 알려주세요,365.8977966308594,2439.551513671875,1734.640869140625,543.662109375
MI3_240823_TY1_0996_3_V02-8_1,금융기관 주택대출 동향 혼합형에 대해 알려주세요,306.20770263671875,1434.818603515625,1854.6607666015625,813.0234375
MI3_240823_TY1_0996_4_V02-8_1,자산운용사 수신 추이 혼합형 차트에 대해 알려주세요,296.02685546875,1369.725830078125,1870.635498046875,749.7536010742188
MI3_240823_TY1_0996_5_V02-4_1,업종별 부도율 추세 꺾은선형 차트에 대해 알려주세요,290.87652587890625,417.88018798828125,1838.6329345703125,985.1253662109375
MI3_240823_TY1_0996_6_V02-1_1,신규부도업체수 추이 차트(세로 막대형)에 대해 알려주세요,302.0309753417969,393.660888671875,1910.830810546875,932.709716796875
MI3_240823_TY1_1003_1_V01_1,개성공단 조성사업 추진계획 표에 대해 알려주세요,325.88720703125,859.517578125,1505.513671875,1125.78759765625
MI3_240823_TY1_1003_2_V01_1,"개성, 중국, 한국 공업단지 사업 여건 비교 차트에 대해 알려주세요",306.7705078125,685.1461181640625,1530.8525390625,997.8585205078125
MI3_240823_TY1_1003_4_V02-1_1,T01 T02 T03 차트(세로 막대형)에 대해 알려주세요,338.55303955078125,288.3385314941406,1514.623046875,1578.528076171875
MI3_240823_TY1_1003_5_V02-4_5,전기전자기기 차트(꺾은선형)에 대해 알려주세요,354.8672790527344,321.6240234375,1419.7041015625,1730.1900634765625
MI3_240823_TY1_1003_6_V02-4_6,화학제품 꺾은선형에 대해 알려주세요,1092.094482421875,894.9491577148438,708.8076171875,509.9178771972656
MI3_240823_TY1_1039_1_V02-4_1,제조업 생산지수 꺾은선형에 대해 알려주세요,289.3201904296875,2382.215087890625,926.674072265625,739.56982421875
MI3_240823_TY1_1039_2_V02-4_1,제조업 생산·출하·재고 꺾은선형 차트에 대해 알려주세요,286.4957275390625,2313.53515625,927.4509887695312,752.6422729492188
MI3_240823_TY1_1039_3_V02-4_1,현재생활형편 CSI 꺾은선형에 대해 알려주세요,324.25439453125,2214.5078125,890.2377319335938,793.227294921875
MI3_240823_TY1_1039_4_V02-4_1,자본재 및 반도체·평판디스플레이 제조용 장비 수입 증감률 차트(꺾은선형)에 대해 알려주세요,326.9618835449219,2205.7138671875,891.36181640625,776.695068359375
MI3_240823_TY1_1039_5_V02-8_1,건설수주액 및 건축허가·착공면적 증감률 차트(혼합형)에 대해 알려주세요,305.3476257324219,2316.98388671875,940.2594604492188,736.98291015625
MI3_240823_TY1_1039_6_V02-4_1,수출입 증감률 꺾은선형에 대해 알려주세요,307.7120361328125,1668.0892333984375,902.529052734375,768.477783203125
MI3_240823_TY1_1052_1_V02-1_2,경기도 구직자 및 실업자 분해 결과 차트(세로 막대형)에 대해 알려주세요,1282.7667236328125,2504.306884765625,796.5313720703125,538.521728515625
MI3_240823_TY1_1052_2_V02-1_1,서울시 구직자 및 실업자 분해 결과 차트(세로 막대형)에 대해 알려주세요,447.7784423828125,2586.006103515625,777.24609375,508.378173828125
MI3_240823_TY1_1052_3_V02-1_1,수도권 구직자 및 실업자 분해 결과 차트(세로 막대형)에 대해 알려주세요,440.9533386230469,2433.96484375,769.9693603515625,544.775390625
MI3_240823_TY1_1052_4_V02-1_1,[그림 1] 경기도 구직자 및 실업자 분해 결과 차트(세로 막대형)에 대해 알려주세요,360.5924987792969,2222.234375,1744.99658203125,578.0947265625
MI3_240823_TY1_1052_5_V02-1_1,서울시 구직자 및 실업자 분해 결과 차트(세로 막대형)에 대해 알려주세요,406.2357482910156,2218.40673828125,807.9038696289062,530.58935546875
MI3_240823_TY1_1075_1_V02-4_1,포스코 철강생산량 증감률 꺾은선형에 대해 알려주세요,262.2269592285156,1724.3568115234375,925.7809448242188,705.6644287109375
MI3_240823_TY1_1075_2_V02-1_1,경북 동해안 수산물 생산량 차트(세로 막대형)에 대해 알려주세요,255.46575927734375,1177.4427490234375,953.2498168945312,713.63720703125
MI3_240823_TY1_1075_3_V02-1_1,경북동해안수입 차트(세로 막대형)에 대해 알려주세요,257.75543212890625,1102.5318603515625,924.5771484375,642.7779541015625
MI3_240823_TY1_1075_4_V02-4_1,경북동해안 승용차 순증 등록대수 차트(꺾은선형)에 대해 알려주세요,1323.179931640625,873.3304443359375,834.6949462890625,483.5517272949219
MI3_240823_TY1_1075_5_V02-4_1,포항 경주지역 소비자물가 변동률 차트(꺾은선형)에 대해 알려주세요,257.831787109375,750.5516967773438,879.6305541992188,503.0880126953125
MI3_240823_TY1_1075_6_V02-4_1,포항시 예금은행 수신 증감액 꺾은선형에 대해 알려주세요,292.4755554199219,409.09674072265625,1891.277099609375,534.9146728515625
MI3_240823_TY1_1083_1_V02-1_1,포스코 포항공장 철강생산량 차트(세로 막대형)에 대해 알려주세요,1258.93603515625,1637.3956298828125,855.5963134765625,731.7247314453125
MI3_240823_TY1_1083_2_V01_1,입도관광객수 통계에 대해 알려주세요,237.66473388671875,2668.797607421875,2006.6287841796875,368.217041015625
MI3_240823_TY1_1083_3_V02-1_1,경북동해안 단위당 수산물생산액 증감률 차트(세로 막대형)에 대해 알려주세요,318.541015625,1358.596923828125,884.2164306640625,733.4017333984375
MI3_240823_TY1_1083_4_V02-4_1,경북동해안지역 수입 증감률 꺾은선형에 대해 알려주세요,1266.2012939453125,720.8803100585938,880.0306396484375,641.5730590820312
MI3_240823_TY1_1083_5_V02-1_1,경북동해안 승용차 순증 등록대수 (천대) 세로 막대형에 대해 알려주세요,1258.447265625,1199.8233642578125,881.27294921875,642.1422119140625
MI3_240823_TY1_1083_6_V02-4_2,포항시 품목별 소비자물가 변동률 꺾은선형에 대해 알려주세요,319.0270080566406,1489.383056640625,869.8607177734375,699.735107421875
MI3_240823_TY1_1086_1_V01_1,화폐발행 및 환수 표에 대해 알려주세요,250.4044952392578,1116.4390869140625,1997.245361328125,478.6270446777344
MI3_240823_TY1_1086_2_V01_1,경북동해안지역 비은행금융기관의 수신과 관련된 데이터에 대해 알려주세요,290.444580078125,1311.4415283203125,1897.4844970703125,823.2843017578125
MI3_240823_TY1_1086_3_V01_1,경북동해안지역 비은행금융기관여신 시각요소에 대해 알려주세요,294.80084228515625,1125.66943359375,1895.189208984375,692.9447021484375
MI3_240823_TY1_1086_4_V01_1,어음부도율 및 부도금액에 대한 표에 대해 알려주세요,232.4972686767578,2237.1611328125,2019.9677734375,839.531982421875
MI3_240823_TY1_1086_5_V01_1,포항지역 수출입 표에 대해 알려주세요,250.2642059326172,1275.5142822265625,1991.828125,667.958984375
MI3_240823_TY1_1086_6_V01_2,포항지역 백화점 및 대형마트 판매액 증감률 표에 대해 알려주세요,260.16094970703125,1660.2147216796875,1982.8079833984375,592.2220458984375
MI3_240823_TY1_1115_1_V02-8_1,금융기관 수신 및 여신 혼합형에 대해 알려주세요,483.862060546875,1655.702392578125,1500.396484375,553.7626953125
MI3_240823_TY1_1115_2_V02-4_1,소비자물가 상승률 추이 꺾은선형에 대해 알려주세요,347.3258361816406,400.8011169433594,1826.92578125,789.798095703125
MI3_240823_TY1_1115_3_V02-1_1,화폐발행 및 환수 차트(세로 막대형)에 대해 알려주세요,488.0728454589844,1303.5537109375,1467.63330078125,635.3340454101562
MI3_240823_TY1_1115_4_V02-4_1,한국은행 예금 및 대출금 잔액 추이 꺾은선형 차트에 대해 알려주세요,520.8405151367188,1228.7071533203125,1470.60693359375,635.4921264648438
MI3_240823_TY1_1115_5_V01_1,신용보증현황 표에 대해 알려주세요,463.52935791015625,1971.9697265625,1603.5517578125,906.1566772460938
MI3_240823_TY1_1115_6_V02-4_1,어음부도율 추이 꺾은선형에 대해 알려주세요,476.8295593261719,1163.674072265625,1612.5445556640625,846.3577880859375
MI3_240823_TY1_1122_1_V02-4_1,대구경북지역 미분양주택 현황 꺾은선형 차트에 대해 알려주세요,462.4635009765625,1538.845458984375,1523.94873046875,770.7201538085938
MI3_240823_TY1_1122_2_V02-8_1,라. 수출 및 수입에 대한 혼합형 차트에 대해 알려주세요,504.4442443847656,1585.5516357421875,1648.9407958984375,1149.3514404296875
MI3_240823_TY1_1122_3_V01_1,기업 자금조달 관련 데이터의 차트에 대해 알려주세요,356.74334716796875,566.7611083984375,1785.3857421875,1065.450927734375
MI3_240823_TY1_1122_4_V01_1,16.4월말 15.11월 표에 대해 알려주세요,350.287109375,711.3253173828125,1776.0712890625,2264.7763671875
MI3_240823_TY1_1122_5_V01_1,생산 및 고용 관련지표 차트에 대해 알려주세요,295.37518310546875,1982.20068359375,1900.6944580078125,876.7449340820312
MI3_240823_TY1_1126_1_V01_1,대구경북지역 미분양주택 현황과 관련된 표에 대해 알려주세요,380.73541259765625,2382.3544921875,1713.3221435546875,493.6845703125
MI3_240823_TY1_1126_2_V02-8_1,대구경북지역 수출입에 대한 혼합형 차트에 대해 알려주세요,454.236083984375,1814.488525390625,1740.784423828125,1023.2179565429688
MI3_240823_TY1_1126_3_V02-8_1,가계 실질구매력 차트(혼합형)에 대해 알려주세요,360.5683288574219,1967.8211669921875,892.3782958984375,718.4981079101562
MI3_240823_TY1_1126_4_V02-8_2,제조업 평균가동률과 재고율 차트(혼합형)에 대해 알려주세요,358.3209533691406,1388.310791015625,881.1151733398438,646.408447265625
MI3_240823_TY1_1126_5_V02-4_1,글로벌 IT 성장률 꺾은선형에 대해 알려주세요,373.1800537109375,597.5357055664062,852.9969482421875,667.6371459960938
MI3_240823_TY1_1126_6_V02-8_1,아파트 분양물량 및 착공면적 차트(혼합형)에 대해 알려주세요,355.0556335449219,554.3460693359375,885.824951171875,692.7122192382812
MI3_240823_TY1_1132_1_V01_1,제조업 출하 및 재고 증감률에 대해 알려주세요,340.2931823730469,738.91162109375,1797.709716796875,971.5185546875
MI3_240823_TY1_1132_2_V02-4_1,미분양주택 꺾은선형 차트에 대해 알려주세요,526.2395629882812,1542.76416015625,1428.013427734375,737.4583740234375
MI3_240823_TY1_1132_3_V02-8_1,대구경북지역 수출입에 대한 혼합형 차트에 대해 알려주세요,468.2781066894531,1688.00439453125,1561.5208740234375,909.6016845703125
MI3_240823_TY1_1132_4_V01_1,물가 및 부동산가격 소비자물가 상승률 차트(세로 막대형)에 대해 알려주세요,342.7210998535156,1371.502685546875,1795.470703125,1545.502685546875
MI3_240823_TY1_1132_5_V01_1,10월중 은행 수신과 관련된 표에 대해 알려주세요,361.35931396484375,1899.189697265625,1770.2904052734375,1025.4305419921875
MI3_240823_TY1_1132_6_V01_1,기업1) 자금조달 및 가계대출에 대해 알려주세요,353.1797790527344,858.249755859375,1783.8944091796875,1629.5958251953125
MI3_240823_TY1_1141_1_V01_2,한국은행 예금 및 대출금 표에 대해 알려주세요,299.7054138183594,2704.234130859375,1925.1307373046875,372.27978515625
MI3_240823_TY1_1141_2_V01_1,금융기관 수신에 대한 데이터의 내용을 기반으로 차트 타입에 대해 알려주세요,281.01556396484375,511.33349609375,1962.8427734375,2223.8505859375
MI3_240823_TY1_1141_3_V01_2,예금은행의 산업별 대출 표에 대해 알려주세요,282.3459167480469,2636.281982421875,1955.934326171875,490.7426452636719
MI3_240823_TY1_1141_4_V01_1,자금사정 지표에 대한 표에 대해 알려주세요,308.4879455566406,1855.7994384765625,1935.93310546875,995.6964111328125
MI3_240823_TY1_1141_5_V01_1,4. 대외거래에 대한 시각요소(표)에 대해 알려주세요,313.6959228515625,1504.860595703125,1901.872802734375,1417.2412109375
MI3_240823_TY1_1141_6_V01_1,소비자물가 에 대해 알려주세요,302.2885437011719,1781.604736328125,1946.4300537109375,1119.532470703125
MI3_240823_TY1_1153_1_V01_1,제조업 생산지수 표에 대해 알려주세요,304.1960754394531,1371.499267578125,1868.9979248046875,1046.591796875
MI3_240823_TY1_1153_2_V01_1,대형소매점 판매액지수 표에 대해 알려주세요,305.02691650390625,1432.12939453125,1870.324951171875,628.481689453125
MI3_240823_TY1_1153_3_V02-8_1,건설수주액 및 건축허가·착공면적 증감률 차트(혼합형)에 대해 알려주세요,401.47552490234375,2378.1025390625,1660.881591796875,710.349365234375
MI3_240823_TY1_1153_4_V02-8_1,고용률 및 취업자수 증감 차트(혼합형)에 대해 알려주세요,406.9270935058594,2316.316162109375,1672.7222900390625,759.4345092773438
MI3_240823_TY1_1153_5_V01_1,주택가격 상승률 표에 대해 알려주세요,289.7940979003906,1407.2337646484375,1922.692626953125,770.98974609375
MI3_240823_TY1_1153_6_V02-8_1,T04에 대해 알려주세요,400.9294738769531,2230.114990234375,1688.1962890625,744.10546875
MI3_240823_TY1_1168_1_V02-8_2,금융기관 여신 총합과 변화 추이에 대해 알려주세요,241.2523193359375,2432.931884765625,933.9927368164062,702.8037109375
MI3_240823_TY1_1168_2_V02-8_1,경북동해안지역 어음부도율 및 부도업체수 추이에 대해 알려주세요,242.9696807861328,2320.200927734375,1960.984375,794.1728515625
MI3_240823_TY1_1168_3_V02-4_1,포스코 포항공장 및 철강공단 생산추이 꺾은선형에 대해 알려주세요,1254.9298095703125,2290.26806640625,881.4287109375,743.687255859375
MI3_240823_TY1_1168_4_V02-4_1,소비자물가 기타 실물간이지표 꺾은선형에 대해 알려주세요,286.1391906738281,1266.665771484375,1877.8955078125,761.8611450195312
MI3_240823_TY1_1168_5_V01_2,한국은행 예금 및 대출 추이에 대해 알려주세요,331.2167663574219,2762.422119140625,1902.4423828125,425.03271484375
MI3_240823_TY1_1168_6_V01_1,경북동해안지역 금융기관 여수신 추이 차트(세로 막대형)에 대해 알려주세요,298.0344543457031,2301.0537109375,1875.3668212890625,773.6728515625
MI3_240823_TY1_1170_1_V02-1_1,대구·경북지역 금융기관의 수신과 여신 변화와 관련된 세로 막대형 차트에 대해 알려주세요,417.71600341796875,2069.948974609375,1595.2291259765625,743.054931640625
MI3_240823_TY1_1170_2_V02-1_1,금융기관 여신 차트(세로 막대형)에 대해 알려주세요,415.5325622558594,1529.477294921875,1583.3411865234375,794.0570068359375
MI3_240823_TY1_1170_3_V02-4_1,어음부도율 꺾은선형에 대해 알려주세요,424.24609375,2036.1524658203125,1583.6065673828125,730.4324951171875
MI3_240823_TY1_1170_4_V02-8_1,대형소매점 매출 차트(혼합형)에 대해 알려주세요,450.4096984863281,2225.783203125,756.4943237304688,619.350341796875
MI3_240823_TY1_1170_5_V02-8_1,제조업 생산 변화에 대해 알려주세요,414.734130859375,2386.078125,1635.298095703125,488.7451171875
MI3_240823_TY1_1170_6_V02-8_3,수입액 혼합형에 대해 알려주세요,1270.820556640625,2272.14501953125,768.237548828125,626.82666015625
MI3_240823_TY1_1170_7_V02-8_2,소비자물가 혼합형 차트에 대해 알려주세요,407.0977783203125,1056.8572998046875,1617.47705078125,697.4598388671875
MI3_240823_TY1_1188_1_V02-8_1,장기보유주식 매각 추이에 대해 알려주세요,399.281982421875,1845.4193115234375,816.6168823242188,527.2357177734375
MI3_240823_TY1_1188_2_V02-4_1,G-SIFIs 보통주자본 비율 차트(꺾은선형)에 대해 알려주세요,461.7156066894531,1795.1490478515625,817.4000854492188,456.0110778808594
MI3_240826_TY1_0013_1_V02-8_1,금융기관 수신 차트(혼합형)에 대해 알려주세요,480.281494140625,1825.144287109375,1496.4989013671875,1044.285400390625
MI3_240826_TY1_0013_2_V02-8_1,2005년 5월중 금융기관 여신에 대한 혼합형 차트에 대해 알려주세요,502.58184814453125,1835.774169921875,1365.45703125,1046.85107421875
MI3_240826_TY1_0013_3_V02-4_1,2005년 5월중 어음부도율에 대해 알려주세요,435.87689208984375,1793.9940185546875,1548.8115234375,1148.0113525390625
MI3_240826_TY1_0013_4_V02-4_1,제조업 생산·출하·재고 꺾은선형 차트에 대해 알려주세요,488.51629638671875,2062.776123046875,1487.54345703125,972.996337890625
MI3_240826_TY1_0013_5_V02-8_1,"2005년 5월중 수출, 큰폭 증가 및 수출입과 관련된 혼합형 차트에 대해 알려주세요",471.7920227050781,2079.08447265625,1542.2723388671875,887.9891967773438
MI3_240826_TY1_0013_6_V02-8_1,소비자물가와 관련된 혼합형 차트에 대해 알려주세요,472.5082092285156,1917.844482421875,1478.141845703125,889.89697265625
MI3_240826_TY1_0021_1_V01_1,I. 금융동향 1. 화폐발행 및 환수 차트에 대해 알려주세요,244.59674072265625,1205.4041748046875,1993.75439453125,405.7685546875
MI3_240826_TY1_0021_2_V01_1,경북동해안지역 예금은행 수신 추이에 대해 알려주세요.,301.424560546875,2172.08056640625,1881.3983154296875,922.457763671875
MI3_240826_TY1_0021_3_V01_1,여신합계와 금융자금의 변화 추세에 대해 알려주세요.,259.1746826171875,2011.266845703125,1968.5830078125,1094.42431640625
MI3_240826_TY1_0021_4_V01_1,경북동해안지역 비은행기관 여신합계 차트에 대해 알려주세요,281.2456359863281,1955.016845703125,1917.5050048828125,573.92333984375
MI3_240826_TY1_0021_5_V01_1,"6. 자금사정 (%, 백만원) 차트에 대해 알려주세요",231.15261840820312,2266.150634765625,2044.374755859375,919.856689453125
MI3_240826_TY1_0021_6_V01_1,Ⅱ. 실물동향 1. 생산 포스코 및 포항철강공단 생산 추이에 대해 알려주세요,287.99847412109375,1195.3271484375,1905.32958984375,807.6747436523438
MI3_240826_TY1_0023_1_V01_1,2. 주요 공단동향 및 창원국가산업단지의 경제지표 추이에 대해 알려주세요.,478.1649475097656,2129.313232421875,1504.4176025390625,1049.0205078125
MI3_240826_TY1_0023_2_V01_1,고용 및 실업률 추이에 대한 표에 대해 알려주세요,511.0240478515625,1620.905517578125,1477.1693115234375,1315.8359375
MI3_240826_TY1_0023_3_V01_1,주택가격에 대한 전월비 (%) 데이터와 차트에 대해 알려주세요.,456.3309020996094,1346.55078125,1560.330322265625,1332.8095703125
MI3_240826_TY1_0023_4_V01_1,Ⅱ. 금융동향 1. 금융기관 여·수신 금융기관 여·수신 동향 추이에 대해 알려주세요,451.267333984375,2214.679443359375,1561.9278564453125,754.22607421875
MI3_240826_TY1_0023_5_V01_1,예금은행 대출금 추이에 대해 알려주세요.,454.3089599609375,2118.923828125,1579.9869384765625,949.30029296875
MI3_240826_TY1_0023_6_V01_1,비은행기관 여신 추이에 대해 알려주세요,455.5833740234375,1791.5556640625,1566.42041015625,917.0521850585938
MI3_240826_TY1_0053_1_V02-8_1,금융기관 수신 증감액 추이 혼합형에 대해 알려주세요,279.5781555175781,2041.9429931640625,942.4029541015625,952.7031860351562
MI3_240826_TY1_0053_2_V02-8_1,경북동해안지역 어음부도율 및 부도업체수 추이에 대해 알려주세요,295.1017761230469,2171.30126953125,1884.2783203125,996.85302734375
MI3_240826_TY1_0053_3_V01_1,I. 금융동향 화폐발행 및 환수추이 차트(세로 막대형)에 대해 알려주세요,249.90176391601562,1151.244873046875,1993.39111328125,492.988525390625
MI3_240826_TY1_0053_4_V01_1,경북동해안지역 예금은행 수신추이와 관련된 자료에 대해 알려주세요.,243.62881469726562,1780.6903076171875,1996.8331298828125,1108.5455322265625
MI3_240826_TY1_0053_5_V01_1,의 본문에서 다루는 여신 합계와 관련된 자료를 기반으로 한 표에 대해 알려주세요.,236.1923065185547,1841.998046875,2009.335693359375,1248.7886962890625
MI3_240826_TY1_0053_6_V01_1,경북동해안지역 비은행기관 여신 추이에 대한 차트(표) 정보를 알려주세요,244.31529235839844,1165.2152099609375,2002.8682861328125,786.631591796875
MI3_240826_TY1_0091_1_V01_1,I. 금융동향 1. 화폐발행 및 환수 추이에 대해 알려주세요,249.6829071044922,1151.4581298828125,1993.26953125,492.780517578125
MI3_240826_TY1_0091_2_V01_1,경북동해안지역 예금은행 수신합계에 대한 차트(세로 막대형)에 대해 알려주세요,232.66082763671875,1779.240234375,2012.7891845703125,1108.667724609375
MI3_240826_TY1_0091_3_V01_1,"제목에 해당하는 내용과 관련하여 여신 합계와 금융자금, 재정자금의 변화 추세를 보여주는 표에 대해 알려주세요.",228.15609741210938,1754.1181640625,2018.4202880859375,1248.5321044921875
MI3_240826_TY1_0091_4_V01_1,경북동해안지역 비은행기관 여신 추이에 대해 알려주세요,234.25143432617188,1238.8924560546875,2022.2066650390625,692.97802734375
MI3_240826_TY1_0091_5_V01_1,에 대한 시각요소 제목의 표에 대해 알려주세요,242.124755859375,2079.212646484375,1995.231201171875,1120.537353515625
MI3_240826_TY1_0091_6_V01_1,Ⅱ. 실물동향 1. 생산 포스코 및 포항철강공단 생산 추이 (%)에 대해 알려주세요,243.60997009277344,1157.582275390625,1997.3411865234375,888.52783203125
MI3_240826_TY1_0122_1_V02-8_1,제조업 생산지수(혼합형)에 대해 알려주세요,320.50775146484375,1496.6038818359375,1840.7183837890625,618.4957275390625
MI3_240826_TY1_0122_2_V01_1,이 문서에서는 창원국가산업단지 생산액 및 가동률에 대한 표에 대해 알려주세요.,333.4238586425781,1223.0440673828125,1854.627197265625,749.962158203125
MI3_240826_TY1_0122_3_V02-4_1,제목에 따르면 재고순환지표 및 재고출하비율에 대해 알려주세요,357.50506591796875,1381.2581787109375,1802.605224609375,665.6988525390625
MI3_240826_TY1_0122_4_V02-8_1,대형소매점 판매액 혼합형에 대해 알려주세요,331.1540222167969,1407.0675048828125,1790.64990234375,747.0903930664062
MI3_240826_TY1_0122_5_V02-8_1,업종별 취업자수 증감추이 혼합형에 대해 알려주세요,322.1250305175781,2404.903076171875,910.9743041992188,685.66650390625
MI3_240826_TY1_0122_6_V02-8_1,4. 물가 및 부동산가격에 대한 혼합형 차트에 대해 알려주세요,1264.36181640625,1796.4483642578125,928.3980712890625,669.0791625976562
MI3_240826_TY1_0132_1_V02-4_1,중국 본토 위안화 자금의 홍콩 유입과 홍콩달러 및 위안화의 대미달러 환율 추이에 대해 알려주세요,325.9519348144531,1253.51123046875,1804.923828125,860.3053588867188
MI3_240826_TY1_0132_2_V02-4_2,미국 원유 생산량 차트(꺾은선형)에 대해 알려주세요,356.6220397949219,1870.244873046875,857.5196533203125,476.665283203125
MI3_240826_TY1_0132_3_V02-4_1,V. 최근 미 금융시장 변동성 완화의 배경 및 평가에 대해 알려주세요,595.4241943359375,1054.228515625,1270.4166259765625,581.8460693359375
MI3_240826_TY1_0132_4_V02-4_4,본문에서 PMI 및 산업생산 관련 지표의 꺾은선형에 대해 알려주세요,257.8582763671875,2623.316650390625,626.5206298828125,473.76904296875
MI3_240826_TY1_0132_5_V02-4_2,에 대한 전년동기비 %꺾은선형에 대해 알려주세요,324.5999450683594,1525.802490234375,888.0941162109375,589.970703125
MI3_240826_TY1_0132_6_V02-8_2,실업자수 및 실업률 추이 혼합형에 대해 알려주세요,398.0454406738281,1716.18798828125,1674.3221435546875,556.5338134765625
MI3_240826_TY1_0140_1_V01_2,III. 국내 및 전북의 중소기업 정책자금 현황과 문제점에 대해 알려주세요,408.0917663574219,1620.875,1752.831298828125,552.339111328125
MI3_240826_TY1_0140_2_V01_2,중소기업대출비율제도 제목 차트(세로 막대형)에 대해 알려주세요,349.6955261230469,2637.1591796875,1764.7603759765625,386.660888671875
MI3_240826_TY1_0140_3_V02-3_2,기업경영형태(2) 원형에 대해 알려주세요,440.96905517578125,1738.926513671875,1615.89990234375,582.5144653320312
MI3_240826_TY1_0140_4_V02-3_1,2016-01 한국은행 전북본부 (그림 6) 기업경영애로 및 자금 사정 차트(원형)에 대해 알려주세요,377.88470458984375,1353.8328857421875,1702.787109375,611.742431640625
MI3_240826_TY1_0140_5_V02-3_1,전북지역 중소기업 정책자금 현황과 정책자금 지원조건별 만족도 차트에 대해 알려주세요,370.8280944824219,557.311279296875,1721.66943359375,1964.3758544921875
MI3_240826_TY1_0140_6_V02-3_1,전북지역 중소기업 정책자금 현황과 효과와 문제점 차트(원형)에 대해 알려주세요,450.690185546875,558.6304931640625,1590.013916015625,1864.8582763671875
MI3_240826_TY1_0155_1_V02-3_1,개 황 금융기관 수신 비중 차트(원형)에 대해 알려주세요,368.9013366699219,2242.4072265625,872.7418212890625,567.748779296875
MI3_240826_TY1_0155_2_V02-8_1,금융기관별 여신 비중 혼합형에 대해 알려주세요,395.57574462890625,1975.2247314453125,1733.8681640625,707.3250122070312
MI3_240826_TY1_0155_3_V02-8_1,건축착공면적 및 건축허가면적에 대해 알려주세요,289.6556091308594,2514.887451171875,1926.19384765625,639.885986328125
MI3_240826_TY1_0155_4_V02-8_1,대형소매점 판매 및 승용차 신규 등록대수 차트(혼합형)에 대해 알려주세요,322.1965026855469,1159.123291015625,1829.044677734375,610.5511474609375
MI3_240826_TY1_0155_5_V02-8_2,소비자물가 상승률에 관한 차트에 대해 알려주세요.,338.1393737792969,652.9609375,1825.5142822265625,618.8408813476562
MI3_240826_TY1_0155_6_V02-8_1,제목에 대한 매매가격과 전세가격 상승률을 포함한 혼합형 차트에 대해 알려주세요,281.171630859375,513.9456787109375,1900.181396484375,636.9503173828125
MI3_240826_TY1_0170_1_V01_1,2002년 9월중의 화폐발행액과 화폐환수액에 대해 알려주세요,350.0522766113281,2343.076904296875,1771.5028076171875,592.731689453125
MI3_240826_TY1_0170_2_V01_1,이 문서에서 다루고 있는 본문에 대한 표와 관련된 내용에 대해 알려주세요.,233.3909149169922,2135.690673828125,1913.0106201171875,1061.270751953125
MI3_240826_TY1_0170_3_V01_1,이 문서에서 2002년 8월말 금융자금에 대한 데이터와 그래프 형식에 대해 알려주세요.,326.83648681640625,1811.1146240234375,1823.5062255859375,906.9641723632812
MI3_240826_TY1_0170_4_V01_1,에 대한유형의 그래프에 대해 알려주세요,293.4965515136719,1705.353271484375,1852.2310791015625,958.8489990234375
MI3_240826_TY1_0170_5_V01_1,신용보증 추이와 관련된 데이터의 표에 대해 알려주세요,344.172607421875,1599.69580078125,1895.9478759765625,1005.072021484375
MI3_240826_TY1_0170_6_V01_1,에 대한 본문 내용을 바탕으로 전월대비와 전년동월대비 지수를 나타내는 표에 대해 알려주세요.,343.90130615234375,1707.9244384765625,1817.1197509765625,1422.4234619140625
MI3_240826_TY1_0178_1_V02-3_1,2016년 2월말 현재 금융기관 수신 비중 차트에 대해 알려주세요,1312.263916015625,2241.896240234375,742.4771728515625,508.9208679199219
MI3_240826_TY1_0178_2_V02-8_1,금융기관별 여신 비중 혼합형에 대해 알려주세요,359.582275390625,1974.8780517578125,1760.0078125,727.1822509765625
MI3_240826_TY1_0178_3_V02-8_1,건축허가면적 및 건축착공면적 혼합형에 대해 알려주세요,326.10345458984375,2512.578125,1867.229248046875,590.64111328125
MI3_240826_TY1_0178_4_V02-8_1,대형소매점 판매 및 승용차 신규 등록대수 혼합형에 대해 알려주세요,340.5427551269531,1175.2449951171875,1833.7271728515625,596.64599609375
MI3_240826_TY1_0178_5_V02-8_1,소비자물가 상승률에 대해 알려주세요,353.7890319824219,709.83203125,1830.142822265625,606.90478515625
MI3_240826_TY1_0178_6_V02-8_1,아파트가격 상승률 차트(혼합형)에 대해 알려주세요,295.6611328125,2613.624755859375,1872.856201171875,588.6388549804688
MI3_240826_TY1_0180_1_V02-3_1,총수신 원형에 대해 알려주세요,1313.314697265625,2218.500244140625,782.2164306640625,558.63916015625
MI3_240826_TY1_0180_2_V02-8_1,금융기관 여신 비중 혼합형에 대해 알려주세요,359.88531494140625,1975.6614990234375,1728.0506591796875,725.997314453125
MI3_240826_TY1_0180_3_V02-4_1,제조업 생산 꺾은선형에 대해 알려주세요,342.8258972167969,1065.486083984375,1853.044921875,589.6429443359375
MI3_240826_TY1_0180_4_V02-8_1,대형소매점 판매 및 승용차 신규 등록대수 차트(혼합형)에 대해 알려주세요,340.3998107910156,2500.685546875,1834.9312744140625,588.051025390625
MI3_240826_TY1_0180_5_V02-8_2,소비자물가 상승률 혼합형에 대해 알려주세요,340.0369873046875,2031.050048828125,1835.0858154296875,596.0912475585938
MI3_240826_TY1_0180_6_V02-8_1,아파트가격 상승률에 대해 알려주세요,322.2978515625,1105.131591796875,1872.5570068359375,594.6607666015625
MI3_240826_TY1_0185_1_V02-8_1,2016년 10월중 광주·전남지역 화폐발행액과 환수액에 대한 막대형 차트에 대해 알려주세요,366.6251220703125,2244.113525390625,877.813720703125,589.250244140625
MI3_240826_TY1_0185_2_V02-3_1,금융기관 여신 원형에 대해 알려주세요,334.2087707519531,2017.6229248046875,1793.161376953125,749.3536376953125
MI3_240826_TY1_0185_3_V02-4_1,제조업 생산 꺾은선형에 대해 알려주세요,348.8199157714844,1044.179931640625,1842.8262939453125,650.7649536132812
MI3_240826_TY1_0185_4_V02-8_2,광주 및 전남의 수출 혼합형 차트에 대해 알려주세요,339.1288757324219,1174.0087890625,1820.0623779296875,657.4754638671875
MI3_240826_TY1_0185_5_V02-8_2,소비자물가 상승률과 관련된 차트에 대해 알려주세요,341.4460144042969,2051.56103515625,1814.628173828125,654.849365234375
MI3_240826_TY1_0185_6_V02-8_1,아파트가격 상승률 혼합형에 대해 알려주세요,330.1494140625,1080.3167724609375,1857.86962890625,645.248291015625
MI3_240826_TY1_0186_1_V02-3_1,개 황 금융기관별 자산운용사 종금+신탁회사 원형에 대해 알려주세요,365.3378601074219,2161.025634765625,883.6219482421875,590.3273315429688
MI3_240826_TY1_0186_2_V02-8_1,금융기관 여신 (기말잔액) 혼합형에 대해 알려주세요,334.7651672363281,2018.1138916015625,1789.813720703125,748.8174438476562
MI3_240826_TY1_0186_3_V02-8_1,제조업 생산 혼합형에 대해 알려주세요,302.05352783203125,2523.05078125,1887.2005615234375,649.364501953125
MI3_240826_TY1_0186_4_V02-8_1,대형소매점 판매 및 승용차 신규 등록대수 혼합형에 대해 알려주세요,338.79901123046875,1099.0850830078125,1823.894287109375,649.052001953125
MI3_240826_TY1_0186_5_V02-8_2,소비자물가 상승률에 대한 혼합형 차트에 대해 알려주세요,353.5910949707031,761.7857055664062,1816.0511474609375,644.6041870117188
MI3_240826_TY1_0186_6_V02-8_2,실업률 및 취업자수에 대해 알려주세요,329.887939453125,1080.108642578125,1858.2332763671875,645.4163818359375
MI3_240826_TY1_0190_1_V02-8_1,금융기관 수신 관련 혼합형 차트에 대해 알려주세요.,366.1235656738281,2160.831298828125,886.9859008789062,590.335205078125
MI3_240826_TY1_0190_2_V02-8_1,금융기관별 여신 비중 혼합형에 대해 알려주세요,334.40020751953125,2018.2371826171875,1807.1085205078125,748.3425903320312
MI3_240826_TY1_0190_3_V02-8_1,건축허가면적 및 건축착공면적에 대한 혼합형 차트에 대해 알려주세요,348.30462646484375,1044.2191162109375,1844.03369140625,650.7353515625
MI3_240826_TY1_0190_4_V02-8_1,대형소매점 판매 및 승용차 신규 등록대수 혼합형에 대해 알려주세요,337.1517028808594,1114.4583740234375,1821.0369873046875,653.6851806640625
MI3_240826_TY1_0190_5_V02-8_2,O 소비자물가 등락률에 대한 차트(혼합형)에 대해 알려주세요,340.892578125,2051.467041015625,1816.247314453125,654.142822265625
MI3_240826_TY1_0190_6_V02-8_2,실업률 및 취업자수 혼합형에 대해 알려주세요,296.859130859375,2618.665771484375,1855.18212890625,643.3165893554688
MI3_240826_TY1_0193_1_V02-3_1,2017년 4월말 현재 금융기관별 수신 비중에 대한 원형 차트에 대해 알려주세요.,1316.6458740234375,2172.06884765625,800.048828125,551.3161010742188
MI3_240826_TY1_0193_2_V02-4_1,어음부도율 꺾은선형에 대해 알려주세요,331.8432312011719,2015.4407958984375,1779.34375,752.1798095703125
MI3_240826_TY1_0193_3_V02-8_1,건축허가면적 및 건축착공면적에 대해 알려주세요,348.6821594238281,1044.2520751953125,1842.231201171875,650.5245361328125
MI3_240826_TY1_0193_4_V02-8_2,수출 혼합형에 대해 알려주세요,335.8240051269531,2572.73193359375,1831.118896484375,642.435546875
MI3_240826_TY1_0193_5_V02-8_2,소비자물가 등락률에 대해 알려주세요.,341.76544189453125,2052.61767578125,1817.6202392578125,653.4472045898438
MI3_240826_TY1_0193_6_V02-8_2,실업률 및 취업자수 차트(혼합형)에 대해 알려주세요,330.6520080566406,1080.1956787109375,1856.742919921875,645.1616821289062
MI3_240826_TY1_0200_1_V01_1,광주전남지역 금융의 현황과 활성화 방안 표에 대해 알려주세요,352.18035888671875,469.2798156738281,1805.7686767578125,1684.2518310546875
MI3_240826_TY1_0200_2_V01_1,2015-02 한국은행 광주전남본부에 대해 알려주세요,347.70904541015625,1442.8828125,1841.0338134765625,836.077880859375
MI3_240826_TY1_0200_3_V02-1_3,광주전남지역 금융의 현황과 활성화 방안 차트(세로 막대형)에 대해 알려주세요,363.85797119140625,1532.1431884765625,1591.9615478515625,653.4073486328125
MI3_240826_TY1_0200_4_V02-1_3,광주전남지역 금융의 현황과 활성화 방안 차트(세로 막대형)에 대해 알려주세요,371.22796630859375,2415.940673828125,1669.451416015625,657.052001953125
MI3_240826_TY1_0200_5_V01_1,2015-02 한국은행 광주전남본부와 관련된 구분 연도 전국 서울 부산 대구 인천 광주 대전 울산의 평균에 대해 알려주세요,344.59405517578125,1310.90576171875,1770.7313232421875,1550.246826171875
MI3_240826_TY1_0200_6_V01_1,본 연구의 결론 부분에서 신용보증과 관련된 분석 결과에 대해 알려주세요.,353.393310546875,559.4190673828125,1781.509033203125,751.3692626953125
MI3_240826_TY1_0223_1_V01_1,"I. 금융동향단위 : 억원, %에 대해 알려주세요",465.2445068359375,2593.183349609375,1610.7550048828125,485.318603515625
MI3_240826_TY1_0223_2_V02-4_1,한국은행 예금 및 대출금 잔액 추이 차트(꺾은선형)에 대해 알려주세요,420.2116394042969,1368.356689453125,1715.7276611328125,799.9288940429688
MI3_240826_TY1_0223_3_V02-8_1,금융기관 예수금 증감 추이 혼합형 차트에 대해 알려주세요,495.04150390625,2043.1051025390625,1640.26513671875,768.1744384765625
MI3_240826_TY1_0223_4_V02-8_1,금융기관 여신 증감 추이 혼합형에 대해 알려주세요,435.55450439453125,1234.5802001953125,1631.653076171875,769.7154541015625
MI3_240826_TY1_0223_5_V02-8_1,중소기업 대출금 추이 혼합형에 대해 알려주세요,428.8227844238281,1190.011474609375,1689.0806884765625,785.8535766601562
MI3_240826_TY1_0223_6_V02-4_1,자금사정 관련 지표의 꺾은선형 차트에 대해 알려주세요,467.1875,1325.2623291015625,1569.633544921875,842.8115844726562
MI3_240826_TY1_0223_7_V02-3_1,금융기관별 예수금 및 여신 비중에 대해 알려주세요,776.482177734375,605.626708984375,977.55419921875,972.9987182617188
MI3_240826_TY1_0226_1_V01_1,금융기관의 소유형태가 경영성과에 미치는 영향에 대해 알려주세요,690.385009765625,2115.1611328125,1138.190185546875,573.862060546875
MI3_240826_TY1_0226_2_V01_1,금융기관의 소유형태가 경영성과에 미치는 영향 본문 표에 대해 알려주세요,401.5632629394531,553.7255859375,1713.790283203125,571.9400024414062
MI3_240826_TY1_0226_3_V01_1,금융기관의 소유형태가 경영성과에 미치는 영향 표에 대해 알려주세요.,344.0798034667969,542.026123046875,1761.003662109375,1676.345703125
MI3_240826_TY1_0226_4_V01_1,유럽협동조합은행의 상호지원 유형과 관련된 표에 대해 알려주세요,345.52294921875,2140.93896484375,1790.645751953125,527.109375
MI3_240826_TY1_0226_6_V01_1,금융기관의 소유형태가 경영성과에 미치는 영향 표에 대해 알려주세요,348.31060791015625,1505.2958984375,1761.7901611328125,1210.7169189453125
MI3_240826_TY1_0232_1_V02-1_1,금융기관 수신 차트(세로 막대형)에 대해 알려주세요,569.0266723632812,1877.7276611328125,1419.0126953125,913.2073974609375
MI3_240826_TY1_0232_2_V02-1_1,제목에 관련된 월 중 증감액을 보여주는 차트(세로 막대형)에 대해 알려주세요,573.2523803710938,1922.8529052734375,1303.6732177734375,856.2674560546875
MI3_240826_TY1_0232_3_V02-4_1,3.0(%)꺾은선형에 대해 알려주세요,618.7987670898438,1787.388427734375,1329.072021484375,850.028564453125
MI3_240826_TY1_0232_4_V01_1,2001 2 002 12월중 1~12월중 11월중 12월중 금융 자금에 대해 알려주세요,470.21099853515625,1720.530517578125,1524.33984375,1155.3514404296875
MI3_240826_TY1_0232_5_V01_1,12월말잔액 차트(세로 막대형)에 대해 알려주세요,471.3291015625,1525.27783203125,1480.67724609375,1048.872802734375
MI3_240826_TY1_0232_6_V01_1,도내 어음부도율(%) 차트에 대해 알려주세요,511.3063049316406,1670.3017578125,1508.341064453125,1279.9625244140625
MI3_240826_TY1_0246_1_V02-4_1,중국경제는 세계경제가 본격적인 회복세를 보이 지 못하고 있는 가운데서도 재정지출의 확대와 외국인 직접투자 증대 등으로 내수가 계속 활발 한 데다 미달러화와 연동되어 있는 위안화의 상 대적 약세 등으로 수출이 호조를 보여 높은 성 장세를 지속하고 있다. 교역량증가율과 경제성장률 차트(꺾은선형)에 대해 알려주세요.,176.31265258789062,1001.924560546875,921.3260498046875,699.3402709960938
MI3_240826_TY1_0246_2_V02-8_2,에 대한 자본수지 및 외국인 투자 추이 혼합형 차트에 대해 알려주세요.,170.49681091308594,2079.142822265625,941.1380615234375,709.9191284179688
MI3_240826_TY1_0246_3_V02-4_2,에 대한 내용을 바탕으로 기업대출금리와 관련된 꺾은선형 차트에 대해 알려주세요.,208.384765625,2332.966552734375,944.4696655273438,788.62158203125
MI3_240826_TY1_0246_4_V02-1_2,코스닥 벤처기업 주식발행 추이에 대해 알려주세요,194.78945922851562,1450.515625,941.6781616210938,692.27587890625
MI3_240826_TY1_0246_5_V02-4_1,이 문서에서는 토지가격 등락률 추이 꺾은선형에 대해 알려주세요,199.01429748535156,571.1677856445312,877.9406127929688,655.7581787109375
MI3_240826_TY1_0246_6_V02-8_1,부외거래 규규 추이에 대해 알려주세요,173.47145080566406,495.569091796875,940.5465087890625,627.580810546875
MI3_240826_TY1_0246_7_V02-1_1,주요 운용자산별 순이익 변화 추이에 대해 알려주세요,173.90283203125,920.5682983398438,958.3642578125,849.456298828125
MI3_240826_TY1_0293_1_V02-8_1,최근 고용 동향에 대한 혼합형 차트에 대해 알려주세요,947.3312377929688,2565.751708984375,621.2741088867188,575.91015625
MI3_240826_TY1_0293_2_V02-8_1,최근의 고용동향에 대해 알려주세요,508.9306945800781,1323.9749755859375,1459.0159912109375,964.1600341796875
MI3_240826_TY1_0293_4_V01_1,T01 T02 V01 표에 대해 알려주세요,314.1017761230469,1228.4495849609375,1848.80517578125,698.484375
MI3_240826_TY1_0293_5_V02-1_1,이 문서에서 최근 시·도별 자영업자수 증감에 대한 막대형 차트에 대해 알려주세요,634.7151489257812,923.7230224609375,1208.92431640625,795.4118041992188
MI3_240826_TY1_0293_6_V02-2_1,연봉수준 차트(가로 막대형)에 대해 알려주세요,1211.0164794921875,1528.4366455078125,860.6073608398438,599.2305908203125
MI3_240826_TY1_0298_1_V01_1,4. 발전 과제 프로 아프로 퍼스트 여자 리스사 할부사 산와 그레스 금융 머니 크레디트 평균 자산 대출에 대해 알려주세요,300.309326171875,2363.184814453125,1909.40966796875,441.440673828125
MI3_240826_TY1_0298_2_V01_1,대부업체 추이 차트에 대해 알려주세요,375.8563232421875,1638.434814453125,1810.8184814453125,681.6595458984375
MI3_240826_TY1_0298_3_V01_1,주요 소비자금융업체의 총자산 및 대출금 추이에 대해 알려주세요,386.674072265625,539.3958740234375,1705.10107421875,589.0874633789062
MI3_240826_TY1_0298_4_V01_1,대부업체의 차입금리 및 대부금리 추세에 대해 알려주세요,398.7099609375,2208.406982421875,1670.07958984375,949.8839721679688
MI3_240826_TY1_0298_5_V01_2,주요 대부업체 자산 및 대출 규모에 대해 알려주세요,300.1160583496094,2507.156982421875,1921.7054443359375,604.9794311523438
MI3_240826_TY1_0298_6_V01_1,일본 대금업자의 대부잔액 추이 차트에 대해 알려주세요,351.2757873535156,583.203369140625,1774.5631103515625,1445.324951171875
MI3_240826_TY1_0304_1_V02-1_1,이 문서에서 지역별 고용률 차트를 포함한 시각요소에 대해 알려주세요.,495.1310729980469,673.85986328125,1756.2652587890625,894.3905029296875
MI3_240826_TY1_0304_2_V01_1,대전·충남지역 경제성장률 및 고용상황 추이에 대해 알려주세요,511.23211669921875,1521.1358642578125,1674.878662109375,820.6846923828125
MI3_240826_TY1_0304_3_V02-4_1,대전·충남지역 상용근로자 증가율 추이에 대해 알려주세요,547.905517578125,2488.269775390625,1529.853515625,622.34375
MI3_240826_TY1_0304_4_V02-4_1,대전·충남지역 연령별 취업자 비중 추이 꺾은선형에 대해 알려주세요,421.6998291015625,422.3152160644531,1721.6258544921875,747.4097290039062
MI3_240826_TY1_0304_5_V02-4_1,Ⅲ. 지자체의 일자리창출정책에 대한 평가대전 및 충남지역 상용근로자 증가율 추이에 대해 알려주세요,596.4903564453125,1918.4495849609375,1344.862548828125,595.6578369140625
MI3_240826_TY1_0304_6_V02-1_1,2001 2005년중 대전·충남지역 산업별 취업자수 증감 차트(세로 막대형)에 대해 알려주세요,470.5832824707031,2459.82080078125,1704.9532470703125,676.177001953125
MI3_240826_TY1_0315_3_V02-1_1,2015-03 한국은행 전북본부 및 2. 독일 경제성장 원동력으로서의 중소기업 성과에 대해 알려주세요,415.3629150390625,1488.7125244140625,819.3438720703125,740.4307250976562
MI3_240826_TY1_0315_4_V03_1,독일 히든챔피언기업(HCE) 경쟁력 체계 다이어그램에 대해 알려주세요,562.0731811523438,2251.73974609375,1397.20556640625,251.61253356933594
MI3_240826_TY1_0324_1_V01_1,미국 경제성장률 전망 본문 표에 대해 알려주세요,442.5779113769531,946.4511108398438,1669.772705078125,678.0278930664062
MI3_240826_TY1_0324_2_V02-8_1,고용사정 개선추세와 관련된 차트에 대해 알려주세요,299.77923583984375,2418.019775390625,1869.752685546875,706.5048828125
MI3_240826_TY1_0324_3_V02-4_1,주택 시장에 대한 꺾은선형 차트에 대해 알려주세요,317.7545471191406,2182.964599609375,1872.162109375,750.185791015625
MI3_240826_TY1_0324_4_V02-4_1,제목에 대한 PCE 및 근원 PCE 물가상승률 꺾은선형 차트에 대해 알려주세요,1265.080810546875,2076.923095703125,952.4847412109375,768.04736328125
MI3_240826_TY1_0324_5_V02-4_1,T01 T02 T03 꺾은선형에 대해 알려주세요,288.9587097167969,2472.2734375,1905.13623046875,656.609130859375
MI3_240826_TY1_0324_6_V02-4_1,주가지수 및 VIX 추이에 대해 알려주세요,290.6970520019531,2474.400390625,1907.6397705078125,656.88134765625
MI3_240826_TY1_0324_7_V02-4_1,미 달러화 환율 차트(꺾은선형)에 대해 알려주세요,303.5225524902344,2192.946533203125,1892.7816162109375,714.719482421875
MI3_240826_TY1_0335_1_V01_1,제목에 해당하는 문서에서 항목과 금액에 대해 알려주세요,413.055419921875,1289.1072998046875,1647.41015625,647.6055908203125
MI3_240826_TY1_0335_2_V01_1,부록 파생상품 익스포저 표에 대해 알려주세요,412.9429931640625,1406.5791015625,1666.1591796875,224.9598388671875
MI3_240826_TY1_0335_3_V01_1,총수익스왑 차트(세로 막대형)에 대해 알려주세요,409.36688232421875,536.2798461914062,1670.5750732421875,639.7344360351562
MI3_240826_TY1_0343_1_V02-4_1,해외경제 포커스 차트(꺾은선형)에 대해 알려주세요,401.4546203613281,669.4771118164062,836.9354858398438,787.253662109375
MI3_240826_TY1_0343_2_V02-1_1,해외경제 포커스 제2006-39·40호 차트(세로 막대형)에 대해 알려주세요,394.6474304199219,2309.001953125,1666.01171875,649.292724609375
MI3_240826_TY1_0343_3_V02-4_1,해외경제 포커스 제2006-39·40호 차트(꺾은선형)에 대해 알려주세요,388.5351867675781,1150.62158203125,1678.0687255859375,716.7283935546875
MI3_240826_TY1_0343_4_V01_1,해외경제 포커스의 기준금리 전망에 대해 알려주세요,427.1617431640625,2193.81640625,1613.59521484375,560.8807983398438
MI3_240826_TY1_0343_5_V02-4_1,해외경제 포커스의 영란은행 기준금리 추이에 대해 알려주세요.,386.96075439453125,1618.8751220703125,1668.983154296875,783.6920166015625
MI3_240826_TY1_0343_6_V02-4_1,2006년 월별 반도체 가격 꺾은선형에 대해 알려주세요,407.2928161621094,1707.7142333984375,1642.089599609375,718.4503784179688
MI3_240826_TY1_0353_1_V02-8_1,해외경제 포커스 제2006-30호에서 제공하는 미국의 경제성장률 및 물가상승률 추이에 대해 알려주세요.,488.6366271972656,2259.59326171875,1598.099853515625,696.682373046875
MI3_240826_TY1_0353_2_V01_1,해외경제 포커스 제2006-30호의 주요 투자은행 전망에 대해 알려주세요,402.49481201171875,1400.22412109375,1672.3179931640625,690.29541015625
MI3_240826_TY1_0353_3_V02-7_1,해외경제 포커스 제2006-30호에서 제공되는 방사형 차트에 대해 알려주세요,570.1962890625,2142.9345703125,1342.228271484375,796.168701171875
MI3_240826_TY1_0353_4_V02-4_1,"12 (전년동기대비, %) 차트(꺾은선형)에 대해 알려주세요",477.76885986328125,1107.2930908203125,1605.297119140625,930.322509765625
MI3_240826_TY1_0353_5_V02-4_1,위안화 환율 추이 차트(꺾은선형)에 대해 알려주세요,602.335205078125,1567.5750732421875,1427.879638671875,846.8775024414062
MI3_240826_TY1_0353_6_V02-4_1,해외경제 포커스 제2006-30호의 미국의 중국 수입물가 변동률 추이에 대해 알려주세요,641.849365234375,2179.316162109375,1298.238525390625,766.320556640625
MI3_240826_TY1_0357_1_V02-4_1,해외경제 포커스 제2006-26호 2. 유휴노동력 소진 여부 미국의 경제활동참가율 추이에 대해 알려주세요,426.29833984375,1706.5872802734375,1652.0791015625,862.7232055664062
MI3_240826_TY1_0357_3_V02-8_1,해외경제 포커스 제2006-26호에서 제시된 혼합형 차트에 대해 알려주세요,1238.9862060546875,655.7286376953125,813.559814453125,818.2474365234375
MI3_240826_TY1_0357_4_V02-4_1,해외경제 포커스 제2006-26호 차트(꺾은선형)에 대해 알려주세요,395.85955810546875,1589.0072021484375,1618.84765625,715.9083251953125
MI3_240826_TY1_0357_6_V02-4_1,해외경제 포커스 제2006-26호의 꺾은선형 차트에 대해 알려주세요,396.0580139160156,679.8712158203125,1688.293701171875,862.263916015625
MI3_240826_TY1_0357_7_V02-4_1,해외경제 포커스 차트(꺾은선형)에 대해 알려주세요,407.9350891113281,604.0114135742188,1646.3037109375,736.6163330078125
MI3_240826_TY1_0357_8_V02-4_1,해외경제 포커스 제2006-26호 차트(꺾은선형)에 대해 알려주세요,409.1531066894531,1159.268310546875,1610.4857177734375,733.47314453125
MI3_240826_TY1_0359_1_V02-4_1,무담보 콜 평잔 추이 꺾은선형에 대해 알려주세요,470.5268249511719,2154.657958984375,1598.8726806640625,797.85498046875
MI3_240826_TY1_0359_2_V02-4_1,기간물 콜금리 추이 꺾은선형에 대해 알려주세요,533.945556640625,1331.2696533203125,734.3228759765625,756.0869140625
MI3_240826_TY1_0359_3_V02-4_2,해외경제 포커스 제2006-24호에서 장기금리 추이에 대해 알려주세요,1273.897216796875,659.4545288085938,764.911376953125,732.352294921875
MI3_240826_TY1_0359_4_V02-1_1,해외경제 포커스 제2006-24호에서 제공하는 세로 막대형 차트에 대해 알려주세요,467.84893798828125,1108.873779296875,830.3628540039062,787.3128662109375
MI3_240826_TY1_0359_5_V02-4_1,해외경제 포커스 제2006-24호 차트(꺾은선형)에 대해 알려주세요,474.127197265625,896.4015502929688,1589.109619140625,914.6549682617188
MI3_240826_TY1_0359_6_V02-4_1,해외경제 포커스 제2006-24호의 주가 추이에 대한 꺾은선형 차트에 대해 알려주세요,1249.223876953125,674.712890625,765.2505493164062,723.3074340820312
MI3_240826_TY1_0364_1_V02-4_1,해외경제 포커스 제2006-18호의 기존주택재고(좌축)와 공급가능월수(우축)에 대해 알려주세요,1270.8531494140625,2056.121826171875,808.1670532226562,732.520751953125
MI3_240826_TY1_0364_2_V01_1,해외경제 포커스 제2006-18호 본문 표에 대해 알려주세요,457.0185546875,652.97314453125,1561.627197265625,646.9725341796875
MI3_240826_TY1_0364_3_V02-4_1,주택건설투자의 성장기여도 추이에 대해 알려주세요,1274.1693115234375,2237.904541015625,794.638916015625,693.4682006835938
MI3_240826_TY1_0364_4_V02-8_1,해외경제 포커스 제2006-18호의 유로지역의 실질GDP 성장률 추이에 대해 알려주세요,392.75262451171875,2090.3154296875,1697.05615234375,746.221435546875
MI3_240826_TY1_0364_5_V02-1_1,해외경제 포커스 제2006-18호의 영국의 실질 GDP 성장률 추이에 대해 알려주세요.,388.1158752441406,2180.046142578125,1721.3800048828125,727.633056640625
MI3_240826_TY1_0364_6_V01_1,해외경제 포커스 제2006-18호 본문 차트에 대해 알려주세요,389.0779113769531,1225.3736572265625,1712.0904541015625,627.7559814453125
MI3_240826_TY1_0372_1_V02-8_1,수출입 증가율 및 무역수지 추이에 대해 알려주세요,441.5794677734375,643.3184204101562,1573.0157470703125,879.45703125
MI3_240826_TY1_0372_2_V01_1,해외경제 포커스 제2006-8호에서 제공하는 일본 수출입 증감률 및 무역수지 추이에 대해 알려주세요.,439.4279479980469,1749.87890625,1648.726318359375,399.2723388671875
MI3_240826_TY1_0372_3_V02-1_1,해외경제 포커스 제2006-8호의 프랑스의 경제성장률 추이에 대해 알려주세요,395.7937927246094,1375.4442138671875,1666.543212890625,777.74755859375
MI3_240826_TY1_0372_4_V02-1_1,해외경제 포커스 제2006-8호 차트(세로 막대형)에 대해 알려주세요,382.5213623046875,1265.12158203125,1710.3541259765625,754.3271484375
MI3_240826_TY1_0372_5_V02-8_1,해외경제 포커스 제2006-8호 물가 추이에 대해 알려주세요,402.4463195800781,2217.314208984375,1649.092041015625,672.930908203125
MI3_240826_TY1_0372_6_V02-1_1,해외경제 포커스 제2006-8호 차트(세로 막대형)에 대해 알려주세요,390.3222351074219,973.3377685546875,1678.37841796875,745.6720581054688
MI3_240826_TY1_0374_1_V01_1,국제유가 표에 대해 알려주세요,387.368896484375,2168.61328125,1713.1158447265625,554.0372924804688
MI3_240826_TY1_0374_2_V01_1,"해외경제 포커스 제2006-6호에서 아르헨티나, 브라질, 칠레 등 주요 남미 국가의 1980년대부터 2000년대 초까지의 빈곤율에 대해 알려주세요.",1217.5792236328125,693.8086547851562,854.0775146484375,624.0183715820312
MI3_240826_TY1_0374_3_V01_1,해외경제 포커스 향후 전망 차트에 대해 알려주세요,506.1021728515625,1261.274658203125,1461.8785400390625,433.6476745605469
MI3_240826_TY1_0374_4_V02-1_1,기업물가 추이에 대해 알려주세요,391.872802734375,972.715576171875,1672.270263671875,756.4314575195312
MI3_240826_TY1_0374_5_V02-1_1,구매관리자지수 추이 세로 막대형에 대해 알려주세요,514.8930053710938,653.3783569335938,1468.556884765625,639.3570556640625
MI3_240826_TY1_0374_6_V02-1_1,해외경제 포커스 제2006-6호에 대해 알려주세요,398.6339111328125,971.3432006835938,1674.8218994140625,733.1093139648438
MI3_240826_TY1_0377_1_V02-8_1,해외경제 포커스 제2006-3호의 유로지역 주요국 및 미국의 노동활용률 변화 혼합형 차트에 대해 알려주세요,367.10845947265625,1570.4150390625,1729.7669677734375,1002.9450073242188
MI3_240826_TY1_0377_2_V01_1,해외경제 포커스 제2006-3호 본문 표에 대해 알려주세요,374.8613586425781,652.0396728515625,1734.135986328125,480.26885986328125
MI3_240826_TY1_0377_3_V02-1_1,해외경제 포커스 제2006-3호 주요국 소득대체율 차트에 대해 알려주세요,549.611572265625,2114.36474609375,1371.7982177734375,759.1142578125
MI3_240826_TY1_0377_4_V02-1_1,해외경제 포커스 기업물가 추이에 대해 알려주세요.,388.8088684082031,956.294189453125,1670.0283203125,744.041015625
MI3_240826_TY1_0377_5_V02-4_1,해외경제 포커스 제2006-3호에 대한 영국의 소비자물가 추이 꺾은선형에 대해 알려주세요,390.2850036621094,628.7720947265625,1648.72802734375,714.3690795898438
MI3_240826_TY1_0377_6_V02-4_1,해외경제 포커스에서 브라질 정책금리 추이에 대해 알려주세요,405.8681945800781,1029.08154296875,1644.2178955078125,661.914794921875
MI3_240826_TY1_0380_1_V01_1,해외경제 포커스 제2005-53호 본문 시각요소에 대해 알려주세요,387.69268798828125,1618.758544921875,1714.8670654296875,1237.80419921875
MI3_240826_TY1_0380_2_V02-4_1,컨퍼런스보드 소비자신뢰지수 현황 및 기대지수에 대해 알려주세요,391.5397644042969,2209.61083984375,1687.213134765625,749.60888671875
MI3_240826_TY1_0380_3_V02-1_1,광공업생산 추이에 대해 알려주세요,393.5107116699219,1974.7431640625,1674.131103515625,733.1166381835938
MI3_240826_TY1_0380_4_V02-8_1,해외경제 포커스 제2005-53호 프랑스의 실업률 추이에 대해 알려주세요,397.4830017089844,2115.039794921875,1686.6756591796875,762.077392578125
MI3_240826_TY1_0380_5_V02-8_1,아르헨티나의 무역수지 추이에 대한 혼합형 차트에 대해 알려주세요,386.0611267089844,1671.590087890625,1707.9903564453125,744.8982543945312
MI3_240826_TY1_0380_6_V02-1_1,해외경제 포커스 제2005-53호의 뉴질랜드 M3 증가율 추이에 대해 알려주세요,396.457275390625,1130.90283203125,1698.14794921875,771.99365234375
MI3_240826_TY1_0383_1_V02-8_1,해외경제 포커스 제2005-50호에서 WTI 혼합형 차트에 대해 알려주세요,418.5274658203125,1104.4779052734375,1606.07373046875,544.0737915039062
MI3_240826_TY1_0383_2_V02-8_1,해외경제 포커스 제2005-50호 신규실업수당 청구자수 추이에 대해 알려주세요,390.44573974609375,1173.475830078125,1700.07373046875,749.890869140625
MI3_240826_TY1_0383_3_V02-1_4,해외경제 포커스 제2005-50호의 차트(세로 막대형)에 대해 알려주세요,1332.9354248046875,2356.609130859375,740.2730712890625,494.8732604980469
MI3_240826_TY1_0383_4_V02-4_1,생산자물가 추이에 대해 알려주세요,404.465087890625,652.2525024414062,1634.32470703125,723.1904907226562
MI3_240826_TY1_0383_5_V02-4_1,해외경제 포커스 제2005-50호의 말레이시아 수출입 추이에 대해 알려주세요,388.650634765625,959.6302490234375,1693.05126953125,756.1871948242188
MI3_240826_TY1_0383_6_V02-1_1,해외경제 포커스 제2005-50호 차트(세로 막대형)에 대해 알려주세요,397.4799499511719,633.8381958007812,1662.768310546875,700.7479248046875
MI3_240826_TY1_0392_1_V01_2,해외경제 포커스 제2004-12호에서 S&P 500 지수 등락률 추이에 대한 차트에 대해 알려주세요,563.9878540039062,1510.638427734375,1421.9337158203125,186.166259765625
MI3_240826_TY1_0392_2_V02-8_1,해외경제 포커스 제2004-12호 신규실업수당청구자수 추이 혼합형에 대해 알려주세요,383.9555969238281,1105.103271484375,1718.85986328125,704.3448486328125
MI3_240826_TY1_0392_4_V02-1_1,프랑스 독일 영국 네덜란드 포르투갈 차트(세로 막대형)에 대해 알려주세요,479.4981994628906,1836.2352294921875,1528.012939453125,938.1551513671875
MI3_240826_TY1_0392_5_V02-1_1,국별 물가상승률 비교에 대한 세로 막대형 차트에 대해 알려주세요,416.13818359375,662.4261474609375,1627.9638671875,843.6182861328125
MI3_240826_TY1_0392_6_V02-4_1,해외경제 포커스 제2004-12호의 영국 소비자물가 상승률 추이에 대해 알려주세요,393.67376708984375,934.3449096679688,1643.0146484375,671.0846557617188
MI3_240826_TY1_0403_1_V02-1_1,금융습관지수의 분포 차트(세로 막대형)에 대해 알려주세요,826.8240356445312,736.1591186523438,948.0197143554688,833.4635620117188
MI3_240826_TY1_0403_2_V02-4_1,해외경제 포커스 제2003-47호에서 유로지역의 GDP성장률 추이에 대해 알려주세요,390.8491516113281,638.3826293945312,1644.3397216796875,748.7211303710938
MI3_240826_TY1_0403_3_V02-8_1,해외경제 포커스에 포함된 소비자물가 추이 혼합형 차트에 대해 알려주세요,431.3542175292969,2119.560546875,814.77392578125,685.764404296875
MI3_240826_TY1_0403_4_V02-4_1,해외경제 포커스 기준금리 추이에 대해 알려주세요,416.7457275390625,639.0602416992188,1629.5166015625,884.5831909179688
MI3_240826_TY1_0403_5_V02-8_1,수출입 추이 혼합형에 대해 알려주세요,396.18756103515625,2290.39599609375,1687.83154296875,669.09326171875
MI3_240826_TY1_0403_6_V02-1_1,해외경제 포커스 차트(세로 막대형)에 대해 알려주세요,421.3778076171875,1909.55224609375,1653.617431640625,872.9987182617188
MI3_240826_TY1_0406_1_V02-4_1,고령화 진전속도의 국별 비교 꺾은선형에 대해 알려주세요,534.3933715820312,2101.951904296875,1553.90966796875,702.020751953125
MI3_240826_TY1_0406_2_V02-1_1,해외경제 포커스 제2003-44호 차트(세로 막대형)에 대해 알려주세요,619.487060546875,1031.970458984375,1225.5947265625,640.8553466796875
MI3_240826_TY1_0406_3_V02-1_1,해외경제 포커스차트(세로 막대형)에 대해 알려주세요,602.2003173828125,1653.954833984375,1258.780029296875,704.148193359375
MI3_240826_TY1_0406_4_V02-8_1,해외경제 포커스 제2003-44호 본문 혼합형 차트에 대해 알려주세요,378.6027526855469,805.231201171875,1709.7568359375,981.5979614257812
MI3_240826_TY1_0406_6_V02-8_1,해외경제 포커스 제2003-44호에서 프랑스의 실업률 추이에 대해 알려주세요,388.38861083984375,1433.5244140625,1699.4119873046875,1018.9430541992188
MI3_240826_TY1_0416_1_V01_2,중국 자동차 생산량 추이에 대해 알려주세요,394.3786926269531,1186.3424072265625,1688.8389892578125,363.700927734375
MI3_240826_TY1_0416_2_V02-8_1,해외경제 포커스 제2003-33호에 대해 알려주세요,571.7341918945312,643.1900024414062,1325.1195068359375,701.0481567382812
MI3_240826_TY1_0416_3_V02-8_1,상품·서비스수지 혼합형에 대해 알려주세요,395.29296875,1236.3572998046875,1683.7021484375,696.040771484375
MI3_240826_TY1_0416_4_V02-8_2,프랑스 산업생산 추이에 대한 차트 혼합형에 대해 알려주세요,394.34442138671875,2159.26220703125,1686.585205078125,768.5272827148438
MI3_240826_TY1_0416_5_V02-8_1,포커스 제2003-33호의 영국의 상품수지 추이 혼합형에 대해 알려주세요,394.1308288574219,636.6865844726562,1692.365478515625,874.3877563476562
MI3_240826_TY1_0416_6_V02-4_2,해외경제 포커스 제2003-33호에서 소비자물가 추이에 대한 꺾은선형 그래프에 대해 알려주세요.,389.3456726074219,1146.6341552734375,1699.217041015625,685.3246459960938
MI3_240826_TY1_0420_2_V02-8_2,해외경제 포커스 제2003-28호에서 유로지역 성장률 및 미국지역 성장률의 혼합형 차트에 대해 알려주세요,374.9647521972656,648.317626953125,848.2614135742188,790.5179443359375
MI3_240826_TY1_0420_3_V02-4_1,해외경제 포커스 제2003-28호의 영란은행의 기준금리 추이에 대해 알려주세요.,405.426513671875,1344.259033203125,1651.942138671875,764.7880249023438
MI3_240826_TY1_0420_4_V02-8_1,해외경제 포커스 제2003-28호의 상품·서비스수지 적자 추이에 대해 알려주세요.,383.5705261230469,1378.3529052734375,1696.927978515625,943.6229248046875
MI3_240826_TY1_0420_5_V02-8_1,해외경제 포커스 제2003-28호 독일의 상품수지 추이에 대해 알려주세요,417.1776428222656,2107.11328125,1647.517822265625,815.4420776367188
MI3_240826_TY1_0420_6_V02-8_1,해외경제 포커스 제2003-28호의 영국의 상품수지 추이에 대해 알려주세요,448.6810302734375,1206.4698486328125,1584.0821533203125,813.842041015625
MI3_240826_TY1_0433_1_V01_2,해외경제 포커스 Bradford & Bingley 국유화 및 영업양도 관련 자료에 대해 알려주세요,387.6630554199219,653.3573608398438,1705.182373046875,965.875
MI3_240826_TY1_0433_2_V02-8_1,해외경제 포커스 제2008-40호에서 제시된 혼합형 차트에 대해 알려주세요,473.8411560058594,665.0794677734375,790.6620483398438,732.1160278320312
MI3_240826_TY1_0433_3_V02-8_1,T01 T02 T03 차트(혼합형)에 대해 알려주세요,469.33026123046875,1766.754638671875,793.3880615234375,713.37890625
MI3_240826_TY1_0433_4_V02-1_1,35 (조위안) □유통주 30 ☑비유통주 25 차트(세로 막대형)에 대해 알려주세요,1281.133056640625,674.5328369140625,777.167236328125,682.703857421875
MI3_240826_TY1_0433_5_V01_1,해외경제 포커스 제2008-40호 일본은행 단기경제 관측조사 차트에 대해 알려주세요,387.150634765625,2109.71826171875,1717.4693603515625,772.4166870117188
MI3_240826_TY1_0433_6_V02-4_1,해외경제 포커스 제2008-40호의 유럽중앙은행 기준금리 추이에 대해 알려주세요.,457.3911437988281,1899.89892578125,1563.657958984375,712.1425170898438
MI3_240826_TY1_0461_1_V01_1,해외경제 포커스 제2008-10호 차트에 대해 알려주세요,418.596435546875,1420.68408203125,1634.146240234375,901.5436401367188
MI3_240826_TY1_0461_2_V01_1,해외경제 포커스 제2008-10호 본문 표에 대해 알려주세요,371.74127197265625,1684.102294921875,1724.5076904296875,401.0205078125
MI3_240826_TY1_0461_3_V01_1,해외경제 포커스 제2008-10호에서의 현물 및 선물 가격 변동에 대해 알려주세요,415.215576171875,1965.3369140625,1641.442626953125,952.3685302734375
MI3_240826_TY1_0461_4_V02-1_2,해외경제 포커스 제2008-10호에서 연금보험 자산 구성비에 대한 차트(세로 막대형)에 대해 알려주세요,1217.1219482421875,685.6226196289062,841.0401611328125,584.9017333984375
MI3_240826_TY1_0461_6_V02-4_1,해외경제 포커스 제2008-10호 차트(꺾은선형)에 대해 알려주세요,421.6312255859375,1165.4228515625,1599.19580078125,878.1618041992188
MI3_240826_TY1_0468_1_V01_1,해외경제 포커스 제2008-2호에서 제공하는 주식 시장 데이터에 대해 알려주세요,378.352783203125,1684.2626953125,1726.7010498046875,292.013671875
MI3_240826_TY1_0468_2_V02-4_1,해외경제 포커스 제2008-2호의 국제유가 추이에 대해 알려주세요,399.0292663574219,1886.3826904296875,1690.073974609375,623.4378051757812
MI3_240826_TY1_0468_3_V01_1,"해외경제 포커스 3 D램 강보합, 낸드 플래시 하락 세로 막대형에 대해 알려주세요",379.3359375,2398.6953125,1725.1156005859375,533.2047729492188
MI3_240826_TY1_0468_4_V01_1,해외경제 포커스 제2008-2호에서 제시된 통계적 정보에 대해 알려주세요,393.11004638671875,1200.6064453125,1704.729248046875,863.0338745117188
MI3_240826_TY1_0468_5_V01_1,해외경제 포커스 제2008-2호에서 제시된 상품·서비스수지에 대한 자료 그래프에 대해 알려주세요,380.5312805175781,2534.09912109375,1713.62646484375,386.572998046875
MI3_240826_TY1_0468_6_V02-4_1,영란은행의 기준금리 추이에 대해 알려주세요,387.87591552734375,1183.40966796875,1680.9205322265625,776.1405029296875
MI3_240826_TY1_0502_1_V02-4_1,해외경제 포커스 제2007-10호에서 엔/달러 및 달러/유로 추이에 대해 알려주세요,393.2255554199219,2034.3505859375,1766.5140380859375,785.9417114257812
MI3_240826_TY1_0502_2_V02-4_2,회사채 스프레드 추이 꺾은선형에 대해 알려주세요,392.84161376953125,2311.9326171875,1687.8270263671875,639.0639038085938
MI3_240826_TY1_0502_3_V02-8_1,해외경제 포커스 제2007-10호에 대해 알려주세요,524.054443359375,1178.96728515625,1522.29345703125,757.9130859375
MI3_240826_TY1_0502_4_V02-1_1,해외경제 포커스 제2007-10호에서 40세 이상 연령대의 주식 및 외화자산 보유 비율 차트에 대해 알려주세요,503.8856201171875,1368.916748046875,1526.6845703125,803.7770385742188
MI3_240826_TY1_0502_5_V02-1_2,업종별 베이비붐 세대 비율 차트(가로 막대형)에 대해 알려주세요,387.8045349121094,655.3967895507812,819.01513671875,878.6668701171875
MI3_240826_TY1_0502_6_V02-4_1,해외경제 포커스 제2007-10호 영란은행의 기준금리 추이에 대해 알려주세요,389.3818054199219,1824.2640380859375,1657.26904296875,841.8640747070312
MI3_240826_TY1_0539_1_V02-4_1,해외경제 포커스 제2005-39호에서 다루어진 기대 인플레이션 꺾은선형 차트에 대해 알려주세요.,393.53021240234375,2066.3623046875,1679.7490234375,797.700927734375
MI3_240826_TY1_0539_2_V02-4_2,해외경제 포커스에 대해 알려주세요,1257.4312744140625,1219.1156005859375,790.4406127929688,681.4816284179688
MI3_240826_TY1_0539_3_V02-8_1,해외경제 포커스 차트(혼합형)에 대해 알려주세요,397.1318054199219,2025.1156005859375,838.6888427734375,849.9683227539062
MI3_240826_TY1_0539_4_V02-8_2,해외경제 포커스 제2005-39호에서 금액에 대한 차트에 대해 알려주세요,1250.5343017578125,667.951416015625,811.3218994140625,692.1754760742188
MI3_240826_TY1_0539_5_V02-8_2,해외경제 포커스 제2005-39호 차트(혼합형)에 대해 알려주세요,388.4035339355469,1895.4798583984375,827.5958251953125,780.2442626953125
MI3_240826_TY1_0539_6_V02-4_1,해외경제 포커스 제2005-39호의 경기동행 및 선행 지수에 대해 알려주세요,1249.5633544921875,658.8136596679688,830.7381591796875,735.9448852539062
MI3_240826_TY1_0542_1_V02-4_1,해외경제 포커스 제2005-34호의 순저축률 추이에 대해 알려주세요,531.1040649414062,1512.09033203125,1414.70947265625,674.029052734375
MI3_240826_TY1_0542_3_V02-8_2,해외경제 포커스 가계순자산과 저축률에 대해 알려주세요.,401.1974792480469,1512.242431640625,568.9224853515625,515.952392578125
MI3_240826_TY1_0542_4_V02-8_3,"해외경제 포커스 제2005-34호에서 나타난 (저축률, %) 차트(혼합형)에 대해 알려주세요",1259.390625,1343.6175537109375,760.2149658203125,736.6434326171875
MI3_240826_TY1_0542_5_V02-8_3,"해외경제 포커스 제2005-34호의 주 : 1) s=k(g+8), 추세성장률에 대한 차트(혼합형)에 대해 알려주세요",422.3858642578125,1365.67333984375,1675.7698974609375,1427.7177734375
MI3_240826_TY1_0542_6_V02-4_2,해외경제 포커스 제2005-34호의 최근 테러발생 전후 국제유가 추이에 대해 알려주세요,419.61260986328125,1056.1412353515625,1591.02490234375,691.4390869140625
MI3_240826_TY1_0542_7_V02-3_1,Greenspan 연준의장의 후임자에 대한 차트(원형)에 대해 알려주세요,422.9017333984375,1341.890380859375,1650.303466796875,515.0418701171875
MI3_240826_TY1_0564_1_V02-4_1,"해외경제 포커스 제2005-1호 12.0 (전년동기대비, %) 차트(꺾은선형)에 대해 알려주세요",402.0436706542969,1745.2398681640625,1655.97607421875,779.1435546875
MI3_240826_TY1_0564_2_V02-4_1,해외경제 포커스 제2005-1호의 교역 증가율 꺾은선형 그래프에 대해 알려주세요,1275.1705322265625,1613.818603515625,787.2498779296875,650.943603515625
MI3_240826_TY1_0564_4_V02-3_1,해외경제 포커스 제2005-1호의 수출에 대한 차트(원형)에 대해 알려주세요,417.84698486328125,2134.088623046875,1658.74658203125,742.921875
MI3_240826_TY1_0564_5_V02-4_1,소비자신뢰지수 꺾은선형에 대해 알려주세요,396.2290344238281,1059.1915283203125,1672.304443359375,685.6961059570312
MI3_240826_TY1_0564_6_V02-8_1,해외경제 포커스 제2005-1호의 프랑스의 실업률 추이에 대해 알려주세요.,387.091064453125,1232.408935546875,1711.2760009765625,759.564697265625
MI3_240826_TY1_0572_1_V02-8_1,Bush 대통령의 공약 및 재정적자에 대한 차트(혼합형)에 대해 알려주세요,390.2268371582031,2157.021484375,1671.1370849609375,639.87841796875
MI3_240826_TY1_0572_2_V02-4_1,해외경제 포커스의 기준금리 추이에 대해 알려주세요,385.79437255859375,2095.376220703125,1681.32666015625,859.18408203125
MI3_240826_TY1_0572_3_V02-4_1,역내국 및 미국에 대한 수출 비중 변화 추이 꺾은선형 차트에 대해 알려주세요,622.5244750976562,2189.98046875,1249.92138671875,769.367919921875
MI3_240826_TY1_0572_4_V02-8_1,제2004-45호 해외경제 포커스 차트(혼합형)에 대해 알려주세요,374.5593566894531,656.6363525390625,1690.8525390625,802.7152709960938
MI3_240826_TY1_0572_5_V02-4_2,일본의 실질임금 추이에 대해 알려주세요,410.8793640136719,1063.211181640625,1658.4580078125,675.1043701171875
MI3_240826_TY1_0572_6_V02-8_1,해외경제 포커스 제2004-45호에서 유로지역 소매판매 추이에 대한 혼합형 차트에 대해 알려주세요,388.8690185546875,1280.16748046875,1705.7998046875,761.0494384765625
MI3_240826_TY1_0588_1_V02-8_1,제조업수주 추이에 대한 제조업수주액 혼합형 차트에 대해 알려주세요,385.3464050292969,650.3546142578125,1684.0169677734375,719.916748046875
MI3_240826_TY1_0588_2_V02-8_1,해외경제 포커스 제2004-27호 자동차판매 추이에 대해 알려주세요,384.54864501953125,2191.67138671875,1703.7191162109375,774.687255859375
MI3_240826_TY1_0588_3_V02-4_2,해외경제 포커스 제2004-27호에 포함된 일본의 산업생산 추이에 대해 알려주세요.,383.4563903808594,983.4473266601562,1693.3375244140625,699.9439086914062
MI3_240826_TY1_0588_4_V02-8_1,해외경제 포커스 제2004-27호에 대해 알려주세요,425.1916809082031,644.9906616210938,1636.142822265625,804.9934692382812
MI3_240826_TY1_0588_5_V02-4_2,해외경제 포커스 차트(꺾은선형)에 대해 알려주세요,389.65667724609375,2195.505859375,1668.116943359375,707.59033203125
MI3_240826_TY1_0588_6_V02-4_1,태국의 수출입 추이 꺾은선형에 대해 알려주세요,392.8103332519531,1011.695068359375,1692.9959716796875,686.7996826171875
MI3_240826_TY1_0596_1_V02-4_1,해외경제 포커스 제2004-19호에서 소비자태도지수 및 기업경기실사지수에 대해 알려주세요,406.763916015625,1781.8175048828125,1687.3785400390625,751.1116943359375
MI3_240826_TY1_0596_2_V02-4_1,해외경제 포커스 제2004-19호 엔/달러 및 달러/유로 차트(꺾은선형)에 대해 알려주세요,388.9360046386719,1734.440185546875,1677.4072265625,999.5643920898438
MI3_240826_TY1_0596_3_V02-4_2,해외경제 포커스 제2004-19호의 회사채 스프레드 꺾은선형 차트에 대해 알려주세요,436.4853820800781,1046.7520751953125,1614.0145263671875,691.2255249023438
MI3_240826_TY1_0596_4_V02-4_1,해외경제 포커스 제2004-19호의 영국의 주택가격 및 기준금리 추이에 대해 알려주세요,409.75067138671875,1868.4859619140625,1677.402099609375,1017.6319580078125
MI3_240826_TY1_0596_5_V02-2_1,해외경제 포커스 차트(가로 막대형)에 대해 알려주세요,411.8815612792969,2348.277587890625,1640.052734375,589.202392578125
MI3_240826_TY1_0596_6_V02-4_1,가계소득 대비 주택가격 비율 차트(꺾은선형)에 대해 알려주세요,407.22332763671875,1486.922607421875,1653.7305908203125,838.0206909179688
MI3_240826_TY1_0603_1_V02-8_1,해외경제 포커스 제2008-52호의 일본 외환증거금 계좌 및 증거금예탁 규모 추이에 대해 알려주세요.,414.22149658203125,1240.9593505859375,1654.0111083984375,565.9463500976562
MI3_240826_TY1_0603_3_V02-4_3,해외경제 포커스 제2008-52호에서 명목임금과 실질임금 변화에 대해 알려주세요,410.0850830078125,682.615478515625,853.566162109375,726.595703125
MI3_240826_TY1_0603_4_V02-4_1,해외경제 포커스 제2008-52호의 지역별 수출 증감률에 대해 알려주세요,447.8707580566406,2022.6959228515625,1584.6114501953125,699.9155883789062
MI3_240826_TY1_0603_5_V02-4_1,해외경제 포커스 제2008-52호에 포함된 시각요소 제목과 꺾은선형 차트에 대해 알려주세요.,404.04345703125,2075.017822265625,1671.99560546875,777.074462890625
MI3_240826_TY1_0603_6_V02-4_1,2008년 경제 동향 꺾은선형에 대해 알려주세요,400.2780456542969,1756.9183349609375,1677.8377685546875,760.0516357421875
MI3_240826_TY1_0603_7_V02-4_1,국제원자재시장 차트(꺾은선형)에 대해 알려주세요,407.322021484375,1946.0604248046875,1000.3724365234375,497.3086853027344
MI3_240826_TY1_0609_1_V02-4_2,해외경제 포커스 제2009-7호에 대해 알려주세요,427.483642578125,1910.904541015625,789.3280029296875,745.715576171875
MI3_240826_TY1_0609_2_V02-4_2,해외경제 포커스 제2009-7호에서 제공하는 회사채 신용 스프레드에 대한 꺾은선형 차트에 대해 알려주세요,425.56671142578125,1280.388427734375,1583.3638916015625,631.6945190429688
MI3_240826_TY1_0609_3_V02-1_1,해외경제 포커스 제2009-7호의 차트(세로 막대형)에 대해 알려주세요,464.444580078125,1229.96826171875,1582.3924560546875,635.5296020507812
MI3_240826_TY1_0609_4_V02-8_1,해외경제 포커스 제2009-7호에서 상하이 종합주가지수와 거래액에 대해 알려주세요,419.82952880859375,2192.565673828125,1631.3626708984375,726.294921875
MI3_240826_TY1_0609_5_V02-4_1,해외경제 포커스 제2009-7호의 국제금융시장에 관한 꺾은선형 차트에 대해 알려주세요,420.6313781738281,2088.787841796875,1631.41845703125,825.218994140625
MI3_240826_TY1_0609_6_V02-4_1,해외경제 포커스 제2009-7호의 주요국 주가 변화에 대한 차트(꺾은선형)에 대해 알려주세요,403.34375,1906.510986328125,1664.396484375,814.62451171875
MI3_240826_TY1_0612_1_V02-4_1,해외경제 포커스 제2009-10호의 대출수요 추이에 대해 알려주세요,396.4785461425781,1565.0947265625,1691.1480712890625,791.538818359375
MI3_240826_TY1_0612_2_V02-1_1,해외경제 포커스 제2009-10호 차트(세로 막대형)에 대해 알려주세요,401.645751953125,1623.377685546875,1672.005615234375,787.6334838867188
MI3_240826_TY1_0612_3_V02-4_1,해외경제 포커스 소비자물가 상승률 꺾은선형에 대해 알려주세요,387.095703125,1639.4381103515625,1672.699951171875,572.4066162109375
MI3_240826_TY1_0612_5_V02-4_1,해외경제 포커스 제2009-10호 환율 차트(꺾은선형)에 대해 알려주세요,406.44720458984375,2026.107666015625,1666.324462890625,834.099853515625
MI3_240826_TY1_0612_6_V02-4_1,해외경제 포커스 제2009-10호의 꺾은선형 차트에 대해 알려주세요,399.1898498535156,1944.3194580078125,1679.4454345703125,832.6504516601562
MI3_240826_TY1_0662_1_V02-8_1,미국 소비지표 및 취업자수 혼합형에 대해 알려주세요,237.2156982421875,2567.845458984375,997.6298828125,652.3251953125
MI3_240826_TY1_0662_2_V02-4_1,유로지역 소비자물가 상승률 전망에 대해 알려주세요,244.72178649902344,2594.6279296875,972.2398681640625,678.8500366210938
MI3_240826_TY1_0662_3_V02-4_2,일본 이동통신요금 상승률 차트(꺾은선형)에 대해 알려주세요,1249.7218017578125,2579.8486328125,929.2740478515625,622.94580078125
MI3_240826_TY1_0662_4_V02-8_1,중국 1인당 GDP 및 5분위 배율에 대해 알려주세요,333.8542785644531,2484.531494140625,893.8296508789062,653.5079956054688
MI3_240826_TY1_0662_5_V02-3_1,인도 정부의 재정수지와 관련된 8개 부문에 대한 원형 차트에 대해 알려주세요,1246.9346923828125,1907.0936279296875,930.7072143554688,727.196533203125
MI3_240826_TY1_0662_6_V02-4_1,OPEC+ 회의 결과와 국제유가 추세에 대한 꺾은선형 차트에 대해 알려주세요,1197.008544921875,2604.15625,912.1580200195312,600.5231323242188
MI3_240826_TY1_0664_1_V02-4_1,충북지역 기업경기조사 결과 (2008년 11월 동향 및 12월 전망) I. 2008년 11월 충북지역 기업경기 동향 꺾은선형 차트에 대해 알려주세요,261.56219482421875,2279.349853515625,1633.988525390625,472.270263671875
MI3_240826_TY1_0664_2_V01_1,08.3월 4월 5월 6월 7월 8월 전년대비 변동폭 표에 대해 알려주세요,201.85302734375,2151.123779296875,1758.8778076171875,587.7080078125
MI3_240826_TY1_0664_3_V01_1,제조업 주요 BSI 추이 표에 대해 알려주세요,202.02191162109375,2455.488037109375,1759.305908203125,341.0527038574219
MI3_240826_TY1_0664_4_V01_1,경영애로 사항 표에 대해 알려주세요,199.5264892578125,1947.458984375,1752.01416015625,809.196044921875
MI3_240826_TY1_0664_5_V01_1,부문별 비제조업BSI 표에 대해 알려주세요,203.17327880859375,1162.3978271484375,1755.5863037109375,729.2076416015625
MI3_240826_TY1_0664_6_V02-3_1,원형에 대해 알려주세요,228.80340576171875,1061.9417724609375,1667.7547607421875,678.8111572265625
MI3_240826_TY1_0666_1_V02-4_1,주요국 주가지수 꺾은선형에 대해 알려주세요,405.03717041015625,2168.587646484375,1679.13037109375,787.0548706054688
MI3_240826_TY1_0666_2_V02-4_2,미국 채권수익률 차트(꺾은선형)에 대해 알려주세요,391.8992614746094,1447.293212890625,788.9488525390625,781.9998779296875
MI3_240826_TY1_0666_4_V02-4_1,반도체가격 꺾은선형에 대해 알려주세요,400.970947265625,1106.51318359375,1672.1170654296875,719.9739379882812
MI3_240826_TY1_0666_5_V02-4_1,해외경제 포커스 2003-50호의 시각요소 제목에 대한 꺾은선형 차트에 대해 알려주세요,484.63641357421875,1763.2059326171875,1515.0089111328125,742.2742919921875
MI3_240826_TY1_0666_6_V02-4_1,소매판매 증가율 및 소비자신뢰지수 꺾은선형에 대해 알려주세요,603.1055297851562,2278.51171875,1275.73681640625,602.7158203125
MI3_240826_TY1_0667_1_V02-4_1,IT 관련 생산자물가지수 추이에 대한 차트(꺾은선형)에 대해 알려주세요,309.8042907714844,681.0941772460938,1582.56298828125,607.4465942382812
MI3_240826_TY1_0667_2_V01_1,IT 상품 수출입 증가율 비교 에 대해 알려주세요,330.73443603515625,1798.07470703125,1595.9864501953125,588.5092163085938
MI3_240826_TY1_0667_3_V02-8_1,경제 생산성과 관련된 차트(혼합형)에 대해 알려주세요,380.9143371582031,1913.22900390625,1471.1036376953125,745.1683959960938
MI3_240826_TY1_0667_6_V01_1,IT839 전략의 주요 내용 및 관련된 정보에 대해 알려주세요,365.3533020019531,456.91986083984375,1553.4451904296875,800.3445434570312
MI3_240826_TY1_0676_1_V02-8_2,소비자신뢰지수 추이에 대해 알려주세요,414.5195007324219,648.3469848632812,816.6197509765625,719.1644287109375
MI3_240826_TY1_0676_2_V02-8_1,해외경제 포커스 제2003-10호 차트(혼합형)에 대해 알려주세요,431.1902770996094,1646.1309814453125,1607.18798828125,699.6296997070312
MI3_240826_TY1_0676_3_V02-4_2,환율누적변화 추이 차트(꺾은선형)에 대해 알려주세요,384.6552429199219,1617.464599609375,820.5780029296875,776.93408203125
MI3_240826_TY1_0676_4_V02-4_1,해외경제 포커스 제2003-10호의 꺾은선형 차트에 대해 알려주세요,714.0336303710938,935.3575439453125,1134.09619140625,726.329345703125
MI3_240826_TY1_0676_5_V02-4_1,해외경제 포커스 제2003-10호의 유럽중앙은행의 기준금리 추이 꺾은선형 차트에 대해 알려주세요,410.0205383300781,2206.457275390625,1645.82568359375,758.1123046875
MI3_240826_TY1_0676_6_V02-4_1,해외경제 포커스 제2003-10호 차트(꺾은선형)에 대해 알려주세요,419.2134094238281,847.51513671875,1649.7138671875,776.8826904296875
MI3_240826_TY1_0679_1_V02-4_2,부산지역 자동차산업의 업황BSI 추이 차트(꺾은선형)에 대해 알려주세요,419.89495849609375,2512.4814453125,1661.8580322265625,638.653076171875
MI3_240826_TY1_0679_2_V02-4_1,부산 자동차산업의 노동생산성 추이 비교 꺾은선형에 대해 알려주세요,445.85693359375,1443.41162109375,1612.233154296875,778.32275390625
MI3_240826_TY1_0679_3_V02-4_1,부산지역 자동차산업의 성장성 꺾은선형에 대해 알려주세요,468.36199951171875,2010.949951171875,1611.96533203125,864.4814453125
MI3_240826_TY1_0679_4_V02-4_1,부산지역 자동차산업 동향의 차트(꺾은선형)에 대해 알려주세요,424.0160827636719,1397.948486328125,1644.128662109375,739.6953125
MI3_240826_TY1_0679_5_V02-4_1,부산지역 자동차산업의 업황BSI1) 추이 꺾은선형 차트에 대해 알려주세요,413.3114929199219,1637.5172119140625,1651.4443359375,770.7634887695312
MI3_240826_TY1_0679_6_V02-4_1,T01 T02 T03 차트(꺾은선형)에 대해 알려주세요,420.17120361328125,1185.770751953125,1660.2298583984375,837.8746948242188
MI3_240826_TY1_0687_1_V01_1,중앙정부 광관련 R&D과제 분류 표에 대해 알려주세요,331.825439453125,762.0433349609375,906.0453491210938,536.4746704101562
MI3_240826_TY1_0697_1_V02-1_1,주택 매수우위지수 차트(세로 막대형)에 대해 알려주세요,301.7416687011719,450.85333251953125,928.256103515625,698.7313842773438
MI3_240826_TY1_0697_2_V02-4_1,대전 구별 미분양주택 추이에 대해 알려주세요,1273.829833984375,461.8069763183594,941.6686401367188,697.03076171875
MI3_240826_TY1_0697_3_V02-1_2,종류별 주택 전세가격 상승률 차트(세로 막대형)에 대해 알려주세요,632.0477905273438,2393.663330078125,1205.9345703125,655.8779296875
MI3_240826_TY1_0697_4_V02-4_3,대전 토지거래량 추이 꺾은선형에 대해 알려주세요,309.20654296875,2425.73046875,936.6549072265625,643.490234375
MI3_240826_TY1_0697_5_V02-1_2,대전 2인이하 가구 비중 추이에 대해 알려주세요,328.31396484375,1063.9884033203125,925.6396484375,514.5508422851562
MI3_240826_TY1_0697_6_V01_2,유형별 주택수 비중 차트(가로 막대형)에 대해 알려주세요,330.3665466308594,2531.25830078125,880.6055908203125,609.302734375
MI3_240826_TY1_0699_1_V01_1,우리나라 컴퓨터 소프트웨어의 총공급액과 관련된 데이터 시각화에 대해 알려주세요,401.9402770996094,991.6885986328125,1698.3505859375,1034.52783203125
MI3_240826_TY1_0699_2_V01_1,정부부문의 소프트웨어 고정자본형성과 관련된 데이터 표에 대해 알려주세요,400.2490539550781,2007.7327880859375,1677.7713623046875,809.2447509765625
MI3_240826_TY1_0699_3_V01_1,제목에 따른 부가가치계와 중간투입의 변화 분석에 대해 알려주세요,412.98406982421875,602.221435546875,1651.84130859375,961.2640991210938
MI3_240826_TY1_0699_4_V01_1,우리나라 컴퓨터 소프트웨어의 투자 처리와 관련된 데이터에 대해 알려주세요,408.7328796386719,1874.395751953125,1653.7332763671875,602.04931640625
MI3_240826_TY1_0712_1_V02-4_2,주요국별 최근 동향 및 하반기 전망에 대한 민간소비지출 꺾은선형에 대해 알려주세요,316.1004333496094,2208.0361328125,871.5855712890625,918.352783203125
MI3_240826_TY1_0712_2_V02-4_1,실업률 및 HangSeng지수 차트(꺾은선형)에 대해 알려주세요,1283.3802490234375,2228.87060546875,835.60302734375,848.42529296875
MI3_240826_TY1_0712_3_V02-8_2,무역 관련 차트(혼합형)에 대해 알려주세요,314.989013671875,1145.9476318359375,900.22021484375,918.6978759765625
MI3_240826_TY1_0712_4_V02-4_1,제목에 기반하여 민간소비지출과 GDP의 변화 추세를 분석한 선형 차트에 대해 알려주세요.,311.2615661621094,2133.0615234375,902.872314453125,920.0338745117188
MI3_240826_TY1_0712_5_V02-8_1,말레이시아의 경제 동향에 대한 혼합형 차트에 대해 알려주세요.,316.32476806640625,1997.6038818359375,896.9750366210938,919.9083251953125
MI3_240826_TY1_0712_6_V02-8_1,소비자물가 및 해외근로자 송금액 혼합형에 대해 알려주세요,308.827392578125,2041.20068359375,904.3495483398438,922.042724609375
MI3_240826_TY1_0722_1_V02-4_1,영국의 지급수단 이용 전망 꺾은선형 차트에 대해 알려주세요,509.9848937988281,477.68707275390625,1581.7218017578125,1009.0908203125
MI3_240826_TY1_0722_2_V01_1,수표 및 기타 장표 지급수단의 변화 표에 대해 알려주세요,1318.1329345703125,2173.842529296875,892.167236328125,815.288330078125
MI3_240826_TY1_0722_3_V01_1,결제성계좌 미보유 현황 표에 대해 알려주세요,522.9267578125,470.4001159667969,1766.1307373046875,656.7552490234375
MI3_240826_TY1_0722_4_V02-1_2,캐나다의 장표·전자 지급수단 이용비중 추이 차트(세로 막대형)에 대해 알려주세요,446.75787353515625,555.8019409179688,924.73095703125,882.9838256835938
MI3_240826_TY1_0722_5_V01_1,호주의 주요 소액결제 종류와 관련된 표에 대해 알려주세요,345.7011413574219,463.8890380859375,1914.59521484375,984.1134033203125
MI3_240826_TY1_0728_1_V01_1,계약이행 여부의 판단이 용이한 반면 예상치 못한 상황이 전개될 때 시각 요소인 표의 특성에 대해 알려주세요.,377.01287841796875,1076.9027099609375,1525.0379638671875,755.1295166015625
MI3_240826_TY1_0728_2_V01_1,회사채 잔액 중 금융기관 보증 잔액의 비중 추이 단위: 표에 대해 알려주세요.,356.6202697753906,1572.3505859375,1572.8685302734375,619.2392578125
MI3_240826_TY1_0728_3_V02-4_2,에 대한 시각요소 제목과 관련된 꺾은선형 차트에 대해 알려주세요,1301.7047119140625,1123.819091796875,579.9239501953125,519.1986694335938
MI3_240826_TY1_0728_4_V02-4_5,시설자금 차트(꺾은선형)에 대해 알려주세요,496.3311462402344,1017.3838500976562,1324.156494140625,1641.053466796875
MI3_240826_TY1_0728_5_V02-4_4,T01 T02 T03 차트(꺾은선형)에 대해 알려주세요,1219.8594970703125,1483.3802490234375,595.0567626953125,415.6607666015625
MI3_240826_TY1_0728_6_V02-4_2,T01 T02 T03 차트(꺾은선형)에 대해 알려주세요,519.431396484375,344.4386901855469,587.0558471679688,464.7721252441406
MI3_240826_TY1_0731_1_V02-8_1,소득수지 추이 혼합형에 대해 알려주세요,377.1605529785156,1079.30322265625,1437.9400634765625,785.208984375
MI3_240826_TY1_0731_3_V02-4_1,해외서비스소비/국내서비스소비 비율 꺾은선형 차트에 대해 알려주세요,366.6608581542969,673.1636352539062,1484.7718505859375,740.2200927734375
MI3_240826_TY1_0731_4_V02-8_1,상품수지 추세 혼합형에 대해 알려주세요,300.2645263671875,768.7498168945312,1535.9952392578125,779.1094360351562
MI3_240826_TY1_0770_1_V01_1,건축허가 면적에 대한 표에 대해 알려주세요,350.444091796875,2517.654296875,1783.563232421875,617.677001953125
MI3_240826_TY1_0770_2_V01_1,4. 대외거래 본문에 대한 표에 대해 알려주세요,348.3935241699219,1327.7418212890625,1732.7125244140625,1412.6314697265625
MI3_240826_TY1_0770_3_V01_1,2010년 7월 실업률에 대해 알려주세요,340.2487487792969,1678.2376708984375,1798.7626953125,1403.5263671875
MI3_240826_TY1_0770_4_V01_1,소비자물가와 관련된 자료에서 다양한 지표를 포함한 차트에 대해 알려주세요,388.0549011230469,1478.4654541015625,1749.078857421875,1115.9708251953125
MI3_240826_TY1_0770_5_V01_1,부동산가격 동향에 대해 알려주세요,349.9026184082031,1102.6873779296875,1733.9078369140625,898.9267578125
MI3_240826_TY1_0770_6_V01_1,7. 인천항 수출입 물동량 관련 표에 대해 알려주세요,388.0632629394531,1558.2640380859375,1707.6448974609375,1360.8154296875
MI3_240826_TY1_0772_1_V01_1,신용보증 기관의 신용보증실적에 대해 알려주세요.,367.9443054199219,1355.5770263671875,1729.951904296875,1357.3504638671875
MI3_240826_TY1_0772_2_V01_1,4. 자금사정과 관련된 지표에 대해 알려주세요,432.2414245605469,2122.035888671875,1689.646240234375,1042.510986328125
MI3_240826_TY1_0772_3_V01_1,Ⅱ. 실물동향제조업 생산·출하·재고동향에 대해 알려주세요,345.533447265625,1712.2216796875,1758.3408203125,1371.4359130859375
MI3_240826_TY1_0772_4_V01_1,공장 가동률 (%) 에 대해 알려주세요,366.7533874511719,1519.0740966796875,1745.461181640625,1176.6065673828125
MI3_240826_TY1_0772_5_V01_1,소비관련 주요지표 추이 차트(세로 막대형)에 대해 알려주세요,351.6962585449219,1157.1678466796875,1781.8515625,754.42578125
MI3_240826_TY1_0772_6_V01_1,4. 대외거래에 대한 표에 대해 알려주세요,348.39056396484375,1300.7342529296875,1732.77880859375,1407.676025390625
MI3_240826_TY1_0787_1_V02-8_1,물류산업 관련 주요 지표 추이에 대해 알려주세요,1584.862060546875,2378.741455078125,598.868896484375,677.071533203125
MI3_240826_TY1_0787_2_V02-1_1,인천지역 물류산업 규모 차트(세로 막대형)에 대해 알려주세요,296.9416198730469,1556.520751953125,920.978271484375,894.5118408203125
MI3_240826_TY1_0787_3_V02-8_4,인천지역 물류산업 매출액 추이에 대한 혼합형 차트에 대해 알려주세요,940.7471313476562,1249.532958984375,616.1447143554688,679.9736938476562
MI3_240826_TY1_0791_1_V02-1_1,인천지역 바이오시밀러 산업의 부가가치율과 관련된 차트(세로 막대형)에 대해 알려주세요,326.7013244628906,1556.9442138671875,883.7095947265625,538.4356689453125
MI3_240826_TY1_0797_1_V02-8_2,2014년 인천지역 금융기관의 총수신액 추이에 대해 알려주세요,1252.8314208984375,2030.8756103515625,894.0675048828125,805.1417236328125
MI3_240826_TY1_0797_2_V02-8_2,비은행 금융기관 여신 추이 혼합형에 대해 알려주세요,1267.1898193359375,2142.552001953125,904.2440185546875,810.1544799804688
MI3_240826_TY1_0797_3_V02-4_1,전국 지방 인천 차트(꺾은선형)에 대해 알려주세요,396.3432922363281,1890.1463623046875,1783.3333740234375,966.1009521484375
MI3_240826_TY1_0797_4_V02-8_1,부도업체 및 신설법인수에 대한 혼합형 차트에 대해 알려주세요,329.497314453125,1289.9952392578125,1921.067626953125,964.425048828125
MI3_240826_TY1_0797_5_V01_1,산업단지 조업동향 차트에 대해 알려주세요,318.46038818359375,1256.9561767578125,1867.013916015625,1354.1661376953125
MI3_240826_TY1_0797_6_V01_1,인천지역 소비관련 주요지표에 대한 차트(세로 막대형)에 대해 알려주세요,338.4925842285156,1556.0670166015625,1828.09326171875,997.578125
MI3_240826_TY1_0802_1_V02-8_1,일본의 GDP 성장률 및 부문별 기여도 혼합형 차트에 대해 알려주세요,489.35504150390625,1972.8546142578125,1500.351806640625,806.0457763671875
MI3_240826_TY1_0802_2_V02-4_1,고용 및 임금 증가율과 법인기업 매출액 경상이익률에 대해 알려주세요,404.02001953125,1642.370849609375,801.042236328125,639.985107421875
MI3_240826_TY1_0802_3_V02-8_1,2002년 1월 이후 확장국면이 55개월째 지속되고 있는 배경에 대해 알려주세요,540.40966796875,1015.7518920898438,1406.96923828125,830.6090087890625
MI3_240826_TY1_0802_4_V02-4_1,GDP대비 R&D투자 비율에 관한 꺾은선형 차트에 대해 알려주세요,603.558837890625,675.1296997070312,1299.21630859375,827.9007568359375
MI3_240826_TY1_0802_5_V02-8_1,금융산업 재건과 금융중개기능 회복에 대한 차트(혼합형)에 대해 알려주세요,1325.232177734375,2288.858154296875,709.45751953125,633.01171875
MI3_240826_TY1_0802_6_V02-8_1,공공부문 개혁과 경제정책의 일관성에 따른 공공투자의 GDP 성장 기여도 추이에 대해 알려주세요,649.2247924804688,2352.333984375,1176.7418212890625,575.032958984375
MI3_240826_TY1_0803_1_V02-4_1,일본의 경상수지흑자 추이와 관련된 차트(꺾은선형)에 대해 알려주세요,633.3595581054688,2228.510498046875,1131.6939697265625,645.984619140625
MI3_240826_TY1_0803_2_V02-4_1,소득수지와 서비스수지의 변화에 대한 꺾은선형 차트에 대해 알려주세요,1215.808837890625,2115.198486328125,782.6668701171875,704.6613159179688
MI3_240826_TY1_0803_3_V02-4_1,Ⅱ. 현황 및 유의 변화 1. 年 현황 시각요소 꺾은선형에 대해 알려주세요,519.1820068359375,1699.15283203125,1118.774169921875,696.318115234375
MI3_240826_TY1_0803_4_V02-4_2,소득수지 추이 꺾은선형에 대해 알려주세요,1235.236083984375,2297.20654296875,794.991943359375,747.907958984375
MI3_240826_TY1_0803_5_V02-4_3,"과잉설비, 과잉고용, 과잉부채의 해소와 관련된 13 (배) 99년 2/4분기 차트(꺾은선형)에 대해 알려주세요",280.88848876953125,376.2244567871094,1768.178466796875,869.0828247070312
MI3_240826_TY1_0803_6_V02-4_1,설비투자 증가 추이 꺾은선형에 대해 알려주세요,585.38916015625,767.154296875,1328.3482666015625,596.8065185546875
MI3_240826_TY1_0811_1_V01_1,담력게임의 보수행렬에 대해 알려주세요,360.8601989746094,485.5829162597656,1516.933349609375,744.4019165039062
MI3_240826_TY1_0811_3_V01_1,물가이론 에 대해 알려주세요,358.3458557128906,1662.399658203125,1534.8109130859375,763.8818359375
MI3_240826_TY1_0811_4_V02-8_1,우리나라의 국가부채 및 재정수지 추이에 대해 알려주세요.,355.6362609863281,561.1490478515625,1529.408447265625,935.8819580078125
MI3_240826_TY1_0813_1_V01_2,제목에 관련된 위계별 공항의 기능에 대해 알려주세요,360.50653076171875,2687.4462890625,1760.148193359375,342.85595703125
MI3_240826_TY1_0813_2_V01_1,전남 서남권의 공항 및 국제항로 활성화 방안에 대해 알려주세요,352.66595458984375,1808.328857421875,1771.664794921875,582.7118530273438
MI3_240826_TY1_0813_4_V01_1,광주공항과 무안공항의 시설비교 차트에 대해 알려주세요,354.2908020019531,1629.053955078125,1763.4627685546875,731.84716796875
MI3_240826_TY1_0813_5_V01_1,김해공항과 무안공항의 여객운송 실적을 다룬 표에 대해 알려주세요,344.5774230957031,1620.8597412109375,1788.5299072265625,629.0781860351562
MI3_240826_TY1_0813_6_V01_1,전남 서남권의 공항 및 국제항로 활성화 방안에 대해 알려주세요,351.11407470703125,595.4837646484375,1766.8948974609375,552.641357421875
MI3_240826_TY1_0838_1_V02-4_1,I. 실물동향 차트(꺾은선형)에 대해 알려주세요,444.87615966796875,2219.225341796875,1648.890625,815.988525390625
MI3_240826_TY1_0838_2_V02-8_1,Ⅱ. 금융 동향 및 금융기관 수신 추이에 대해 알려주세요,350.34326171875,2163.5615234375,1778.0299072265625,927.5277709960938
MI3_240826_TY1_0838_3_V02-8_1,신용보증 추이에 대한 혼합형 차트에 대해 알려주세요,440.80194091796875,1001.3555908203125,1630.8359375,678.1558837890625
MI3_240826_TY1_0838_4_V02-4_1,어음부도율 추이 차트(꺾은선형)에 대해 알려주세요,415.30072021484375,933.6275024414062,1631.5526123046875,921.5180053710938
MI3_240826_TY1_0838_5_V02-4_1,제조업 생산 증감률 추이 꺾은선형에 대해 알려주세요,335.8250427246094,2009.395751953125,1755.2481689453125,996.6228637695312
MI3_240826_TY1_0838_6_V02-4_1,I · 가계의 소비 심리 현재생활형편 및 생활형편전망 꺾은선형에 대해 알려주세요,443.517822265625,1896.827880859375,1621.99169921875,933.0546264648438
MI3_240826_TY1_0842_1_V02-4_1,지역경제동향 I. 실물동향 제조업 생산 증감률 추이 꺾은선형에 대해 알려주세요,432.10638427734375,2199.982177734375,1636.44970703125,866.25927734375
MI3_240826_TY1_0842_2_V02-1_1,신용보증 추이에 대해 알려주세요,463.43756103515625,2359.656494140625,1591.2176513671875,665.4210815429688
MI3_240826_TY1_0842_3_V02-4_1,어음부도율 추이에 대해 알려주세요,409.81573486328125,1035.4783935546875,1706.8944091796875,1019.7947998046875
MI3_240826_TY1_0842_4_V02-4_1,제조업 생산 증감률 추이 꺾은선형에 대해 알려주세요,349.83544921875,2094.50537109375,1736.620849609375,1002.643310546875
MI3_240826_TY1_0842_5_V01_1,제조업의 주요 지표들에 대한 표에 대해 알려주세요,330.7014465332031,2238.5537109375,1831.5830078125,819.5270385742188
MI3_240826_TY1_0842_6_V01_1,2007년 2008년 전월대비 구 분 차트(영역형)에 대해 알려주세요,433.13690185546875,2437.7529296875,1753.4285888671875,584.58984375
MI3_240826_TY1_0858_1_V01_1,에 대한타입의 내용과 관련하여 통상적 상황에서의 공개시장 매입이 미치는 영향에 대해 알려주세요.,350.2270202636719,1350.015380859375,1779.7508544921875,1608.9730224609375
MI3_240826_TY1_0858_2_V02-6_1,인플레이션 목표와 명목금리 하한의 발생 가능성에 대해 알려주세요,456.69366455078125,587.6878662109375,1511.498291015625,900.5303955078125
MI3_240826_TY1_0858_3_V01_1,서비스산업 비중 추이에 대해 알려주세요,547.3923950195312,2078.989990234375,1582.9036865234375,377.778564453125
MI3_240826_TY1_0863_1_V01_1,소비자물가 추이 (전년동기대비 등락률) 차트에 대해 알려주세요,307.5790710449219,1445.7911376953125,1925.911376953125,1709.5533447265625
MI3_240826_TY1_0863_2_V01_1,Ⅱ. 금융경제동향 1. 금융기관 여수신 금융기관 여수신 동향 표에 대해 알려주세요,302.444580078125,2034.5694580078125,2017.6632080078125,1231.4227294921875
MI3_240826_TY1_0863_3_V01_1,"가. 예금은행 본문에 포함된 (억원, %) 잔액 증 감액 표에 대해 알려주세요",302.32757568359375,1471.805908203125,2009.873046875,1649.2967529296875
MI3_240826_TY1_0863_4_V01_1,나. 비은행기관 본문 표에 대해 알려주세요,302.5835266113281,1366.1485595703125,1970.2001953125,1506.0435791015625
MI3_240826_TY1_0863_5_V01_1,신용보증기금의 신용보증 동향에 대해 알려주세요,304.944580078125,2368.44091796875,1977.4730224609375,900.9938354492188
MI3_240826_TY1_0863_6_V01_1,가계수표 이용에 대한 결제장수와 결제금액의 변동에 대해 알려주세요,385.5092468261719,2159.173583984375,1830.47412109375,878.3037109375
MI3_240826_TY1_0868_1_V01_1,농수축산물 출하 관련 지표의 표에 대해 알려주세요,306.1856689453125,1553.632568359375,1910.6749267578125,1459.87548828125
MI3_240826_TY1_0868_2_V01_1,소비관련 지표 추이에 대해 알려주세요,410.69000244140625,1775.36181640625,1927.7691650390625,1506.0565185546875
MI3_240826_TY1_0868_3_V01_1,건설투자 관련 지표 추이 차트에 대해 알려주세요,304.90997314453125,1874.71240234375,2089.83544921875,1379.90478515625
MI3_240826_TY1_0868_4_V01_1,관광관련 지표 추이 차트(세로 막대형)에 대해 알려주세요,303.9483337402344,1462.02197265625,1912.4473876953125,1634.949951171875
MI3_240826_TY1_0868_5_V01_1,고용 추이와 관련된 표에 대해 알려주세요,302.15863037109375,1538.0687255859375,1970.6845703125,1615.073486328125
MI3_240826_TY1_0868_6_V01_1,이 문서에서 소비자물가 추이와 관련된 연도별 및 품목별 가격 변동에 대해 알려주세요,306.9977722167969,1435.70947265625,1948.6435546875,1682.2694091796875
MI3_240826_TY1_0874_1_V01_1,제조업 생산활동 지표 추이에 대해 알려주세요,442.6934509277344,1944.4420166015625,1735.0948486328125,1145.881591796875
MI3_240826_TY1_0874_2_V01_1,관광관련 지표 추이 표에 대해 알려주세요,439.6349792480469,1845.2745361328125,1727.4893798828125,1304.4217529296875
MI3_240826_TY1_0874_3_V01_1,농·수·축산물 출하액과 관련된 표에 대해 알려주세요.,426.7210388183594,1985.9295654296875,1753.7545166015625,1091.6214599609375
MI3_240826_TY1_0874_4_V01_1,물가 및 부동산 가격 소비자물가 차트에 대해 알려주세요,441.41619873046875,1998.9559326171875,1744.565185546875,1164.052978515625
MI3_240826_TY1_0874_5_V01_1,부동산 가격 주택 및 토지가격 추이에 대해 알려주세요,475.532958984375,1550.7784423828125,1701.7977294921875,1205.4991455078125
MI3_240826_TY1_0874_6_V01_1,Ⅱ. 금융경제동향금융기관 여수신 추이에 대해 알려주세요,487.33990478515625,2045.020751953125,1691.5257568359375,939.1893920898438
MI3_240826_TY1_0881_1_V01_1,I. 실물경제동향 1.수요 소비관련 주요 지표 추이에 대해 알려주세요,299.82574462890625,2210.571533203125,1863.9034423828125,980.4423217773438
MI3_240826_TY1_0881_2_V01_1,의 본문에 대해 알려주세요,317.229248046875,1887.3153076171875,1858.7489013671875,1320.294677734375
MI3_240826_TY1_0881_3_V01_1,제조업 생산활동 지표 추이에 대해 알려주세요,306.2478332519531,2083.4453125,1862.00537109375,1049.6534423828125
MI3_240826_TY1_0881_4_V01_1,관광관련 지표 추이 차트에 대해 알려주세요,318.51611328125,1879.73583984375,1836.35888671875,1283.253662109375
MI3_240826_TY1_0881_5_V01_1,에 대한 V 타입의 데이터 내용을 포함하여 그래프와 관련된 정보를 알려주세요.,312.525634765625,2081.286376953125,1841.5355224609375,952.249755859375
MI3_240826_TY1_0881_6_V01_1,고용관련 지표 추이 차트에 대해 알려주세요,300.5873718261719,1755.4228515625,1876.713623046875,1354.286865234375
MI3_240826_TY1_0882_1_V01_1,I. 실물경제동향 1. 수요 소비관련 주요 지표 추이에 대해 알려주세요,306.5411071777344,2221.2431640625,1853.594482421875,978.000732421875
MI3_240826_TY1_0882_2_V01_1,설비투자 BSI 및 건설수주액 관련 차트에 대해 알려주세요,313.945068359375,1900.4342041015625,1858.859619140625,1305.6517333984375
MI3_240826_TY1_0882_3_V01_1,2. 산업활동 1 제조업 제조업 생산활동 지표 추이에 대해 알려주세요,305.59521484375,1989.8319091796875,1863.45849609375,1213.9268798828125
MI3_240826_TY1_0882_4_V01_1,관광 관련 지표 추이에 대해 알려주세요,309.59429931640625,1892.9072265625,1858.6522216796875,1258.528076171875
MI3_240826_TY1_0882_5_V01_1,농·수·축산물 출하액과 관련된 데이터의 차트에 대해 알려주세요,331.3503723144531,1778.5301513671875,1839.1419677734375,950.9281005859375
MI3_240826_TY1_0882_6_V01_1,고용 관련 지표 추이에 대해 알려주세요,299.7529296875,1854.628173828125,1878.4395751953125,1339.9432373046875
MI3_240826_TY1_0886_1_V01_1,I. 실물경제동향소비관련 주요 지표 추이에 대해 알려주세요,302.35595703125,2313.287109375,1893.15087890625,883.51806640625
MI3_240826_TY1_0886_2_V01_1,의 본문과 관련된 주요 지표 추이에 대해 알려주세요,354.75494384765625,2059.681884765625,1836.045166015625,787.4462890625
MI3_240826_TY1_0886_3_V01_1,산업활동 제조업 생산활동 지표 추이에 대해 알려주세요,294.1542663574219,2075.05419921875,1893.838134765625,1099.23486328125
MI3_240826_TY1_0886_4_V01_1,관광관련 지표 추이 차트에 대해 알려주세요,295.3742980957031,1890.7305908203125,1894.312744140625,1238.7369384765625
MI3_240826_TY1_0886_5_V01_1,농·수·축산물 출하액과 축산물 출하량에 대한 그래프 타입에 대해 알려주세요,301.4833679199219,1916.6759033203125,1888.6572265625,921.6170043945312
MI3_240826_TY1_0886_6_V01_1,3. 고용 관련 지표 추이에 대해 알려주세요,304.8079833984375,1907.252685546875,1880.9227294921875,1284.8837890625
MI3_240826_TY1_0902_1_V01_1,I. 실물경제동향소요 소비관련 주요 지표 추이에 대해 알려주세요,313.0674133300781,2210.42626953125,1919.379150390625,952.1982421875
MI3_240826_TY1_0902_2_V01_1,"(전년동기대비 증가율, %) 차트에 대해 알려주세요",312.0584716796875,2078.01220703125,1929.1749267578125,1094.943603515625
MI3_240826_TY1_0902_3_V01_1,2. 산업활동 1 제조업 제조업 생산활동 지표 추이에 대해 알려주세요,364.1499938964844,1998.097412109375,1881.4810791015625,1099.769775390625
MI3_240826_TY1_0902_4_V01_1,관광관련 지표 추이 차트(세로 막대형)에 대해 알려주세요,321.0078125,1936.2547607421875,1914.873291015625,1154.4638671875
MI3_240826_TY1_0902_5_V01_1,농·수·축산물 출하 관련 지표 추이에 대해 알려주세요,402.6067199707031,2271.64111328125,1836.828369140625,836.1744995117188
MI3_240826_TY1_0902_6_V01_1,고용 관련 지표 추이 차트(세로 막대형)에 대해 알려주세요,296.43505859375,1857.9420166015625,1941.215576171875,1298.4359130859375
MI3_240826_TY1_0903_1_V01_1,I · 실물경제동향 소비관련 주요 지표에 대해 알려주세요,241.39791870117188,1972.9422607421875,2007.95654296875,1177.842041015625
MI3_240826_TY1_0903_2_V01_1,제목에 따른 시각요소 제목 및 범례에 대해 알려주세요.,233.46408081054688,2044.908447265625,2010.003662109375,1133.2042236328125
MI3_240826_TY1_0903_3_V01_1,2. 산업활동 1관광 관광관련 지표에 대해 알려주세요,235.6533660888672,1846.010986328125,1994.175537109375,1333.25537109375
MI3_240826_TY1_0903_4_V01_1,농·수·축산물 출하관련 지표에 대해 알려주세요,244.71632385253906,2010.8538818359375,1988.5760498046875,1078.842529296875
MI3_240826_TY1_0903_5_V01_1,"제조업 생산 및 출하, 재고 통계에 대해 알려주세요",238.54811096191406,1527.2147216796875,2005.292236328125,1322.501220703125
MI3_240826_TY1_0903_6_V01_1,2008 2009 2007 연간 통계에 대한 차트(세로 막대형)에 대해 알려주세요,236.03753662109375,1882.1773681640625,2010.63916015625,1288.7135009765625
MI3_240826_TY1_0906_1_V02-4_1,주요경제도표 제조업 생산·출하·재고 꺾은선형에 대해 알려주세요,366.7117004394531,770.7631225585938,1742.5826416015625,964.1260375976562
MI3_240826_TY1_0906_2_V02-4_1,관광객 내도 추이 소비자물가 상승률 추이 꺾은선형에 대해 알려주세요,367.28167724609375,528.1390991210938,1742.7330322265625,1030.879638671875
MI3_240826_TY1_0906_3_V02-1_1,금융기관 수신증가액 추이 (전월대비 증감액) 차트(세로 막대형)에 대해 알려주세요,370.5343933105469,1973.324462890625,1694.02392578125,1002.0341186523438
MI3_240826_TY1_0906_5_V02-1_1,중소기업 대출잔액 추이 차트(세로 막대형)에 대해 알려주세요,347.14422607421875,2010.43408203125,1781.12158203125,1116.176513671875
MI3_240826_TY1_0906_6_V01_1,I 실물경제동향 소비관련 주요 지표 차트에 대해 알려주세요,246.16481018066406,2208.181640625,2014.8558349609375,971.704833984375
MI3_240826_TY1_0915_2_V02-4_1,Ⅱ. 도내 대형마트 현황 1. 대형마트 일반 현황 대형마트 출점 추이 꺾은선형 차트에 대해 알려주세요,377.4479675292969,2077.406494140625,1736.2679443359375,1027.872314453125
MI3_240826_TY1_0915_3_V02-1_1,관광수입을 감안한 시나리오별 포화지수 차트(세로 막대형)에 대해 알려주세요,411.2370910644531,2181.504150390625,1668.9971923828125,854.804931640625
MI3_240826_TY1_0915_4_V01_1,제목에 따른 재래시장 이용 빈도의 통계와 표에 대해 알려주세요,562.1076049804688,2432.723876953125,1355.8997802734375,702.290283203125
MI3_240826_TY1_0915_5_V03_1,대형마트 진출이 소비자 후생에 미치는 영향 다이어그램에 대해 알려주세요,438.01568603515625,2521.22705078125,1605.839111328125,639.27685546875
MI3_240826_TY1_0919_1_V02-1_2,주택보급률 비교와 관련된 차트에 대해 알려주세요,336.025390625,2158.109130859375,892.8658447265625,776.453369140625
MI3_240826_TY1_0919_2_V02-1_1,아파트 분양가 추이와 관련된 세로 막대형 차트에 대해 알려주세요,1240.9158935546875,1465.1700439453125,896.5225830078125,740.5401611328125
MI3_240826_TY1_0919_3_V02-1_1,지난해 제주지역의 주택매매가격과 시도별 주택매매가격 등락률 비교 차트(세로 막대형)에 대해 알려주세요,1276.354248046875,2473.353515625,831.3318481445312,636.9420776367188
MI3_240826_TY1_0919_4_V02-1_1,"제목에 따른 다가구, 다세대, 연립, 아파트의 수치 및 경향에 대해 알려주세요",1267.3636474609375,2504.757080078125,869.2745361328125,630.5830078125
MI3_240826_TY1_0919_5_V02-1_1,제주지역 아파트 건축 인허가 실적 추이 비교 차트(세로 막대형)에 대해 알려주세요,335.4284973144531,1485.9156494140625,881.3961791992188,625.0528564453125
MI3_240826_TY1_0919_6_V02-1_1,주택 대출상환가능소득 차트(세로 막대형)에 대해 알려주세요,366.6668395996094,2257.14501953125,814.915283203125,861.4684448242188
MI3_240826_TY1_0926_1_V01_1,I. 금융경제동향 1. 금융기관 여수신 금융기관 여수신 추이에 대해 알려주세요,303.041015625,1472.4295654296875,1998.8763427734375,1656.6307373046875
MI3_240826_TY1_0926_2_V01_1,가. 예금은행의 예금 추이에 대해 알려주세요,308.68646240234375,1488.613037109375,1899.8887939453125,1617.642822265625
MI3_240826_TY1_0926_3_V01_1,대출금 추이에 대해 알려주세요,327.1761169433594,1053.2940673828125,1880.6617431640625,1822.1256103515625
MI3_240826_TY1_0926_4_V01_1,잔액 증감액 차트(세로 막대형)에 대해 알려주세요,304.5688781738281,1346.818603515625,1981.0628662109375,1704.377197265625
MI3_240826_TY1_0926_5_V01_1,나. 비은행기관의 여수신 추이에 대해 알려주세요,300.6470031738281,1605.091796875,1936.5859375,1450.4000244140625
MI3_240826_TY1_0926_6_V01_1,2. 중소기업 금융지원 총대출금과 중소기업대출 추이에 대해 알려주세요,305.7227783203125,1136.361328125,1931.5125732421875,611.4613647460938
MI3_240826_TY1_0980_1_V01_1,I. 금융동향 1 수신동향 예금은행 차트(세로 막대형)에 대해 알려주세요,382.2663879394531,2246.03955078125,1832.353515625,662.0615234375
MI3_240826_TY1_0980_2_V01_2,종별 금전신탁 1 동향 표에 대해 알려주세요,381.92364501953125,1880.4979248046875,1805.93359375,909.2806396484375
MI3_240826_TY1_0980_4_V01_1,2002년 11월 예금은행 여신 동향 차트(세로 막대형)에 대해 알려주세요,381.9020690917969,2006.4276123046875,1849.561279296875,688.9085083007812
MI3_240826_TY1_0980_5_V01_2,신탁대출 1 동향 표에 대해 알려주세요,384.6788024902344,626.3128662109375,1750.2838134765625,1414.0225830078125
MI3_240826_TY1_0980_6_V01_1,"본문에 포함된 종합금융회사, 상호저축은행, 신용협동조합 등의 증감액을 나타내는 차트에 대해 알려주세요.",384.3349609375,1197.5113525390625,1784.1817626953125,623.9312744140625
MI3_240826_TY1_0992_1_V02-4_1,제조업 생산지수 증감률 꺾은선형에 대해 알려주세요,376.9457702636719,560.0990600585938,1823.2767333984375,939.97119140625
MI3_240826_TY1_0992_2_V02-4_1,대형소매점판매 및 승용차신규등록대수 꺾은선형 차트에 대해 알려주세요,391.5914306640625,557.0744018554688,1801.997802734375,793.0267333984375
MI3_240826_TY1_0992_3_V01_1,건축착공면적 및 건축허가면적 변화 차트(꺾은선형)에 대해 알려주세요,343.7106018066406,1192.9886474609375,1813.2081298828125,1034.3902587890625
MI3_240826_TY1_0992_4_V01_1,미분양주택 표에 대해 알려주세요,413.83929443359375,2404.802978515625,1679.380615234375,568.743408203125
MI3_240826_TY1_0992_5_V02-8_1,대구경북지역 수출입 혼합형에 대해 알려주세요,478.9090881347656,1815.953857421875,1727.4869384765625,855.033203125
MI3_240826_TY1_0992_6_V02-8_1,4. 물가 및 부동산가격 가. 소비자물가 취업자수 및 고용률 증감 혼합형에 대해 알려주세요,375.5456237792969,553.2394409179688,1820.4013671875,776.0610961914062
MI3_240826_TY1_0994_1_V02-4_1,제조업 생산지수 증감률 꺾은선형 차트에 대해 알려주세요,374.103271484375,552.3237915039062,1789.2606201171875,849.3206787109375
MI3_240826_TY1_0994_2_V02-4_1,대형소매점판매 및 승용차신규등록대수 꺾은선형에 대해 알려주세요,373.8392639160156,552.6622314453125,1741.64501953125,706.204345703125
MI3_240826_TY1_0994_3_V02-4_1,건축허가면적 차트(꺾은선형)에 대해 알려주세요,373.5228576660156,2241.96484375,1793.7139892578125,772.96533203125
MI3_240826_TY1_0994_4_V01_1,대구경북지역 미분양주택 현황 표에 대해 알려주세요,414.88311767578125,2393.092529296875,1631.060791015625,567.198486328125
MI3_240826_TY1_0994_5_V02-8_1,대구경북지역 수출입 혼합형에 대해 알려주세요,473.3980712890625,1816.9029541015625,1702.44384765625,869.4056396484375
MI3_240826_TY1_0994_6_V02-8_1,취업자수 및 고용률 증감에 대해 알려주세요,370.8981628417969,590.6306762695312,1825.9271240234375,766.6221923828125
MI3_240826_TY1_0998_1_V02-4_1,제조업 생산지수 증감률 꺾은선형에 대해 알려주세요,373.3919677734375,569.3343505859375,1623.9508056640625,876.8970947265625
MI3_240826_TY1_0998_2_V01_1,기계류 수입 표에 대해 알려주세요,340.5742492675781,2278.7373046875,1799.2857666015625,749.2197265625
MI3_240826_TY1_0998_3_V01_1,에 대한 표에 대해 알려주세요,342.38739013671875,1083.6263427734375,1769.978759765625,935.9468994140625
MI3_240826_TY1_0998_4_V02-4_1,미분양주택 꺾은선형 차트에 대해 알려주세요,506.9953918457031,1511.69140625,1462.4034423828125,740.605712890625
MI3_240826_TY1_0998_5_V02-8_1,대구경북지역 수출입 혼합형에 대해 알려주세요,407.7311096191406,2013.172607421875,1652.2337646484375,925.7470092773438
MI3_240826_TY1_0998_6_V02-8_1,취업자수 및 고용률 증감 혼합형에 대해 알려주세요,377.61004638671875,2288.08642578125,1645.330078125,692.6669921875
MI3_240828_TY1_0005_1_V02-1_1,지역별 GRDP 규모 차트(세로 막대형)에 대해 알려주세요,1244.577880859375,2490.494140625,905.3174438476562,666.4598999023438
MI3_240828_TY1_0005_2_V02-1_2,영동지역의 산업별 성장률에 대해 알려주세요,307.1242370605469,890.4874267578125,926.5274047851562,755.0401000976562
MI3_240828_TY1_0005_3_V02-4_1,영동지역 서비스업 성장률 추이에 대해 알려주세요,1265.6708984375,2233.109619140625,893.2217407226562,675.1064453125
MI3_240828_TY1_0005_4_V02-1_1,지역별 제조업 비중 차트(세로 막대형)에 대해 알려주세요,1273.8746337890625,925.0758056640625,884.1099243164062,641.373779296875
MI3_240828_TY1_0005_5_V01_1,연평균 비중 성장률 표에 대해 알려주세요,312.3521423339844,2240.628662109375,902.373046875,752.859619140625
MI3_240828_TY1_0005_6_V02-4_1,전년대비 성장률 변화 차트(꺾은선형)에 대해 알려주세요,1246.620849609375,1338.6002197265625,896.3320922851562,657.6451416015625
MI3_240828_TY1_0009_1_V01_2,경남경제리뷰 2014.7.14. The Bank of Korea Gyeongnam에 대해 알려주세요,370.39825439453125,1396.774658203125,1829.7967529296875,388.6346435546875
MI3_240828_TY1_0009_2_V02-4_1,해양플랜트 수주 추이 꺾은선형 차트에 대해 알려주세요,1272.8797607421875,748.0859375,936.4376220703125,617.8583374023438
MI3_240828_TY1_0009_3_V01_2,경남경제리뷰 2014.7.14. The Bank of Korea Gyeongnam에 대해 알려주세요,370.8332824707031,2184.6787109375,1822.23046875,697.2719116210938
MI3_240828_TY1_0009_4_V02-4_1,신조선가 꺾은선형 차트에 대해 알려주세요,317.8963317871094,699.6085815429688,871.4168090820312,702.822998046875
MI3_240828_TY1_0009_5_V02-4_1,가스선 발주금액에 대해 알려주세요,1294.1353759765625,2396.11474609375,825.115966796875,570.612548828125
MI3_240828_TY1_0009_6_V02-3_1,기타 선박 종류와 비율 차트(원형)에 대해 알려주세요,1217.839599609375,2598.553466796875,850.1778564453125,595.15673828125
MI3_240828_TY1_0010_1_V02-1_2,광역시별 지역내 산업에서 문화산업의 비중 차트(가로 막대형)에 대해 알려주세요,372.8179626464844,2172.609130859375,898.9957275390625,692.955322265625
MI3_240828_TY1_0010_2_V01_2,The Regional Economic Issue Paper의 본문에 포함된 차트(가로 막대형)에 대해 알려주세요,353.28289794921875,1205.30859375,1770.9449462890625,878.46240234375
MI3_240828_TY1_0010_3_V02-1_2,광역시별 문화산업 업체당 매출액 차트(세로 막대형)에 대해 알려주세요,363.8656921386719,933.6559448242188,912.138916015625,703.6881713867188
MI3_240828_TY1_0010_4_V01_1,문화산업 육성정책 현황 차트(세로 막대형)에 대해 알려주세요,395.315673828125,2095.733642578125,1736.244873046875,435.8996276855469
MI3_240828_TY1_0010_5_V01_1,The Regional Economic Issue Paper Ⅶ에서 문화 재정에 대한 표에 대해 알려주세요,354.30853271484375,2710.51611328125,1790.89453125,427.3451843261719
MI3_240828_TY1_0013_1_V02-1_4,신용대출 신용등급별 차주수 비중 차트(세로 막대형)에 대해 알려주세요,312.4083251953125,1020.3098754882812,909.859375,629.2879028320312
MI3_240828_TY1_0013_2_V02-1_3,"저축은행 내에서 고신용, 중신용, 저신용 분포를 보여주는 차트(세로 막대형)에 대해 알려주세요",1287.5579833984375,1061.3226318359375,937.21875,600.055419921875
MI3_240828_TY1_0013_3_V02-1_2,개인 총처분가능소득 평균 증가율 차트(세로 막대형)에 대해 알려주세요,315.5057373046875,1307.4886474609375,923.0764770507812,693.2105712890625
MI3_240828_TY1_0013_4_V02-1_1,III. 광주·전남지역 가계부채의 건전성 평가 차트(가로 막대형)에 대해 알려주세요,314.9502258300781,2435.38720703125,943.6002197265625,703.977783203125
MI3_240828_TY1_0013_5_V02-1_1,권역별 총자산 대비 금융자산 비중 차트(세로 막대형)에 대해 알려주세요,1288.8289794921875,441.85614013671875,941.2442626953125,673.0154418945312
MI3_240828_TY1_0013_6_V02-1_2,금융기관별 주택담보대출 증감 차트(세로 막대형)에 대해 알려주세요,1283.681396484375,810.7306518554688,904.9456787109375,676.8379516601562
MI3_240828_TY1_0014_1_V02-4_1,광주지역 배추가격 추이 꺾은선형에 대해 알려주세요,376.02996826171875,1820.5794677734375,831.1358642578125,591.0267333984375
MI3_240828_TY1_0014_2_V02-4_1,소비자심리지수 및 소비지출전망 추이에 대해 알려주세요,1249.76123046875,443.428466796875,825.9949951171875,551.5045776367188
MI3_240828_TY1_0014_3_V02-4_1,경제 지표에 대한 정보를 알고 싶습니다,365.9140319824219,452.1850280761719,855.7716064453125,607.981201171875
MI3_240828_TY1_0014_4_V02-8_1,광주지역 소비자물가 기여도 차트(혼합형)에 대해 알려주세요,1248.25,1579.7198486328125,837.3378295898438,602.0081787109375
MI3_240828_TY1_0014_5_V02-4_1,광주지역 석유류가격 상승률 차트(꺾은선형)에 대해 알려주세요,343.955078125,2112.05859375,823.7333374023438,704.5975952148438
MI3_240828_TY1_0014_6_V02-1_2,2017년 12월 경제 이슈와 관련된 차트(세로 막대형)에 대해 알려주세요,1211.4676513671875,1372.9813232421875,870.5533447265625,611.8756103515625
MI3_240828_TY1_0015_1_V01_1,강원선 KTX 사업 표에 대해 알려주세요,1235.9930419921875,1956.1031494140625,904.83837890625,549.6028442382812
MI3_240828_TY1_0015_2_V02-1_4,전체투자 차트(세로 막대형)에 대해 알려주세요,344.2345275878906,1940.8182373046875,891.034423828125,524.0638427734375
MI3_240828_TY1_0015_3_V02-1_4,기계류 운수장비 세부사항 차트(세로 막대형)에 대해 알려주세요,307.164306640625,2391.3857421875,923.622314453125,619.0397338867188
MI3_240828_TY1_0015_4_V02-4_3,T01 T02 T03 차트(꺾은선형)에 대해 알려주세요,305.6033935546875,889.8817138671875,945.7382202148438,667.0884399414062
MI3_240828_TY1_0015_5_V02-4_1,강원·전국 설비투자효율 비교에 대해 알려주세요,296.66705322265625,1580.521728515625,616.4183349609375,461.1392822265625
MI3_240828_TY1_0015_6_V02-1_5,65.0 (%) 전국 강원 차트(세로 막대형)에 대해 알려주세요,290.56787109375,524.2015380859375,646.1685791015625,675.2914428710938
MI3_240828_TY1_0032_1_V02-1_1,광주·전남 설비투자 증가율 비교 차트(세로 막대형)에 대해 알려주세요,547.8016357421875,2446.878173828125,1302.107666015625,710.5741577148438
MI3_240828_TY1_0032_2_V02-1_2,지역별 지식재산생산물 투자 증감폭 비교 차트(가로 막대형)에 대해 알려주세요,1293.0638427734375,1124.855224609375,910.3938598632812,696.5731201171875
MI3_240828_TY1_0032_3_V02-4_2,광주·전남 소매판매액지수 증가율 추이에 대해 알려주세요,368.82879638671875,1448.811279296875,900.092041015625,696.1671142578125
MI3_240828_TY1_0032_4_V02-1_1,광주·전남 취업자수 증감폭 차트(세로 막대형)에 대해 알려주세요,517.8421630859375,2251.02001953125,1444.29052734375,803.9747924804688
MI3_240828_TY1_0032_5_V01_1,지자체 비정규직 비중 및 급여 증가율 표에 대해 알려주세요,342.6769714355469,2714.302734375,1937.2261962890625,300.383544921875
MI3_240828_TY1_0032_6_V02-1_1,지역별 소비자물가 상승률 비교 차트(세로 막대형)에 대해 알려주세요,519.8538208007812,2406.234619140625,1413.8065185546875,755.61181640625
MI3_240828_TY1_0038_1_V02-8_1,연령대별 경제활동인구 비중 차트(혼합형)에 대해 알려주세요,302.18341064453125,1915.82275390625,599.899169921875,563.5732421875
MI3_240828_TY1_0038_3_V02-1_2,전북 연령대별 인구증가율 전망 차트(가로 막대형)에 대해 알려주세요,409.1983642578125,1951.630859375,830.1386108398438,689.3992919921875
MI3_240828_TY1_0038_4_V02-1_1,전북 인구 증감 추세 차트(세로 막대형)에 대해 알려주세요,1288.791259765625,2477.7138671875,877.167236328125,629.88623046875
MI3_240828_TY1_0038_5_V03_1,'시나리오 1'에 따른 전북 경제활동인구 전망 방법에 대해 알려주세요.,458.9552307128906,1310.7825927734375,1572.208740234375,394.255126953125
MI3_240828_TY1_0038_6_V01_1,전북지역 전체 경제활동참가율에 대한 데이터와 관련된 막대형 차트에 대해 알려주세요.,564.6788330078125,2369.89208984375,1339.2655029296875,298.8291015625
MI3_240828_TY1_0039_1_V01_1,주요 상권 활성화 정책에 대해 알려주세요,312.37420654296875,2251.646728515625,1847.403076171875,859.0333862304688
MI3_240828_TY1_0039_2_V01_1,지원 분야 내용에 대해 알려주세요,341.2579040527344,1993.4539794921875,1728.146728515625,1119.8160400390625
MI3_240828_TY1_0039_4_V01_1,전북 백신접종률 현황 표에 대해 알려주세요,1279.181396484375,1708.5374755859375,882.2843627929688,648.9923095703125
MI3_240828_TY1_0039_5_V01_1,전북지역 소상공인 관련 방역 정책에 대해 알려주세요,419.4319763183594,817.198974609375,1721.7703857421875,2259.662353515625
MI3_240828_TY1_0039_6_V02-1_1,한옥마을 방문 관광객 수 차트(세로 막대형)에 대해 알려주세요,558.0045776367188,2704.3671875,1343.7432861328125,487.5407409667969
MI3_240828_TY1_0051_1_V02-8_1,제조업 생산지수 혼합형에 대해 알려주세요,261.9395751953125,2182.82470703125,1579.4852294921875,576.503173828125
MI3_240828_TY1_0051_2_V01_2,창원국가산업단지 가동률 차트(가로 막대형)에 대해 알려주세요,271.1641845703125,1231.87255859375,1581.836181640625,576.2606201171875
MI3_240828_TY1_0051_3_V02-4_1,대형소매점 판매 꺾은선형에 대해 알려주세요,277.2469787597656,1424.2791748046875,1553.9937744140625,547.3359375
MI3_240828_TY1_0051_4_V01_1,10월중 승용차 판매와 관련된 표에 대해 알려주세요,256.2889709472656,1818.94970703125,1603.0374755859375,564.090576171875
MI3_240828_TY1_0051_5_V01_1,건축착공면적 표에 대해 알려주세요,303.08831787109375,1307.2744140625,1568.837646484375,929.8275756835938
MI3_240828_TY1_0051_6_V01_2,건설업 BSI에 관한 내용에 대해 알려주세요,300.0566101074219,511.9610900878906,1569.7410888671875,390.3209533691406
MI3_240828_TY1_0084_1_V02-8_1,I. 실물경제동향 1. 산업활동 제조업생산지수(혼합형)에 대해 알려주세요,278.10675048828125,1008.5945434570312,1560.8863525390625,589.6478271484375
MI3_240828_TY1_0084_2_V01_2,제목에 포함된 한국산업단지공단 자료의 차트에 대해 알려주세요.,247.34388732910156,1781.09326171875,1629.9298095703125,507.35546875
MI3_240828_TY1_0084_3_V02-8_1,2015년 12월중 대형소매점 판매에 대해 알려주세요,260.5052490234375,789.7588500976562,782.9486083984375,599.046875
MI3_240828_TY1_0084_4_V01_1,2015년 12월중 내수용 자본재 수입과 기계류 수입 감소에 대한 표에 대해 알려주세요,245.31529235839844,826.3659057617188,1635.531005859375,522.5708618164062
MI3_240828_TY1_0084_5_V01_1,건축허가면적 차트(혼합형)에 대해 알려주세요,248.16954040527344,2204.314697265625,1628.51416015625,423.51806640625
MI3_240828_TY1_0084_6_V02-1_1,3. 고용 차트(세로 막대형)에 대해 알려주세요,1071.396728515625,1051.2218017578125,765.407470703125,605.1002807617188
MI3_240828_TY1_0088_1_V02-8_1,I. 실물경제동향 1. 산업활동 경남지역 제조업 생산 (%)에 대해 알려주세요,279.7430419921875,863.3743286132812,754.7841796875,592.7606811523438
MI3_240828_TY1_0088_2_V01_2,경남지역 중소기업 평균가동률에 대한 통계 데이터의 표에 대해 알려주세요,245.84640502929688,1779.656982421875,1631.45849609375,511.6657409667969
MI3_240828_TY1_0088_3_V02-4_1,2016년 4월중 대형소매점 판매에 대해 알려주세요,259.48638916015625,682.8386840820312,784.5288696289062,599.7979125976562
MI3_240828_TY1_0088_4_V01_1,설비투자와 관련된 연간 및 분기별 통계 자료에 대해 알려주세요.,244.8251190185547,794.5126342773438,1613.3416748046875,640.2048950195312
MI3_240828_TY1_0088_5_V02-8_1,건설투자 관련 지표 변화에 대해 알려주세요,254.22251892089844,709.451904296875,782.3359985351562,553.0177001953125
MI3_240828_TY1_0088_6_V02-4_1,고용 비농림어업 취업자수 증감 차트(꺾은선형)에 대해 알려주세요,1062.5111083984375,1199.048828125,774.3038940429688,604.8582763671875
MI3_240828_TY1_0091_1_V02-8_2,I. 실물경제동향 1. 산업활동 경남지역 제조업생산지수(계절조정) 차트(혼합형)에 대해 알려주세요,277.8199157714844,903.4039916992188,760.1583251953125,591.028564453125
MI3_240828_TY1_0091_2_V01_2,경남지역 중소기업 평균가동률에 대해 알려주세요.,257.7406921386719,667.773193359375,1609.069091796875,705.6064453125
MI3_240828_TY1_0091_3_V02-8_1,경남지역 대형소매점 판매에 대해 알려주세요,258.91693115234375,756.890625,785.2586059570312,599.6595458984375
MI3_240828_TY1_0091_4_V01_1,설비투자와 관련된 표에 대해 알려주세요,246.14093017578125,862.5458984375,1613.183349609375,645.7224731445312
MI3_240828_TY1_0091_5_V01_1,건설투자 관련 데이터와 연관된 차트에 대해 알려주세요,248.0931854248047,2242.255126953125,1647.2696533203125,425.10205078125
MI3_240828_TY1_0091_6_V02-1_1,경남지역 취업자수 증감 차트(세로 막대형)에 대해 알려주세요,1061.7850341796875,1198.802001953125,775.0657958984375,605.6492919921875
MI3_240828_TY1_0095_1_V02-8_1,I . 실물경제동향 경남지역 제조업 생산에 대해 알려주세요,1274.132080078125,1311.273193359375,840.9852294921875,686.3831787109375
MI3_240828_TY1_0095_2_V01_2,제목에 기반한 경남지역 중소기업 평균가동률에 대한 막대형 차트에 대해 알려주세요.,402.4606628417969,2188.70947265625,1794.868408203125,583.6935424804688
MI3_240828_TY1_0095_3_V02-8_1,T01 T02 T03 혼합형에 대해 알려주세요,307.3562927246094,1441.0789794921875,887.5186767578125,703.6107788085938
MI3_240828_TY1_0095_4_V01_1,나. 설비투자 관련 자료에 대해 알려주세요,348.63751220703125,1069.9085693359375,1829.9263916015625,607.9444580078125
MI3_240828_TY1_0095_5_V02-8_1,다. 건설투자 관련 데이터와 경남지역 건설투자의 꺾은선형 차트에 대해 알려주세요.,1240.831298828125,922.9985961914062,919.8157348632812,644.7456665039062
MI3_240828_TY1_0095_6_V02-4_1,경남지역 업종별 취업자수 증감 차트(꺾은선형)에 대해 알려주세요,315.5578308105469,1480.0635986328125,908.9134521484375,740.00634765625
MI3_240828_TY1_0107_1_V02-4_1,I . 실물경제동향 경남지역 제조업 생산 증가율 꺾은선형에 대해 알려주세요,1274.0179443359375,1279.6806640625,831.757080078125,685.404296875
MI3_240828_TY1_0107_2_V01_1,2018년 2월중 제조업 출하 및 재고에 대한 차트(세로 막대형)에 대해 알려주세요,383.1276550292969,788.4370727539062,1806.5753173828125,822.5753784179688
MI3_240828_TY1_0107_3_V01_1,가. 소 비 대형소매점 판매액지수 차트(세로 막대형)에 대해 알려주세요,315.5054626464844,1964.2945556640625,1871.4984130859375,837.8143310546875
MI3_240828_TY1_0107_4_V01_1,2016 2017 2018 연간 연간 기계류 수입액 및 제조업 설비투자실적 BSI에 대해 알려주세요,320.5537109375,833.7412719726562,1849.806396484375,679.4398193359375
MI3_240828_TY1_0107_5_V01_2,경남지역 미분양주택 현황에 대해 알려주세요.,373.5377197265625,2700.9140625,1820.353271484375,498.2270202636719
MI3_240828_TY1_0107_6_V02-4_1,경남지역 취업자수 증감 꺾은선형에 대해 알려주세요,314.6763916015625,1521.291259765625,881.5474853515625,776.0364990234375
MI3_240828_TY1_0129_1_V01_1,I. 실물동향 1. 제조업 생산·출하·재고 제조업 생산에 대해 알려주세요,204.4400177001953,1409.3153076171875,1752.2369384765625,1023.5703735351562
MI3_240828_TY1_0129_2_V01_1,제조업 출하 및 재고에 대해 알려주세요,203.61318969726562,1499.0709228515625,1753.0364990234375,724.1715087890625
MI3_240828_TY1_0129_3_V01_2,자동차 등록대수 증감 표에 대해 알려주세요,200.4589385986328,2273.248291015625,1753.6629638671875,426.3576354980469
MI3_240828_TY1_0129_4_V01_2,유류 소비량 차트에 대해 알려주세요,204.76646423339844,2027.3841552734375,1751.1846923828125,750.6383056640625
MI3_240828_TY1_0129_5_V01_1,내수용자본재 및 기계류 수입액에 대해 알려주세요,205.383544921875,875.705810546875,1748.721435546875,317.04705810546875
MI3_240828_TY1_0129_6_V01_1,건축허가면적 차트(세로 막대형)에 대해 알려주세요,202.6963348388672,847.382080078125,1757.2152099609375,503.0706787109375
MI3_240828_TY1_0141_1_V01_1,경남지역 제조업 생산 동향의 표에 대해 알려주세요,556.8892211914062,2339.934326171875,1589.49267578125,820.8771362304688
MI3_240828_TY1_0141_2_V01_1,에 대한 V 형태의 차트에 대해 알려주세요,500.1878356933594,1043.895751953125,1620.6861572265625,580.6234130859375
MI3_240828_TY1_0141_3_V01_1,건설투자에 대한 표에 대해 알려주세요,534.6527709960938,1443.234130859375,1605.4425048828125,692.3364868164062
MI3_240828_TY1_0141_4_V01_2,경남지역 물가 동향 본문 표에 대해 알려주세요,573.548095703125,487.2423095703125,1557.8905029296875,903.3950805664062
MI3_240828_TY1_0141_5_V01_1,대외거래와 관련된 수출입 동향에 대해 알려주세요.,484.4147644042969,1568.4173583984375,1689.3719482421875,1421.9901123046875
MI3_240828_TY1_0141_6_V01_2,주요 예측기관 국제유가 전망 차트에 대해 알려주세요,412.3535461425781,286.2256164550781,1721.4964599609375,760.5368041992188
MI3_240828_TY1_0148_1_V01_1,I. 검토배경 V에 대해 알려주세요,301.3533020019531,1231.2265625,1890.832763671875,939.9989013671875
MI3_240828_TY1_0148_2_V01_1,이 문서의 제목에 포함된 내용과 관련하여 경기도내 총생산에 대한 지출 구조를 나타내는 차트에 대해 알려주세요.,308.72430419921875,369.1871643066406,1887.773193359375,981.0547485351562
MI3_240828_TY1_0148_4_V01_1,경기 지역주민의 업종별 소비 비중에 대해 알려주세요,287.8034973144531,1611.0526123046875,1926.934326171875,1255.5943603515625
MI3_240828_TY1_0148_5_V02-8_1,에 대한 혼합형 차트에 대해 알려주세요,431.2760009765625,1991.879150390625,1594.9520263671875,705.205322265625
MI3_240828_TY1_0148_6_V01_1,2012년 광역시·도별 역외소비율 변화에 대해 알려주세요,344.0395202636719,686.682861328125,1847.3050537109375,482.4119567871094
MI3_240828_TY1_0177_1_V02-4_1,Ⅰ 유로지역 은행의 대출증가율 꺾은선형에 대해 알려주세요,424.203857421875,1616.9658203125,798.2926025390625,593.824462890625
MI3_240828_TY1_0177_2_V01_1,고위험 기업부문 대출 변화에 대해 알려주세요,321.0264587402344,2983.54443359375,1926.7117919921875,282.46337890625
MI3_240828_TY1_0177_3_V02-1_1,에 대한 외국계은행자산과 총자산 비율이 포함된 차트(세로 막대형)에 대해 알려주세요,1398.0140380859375,1526.126708984375,832.2574462890625,563.9723510742188
MI3_240828_TY1_0177_4_V02-4_1,미국계 은행과 외국계 은행의 대출기준 변화에 대해 알려주세요,1280.26025390625,383.8909606933594,906.1310424804688,703.1466674804688
MI3_240828_TY1_0177_5_V02-4_1,국제유가에 대해 알려주세요,505.12286376953125,1962.0233154296875,671.537841796875,572.5445556640625
MI3_240828_TY1_0177_6_V01_2,주요 예측기관의 유가전망 차트에 대해 알려주세요,507.8563537597656,939.9265747070312,766.0541381835938,584.7605590820312
MI3_240828_TY1_0181_1_V02-8_1,부·울·경 권역내 전산업 다각화계수 추이에 대해 알려주세요.,448.5203857421875,1429.736328125,789.520263671875,612.8381958007812
MI3_240828_TY1_0181_2_V02-1_1,부산-울산 및 부산-경남 관련 차트(가로 막대형)에 대해 알려주세요,413.9299011230469,823.2208862304688,1669.282470703125,674.2005004882812
MI3_240828_TY1_0181_3_V02-1_1,울산·경남 지역의 소비유입형과 소비유출형 차트에 대해 알려주세요,447.2270812988281,513.0758666992188,830.2979736328125,544.8716430664062
MI3_240828_TY1_0181_4_V01_1,울산·경남의 품목별 역외소비중에 대해 알려주세요,466.1108703613281,2514.946533203125,1684.856689453125,658.229736328125
MI3_240828_TY1_0181_5_V02-1_1,부산-울산 및 부산-경남간 소매판매지수 상관계수 차트(세로 막대형)에 대해 알려주세요,391.4918518066406,856.9589233398438,560.8778076171875,540.7738647460938
MI3_240828_TY1_0181_6_V02-8_1,부·울·경 지역간 통근· 통학 현황 차트(혼합형)에 대해 알려주세요,959.3591918945312,2250.862060546875,580.4520263671875,515.321533203125
MI3_240828_TY1_0185_1_V01_1,강원지역 산업별 시설자금 대출현황 표에 대해 알려주세요,393.49481201171875,1297.7034912109375,1690.0966796875,1364.658203125
MI3_240828_TY1_0185_2_V01_1,강원지역 기업대출 현황과 관련된 차트에 대해 알려주세요,387.6195983886719,515.5331420898438,1706.149169921875,654.7160034179688
MI3_240828_TY1_0185_3_V01_1,지역별 업체수 및 비중 표에 대해 알려주세요,408.40692138671875,2197.207763671875,1664.284423828125,348.902587890625
MI3_240828_TY1_0185_4_V01_2,조직 및 마케팅 역량에 대한 장비 보유 현황에 대해 알려주세요,395.79852294921875,508.1625671386719,1681.1416015625,334.9062805175781
MI3_240828_TY1_0185_5_V01_3,지역별 처방전 추천기업 현황에 대한 표에 대해 알려주세요,401.13250732421875,1007.8572387695312,1681.539306640625,394.95965576171875
MI3_240828_TY1_0188_1_V02-8_1,강원지역 금융기관 수신증감액 추이 차트(혼합형)에 대해 알려주세요,283.7978210449219,2309.88818359375,1962.3741455078125,865.42138671875
MI3_240828_TY1_0188_2_V01_1,2014년 6월말 금융기관 여신 잔액 및 예금은행과 비은행기관의 동향에 대해 알려주세요,252.17300415039062,974.7947998046875,2010.44091796875,599.670166015625
MI3_240828_TY1_0188_3_V01_1,"의 (기간중 증감액, 억원) 차트(세로 막대형)에 대해 알려주세요",248.78195190429688,1967.0506591796875,1999.8927001953125,1232.866455078125
MI3_240828_TY1_0188_4_V02-8_1,2012.1 ~ 2014.1 차트(혼합형)에 대해 알려주세요,262.6404724121094,377.7760009765625,1977.1527099609375,831.7670288085938
MI3_240828_TY1_0188_5_V01_1,강원지역 비은행기관 수신 추이와 관련된 차트에 대해 알려주세요,256.7196960449219,370.2342224121094,2014.650146484375,863.025634765625
MI3_240828_TY1_0188_6_V01_1,강원지역 예금은행 여신 추이에 대해 알려주세요,251.6608123779297,386.59368896484375,2030.09619140625,1689.76220703125
MI3_240828_TY1_0214_1_V02-8_2,II. 울산지역 금융기관 여수신 동향 1 개황 총여신증가율에 대해 알려주세요,1251.168701171875,1358.193359375,912.620361328125,591.7010498046875
MI3_240828_TY1_0214_2_V02-8_2,울산지역 금융기관 수신 증가율과 관련된 혼합형 차트에 대해 알려주세요,1250.20166015625,1209.49755859375,916.58544921875,734.431884765625
MI3_240828_TY1_0214_3_V02-8_1,예금은행 여신 증가율에 대한 혼합형 차트에 대해 알려주세요,1255.8997802734375,1488.9661865234375,903.85205078125,589.1273193359375
MI3_240828_TY1_0214_4_V02-1_2,"에 대한 연평균, 2014년증 및 2014.5월대비의 비율을 보여주는 꺾은선형 차트에 대해 알려주세요",1245.04541015625,2101.988525390625,877.309814453125,592.3773803710938
MI3_240828_TY1_0214_5_V02-1_1,총수신 및 총여신증가율 세로 막대형에 대해 알려주세요,1267.369140625,1841.2193603515625,868.7044067382812,631.7381591796875
MI3_240828_TY1_0214_6_V02-8_1,혼합형에 대해 알려주세요,320.86346435546875,1854.4296875,882.033447265625,642.305419921875
MI3_240828_TY1_0219_1_V02-4_2,금속 및 금융시장 변동성에 대해 알려주세요,417.8565368652344,874.2291259765625,783.4495849609375,531.6378784179688
MI3_240828_TY1_0219_2_V02-1_1,중국의 니켈 소비량 및 재고량 변화에 대한 차트(세로 막대형)에 대해 알려주세요,1242.7769775390625,1047.53857421875,753.02685546875,531.9046630859375
MI3_240828_TY1_0219_3_V02-1_1,주요 금속원자재의 국별 수요 점유율 차트(세로 막대형)에 대해 알려주세요,428.1795654296875,642.9942016601562,1573.145751953125,1224.397705078125
MI3_240828_TY1_0219_4_V02-4_1,이 보고서의 주요 금속원자재 수요와 공급 측면에 대해 알려주세요,429.4049072265625,839.2618408203125,756.2999267578125,507.9932861328125
MI3_240828_TY1_0219_5_V02-8_1,에 대한 의 혼합형에 대해 알려주세요,426.6494140625,2324.102294921875,1576.410888671875,586.896728515625
MI3_240828_TY1_0219_6_V02-4_2,제목에 대해 알려주세요,460.60894775390625,811.5986328125,775.2432861328125,575.197509765625
MI3_240828_TY1_0225_2_V02-1_1,글로벌 저성장 장기화 차트(세로 막대형)에 대해 알려주세요,438.4620361328125,2609.84130859375,783.9990844726562,564.6139526367188
MI3_240828_TY1_0225_3_V02-4_1,미 연준의 정책금리 추이 및 차트(꺾은선형)에 대해 알려주세요,307.70849609375,1322.468505859375,894.966796875,600.151123046875
MI3_240828_TY1_0225_4_V02-4_1,유럽 은행의 주가 차트(꺾은선형)에 대해 알려주세요,1296.0943603515625,1639.4683837890625,906.6012573242188,587.3316040039062
MI3_240828_TY1_0225_5_V02-4_1,글로벌 저성장 기조 탈피 및 인플레이션 회복 여부 차트(꺾은선형)에 대해 알려주세요,1322.115966796875,2620.399658203125,851.4569091796875,502.3937683105469
MI3_240828_TY1_0225_6_V02-4_1,중국의 3대 리스크 관리 차트(꺾은선형)에 대해 알려주세요,1256.301513671875,2470.8876953125,918.149658203125,604.1259765625
MI3_240828_TY1_0226_1_V02-4_1,I. 검토배경에 대해 알려주세요,1537.59814453125,1957.77294921875,541.419921875,729.685546875
MI3_240828_TY1_0226_2_V02-4_1,II. 가계부채·주택가격·실물경제 동향 및 주택매매가격의 꺾은선형 그래프에 대해 알려주세요,410.1513366699219,2000.4967041015625,1641.894775390625,886.7725830078125
MI3_240828_TY1_0226_3_V02-8_1,주택공급과 관련된 통계 차트 혼합형에 대해 알려주세요,413.79266357421875,1035.818603515625,1649.75537109375,745.0111083984375
MI3_240828_TY1_0226_4_V02-8_2,대구경북 개인소득에 대한 막대형 차트에 대해 알려주세요,1255.0592041015625,2389.303955078125,802.65673828125,619.791259765625
MI3_240828_TY1_0226_6_V02-4_2,주택가격과 GRDP 간의 관계를 보여주는 꺾은선형 그래프에 대해 알려주세요,434.96868896484375,560.2017211914062,1621.5538330078125,718.8701782226562
MI3_240828_TY1_0266_1_V02-4_1,해외경제 포커스 주요 경제지표 차트(꺾은선형)에 대해 알려주세요,1212.73681640625,1917.8441162109375,939.402587890625,644.2559814453125
MI3_240828_TY1_0266_2_V02-4_1,2010~16년 소득증가율 꺾은선형에 대해 알려주세요,309.5169677734375,2163.554931640625,909.4437255859375,657.97607421875
MI3_240828_TY1_0266_3_V02-1_1,해외경제 포커스 일본과 한국의 외국인 관광객 비율에 대해 알려주세요,315.98419189453125,1001.2744750976562,910.7716064453125,672.3087158203125
MI3_240828_TY1_0266_4_V02-4_1,해외경제 포커스 제2017-40호 브라질 소매판매 및 수출 관련 표 차트(원형)에 대해 알려주세요,1243.6412353515625,440.3444519042969,913.959716796875,708.1746826171875
MI3_240828_TY1_0266_5_V02-1_1,해외경제 포커스 제2017-40호의 차트(세로 막대형)에 대해 알려주세요,1272.0794677734375,1903.638916015625,887.8740844726562,669.205322265625
MI3_240828_TY1_0266_6_V02-4_1,"해외경제 포커스 제2017-40호에 포함된 2,800 (1931년=100) (1967년=100) 차트(꺾은선형)에 대해 알려주세요",1305.5758056640625,2326.7900390625,911.44775390625,655.025146484375
MI3_240828_TY1_0267_1_V02-8_1,Ⅱ 일본 노동시장 동향 차트(혼합형)에 대해 알려주세요,351.8309326171875,2642.69384765625,911.6978759765625,612.7245483398438
MI3_240828_TY1_0267_2_V02-4_1,주요국의 고용률1%(%) 차트(꺾은선형)에 대해 알려주세요,1303.8974609375,1179.3701171875,899.0164184570312,631.6805419921875
MI3_240828_TY1_0267_3_V02-8_2,T01 T02 T03 혼합형에 대해 알려주세요,366.17706298828125,2630.382568359375,926.7691650390625,641.233642578125
MI3_240828_TY1_0267_4_V02-4_1,로봇 활용도와 관련된 차트에 대해 알려주세요,1269.8521728515625,1426.35302734375,926.000732421875,582.4373779296875
MI3_240828_TY1_0267_5_V02-8_1,노동소득 증대 (임금 인상 유도)와 관련된 차트(혼합형)에 대해 알려주세요,1314.1116943359375,2649.313720703125,909.29150390625,619.21875
MI3_240828_TY1_0267_6_V02-4_1,비정규직 비중(%) 차트(꺾은선형)에 대해 알려주세요,381.0837097167969,1276.3046875,915.68701171875,537.7039794921875
MI3_240828_TY1_0269_1_V01_1,부산 및 전국의 종사자지위별 취업자수 표에 대해 알려주세요,426.0196228027344,1317.09423828125,1684.2235107421875,621.3197021484375
MI3_240828_TY1_0269_2_V01_2,전문과학기술서비스 중분류산업별 근로자수 비중 및 상대임금 수준에 대해 알려주세요,410.55963134765625,548.130126953125,1694.2584228515625,624.1263427734375
MI3_240828_TY1_0269_3_V01_1,이 문서에서 다루는 주요 산업별 대규모 사업체의 임금 수준 차트에 대해 알려주세요.,401.447509765625,1275.29296875,1693.1915283203125,620.3568115234375
MI3_240828_TY1_0269_4_V02-4_1,상용근로자 연령별 임금수준 변화 꺾은선형에 대해 알려주세요,479.307373046875,547.3193359375,1490.7027587890625,642.1080932617188
MI3_240828_TY1_0269_5_V02-1_1,전국 및 부산의 실업요인별 비중에 대해 알려주세요,1223.288818359375,2177.00537109375,879.5709228515625,674.181396484375
MI3_240828_TY1_0269_6_V02-1_1,부산지역 청년층 인구 순유입률에 대해 알려주세요,432.8423156738281,2580.86376953125,1624.45458984375,568.390625
MI3_240828_TY1_0271_1_V02-8_1,은행대출 (전국) 혼합형에 대해 알려주세요,1299.6561279296875,1671.4312744140625,822.389892578125,493.4124450683594
MI3_240828_TY1_0271_2_V02-4_1,부산지역 금융대출과 고용·부가가치의 연관성 꺾은선형에 대해 알려주세요,437.82257080078125,1683.0064697265625,1661.963134765625,655.3519897460938
MI3_240828_TY1_0271_3_V02-4_1,부가가치의 금융탄력성 (2009~2015년) 차트(꺾은선형)에 대해 알려주세요,431.4024658203125,1317.501220703125,1669.5535888671875,657.46337890625
MI3_240828_TY1_0271_4_V02-1_1,T01 T02 T03 차트(세로 막대형)에 대해 알려주세요,1354.02587890625,2430.308349609375,679.1019287109375,489.794189453125
MI3_240828_TY1_0271_5_V02-1_3,부가가치효과 높은 산업대출 둔화 차트(세로 막대형)에 대해 알려주세요,1331.8187255859375,2512.9599609375,678.075927734375,486.3820495605469
MI3_240828_TY1_0296_1_V02-4_1,미국의 주가지수 꺾은선형에 대해 알려주세요,391.6847839355469,2107.091796875,1698.0338134765625,845.550537109375
MI3_240828_TY1_0296_2_V02-8_1,2004년 Euro Stoxx와 Nikkei의 혼합형 차트에 대해 알려주세요,397.32244873046875,1989.6080322265625,1682.0224609375,886.911865234375
MI3_240828_TY1_0296_3_V02-4_1,해외경제 포커스 제2004-41호에서 제시된 엔/달러 및 달러/유로 환율 꺾은선형에 대해 알려주세요,391.8701477050781,1696.06640625,1685.086669921875,804.210205078125
MI3_240828_TY1_0296_4_V01_1,국제유가 표에 대해 알려주세요,385.54302978515625,2328.6220703125,1719.012451171875,590.26318359375
MI3_240828_TY1_0296_5_V02-8_1,미국 난방유 재고 추이 혼합형에 대해 알려주세요,420.74365234375,1986.3438720703125,1623.98779296875,690.0323486328125
MI3_240828_TY1_0296_6_V01_1,반도체 가격과 관련된 표에 대해 알려주세요,388.1922302246094,1834.269775390625,1714.4010009765625,385.504638671875
MI3_240828_TY1_0297_2_V02-4_1,유로지역 및 일본 주가지수에 대한 차트(꺾은선형)에 대해 알려주세요,393.0334777832031,2020.012451171875,1688.3509521484375,880.04931640625
MI3_240828_TY1_0297_3_V02-4_1,해외경제 포커스의 엔/달러 및 달러/유로 환율 꺾은선형 차트에 대해 알려주세요,392.92822265625,1869.8450927734375,1692.8922119140625,890.7950439453125
MI3_240828_TY1_0297_4_V02-4_1,해외경제 포커스 제2004-46호의 10년 만기 국채 수익률에 대해 알려주세요.,406.10888671875,1971.1536865234375,826.84375,746.9791259765625
MI3_240828_TY1_0297_5_V02-8_1,해외경제 포커스 제2004-46호의 미국 상업용 원유재고 혼합형에 대해 알려주세요,412.69073486328125,1093.258056640625,1635.5897216796875,673.2249755859375
MI3_240828_TY1_0304_2_V02-4_1,해외경제 포커스 제2005-20호에서 다룬 엔/달러 및 달러/유로 환율 변화에 대해 알려주세요,397.2016296386719,660.2670288085938,1729.7540283203125,829.3954467773438
MI3_240828_TY1_0304_4_V02-4_1,해외경제 포커스 제2005-20호 1의 꺾은선형 그래프에 대해 알려주세요,428.50189208984375,739.2418212890625,1613.3409423828125,653.1666870117188
MI3_240828_TY1_0304_5_V02-4_1,로이터 및 IMF 상품가격 지수 추이에 대해 알려주세요,450.75958251953125,2306.6455078125,1566.1690673828125,617.820068359375
MI3_240828_TY1_0306_1_V01_1,해외경제 포커스의 표에 대해 알려주세요,384.4542541503906,680.019775390625,1717.924560546875,334.5091857910156
MI3_240828_TY1_0306_2_V02-4_1,엔/달러 및 달러/유로 환율 꺾은선형 차트에 대해 알려주세요,395.5422668457031,852.7698974609375,1694.102783203125,828.9683227539062
MI3_240828_TY1_0306_3_V02-4_1,해외경제 포커스 제2005-28호에서 제시된 꺾은선형 차트에 대해 알려주세요,388.1557922363281,656.9991455078125,1725.6295166015625,804.3116455078125
MI3_240828_TY1_0306_4_V02-8_1,해외경제 포커스 제2005-28호에 포함된 원유재고 변화에 대해 알려주세요,416.4832763671875,770.0233764648438,1609.048583984375,677.2061157226562
MI3_240828_TY1_0306_5_V02-4_1,해외경제 포커스 제2005-28호에 대해 알려주세요,427.6495666503906,1042.3704833984375,1616.24951171875,781.53515625
MI3_240828_TY1_0313_2_V02-4_1,미 국채수익률 차트(꺾은선형)에 대해 알려주세요,401.9694519042969,2212.49755859375,1676.7841796875,702.869384765625
MI3_240828_TY1_0313_3_V02-4_1,해외경제 포커스 제2006-6호에서 미국 상업용 원유재고의 장기 추이에 대한 꺾은선형 그래프에 대해 알려주세요.,449.40106201171875,978.56396484375,1582.5714111328125,616.6533203125
MI3_240828_TY1_0313_4_V02-8_1,해외경제 포커스 제2006-6호의 혼합형 차트에 대해 알려주세요,448.1980895996094,702.0814208984375,1537.3251953125,612.34619140625
MI3_240828_TY1_0313_6_V02-4_1,해외경제 포커스 제2006-6호의 꺾은선형 차트에 대해 알려주세요,445.2216796875,1032.0657958984375,1577.9835205078125,678.8582763671875
MI3_240828_TY1_0322_2_V02-4_1,해외경제 포커스 제2006-49호엔/달러 및 달러/유로 추이에 대해 알려주세요,404.118896484375,2109.70849609375,1670.1728515625,813.7379760742188
MI3_240828_TY1_0322_3_V02-4_1,해외경제 포커스에 대한 시각요소 제목과 관련된 꺾은선형 차트에 대해 알려주세요,406.99407958984375,1313.0679931640625,1660.1787109375,722.1851806640625
MI3_240828_TY1_0322_4_V02-8_1,해외경제 포커스 제2006-49호에서 미국 상업용 원유재고 혼합형 차트에 대해 알려주세요,402.8948974609375,1044.0457763671875,1618.020751953125,663.2598876953125
MI3_240828_TY1_0322_6_V02-4_2,해외경제 포커스 제2006-49호의 소제목과 관련하여 꺾은선형 차트에 대해 알려주세요,400.6920166015625,1011.9064331054688,1625.26513671875,650.5645141601562
MI3_240828_TY1_0331_1_V02-4_1,18500 (엔) 꺾은선형에 대해 알려주세요,1240.088134765625,1493.2877197265625,788.6531982421875,633.0059814453125
MI3_240828_TY1_0331_2_V02-4_1,유로지역 및 일본 주가지수 추이 차트(꺾은선형)에 대해 알려주세요,396.5400390625,2031.720947265625,1673.7022705078125,639.395751953125
MI3_240828_TY1_0331_3_V02-4_1,해외경제 포커스 제2007-32호에서 엔/달러 및 달러/유로 추이에 대해 알려주세요,398.763916015625,2255.681884765625,1684.12060546875,685.235595703125
MI3_240828_TY1_0331_4_V02-4_1,회사채 스프레드 추이에 대해 알려주세요,398.4879455566406,706.3396606445312,1667.0916748046875,684.1024169921875
MI3_240828_TY1_0331_5_V02-8_1,2007년 최대시 평균 혼합형 차트에 대해 알려주세요,445.4884033203125,711.005615234375,1578.4654541015625,701.0418090820312
MI3_240828_TY1_0331_6_V02-4_2,IMF 부문별 원자재가격지수 꺾은선형 차트에 대해 알려주세요,457.75079345703125,1854.2279052734375,1534.4927978515625,661.5211181640625
MI3_240828_TY1_0351_1_V02-1_1,강원지역 금융기관 수신 증감액 추이 차트(세로 막대형)에 대해 알려주세요,304.2012023925781,2302.45751953125,1865.5279541015625,856.5121459960938
MI3_240828_TY1_0351_2_V02-8_1,금융기관 주택대출 관련 데이터 차트(혼합형)에 대해 알려주세요,282.26226806640625,2362.068603515625,1900.246337890625,818.56689453125
MI3_240828_TY1_0351_3_V01_1,자산운용사 수신 추이 차트(혼합형)에 대해 알려주세요,289.53277587890625,1226.2015380859375,1915.9339599609375,905.3282470703125
MI3_240828_TY1_0351_4_V02-8_1,신규 부도업체 및 신설법인 수 혼합형 차트에 대해 알려주세요,303.30584716796875,2083.499755859375,1776.6689453125,994.028564453125
MI3_240828_TY1_0351_5_V02-4_1,강원지역 비제조업 업황BSI 꺾은선형에 대해 알려주세요,310.88372802734375,756.34814453125,1837.973388671875,840.4049682617188
MI3_240828_TY1_0351_6_V02-4_1,소비자심리지수 꺾은선형에 대해 알려주세요,304.1042785644531,583.5821533203125,1847.684814453125,847.8613891601562
MI3_240828_TY1_0360_1_V01_1,I. 금융동향 화폐발행 및 환수 차트(세로 막대형)에 대해 알려주세요,359.5823669433594,1217.081787109375,1806.5191650390625,572.921142578125
MI3_240828_TY1_0360_2_V01_1,신용보증기관1의 신용보증실적 표에 대해 알려주세요,279.8934631347656,1414.6951904296875,1964.938232421875,1212.131103515625
MI3_240828_TY1_0360_3_V01_1,Ⅱ. 실물동향제조업 생산·출하·재고동향에 대해 알려주세요,271.89892578125,1828.6441650390625,1969.0089111328125,1304.236328125
MI3_240828_TY1_0360_4_V01_1,대외거래 본문 표에 대해 알려주세요,283.1174011230469,1442.3994140625,1927.5667724609375,1426.7203369140625
MI3_240828_TY1_0360_5_V01_1,소비자물가에 대해 알려주세요.,280.4517517089844,1911.2781982421875,1995.5611572265625,1187.142822265625
MI3_240828_TY1_0360_6_V01_1,인천항 수출입 물동량(천톤) 차트에 대해 알려주세요,281.1734313964844,1452.8165283203125,1968.1680908203125,1469.2137451171875
MI3_240828_TY1_0377_1_V02-4_2,회사채금리 차트(꺾은선형)에 대해 알려주세요,1241.162353515625,1908.06982421875,895.724853515625,763.8529663085938
MI3_240828_TY1_0377_2_V02-1_1,신규주택 공급물량 변화 세로 막대형 차트에 대해 알려주세요,1249.721923828125,1142.7291259765625,862.2551879882812,697.0509033203125
MI3_240828_TY1_0377_3_V02-3_2,"강원지역 단위면적당 평균 보증금 및 월세금 반전세, 그외, 46% 44% 순수월세, 10%에 대해 알려주세요",1438.380615234375,2451.888671875,508.9658203125,535.48388671875
MI3_240828_TY1_0377_4_V02-1_1,강원도 전월세 평균주거비 격차 차트(세로 막대형)에 대해 알려주세요,315.4082946777344,2347.620849609375,885.54541015625,808.40771484375
MI3_240828_TY1_0377_5_V02-8_1,강원지역 전세수급지수 및 금리에 대해 알려주세요,356.532470703125,445.7432861328125,842.6819458007812,589.3700561523438
MI3_240828_TY1_0377_6_V02-8_1,강원도 인허가 및 착공물량 혼합형에 대해 알려주세요,348.7701721191406,851.8245849609375,877.9556884765625,754.2167358398438
MI3_240828_TY1_0387_1_V02-1_2,영동 및 영서 차트(세로 막대형)에 대해 알려주세요,1258.6324462890625,1448.089111328125,880.204833984375,618.9874267578125
MI3_240828_TY1_0387_2_V02-1_1,IV 평가 차트(세로 막대형)에 대해 알려주세요,291.671630859375,1797.7943115234375,930.7769165039062,641.866455078125
MI3_240828_TY1_0387_3_V02-4_1,국내기업의 성장성 및 수익성 지표 차트(꺾은선형)에 대해 알려주세요,302.7276611328125,1647.486572265625,965.5601806640625,708.5018920898438
MI3_240828_TY1_0387_4_V02-1_2,강원지역 업종별 한계기업 비중 차트(세로 막대형)에 대해 알려주세요,305.1000061035156,2439.40966796875,898.529541015625,596.3268432617188
MI3_240828_TY1_0387_5_V02-7_2,방사형에 대해 알려주세요,1301.38720703125,1750.66015625,828.9127807617188,870.958984375
MI3_240828_TY1_0387_6_V02-2_1,강원 16.9% (영동) 11.4% (영서) 23.9% 전국 5.9% 가로 막대형에 대해 알려주세요,480.2953796386719,1149.5634765625,796.465087890625,368.666748046875
MI3_240828_TY1_0387_7_V02-1_2,1년 2년 3년이상 차트(세로 막대형)에 대해 알려주세요,1227.3963623046875,2478.73974609375,944.2550048828125,572.58544921875
MI3_240828_TY1_0387_8_V02-1_1,이중부실 부채비율 차트(세로 막대형)에 대해 알려주세요,310.8421630859375,2091.0546875,904.2630615234375,641.024169921875
MI3_240828_TY1_0393_1_V02-2_1,<경남지역 산업별 구성비> 차트(가로 막대형)에 대해 알려주세요,313.2403869628906,1382.32763671875,889.7000122070312,718.91357421875
MI3_240828_TY1_0393_2_V02-4_1,경남경제리뷰 성장잠재력 변동 추이에 대해 꺾은선형 차트에 대해 알려주세요,660.1951293945312,1201.0445556640625,1153.768310546875,788.782958984375
MI3_240828_TY1_0393_3_V02-1_1,경남경제리뷰 2014.10.29. The Bank of Korea Gyeongnam에 대한 세로 막대형 차트에 대해 알려주세요,708.1113891601562,2173.4228515625,1044.6029052734375,667.484375
MI3_240828_TY1_0393_4_V02-8_1,경남지역 연구원 수 혼합형에 대해 알려주세요,311.4501953125,2088.974365234375,908.84228515625,632.788330078125
MI3_240828_TY1_0393_5_V02-1_2,지역혁신지수 변동폭 차트(세로 막대형)에 대해 알려주세요,318.0401611328125,1111.9124755859375,884.9984741210938,662.2053833007812
MI3_240828_TY1_0393_6_V02-1_1,동남권 수도권 차트(세로 막대형)에 대해 알려주세요,344.0834045410156,498.5365905761719,1774.3487548828125,664.6744995117188
MI3_240828_TY1_0393_7_V02-1_1,지역별 제조업 구인충족률 및 청년층 고용률 차트(세로 막대형)에 대해 알려주세요,345.2295227050781,1565.746826171875,1792.645751953125,746.951171875
MI3_240828_TY1_0416_1_V02-4_2,제목에 해당하는 문서에서 여신 비율 변화를 나타내는 차트에 대해 알려주세요.,469.65032958984375,1376.335693359375,1605.2672119140625,823.073486328125
MI3_240828_TY1_0416_2_V02-1_2,제목에 언급된 내용을 기반으로 종사상 지위별 취업자 비중 차트를 통해 알려주세요.,1255.058837890625,2430.69873046875,824.1644287109375,755.9577026367188
MI3_240828_TY1_0416_3_V02-1_1,지역별 지방은행 및 서민금융기관의 여신점유율에 대해 알려주세요,379.0704040527344,515.217529296875,891.48779296875,696.364013671875
MI3_240828_TY1_0416_4_V01_1,서민금융기관 예대율에 대해 알려주세요,397.7458190917969,2532.360107421875,1739.0108642578125,682.35986328125
MI3_240828_TY1_0416_5_V02-4_1,지역별 상호저축은행 및 서민금융기관 예대율 추이에 대해 알려주세요,335.6542663574219,515.899169921875,886.633056640625,756.2888793945312
MI3_240828_TY1_0416_6_V02-8_1,광주전남지역의 지방은행 대출 추이에 대해 알려주세요,338.3687438964844,2451.931884765625,886.894287109375,747.4257202148438
MI3_240828_TY1_0416_7_V01_1,예금은행의 기업대출 현황 표에 대해 알려주세요,401.6543884277344,1179.5244140625,1688.7965087890625,831.7819213867188
MI3_240828_TY1_0416_8_V02-4_1,제목과 관련하여 예금은행의 대출 비율 추세를 보여주는 차트에 대해 알려주세요,416.3811340332031,1673.837890625,1654.03564453125,936.3965454101562
MI3_240828_TY1_0416_9_V02-8_1,교차형 차트에 대해 알려주세요,342.8094177246094,614.4946899414062,1000.691162109375,830.6497192382812
MI3_240828_TY1_0422_1_V02-1_1,지급수단 이용실태 조사결과 차트(세로 막대형)에 대해 알려주세요,413.67315673828125,1591.03662109375,1671.0350341796875,692.400146484375
MI3_240828_TY1_0422_2_V02-1_1,미국 소매점결제시 금액에 따른 지급결제수단 선택 차트(세로 막대형)에 대해 알려주세요,432.5109558105469,2079.593505859375,1701.55029296875,726.6669921875
MI3_240828_TY1_0422_3_V01_1,핀란드의 지급수단 이용 현황과 고지서 납부에 대한 통계 자료에 대해 알려주세요.,472.75408935546875,1538.535400390625,1534.730712890625,515.0255126953125
MI3_240828_TY1_0422_4_V02-1_1,고지서 납부에 이용되는 지급수단 이용비중 변화 차트(세로 막대형)에 대해 알려주세요,340.5537109375,1349.31689453125,1791.6982421875,636.236572265625
MI3_240828_TY1_0422_5_V02-1_2,의 직불카드 편리성 인식도 차트(세로 막대형)에 대해 알려주세요,1256.3441162109375,2495.780029296875,874.14453125,572.47998046875
MI3_240828_TY1_0422_6_V02-1_1,T01 T02 차트(세로 막대형) V02-1에 대해 알려주세요,346.42413330078125,1748.90380859375,1792.1409912109375,674.9817504882812
MI3_240828_TY1_0425_1_V02-4_1,국제유가 추이 차트(꺾은선형)에 대해 알려주세요,461.6025085449219,453.0270690917969,1591.253173828125,762.4307861328125
MI3_240828_TY1_0425_2_V02-4_1,대미달러 환율 추이에 대한 차트(꺾은선형)에 대해 알려주세요,420.1884460449219,1669.3004150390625,1630.5400390625,884.6477661132812
MI3_240828_TY1_0425_3_V02-1_1,원유가격 상승이 업종별 채산성에 미치는 영향 차트(세로 막대형)에 대해 알려주세요,438.53912353515625,1996.84033203125,1606.0711669921875,1030.6845703125
MI3_240828_TY1_0425_4_V02-1_1,T01 T02 T03 차트(세로 막대형)에 대해 알려주세요,437.4652099609375,2241.396728515625,1608.2811279296875,901.25439453125
MI3_240828_TY1_0425_5_V02-1_1,"제목에 따르면, 국제유가 상승과 환율 변동이 업종별 영업이익률 변화에 미치는 영향을 보여주는 차트에 대해 알려주세요.",393.7220153808594,2335.039794921875,1693.7169189453125,826.7892456054688
MI3_240828_TY1_0425_9_V01_1,환율하락이 업종별 채산성에 미치는 영향과 관련된 자료를 통해 다이어그램에 대해 알려주세요,0.0,0.0,0.0,0.0
MI3_240828_TY1_0433_1_V02-1_1,I. 금융동향 화폐발행및환수 추이에 대해 알려주세요,446.17822265625,1426.7705078125,1612.3223876953125,837.3934326171875
MI3_240828_TY1_0433_2_V02-4_1,한국은행 예금 및 대출금 잔액 추이에 대해 알려주세요,433.9169616699219,1499.4017333984375,1682.43798828125,786.2652587890625
MI3_240828_TY1_0433_3_V02-8_1,금융기관 예수금 증감 추이 차트(혼합형)에 대해 알려주세요,388.1908264160156,2051.017333984375,1675.3634033203125,783.4931640625
MI3_240828_TY1_0433_4_V02-8_1,2003년 9월말 도내 금융기관 총여신 잔액과 관련된 혼합형 차트에 대해 알려주세요,393.3425598144531,1202.975341796875,1733.466796875,814.7870483398438
MI3_240828_TY1_0433_5_V02-8_1,중소기업 대출금 추이에 대해 알려주세요,408.9172058105469,1223.749267578125,1737.4586181640625,839.078369140625
MI3_240828_TY1_0433_6_V02-4_1,에 관련된 어음부도율 추이 차트(꺾은선형)에 대해 알려주세요,481.0276184082031,1374.7581787109375,1568.287109375,843.6629028320312
MI3_240828_TY1_0433_7_V02-3_1,금융기관별 예수금 및 여신 비중에 대해 알려주세요,702.6692504882812,607.6970825195312,1096.00244140625,924.15966796875
MI3_240828_TY1_0436_1_V01_1,I. 금융동향화폐발행 및 환수에 대해 알려주세요,521.90283203125,2410.789306640625,1461.0262451171875,544.503662109375
MI3_240828_TY1_0436_2_V02-4_1,한국은행예금및대출금 (말잔기준 증감)에 대해 알려주세요,429.7354431152344,1394.59521484375,1694.7744140625,705.2020263671875
MI3_240828_TY1_0436_3_V02-8_1,금융기관 예수금 증감 추이와 관련된 데이터의 혼합형 차트에 대해 알려주세요,464.8810729980469,1912.120849609375,1667.699951171875,789.203125
MI3_240828_TY1_0436_4_V02-8_1,금융기관여신 증감 추이 혼합형 차트에 대해 알려주세요,422.1103210449219,1248.9781494140625,1688.8731689453125,793.1055908203125
MI3_240828_TY1_0436_5_V02-8_1,중소기업 대출금 추이 차트(혼합형)에 대해 알려주세요,437.49993896484375,1405.7664794921875,1670.3759765625,771.9923095703125
MI3_240828_TY1_0436_6_V02-4_1,어음부도율 추이 꺾은선형에 대해 알려주세요,474.4515686035156,1314.9822998046875,1607.2646484375,914.1453857421875
MI3_240828_TY1_0436_7_V02-3_2,금융기관별 여신 비중 차트(원형)에 대해 알려주세요,699.1766967773438,2157.448486328125,1205.01123046875,879.67138671875
MI3_240828_TY1_0445_1_V02-1_1,금융동향 화폐발행 및 환수 추이에 대해 알려주세요,378.38568115234375,1268.120361328125,1649.9703369140625,881.0370483398438
MI3_240828_TY1_0445_2_V01_1,한국은행 예금 및 대출금에 대해 알려주세요,508.2091979980469,2434.840576171875,1543.2349853515625,522.1495971679688
MI3_240828_TY1_0445_3_V02-8_1,금융기관 예수금 증감 추이 차트(혼합형)에 대해 알려주세요,461.82684326171875,1790.468994140625,1593.207763671875,875.0946655273438
MI3_240828_TY1_0445_4_V02-8_1,제목에 대해 알려주세요. 증감액과 증감률을 비교하는 차트에 대해 알고 싶습니다.,421.1241455078125,1183.8768310546875,1624.732421875,813.3701782226562
MI3_240828_TY1_0445_5_V01_1,중소기업 대출금 추이 세로 막대형에 대해 알려주세요,462.6147155761719,2319.4560546875,1585.246826171875,775.847412109375
MI3_240828_TY1_0445_6_V01_1,6. 자금사정 표에 대해 알려주세요,356.84259033203125,2214.28662109375,1763.2152099609375,926.57861328125
MI3_240828_TY1_0445_7_V02-3_2,금융기관별 여신 비중 차트(원형)에 대해 알려주세요,693.1124267578125,720.0068359375,1137.6993408203125,852.1766357421875
MI3_240828_TY1_0449_2_V01_1,한국은행 예금 및 대출금 (말잔기준 증감)에 대해 알려주세요,461.3609924316406,2502.32666015625,1672.4061279296875,560.407958984375
MI3_240828_TY1_0449_3_V02-8_1,금융기관 수신 증감 추이 혼합형에 대해 알려주세요,395.3060607910156,1859.60205078125,1753.3017578125,882.51513671875
MI3_240828_TY1_0449_4_V01_1,금융기관 수신 및 여신 관련 데이터에 대해 알려주세요.,431.8798522949219,2296.143798828125,1669.776123046875,715.15087890625
MI3_240828_TY1_0449_5_V02-8_1,4. 중소기업 지원에 대한 혼합형 차트에 대해 알려주세요,415.0248718261719,1247.951904296875,1676.314697265625,766.5379638671875
MI3_240828_TY1_0449_6_V02-3_2,금융기관별 여신비중에 대해 알려주세요,763.4351806640625,616.0410766601562,1046.6497802734375,899.0496826171875
MI3_240828_TY1_0467_1_V02-8_2,황 금융기관 여신 차트(혼합형)에 대해 알려주세요,464.13458251953125,1395.870361328125,1648.419921875,601.88037109375
MI3_240828_TY1_0467_2_V02-4_1,중소기업대출 신용보증 어음부도율 꺾은선형에 대해 알려주세요,378.2741394042969,2320.42431640625,1737.0079345703125,845.32177734375
MI3_240828_TY1_0467_3_V02-4_1,실물경제동향 제조업 생산 차트(꺾은선형)에 대해 알려주세요,362.5600280761719,1476.2308349609375,1785.0628662109375,620.1983642578125
MI3_240828_TY1_0467_4_V02-4_1,충남 지역의 수출입 차트(꺾은선형)에 대해 알려주세요,323.96258544921875,2621.20703125,1798.0048828125,535.9437866210938
MI3_240828_TY1_0467_5_V01_1,I. 금융동향 1. 화폐발행·환수 및 한국은행 예금·대출금 차트(세로 막대형)에 대해 알려주세요,299.2695617675781,1341.3453369140625,1844.4422607421875,620.8770751953125
MI3_240828_TY1_0467_6_V01_1,금융기관 여수신 표에 대해 알려주세요,298.3926086425781,2067.476318359375,1859.9708251953125,1016.03759765625
MI3_240828_TY1_0474_1_V01_1,I. 금융동향예금은행 1 수신동향 표에 대해 알려주세요,423.98016357421875,2211.470703125,1632.228271484375,669.1869506835938
MI3_240828_TY1_0474_2_V01_1,비은행기관 1 수신 동향 표에 대해 알려주세요,412.3177185058594,1836.7490234375,1657.1436767578125,613.328125
MI3_240828_TY1_0474_3_V01_1,은행계정대출과 금융자금의 증감에 대한 차트(세로 막대형)에 대해 알려주세요,418.6064147949219,2270.53662109375,1642.20849609375,572.183349609375
MI3_240828_TY1_0474_4_V01_2,신탁대출 동향 차트(세로 막대형)에 대해 알려주세요,431.1357421875,2276.168701171875,1619.708740234375,615.06640625
MI3_240828_TY1_0474_5_V01_1,어음교환 및 부도에 대해 알려주세요,431.87860107421875,2159.811767578125,1619.772705078125,643.28662109375
MI3_240828_TY1_0474_6_V01_1,신용보증 실적 표에 대해 알려주세요,379.2798156738281,1964.3509521484375,1729.7413330078125,696.5626220703125
MI3_240828_TY1_0478_1_V01_1,금융동향 화폐발행 및 환수에 대해 알려주세요,301.9198913574219,1434.876708984375,1884.66455078125,486.1974792480469
MI3_240828_TY1_0478_2_V01_1,대전지역 예금은행 수신에 대해 알려주세요,299.8486328125,2152.617919921875,1892.25244140625,981.92333984375
MI3_240828_TY1_0478_3_V01_1,T04에 대해 알려주세요,324.9462585449219,1961.2623291015625,1864.642822265625,774.1929321289062
MI3_240828_TY1_0478_4_V01_1,충남지역 예금은행 수신 데이터에 대해 알려주세요,320.2528991699219,1876.5030517578125,1874.0357666015625,1032.4691162109375
MI3_240828_TY1_0478_5_V01_1,충남지역 비은행기관 수신에 대한 표에 대해 알려주세요,305.24517822265625,1882.3831787109375,1883.15283203125,713.9624633789062
MI3_240828_TY1_0478_6_V01_1,2011년 대전지역 예금은행 대출에 대해 알려주세요.,310.7474365234375,1824.796142578125,1884.8760986328125,1044.966064453125
MI3_240828_TY1_0502_1_V02-3_1,T01 T02 T03 차트(원형)에 대해 알려주세요,464.1591796875,2138.439697265625,877.5194091796875,696.59130859375
MI3_240828_TY1_0502_2_V02-3_1,제목소제목차트(원형) -3에 대해 알려주세요,426.4951477050781,1848.4095458984375,1570.7332763671875,953.8202514648438
MI3_240828_TY1_0502_3_V02-8_2,건축착공면적에 대해 알려주세요,1301.65673828125,1107.2362060546875,877.759033203125,710.7390747070312
MI3_240828_TY1_0502_4_V02-8_1,대형소매점 판매 경상판매액 혼합형에 대해 알려주세요,294.9562683105469,2459.918212890625,1846.93701171875,745.4423217773438
MI3_240828_TY1_0502_5_V02-8_2,실업률 및 취업자수에 대해 알려주세요,293.7181091308594,2553.24560546875,885.9911499023438,741.991943359375
MI3_240828_TY1_0502_6_V01_1,I. 금융동향화폐발행 및 환수 표에 대해 알려주세요,324.27789306640625,1756.7740478515625,1819.9256591796875,625.7816162109375
MI3_240828_TY1_0533_1_V02-4_1,대전지역 제조업 생산지수와 차트(꺾은선형)에 대해 알려주세요,334.1642761230469,2437.6787109375,1799.575927734375,585.19970703125
MI3_240828_TY1_0533_2_V02-4_1,대전지역 대형소매점 판매액지수에 대해 알려주세요,331.3689270019531,2090.8076171875,1786.483642578125,574.4379272460938
MI3_240828_TY1_0533_3_V02-4_2,대전지역 건축착공 및 허가면적 그래프에 대해 알려주세요,1273.3311767578125,2373.062255859375,847.9185791015625,582.436767578125
MI3_240828_TY1_0533_4_V01_1,대전지역 수출입 증감률 차트에 대해 알려주세요,288.926025390625,1113.371826171875,1904.2625732421875,1092.552734375
MI3_240828_TY1_0533_5_V02-8_1,대전지역 취업자수 및 실업률 차트(혼합형)에 대해 알려주세요,348.27349853515625,2266.609375,1818.455810546875,581.9398803710938
MI3_240828_TY1_0533_6_V01_1,물가 및 주택가격 본문 차트(세로 막대형)에 대해 알려주세요,294.34710693359375,1137.343017578125,1880.3804931640625,1124.1759033203125
MI3_240828_TY1_0533_7_V01_1,대전지역 주택가격 관련 지표에 대해 알려주세요,296.6840515136719,945.7392578125,1887.7283935546875,580.43408203125
MI3_240828_TY1_0544_1_V01_1,2002년 1월과 2월의 예금 및 대출 금액에 대해 알려주세요,351.6009216308594,1107.4564208984375,1820.7203369140625,742.9712524414062
MI3_240828_TY1_0544_2_V01_1,이 문서의 제목에 관련된 여러 수치 데이터를 포함한 표에 대해 알려주세요.,357.5339660644531,1990.31298828125,1811.9930419921875,1126.3912353515625
MI3_240828_TY1_0544_3_V01_1,"제목에 포함된 내용과 관련하여, 시각요소 제목 및 통계 데이터에 대해 알려주세요.",379.57208251953125,1464.67578125,1802.5643310546875,1158.22314453125
MI3_240828_TY1_0544_4_V01_1,제목에 관련된 데이터와 소제목에 연관된 내용의 차트 타입에 대해 알려주세요,460.536376953125,1818.86865234375,1713.2452392578125,1228.84765625
MI3_240828_TY1_0544_5_V01_1,T01 T02 T03 V01에 대해 알려주세요,324.5744934082031,1644.6046142578125,1843.2962646484375,1242.7352294921875
MI3_240828_TY1_0544_6_V01_1,2002년 1월말 현재 비통화금융기관 여신에 대한 표에 대해 알려주세요.,363.3904113769531,1691.399169921875,1773.2752685546875,984.6566772460938
MI3_240828_TY1_0549_1_V02-4_1,2004년 4월말 현재 도내 금융기관 수신 잔액과 경기지역 금융기관 수신추이에 대해 알려주세요,377.5876159667969,1978.139892578125,815.317138671875,938.7509155273438
MI3_240828_TY1_0549_2_V02-4_1,경기지역 금융기관 여신추이 꺾은선형에 대해 알려주세요,385.315673828125,1894.8321533203125,1716.39013671875,958.5421142578125
MI3_240828_TY1_0549_3_V02-8_1,경기지역 신용보증 추세 혼합형에 대해 알려주세요,426.181640625,2046.5306396484375,1610.021728515625,696.1051025390625
MI3_240828_TY1_0549_4_V01_1,국가산업단지 생산동향 표에 대해 알려주세요,342.8938293457031,1948.5960693359375,1797.0699462890625,978.5197143554688
MI3_240828_TY1_0549_5_V01_1,본문에 포함된 건축허가면적 및 건설발주액 데이터에 대해 알려주세요.,437.125732421875,2344.322998046875,1599.2449951171875,432.974853515625
MI3_240828_TY1_0549_6_V01_1,2004년 통계 자료에 대한 표 에 대해 알려주세요,344.3735046386719,934.25439453125,1788.4296875,737.6624755859375
MI3_240828_TY1_0555_1_V01_1,2004 2005 12월중 화폐발행액 및 환수액에 대해 알려주세요,344.212158203125,2142.6767578125,1769.0576171875,595.150634765625
MI3_240828_TY1_0555_2_V01_1,한국은행의 금융기관 예금 및 대출 현황에 대해 알려주세요,328.8190612792969,2486.482666015625,1819.49755859375,353.0829772949219
MI3_240828_TY1_0555_3_V01_1,2005년 11월말 현재 금융기관의 총수신 및 총여신에 대한 표에 대해 알려주세요.,272.85858154296875,2467.989013671875,1938.0439453125,694.633056640625
MI3_240828_TY1_0555_4_V01_1,제목에 포함된 정보와 관련하여 본문에서 제공하는 여러 데이터들을 기반으로 한 차트에 대해 알려주세요.,228.7689666748047,1729.4764404296875,1919.6905517578125,1088.9490966796875
MI3_240828_TY1_0555_5_V01_1,이 문서에서는 예금은행 대출금과 금융자금을 포함한 다양한 자금의 현황과 변화를 다루는 표에 대해 알려주세요.,493.00146484375,1583.395751953125,1826.0872802734375,864.731201171875
MI3_240828_TY1_0555_6_V01_1,이 자료의 제목을 기반으로 한 표에 대해 알려주세요,319.72467041015625,1639.3218994140625,1928.5948486328125,1224.7957763671875
MI3_240828_TY1_0582_1_V02-4_1,경기지역 수출입 증감률 추이 꺾은선형에 대해 알려주세요,314.96240234375,1318.09130859375,1079.309326171875,582.987060546875
MI3_240828_TY1_0582_3_V02-4_1,경기지역 어음부도율1) 추이 차트(꺾은선형)에 대해 알려주세요,411.1875915527344,1145.4598388671875,517.828125,222.76072692871094
MI3_240828_TY1_0582_4_V02-8_1,대형소매점 판매액 및 증감률 추이에 대해 알려주세요,304.705078125,2022.9434814453125,1100.776123046875,614.9561767578125
MI3_240828_TY1_0582_5_V01_1,통계 자료의 표에 대해 알려주세요,285.8600158691406,1891.758056640625,959.31787109375,553.0311889648438
MI3_240828_TY1_0582_6_V02-4_1,경기도 주택가격 변동률 추이에 대해 알려주세요,296.7783203125,1905.414794921875,1156.854248046875,590.8486328125
MI3_240828_TY1_0590_1_V02-8_2,금융기관 수신 혼합형에 대해 알려주세요,363.775634765625,1186.9818115234375,1772.637939453125,645.7933349609375
MI3_240828_TY1_0590_2_V02-4_2,실업률 꺾은선형 차트에 대해 알려주세요,422.3916015625,1477.993408203125,1608.7452392578125,670.12744140625
MI3_240828_TY1_0590_3_V01_2,예금 및 대출금 본문 표에 대해 알려주세요,446.6845703125,1146.783447265625,1716.831787109375,620.7741088867188
MI3_240828_TY1_0590_4_V01_1,예금은행 산업별 여신 표에 대해 알려주세요,431.919677734375,1462.63671875,1751.439453125,1305.931396484375
MI3_240828_TY1_0590_5_V01_1,비은행기관 여신에 대한 표에 대해 알려주세요,357.9468994140625,1891.3612060546875,1822.9898681640625,1023.1739501953125
MI3_240828_TY1_0590_6_V01_1,신용보증 실적에 대해 알려주세요,313.28564453125,1349.620361328125,1867.7080078125,1428.2415771484375
MI3_240828_TY1_0592_1_V02-8_1,금융기관 여신 혼합형에 대해 알려주세요,363.70135498046875,1186.994873046875,1772.544921875,645.5037841796875
MI3_240828_TY1_0592_2_V02-4_1,충남 지역 수출입 차트(꺾은선형)에 대해 알려주세요,413.643798828125,2587.21435546875,1620.926513671875,605.882080078125
MI3_240828_TY1_0592_3_V01_1,금융기관 여·수신 표에 대해 알려주세요,437.43475341796875,1767.6248779296875,1743.650634765625,979.8391723632812
MI3_240828_TY1_0592_4_V01_1,에 대한타입의 차트는 무엇인지 알려주세요,357.02264404296875,2029.66357421875,1826.112548828125,1141.753662109375
MI3_240828_TY1_0592_5_V01_1,4. 자금사정 본문 표에 대해 알려주세요,360.8812561035156,1479.12451171875,1828.36865234375,1705.9261474609375
MI3_240828_TY1_0592_6_V01_1,충남지역 10대 수출입 품목에 대해 알려주세요,327.3891906738281,1356.302978515625,1824.42919921875,1776.4664306640625
MI3_240828_TY1_0595_1_V02-4_1,중소기업대출 신용보증 어음부도율 꺾은선형에 대해 알려주세요,373.7576599121094,2049.944580078125,1742.0394287109375,982.9547729492188
MI3_240828_TY1_0595_2_V02-4_3,소비자물가 등락률 차트(꺾은선형)에 대해 알려주세요,413.600341796875,2560.4453125,1629.154296875,617.3698120117188
MI3_240828_TY1_0595_3_V01_1,금융기관 여·수신 총합과 관련된 차트에 대해 알려주세요,437.0935974121094,1767.1734619140625,1743.4605712890625,1031.1112060546875
MI3_240828_TY1_0595_4_V01_1,에 관련된 내용의 표에 대해 알려주세요,392.1217956542969,1795.6287841796875,1789.617919921875,1141.9154052734375
MI3_240828_TY1_0595_5_V01_1,자금사정에 대한 어음부도율과 부도업체 수의 차트를 통해 알려주세요.,383.2826232910156,1295.282958984375,1804.200927734375,1717.1361083984375
MI3_240828_TY1_0595_6_V01_1,"Ⅱ. 실물경제동향대전지역 제조업 생산, 출하 및 재고 차트에 대해 알려주세요",440.1055603027344,1542.9097900390625,1743.2000732421875,1585.0767822265625
MI3_240828_TY1_0599_1_V01_1,I. 금융동향화폐발행 및 환수 추이에 대해 알려주세요,419.89752197265625,2122.1513671875,1767.607666015625,593.870849609375
MI3_240828_TY1_0599_2_V01_1,금융기관 여수신 동향 (말잔기준 증감액) 표에 대해 알려주세요,272.59552001953125,2579.315185546875,1938.2138671875,661.14306640625
MI3_240828_TY1_0599_3_V01_1,주체별로는 산업대출과 가계대출에 대한 표 형식에 대해 알려주세요,347.8048400878906,1788.9227294921875,1876.4364013671875,1229.4693603515625
MI3_240828_TY1_0599_4_V01_1,비은행금융기관 여신 추이 (말잔기준 증감액) 차트에 대해 알려주세요,328.43414306640625,1642.580810546875,1864.434326171875,931.5042724609375
MI3_240828_TY1_0599_5_V01_1,전라남도 산업 생산에 대한 표에 대해 알려주세요.,240.055419921875,1498.1217041015625,1996.1533203125,1438.0001220703125
MI3_240828_TY1_0599_6_V01_1,2007년 2월중 대형점 판매액 및 자동차 신규등록대수에 대한 표에 대해 알려주세요,288.4597473144531,1567.8160400390625,1964.2745361328125,1284.448974609375
MI3_240828_TY1_0626_1_V02-8_2,금융기관 여신 혼합형에 대해 알려주세요,361.4573059082031,1244.7386474609375,1749.2891845703125,715.2559814453125
MI3_240828_TY1_0626_2_V02-4_1,실물경제동향 제조업 생산 꺾은선형에 대해 알려주세요,365.33837890625,1436.2362060546875,1735.67626953125,633.1422119140625
MI3_240828_TY1_0626_3_V01_1,금융기관 여·수신 표에 대해 알려주세요,302.74761962890625,1725.935546875,1883.0333251953125,984.1241455078125
MI3_240828_TY1_0626_4_V01_1,비은행기관 수신에 대한 데이터의 표 내용에 대해 알려주세요,311.66119384765625,1869.3951416015625,1872.6639404296875,1265.4229736328125
MI3_240828_TY1_0626_5_V01_1,자금사정지표 표에 대해 알려주세요,392.0419006347656,1469.5592041015625,1791.376220703125,1705.860107421875
MI3_240828_TY1_0626_6_V01_1,"충남지역 제조업 생산, 출하 및 재고에 대한 표에 대해 알려주세요",417.6458740234375,1408.2738037109375,1764.8790283203125,1697.5439453125
MI3_240828_TY1_0629_1_V02-8_2,금융기관 여신 혼합형에 대해 알려주세요,386.4640197753906,1246.930419921875,1720.4150390625,715.2611083984375
MI3_240828_TY1_0629_2_V02-4_1,실물경제동향 고용에 대한 전년 동월 대비 증감률 차트에 대해 알려주세요,376.8277893066406,1608.4344482421875,1730.3370361328125,559.083251953125
MI3_240828_TY1_0629_3_V01_1,금융기관 여·수신 및 여신 관련 통계 정보에 대해 알려주세요.,302.921142578125,1672.7825927734375,1882.26025390625,982.5988159179688
MI3_240828_TY1_0629_4_V01_1,나. 여 신 본문 표에 대해 알려주세요,355.0280456542969,1246.3719482421875,1828.4576416015625,1654.4415283203125
MI3_240828_TY1_0629_5_V01_1,비은행기관 여신에 대한 표에 대해 알려주세요,395.6137390136719,1849.1112060546875,1786.6627197265625,1153.833251953125
MI3_240828_TY1_0629_6_V01_1,"충남지역 제조업 생산, 출하 및 재고와 관련된 표에 대해 알려주세요",420.9947204589844,1332.49658203125,1761.6749267578125,1699.625732421875
MI3_240828_TY1_0637_1_V02-8_1,"개 황 월중 증감액, 십억원 혼합형에 대해 알려주세요",406.7135009765625,2098.555908203125,884.8118896484375,656.959228515625
MI3_240828_TY1_0637_2_V01_1,전남지역 주요 실물경제 지표와 관련된 데이터의 차트에 대해 알려주세요,242.85659790039062,1638.05029296875,1965.5030517578125,1510.8719482421875
MI3_240828_TY1_0637_3_V01_1,비은행금융기관 수신 동향에 대해 알려주세요,387.4521179199219,1974.390380859375,1870.564697265625,964.93115234375
MI3_240828_TY1_0637_4_V01_1,비은행금융기관 여신 동향 차트에 대해 알려주세요,386.2359924316406,1464.9971923828125,1836.45556640625,1402.9896240234375
MI3_240828_TY1_0637_5_V01_1,소비관련지표에 대해 알려주세요.,301.036376953125,1826.773193359375,1928.135986328125,1341.56640625
MI3_240828_TY1_0637_6_V01_2,전남지역 주요 품목별 수출입에 대해 알려주세요,451.5786437988281,841.3617553710938,1560.9981689453125,194.48162841796875
MI3_240828_TY1_0647_1_V02-3_1,금융기관별 수신 비중 차트(원형)에 대해 알려주세요,359.4677429199219,2166.808837890625,885.1929321289062,563.93896484375
MI3_240828_TY1_0647_2_V02-8_1,건축착공면적 및 건축허가면적에 대해 알려주세요,303.6792297363281,2523.156494140625,1848.1141357421875,643.5424194335938
MI3_240828_TY1_0647_3_V02-8_1,2018년 11월중 광주지역의 수입과 소비자물가에 대한 차트(혼합형)에 대해 알려주세요,354.6692810058594,710.59375,1821.8450927734375,633.8815307617188
MI3_240828_TY1_0647_4_V01_1,금융기관 여수신에 대한 표에 대해 알려주세요,375.91650390625,2417.46875,1744.919677734375,614.035400390625
MI3_240828_TY1_0647_5_V01_1,비은행예금취급기관 수신(기말잔액 기준 증감액) 차트에 대해 알려주세요,458.22637939453125,1767.6087646484375,1689.0885009765625,952.2425537109375
MI3_240828_TY1_0647_6_V01_1,건설활동 차트에 대해 알려주세요,288.1654357910156,1833.9462890625,1894.0225830078125,1445.878662109375
MI3_240828_TY1_0660_1_V02-8_2,금융기관 수신 차트(혼합형)에 대해 알려주세요,382.70703125,2531.3779296875,1762.97265625,646.7294921875
MI3_240828_TY1_0660_2_V02-4_1,"실물경제동향 (전년동월대비 증감률, %)에 대해 알려주세요",407.9336242675781,2489.7265625,1720.3004150390625,720.442138671875
MI3_240828_TY1_0660_3_V01_1,금융기관 여·수신에 대한 전기대비 증감액을 보여주는 표에 대해 알려주세요,300.13421630859375,1606.47900390625,1912.598876953125,984.2533569335938
MI3_240828_TY1_0660_4_V01_1,비은행기관 수신에 대한 데이터와 관련된 표에 대해 알려주세요,298.0124206542969,1760.83740234375,1910.50732421875,1141.1781005859375
MI3_240828_TY1_0660_5_V01_1,중소기업대출 관련된 자료와 예금은행 총대출금 중 비중에 대한 표에 대해 알려주세요,298.4280090332031,1446.9970703125,1883.18505859375,959.4769897460938
MI3_240828_TY1_0660_6_V01_1,자금사정에 대한 데이터 시각화인 표에 대해 알려주세요,383.79290771484375,1541.0892333984375,1803.4305419921875,1702.18994140625
MI3_240828_TY1_0672_1_V01_1,I. 금융동향화폐발행 및 환수 추이에 대해 알려주세요,419.9067687988281,2120.68603515625,1768.0535888671875,595.4931640625
MI3_240828_TY1_0672_2_V01_1,단위 : 억원에 대해 알려주세요,365.01220703125,1426.0040283203125,1881.614501953125,1227.0611572265625
MI3_240828_TY1_0672_3_V01_1,2006-2007 비은행금융기관 여신 표에 대해 알려주세요,335.42376708984375,1962.7391357421875,1858.4451904296875,931.8814086914062
MI3_240828_TY1_0672_4_V01_1,소비 관련 데이터의 차트에 대해 알려주세요,290.4801330566406,1432.20361328125,1964.816162109375,1287.505615234375
MI3_240828_TY1_0672_5_V01_1,주요 품목별·지역별 수입 추이 차트에 대해 알려주세요,243.42910766601562,1666.0667724609375,1983.0740966796875,1425.566650390625
MI3_240828_TY1_0672_6_V01_1,국가산업단지 조업 추이와 관련된 표에 대해 알려주세요,264.7837829589844,1506.1197509765625,1996.1556396484375,941.7756958007812
MI3_240828_TY1_0680_1_V01_1,비은행금융기관 여신 추이에 대해 알려주세요,328.5893249511719,2037.8778076171875,1826.5487060546875,917.7864379882812
MI3_240828_TY1_0680_2_V01_1,5. 자금사정 본문 표에 대해 알려주세요,472.63494873046875,1507.4111328125,1721.5452880859375,921.5819702148438
MI3_240828_TY1_0680_3_V01_1,제조업 생산·출하 및 재고에 대해 알려주세요,215.857666015625,1355.204833984375,1997.25634765625,1256.6932373046875
MI3_240828_TY1_0680_4_V01_1,대외거래 수출 주요 품목별·지역별 백만달러 단위에 대해 알려주세요,221.6068878173828,1613.0721435546875,2016.098876953125,1498.35302734375
MI3_240828_TY1_0680_5_V01_1,2008년 8월중 소비자물가에 대한 표에 대해 알려주세요.,309.2664489746094,1395.9276123046875,1832.6234130859375,1606.9305419921875
MI3_240828_TY1_0680_6_V01_1,2008년 7월중 국가산업단지의 생산액 변화에 대해 알려주세요,253.6853485107422,1735.4061279296875,2015.675537109375,1008.5723266601562
MI3_240828_TY1_0682_1_V01_1,2008년 9월말 현재 금융기관의 총수신과 총여신에 대해 알려주세요,285.33868408203125,2507.141357421875,1889.9666748046875,726.7472534179688
MI3_240828_TY1_0682_2_V01_1,제목에 포함된 데이터와 관련하여 예금은행 대출금 추이(말잔기준 증감액) 차트에 대해 알려주세요.,417.2091979980469,1792.8917236328125,1787.81494140625,823.3629150390625
MI3_240828_TY1_0682_3_V01_1,2008년 9월말 현재 비은행금융기관 여신 추이와 관련된 표에 대해 알려주세요,328.97235107421875,1921.50537109375,1825.430908203125,918.9122924804688
MI3_240828_TY1_0682_4_V01_1,자금사정관계 지표 추이에 대해 알려주세요,472.7184753417969,1507.5323486328125,1721.345458984375,921.399658203125
MI3_240828_TY1_0682_5_V01_1,"전라남도에 대한 생산지수와 출하지수, 재고지수 차트에 대해 알려주세요",216.23733520507812,1340.41552734375,1994.0606689453125,1251.9122314453125
MI3_240828_TY1_0682_6_V01_1,5. 물가에 대한 표에 대해 알려주세요,308.491943359375,1130.2786865234375,1848.020751953125,1600.2003173828125
MI3_240828_TY1_0686_1_V02-4_1,T01 T02 T03 꺾은선형에 대해 알려주세요,445.0396423339844,2292.722412109375,1497.3177490234375,911.871826171875
MI3_240828_TY1_0686_2_V02-4_1,대형소매점 판매액과 승용차 신규 등록대수의 꺾은선형 차트에 대해 알려주세요,332.98150634765625,946.171630859375,1677.303466796875,555.9735107421875
MI3_240828_TY1_0686_3_V01_1,한국은행 예금 및 대출금 추이1) (기말기준) 차트에 대해 알려주세요,309.7467041015625,1472.3914794921875,1849.3624267578125,1240.8409423828125
MI3_240828_TY1_0686_4_V01_1,예금은행 수신 추이 (기말기준 증감액) 표에 대해 알려주세요,249.53634643554688,1885.8746337890625,1864.0074462890625,1275.235107421875
MI3_240828_TY1_0686_5_V01_1,에 대한차트에 대해 알려주세요,415.5587463378906,1641.519775390625,1782.4801025390625,1161.15283203125
MI3_240828_TY1_0686_6_V01_1,전남지역 제조업 생산·출하·재고 표에 대해 알려주세요,300.6662292480469,1719.9195556640625,1894.4410400390625,1533.324951171875
MI3_240828_TY1_0691_1_V02-3_1,산업별 산출액 구성비 원형 차트에 대해 알려주세요,413.43701171875,1223.5419921875,1607.739013671875,484.78271484375
MI3_240828_TY1_0691_2_V02-3_2,최종수요와 중간수요를 비교하는 차트에 대해 알려주세요,357.1268615722656,2336.361572265625,1710.8372802734375,835.41650390625
MI3_240828_TY1_0691_3_V01_1,강원지역의 산업별 영향력계수와 감응도계수 표에 대해 알려주세요,432.5272216796875,2103.068115234375,1608.3037109375,1044.25390625
MI3_240828_TY1_0691_4_V02-3_1,Ⅲ. 고용구조 및 취업연관효과 분석 차트(원형)에 대해 알려주세요,1328.6129150390625,1831.8792724609375,781.427734375,459.8467712402344
MI3_240828_TY1_0691_6_V01_1,지역별 생산액 구성비 차트에 대해 알려주세요,287.3118591308594,415.07989501953125,1904.5262451171875,753.7888793945312
MI3_240828_TY1_0692_1_V02-8_1,각 지역 생산품의 전국 최종수요에 의한 지역별 부가가치유발 비중 차트(혼합형)에 대해 알려주세요,528.2675170898438,361.1401062011719,1411.6280517578125,631.136962890625
MI3_240828_TY1_0692_3_V02-1_1,T01 T02 T03 차트(세로 막대형)에 대해 알려주세요,428.39501953125,2595.912841796875,1690.93798828125,559.4152221679688
MI3_240828_TY1_0692_4_V01_1,T01 T02 T03 표에 대해 알려주세요,379.2662353515625,1306.325439453125,1728.1673583984375,513.6405029296875
MI3_240828_TY1_0692_5_V02-4_2,주력산업별 수출 추이에 대한 꺾은선형 차트에 대해 알려주세요,361.197265625,2017.39794921875,849.1829833984375,549.314208984375
MI3_240828_TY1_0713_1_V01_1,제목에 대한 내용과 관련된 시각요소 제목 및 표에 대해 알려주세요.,289.5650634765625,2683.625732421875,1906.8270263671875,508.1340026855469
MI3_240828_TY1_0713_2_V01_1,레미콘 출하량 표에 대해 알려주세요,291.9840393066406,2259.0107421875,1900.3408203125,959.6455078125
MI3_240828_TY1_0713_3_V01_2,강원영동지역 KTX 이용객 수에 대한 차트(세로 막대형)에 대해 알려주세요,308.26904296875,2376.304443359375,1838.6097412109375,797.917236328125
MI3_240828_TY1_0713_4_V01_1,강원영동지역 소비 지표에 대한 차트(세로 막대형)에 대해 알려주세요,287.5606994628906,1355.7974853515625,1906.1705322265625,1752.3192138671875
MI3_240828_TY1_0713_5_V01_1,건설 활동에 대한 데이터와 관련된 시각요소 제목과 표에 대해 알려주세요,280.9636535644531,2679.60400390625,1925.35546875,536.785888671875
MI3_240828_TY1_0713_6_V01_1,고용 관련 지표에 대해 알려주세요,280.3791809082031,1670.132568359375,1928.41796875,1500.4189453125
MI3_240828_TY1_0716_1_V01_1,제목에 관련된 생산량 및 가동률을 나타내는 차트에 대해 알려주세요.,283.3399963378906,2685.647216796875,1915.1357421875,486.6457214355469
MI3_240828_TY1_0716_2_V01_1,강원영동지역 서비스업 생산 지수와 관련된 차트(세로 막대형)에 대해 알려주세요,284.4530944824219,850.9732666015625,1912.0445556640625,674.7261352539062
MI3_240828_TY1_0716_3_V01_1,강원영동지역 소비 지표 차트에 대해 알려주세요,281.3195495605469,1493.9007568359375,1917.1773681640625,1686.8385009765625
MI3_240828_TY1_0716_4_V01_1,소비자물가지수와 강원지역 물가 지표에 대해 알려주세요,280.98931884765625,1215.027587890625,1928.9351806640625,831.1483764648438
MI3_240828_TY1_0716_5_V01_1,강원영동지역 주택가격 지표에 대해 알려주세요,288.5561218261719,1015.089599609375,1899.29443359375,2168.597412109375
MI3_240828_TY1_0716_6_V01_1,강원지역 고용 지표에 대한 표에 대해 알려주세요,282.9657287597656,1001.0169677734375,1922.298828125,830.4146118164062
MI3_240828_TY1_0719_1_V02-1_1,2014년말 주요 시도별 자동차 등록대수 (%) 차트(세로 막대형)에 대해 알려주세요,1248.532470703125,1186.57470703125,900.43603515625,643.048583984375
MI3_240828_TY1_0719_2_V02-8_2,T01 T02 T03 혼합형에 대해 알려주세요,307.1372985839844,1010.9365844726562,915.3822021484375,646.5701293945312
MI3_240828_TY1_0719_3_V02-4_2,경기도 차량규모별 자동차 비중 추이 꺾은선형 차트에 대해 알려주세요,1255.751220703125,1112.14990234375,908.63330078125,672.2777099609375
MI3_240828_TY1_0719_4_V02-8_1,노후차량 추이 혼합형에 대해 알려주세요,1245.67333984375,2459.14306640625,888.1288452148438,688.250732421875
MI3_240828_TY1_0719_5_V02-8_2,1~9월중 국내 자동차업체의 수출 혼합형에 대해 알려주세요,513.1585693359375,2623.99951171875,1420.77734375,537.62890625
MI3_240828_TY1_0719_6_V02-8_1,1~9월중 국내 자동차업체의 해외생산 혼합형에 대해 알려주세요,488.58843994140625,2510.620849609375,1465.16162109375,599.4775390625
MI3_240828_TY1_0739_3_V01_1,최근 글로벌 금융규제 개혁 논의와 관련하여 기본자본 재구성 및 규제자본 손실흡수력 제고에 대해 알려주세요,330.837158203125,706.9419555664062,1719.605712890625,1195.4375
MI3_240828_TY1_0742_1_V02-8_1,이 자료의 제목에 대해 알려주세요.,370.3661804199219,1552.2554931640625,1523.1678466796875,1034.5914306640625
MI3_240828_TY1_0742_2_V02-4_1,금융기관 자금의 만기구조 단기화의 원인과 주요 선진국의 M1/M2 비율에 대해 알려주세요.,321.5347900390625,587.474853515625,1617.034423828125,1122.5830078125
MI3_240828_TY1_0742_3_V02-8_1,기업의 장기 설비투자자금 수요 감소와 관련된 시각적 자료에 대해 알려주세요,323.31365966796875,1524.1370849609375,1596.964599609375,984.9864501953125
MI3_240828_TY1_0742_4_V02-8_1,이 문서에서는 자금의 만기 단기화에 따른 금융부동화 현상과 관련된 8 1.9 수시입출식예금/M1 혼합형 차트에 대해 알려주세요,337.3416442871094,1174.44287109375,1606.98779296875,1020.7255859375
MI3_240828_TY1_0742_5_V02-4_1,우리나라 주식시장과 관련된 데이터의 꺾은선형 차트에 대해 알려주세요,361.92132568359375,521.9850463867188,1477.2823486328125,946.7367553710938
MI3_240828_TY1_0742_6_V02-4_1,화폐수요함수의 금리탄력성 추이 차트(꺾은선형)에 대해 알려주세요,321.8250427246094,1641.014404296875,1576.064453125,883.18505859375
MI3_240828_TY1_0744_1_V02-4_1,이 문서에서 경제활동참가율과 관련된 M'형 구조를 나타내는 차트(꺾은선형)에 대해 알려주세요.,1340.4764404296875,1238.4639892578125,776.1452026367188,821.8177490234375
MI3_240828_TY1_0744_2_V02-1_1,연령별 취업자비중 추이 차트(세로 막대형)에 대해 알려주세요,475.4469299316406,1968.2550048828125,1649.5391845703125,941.3261108398438
MI3_240828_TY1_0744_4_V02-4_1,이 보고서에서 실업률과 관련된 데이터를 보여주는 꺾은선형 차트에 대해 알려주세요.,461.94708251953125,1129.8504638671875,1667.864501953125,947.8318481445312
MI3_240828_TY1_0744_5_V02-4_1,최근 | 기 에 미친 영향에 대한 꺾은선형 차트에 대해 알려주세요,365.6545715332031,695.7884521484375,1659.1422119140625,1017.6919555664062
MI3_240828_TY1_0744_6_V02-1_1,노동시장 변화에 대한 임금안정실업률과 실제 실업률을 비교한 차트에 대해 알려주세요,471.61676025390625,1026.6270751953125,1645.5955810546875,964.8610229492188
MI3_240828_TY1_0754_1_V02-8_1,비국방자본재수주 추이에 대한 혼합형 차트에 대해 알려주세요,492.3193359375,680.36572265625,1621.7620849609375,865.2408447265625
MI3_240828_TY1_0754_2_V02-8_1,실업률 및 신규 실업수당 청구자수 추이 혼합형에 대해 알려주세요,385.1497497558594,686.2686767578125,1610.8536376953125,804.6022338867188
MI3_240828_TY1_0754_3_V02-4_1,주가지수 추이에 대해 알려주세요,385.05499267578125,2296.31640625,1609.8616943359375,873.65869140625
MI3_240828_TY1_0754_4_V02-8_1,이 보고서의 주제에 대한 유로지역의 실업률 추세를 보여주는 혼합형 차트에 대해 알려주세요.,380.84759521484375,1181.843505859375,1612.2462158203125,1006.6832885742188
MI3_240828_TY1_0754_5_V02-4_1,일본의 경기지수 추이에 대해 알려주세요,482.99871826171875,685.40673828125,1611.464111328125,841.3128051757812
MI3_240828_TY1_0754_6_V02-4_1,일본의 고용 관련 지표 추이 꺾은선형에 대해 알려주세요,1339.50830078125,1102.8033447265625,760.1976928710938,828.2872314453125
MI3_240828_TY1_0754_7_V02-4_1,브라질채권 가산금리 추이 차트(꺾은선형)에 대해 알려주세요,493.3746337890625,657.8096923828125,1593.4951171875,864.519287109375
MI3_240828_TY1_0756_1_V02-1_2,아시아 주요국 주가 상승률 상위업종 차트(세로 막대형)에 대해 알려주세요,542.0714111328125,1727.8614501953125,1467.812744140625,1425.1112060546875
MI3_240828_TY1_0756_2_V02-4_2,중국 주요 도시 주택가격 증감률에 대해 알려주세요,1270.4757080078125,2424.314453125,763.85595703125,622.66162109375
MI3_240828_TY1_0756_3_V01_1,이번 문서에서 본문에 포함된 내용으로 기간 순유입 규모 차트(세로 막대형)에 대해 알려주세요,1263.2706298828125,1331.5650634765625,797.9976806640625,847.4451904296875
MI3_240828_TY1_0756_4_V02-1_1,T04 차트(세로 막대형)에 대해 알려주세요,398.3716735839844,1286.7081298828125,1556.09130859375,803.2424926757812
MI3_240828_TY1_0756_5_V02-4_2,주요국 통화(M2) 증가율 차트(꺾은선형)에 대해 알려주세요,1255.7237548828125,1671.1661376953125,790.2918701171875,703.8739013671875
MI3_240828_TY1_0756_6_V02-1_1,주택가격 고점대비 하락률 및 저점대비 상승률 차트(세로 막대형)에 대해 알려주세요,475.96044921875,485.7828369140625,1549.2235107421875,793.3777465820312
MI3_240828_TY1_0761_1_V02-8_1,울산지역 총수신 추이에 대해 알려주세요,1251.376220703125,1712.3973388671875,897.234130859375,591.88330078125
MI3_240828_TY1_0761_2_V02-8_1,울산지역 제조업 고용보험 가입자 증감률 차트(혼합형)에 대해 알려주세요,1244.627685546875,2270.7138671875,904.54931640625,579.03564453125
MI3_240828_TY1_0761_3_V02-8_1,금융기관별 수신 추이 혼합형에 대해 알려주세요,1246.5902099609375,438.9494323730469,844.4839477539062,512.2305908203125
MI3_240828_TY1_0761_4_V02-8_3,융융채 금리차 혼합형에 대해 알려주세요,935.2122802734375,433.4486083984375,601.1697998046875,854.9281005859375
MI3_240828_TY1_0761_5_V02-8_2,울산지역 자산운용회사의 혼합형 차트에 대해 알려주세요,309.5650634765625,492.5592041015625,919.77734375,596.3983154296875
MI3_240828_TY1_0761_6_V02-4_2,울산지역 금융기관별 중기대출비중 차트(꺾은선형)에 대해 알려주세요,316.1330261230469,2122.589111328125,883.9395751953125,620.74169921875
MI3_240828_TY1_0768_1_V01_2,정책금리 및 시장금리 추이 표에 대해 알려주세요,415.20306396484375,757.8670043945312,1767.6578369140625,693.6429443359375
MI3_240828_TY1_0768_2_V01_1,제목에 대한 주요국의 부가가치세율 차트(세로 막대형)에 대해 알려주세요,387.3514404296875,2327.188232421875,1794.9576416015625,725.4515991210938
MI3_240828_TY1_0768_3_V01_2,"취업알선, 직업훈련, 고용보조금 지급, 청년 및 장애인고용 확대 등을 위한 사회기금에 대해 알려주세요",371.3246765136719,1789.5362548828125,904.6849365234375,705.4383544921875
MI3_240828_TY1_0768_4_V01_1,주요 유럽국가의 경기부양책에 대해 알려주세요.,289.2012634277344,509.5276794433594,2004.3482666015625,2576.494140625
MI3_240828_TY1_0768_5_V01_1,유럽 주요국의 재정수지 비율 전망 차트(세로 막대형)에 대해 알려주세요,398.63916015625,1612.8255615234375,1791.0467529296875,736.2660522460938
MI3_240828_TY1_0768_6_V01_1,이 문서의 주요 내용과 관련된 2006년부터 2009년까지의 유럽 및 영국 국채 발행 규모에 대해 알려주세요.,400.0783386230469,1011.6780395507812,1789.305419921875,365.263427734375
MI3_240828_TY1_0775_1_V02-4_3,전년동기비 소비자물가 변화 꺾은선형 차트에 대해 알려주세요,331.0262145996094,2581.928466796875,913.0966796875,535.655517578125
MI3_240828_TY1_0775_2_V02-4_2,자본재총공급 차트(꺾은선형)에 대해 알려주세요,399.3372497558594,2047.100830078125,896.068603515625,538.623046875
MI3_240828_TY1_0775_3_V02-4_1,현금급여총액 및 실질임금 추이에 대해 알려주세요,1307.888916015625,1202.375,874.6287841796875,533.9137573242188
MI3_240828_TY1_0775_4_V02-4_1,일본주가 추이 (포인트) 꺾은선형에 대해 알려주세요,402.8489074707031,475.90948486328125,1668.2723388671875,1015.5873413085938
MI3_240828_TY1_0775_5_V02-8_1,엔화선물 포지션 및 환율 혼합형에 대해 알려주세요,390.6028137207031,1381.5755615234375,1694.7352294921875,549.259033203125
MI3_240828_TY1_0775_6_V02-4_2,소비자물가 품목수 차트(꺾은선형)에 대해 알려주세요,314.2878723144531,2357.17041015625,1832.63037109375,596.3920288085938
MI3_240828_TY1_0786_1_V02-8_1,Ⅱ. 최근 제주지역 현금서비스 이용동향 1. 현금서비스 이용규모 월별 제주지역 현금서비스 이용액 추이에 대해 알려주세요,451.4903259277344,2169.200927734375,1657.5289306640625,872.5363159179688
MI3_240828_TY1_0786_2_V02-4_1,현금서비스 회전율 꺾은선형에 대해 알려주세요,450.8447265625,2091.6845703125,1626.2947998046875,920.9696655273438
MI3_240828_TY1_0786_3_V01_1,현금서비스 취급조건 및 회원등급 분포에 대해 알려주세요,435.49737548828125,2052.75341796875,1671.6494140625,1012.0595092773438
MI3_240828_TY1_0786_4_V02-1_2,전북 지역 은행 및 비은행기관 대출 차트(세로 막대형)에 대해 알려주세요,474.1509094238281,1986.416748046875,1640.5028076171875,1112.183837890625
MI3_240828_TY1_0786_5_V01_1,제목 소제목 주요 경제지표 차트(세로 막대형)에 대해 알려주세요,514.45947265625,1629.0240478515625,1543.154296875,556.6069946289062
MI3_240828_TY1_0786_6_V02-8_1,제주지역 현금서비스 증감률 혼합형에 대해 알려주세요,460.7975769042969,1663.4752197265625,1614.8133544921875,815.2676391601562
MI3_240828_TY1_0817_1_V02-4_2,제조업 명목 GRDP 비중 차트(꺾은선형)에 대해 알려주세요,1251.45361328125,1323.8251953125,913.0245361328125,701.2329711914062
MI3_240828_TY1_0817_2_V02-4_1,전국 인천 GRDP 성장률 꺾은선형 차트에 대해 알려주세요,1254.444580078125,2308.994873046875,912.40185546875,681.917236328125
MI3_240828_TY1_0817_3_V01_1,Ⅱ 인천지역 GRDP 현황 최근 GRDP 개황 표에 대해 알려주세요,288.3378601074219,2363.855224609375,1902.459228515625,792.828125
MI3_240828_TY1_0817_4_V02-3_2,"제목에 포함된 서비스업, 제조업, 건설업의 비중을 나타내는 원형 차트에 대해 알려주세요.",1341.1519775390625,920.615966796875,760.0518798828125,757.885986328125
MI3_240828_TY1_0817_5_V02-1_2,제조업 업종별 평균 비중 차트(세로 막대형)에 대해 알려주세요,504.4523620605469,2545.956298828125,1444.3553466796875,594.064453125
MI3_240828_TY1_0817_6_V02-1_2,인천지역 관광호텔 객실수 현황 차트(세로 막대형)에 대해 알려주세요,329.492431640625,1845.1199951171875,885.205078125,716.2998657226562
MI3_240828_TY1_0819_2_V01_1,제주지역의 자금 역외 순유출입 규모에 대해 알려주세요.,359.9128112792969,509.58428955078125,1759.07568359375,1073.749755859375
MI3_240828_TY1_0819_3_V01_1,2. 민간 부문의 자금유출입 변화 요인과 제주지역의 재화 및 서비스에 대한 차트에 대해 알려주세요,330.9333801269531,1704.2918701171875,1815.7169189453125,595.3824462890625
MI3_240828_TY1_0819_4_V02-8_1,주식형펀드와 코스피지수 혼합차트에 대해 알려주세요,319.6575012207031,1656.823974609375,921.59765625,857.1943359375
MI3_240828_TY1_0819_5_V01_1,제주지역 금융기관의 수신 및 금융자금대출 증가액 표에 대해 알려주세요,327.98681640625,2518.030029296875,1840.239501953125,541.752685546875
MI3_240828_TY1_0819_6_V02-4_1,예금은행의 예대율 꺾은선형에 대해 알려주세요,512.449462890625,1185.3206787109375,1452.2225341796875,753.3536376953125
MI3_240828_TY1_0824_1_V01_1,화폐발행액과 환수액의 변동에 대해 알려주세요,342.1693115234375,2497.664794921875,1797.9451904296875,528.2543334960938
MI3_240828_TY1_0824_2_V01_1,한국은행 예금 및 대출금 (말잔기준 증감액) 표에 대해 알려주세요,388.355712890625,2389.159423828125,1778.0947265625,707.851318359375
MI3_240828_TY1_0824_3_V01_1,금융기관별 여신에 대한 정보와 관련하여 보여지는 표의 내용과 변동 요인에 대해 알려주세요,330.0633850097656,1116.0655517578125,1918.750244140625,1645.095947265625
MI3_240828_TY1_0824_4_V01_2,이 문서에서 비통화금융기관 수신에 대한 표 형식의 데이터에 대해 알려주세요,303.35064697265625,612.50830078125,1910.2828369140625,629.5834350585938
MI3_240828_TY1_0824_5_V02-3_1,월중 예금은행 여신의 산업별 구성 및 차트(원형)에 대해 알려주세요,443.9027404785156,2063.3251953125,1606.0576171875,694.822998046875
MI3_240828_TY1_0824_6_V01_1,어음부도율에 대한 데이터와 경북동해안 지역의 어음부도율 변화를 시각적으로 보여주는 표에 대해 알려주세요,283.034912109375,2251.524169921875,1860.769287109375,811.00927734375
MI3_240828_TY1_0830_1_V01_1,제조업의 주요 업종별 생산 추이와 관련된 차트에 대해 알려주세요,368.9039306640625,411.2778625488281,1799.3646240234375,1239.3292236328125
MI3_240828_TY1_0830_2_V01_1,대형소매점1) 판매액 추이에 대해 알려주세요.,426.46051025390625,1654.461181640625,1682.17138671875,536.11474609375
MI3_240828_TY1_0830_3_V01_2,건설업 업황BSI 추이 차트(가로 막대형)에 대해 알려주세요,373.8550720214844,2785.56591796875,1781.5926513671875,298.1171569824219
MI3_240828_TY1_0830_4_V01_1,실업률 및 취업자수 증감 추이에 대해 알려주세요,426.0339660644531,474.9431457519531,1714.6385498046875,2387.9990234375
MI3_240828_TY1_0830_5_V01_1,소비자물가상승률 추이 차트에 대해 알려주세요,357.6412658691406,457.802001953125,1809.927734375,1530.0911865234375
MI3_240828_TY1_0830_6_V01_1,수출입 동향 추이 (통관기준) 차트에 대해 알려주세요,283.4176940917969,527.9675903320312,1905.234130859375,2489.834228515625
MI3_240828_TY1_0834_1_V02-4_1,나. 국제금융시장 O 주가지수 추이 꺾은선형에 대해 알려주세요,354.8153381347656,1723.66064453125,1752.5411376953125,903.867919921875
MI3_240828_TY1_0834_2_V02-4_1,엔/달러화 및 달러/유로화 환율 추이에 대해 알려주세요,354.3910827636719,1326.747802734375,1759.212646484375,1025.6162109375
MI3_240828_TY1_0834_3_V02-4_2,미국 채권수익률 추이 꺾은선형에 대해 알려주세요,295.8895568847656,985.5582275390625,938.4801635742188,848.1876831054688
MI3_240828_TY1_0834_4_V01_1,II. 실물경제동향 1. 국내수요 소비관련지표 추이에 대해 알려주세요,292.3024597167969,2358.95751953125,1841.76220703125,748.00537109375
MI3_240828_TY1_0834_5_V01_1,건설투자 관련 데이터의 차트에 대해 알려주세요,288.35272216796875,1953.703369140625,1903.634521484375,967.1303100585938
MI3_240828_TY1_0834_6_V01_1,경제활동참가자수 및 취업자수 추이에 대해 알려주세요,332.12652587890625,2097.087158203125,1853.698486328125,933.00830078125
MI3_240828_TY1_0839_1_V01_1,Ⅱ. 국내경제동향 1. 수요 및 산업활동 소비재판매액에 대해 알려주세요,468.69586181640625,1293.239990234375,1726.0401611328125,597.70556640625
MI3_240828_TY1_0839_2_V01_2,제조업 생산 및 평균가동률에 대한 차트(가로 막대형)에 대해 알려주세요,468.19482421875,630.8792114257812,1725.409423828125,558.87109375
MI3_240828_TY1_0839_3_V01_2,재고율 차트(세로 막대형)에 대해 알려주세요,441.2782897949219,1982.331298828125,1730.6048583984375,927.9111328125
MI3_240828_TY1_0839_4_V01_1,고용 취업자수 및 실업률 차트에 대해 알려주세요,415.48968505859375,1760.2916259765625,1776.3017578125,678.9322509765625
MI3_240828_TY1_0839_5_V01_1,아파트 매매 및 전세가격에 대해 알려주세요,451.94696044921875,1425.3748779296875,1701.7822265625,1123.7147216796875
MI3_240828_TY1_0839_6_V01_1,수입(통관기준) 자료의 표에 대해 알려주세요,424.5570373535156,2572.914794921875,1781.9090576171875,558.69921875
MI3_240828_TY1_0877_1_V01_1,주택시장 : 호조 지속에 대해 알려주세요,355.35406494140625,1001.618408203125,1799.057373046875,301.0002136230469
MI3_240828_TY1_0877_2_V02-4_4,VIX 차트(꺾은선형)에 대해 알려주세요,1292.6458740234375,2608.0166015625,866.4454345703125,464.3945007324219
MI3_240828_TY1_0877_3_V02-4_1,꺾은선형에 대해 알려주세요,1258.337158203125,2258.834716796875,889.1922607421875,586.3087768554688
MI3_240828_TY1_0877_4_V02-8_1,미국내 확진자(혼합형)에 대해 알려주세요,1301.2415771484375,1939.4722900390625,876.4854736328125,609.2662353515625
MI3_240828_TY1_0877_5_V02-4_2,(21.2월 재난지원금 평균 지출액=1) 차트(꺾은선형)에 대해 알려주세요,328.8466796875,1060.4019775390625,901.3074951171875,508.741943359375
MI3_240828_TY1_0877_6_V02-4_1,자료에 대해 알려주세요,1556.769287109375,1633.8980712890625,580.4356689453125,567.0430908203125
MI3_240828_TY1_0878_1_V01_1,주택시장 호조세 둔화 조짐 차트에 대해 알려주세요,340.597900390625,886.3814697265625,1800.7503662109375,306.6515808105469
MI3_240828_TY1_0878_2_V02-4_1,T01 T02 차트(꺾은선형) V02-4에 대해 알려주세요,382.9525146484375,1348.8421630859375,914.76123046875,532.3106689453125
MI3_240828_TY1_0878_3_V02-1_1,금리인상폭과 관련된 차트(세로 막대형)에 대해 알려주세요,304.3570251464844,2096.22216796875,924.743896484375,668.656005859375
MI3_240828_TY1_0878_4_V02-8_1,소득 및 보상비용 혼합형에 대해 알려주세요,328.08203125,1563.4156494140625,888.7882080078125,482.2480163574219
MI3_240828_TY1_0878_5_V02-4_1,실업률 전망 차트(꺾은선형)에 대해 알려주세요,1294.018310546875,2168.364501953125,878.2052001953125,519.90966796875
MI3_240828_TY1_0878_6_V02-4_2,이 문서의 꺾은선형 차트에 대해 알려주세요,327.7556457519531,1372.0421142578125,611.4534912109375,563.54541015625
MI3_240828_TY1_0882_1_V01_1,비농업부문 취업자수와 실업률에 대해 알려주세요,339.8760986328125,1801.4124755859375,1852.3817138671875,493.9974365234375
MI3_240828_TY1_0882_2_V01_1,주택시장 관련 차트에 대해 알려주세요,294.7621765136719,1054.1934814453125,1892.4000244140625,303.8388366699219
MI3_240828_TY1_0882_3_V02-4_2,5년 후 기대인플레이션 차트(꺾은선형)에 대해 알려주세요,1263.8436279296875,2525.9599609375,856.636962890625,428.0078125
MI3_240828_TY1_0882_4_V01_1,표에 대해 알려주세요,294.7923889160156,1363.13720703125,1903.74853515625,310.8385009765625
MI3_240828_TY1_0882_5_V02-4_1,T01 T02 다우존스 차트(꺾은선형)에 대해 알려주세요,403.1792297363281,1556.8551025390625,866.0162963867188,439.5948181152344
MI3_240828_TY1_0882_6_V02-4_1,금리인하 개시 시점 및 연중 횟수에 대해 알려주세요,1258.9761962890625,2145.817138671875,852.096923828125,663.416015625
MI3_240828_TY1_0884_1_V02-4_2,Thousands of flights Index 에 대해 알려주세요,958.09765625,2456.493896484375,585.2352294921875,599.645751953125
MI3_240828_TY1_0884_2_V01_1,최근 고용 상황에 대한 차트(세로 막대형)에 대해 알려주세요,343.9725341796875,1364.2340087890625,1836.9627685546875,382.6591796875
MI3_240828_TY1_0884_3_V02-4_1,소비자물가 차트(꺾은선형)에 대해 알려주세요,1260.818359375,2202.912109375,788.2843627929688,635.96630859375
MI3_240828_TY1_0884_4_V02-4_5,비선형 Wage 필립스 곡선가정 임금상승 전망에 대해 알려주세요,922.12890625,825.4547729492188,609.3829956054688,496.3330993652344
MI3_240828_TY1_0884_5_V01_1,달러/유로 및 엔/달러 환율 표에 대해 알려주세요,311.13311767578125,2314.06298828125,1841.7513427734375,200.81126403808594
MI3_240828_TY1_0884_6_V02-4_1,FOMC 전망 대비 실업률 하락속도 차트(꺾은선형)에 대해 알려주세요,1238.849365234375,2705.31494140625,856.9647216796875,428.3263854980469
MI3_240828_TY1_0944_1_V02-4_1,제조업 생산 및 재고지수 꺾은선형에 대해 알려주세요,378.0824890136719,758.369873046875,1721.52783203125,977.8050537109375
MI3_240828_TY1_0944_2_V02-4_2,소비자물가 상승률 꺾은선형 차트에 대해 알려주세요,400.4725646972656,1941.513427734375,1706.1829833984375,1036.813720703125
MI3_240828_TY1_0944_3_V02-4_1,실업률 꺾은선형에 대해 알려주세요,424.2389831542969,1941.1776123046875,1676.653076171875,1027.9058837890625
MI3_240828_TY1_0944_4_V02-8_1,금융기관 수신 혼합형에 대해 알려주세요,375.87451171875,789.6302490234375,1730.6610107421875,843.3046264648438
MI3_240828_TY1_0944_5_V02-4_1,어음 부도율 꺾은선형에 대해 알려주세요,385.0317077636719,919.0601196289062,1706.944580078125,832.7517700195312
MI3_240828_TY1_0944_6_V01_1,I. 실물동향 1. 생산활동 제조업 생산에 대한 연간 통계 데이터에 대해 알려주세요,368.9065856933594,1183.2135009765625,1744.423583984375,1062.5093994140625
MI3_240828_TY1_0960_1_V01_1,비은행기관 수신과 관련된 차트에 대해 알려주세요.,336.3487548828125,277.5947570800781,1617.802734375,1426.618896484375
MI3_240828_TY1_0960_2_V01_1,3. 중소기업대출 총대출 통계에 대해 알려주세요,300.4665222167969,1502.1690673828125,1704.383056640625,815.226318359375
MI3_240828_TY1_0960_3_V02-3_2,금융기관별 여신 비중에 대해 알려주세요,380.4864807128906,599.4964599609375,1447.2301025390625,644.515625
MI3_240828_TY1_0960_4_V01_1,2005년 2월중 충북지역 어음부도율 및 부도금액에 대해 알려주세요,293.302978515625,1262.5699462890625,1720.111328125,713.8550415039062
MI3_240828_TY1_0960_5_V01_1,에 대한 단위와 비율을 포함한 표에 대해 알려주세요.,227.98004150390625,1741.621826171875,1828.43310546875,840.6590576171875
MI3_240828_TY1_0960_6_V01_1,2004년말 현재 충북지역 예금은행과 비은행 기관의 점포 수에 대해 알려주세요.,349.9009094238281,618.93359375,1602.9547119140625,885.1953125
MI3_240828_TY1_0961_1_V01_1,2004 2005 7월에 대해 알려주세요,326.337890625,1299.1280517578125,1652.809814453125,890.5803833007812
MI3_240828_TY1_0961_2_V01_1,신용보증 현황 차트에 대해 알려주세요,357.2335205078125,1330.686279296875,1587.8231201171875,1106.9149169921875
MI3_240828_TY1_0961_3_V02-3_2,금융기관별 여신 비중 차트(원형)에 대해 알려주세요,410.77130126953125,1906.078369140625,1416.346435546875,769.3681030273438
MI3_240828_TY1_0961_4_V01_1,업종별 부도금액 현황 차트에 대해 알려주세요,283.6038818359375,1729.6634521484375,1735.4228515625,791.3873291015625
MI3_240828_TY1_0961_5_V01_1,업종별 신설법인 현황 차트에 대해 알려주세요,261.6093444824219,1775.8519287109375,1784.958251953125,831.1475830078125
MI3_240828_TY1_0961_6_V01_1,제조업 출하 및 재고 추이에 대해 알려주세요,341.2416687011719,1735.4078369140625,1730.757080078125,931.2295532226562
MI3_240828_TY1_0976_1_V02-3_2,금융기관별 여신 비중 차트(원형)에 대해 알려주세요,538.4766235351562,596.7975463867188,1485.4365234375,722.77783203125
MI3_240828_TY1_0976_2_V01_1,어음부도율 추이에 대해 알려주세요,316.5681457519531,1337.397216796875,1701.980224609375,701.0107421875
MI3_240828_TY1_0976_3_V01_2,(업종별) 부도현황 차트에 대해 알려주세요,245.7764129638672,803.0950927734375,1793.2442626953125,714.3360595703125
MI3_240828_TY1_0976_4_V01_1,업종별 신설법인 현황 표에 대해 알려주세요,273.116455078125,1919.4739990234375,1776.3123779296875,741.0491943359375
MI3_240828_TY1_0976_5_V02-8_1,6. 대외거래 및 충북지역 수출액 추이에 대한 혼합형 차트에 대해 알려주세요,272.8142395019531,1823.039794921875,1791.389892578125,822.5653686523438
MI3_240828_TY1_0976_6_V01_1,제목에 대한 내용과 관련하여 부동산 구입희망 소비자의 비중 추이에 대해 알려주세요.,440.7218933105469,2348.31201171875,1446.9990234375,204.474609375
MI3_240828_TY1_0983_1_V01_1,어음부도율 추이에 대해 알려주세요,382.625732421875,1221.30029296875,1685.9404296875,640.2899169921875
MI3_240828_TY1_0983_2_V01_1,업종별 신설법인 현황과 관련된 데이터의 시각적 표현인 차트에 대해 알려주세요,286.6633605957031,1889.5726318359375,1785.386962890625,739.8331298828125
MI3_240828_TY1_0983_3_V02-8_1,충북지역 제조업 생산지수 추이 혼합형에 대해 알려주세요,254.2409210205078,1130.5067138671875,1796.2440185546875,1072.9759521484375
MI3_240828_TY1_0983_4_V01_1,소비관련 지표 추이 및 충북지역 소비관련 지표 추이에 대한 차트(세로 막대형)에 대해 알려주세요,350.3266296386719,283.37164306640625,1716.7490234375,525.871337890625
MI3_240828_TY1_0983_5_V02-8_1,청주산업단지 생산액 추이 혼합형에 대해 알려주세요,258.4817199707031,726.2650756835938,1798.612060546875,825.1996459960938
MI3_240828_TY1_0983_6_V01_1,충북지역 수출액 추이에 대한 표에 대해 알려주세요,305.28662109375,295.2320861816406,1749.203857421875,1384.4915771484375
MI3_240828_TY1_0998_1_V02-4_1,충북지역 기업경기조사 결과와 제조업 및 비제조업 업황BSI 추이에 대해 알려주세요,258.72149658203125,2195.42822265625,1618.9969482421875,538.91259765625
MI3_240828_TY1_0998_2_V01_1,제조업 업황BSI에 대한 07.11월 전월대비 변동폭 차트에 대해 알려주세요,200.2173309326172,2080.95556640625,1762.6072998046875,590.91748046875
MI3_240828_TY1_0998_3_V01_1,제조업 설비투자 표에 대해 알려주세요,204.22515869140625,1480.3282470703125,1755.230224609375,354.6425476074219
MI3_240828_TY1_0998_4_V02-3_1,원형에 대해 알려주세요,212.8326873779297,1144.9088134765625,1651.7305908203125,603.6778564453125
MI3_240828_TY1_0998_5_V01_1,전월대비 구 분 변동폭에 대해 알려주세요,200.61282348632812,1105.637451171875,1767.0093994140625,728.0380249023438
MI3_240828_TY1_0998_6_V01_1,경영 애로사항 표에 대해 알려주세요,191.2045440673828,1748.3804931640625,1761.29345703125,867.4237060546875
MI3_240828_TY1_1007_1_V02-8_2,최근 충북지역 고용지표 변화 관련 요인 분해 결과 혼합형에 대해 알려주세요,374.3270263671875,1101.3341064453125,845.9893798828125,573.135009765625
MI3_240828_TY1_1007_2_V02-4_1,"단기 실업률, 단기 고용률과 산업생산의 관계에 대한 꺾은선형 차트에 대해 알려주세요",544.2289428710938,1224.1468505859375,1380.510986328125,723.3642578125
MI3_240828_TY1_1007_3_V03_1,국가과학기술심의회 정책 및 사업제안 다이어그램에 대해 알려주세요,957.0562744140625,2147.08984375,566.2980346679688,600.6979370117188
MI3_240828_TY1_1007_5_V01_2,서비스업 1인당 부가가치에 대해 알려주세요,911.6981811523438,2228.67333984375,561.7009887695312,691.6879272460938
MI3_240828_TY1_1007_6_V01_1,충북 서비스업 교역수지 표에 대해 알려주세요,356.1624755859375,1960.632080078125,577.381103515625,640.83642578125
MI3_240828_TY1_1031_1_V01_1,에 대한 내용에서 지역 장비 및 입주 시설 R&D 및 생산 인프라를 나타내는 차트에 대해 알려주세요.,349.321533203125,1313.50244140625,1761.9647216796875,586.7327880859375
MI3_240828_TY1_1031_2_V01_1,충청권 바이오산업 현황과 발전방안에 대한 표에 대해 알려주세요,342.2560729980469,1271.2022705078125,1772.130615234375,667.1670532226562
MI3_240828_TY1_1031_3_V01_1,충북과 대구 지역의 바이오산업 지원 현황에 대한 차트에 대해 알려주세요,387.60125732421875,1605.3084716796875,1762.330322265625,587.1981201171875
MI3_240828_TY1_1031_4_V01_1,충청권 바이오산업 현황과 발전방안에 대해 알려주세요,344.646240234375,1852.57421875,1766.412109375,667.198974609375
MI3_240828_TY1_1031_5_V01_1,충청권 바이오산업 현황과 발전방안에 대해 알려주세요,387.2930603027344,2291.63427734375,1762.5904541015625,560.281005859375
MI3_240828_TY1_1032_1_V03_1,지역별 이입금액 구성비 다이어그램에 대해 알려주세요,1238.210205078125,2529.98095703125,914.4015502929688,593.396240234375
MI3_240828_TY1_1032_2_V01_1,충청지역 경제 서비스화 추이에 대해 알려주세요,330.6497802734375,2428.169921875,1837.358154296875,711.310302734375
MI3_240828_TY1_1032_3_V01_1,"이 문서에서는 수도권, 충청권, 대경권, 호남권, 동남권의 생산 및 고용 비중을 비교하는 표에 대해 알려주세요.",401.7819519042969,891.87841796875,1805.253662109375,518.376708984375
MI3_240828_TY1_1032_4_V02-4_2,충북지역 생산 및 고용 비중 추이 꺾은선형 차트에 대해 알려주세요,1255.9940185546875,1286.55517578125,865.8970947265625,875.4820556640625
MI3_240828_TY1_1032_5_V01_1,충청지역 경제서비스화의 특징에 대한 차트(세로 막대형)에 대해 알려주세요,341.6730041503906,1858.1630859375,881.4503173828125,729.086669921875
MI3_240828_TY1_1032_6_V03_2,"대전과 충남, 충북의 수입 현황에 대해 알려주세요.",1215.75,2405.505859375,910.78125,593.308349609375
MI3_240828_TY1_1046_1_V02-4_1,국내 철강업 현황 및 탄소중립 동향과 관련된 꺾은선형 차트에 대해 알려주세요,1261.75048828125,1798.4351806640625,904.103515625,720.8409423828125
MI3_240828_TY1_1046_2_V02-1_2,종사자 1인당 매출액 차트(세로 막대형)에 대해 알려주세요,1257.510498046875,1101.5545654296875,909.3742065429688,773.895751953125
MI3_240828_TY1_1046_3_V02-4_1,국내 조강생산량 차트(꺾은선형)에 대해 알려주세요,314.6996765136719,2013.332763671875,839.9788818359375,710.4837646484375
MI3_240828_TY1_1046_4_V01_1,2018년 국내 분야별 온실가스 배출량에 대해 알려주세요,313.17523193359375,2565.80615234375,1881.290283203125,295.335693359375
MI3_240828_TY1_1046_5_V03_1,주요국 철강업의 이산화탄소 배출 공정에 대해 알려주세요,616.5158081054688,1371.8704833984375,1446.015869140625,708.1856689453125
MI3_240828_TY1_1049_1_V02-4_1,북한원/달러 환율 변화 차트(꺾은선형)에 대해 알려주세요,1289.269775390625,548.4219970703125,738.8564453125,626.5639038085938
MI3_240828_TY1_1049_2_V02-4_1,북한원/유로 환율 꺾은선형 차트에 대해 알려주세요,1212.084228515625,533.51025390625,744.8017578125,627.0091552734375
MI3_240828_TY1_1049_3_V02-4_2,북한의 쌀 가격 추이(달러표시) 꺾은선형 차트에 대해 알려주세요,1315.3243408203125,1677.4490966796875,739.3077392578125,626.124267578125
MI3_240828_TY1_1049_4_V02-4_2,태국 대비 북한 시장 쌀 가격 추이 차트(꺾은선형)에 대해 알려주세요,546.5147094726562,1037.310791015625,1513.390625,691.20703125
MI3_240828_TY1_1049_5_V02-4_1,북한 시장 쌀 가격의 상대가격수준 추이 꺾은선형에 대해 알려주세요,482.4308776855469,489.2611083984375,1472.430908203125,691.4154052734375
MI3_240828_TY1_1049_6_V02-4_1,북한(국정)과 남한의 쌀 가격 추세를 보여주는 꺾은선형 차트에 대해 알려주세요,483.010009765625,514.1172485351562,721.2113647460938,628.1309204101562
MI3_240828_TY1_1056_1_V02-8_1,통화신용정책 보고서와 관련된 경상수지 및 자본수지 혼합형 차트에 대해 알려주세요,200.2092742919922,2015.14453125,893.9049682617188,689.306396484375
MI3_240828_TY1_1056_2_V02-4_1,총액한도대출 및 유동성조절대출 금리 조정 꺾은선형 차트에 대해 알려주세요,160.03953552246094,2036.0928955078125,871.0057373046875,585.2247314453125
MI3_240828_TY1_1056_5_V02-8_2,GDP 성장률과 GDP 갭률 차트(혼합형)에 대해 알려주세요,153.991943359375,1972.1629638671875,880.7199096679688,740.3881225585938
MI3_240828_TY1_1061_1_V02-8_1,통화신용정책 보고서에 포함된 GDP 성장률 혼합형에 대해 알려주세요,100.73651123046875,1007.1627807617188,447.9297790527344,1425.5201416015625
MI3_240828_TY1_1061_2_V02-4_1,"L, Lf 및 M2 증가율 (전년동월대비) 차트(꺾은선형)에 대해 알려주세요",77.7573013305664,2728.474853515625,445.24822998046875,779.525146484375
MI3_240828_TY1_1061_3_V02-4_1,통화신용정책 보고서 주가는 외국인의 주식 순매도 및 유가 급등에 대해 알려주세요,84.57295989990234,1058.260498046875,474.32635498046875,1406.873779296875
MI3_240828_TY1_1061_4_V02-4_1,통화신용정책 보고서 나. 中 주요 지역별 경제성장률 꺾은선형에 대해 알려주세요,101.10832977294922,3054.178466796875,448.6437683105469,453.8214111328125
MI3_240828_TY1_1061_5_V02-4_1,주요국의 정책금리 조정 꺾은선형에 대해 알려주세요,53.025726318359375,3038.700927734375,476.3760681152344,469.299072265625
MI3_240828_TY1_1061_6_V02-4_1,통화신용정책 보고서의 주요 환율 변화와 차트(꺾은선형)에 대해 알려주세요,99.6033935546875,1207.0244140625,450.747802734375,1507.7518310546875
MI3_240828_TY1_1076_1_V01_1,경상수지에 대한 차트(세로 막대형)에 대해 알려주세요,1267.6728515625,1515.6434326171875,794.457275390625,866.420166015625
MI3_240828_TY1_1076_2_V01_1,소비자물가 상승률 (%) 차트(세로 막대형)에 대해 알려주세요,1274.013916015625,914.9271850585938,792.5548095703125,1013.421630859375
MI3_240828_TY1_1076_3_V02-8_1,소비자물가 상승률 기여도 차트(혼합형)에 대해 알려주세요,436.39990234375,640.7000122070312,732.466064453125,802.4920043945312
MI3_240828_TY1_1076_4_V01_1,주택 매매 및 전세 가격 상승률 차트(세로 막대형)에 대해 알려주세요,1275.5203857421875,1233.017822265625,791.6890258789062,689.853759765625
MI3_240828_TY1_1076_5_V02-8_1,회사채 신용스프레드 및 신용등급 간 스프레드 혼합형에 대해 알려주세요,413.78350830078125,1525.9417724609375,776.6707763671875,785.5226440429688
MI3_240828_TY1_1076_6_V02-8_2,보유증감 및 보유잔액 혼합형 차트에 대해 알려주세요,1299.1627197265625,602.3040771484375,753.5999755859375,822.0697021484375
MI3_240828_TY1_1091_1_V02-8_1,설비투자 혼합형에 대해 알려주세요,363.3829345703125,1386.8436279296875,787.164794921875,847.3707275390625
MI3_240828_TY1_1091_2_V02-4_1,국고채 및 미국 국채 금리 꺾은선형에 대해 알려주세요,487.2343444824219,1929.12548828125,759.2211303710938,830.23974609375
MI3_240828_TY1_1091_3_V02-8_1,회사채 금리 및 신용스프레드 혼합형에 대해 알려주세요,1211.614990234375,1701.186279296875,773.45166015625,826.500732421875
MI3_240828_TY1_1091_4_V02-4_1,코스피 및 주가변동성지수 꺾은선형에 대해 알려주세요,473.170166015625,1701.0787353515625,778.642333984375,791.1387939453125
MI3_240828_TY1_1091_5_V02-8_1,차익거래 유인 내외금리차 및 스왑레이트 혼합형에 대해 알려주세요,1209.0870361328125,1547.84130859375,786.7730712890625,921.0950927734375
MI3_240828_TY1_1091_6_V01_1,에 대한차트(세로 막대형)에 대해 알려주세요,544.0559692382812,2698.354248046875,1554.015380859375,302.705078125
MI3_240828_TY1_1095_1_V02-4_1,그림 II-1. 한국은행 기준금리 꺾은선형에 대해 알려주세요,401.0689697265625,1671.5968017578125,786.0880126953125,713.9747314453125
MI3_240828_TY1_1095_2_V02-4_2,국제유가 및 원/달러 환율 영역형에 대해 알려주세요,407.8810119628906,595.3419799804688,773.4562377929688,743.4910888671875
MI3_240828_TY1_1095_3_V02-4_1,그림 III-12 차트(꺾은선형)에 대해 알려주세요,408.5459289550781,817.3966674804688,775.3104858398438,690.6151733398438
MI3_240828_TY1_1095_4_V02-4_1,정책조합별 주택가격 상승률 차트(꺾은선형)에 대해 알려주세요,1268.889404296875,1626.988525390625,795.58837890625,786.1699829101562
MI3_240828_TY1_1095_5_V02-6_1,국내 금융불균형의 누증과 정책대응 간 관계 차트(분산형)에 대해 알려주세요,1263.6435546875,585.061279296875,802.4061279296875,825.5284423828125
MI3_240828_TY1_1095_6_V02-4_2,경제국 비교 차트(꺾은선형)에 대해 알려주세요,401.4944763183594,591.75146484375,787.28564453125,757.9520263671875
MI3_240828_TY1_1096_1_V02-8_1,설비투자 증감률에 대해 알려주세요,405.4443054199219,1563.7166748046875,777.9521484375,731.2755126953125
MI3_240828_TY1_1096_2_V02-4_1,수입물가 상승률 차트(꺾은선형)에 대해 알려주세요,407.8907470703125,1720.71240234375,771.2254028320312,679.8895263671875
MI3_240828_TY1_1096_3_V02-8_1,국고채(3년) 금리 및 장단기 금리차 혼합형에 대해 알려주세요,1275.902099609375,747.7486572265625,785.531494140625,695.1985473632812
MI3_240828_TY1_1096_4_V02-4_1,그림 I-22. 회사채 금리 및 신용스프레드 꺾은선형에 대해 알려주세요,1276.274658203125,1193.501708984375,788.0120849609375,777.818359375
MI3_240828_TY1_1096_5_V02-4_1,기업대출금리와 가계대출금리 꺾은선형에 대해 알려주세요,402.5761413574219,1200.377197265625,790.3975219726562,728.396240234375
MI3_240828_TY1_1096_6_V02-8_1,보유증감 및 보유잔액 혼합형에 대해 알려주세요,409.5019226074219,827.2182006835938,784.1830444335938,712.0518188476562
MI3_240828_TY1_1097_1_V02-4_3,전세계 MSCI 지수 및 미 국채 금리 꺾은선형에 대해 알려주세요,1280.282470703125,1430.351318359375,788.19140625,730.9619140625
MI3_240828_TY1_1097_2_V02-4_1,물가상승률1) 차트(꺾은선형)에 대해 알려주세요,390.7994079589844,2315.653076171875,793.3677368164062,804.3527221679688
MI3_240828_TY1_1097_3_V02-4_2,국고채 금리 및 환율 차트(꺾은선형)에 대해 알려주세요,1283.357421875,511.8366394042969,781.748046875,722.256591796875
MI3_240828_TY1_1097_4_V02-4_2,한국은행 금융중개지원대출 꺾은선형에 대해 알려주세요,392.6124572753906,508.868408203125,793.256103515625,779.4461669921875
MI3_240828_TY1_1097_5_V02-4_1,그림 I-6. 주요 환율 및 미 달러화 지수에 대해 알려주세요,1282.002197265625,509.1890563964844,780.76318359375,794.9374389648438
MI3_240828_TY1_1097_6_V02-4_2,기대인플레이션율 꺾은선형에 대해 알려주세요,1283.0064697265625,1081.94970703125,781.1826782226562,841.9036865234375
MI3_240828_TY1_1102_1_V02-4_2,물가상승률1) (전년동월대비) 꺾은선형에 대해 알려주세요,324.59912109375,893.8305053710938,872.7967529296875,849.2134399414062
MI3_240828_TY1_1102_2_V02-8_1,"1,300 외국인 주식 순매수와 환율에 대한 혼합형 차트에 대해 알려주세요",348.8482666015625,558.420654296875,857.0972900390625,850.39599609375
MI3_240828_TY1_1102_3_V02-4_1,(꺾은선형) 차트에 대해 알려주세요,334.3528137207031,517.0708618164062,850.6216430664062,884.2756958007812
MI3_240828_TY1_1102_4_V02-4_1,전 세계 선진국 소비자물가 상승률 차트(꺾은선형)에 대해 알려주세요,447.0374450683594,566.7301025390625,710.01611328125,779.3731079101562
MI3_240828_TY1_1102_5_V02-4_1,국제유가 차트(꺾은선형)에 대해 알려주세요,401.91455078125,1767.171875,781.2913208007812,811.5355224609375
MI3_240828_TY1_1102_6_V02-4_2,<그림 | -14> 꺾은선형에 대해 알려주세요,414.2153015136719,828.2063598632812,775.1381225585938,779.0090942382812
MI3_240828_TY1_1104_1_V02-4_1,II. 외환위기 이후의 통화 -물가 관계와 관련된 2년 평균증가율 간의 관계 꺾은선형에 대해 알려주세요,689.9075317382812,1644.202880859375,1137.704833984375,560.341552734375
MI3_240828_TY1_1104_2_V02-4_1,T01 T02 T03 꺾은선형에 대해 알려주세요,544.4229736328125,539.6918334960938,1143.084228515625,590.5079345703125
MI3_240828_TY1_1104_3_V02-6_1,T01 T02 T03 차트(분산형)에 대해 알려주세요,849.8388061523438,508.9951171875,779.0568237304688,726.2879638671875
MI3_240828_TY1_1104_4_V01_1,종속변수 M2 M3에 대해 알려주세요,386.8246765136719,581.9271850585938,1467.354248046875,853.0188598632812
MI3_240828_TY1_1104_5_V02-4_2,외환위기 이후 M3에 대한 차트(꺾은선형)에 대해 알려주세요,494.27691650390625,498.8130187988281,1270.2742919921875,672.720703125
MI3_240828_TY1_1104_6_V02-4_1,통화방정식 꺾은선형 차트에 대해 알려주세요,607.3115234375,433.0330810546875,1132.469482421875,800.9326171875
MI3_240828_TY1_1107_1_V01_1,에 대한시각요소의 내용과 분석 결과에 대해 알려주세요,338.98187255859375,1128.364990234375,1550.2994384765625,443.905517578125
MI3_240828_TY1_1107_2_V02-4_6,전일대비 변동율 차트(꺾은선형)에 대해 알려주세요,335.1595458984375,1394.379150390625,770.45263671875,624.6663208007812
MI3_240828_TY1_1107_3_V02-4_2,한국은행 발언(A)에 대한 충격반응함수 : 기간별 분류 꺾은선형에 대해 알려주세요,338.804931640625,1612.3468017578125,771.8170166015625,633.2200927734375
MI3_240828_TY1_1107_4_V02-4_4,변동율 차트(꺾은선형)에 대해 알려주세요,1114.113525390625,1314.93603515625,773.249755859375,637.0676879882812
MI3_240828_TY1_1107_5_V02-4_2,<그림 3> 차트(꺾은선형)에 대해 알려주세요,1126.457763671875,1432.2337646484375,761.7561645507812,713.6761474609375
MI3_240828_TY1_1107_6_V01_1,정부발언 및 정부의 영향을 제거한 한국은행 발언이 변동성에 미치는 영향 차트(세로 막대형)에 대해 알려주세요,343.6138000488281,1964.53125,1542.2332763671875,603.515380859375
MI3_240828_TY1_1109_1_V02-4_1,미국 실질자연이자율 추정 및 예측 꺾은선형에 대해 알려주세요,1252.6805419921875,1562.6158447265625,683.371337890625,627.1963500976562
MI3_240828_TY1_1109_2_V01_1,제1장 통화정책 체계에 대한 최근 논의 및 미국의 중립실질이자율과 최적 인플레이션 표에 대해 알려주세요,696.9391479492188,2097.171630859375,1127.5064697265625,393.87060546875
MI3_240828_TY1_1109_3_V02-4_1,"제1장 통화정책 체계에 대한 최근 논의<그림 4> 시작점에 따른 물가수준목표 Index, 2009=100 꺾은선형에 대해 알려주세요",1243.7567138671875,667.3892211914062,630.5728759765625,375.6296691894531
MI3_240828_TY1_1109_4_V02-4_1,GDP 성장률 물가상승률 꺾은선형에 대해 알려주세요,518.035400390625,672.5231323242188,709.6874389648438,603.0258178710938
MI3_240828_TY1_1109_5_V02-4_1,Household Debts Distributed by Income in Korea 꺾은선형에 대해 알려주세요,515.7325439453125,670.3710327148438,1397.960205078125,1052.032958984375
MI3_240828_TY1_1109_6_V02-4_1,가계부채 제약하의 통화정책에 대한 꺾은선형 차트에 대해 알려주세요,514.7974853515625,669.9362182617188,1398.66845703125,1060.75048828125
MI3_240828_TY1_1120_2_V02-1_1,핀테크 관련 세부 사업별 투자 현황에 대한 차트(세로 막대형)에 대해 알려주세요.,1241.510986328125,2594.250732421875,866.7433471679688,460.259521484375
MI3_240828_TY1_1120_5_V02-1_1,국내 금융거래자의 신용등급별 구성현황(2014년말 기준) 차트(세로 막대형)에 대해 알려주세요,428.2687683105469,1984.021484375,1594.9638671875,699.4363403320312
MI3_240828_TY1_1120_6_V02-1_1,"(천개) (%) 1,200 5.0에 대해 알려주세요",389.0667419433594,2031.3182373046875,1737.7830810546875,746.3953857421875
MI3_240828_TY1_1141_1_V02-8_1,대형소매점판매액지수 혼합형에 대해 알려주세요,1294.5714111328125,2073.5595703125,915.9097900390625,820.8524780273438
MI3_240828_TY1_1141_2_V02-8_1,주택전세가격 및 주택매매가격 변동 차트(혼합형)에 대해 알려주세요,1293.6259765625,409.30902099609375,801.0498046875,745.2095947265625
MI3_240828_TY1_1141_3_V02-8_2,주택전세가격 주택매매가격 혼합형에 대해 알려주세요,243.39149475097656,1007.34423828125,910.5385131835938,833.857666015625
MI3_240828_TY1_1141_4_V02-4_3,건설투자 방향성 차트(꺾은선형)에 대해 알려주세요,244.4186553955078,963.538818359375,924.3369750976562,870.945556640625
MI3_240828_TY1_1141_5_V02-8_1,취업자수 증감 및 고용률 혼합형에 대해 알려주세요,245.1109619140625,397.8537292480469,921.0494384765625,828.0922241210938
MI3_240828_TY1_1142_1_V02-1_2,수요 차트(세로 막대형)에 대해 알려주세요,1295.919677734375,1963.72412109375,925.4560546875,818.396240234375
MI3_240828_TY1_1142_2_V02-1_1,기업 자금사정 보합 차트(세로 막대형)에 대해 알려주세요,1293.499755859375,2153.2138671875,927.3885498046875,834.5223999023438
MI3_240828_TY1_1142_3_V02-1_1,자금사정BSI 차트(세로 막대형)에 대해 알려주세요,242.83694458007812,1501.192626953125,843.9404907226562,730.069091796875
MI3_240828_TY1_1142_4_V02-8_1,건설발주액 차트(혼합형)에 대해 알려주세요,242.5046844482422,397.7138366699219,914.2402954101562,878.5438232421875
MI3_240828_TY1_1142_5_V02-8_2,소비자물가 및 주택가격 혼합형에 대해 알려주세요,1292.880126953125,2151.11181640625,921.529296875,828.3134765625
MI3_240828_TY1_1142_6_V02-1_1,제주 화산섬과 용암동굴의 베스트셀러 효과 차트(세로 막대형)에 대해 알려주세요,228.8546600341797,789.7451171875,893.9424438476562,576.112548828125
MI3_240828_TY1_1149_1_V02-4_1,I. 국내외 경제여건 점검 세계경제 성장률 전망에 대해 알려주세요,344.1279296875,2592.21044921875,842.26416015625,571.966552734375
MI3_240828_TY1_1149_2_V02-8_1,주택 판매 및 S&P Case-Shiller 지수에 대한 혼합형 차트에 대해 알려주세요,1269.6646728515625,2513.306884765625,877.8120727539062,614.273681640625
MI3_240828_TY1_1149_3_V02-4_1,제목에 포함된 내용과 함께 국가별 채무비율 변화를 보여주는 차트에 대해 알려주세요,1286.3975830078125,1243.7445068359375,844.9544677734375,600.0040283203125
MI3_240828_TY1_1149_4_V02-4_1,중국경제는 신정부의 경기대응 노력 강화 등에 힘입어 인프라투자 증가율 꺾은선형에 대해 알려주세요,1226.7611083984375,1243.640625,863.231689453125,688.2854614257812
MI3_240828_TY1_1149_5_V01_3,엔/달러 환율 상승 시 경제적 영향에 대한 자료와 분석에 대해 알려주세요,345.8323974609375,1052.9969482421875,880.0983276367188,602.3864135742188
MI3_240828_TY1_1149_6_V01_2,글로벌 상품시장 및 전세계 석유수요 및 생산 전망에 대해 알려주세요,417.3296203613281,2548.252197265625,1644.8076171875,569.1466674804688
MI3_240828_TY1_1175_1_V01_1,한국은행 역대 화폐사에 대해 알려주세요,345.73345947265625,709.5565795898438,1788.4056396484375,2370.640625
MI3_240828_TY1_1175_2_V01_1,주요 내용 에 대해 알려주세요,346.8188781738281,412.9203796386719,1785.0587158203125,2017.55224609375
MI3_240828_TY1_1175_3_V01_1,T01 T02 V01에 대해 알려주세요,418.2698059082031,521.1675415039062,1758.00634765625,594.4276733398438
MI3_240828_TY1_1175_4_V01_1,우리나라의 화폐와 관련된 주요 내용 및 표에 대해 알려주세요.,368.8059387207031,707.9754028320312,1750.1640625,2333.768798828125
MI3_240828_TY1_1175_5_V01_1,'차트(혼합형)'에 대해 알려주세요,360.0654296875,432.472900390625,1760.767578125,2113.119140625
MI3_240828_TY1_1201_2_V02-1_1,해외경제 포커스 제2015-6호 25 (천억위안) 20에 대해 알려주세요,340.9457092285156,473.2342224121094,584.6566772460938,660.174560546875
MI3_240828_TY1_1201_3_V02-1_2,에너지 원단위 차트(세로 막대형)에 대해 알려주세요,1261.1851806640625,2461.946533203125,874.7710571289062,645.472900390625
MI3_240828_TY1_1201_4_V02-8_1,"1,000 (만톤) (%) 차트(혼합형)에 대해 알려주세요",1553.4295654296875,2060.465576171875,580.8104248046875,609.38525390625
MI3_240828_TY1_1201_5_V02-4_2,해외경제 포커스 주요국 주가 차트(꺾은선형)에 대해 알려주세요,356.9153137207031,2032.2520751953125,1748.7783203125,743.6980590820312
MI3_240828_TY1_1201_6_V02-4_1,해외경제 포커스 차트(꺾은선형)에 대해 알려주세요,351.6495666503906,2460.224365234375,1739.2728271484375,616.228515625
MI3_240828_TY1_1203_1_V02-4_1,ECB의 기준금리 추이에 대해 알려주세요,427.8205871582031,2143.38037109375,1622.55029296875,797.908447265625
MI3_240828_TY1_1203_2_V02-4_1,해외경제 포커스 차트(꺾은선형)에 대해 알려주세요,455.4294128417969,1999.1636962890625,1622.23583984375,832.5025024414062
MI3_240828_TY1_1203_3_V02-4_1,소비자심리지수 추이에 대한 꺾은선형 차트에 대해 알려주세요,1260.545166015625,670.4624633789062,816.9827270507812,751.1067504882812
MI3_240828_TY1_1203_4_V02-8_1,해외경제 포커스 소매판매 추이에 대해 알려주세요,488.395751953125,2201.007080078125,1492.0946044921875,693.404296875
MI3_240828_TY1_1203_5_V02-4_1,INSEE의 소비자 신뢰지수 추이 꺾은선형 차트에 대해 알려주세요,485.8466796875,631.7453002929688,1498.34228515625,683.2474975585938
MI3_240828_TY1_1203_6_V02-4_1,PMI 추이에 대해 알려주세요,488.4143981933594,1579.771240234375,1506.16845703125,682.5921630859375
MI3_240828_TY1_1212_1_V02-8_1,해외경제 포커스 제2002-13호 신규주택판매 본문 차트(혼합형)에 대해 알려주세요,383.998779296875,1140.410400390625,817.9972534179688,788.205322265625
MI3_240828_TY1_1212_2_V02-8_1,해외경제 포커스 제2002-13호의 혼합형 차트에 대해 알려주세요,386.65509033203125,701.2449951171875,810.801513671875,714.3902587890625
MI3_240828_TY1_1212_3_V02-8_1,해외경제 포커스 차트(혼합형)에 대해 알려주세요,426.1374206542969,1181.625244140625,1597.259765625,766.228515625
MI3_240828_TY1_1212_4_V02-4_1,해외경제 포커스 제2002-13호유로쓸 환율 추이에 대해 알려주세요,404.5415344238281,1446.776123046875,1726.2244873046875,762.13232421875
MI3_240828_TY1_1212_5_V02-4_1,해외경제 포커스 제2002-13호의 GDP와 역내수요 추이 차트(꺾은선형)에 대해 알려주세요,415.626220703125,2055.0625,796.7044677734375,776.8092651367188
MI3_240828_TY1_1212_6_V02-4_1,해외경제 포커스 제2002-13호 (%)에 대해 알려주세요,1267.0220947265625,2027.9339599609375,833.276611328125,870.18017578125
MI3_240828_TY1_1216_1_V01_1,해외경제 포커스 제2002-21호의 건설투자증가율 및 분양증가율 차트(세로 막대형)에 대해 알려주세요,509.003662109375,1286.322509765625,1458.0474853515625,185.4168701171875
MI3_240828_TY1_1216_2_V02-4_2,해외경제 포커스 분양가격 토지가격 임대료 꺾은선형에 대해 알려주세요,404.8317565917969,2116.23779296875,842.647705078125,685.423583984375
MI3_240828_TY1_1216_3_V02-1_1,해외경제 포커스 제2002-21호의 고급주택과 일반주택 가격 비교 차트에 대해 알려주세요,1258.9996337890625,1476.5999755859375,850.060302734375,807.6798095703125
MI3_240828_TY1_1216_4_V02-1_1,해외경제 포커스 제2002-21호의 주택자금 대출 추이에 대해 알려주세요.,561.326416015625,1136.59912109375,1347.7874755859375,769.3207397460938
MI3_240828_TY1_1216_5_V02-4_1,해외경제 포커스 제2002-21호에 포함된 실업률 추이 꺾은선형 차트에 대해 알려주세요,462.91064453125,2181.892822265625,1581.0640869140625,736.640380859375
MI3_240828_TY1_1216_6_V02-4_1,해외경제 포커스 제2002-21호에 포함된 INSEE지수 추이에 대해 알려주세요,443.01458740234375,1565.0296630859375,1567.9498291015625,677.3980712890625
MI3_240828_TY1_1217_1_V01_1,미 주요교역국 유로지역 일 동아시아 중남미 국 본 2003 2004 표에 대해 알려주세요,377.7444152832031,2227.129150390625,1761.0654296875,631.192626953125
MI3_240828_TY1_1217_2_V02-4_1,해외경제 포커스 제2003-1호에 대한 꺾은선형 차트에 대해 알려주세요,446.13311767578125,742.7256469726562,1662.35595703125,1012.8262329101562
MI3_240828_TY1_1217_3_V02-4_3,정크 본드 및 회사채 신용스프레드에 대해 알려주세요,440.0410461425781,646.394287109375,1599.8714599609375,795.8956909179688
MI3_240828_TY1_1217_4_V02-4_1,2002년중 日 추이에 대해 알려주세요,554.9811401367188,1692.743408203125,1373.1661376953125,718.2162475585938
MI3_240828_TY1_1217_5_V02-4_1,해외경제 포커스 제조업 PMI 추이에 대해 알려주세요.,398.4967346191406,683.3492431640625,1626.6949462890625,757.8164672851562
MI3_240828_TY1_1217_6_V02-8_1,해외경제 포커스 제2003-1호 차트(혼합형)에 대해 알려주세요,404.6533508300781,659.5325927734375,1674.8907470703125,742.060791015625
MI3_240828_TY1_1218_1_V02-4_1,해외경제 포커스 임금 인상 현황 차트(꺾은선형)에 대해 알려주세요,1280.308349609375,2289.919921875,772.6107788085938,634.3090209960938
MI3_240828_TY1_1218_2_V02-1_1,이 차트(영역형)에 대해 알려주세요,1001.121337890625,2288.809814453125,517.854248046875,587.349609375
MI3_240828_TY1_1218_3_V02-8_1,해외경제 포커스 제2014-5·6호 I · 검토 배경에 대해 알려주세요,444.4307556152344,1765.2889404296875,790.5567016601562,638.2994384765625
MI3_240828_TY1_1218_4_V02-8_1,지방정부 부채규모 및 증가율 차트(혼합형)에 대해 알려주세요,466.19775390625,1105.6295166015625,790.1655883789062,651.80419921875
MI3_240828_TY1_1218_5_V02-1_1,해외경제 포커스 조세수입· 재정지출 비중에 대해 알려주세요,1273.7607421875,1223.5400390625,765.6629638671875,580.298095703125
MI3_240828_TY1_1218_6_V02-3_1,해외경제 포커스 제2014-5·6호의 차트(원형)에 대해 알려주세요,491.89190673828125,2332.409423828125,740.2468872070312,570.702392578125
MI3_240828_TY1_1222_1_V02-8_1,해외경제 포커스 비정규직 정규직 비중에 대해 알려주세요,348.8971252441406,1189.3524169921875,864.0972290039062,775.8198852539062
MI3_240828_TY1_1222_2_V02-2_1,해외경제 포커스 제2014-22호의 자영업자 비중 변화에 대해 알려주세요.,353.05926513671875,1214.1348876953125,879.2958984375,605.3868408203125
MI3_240828_TY1_1222_3_V02-4_1,해외경제 포커스 제2014-22호에서 제시된 근속연수에 따른 임금커브 및 생산성 추이에 대해 알려주세요,323.7421875,1213.8448486328125,863.5743408203125,595.6593017578125
MI3_240828_TY1_1222_4_V02-8_1,T01 T02 T03 혼합형에 대해 알려주세요,954.7766723632812,2005.215087890625,564.1530151367188,745.32275390625
MI3_240828_TY1_1222_5_V02-4_1,해외경제 포커스 차트(꺾은선형)에 대해 알려주세요,356.576904296875,2457.603759765625,1746.8104248046875,610.344482421875
MI3_240828_TY1_1222_6_V02-4_2,금가격 및 반도체가격 차트(꺾은선형)에 대해 알려주세요,351.76361083984375,402.6377868652344,1758.1693115234375,687.2510986328125
MI3_240828_TY1_1259_1_V02-2_1,해외경제 포커스 제2015-45호의 EU주요국 상품시장규제 지표에 대해 알려주세요,359.28143310546875,480.10504150390625,838.7991333007812,595.0637817382812
MI3_240828_TY1_1259_2_V02-4_2,구조개혁과 투자와의 관계 차트(꺾은선형)에 대해 알려주세요,317.6579284667969,798.0206298828125,596.482177734375,614.3004150390625
MI3_240828_TY1_1259_3_V02-8_2,해외경제 포커스 기본 시나리오 혼합형에 대해 알려주세요,345.3072204589844,983.1461181640625,1763.720947265625,664.230224609375
MI3_240828_TY1_1259_4_V02-4_1,해외경제 포커스 제2015-45호 차트(꺾은선형)에 대해 알려주세요,1548.7091064453125,2104.17919921875,535.5111083984375,399.7907409667969
MI3_240828_TY1_1259_5_V02-4_4,해외경제 포커스차트(꺾은선형)에 대해 알려주세요,346.08636474609375,2442.152587890625,1769.0626220703125,548.56787109375
MI3_240828_TY1_1259_6_V02-4_3,해외경제 포커스 차트(꺾은선형)에 대해 알려주세요,350.5574035644531,2221.36376953125,1732.477294921875,619.34814453125
MI3_240828_TY1_1264_1_V02-4_1,해외경제 포커스 제2015-50호 I · 검토 배경 영역형 차트에 대해 알려주세요,1258.3399658203125,2407.385498046875,861.4866943359375,650.65478515625
MI3_240828_TY1_1264_2_V02-4_1,해외경제 포커스 차트(꺾은선형)에 대해 알려주세요,938.2492065429688,2193.84814453125,600.2283325195312,590.1259765625
MI3_240828_TY1_1264_3_V02-1_1,해외경제 포커스 차트(세로 막대형)에 대해 알려주세요,332.785888671875,2372.73291015625,869.0189208984375,695.2033081054688
MI3_240828_TY1_1264_4_V02-4_1,해외경제 포커스의 GDP 및 가처분소득대비 가계부채 비중 차트(꺾은선형)에 대해 알려주세요,1238.617919921875,2457.591796875,874.664794921875,603.217529296875
MI3_240828_TY1_1264_5_V02-4_2,해외경제 포커스 위안/달러 차트(꺾은선형)에 대해 알려주세요,410.5678405761719,393.57647705078125,1680.7413330078125,553.885986328125
MI3_240828_TY1_1264_6_V02-4_4,해외경제 포커스 제2015-50호 차트(꺾은선형)에 대해 알려주세요,352.0722351074219,543.6161499023438,1756.031005859375,620.4560546875
MI3_240828_TY1_1285_1_V01_1,(%) 국채금리(10년만기) CDS 프리미엄(5년만기) 표에 대해 알려주세요,428.9972229003906,842.9759521484375,1700.4619140625,703.816162109375
MI3_240828_TY1_1285_2_V01_1,국 가 장기실업률 표에 대해 알려주세요,1287.70166015625,1727.5196533203125,827.0883178710938,708.8385009765625
MI3_240828_TY1_1285_3_V02-4_1,Price and Wage Formation 꺾은선형에 대해 알려주세요,428.3232421875,1800.230224609375,1689.349609375,761.85400390625
MI3_240828_TY1_1285_4_V01_2,포르투갈의 수출입 현황 표에 대해 알려주세요,363.9560852050781,888.7894897460938,875.3313598632812,1124.4381103515625
MI3_240828_TY1_1285_5_V01_1,포르투갈의 총외채 규모와 관련된 시각요소에 대해 알려주세요,414.2666320800781,486.069091796875,1717.6478271484375,852.6904296875
MI3_240828_TY1_1285_6_V02-8_1,포르투갈 국채 보유자별 비중 혼합형 차트에 대해 알려주세요,445.164306640625,2173.21484375,1665.38330078125,905.700927734375
MI3_240828_TY1_1300_1_V01_1,해외경제 포커스의 복지지출과 연금 소득대체율에 대해 알려주세요,1295.5579833984375,1230.5921630859375,917.7964477539062,707.168701171875
MI3_240828_TY1_1300_2_V02-8_2,해외경제 포커스 정규직과 비정규직 근로자수에 대해 알려주세요,396.2309265136719,1353.741455078125,887.78564453125,527.2664184570312
MI3_240828_TY1_1300_3_V02-8_2,해외경제 포커스 일본의 고령화 추세에 대한 꺾은선형 차트에 대해 알려주세요,1286.663818359375,1332.519287109375,899.1024169921875,675.6525268554688
MI3_240828_TY1_1300_4_V02-4_1,해외경제 포커스 제2016-30호 꺾은선형에 대해 알려주세요,311.088623046875,2786.472900390625,1804.8878173828125,475.302001953125
MI3_240828_TY1_1300_5_V02-4_1,해외경제 포커스 제2016-30호의 꺾은선형 차트에 대해 알려주세요,316.235107421875,2645.1787109375,1846.595703125,533.152099609375
MI3_240828_TY1_1300_6_V02-4_1,해외경제 포커스 제2016-30호의 2.6 (달러/개) 꺾은선형 그래프에 대해 알려주세요,337.3471374511719,1556.952392578125,1784.6749267578125,542.418701171875
MI3_240828_TY1_1301_1_V02-1_1,해외경제 포커스 제2016-36호 II 일본 여행수지의 주요 특징 차트(세로 막대형)에 대해 알려주세요,447.16357421875,2504.98046875,1759.627197265625,687.959716796875
MI3_240828_TY1_1301_2_V02-8_1,해외경제 포커스 제2016-36호에서 방일 외국인수와 증감률에 대해 알려주세요,1328.862548828125,2533.770263671875,834.9652099609375,601.330322265625
MI3_240828_TY1_1301_3_V02-4_2,T01 T02 T03 꺾은선형에 대해 알려주세요,449.6991882324219,2758.081298828125,1701.5755615234375,477.669921875
MI3_240828_TY1_1301_4_V02-8_1,해외경제 포커스 제2016-36호 한국과 일본의 여행수지 격차에 대해 알려주세요,1244.1837158203125,2241.525146484375,864.3349609375,650.798095703125
MI3_240828_TY1_1301_5_V02-8_3,해외경제 포커스 출국 한국인과 방한 외국인 수에 대해 알려주세요,328.4757385253906,2627.721435546875,877.694091796875,572.622314453125
MI3_240828_TY1_1301_6_V02-4_1,해외경제 포커스 차트(꺾은선형)에 대해 알려주세요,338.3011779785156,2407.17919921875,870.8405151367188,583.3857421875
MI3_240828_TY1_1304_1_V02-7_1,가계부채 차트(방사형)에 대해 알려주세요,338.4345703125,2443.01171875,891.8446655273438,547.304443359375
MI3_240828_TY1_1304_2_V02-1_1,해외경제 포커스 제2017-18호 차트(세로 막대형)에 대해 알려주세요,1282.1685791015625,1250.2705078125,950.4413452148438,735.9892578125
MI3_240828_TY1_1304_3_V02-1_3,2010~2015 차트(세로 막대형)에 대해 알려주세요,1276.013671875,872.7562255859375,920.9537963867188,787.4014892578125
MI3_240828_TY1_1304_4_V02-8_1,해외경제 포커스 제2017-18호에서 나타난 청년고용률 및 청년실업률에 대해 알려주세요,1273.9344482421875,1297.483642578125,949.00244140625,658.0443115234375
MI3_240828_TY1_1304_5_V02-4_1,해외경제 포커스 제2017-18호 차트(꺾은선형)에 대해 알려주세요,337.2629089355469,1433.3394775390625,887.9736328125,599.1578369140625
MI3_240828_TY1_1304_6_V02-4_3,주간 국제금융 및 원자재시장 동향 꺾은선형에 대해 알려주세요,1556.9501953125,598.2982177734375,664.61865234375,536.2774658203125
MI3_240828_TY1_1305_1_V02-4_1,중국 경제성장률(%) 꺾은선형에 대해 알려주세요,1347.825439453125,1904.1629638671875,803.287109375,581.760986328125
MI3_240828_TY1_1305_2_V02-4_1,GDP 성장률 차트(꺾은선형)에 대해 알려주세요,329.103759765625,1496.57421875,892.54150390625,675.4209594726562
MI3_240828_TY1_1305_3_V02-8_1,경상수지 및 투자 차트(혼합형)에 대해 알려주세요,335.44708251953125,1413.51806640625,903.7493896484375,633.8773193359375
MI3_240828_TY1_1305_4_V02-1_1,해외경제 포커스 차트(세로 막대형)에 대해 알려주세요,1267.06201171875,1722.681396484375,895.3406982421875,657.357666015625
MI3_240828_TY1_1305_5_V02-4_1,업종별 FDI 비중 차트(꺾은선형)에 대해 알려주세요,398.9348449707031,2428.53955078125,939.277099609375,723.447021484375
MI3_240828_TY1_1305_6_V02-8_2,한국의 대중 무역·투자비중(%) 혼합형에 대해 알려주세요,319.69207763671875,1942.4000244140625,1807.339111328125,761.3425903320312
MI3_240828_TY1_1322_1_V02-4_1,해외경제 포커스 제2018-23호의 ISM 제조업 및 비제조업 지수에 대해 알려주세요,351.8868103027344,2047.03076171875,888.7867431640625,663.12548828125
MI3_240828_TY1_1322_2_V02-4_3,해외경제 포커스 최근 유로지역 고용상황 인구대비 경제활동인구대비 꺾은선형에 대해 알려주세요,1246.5653076171875,1225.4891357421875,886.7947998046875,688.5849609375
MI3_240828_TY1_1322_3_V02-1_1,2018.2분기 조사 차트(세로 막대형)에 대해 알려주세요,1248.7745361328125,1156.192626953125,875.420166015625,658.1331787109375
MI3_240828_TY1_1322_4_V02-1_1,해외경제 포커스 제2018-23호 6.1~8일 중 외국인 투자자의 A주 순매입 규모에 대해 알려주세요.,384.3266906738281,1985.177490234375,799.8709106445312,605.8134765625
MI3_240828_TY1_1322_5_V01_1,종류 개요 만기 표에 대해 알려주세요,1236.6053466796875,1942.859130859375,892.89306640625,622.2568359375
MI3_240828_TY1_1322_6_V02-4_1,해외경제 포커스 제2018-23호 Ⅱ 국제원자재시장 베네수엘라 원유 생산량 및 생산능력 꺾은선형에 대해 알려주세요,327.420166015625,2563.622802734375,892.5625,620.660400390625
MI3_240828_TY1_1357_1_V02-1_1,해외경제 포커스 경제권역별 교역증가율 차트(세로 막대형)에 대해 알려주세요,1249.5599365234375,1887.4967041015625,862.7349243164062,706.3253173828125
MI3_240828_TY1_1357_2_V02-1_1,해외경제 포커스 제2019-15호 III 연계성 약화 배경 차트(세로 막대형)에 대해 알려주세요,395.9644470214844,1637.3748779296875,1595.0252685546875,772.5171508789062
MI3_240828_TY1_1357_3_V02-1_1,해외경제 포커스 차트(세로 막대형)에 대해 알려주세요,492.1418151855469,666.0371704101562,719.4563598632812,608.9159545898438
MI3_240828_TY1_1357_4_V02-1_1,해외경제 포커스 차트(세로 막대형)에 대해 알려주세요,1256.176025390625,2531.11962890625,824.4852294921875,706.2711791992188
MI3_240828_TY1_1357_5_V02-1_1,세계경제 산업 구성 차트(세로 막대형)에 대해 알려주세요,331.3060302734375,1193.4962158203125,883.9422607421875,636.4508056640625
MI3_240828_TY1_1357_6_V02-4_1,해외경제 포커스 제2019-15호의 관세율 변동에 대해 알려주세요,374.853271484375,1661.0701904296875,874.5226440429688,707.7499389648438
MI3_240828_TY1_1372_1_V02-8_1,미국 정부 재량지출 한도 혼합형에 대해 알려주세요,1277.190185546875,2620.44287109375,868.85888671875,604.00732421875
MI3_240828_TY1_1372_2_V01_1,표 에 대해 알려주세요,1325.98681640625,2705.7021484375,953.6856689453125,428.514404296875
MI3_240828_TY1_1372_3_V02-8_1,최저임금 인상률과 관련된 그래프에 대해 알려주세요,405.9891662597656,2593.865478515625,880.4920654296875,664.26708984375
MI3_240828_TY1_1372_4_V01_1,사드 배치에 대한 내용에 대해 알려주세요,1250.58740234375,2532.425048828125,945.2124633789062,741.1476440429688
MI3_240828_TY1_1372_5_V02-1_1,주요기관의 브라질 2019년 경제성장률 전망 차트(세로 막대형)에 대해 알려주세요,310.3395690917969,1283.017822265625,902.955322265625,731.7526245117188
MI3_240828_TY1_1372_6_V02-4_1,국제유가(달러/배럴) 꺾은선형에 대해 알려주세요,392.28125,2689.872314453125,883.8375244140625,577.6102905273438
MI3_241030_TY1_0035_4_V01_1,건강 지향 저칼로리 아이스크림 제품에 대해 알려주세요,389.1806945800781,672.759521484375,1710.8284912109375,1061.025390625
MI3_241030_TY1_0046_2_V01_1,목표 매출 디지털 서비스 차트에 대해 알려주세요,359.22406005859375,1015.0762939453125,1799.4188232421875,578.972900390625
MI3_241030_TY1_0046_3_V01_1,연구개발 표에 대해 알려주세요,343.698486328125,414.17645263671875,1566.6561279296875,56.570980072021484
MI3_241030_TY1_0057_3_V01_1,건강 지향 소비자들이 인기를 끌고 있는 아이스크림 제품에 대해 알려주세요,387.7521667480469,1908.0296630859375,1713.9232177734375,1024.931640625
MI3_241030_TY1_0062_1_V01_1,2014년 교육 혁신과 디지털 기술의 융합 평가 기준에 대해 알려주세요.,359.60498046875,2367.551513671875,1755.694091796875,714.49951171875
MI3_241030_TY1_0062_2_V01_1,A사는 고등 교육과 직업 교육에서 혁신적인 학습 플랫폼에 대한 내용을 바탕으로 표에 대해 알려주세요.,0.0,0.0,0.0,0.0
MI3_241030_TY1_0064_1_V01_2,분석 대상 금융 기술의 주요 특징과 적용 분야에 대해 알려주세요,358.4570007324219,1990.588623046875,1780.271484375,332.0549011230469
MI3_241030_TY1_0065_1_V01_1,2014년 디지털 혁신과 사회적 변화에서 기술 주요 특징 적용 분야에 대해 알려주세요,357.8381652832031,1811.995361328125,1840.06201171875,1009.7962646484375
MI3_241030_TY1_0065_2_V01_1,3. 주요 디지털 혁신 분석에 대한 빅데이터 분석 차트에 대해 알려주세요,0.0,0.0,0.0,0.0
MI3_241030_TY1_0085_1_V01_2,직장가입자와 지역가입자 수 비율 표에 대해 알려주세요,358.2421569824219,1719.02783203125,1709.008544921875,341.2409362792969
MI3_241030_TY1_0085_2_V02-2_1,보험료 산정 및 부담 외국인의 의료서비스 이용 현황 차트(가로 막대형)에 대해 알려주세요,379.5863037109375,1917.4359130859375,1148.959228515625,696.2916259765625
MI3_241030_TY1_0113_1_V01_1,출산자 성별 출산 건수 표에 대해 알려주세요,362.91796875,1865.81396484375,731.7094116210938,438.61865234375
MI3_241030_TY1_0113_2_V01_1,출산 휴가 및 복직 현황에 대해 알려주세요,362.3858947753906,890.336669921875,1703.2823486328125,320.4543151855469
MI3_241030_TY1_0161_2_V01_2,4. 조직도 및 인력 현황 표에 대해 알려주세요,370.3434753417969,2607.13232421875,1919.8902587890625,478.078125
MI3_241030_TY1_0161_3_V01_1,5. 결론 및 향후 전략의 시각요소 제목에 대해 알려주세요,356.5108337402344,1068.23193359375,1771.21484375,1212.4852294921875
MI3_241030_TY1_0172_1_V03_1,2015년 3월 아이들 베스트셀러 보고서 교육 도서 어린이 독서 다이어그램에 대해 알려주세요,396.8441162109375,1146.436279296875,1689.4713134765625,517.8265991210938
MI3_241030_TY1_0177_1_V03_1,2015년 3월 인터넷 속도 상세 분석 보고서 2. 상세 분석 고정 브로드밴드 속도 다이어그램에 대해 알려주세요,370.592041015625,1928.9034423828125,1565.5830078125,946.0181884765625
MI3_241030_TY1_0202_1_V02-1_1,2015년 3월 소비 항목별 지출 차트(세로 막대형)에 대해 알려주세요,377.9252014160156,2159.09716796875,1416.2000732421875,720.5973510742188
MI3_241030_TY1_0202_2_V01_1,부서별 지출 내역 표에 대해 알려주세요,363.4706726074219,1037.2342529296875,1740.457763671875,560.3975830078125
MI3_241030_TY1_0217_1_V01_1,2015년 4월 아이들 베스트셀러 보고서 서론 순 권장 연 책 제목 저자 출판사 출판 연도 장르에 대해 알려주세요,354.9493408203125,2061.15673828125,1794.8814697265625,936.30078125
MI3_241030_TY1_0222_1_V01_1,2015년 4월 인터넷 속도 상세 분석 보고서 주요 인터넷 속도 지표 표에 대해 알려주세요,357.3893737792969,1276.346923828125,1788.5184326171875,246.08544921875
MI3_241030_TY1_0228_2_V01_1,지역 재정자립도 표에 대해 알려주세요,358.79730224609375,963.0885620117188,1762.9488525390625,294.5611572265625
MI3_241030_TY1_0228_3_V01_1,지자체 탄소 중립 목표 및 주요 추진 전략 표에 대해 알려주세요,359.7060241699219,962.8726806640625,1765.131103515625,247.1593017578125
MI3_241030_TY1_0229_1_V01_1,2015년 4월 청소년 교육 보고서의 표 1. 2015년 4월 한국 청소년의 학습 환경 변화에 대해 알려주세요,358.1464538574219,2685.24853515625,1761.92333984375,376.375
MI3_241030_TY1_0229_2_V03_1,2015년 4월 정신 건강과 다이어그램에 대해 알려주세요.,392.3137512207031,830.0618286132812,1708.0506591796875,509.3841857910156
MI3_241030_TY1_0270_2_V02-4_1,2015년 5월의 산업용 전기 소비 꺾은선형에 대해 알려주세요,394.7537536621094,1419.1651611328125,1231.0234375,850.9882202148438
MI3_241030_TY1_0277_2_V03_1,건강영향 다이어그램에 대해 알려주세요,397.4231262207031,752.2471923828125,1685.96435546875,742.14453125
MI3_241030_TY1_0278_1_V02-2_1,2015년 5월 통신장비 시장 매출 분석과 관련된 차트(가로 막대형)에 대해 알려주세요,412.36553955078125,2591.614501953125,1655.67578125,526.4955444335938
MI3_241030_TY1_0378_2_V01_1,주요 사업 구분 표에 대해 알려주세요,355.20098876953125,938.5386962890625,1801.21337890625,580.0776977539062
MI3_241030_TY1_0378_3_V01_1,상반기 목표 달성에 대해 알려주세요,355.2340393066406,489.54266357421875,1556.26123046875,245.128173828125
MI3_241030_TY1_0393_3_V03_1,국제 협력과 기술 혁신을 통한 글로벌 식품안전 강화에 대해 알려주세요,374.4873046875,991.581787109375,1735.1495361328125,391.4561767578125
MI3_241030_TY1_0432_1_V02-1_2,2015년 9월 사내 복지 보고서 서론 차트(세로 막대형)에 대해 알려주세요,393.3769226074219,2255.375,1416.72021484375,620.3076171875
MI3_241030_TY1_0466_2_V01_1,주요 사업 영역 다이어그램에 대해 알려주세요,355.76446533203125,3029.50439453125,1531.035888671875,108.07176971435547
MI3_241030_TY1_0466_3_V01_1,제조업 스마트 공장 설비 및 자동화 시스템 도입 차트(다이어그램)에 대해 알려주세요,354.32501220703125,415.9617614746094,1523.2362060546875,148.33554077148438
MI3_241030_TY1_0481_3_V01_1,2015년 10월 주요 식품 오염 원인별 사례 수에 대해 알려주세요,357.9920349121094,1955.8099365234375,1760.9915771484375,246.38706970214844
MI3_241030_TY1_0484_1_V01_2,2015년 10월 외국인 진학 관련 보고서 전공 분야별 진학 현황 표에 대해 알려주세요,355.5129699707031,2890.3232421875,2049.41845703125,220.254638671875
MI3_241030_TY1_0484_2_V01_1,주요 분석: 차트(세로 막대형)에 대해 알려주세요,353.35345458984375,414.95330810546875,2055.694580078125,312.61810302734375
MI3_241030_TY1_0493_2_V03_1,2015년 지역 균형 발전을 위한 전략 다이어그램에 대해 알려주세요,378.8348083496094,2154.99755859375,1265.7352294921875,885.4044799804688
MI3_241030_TY1_0493_3_V01_1,탄소 중립 목표와 주요 추진 전략에 대해 알려주세요,358.7958068847656,963.7388305664062,1766.71728515625,246.4362030029297
MI3_241030_TY1_0522_2_V01_2,지역별 소방시설 점검 결과 표에 대해 알려주세요,356.135498046875,1943.552978515625,1762.9661865234375,292.005859375
MI3_241030_TY1_0538_1_V01_1,2015년 11월 한국 청소년의 학습 환경 변화 표에 대해 알려주세요,355.71002197265625,2686.329833984375,1776.3951416015625,315.306884765625
MI3_241030_TY1_0538_2_V01_1,2015년 11월 한국 청소년의 정신 건강 상태 표에 대해 알려주세요,358.37481689453125,2098.676513671875,1771.8028564453125,386.654296875
MI3_241030_TY1_0540_2_V03_1,급식 만족도 조사 다이어그램에 대해 알려주세요,397.2367858886719,429.37432861328125,1684.365234375,740.9725341796875
MI3_241030_TY1_0565_1_V01_1,2015년 12월 산업재해 보고서 서론 표에 대해 알려주세요,355.3247985839844,2621.0791015625,1168.0458984375,246.00732421875
MI3_241030_TY1_0565_2_V03_1,보호 장비 관련 다이어그램에 대해 알려주세요,393.26556396484375,1676.018310546875,1418.488037109375,922.701171875
MI3_241030_TY1_0566_2_V01_1,4. 통계 표에 대해 알려주세요,357.5213928222656,1568.298828125,1774.2828369140625,292.504638671875
MI3_241030_TY1_0596_1_V01_1,주요 관광 명소 해외 관람객 수에 대해 알려주세요,355.993896484375,2434.3203125,1766.950439453125,588.6774291992188
MI3_241030_TY1_0606_2_V01_1,글래스턴베리 페스티벌에 대한 세부 정보와 주요 성과에 대해 알려주세요,357.041259765625,2334.848388671875,1761.77880859375,718.34619140625
MI3_241030_TY1_0609_2_V01_1,칼라바르 카니발에 관한 데이터와 관련된 표에 대해 알려주세요.,357.12847900390625,2259.30126953125,1758.1668701171875,757.192138671875
MI3_241030_TY1_0623_2_V01_1,옥토버페스트에 대한 정보와 관련된 주요 시각 요소인 표에 대해 알려주세요,356.40771484375,2411.072265625,1782.8519287109375,634.481201171875
MI3_241030_TY1_0642_2_V01_1,무주 반딧불이 축제에 관련된 다양한 프로그램과 지역 경제 활성화의 성과 차트(세로 막대형)에 대해 알려주세요,357.4635314941406,2165.24560546875,1781.54443359375,787.4586791992188
MI3_241030_TY1_0644_2_V01_1,마디 그라 축제에 대한 정보와 성과를 담고 있는 시각 요소 표에 대해 알려주세요.,357.25634765625,2411.766357421875,1768.4383544921875,634.2666015625
MI3_241030_TY1_0677_2_V01_1,아이디타로드 개 썰매 경주에 대한 시각요소 표에 대해 알려주세요,357.628173828125,1811.9840087890625,1766.214111328125,1075.8192138671875
MI3_241030_TY1_0680_2_V01_1,2015년 에든버러 국제 영화제의 주요 내용과 관련된 표에 대해 알려주세요,357.48486328125,2334.443359375,1779.5452880859375,683.858154296875
MI3_241030_TY1_0681_2_V01_1,의 참여형 프로그램 운영 및 다양한 예술 장르가 어우러진 성과에 대해 알려주세요.,357.30780029296875,2260.332763671875,1773.991943359375,765.1828002929688
MI3_241030_TY1_0704_1_V01_1,영화 제목 개봉일 장르 다룬 기술 요소 표에 대해 알려주세요,360.1965637207031,1375.302490234375,1767.90966796875,428.2030029296875
MI3_241030_TY1_0720_2_V01_1,디왈리 축제의 기간과 주요 행사에 대해 알려주세요,355.0805969238281,2260.2294921875,1773.6705322265625,789.76220703125
MI3_241030_TY1_0725_2_V01_1,기온 마츠리와 관련된 축제 정보 및 데이터 표에 대해 알려주세요,356.8318176269531,2260.21142578125,1773.990478515625,789.6107788085938
MI3_241030_TY1_0728_2_V01_1,리빙스톤 국제 문화 축제 기간 및 주요 행사에 대해 알려주세요,355.6485290527344,2260.039306640625,1771.4752197265625,789.6915893554688
MI3_241030_TY1_0747_2_V01_1,항목 세부 내용 표에 대해 알려주세요,357.38592529296875,2259.462890625,1770.3870849609375,744.753662109375
MI3_241030_TY1_0766_1_V01_1,2015년 한국 교육 시장 보고서의 부문별 성장률에 대해 알려주세요,358.7379455566406,1187.596923828125,1791.801513671875,445.027099609375
MI3_241030_TY1_0767_1_V01_1,2015년 한국 모바일 게임 시장 보고서 본론 주요 게임 주요 특징 성장률(%)에 대해 알려주세요,358.4097900390625,1278.5509033203125,1767.0604248046875,579.4716796875
MI3_241030_TY1_0768_1_V01_1,2015년 한국 모바일 결제 시장 보고서 본론 차트(세로 막대형)에 대해 알려주세요,358.7420959472656,1262.038330078125,1780.8546142578125,473.88818359375
MI3_241030_TY1_0777_1_V01_1,2015년 한국 음악 스트리밍 시장 보고서 본론 차트(세로 막대형)에 대해 알려주세요,357.94384765625,1262.4466552734375,1779.4163818359375,579.8131103515625
MI3_241030_TY1_0798_3_V03_1,4.2 미국의 육류 미생물 오염 사건 다이어그램에 대해 알려주세요,379.91278076171875,1082.8072509765625,1646.0198974609375,327.7215270996094
MI3_241030_TY1_0810_2_V01_1,주요 지자체별 재정자립도 표에 대해 알려주세요,355.7529602050781,2895.224609375,1767.213134765625,246.82688903808594
MI3_241030_TY1_0825_2_V02-2_1,성별에 따른 비만율 차트(가로 막대형)에 대해 알려주세요,385.4325866699219,960.737060546875,1554.924072265625,557.1633911132812
MI3_241030_TY1_0858_2_V01_1,청장년 대출 비율 표에 대해 알려주세요,354.3202819824219,413.9112854003906,1767.279052734375,200.02316284179688
MI3_241030_TY1_0858_3_V03_1,4. 결론 및 정책 제언 다이어그램에 대해 알려주세요,372.8671875,1354.427978515625,1713.1072998046875,270.27685546875
MI3_241030_TY1_0873_2_V03_1,비즈니스 전략 실행 다이어그램에 대해 알려주세요,499.1993713378906,2300.0029296875,1488.931884765625,577.740966796875
MI3_241030_TY1_0873_3_V03_1,영업 부서 행 매출 성장 동 전략 계획서 부서 간 협력 작 연구개발부 기술 혁신 서행동 해외 시장 진 마케팅 부서 출 행동에 대해 알려주세요,355.1630859375,414.2144775390625,1555.27099609375,246.01600646972656
MI3_241030_TY1_0874_1_V02-1_1,2016년 2월 회사 소비 보고서 2. 주요 소비 항목 분석 소비 항목별 지출 차트(세로 막대형)에 대해 알려주세요,381.85101318359375,2383.7353515625,1417.5235595703125,718.4496459960938
MI3_241030_TY1_0874_2_V01_1,부서별 지출 분석 표에 대해 알려주세요,361.208740234375,2301.838134765625,1730.1824951171875,476.8283386230469
MI3_241030_TY1_0896_1_V02-3_1,2016년 3월 자영업 폐업 보고서와 관련된 폐업 증가 요인 원형 차트에 대해 알려주세요,390.4090881347656,2265.042236328125,1535.0201416015625,877.6884155273438
MI3_241030_TY1_0900_2_V01_1,지역 재정자립도 표에 대해 알려주세요,357.7341003417969,887.0318603515625,1763.40478515625,295.40087890625
MI3_241030_TY1_0901_1_V01_1,2016년 3월 한국 청소년의 학습 환경 변화 표에 대해 알려주세요,362.92315673828125,2685.635986328125,1757.5653076171875,352.6991882324219
MI3_241030_TY1_0901_2_V03_1,2016년 3월 청소년 정신 건강 문제 분석 다이어그램에 대해 알려주세요,392.9325256347656,830.1902465820312,1707.452880859375,509.73394775390625
MI3_241030_TY1_0903_2_V02-3_1,청장년 대출 비율 원형 차트에 대해 알려주세요,354.3697204589844,413.8901062011719,1767.2965087890625,200.0186309814453
MI3_241030_TY1_0903_3_V01_1,연령대 평균 대출금액과 월 상환액에 대한 표에 대해 알려주세요,354.89794921875,594.153076171875,1768.9205322265625,246.94541931152344
MI3_241030_TY1_0917_1_V01_1,주요 관광 명소 해외 관람객 수 추세에 대해 알려주세요,354.94384765625,2510.214111328125,1767.5911865234375,456.56396484375
MI3_241030_TY1_0925_2_V02-3_1,제목 소제목 시각요소 제목 차트(원형)에 대해 알려주세요,0.0,0.0,0.0,0.0
MI3_241030_TY1_0949_2_V03_1,영양소 섭취 다이어그램에 대해 알려주세요,388.8096923828125,901.1044311523438,1490.0419921875,637.0152587890625
MI3_241030_TY1_0952_3_V02-4_1,결론 및 향후 전망에 대해 알려주세요,0.0,0.0,0.0,0.0
MI3_241030_TY1_0973_1_V02-1_2,2016년 5월 사내 복지 보고서 복지 프로그램 참여율 분석 차트(세로 막대형)에 대해 알려주세요,377.20953369140625,2205.868896484375,1641.611572265625,484.111572265625
MI3_241030_TY1_0973_2_V02-1_1,차트(세로 막대형)에 대해 알려주세요,353.9365539550781,1405.139892578125,1391.5047607421875,1300.7891845703125
MI3_241030_TY1_0974_1_V01_1,산업재해 발생 건수 표에 대해 알려주세요,356.26025390625,2129.6025390625,1279.1998291015625,291.854736328125
MI3_241030_TY1_0974_2_V01_2,봄철 안전 교육 표에 대해 알려주세요,356.6575927734375,1563.901123046875,1847.241943359375,462.9579772949219
MI3_241030_TY1_0975_2_V01_1,4. 통계 차트에 대해 알려주세요,358.9667053222656,1930.2801513671875,1771.06640625,294.6326904296875
MI3_241030_TY1_0996_1_V02-3_1,2016년 5월 한국 건강식품 시장 보고서에서 온도 상승에 따른 수분 제품의 영향과 관련된 차트(원형)에 대해 알려주세요,0.0,0.0,0.0,0.0
MI3_241030_TY1_1020_2_V01_2,지역별 소방시설 점검 결과 표에 대해 알려주세요,356.4871826171875,2452.127685546875,1770.1910400390625,362.98095703125
MI3_241030_TY1_1039_2_V03_1,급식 만족도 조사 다이어그램에 대해 알려주세요,378.22454833984375,433.7676696777344,1721.5255126953125,568.2046508789062
MI3_241030_TY1_1065_2_V01_1,4. 통계 본문 표에 대해 알려주세요,358.8543395996094,1930.277587890625,1770.9490966796875,294.75390625
MI3_241030_TY1_1100_1_V02-1_1,7월 출산 현황 분석 차트(세로 막대형)에 대해 알려주세요,1149.178955078125,1873.5975341796875,966.202392578125,410.6211853027344
MI3_241030_TY1_1100_2_V01_1,출산 휴가 및 복직 현황 표에 대해 알려주세요,360.90740966796875,966.6727905273438,1703.0679931640625,317.5421447753906
MI3_241030_TY1_1113_3_V01_1,T01 T02 표 표에 대해 알려주세요,360.3210754394531,2137.409912109375,1761.961181640625,248.03125
MI3_241030_TY1_1119_1_V03_1,2016년 8월 인터넷 속도 상세 분석 보고서 상세 분석 다이어그램에 대해 알려주세요,368.90313720703125,1948.8321533203125,1738.3353271484375,336.0611267089844
MI3_241030_TY1_1158_3_V01_2,T01 T02 표 주요 국가별 식품안전 관련 정책 변화에 대해 알려주세요,356.173583984375,1823.0960693359375,1765.333984375,247.63145446777344
MI3_241030_TY1_1161_1_V01_1,출신 국가별 진학 현황 표에 대해 알려주세요,356.44696044921875,3082.87890625,2050.26123046875,62.987060546875
MI3_241030_TY1_1161_2_V01_1,T01 T02 T03 표에 대해 알려주세요,352.74090576171875,413.3900146484375,2056.94189453125,458.1637268066406
MI3_241030_TY1_1182_2_V03_1,현재 유아제품 시장의 트렌드 다이어그램에 대해 알려주세요.,374.95306396484375,2587.614501953125,1717.2628173828125,347.6005554199219
MI3_241030_TY1_1204_1_V01_1,순위 책 제목 저자 출판사 출판 연도 권장 연령 장르 표에 대해 알려주세요,361.5330505371094,2085.3955078125,1787.2353515625,602.244873046875
MI3_241030_TY1_1243_1_V02-1_1,겨울철 건강 프로그램 차트(세로 막대형)에 대해 알려주세요,376.5610656738281,2304.81298828125,1698.4837646484375,504.2548522949219
MI3_241030_TY1_1243_2_V01_1,결론 및 향후 계획 겨울철 건강 관리 프 차트(세로 막대형)에 대해 알려주세요,357.0235290527344,1455.8699951171875,1388.58251953125,1316.194091796875
MI3_241030_TY1_1306_1_V01_1,2016년 12월 한국 청소년의 학습 환경 변화 표에 대해 알려주세요,361.282958984375,2685.058837890625,1772.948974609375,353.5182800292969
MI3_241030_TY1_1306_2_V01_1,2016년 12월 청소년의 정신 건강 상태에 대한 표 에 대해 알려주세요,357.76202392578125,2096.396728515625,1773.085205078125,353.69189453125
MI3_241030_TY1_1346_2_V01_1,서울 드럼 페스티벌 기간 및 성과와 관련된 시각요소에 대해 알려주세요,356.938232421875,1960.4822998046875,1780.804931640625,1027.6185302734375
MI3_241030_TY1_1360_2_V01_1,기온 마츠리 행사에 대한 표에 대해 알려주세요,356.0046081542969,2046.5740966796875,1767.982177734375,942.5828857421875
MI3_241030_TY1_1368_2_V01_1,진주 남강 유등 축제의 주요 내용과 성과에 대한 차트(세로 막대형)에 대해 알려주세요,357.9523620605469,2335.25634765625,1770.194580078125,544.4223022460938
MI3_241030_TY1_1469_2_V01_1,주요 사업 영역에 대한 다이어그램 타입에 대해 알려주세요,358.74896240234375,864.7188110351562,1800.638671875,579.1673583984375
MI3_241030_TY1_1469_3_V01_1,사업 구분 예산금액 표에 대해 알려주세요,356.0210876464844,564.447509765625,1626.930419921875,246.38999938964844
MI3_241030_TY1_1494_2_V02-1_1,재창업에 영향을 미치는 요인 차트(세로 막대형)에 대해 알려주세요,0.0,0.0,0.0,0.0
MI3_241030_TY1_1503_1_V02-2_1,2017년 3월 통신장비 시장 보고서와 관련된 매출 분석 차트(가로 막대형)에 대해 알려주세요,379.638671875,2494.30029296875,1710.84423828125,592.7047729492188
MI3_241030_TY1_1507_3_V01_1,2017년 3월 한국 베이커리 시장 요약에 대한 표에 대해 알려주세요,356.38104248046875,510.1026611328125,1774.9742431640625,977.2557373046875
MI3_241030_TY1_1543_2_V02-4_1,전기 소비 추세에 대한 그래프와 관련된 제목에 대해 알려주세요,396.8407287597656,1459.3092041015625,1633.799072265625,761.7818603515625
MI3_241030_TY1_1559_2_V01_1,2017년 4월 유아 제품 순위표에 대해 알려주세요,357.28302001953125,1112.3555908203125,1766.92578125,293.5826110839844
MI3_241030_TY1_1625_1_V01_2,2017년 6월 산업재해 보고서 2. 2017년 6월 산업재해 주요 원인 분석 표에 대해 알려주세요,355.4520263671875,1495.1387939453125,1162.1456298828125,292.4317321777344
MI3_241030_TY1_1625_2_V01_1,2017년 6월 산업재해 예방 노력 및 성과에 대해 알려주세요,356.7831726074219,737.664306640625,2116.197998046875,395.481201171875
MI3_241030_TY1_1633_1_V03_1,2017년 6월 외국인 진학 관련 보고서 다이어그램에 대해 알려주세요,389.68927001953125,1035.1026611328125,1701.2410888671875,552.019775390625
MI3_241030_TY1_1633_2_V01_1,대학 진학 비율에 대한 차트(세로 막대형)에 대해 알려주세요.,354.5571594238281,412.73419189453125,2054.532470703125,524.9439086914062
MI3_241030_TY1_1642_2_V01_1,지역 재정자립도 표에 대해 알려주세요,356.7975158691406,713.5374145507812,1767.5269775390625,297.06396484375
MI3_241030_TY1_1646_2_V01_1,영양소 권장 섭취량 표에 대해 알려주세요,356.7845153808594,1611.2208251953125,1759.735595703125,343.2706298828125
MI3_241030_TY1_1647_1_V02-2_1,2017년 6월 통신장비 시장 보고서에서 매출 분석 차트(가로 막대형)에 대해 알려주세요,376.59173583984375,2488.852294921875,1730.9951171875,642.78564453125
MI3_241030_TY1_1680_1_V01_1,대학 진학 및 대학원 진학 통계 표에 대해 알려주세요,356.997802734375,1863.520263671875,2050.798828125,521.655517578125
MI3_241030_TY1_1680_2_V01_1,T01 T02 T03 표에 대해 알려주세요,352.69354248046875,413.2860107421875,2056.84619140625,458.18115234375
MI3_241030_TY1_1690_1_V01_1,2017년 7월 청소년 교육 보고서 표에 대해 알려주세요,357.6261901855469,2610.165771484375,1777.2918701171875,422.09326171875
MI3_241030_TY1_1690_2_V01_1,2017년 7월 한국 청소년의 정신 건강 상태 표에 대해 알려주세요,357.35205078125,2075.043212890625,1777.312744140625,365.3232116699219
MI3_241030_TY1_1708_2_V01_1,주요 사업 영역에 대한 차트(세로 막대형)에 대해 알려주세요,355.95465087890625,864.39794921875,1801.3272705078125,577.961181640625
MI3_241030_TY1_1708_3_V03_1,해외시장진출 매출 성장 기술혁신 비용 절감 다이어그램에 대해 알려주세요,355.3349914550781,414.4742736816406,1586.601318359375,245.85720825195312
MI3_241030_TY1_1720_1_V03_1,2017년 8월 산업재해 보고서 서론 다이어그램에 대해 알려주세요,376.2558898925781,1030.9715576171875,1594.9779052734375,891.1148071289062
MI3_241030_TY1_1720_2_V03_1,보호 장비 착용 의무화 다이어그램에 대해 알려주세요,401.8690185546875,2381.338134765625,1676.96435546875,624.990234375
MI3_241030_TY1_1750_1_V02-2_1,2017년 8월 한국 커피 소비 현황 보고서 7월 대비 커피 소비 변화 가로 막대형 차트에 대해 알려주세요,379.5621032714844,2607.973388671875,1689.0460205078125,449.77099609375
MI3_241030_TY1_1766_1_V02-2_1,2017년 9월 사내 복지 보고서 복지 프로그램 참여율 분석 차트(가로 막대형)에 대해 알려주세요,375.5000915527344,1118.104248046875,1557.1973876953125,500.17822265625
MI3_241030_TY1_1768_2_V01_1,2017년 9월 소방시설 점검 항목별 결과 요약 표에 대해 알려주세요,358.5107421875,1857.9017333984375,1759.430419921875,291.6622314453125
MI3_241030_TY1_1771_3_V01_2,T01 T02 정책 변화 V01에 대해 알려주세요,355.9060974121094,1822.505615234375,1765.941650390625,247.79441833496094
MI3_241030_TY1_1777_1_V01_1,2017년 9월 인터넷 속도 상세 분석 보고서 주요 인터넷 속도 지표 표에 대해 알려주세요,361.263427734375,1350.92431640625,1812.1285400390625,153.6253662109375
MI3_241030_TY1_1788_1_V02-1_1,2017년 9월 통신장비 시장 보고서의 매출에 대한 차트(세로 막대형)에 대해 알려주세요,384.88861083984375,2346.19775390625,1686.64208984375,723.7994995117188
MI3_241030_TY1_1813_1_V02-1_2,2017년 10월 사내 복지 보고서 복지 프로그램 만족도 분석 세로 막대형 차트에 대해 알려주세요,390.4413757324219,1208.5269775390625,1532.802734375,547.555419921875
MI3_241030_TY1_1819_1_V03_1,2017년 10월 아이들 베스트셀러 보고서 서론 다이어그램에 대해 알려주세요,373.037353515625,1143.6495361328125,1716.21044921875,355.908447265625
MI3_241030_TY1_1851_1_V01_2,출산자 수 출산 휴가 사용 복직 예정 비율에 대해 알려주세요,358.9531555175781,2787.276611328125,1760.5321044921875,165.048828125
MI3_241030_TY1_1927_2_V03_1,개선 전략 다이어그램에 대해 알려주세요,395.2010192871094,900.585693359375,1547.93896484375,637.2939453125
MI3_241030_TY1_1957_1_V01_1,2017년 교육결과보고서 2. 교육개요 개인정보 보호와 리스크 관리 교육에 대해 알려주세요,212.21893310546875,820.63037109375,2033.216796875,179.4669189453125
MI3_241030_TY1_1972_1_V01_1,2017년 모험 영화 속 용기와 도전: 주요 영화 목록과 관련된 시각적 요소에 대해 알려주세요,359.02923583984375,1352.1453857421875,1766.980712890625,1721.25732421875
MI3_241030_TY1_1972_4_V02-2_1,결론 및 시사점차트(가로 막대형)에 대해 알려주세요,375.0343933105469,1054.373291015625,1700.143798828125,1290.439208984375
MI3_241030_TY1_1973_1_V01_1,2017년 모험 영화 속 팀워크와 리더십에 대한 표에 대해 알려주세요,361.73211669921875,1511.134765625,1750.1083984375,1540.01708984375
MI3_241030_TY1_1973_4_V02-2_1,이 차트(가로 막대형)에 대해 알려주세요,374.6076354980469,1055.8350830078125,1705.462646484375,1208.29248046875
MI3_241030_TY1_1975_2_V01_1,부산 국제 영화제 기간 및 장소에 대해 알려주세요,356.0386047363281,2485.147705078125,1769.3465576171875,542.402587890625
MI3_241030_TY1_1980_2_V01_1,안동 국제 탈춤 페스티벌 기간과 참가 인원 및 성과에 대해 알려주세요.,356.5908508300781,2483.948974609375,1769.5006103515625,543.328369140625
MI3_241030_TY1_1982_1_V01_1,2017년 애니메이션 영화 속 꿈과 도전에 대한 차트 내용에 대해 알려주세요,358.16070556640625,1586.8067626953125,1766.2576904296875,1497.6500244140625
MI3_241030_TY1_1982_4_V02-2_1,결론 및 시사점 차트(가로 막대형)에 대해 알려주세요,375.373046875,1130.191650390625,1711.229248046875,1428.93896484375
MI3_241030_TY1_1993_1_V01_1,2017년 코미디 영화의 주요 특징과 표에 대해 알려주세요,360.51171875,1510.06494140625,1776.83935546875,1343.69580078125
MI3_241030_TY1_1993_4_V02-2_1,T01 T02 T03 차트(가로 막대형)에 대해 알려주세요,375.7601623535156,1055.745849609375,1703.0736083984375,1362.5819091796875
MI3_241030_TY1_2025_2_V01_1,재정자립도 표에 대해 알려주세요,357.57659912109375,903.5485229492188,1767.9276123046875,295.05255126953125
MI3_241030_TY1_2025_3_V01_1,지자체 탄소 중립 목표 연도 표에 대해 알려주세요,359.6528625488281,565.1487426757812,1767.9346923828125,247.0670166015625
MI3_241030_TY1_2079_2_V03_1,영양소 섭취 시각요소에 대해 알려주세요,398.2851257324219,600.2052612304688,1660.42236328125,711.6886596679688
MI3_241030_TY1_2138_1_V02-2_1,2018년 3월 한국 커피 소비 현황 보고서 2. 서론 음료 종류 소비 비율 변화 차트(가로 막대형)에 대해 알려주세요,383.67657470703125,2639.06494140625,1687.7420654296875,416.76611328125
MI3_241030_TY1_2169_1_V02-2_1,2.2 모바일 데이터 속도 차트(가로 막대형)에 대해 알려주세요,386.5799560546875,1769.8040771484375,1499.951171875,506.2655029296875
MI3_241030_TY1_2174_1_V02-1_1,2018년 4월 중학교 시설 유지보수 보고서에서학교 리노베이션 프로젝트 및 예산 활용 차트에 대해 알려주세요,376.51470947265625,1369.3782958984375,1694.559326171875,685.9764404296875
MI3_241030_TY1_2176_1_V01_1,2018년 4월 청소년 교육 보고서 서론 표에 대해 알려주세요,360.4227294921875,2589.056884765625,1760.6812744140625,433.756103515625
MI3_241030_TY1_2176_2_V01_1,2018년 4월 한국 청소년의 정신 건강 상태 표에 대해 알려주세요,358.01776123046875,2173.91015625,1764.4959716796875,420.93603515625
MI3_241030_TY1_2178_1_V03_1,2018년 4월 청장년 대출 현황 보고서 2. 대출 의존도를 줄이고 신용 불량 위험 성을 평가하기 위한 방안은 무엇인가? 다이어그램에 대해 알려주세요,371.162841796875,1250.6348876953125,1727.27197265625,596.116455078125
MI3_241030_TY1_2178_2_V01_1,대출 상환 부담에 대한 차트(표)에 대해 알려주세요,354.584716796875,2578.083251953125,1756.806640625,248.89353942871094
MI3_241030_TY1_2179_2_V01_1,주요 영양소 섭취 현황에 대해 알려주세요,357.0712890625,1384.990234375,1757.35498046875,344.871826171875
MI3_241030_TY1_2180_2_V01_1,매출 분석 차트에 대해 알려주세요,363.4363098144531,661.6079711914062,1720.1243896484375,344.282470703125
MI3_241030_TY1_2196_1_V01_1,4. 출산 휴가 및 복직 현황에 대해 알려주세요,358.9464111328125,1560.5704345703125,812.2637329101562,641.0845947265625
MI3_241030_TY1_2196_2_V01_1,총 출산 휴가 사용 표에 대해 알려주세요,365.9434814453125,417.83782958984375,1752.53369140625,320.6290283203125
MI3_241030_TY1_2213_1_V01_1,[표 1. 연구 목표 및 가설] 표에 대해 알려주세요,357.312744140625,2915.484619140625,1764.1202392578125,229.386474609375
MI3_241030_TY1_2213_2_V01_1,1.2 문헌 검토 및 자원 확보 관련 세부 내용 표에 대해 알려주세요,358.0158386230469,1239.368408203125,1769.677978515625,438.52880859375
MI3_241030_TY1_2213_3_V02-2_1,[차트 1. 악성 앱 탐지율] 차트(가로 막대형)에 대해 알려주세요,397.4994812011719,2014.137939453125,1631.27099609375,579.071533203125
MI3_241030_TY1_2219_1_V01_1,2018년 5월 인터넷 속도 상세 분석 보고서 1. 주요 인터넷 속도 지표 표에 대해 알려주세요,361.1162109375,1350.4603271484375,1788.788330078125,154.15391540527344
MI3_241030_TY1_2234_3_V01_1,가정의 달 테마 제품에 대해 알려주세요,356.46624755859375,411.04315185546875,1776.080322265625,1178.9105224609375
MI3_241030_TY1_2249_2_V01_1,부서별 인력 배치 표에 대해 알려주세요,371.8404541015625,2607.108154296875,1917.9014892578125,478.226806640625
MI3_241030_TY1_2249_3_V01_1,2018년 6월은 매출 증가와 고객 만족도가 지속적으로 증가하는 긍정적인 달이었습니다.시각요소에 대해 알려주세요,356.8819274902344,1145.47705078125,1769.6312255859375,1211.293701171875
MI3_241030_TY1_2274_2_V01_2,지자체 탄소 중립 목표 연도 주요 추진 전략 표에 대해 알려주세요,354.85479736328125,2730.779541015625,1755.690673828125,247.76708984375
MI3_241030_TY1_2304_1_V01_1,2018년 7월 산업재해 발생 현황에 대해 알려주세요,355.6248779296875,2244.78662109375,1222.318603515625,291.6552429199219
MI3_241030_TY1_2304_2_V01_2,여름철 안전 교육 프로그램 성과 표에 대해 알려주세요,355.6976623535156,1437.7928466796875,1768.4971923828125,463.0818786621094
MI3_241030_TY1_2316_1_V02-1_1,2018년 7월 인사 보고서 부서별 연간 필요 산출 차트(세로 막대형)에 대해 알려주세요,372.6382141113281,2002.4495849609375,1609.2410888671875,1030.2171630859375
MI3_241030_TY1_2316_2_V01_1,총 우수 보통 개선 표에 대해 알려주세요,361.8342590332031,573.9306640625,1761.6990966796875,723.4660034179688
MI3_241030_TY1_2340_1_V01_1,2018년 7월 해외 관람객 한국 인기 지역 순위 보고서 2. 해외 관람객 인기 지역 순위 (2018년 7월) 주요특징 인기 요인 표에 대해 알려주세요,354.5897521972656,2390.134033203125,1918.7333984375,655.044189453125
MI3_241030_TY1_2364_1_V02-1_1,2018년 8월 인사 보고서 2. 부서별 연간 인원 필요 산출 차트(세로 막대형)에 대해 알려주세요,372.6973571777344,2001.8953857421875,1595.2508544921875,1030.7926025390625
MI3_241030_TY1_2364_2_V02-2_1,실행 계획 및 채용 전략 차트(가로 막대형)에 대해 알려주세요,369.4405822753906,1330.1053466796875,1731.4652099609375,760.8579711914062
MI3_241030_TY1_2383_2_V01_1,제품명 카테고리 주요 특징 표에 대해 알려주세요,358.4754943847656,888.1624145507812,1761.8419189453125,493.7449035644531
MI3_241030_TY1_2385_1_V02-4_1,발전 방향과 관련된 차트(꺾은선형)에 대해 알려주세요,0.0,0.0,0.0,0.0
MI3_241030_TY1_2386_1_V02-3_1,2018년 건강 지표와 관련된 시각요소(원형)에서 어떤 내용을 확인할 수 있나요?,377.9625244140625,1669.4306640625,1728.9627685546875,456.7738037109375
MI3_241030_TY1_2389_2_V01_2,예산 계획 표에 대해 알려주세요,355.7889404296875,2849.0205078125,1524.281005859375,247.379638671875
MI3_241030_TY1_2459_2_V02-2_1,합계 차트(가로 막대형)에 대해 알려주세요,0.0,0.0,0.0,0.0
MI3_241030_TY1_2464_2_V02-4_1,업종별 폐업 경향 및 차트(꺾은선형)에 대해 알려주세요,0.0,0.0,0.0,0.0
MI3_241030_TY1_2472_2_V01_1,주요 영양소 섭취 현황 차트에 대해 알려주세요,357.3828125,1385.2196044921875,1756.7271728515625,344.4327392578125
MI3_241030_TY1_2486_1_V02-4_1,2018년 10월 회사 사업수행계획서 1. 사업 개요 차트(꺾은선형)에 대해 알려주세요,0.0,0.0,0.0,0.0
MI3_241030_TY1_2486_2_V01_2,사업 구분 예산금액 주요 사용처 표에 대해 알려주세요,356.739501953125,789.8162231445312,1801.4510498046875,579.5599975585938
MI3_241030_TY1_2486_3_V03_1,전략 목표 달성 다이어그램에 대해 알려주세요,336.89013671875,415.03692626953125,1555.480712890625,55.43655014038086
MI3_241030_TY1_2487_1_V02-1_1,2018년 10월 회사 소비 보고서 전체 소비 현황 세로 막대형 차트에 대해 알려주세요,376.6184997558594,2354.124267578125,1494.114013671875,718.685791015625
MI3_241030_TY1_2487_2_V01_2,월별 소비 경향 표에 대해 알려주세요,361.9313659667969,685.1702880859375,1732.8544921875,561.0673828125
MI3_241030_TY1_2502_1_V01_1,2018년 11월 아이들 베스트셀러 보고서 서론 순 책 제목 저자 출판사 출판 연도 권장 연령 장르 표에 대해 알려주세요,356.49432373046875,1968.5711669921875,1795.202880859375,800.9439697265625
MI3_241030_TY1_2552_1_V02-1_1,2023년 8월 회사 소비 보고서의 주요 소비 항목 분석 차트(세로 막대형)에 대해 알려주세요,378.108642578125,1359.186279296875,1301.641357421875,729.41845703125
MI3_241030_TY1_2552_2_V02-2_1,3. 월별 소비 경향 차트(가로 막대형)에 대해 알려주세요,363.0652160644531,1482.73828125,1717.5074462890625,743.3954467773438
MI3_241030_TY1_2553_1_V01_1,2023년 8월 회사 유보금 관련 보고서 본론 유보금 항목별 배분 현황 표에 대해 알려주세요,359.4366760253906,2333.512451171875,1642.1309814453125,442.7284851074219
MI3_241030_TY1_2554_1_V03_1,매출 성장 다이어그램에 대해 알려주세요,520.032470703125,902.4801025390625,1560.6497802734375,421.4107360839844
MI3_241030_TY1_2554_2_V01_2,3. 결론 및 향후 계획 표에 대해 알려주세요,357.0165710449219,1414.497802734375,1602.2431640625,247.181884765625
MI3_241101_TY1_0014_2_V01_1,어촌 지역의 경우 재정 지원 없이 주요 사업을 추진하기 어려운 상황에 대해 알려주세요.,354.4120178222656,2805.83642578125,1772.5849609375,247.453369140625
MI3_241101_TY1_0023_3_V01_1,2018년 11월 한국 베이커리 시장 요약 본문 표에 대해 알려주세요,355.82958984375,508.2745666503906,1783.1845703125,1068.11279296875
MI3_241101_TY1_0039_2_V02-3_1,종합 대학 개선 전략에 대해 알려주세요,0.0,0.0,0.0,0.0
MI3_241101_TY1_0045_1_V02-4_1,2018년 12월 스마트폰 시장 보고서 2. 2018년 12월 글로벌 스마트폰 시장 주요 트렌드 꺾은선형 차트에 대해 알려주세요,0.0,0.0,0.0,0.0
MI3_241101_TY1_0045_2_V02-4_1,에 대한 리더십 프리미엄 스마트폰 시장 성장 확장 꺾은선형 차트에 대해 알려주세요,0.0,0.0,0.0,0.0
MI3_241101_TY1_0054_1_V02-4_1,2018년 유통업 주요 트렌드 꺾은선형 차트에 대해 알려주세요,0.0,0.0,0.0,0.0
MI3_241101_TY1_0080_2_V01_1,2018년 12월의 주요 사업 영역과 목표 매출에 대해 알려주세요,357.4709167480469,2992.4599609375,1557.65869140625,153.472412109375
MI3_241101_TY1_0080_3_V01_1,"해외 진출 300억 원 현지 마케팅 캠페인과 관련된 매출 성장, 기술 혁신, 비용 절감에 대해 알려주세요",353.1601867675781,415.7432556152344,1558.3006591796875,102.0136947631836
MI3_241101_TY1_0081_1_V02-1_1,2018년 12월 전체 소비 현황 차트(세로 막대형)에 대해 알려주세요,375.7170104980469,2233.7265625,1542.27197265625,723.025390625
MI3_241101_TY1_0081_2_V01_2,월별 소비 경향에 대해 알려주세요,361.20166015625,685.1778564453125,1794.7880859375,560.5333251953125
MI3_241101_TY1_0087_2_V01_1,강릉 커피 축제에 대한 표에 대해 알려주세요,357.90142822265625,2184.65869140625,1774.028076171875,649.51513671875
MI3_241101_TY1_0092_1_V01_2,2018년 교육결과보고서 본문 표에 대해 알려주세요,211.09011840820312,820.4821166992188,2032.472900390625,180.24974060058594
MI3_241101_TY1_0096_1_V01_1,2018년 교육결과보고서 2. 교육개요 표에 대해 알려주세요,211.19403076171875,820.6705322265625,2032.2216796875,180.0609130859375
MI3_241101_TY1_0119_1_V03_1,역사적 사실과 허구의 평가 기준에 대한 다이어그램에 대해 알려주세요,369.6381530761719,2515.5146484375,1748.060302734375,566.5809936523438
MI3_241101_TY1_0119_2_V01_1,4. 주요 분석 결과에 대해 알려주세요,0.0,0.0,0.0,0.0
MI3_241101_TY1_0119_3_V02-2_1,제2차 세계대전 중 노르망디 상륙작전을 배경으로 한 영화와 결론 및 시사점 차트(가로 막대형)에 대해 알려주세요,374.3768005371094,2004.4820556640625,1720.633056640625,628.282958984375
MI3_241101_TY1_0123_2_V01_1,제주 들불 축제의 기본 정보와 관련된 표에 대해 알려주세요.,355.4313049316406,2259.6669921875,1773.1832275390625,790.2138061523438
MI3_241101_TY1_0131_1_V03_1,2차전지 산업 성장 요인에 대해 알려주세요.,353.87469482421875,2390.05615234375,1336.6138916015625,376.3007507324219
MI3_241101_TY1_0131_2_V03_1,차세대 배터리 기술 우선순위에 대한 시각적 요소에 대해 알려주세요,348.823974609375,2836.201171875,1756.304443359375,263.816162109375
MI3_241101_TY1_0133_2_V01_2,조직도 및 인력 현황 표에 대해 알려주세요,371.26348876953125,2607.16015625,1918.8673095703125,478.1322937011719
MI3_241101_TY1_0133_3_V01_1,5.2 향후 전략 차트에 대해 알려주세요,356.781982421875,1137.653564453125,1770.7117919921875,1210.426025390625
MI3_241101_TY1_0146_1_V01_1,"제목: 연구 목표 및 가설, 소제목: AI 기반 사기 탐지 시스템의 성능 평가에 대한 표에 대해 알려주세요",356.0035705566406,2425.56884765625,1541.3946533203125,258.0126953125
MI3_241101_TY1_0146_2_V03_1,주요 성능 지표 데이터 예시에 대해 알려주세요,357.44342041015625,2525.02001953125,1634.0264892578125,272.1774597167969
MI3_241101_TY1_0195_3_V01_2,2019년 2월 주요 국가별 식품안전 관련 정책 변화에 대해 알려주세요.,358.665283203125,1861.2081298828125,1764.8204345703125,244.9788818359375
MI3_241101_TY1_0203_1_V02-1_1,2019년 2월 인사 보고서 2. 부서별 연간 인원 필요 산출 차트(세로 막대형)에 대해 알려주세요,372.33111572265625,2002.07080078125,1611.062744140625,1030.93310546875
MI3_241101_TY1_0203_2_V02-2_1,연간 인사 고과 평가와 관련된 연구개발 및 영업 부서의 개선 필요 인원에 대해 알려주세요,387.6803283691406,1272.9923095703125,1717.4520263671875,760.3233642578125
MI3_241101_TY1_0204_1_V01_1,2019년 2월 인터넷 속도 상세 분석 보고서의 지표 다이어그램에 대해 알려주세요.,356.1223449707031,1372.2230224609375,1744.7025146484375,155.79808044433594
MI3_241101_TY1_0211_1_V01_1,2019년 2월 청소년 교육 환경 변화 표에 대해 알려주세요,360.4625549316406,2438.950927734375,1774.661865234375,433.516845703125
MI3_241101_TY1_0211_2_V01_1,2019년 2월 청소년 정신 건강 상태에 대한 표에 대해 알려주세요,357.3711242675781,2172.943115234375,1774.216796875,352.277587890625
MI3_241101_TY1_0219_2_V01_1,분류 세부 내용 계절 한정 메뉴에 대해 알려주세요,358.01214599609375,2616.694580078125,1778.5323486328125,527.19775390625
MI3_241101_TY1_0219_3_V01_1,건강 지향적 제품에 대한 차트(혼합형)에 대해 알려주세요,356.27349853515625,432.9071044921875,1783.2625732421875,444.5561218261719
MI3_241101_TY1_0228_2_V02-2_1,3. 주요 통계와 결론을 바탕으로 차트에 대해 알려주세요,397.82342529296875,600.5396118164062,1689.3480224609375,627.8225708007812
MI3_241101_TY1_0235_1_V01_1,"2019년 3월 전기차, 에너지 저장 시스템, 소비자 전자기기에 대한 표에 대해 알려주세요",354.5264892578125,2756.671142578125,1615.3809814453125,250.010986328125
MI3_241101_TY1_0235_3_V01_1,기술분야 주요 특징 기대 효과 차트에 대해 알려주세요,353.9443054199219,419.98126220703125,1772.42236328125,197.31173706054688
MI3_241101_TY1_0250_1_V01_1,연구 목표 표에 대해 알려주세요,355.75347900390625,2425.793212890625,1543.7181396484375,256.88330078125
MI3_241101_TY1_0250_2_V03_1,제목과 실험 절차 및 방법 확립에 대해 알려주세요,360.50299072265625,1542.7666015625,1388.5155029296875,437.295654296875
MI3_241101_TY1_0251_1_V03_1,2019년 3월 영화 관람객 수 분석 보고서의 다이어그램에 대해 알려주세요.,366.088134765625,2112.50732421875,1760.319580078125,827.2265625
MI3_241101_TY1_0299_3_V01_1,4. 주요 사건 및 사례 표 1에 대해 알려주세요,359.650146484375,2008.0736083984375,1756.239013671875,342.7513427734375
MI3_241101_TY1_0315_1_V03_1,2019년 4월 청소년 교육 보고서의 다이어그램에 대해 알려주세요,369.000244140625,1165.0318603515625,1737.2960205078125,512.125
MI3_241101_TY1_0315_2_V03_1,정신 건강 관련 다이어그램에 대해 알려주세요,392.27337646484375,907.9548950195312,1706.9222412109375,505.6614990234375
MI3_241101_TY1_0317_2_V03_1,청장년 대출 현황에 대한 다이어그램에 대해 알려주세요,403.8699035644531,1501.2733154296875,1689.9588623046875,751.6529541015625
MI3_241101_TY1_0317_3_V01_1,"제목에 따르면 연령대 평균 대출 금액과 월 상환액, 이자율 및 상환 부담 비율에 대해 알려주세요.",354.7701721191406,594.407470703125,1762.5616455078125,247.88922119140625
MI3_241101_TY1_0323_2_V03_1,"블루베리 타르트와 비건 도넛, 민트 초콜릿 앙버터빵에 대한 다이어그램에 대해 알려주세요.",379.0033264160156,422.2648620605469,1867.6455078125,674.8599853515625
MI3_241101_TY1_0334_1_V02-1_1,2019년 4월 회사 소비 보고서 1. 주요 소비 항목 분석 차트(세로 막대형)에 대해 알려주세요,371.4363098144531,1764.7469482421875,1530.0863037109375,735.5460205078125
MI3_241101_TY1_0334_2_V01_2,부서별 지출 내역에 대한 부서 지출 금액 차트에 대해 알려주세요,361.0849609375,612.092529296875,1725.167724609375,399.07464599609375
MI3_241101_TY1_0350_2_V02-3_1,제목 건강식품 및 유기 음료 및 간식 차트(원형)에 대해 알려주세요,394.236572265625,2054.969970703125,1634.8975830078125,1066.333251953125
MI3_241101_TY1_0351_3_V01_2,4.2 미국의 육류 미생물 오염 사건 표 2. 2019년 5월 주요 국가별 식품안전 관련 정책 변화에 대해 알려주세요,361.28900146484375,1682.733154296875,1754.589599609375,342.5684814453125
MI3_241101_TY1_0384_2_V02-4_1,3. 주요 통계에 대해 알려주세요,388.6116638183594,616.002197265625,1493.343017578125,982.4373779296875
MI3_241101_TY1_0400_2_V01_2,4. 통계 지역별 소방시설 점검 결과 표에 대해 알려주세요,357.55767822265625,2428.918701171875,1775.9560546875,293.9521484375
MI3_241101_TY1_0418_2_V03_1,경제 활성화 다이어그램에 대해 알려주세요,392.43902587890625,1660.362060546875,1698.8441162109375,513.45654296875
MI3_241101_TY1_0428_1_V01_1,2019년 6월 한국 신발 매출 순위 보고서의 주요 브랜드별 매출 차트에 대해 알려주세요,0.0,0.0,0.0,0.0
MI3_241101_TY1_0428_2_V02-4_1,제목에 대해 운동화 및 스니커즈 시장의 추세를 보여주는 꺾은선형 그래프에 대해 알려주세요,0.0,0.0,0.0,0.0
MI3_241101_TY1_0429_2_V02-3_1,친환경 및 공유 모빌리티와 변화하는 소비 패턴에 대해 알려주세요,0.0,0.0,0.0,0.0
MI3_241101_TY1_0446_1_V02-3_1,2019년 7월 대학교 위생보건 보고서 캠퍼스 위생 및 건강 증진 차트(원형)에 대해 알려주세요,0.0,0.0,0.0,0.0
MI3_241101_TY1_0451_1_V03_1,2019년 구월: 대한민국의 산업재해 분석과 관련하여 다이어그램에 대해 알려주세요,370.0263366699219,1455.1890869140625,1741.57958984375,604.7093505859375
MI3_241101_TY1_0451_2_V01_1,2019년 7월 산업재해 주요 원인 분석 본문 표에 대해 알려주세요,354.479248046875,736.5650634765625,1071.27392578125,244.42919921875
MI3_241101_TY1_0461_2_V02-2_1,2.1 국가별 이용 현황과 3. 정책 개선 필요성에 대한 차트(가로 막대형)에 대해 알려주세요,0.0,0.0,0.0,0.0
MI3_241101_TY1_0461_3_V01_1,외국인 환자를 위한 의료 접근성 개선에 대해 알려주세요,0.0,0.0,0.0,0.0
MI3_241101_TY1_0479_2_V03_1,여름철 디저트 트렌드에 대해 알려주세요,374.5846252441406,415.6806945800781,1867.1392822265625,681.8026733398438
MI3_241101_TY1_0479_3_V01_1,이 문서에서 다루고 있는 제목과 관련된 저칼로리 및 비건 제품에 대한 차트(표) 타입에 대해 알려주세요.,357.9895324707031,445.2275695800781,1783.45654296875,411.3624267578125
MI3_241101_TY1_0487_1_V01_1,2019년 7월 해외 관람객 한국 인기 지역 순위 보고서에 대해 알려주세요,355.7705383300781,2314.707763671875,1777.4046630859375,481.8994140625
MI3_241101_TY1_0497_2_V01_1,부서별 인력 배치 차트에 대해 알려주세요,370.70318603515625,2607.014404296875,1919.7899169921875,478.22705078125
MI3_241101_TY1_0497_3_V01_1,5.2 향후 전략에 대해 알려주세요,356.14813232421875,1069.1640625,1770.70263671875,904.7919311523438
MI3_241101_TY1_0505_2_V02-4_1,제조사별 시장 점유율 분석기술 발전 스마트폰 시장 리더십에 대해 알려주세요,0.0,0.0,0.0,0.0
MI3_241101_TY1_0505_3_V02-4_1,5G 기술 차트(꺾은선형)에 대해 알려주세요,0.0,0.0,0.0,0.0
MI3_241101_TY1_0508_1_V01_1,2019년 8월 베스트셀러 목록 차트에 대해 알려주세요,359.8962707519531,1325.319580078125,1773.32177734375,825.947021484375
MI3_241101_TY1_0512_1_V01_1,2019년 8월 외국인 진학 관련 보고서 출신 국가별 진학 현황 차트(표)에 대해 알려주세요,356.7817077636719,2227.121826171875,2054.018310546875,523.146728515625
MI3_241101_TY1_0512_2_V01_1,몽골 출신 학생들의 대학 진학 비율과 전공 현황에 대해 알려주세요.,355.28265380859375,736.3095092773438,2053.35546875,524.4862060546875
MI3_241101_TY1_0526_2_V03_1,4. 주요 영양소 섭취 현황 다이어그램에 대해 알려주세요,397.0765686035156,826.9885864257812,1685.4573974609375,742.673583984375
MI3_241101_TY1_0543_1_V01_1,2019년 8월 회사 유보금 관련 보고서 본문 표에 대해 알려주세요,357.5638732910156,2124.403076171875,1645.7188720703125,445.5646667480469
MI3_241101_TY1_0544_1_V02-1_1,2019년 8월 회사 출산 및 휴가 보고서에 대해 알려주세요,1033.253173828125,1805.3797607421875,1073.294189453125,584.2404174804688
MI3_241101_TY1_0562_1_V03_1,연구 목표 및 가설 다이어그램에 대해 알려주세요,396.6936950683594,947.091796875,1901.2181396484375,1032.64599609375
MI3_241101_TY1_0562_2_V03_1,대조군 및 실험군 선정 다이어그램에 대해 알려주세요,363.7736511230469,1691.7740478515625,1384.7413330078125,435.5602722167969
MI3_241101_TY1_0562_3_V01_1,본 연구의 최종결론 및 권장 사항에 대해 알려주세요,358.158203125,2226.730712890625,1937.389892578125,461.982666015625
MI3_241101_TY1_0596_1_V01_1,2019년 9월 회사 출산 및 휴가 보고서에 대해 알려주세요,358.0730895996094,1775.3538818359375,624.4934692382812,640.7147216796875
MI3_241101_TY1_0613_2_V02-2_1,보안 강화 주요 통계 차트(가로 막대형)에 대해 알려주세요,395.1968078613281,900.6419677734375,1460.9178466796875,608.824951171875
MI3_241101_TY1_0615_1_V03_1,2019년 10월 시장 분석의 다이어그램에 대해 알려주세요.,369.32861328125,1868.5675048828125,1756.3955078125,1154.6590576171875
MI3_241101_TY1_0626_2_V01_1,1.2 재정 운영에 대한 차트(다이어그램)에 대해 알려주세요,358.89129638671875,2682.509033203125,1769.200439453125,448.743408203125
MI3_241101_TY1_0627_1_V01_1,2019년 10월 청소년 교육 보고서의 표 1. 2019년 10월 한국 청소년의 학습 환경 변화에 대해 알려주세요,360.4706726074219,2515.600830078125,1764.6121826171875,456.990478515625
MI3_241101_TY1_0627_2_V01_1,1.2. 학업 성취도와 스트레스 표에 대해 알려주세요,357.460205078125,2151.7880859375,1772.0750732421875,434.4753112792969
MI3_241101_TY1_0635_2_V03_1,가을철 베이커리 시장 트렌드와 관련된 본문에 대해 알려주세요,359.0610046386719,1710.5709228515625,1771.2645263671875,711.1775512695312
MI3_241101_TY1_0635_3_V01_1,제목에 포함된 내용과 관련하여 프리미엄 소비자 반응 메뉴에 대한 차트에 대해 알려주세요,356.4331359863281,412.8494873046875,1776.3614501953125,487.29180908203125
MI3_241101_TY1_0638_2_V01_1,10월 유아 제품 순위표에 대해 알려주세요,357.295166015625,738.3375854492188,1763.344970703125,493.5107116699219
MI3_241101_TY1_0687_2_V03_1,제목에 대한 겨울철 제철 재료를 활용한 따뜻한 디저트 다이어그램에 대해 알려주세요,374.35491943359375,417.4036560058594,1854.387451171875,680.7239990234375
MI3_241101_TY1_0687_3_V01_1,겨울철 따뜻한 디저트에 대한 수요 및 프리미엄 음료와 관련된 표에 대해 알려주세요,357.60986328125,409.4797058105469,1783.132080078125,375.8373107910156
MI3_241101_TY1_0698_1_V02-1_1,2019년 11월 회사 소비 보고서 1. 주요 소비 항목 분석 차트(세로 막대형)에 대해 알려주세요,378.7099914550781,1686.0782470703125,1414.9488525390625,729.0006103515625
MI3_241101_TY1_0698_2_V01_1,월별 소비 경향에 대한 금액 및 변동사항에 대해 알려주세요.,359.8227233886719,611.1973876953125,1747.88037109375,321.77117919921875
MI3_241101_TY1_0699_1_V03_1,2019년 11월 회사 유보금 관련 보고서 유보금의 재무 안정성에서의 역할 다이어그램에 대해 알려주세요,388.8831481933594,1240.5052490234375,1278.924560546875,921.0708618164062
MI3_241101_TY1_0702_2_V02-3_1,4. 문구류 수입 품목별 비율 차트(원형)에 대해 알려주세요,373.08258056640625,663.546142578125,1713.4893798828125,820.930908203125
MI3_241101_TY1_0705_2_V01_1,4. 조직도 및 인력 현황에 대한 내용의 표에 대해 알려주세요,371.1136779785156,2606.99609375,1918.4488525390625,478.2236022949219
MI3_241101_TY1_0705_3_V01_1,고객 만족도 강화 차트에 대해 알려주세요,356.778076171875,1145.2183837890625,1770.36279296875,855.8170776367188
MI3_241101_TY1_0717_1_V03_1,2019년 12월 연구 보고서 연구 주제: 자율주행 차량을 위한 센서 융합 시스템 성능 평가 다이어그램에 대해 알려주세요,392.224609375,838.7078857421875,1905.51953125,1036.0133056640625
MI3_241101_TY1_0717_2_V01_1,본 연구의 성과와 관련된 데이터 예시를 통해 이 지표에 대해 알려주세요.,358.5375671386719,618.1629028320312,1775.1104736328125,291.59161376953125
MI3_241101_TY1_0717_3_V03_1,4. 결론 및 보고서 작성 표 5에 대해 알려주세요,361.2589416503906,2301.4140625,1934.0919189453125,461.58984375
MI3_241101_TY1_0723_1_V02-2_1,2019년 12월의 고정 브로드밴드 속도 성능과 차트에 대해 알려주세요,376.83489990234375,1916.829345703125,1596.661865234375,528.460205078125
MI3_241101_TY1_0750_1_V01_1,2019년 12월 회사 유보금 관련 보고서 본문 표에 대해 알려주세요,357.93438720703125,2127.810302734375,1646.0277099609375,442.799072265625
MI3_241101_TY1_0756_2_V01_1,"강릉 단오제의 기간과 장소, 참가 인원 및 주요 행사에 대해 알려주세요.",357.4972229003906,2411.633544921875,1769.793701171875,634.16748046875
MI3_241101_TY1_0765_1_V01_1,담 당 부서장 본부장 대표이사와 관련된 표에 대해 알려주세요.,215.940673828125,819.0127563476562,2031.174560546875,134.33477783203125
MI3_241101_TY1_0778_1_V01_1,2019년 범죄 영화 속 정의와 복수에 대한 표에 대해 알려주세요,359.3436279296875,1412.1204833984375,1789.7691650390625,627.7105102539062
MI3_241101_TY1_0787_1_V01_1,2019년 애니메이션 영화 속 상상력과 교훈에 대한 표에 대해 알려주세요,361.4831848144531,1479.4537353515625,1773.8304443359375,625.8923950195312
MI3_241101_TY1_0801_1_V01_1,2019년 한국 간편대용식 인기 순위 보고서에서 제시된 주요 브랜드의 특징과 카테고리 선호도에 대해 알려주세요,357.16314697265625,1262.214111328125,1761.8333740234375,581.760498046875
MI3_241101_TY1_0805_1_V01_1,2019년 한국 게임 콘솔 인기 순위 보고서 본론 차트(세로 막대형)에 대해 알려주세요,358.110595703125,1111.6129150390625,1728.031005859375,713.5518798828125
MI3_241101_TY1_0807_1_V01_1,2019년 한국 과자 인기 순위 보고서 본론 차트에 대해 알려주세요,359.1254577636719,1111.9219970703125,1764.1966552734375,582.820068359375
MI3_241101_TY1_0810_1_V01_1,2019년 한국 네일 제품 인기 순위 보고서 본론 차트(세로 막대형)에 대해 알려주세요,358.580810546875,1111.7945556640625,1761.2685546875,582.125
MI3_241101_TY1_0830_1_V01_1,2019년 한국 스마트 냉장고 인기 순위 보고서 본론 차트에 대해 알려주세요,359.0630798339844,1310.213134765625,1790.7952880859375,579.09912109375
MI3_241101_TY1_0835_1_V01_1,2019년 한국 스킨케어 제품 소비자 주요 브랜드의 특징과 선호도에 대해 알려주세요.,359.48931884765625,1111.6641845703125,1779.6702880859375,582.5802001953125
MI3_241101_TY1_0872_2_V02-2_1,주요 통계 결론 차트(가로 막대형)에 대해 알려주세요,391.3648986816406,607.915771484375,1704.826416015625,668.008544921875
MI3_241101_TY1_0888_2_V01_1,2.1 대출 금액 변화 분석 차트에 대해 알려주세요,355.338623046875,2603.398681640625,1766.372802734375,245.427978515625
MI3_241101_TY1_0890_2_V02-1_1,리하는 데 중요한 역할을 하고 있습니다. · 네트워크 보안 강화에 대해 알려주세요,380.23858642578125,1262.7998046875,1278.197265625,593.1678466796875
MI3_241101_TY1_0905_2_V01_1,목표 매출 및 주요 사업 구분에 대한 다이어그램에 대해 알려주세요,359.5302429199219,864.76416015625,1799.753662109375,578.8485107421875
MI3_241101_TY1_0905_3_V03_1,핵심 목표에 대해 알려주세요,357.19647216796875,415.5874328613281,1660.7593994140625,149.19216918945312
MI3_241101_TY1_0906_1_V01_1,2020년 1월 부서별 지출 내역에 대해 알려주세요,359.982421875,2519.84912109375,1756.4075927734375,556.95947265625
MI3_241101_TY1_0906_2_V01_2,소비 항목 분석에 대해 알려주세요,360.3777160644531,1060.9110107421875,1771.217041015625,477.2907409667969
MI3_241101_TY1_0907_1_V01_1,2020년 1월 회사 유보금 관련 보고서 본문 표에 대해 알려주세요,358.2510986328125,2661.052001953125,1643.103515625,450.6403503417969
MI3_241101_TY1_0918_2_V03_1,3. 주요 결과 요약에 대해 알려주세요,517.7935791015625,1204.98291015625,1688.3203125,487.5408935546875
MI3_241101_TY1_0946_2_V03_1,"발효빵과 롤케이크, 유자 호두과자에 대한 다이어그램에 대해 알려주세요",383.6620788574219,418.13934326171875,1737.1839599609375,727.443115234375
MI3_241101_TY1_0958_1_V01_1,2020년 2월 회사 유보금 관련 보고서 본론 표에 대해 알려주세요,357.6497802734375,2127.877685546875,1646.709716796875,442.7187194824219
MI3_241101_TY1_0973_1_V02-2_1,2020년 3월 베스트셀러 책 판매 수에 대한 차트(가로 막대형)에 대해 알려주세요,378.586181640625,2258.421142578125,1695.0946044921875,740.7533569335938
MI3_241101_TY1_1040_2_V01_2,대출 금액 변화 분석 및 대출 유형별 비중 표에 대해 알려주세요,354.5046081542969,2749.85595703125,1767.0166015625,248.95750427246094
MI3_241101_TY1_1058_1_V02-1_1,2020년 4월 회사 소비 보고서 1. 주요 소비 항목 분석 차트(세로 막대형)에 대해 알려주세요,373.65234375,1906.145751953125,1728.4241943359375,730.6767578125
MI3_241101_TY1_1058_2_V01_2,3. 부서별 지출 내역에 대해 알려주세요,360.1963195800781,611.685302734375,1746.4432373046875,479.0200500488281
MI3_241101_TY1_1069_2_V01_1,4. 통계 표에 대해 알려주세요,355.2995910644531,1933.0343017578125,1778.659912109375,291.6715087890625
MI3_241101_TY1_1078_1_V03_1,외국인 한국 의료보험 이용 보고서 1 외국인환자 양질의의료서에 대해 알려주세요,0.0,0.0,0.0,0.0
MI3_241101_TY1_1078_2_V02-8_1,2.1 세부 이용 현황과 정책 개선 필요성에 대해 알려주세요,393.896728515625,631.9473876953125,1313.8372802734375,703.7191162109375
MI3_241101_TY1_1100_2_V01_1,유아 제품 순위표에 대해 알려주세요,357.3573913574219,738.4268188476562,1762.882568359375,492.9193420410156
MI3_241101_TY1_1122_1_V03_1,고정 브로드밴드 속도에 대해 알려주세요,385.87518310546875,1817.2215576171875,1712.281005859375,488.6145935058594
MI3_241101_TY1_1144_1_V02-2_1,2020년 6월 한국인의 비만율에 대해 알려주세요,380.29083251953125,2363.374755859375,1333.8426513671875,477.05615234375
MI3_241101_TY1_1149_1_V02-1_1,2020년 6월 주요 소비 항목 분석 차트(세로 막대형)에 대해 알려주세요,374.26275634765625,1839.7890625,1729.149658203125,728.8650512695312
MI3_241101_TY1_1149_2_V01_1,월별 소비 경향에 따른 소비 금액에 대해 알려주세요,361.0635986328125,1810.171142578125,1770.1805419921875,478.85595703125
MI3_241101_TY1_1200_1_V01_1,2020년 7월 회사 유보금 관련 보고서 본문 표에 대해 알려주세요,359.0553894042969,2151.79638671875,1642.911376953125,441.67236328125
MI3_241101_TY1_1230_2_V01_2,2.2 경제 지원 정책에 대해 알려주세요,357.4794921875,2580.076171875,1775.9459228515625,512.281005859375
MI3_241101_TY1_1244_1_V02-2_1,2020년 8월 한국 커피 소비 현황 보고서 7월 대비 커피 소비 변화 차트(가로 막대형)에 대해 알려주세요,383.5032653808594,2546.4951171875,1687.531982421875,493.177490234375
MI3_241101_TY1_1249_2_V02-4_1,2.2 온라인 교육 및 홈 엔터테인먼트의 중요성 주요 통계 차트(꺾은선형)에 대해 알려주세요,586.3754272460938,1127.267333984375,1420.3948974609375,820.0979614257812
MI3_241101_TY1_1252_1_V01_1,2020년 8월 회사 유보금 관련 보고서 A기업 유보금 현황 차트(세로 막대형)에 대해 알려주세요,357.5637512207031,2678.27490234375,1644.1748046875,451.119873046875
MI3_241101_TY1_1271_1_V03_1,2020년 9월 외국인 진학 관련 보고서 국제학생 다이어그램에 대해 알려주세요,399.3388671875,1196.94091796875,1677.9951171875,416.3991394042969
MI3_241101_TY1_1271_2_V01_1,대학 진학 인 대학교 및 대학원 진학 비율과 관련된 차트에 대해 알려주세요,354.1579895019531,412.7386169433594,2056.22802734375,525.06396484375
MI3_241101_TY1_1274_1_V02-1_1,2020년 9월 인사 보고서 2. 부서별 연간 인원 필요 산출 차트(가로 막대형)에 대해 알려주세요,368.32958984375,1996.2071533203125,1735.66748046875,1031.6917724609375
MI3_241101_TY1_1274_2_V02-2_1,실행 계획 및 채용 전략에 대해 알려주세요,384.6388854980469,1271.970458984375,1707.998046875,754.6224365234375
MI3_241101_TY1_1281_2_V01_1,2020년 9월 주요 정책 변화에 대한 차트(표) 타입에 대해 알려주세요,360.754638671875,2580.788818359375,1770.2183837890625,380.11962890625
MI3_241101_TY1_1299_2_V02-4_1,온라인 플랫폼의 성장 주요 통계 꺾은선형에 대해 알려주세요,379.13275146484375,1179.4471435546875,1689.32666015625,794.2061157226562
MI3_241101_TY1_1300_2_V03_1,사업 전략 수행 시점과 관련된 다이어그램에 대해 알려주세요,501.4554748535156,2366.125,1503.72314453125,751.974365234375
MI3_241101_TY1_1300_3_V03_1,결론 결론 다이어그램에 대해 알려주세요,388.2741394042969,2253.986572265625,1700.365966796875,711.8143920898438
MI3_241101_TY1_1302_1_V01_1,2020년 9월 회사 유보금 관련 보고서 본론 2020년 주요 기업의 유보금 현황 표에 대해 알려주세요,357.841796875,2133.954833984375,1645.4189453125,442.7211608886719
MI3_241101_TY1_1312_2_V03_1,주요 결과 요약 및 다이어그램에 대해 알려주세요.,517.4160766601562,1275.907958984375,1686.683349609375,486.1142578125
MI3_241101_TY1_1317_1_V01_1,2020년 10월 베스트셀러 목록과 판매량에 대해 알려주세요,360.160400390625,1325.0916748046875,1761.0579833984375,743.7716064453125
MI3_241101_TY1_1322_2_V03_1,제목에 따른 다이어그램에 대해 알려주세요,379.1325988769531,676.9305419921875,1671.471923828125,619.0557861328125
MI3_241101_TY1_1322_3_V01_1,한국에서 외국인 환자를 위한 의료 접근성 향상과 관련된 장정 VS 단점 오피오 더 나은 정보 시 신뢰증가 스템필요 안정적인 보험에 대해 알려주세요,0.0,0.0,0.0,0.0
MI3_241101_TY1_1391_2_V03_2,"제목과 소제목, 다이어그램에 대해 알려주세요",365.6724548339844,1432.1414794921875,1753.0645751953125,682.091064453125
MI3_241101_TY1_1394_2_V01_1,유아 장난감 시장 2020년 11월 유아 제품 순위표에 대해 알려주세요,358.5536804199219,986.4869995117188,1681.05224609375,493.8490295410156
MI3_241101_TY1_1411_1_V01_1,2020년 12월 산업재해 주요 원인 분석 표에 대해 알려주세요,356.2198486328125,2893.900146484375,1022.1427001953125,251.11058044433594
MI3_241101_TY1_1411_2_V01_1,2020년 12월 산업재해 예방 노력 및 성과 차트(표)에 대해 알려주세요,355.88427734375,1188.750732421875,1979.8294677734375,588.6634521484375
MI3_241101_TY1_1428_2_V02-2_1,년도 2022 2023 소비량 (TWh) 산업용 전기 소비 증가에 대해 알려주세요,404.67034912109375,1464.9974365234375,1667.58935546875,752.6563720703125
MI3_241101_TY1_1431_2_V01_2,2020년 12월 주요 정책 변화에 대해 알려주세요,360.1528625488281,2707.655029296875,1762.894287109375,379.910400390625
MI3_241101_TY1_1451_1_V02-1_1,2020년 12월 회사 소비 보고서 1. 주요 소비 항목 분석 차트(세로 막대형)에 대해 알려주세요,380.9541015625,1838.921875,1708.012451171875,728.5908203125
MI3_241101_TY1_1451_2_V01_1,2. 월별 소비 경향에 대한 금액 및 비율 차트를 알려주세요.,362.2587890625,1728.8548583984375,1743.69384765625,481.3558349609375
MI3_241101_TY1_1455_1_V03_1,기술과 인간성의 평가 기준: 다이어그램에 대해 알려주세요,366.02899169921875,2248.49267578125,1755.4906005859375,805.63134765625
MI3_241101_TY1_1455_2_V03_1,기술과 인간성의 비교 영화 다이어그램에 대해 알려주세요,0.0,0.0,0.0,0.0
MI3_241101_TY1_1471_2_V01_1,경주 세계 문화 엑스포의 주요 세부 내용과 표에 대해 알려주세요,356.83660888671875,2411.3515625,1773.55126953125,645.927734375
MI3_241101_TY1_1474_1_V01_1,2020년 공포 영화 속 인간의 두려움과 생존에 대해 알려주세요,358.9471740722656,1508.469482421875,1939.1259765625,495.2516784667969
MI3_241101_TY1_1503_2_V01_1,양양 송이 축제의 주요 내용과 성과에 대해 알려주세요,356.47491455078125,2485.552978515625,1768.4334716796875,553.565673828125
MI3_241101_TY1_1508_2_V01_1,자동차 산업 기술에 대해 알려주세요,358.4250183105469,513.173095703125,1772.8687744140625,723.583740234375
MI3_241101_TY1_1511_2_V01_1,제조 산업 기술에 대한 기술 주요 특징 적용 분야 차트(세로 막대형)에 대해 알려주세요,358.1153869628906,514.0656127929688,1772.896484375,481.1283874511719
MI3_241101_TY1_1515_2_V01_1,진주 남강 유등 축제와 관련된 항목 세부 내용 표에 대해 알려주세요,355.9833984375,2035.78515625,1775.7674560546875,592.074951171875
MI3_241101_TY1_1520_1_V01_1,2020년 판타지 영화 속 세계관과 상징의 다이어그램에 대해 알려주세요,361.58709716796875,1508.6796875,1772.481689453125,629.488525390625
MI3_241101_TY1_1602_1_V03_1,2021년 2월 인터넷 속도 상세 분석 보고서에 대한 다이어그램에 대해 알려주세요.,367.38330078125,1859.3671875,1811.61767578125,762.0302734375
MI3_241101_TY1_1648_1_V01_1,2021년 3월 아이들 베스트셀러 보고서 서론 출판 권장 순위 책 제목 저자 출판사 장르 연도 연령 표에 대해 알려주세요,357.328125,1247.821533203125,1769.447509765625,982.930419921875
MI3_241101_TY1_1692_2_V01_1,부서별 인력 배치에 대해 알려주세요,370.2414855957031,2607.202392578125,1920.4339599609375,478.000244140625
MI3_241101_TY1_1712_1_V02-2_1,일본 문화 보고서의 주요 문화 트렌드와 경제적 영향에 대한 차트(가로 막대형)에 대해 알려주세요,380.42877197265625,916.4652709960938,1734.166015625,1005.46826171875
MI3_241101_TY1_1712_2_V02-3_1,일본 주요 문화 이벤트 참가자 분포 원형 차트에 대해 알려주세요,377.771484375,1838.6944580078125,1715.067138671875,913.0040283203125
MI3_241101_TY1_1718_1_V01_1,2021년 4월 청소년 교육 보고서의 표 2021년 4월 한국 청소년의 학습 환경 변화에 대해 알려주세요,356.25360107421875,2513.589111328125,1767.879150390625,422.6123046875
MI3_241101_TY1_1718_2_V01_1,"학업 성취도와 스트레스, 2021년 4월 청소년 정신 건강 상태의 변화율에 대해 알려주세요.",357.831298828125,2076.25830078125,1777.602783203125,456.3464050292969
MI3_241101_TY1_1721_2_V01_1,급식 만족도 조사 결론 본문 차트에 대해 알려주세요,356.514892578125,1497.16796875,1765.275146484375,426.8575439453125
MI3_241101_TY1_1747_2_V01_1,부서별 성과 및 향후 계획 본문 표에 대해 알려주세요,370.5730285644531,2607.16064453125,1920.14599609375,478.0444030761719
MI3_241101_TY1_1747_3_V01_1,의 5. 결론 및 향후 전략에 대해 알려주세요,356.94696044921875,1004.542724609375,1770.544189453125,1257.3902587890625
MI3_241101_TY1_1801_2_V03_1,부서별 성과 및 향후 계획 차트에 대해 알려주세요,355.04547119140625,520.1898193359375,2031.6060791015625,1737.0059814453125
MI3_241101_TY1_1801_3_V01_1,5.2 향후 전략 본문 차트에 대해 알려주세요,357.18341064453125,1076.791748046875,1769.3709716796875,1256.117919921875
MI3_241101_TY1_1816_1_V03_1,2021년 6월 외국인 진학 관련 보고서 학문 경향 국제 학생 정책 개선 다이어그램에 대해 알려주세요,392.82733154296875,1039.5738525390625,1703.47705078125,602.1396484375
MI3_241101_TY1_1816_2_V01_1,3. 전공 분야별 진학 현황 표에 대해 알려주세요,353.282958984375,587.7227172851562,1800.07763671875,666.6554565429688
MI3_241101_TY1_1829_1_V01_1,2021년 6월 청장년 대출 현황 보고서 2. 대출 금액 변화 분석 표에 대해 알려주세요,359.00238037109375,2758.197998046875,1752.22509765625,199.744140625
MI3_241101_TY1_1829_2_V01_1,2.2 대출 유형별 비중 본문 표에 대해 알려주세요,354.03662109375,2576.39697265625,1770.27294921875,248.39256286621094
MI3_241101_TY1_1859_2_V01_1,3. 주요 결과 요약 본문 표에 대해 알려주세요,360.39093017578125,2458.636962890625,1760.062744140625,292.171142578125
MI3_241101_TY1_1880_2_V03_1,한국의 지역 재활성화 전략 다이어그램에 대해 알려주세요,385.142578125,2119.777099609375,1701.193115234375,637.47802734375
MI3_241101_TY1_1880_3_V01_1,2.2 탄소 중립 및 친환경 정책 본문 표에 대해 알려주세요,358.72369384765625,810.7203369140625,1768.10888671875,248.2572021484375
MI3_241101_TY1_1907_4_V01_1,패션 트렌드 주요 요소 비중 (%) 차트에 대해 알려주세요,357.83441162109375,489.7688903808594,1763.6405029296875,848.904541015625
MI3_241101_TY1_1917_3_V01_2,6. 표 본문 차트에 대해 알려주세요,358.54888916015625,1880.884765625,1765.903564453125,247.73777770996094
MI3_241101_TY1_1927_1_V01_1,2021년 8월 인사 보고서 부서별 연간 인원 필요 산출 차트(세로 막대형)에 대해 알려주세요,359.1805114746094,1405.7373046875,1764.6036376953125,486.7821044921875
MI3_241101_TY1_1927_2_V01_1,연간 인사 고과 평가와 총 우수 보통 개선 부서명 인 평가에 대해 알려주세요,362.22021484375,572.8900146484375,1760.93603515625,668.3524780273438
MI3_241101_TY1_1944_1_V01_1,2021년 8월 한국 문구류 수입 보고서 주요 수입 국가 차트(세로 막대형)에 대해 알려주세요,0.0,0.0,0.0,0.0
MI3_241101_TY1_1944_2_V02-3_1,4. 문구류 수입 품목별 비율에 대해 알려주세요,611.2969970703125,678.8587036132812,608.3311157226562,650.4074096679688
MI3_241101_TY1_1985_2_V02-4_1,에너지소비 증가 꺾은선형에 대해 알려주세요,755.5230102539062,1445.333984375,959.3241577148438,833.9671020507812
MI3_241101_TY1_1998_2_V02-3_1,4. 문구류 수입 품목별 비율 차트(원형)에 대해 알려주세요,593.1075439453125,677.0590209960938,1436.843994140625,661.9329223632812
MI3_241101_TY1_2002_2_V01_1,2021년 9월 유아 제품 순위표 차트에 대해 알려주세요,354.608154296875,887.9929809570312,1682.7869873046875,294.0955810546875
MI3_241101_TY1_2006_1_V01_1,2021년 9월 해외 관람객 한국 인기 지역 순위 보고서에 대해 알려주세요,355.85614013671875,2360.0556640625,1778.061279296875,489.2875671386719
MI3_241101_TY1_2008_2_V03_1,성과 분석 및 고객 서비스 개선에 대해 알려주세요,496.998779296875,2482.364013671875,1643.4771728515625,332.84033203125
MI3_241101_TY1_2008_3_V01_1,사업 구분 예산금액 주요 사용처에 대해 알려주세요,354.7745361328125,414.47137451171875,1521.271484375,245.6023406982422
MI3_241101_TY1_2010_1_V01_1,2021년 9월 회사 유보금 관련 보고서 본문 표에 대해 알려주세요,357.7974548339844,2127.953125,1646.4560546875,442.74365234375
MI3_241101_TY1_2024_3_V02-3_1,제철 식재료 트렌드에 대해 알려주세요.,517.8193359375,1612.1878662109375,919.82861328125,738.152099609375
MI3_241101_TY1_2026_2_V03_1,학대 피해 아동의 연령및성별분포 다이어그램에 대해 알려주세요,361.8468017578125,663.1749267578125,1675.4407958984375,472.46759033203125
MI3_241101_TY1_2030_1_V01_1,2021년 10월 연구 보고서 본문 표에 대해 알려주세요,357.43853759765625,2528.307373046875,1544.12841796875,296.1904296875
MI3_241101_TY1_2030_2_V01_2,대조군 및 실험군 선정 차트에 대해 알려주세요,365.0302429199219,766.3442993164062,1769.3251953125,293.74713134765625
MI3_241101_TY1_2030_3_V01_1,최종결론 및 권장 사항 A 기반 수요 예측 모델에 대해 알려주세요,361.098388671875,2046.5438232421875,1937.477783203125,540.5684814453125
MI3_241101_TY1_2048_1_V01_1,2021년도 10월 퇴사인원 보고서의 본문과 관련하여 이 표에 대해 알려주세요,372.6549987792969,747.302490234375,2019.1822509765625,813.9788818359375
MI3_241101_TY1_2048_2_V01_2,근속 기간에 따른 퇴사 사유 분석 차트(가로 막대형)에 대해 알려주세요,360.0407409667969,513.9740600585938,2026.810791015625,634.4335327148438
MI3_241101_TY1_2048_3_V01_1,개발부에서는 1명의 퇴사자가 발생한 이유와 영업부 및 인사부의 퇴사 원인에 대한 차트(세로 막대형)에 대해 알려주세요,360.7746887207031,460.26824951171875,2040.575439453125,2599.149658203125
MI3_241101_TY1_2048_4_V01_1,신입사원 적응 지원 프로그램과 경력 개발 방안에 대해 알려주세요,369.55352783203125,462.5721435546875,2022.9925537109375,2504.81396484375
MI3_241101_TY1_2060_1_V01_1,2021년 10월 해외 관람객 한국 인기 지역 순위 보고서에 대해 알려주세요,354.9530944824219,2433.953369140625,1774.5135498046875,453.1867370605469
MI3_241101_TY1_2087_2_V03_1,의료 교육과 정책 개선 필요성에 대한 다이어그램에 대해 알려주세요,366.47821044921875,611.0829467773438,1672.1475830078125,718.6880493164062
MI3_241101_TY1_2114_1_V03_1,2021년 11월 해외 관람객 한국 인기 지역 순위 보고서에 대해 알려주세요,380.06304931640625,1465.9476318359375,1708.6893310546875,432.9644775390625
MI3_241101_TY1_2134_2_V03_1,아동학대 피해자 프로필 다이어그램에 대해 알려주세요,387.1809997558594,1796.94189453125,1707.2279052734375,714.6253662109375
MI3_241101_TY1_2135_1_V01_1,2021년 12월 베스트셀러 목록 표에 대해 알려주세요,357.87896728515625,1323.2293701171875,1771.3134765625,823.9466552734375
MI3_241101_TY1_2155_2_V02-1_1,2021년 12월 기준 통신장비 시장의 매출 차트에 대해 알려주세요,372.5516662597656,1390.854736328125,1751.103271484375,703.9476318359375
MI3_241101_TY1_2168_1_V01_1,2021년 12월 해외 관람객 한국 인기 지역 순위 보고서 2. 해외 관람객 인기 지역 순위에 대해 알려주세요,356.40423583984375,2284.035400390625,1765.9090576171875,517.44775390625
MI3_241101_TY1_2197_2_V01_1,제목에 관련된 기술 주요 특징 및 적용 분야 차트에 대해 알려주세요,361.333740234375,512.4933471679688,1748.8568115234375,532.9500122070312
MI3_241101_TY1_2210_2_V01_1,부산 불꽃 축제에 대한 표에 대해 알려주세요,357.4560546875,2335.046875,1787.80859375,544.7919311523438
MI3_241101_TY1_2220_2_V01_1,스마트 도시 기술에 대한 표에 대해 알려주세요,359.8097839355469,512.2463989257812,1769.6475830078125,663.9616088867188
MI3_241101_TY1_2223_2_V01_1,기술 주요 특징 적용 분야 선수의 실시간 신체 데이터를 측정해 경기력 개선에 대한 차트(세로 막대형)에 대해 알려주세요,358.6142883300781,814.0401611328125,1730.0762939453125,500.1295166015625
MI3_241101_TY1_2230_2_V01_1,여행 산업의 기술 주요 특징 적용 분야에 대해 알려주세요.,357.77734375,513.7661743164062,1744.8658447265625,691.6408081054688
MI3_241101_TY1_2243_1_V03_1,2021년 영화 속 인류와 환경: 다이어그램에 대해 알려주세요,368.68206787109375,2237.02734375,1754.3212890625,871.04833984375
MI3_241101_TY1_2243_3_V01_1,영화 속 인류와 환경에 대한 경고의 강도를 비교한 차트에 대해 알려주세요.,0.0,0.0,0.0,0.0
MI3_241101_TY1_2251_2_V01_1,인천 펜타포트 락 페스티벌에 대한 표에 대해 알려주세요,357.05487060546875,2260.237060546875,1779.976318359375,543.7080078125
MI3_241101_TY1_2259_2_V01_1,2. 분석 대상 클라우드 컴퓨팅 기술에 대해 알려주세요,358.1623229980469,512.7753295898438,1777.8045654296875,609.4030151367188
MI3_241101_TY1_2268_1_V01_1,2021년 한국 무선 이어폰 인기 순위 보고서 본론 표에 대해 알려주세요,359.1943359375,1187.7547607421875,1775.443359375,645.388916015625
MI3_241101_TY1_2269_1_V01_1,2021년 한국 무선 청소기 인기 순위 보고서 본론 표에 대해 알려주세요,359.59271240234375,1189.072021484375,1754.0953369140625,645.0827026367188
MI3_241101_TY1_2270_1_V01_1,2021년 한국 블렌더 인기 순위 보고서 본론 차트에 대해 알려주세요,358.22412109375,1111.744384765625,1768.380126953125,648.097900390625
MI3_241101_TY1_2271_1_V01_1,2021년 한국 블루투스 스피커 인기 순위 보고서 본론 차트(세로 막대형)에 대해 알려주세요,358.6377258300781,1337.3426513671875,1747.6219482421875,647.2470703125
MI3_241101_TY1_2292_1_V01_1,2021년 한국 태블릿 인기 순위 보고서 본론 차트에 대해 알려주세요,358.5306396484375,1189.56640625,1778.3970947265625,643.1491088867188
MI3_241101_TY1_2292_2_V02-3_1,2021년 한국 태블릿 시장에 대한 차트(원형)에 대해 알려주세요,0.0,0.0,0.0,0.0
MI3_241101_TY1_2331_1_V01_1,2022년 1월 청장년 대출 현황 보고서 표에 대해 알려주세요,356.2998046875,2764.47216796875,1765.5267333984375,151.7412109375
MI3_241101_TY1_2331_2_V02-3_1,대출 유형별 비중과 청장년 대출 비율 차트에 대해 알려주세요,356.976318359375,2772.021240234375,1770.990478515625,247.85667419433594
MI3_241101_TY1_2342_2_V03_1,안전성 중심 유아제품 시장에 대해 알려주세요,379.21539306640625,2405.76904296875,1714.3221435546875,283.7057800292969
MI3_241101_TY1_2364_1_V02-1_1,2022년 2월 수출 보고서 2. 수출 데이터 요약 차트(세로 막대형)에 대해 알려주세요,374.64178466796875,1692.3843994140625,1710.9732666015625,786.2276000976562
MI3_241101_TY1_2364_2_V01_1,주요 수출 시장 및 품목 분석 차트에 대해 알려주세요,362.27032470703125,890.1744384765625,1756.4769287109375,371.4053955078125
MI3_241101_TY1_2364_4_V02-3_1,주요 제품군 성과 표 차트(원형)에 대해 알려주세요,634.9502563476562,1111.5882568359375,1469.945556640625,893.766357421875
MI3_241101_TY1_2364_5_V02-1_1,향후 계획 및 예상 성장률에 대한 예상 수출액과 성장률 차트(세로 막대형)에 대해 알려주세요.,416.4201354980469,1311.7418212890625,1597.4541015625,850.975830078125
MI3_241101_TY1_2389_2_V03_1,KCAL 과잉섭취 건강 영향 결핍 영향에 대한 다이어그램에 대해 알려주세요,397.9765625,599.6177368164062,1663.1885986328125,712.8222045898438
MI3_241101_TY1_2395_1_V01_1,2022년 2월 한국 문구류 수입 보고서의 프리미엄 필기구 및 신학기 대비 학습용 친환경 문구류 소비자 선호 변화에 대해 알려주세요,0.0,0.0,0.0,0.0
MI3_241101_TY1_2395_2_V02-3_1,4. 문구류 수입 품목별 비율에 대해 알려주세요.,609.5049438476562,754.36376953125,621.0741577148438,653.4637451171875
MI3_241101_TY1_2399_2_V03_1,결론 다이어그램에 대해 알려주세요,377.9144287109375,2570.359130859375,1598.8875732421875,331.14453125
MI3_241101_TY1_2407_1_V02-1_1,2022년 2월 소비 항목별 지출 분석 차트(세로 막대형)에 대해 알려주세요,382.5664367675781,1516.7904052734375,1550.03759765625,723.4921875
MI3_241101_TY1_2407_2_V01_2,주차별 소비 경향에 대해 알려주세요,362.2260437011719,610.8892822265625,1721.7484130859375,558.6566162109375
MI3_241101_TY1_2410_1_V02-3_3,2022년 2월 출산 현황 개요에 대해 알려주세요,1249.7178955078125,1657.974853515625,861.25341796875,548.024658203125
MI3_241101_TY1_2415_2_V03_1,성과요약 향후 계획 마케팅에 대해 알려주세요,357.9250793457031,413.9851379394531,2025.3165283203125,1255.9677734375
MI3_241101_TY1_2415_3_V01_1,주요 성과 표에 대해 알려주세요,358.6205749511719,727.0401000976562,1676.84423828125,391.23956298828125
MI3_241101_TY1_2419_1_V02-4_1,2022년 3월 안전 관리 예방활동의 개선 방안에 대해 알려주세요,364.0610656738281,1029.1307373046875,1737.5799560546875,142.1531982421875
MI3_241101_TY1_2419_2_V03_1,4. 향후 대응 방안 다이어그램에 대해 알려주세요,521.5802612304688,2296.5068359375,1685.1688232421875,508.93310546875
MI3_241101_TY1_2425_2_V01_1,3. 아동학대 유형별 발생 통계에 대해 알려주세요,361.4103088378906,762.22607421875,1643.9393310546875,359.97052001953125
MI3_241101_TY1_2428_1_V01_1,2022년 3월 여행지와 맛집 보고서 본론 표에 대해 알려주세요,360.3255310058594,1629.5216064453125,1995.5994873046875,1164.1324462890625
MI3_241101_TY1_2434_2_V02-4_1,제목에 대해 알려주세요. 차트(꺾은선형)에 대해 알려주세요.,567.6199951171875,2133.85595703125,1323.6514892578125,707.7421875
MI3_241101_TY1_2453_2_V01_1,항목 세부 내용과 대형 베이커리 브랜드의 표에 대해 알려주세요,359.7993469238281,2102.166259765625,1766.076416015625,813.85498046875
MI3_241101_TY1_2466_1_V03_1,2022년 3월 회사 재무지표 보고서 2. 주요 재무 지표 사업 개요에 대해 알려주세요,379.2839050292969,878.0051879882812,1701.84716796875,437.03802490234375
MI3_241101_TY1_2466_2_V01_2,영업활동 현금흐름 및 투자활동 현금흐름에 대한 표에 대해 알려주세요,356.3188781738281,1414.285400390625,1602.7127685546875,246.35679626464844
MI3_241101_TY1_2469_1_V03_1,2022년 4월 2차전지 산업 심층 보고서의 차트 분석에 대해 알려주세요,352.0459289550781,2157.288818359375,1557.4735107421875,379.4042663574219
MI3_241101_TY1_2470_1_V01_1,2022년 4월 패션 유행 보고서 서론 하위 요소 설명에 대해 알려주세요,361.5533752441406,2487.36669921875,1762.37109375,333.667724609375
MI3_241101_TY1_2470_2_V01_1,2022년 4월 패션의 비비드 컬러에 대한 표에 대해 알려주세요,360.93017578125,1330.3929443359375,1770.755126953125,275.396484375
MI3_241101_TY1_2478_1_V02-2_1,2022년 4월 수출 보고서 2. 수출 데이터 요약 차트(가로 막대형)에 대해 알려주세요,399.226806640625,1619.8944091796875,1663.5955810546875,963.2637329101562
MI3_241101_TY1_2478_2_V02-1_1,3. 주요 수출 시장 및 품목 분석 차트(영역형)에 대해 알려주세요,373.778076171875,1419.431396484375,1739.346435546875,783.4342041015625
MI3_241101_TY1_2478_4_V02-1_1,"전자제품과 자동차 부품은 회사의 핵심 성장 동력으로서, 향후에도 지속적인 성장이 기대된다는 내용이 담긴 차트(세로 막대형)에 대해 알려주세요.",382.6486511230469,1820.7496337890625,1747.8216552734375,707.6257934570312
MI3_241101_TY1_2481_3_V01_2,보고서의 결론 부분에서 표 2. 2022년 4월 주요 국가별 식품안전 관련 정책 변화에 대해 알려주세요,356.02294921875,1829.61474609375,1755.899169921875,247.81590270996094
MI3_241101_TY1_2489_1_V01_1,외국인 한국 의료보험 이용 보고서 2. 이용현황 표에 대해 알려주세요,357.5105285644531,2248.609619140625,1804.970947265625,631.7145385742188
MI3_241101_TY1_2499_2_V03_1,지역 혁신 성장 전략에 대한 다이어그램에 대해 알려주세요.,392.8361511230469,2026.885986328125,1371.4007568359375,658.2659912109375
MI3_241101_TY1_2499_3_V03_1,균형 잡힌 정책 인구 감소 지역 불균형 다이어그램에 대해 알려주세요,386.525390625,1719.33837890625,1043.431884765625,630.9014282226562
MI3_241101_TY1_2515_1_V02-2_1,2022년 4월 한국인 건강 보고서의 상세 분석과 차트(가로 막대형)에 대해 알려주세요,377.633056640625,1277.762939453125,1731.85498046875,465.9345703125
MI3_241101_TY1_2521_1_V02-1_1,2022년 4월 회사 소비 보고서의 소비 항목별 지출 분석 차트(세로 막대형)에 대해 알려주세요,380.92364501953125,1834.361572265625,1473.510009765625,722.2355346679688
MI3_241101_TY1_2521_2_V01_1,부서별 지출 내역 표에 대해 알려주세요,361.44976806640625,611.2275390625,1581.0833740234375,556.5397338867188
MI3_241101_TY1_2521_3_V02-2_1,4. 소비 항목별 변화 분석 차트(가로 막대형)에 대해 알려주세요,0.0,0.0,0.0,0.0
MI3_241101_TY1_2523_1_V03_1,2022년 4월 회사 재무지표 보고서 1. 사업 개요 다이어그램에 대해 알려주세요,392.7433166503906,883.218017578125,1659.1729736328125,529.019287109375
MI3_241101_TY1_2523_2_V01_1,부채비율 현황 및 관련 통계에 대해 알려주세요.,356.4627685546875,489.2063903808594,1414.1566162109375,245.63145446777344
MI3_241101_TY1_2535_1_V02-2_1,2022년 5월 수출 보고서 1. 요약 5월 수출 실적 요약표 차트(가로 막대형)에 대해 알려주세요,396.62542724609375,1689.313720703125,1678.1434326171875,897.84228515625
MI3_241101_TY1_2535_2_V01_1,3. 주요 수출 시장 및 품목 분석에 대해 알려주세요,363.2005310058594,993.346923828125,1758.8719482421875,470.0265808105469
MI3_241101_TY1_2535_4_V02-2_1,6. 결론 및 향후 계획 관련 차트(가로 막대형)에 대해 알려주세요,382.6062927246094,1905.89111328125,1753.0823974609375,712.5833740234375
MI3_241101_TY1_2544_1_V03_1,5월 주요 영화 및 관람객 수 비교에 대해 알려주세요,371.359130859375,2077.1484375,1753.158447265625,522.076171875
MI3_241101_TY1_2546_1_V03_1,외국인 한국 의료보험 이용 보고서의 다이어그램에 대해 알려주세요,385.6722717285156,839.1223754882812,1478.5611572265625,499.85791015625
MI3_241101_TY1_2546_2_V02-1_1,2.1 세부 이용 현황 국가에서 외국인 차트(세로 막대형)에 대해 알려주세요,0.0,0.0,0.0,0.0
MI3_241101_TY1_2549_1_V01_1,2022년 5월 인사 보고서 부서별 연간 인원 필요 산출에 대해 알려주세요,358.9695739746094,1405.8189697265625,1765.1756591796875,486.9465026855469
MI3_241101_TY1_2549_2_V02-2_1,실행 계획 및 채용 전략 본문 차트(가로 막대형)에 대해 알려주세요,388.6564636230469,1261.3140869140625,1725.38916015625,761.6455688476562
MI3_241101_TY1_2560_2_V01_1,영양소 권장 섭취량과 급식 제공량 표에 대해 알려주세요,356.8194580078125,1369.4044189453125,1760.6358642578125,427.207275390625
MI3_241101_TY1_2586_2_V01_1,부서별 인력 배치 배치 현황 표에 대해 알려주세요,369.1300964355469,2066.006591796875,1924.2288818359375,655.925048828125
MI3_241101_TY1_2586_3_V01_2,2023년 전략에 대해 알려주세요.,358.6205749511719,727.0401000976562,1676.84423828125,391.23956298828125
MI3_241101_TY1_2598_2_V02-2_1,주요 통계 앱 결론 차트(가로 막대형)에 대해 알려주세요,390.8042907714844,607.44384765625,1705.2357177734375,687.0116577148438
MI3_241101_TY1_2613_2_V01_1,재정 운영 정책 차트에 대해 알려주세요,356.2421569824219,812.8035278320312,1768.0797119140625,295.09625244140625
MI3_241101_TY1_2613_3_V01_1,"지자체 탄소 중립 목표 연도 대중교통 확충, 녹색 건축물 확산 차트에 대해 알려주세요",357.7085266113281,414.53546142578125,1767.96826171875,247.74913024902344
MI3_241101_TY1_2643_3_V01_2,2023년 향후 전략에 대한 표에 대해 알려주세요,358.6205749511719,727.0401000976562,1676.84423828125,391.23956298828125
MI3_241101_TY1_2653_2_V01_1,아동학대 유형별 발생 통계 차트에 대해 알려주세요,359.7491149902344,762.966796875,1633.7955322265625,490.6575927734375
MI3_241101_TY1_2698_1_V03_1,2022년 8월 패션 유행 보고서 서론 트랜지셔널 니트 어스톤 컬러 레이어드 악세사리에 대해 알려주세요,471.8274230957031,942.6046142578125,1534.4156494140625,147.767333984375
MI3_241101_TY1_2698_2_V01_2,레이어드 악세서리와 관련된 하위 요소 설명 비중 (%)에 대해 알려주세요,359.8283996582031,878.4358520507812,1751.4110107421875,182.26690673828125
MI3_241101_TY1_2733_1_V02-2_1,2022년도 8월 퇴사인원 보고서 서론 과장급 대리급 사원급 차트(가로 막대형)에 대해 알려주세요,369.0827941894531,1835.0555419921875,1777.736572265625,602.7342529296875
MI3_241101_TY1_2733_5_V01_1,2022년 8월 퇴사 인원 분석 결과에 대해 알려주세요,360.1097717285156,412.6224365234375,2029.2501220703125,636.6767578125
MI3_241101_TY1_2766_2_V01_1,3. 아동학대 유형별 발생 통계 본문 표에 대해 알려주세요,359.8396301269531,737.6773681640625,1695.1593017578125,376.12158203125
MI3_241101_TY1_2773_1_V01_1,외국인 한국 의료보험 이용 보고서의 2. 이용현황 일반진료 비율에 대해 알려주세요,358.93890380859375,2250.443115234375,1698.723388671875,565.565673828125
MI3_241101_TY1_2773_2_V03_1,의료접근성에 대해 알려주세요,0.0,0.0,0.0,0.0
MI3_241101_TY1_2776_1_V02-1_1,2022년 인사 보고서 3. 연간 인사 고과 평가 차트(세로 막대형)에 대해 알려주세요,385.92645263671875,2618.69580078125,1397.17041015625,502.1745300292969
MI3_241101_TY1_2776_2_V01_1,4. 실행 계획 및 채용 전략에 대해 알려주세요,360.05767822265625,504.75543212890625,1765.40576171875,911.113525390625
MI3_241101_TY1_2807_1_V02-2_1,2022년 9월 회사 출산 및 휴가 보고서 2022년 9월 출산 현황 분석 여성 출산 휴가 사용 남성 출산 휴가 사용에 대해 알려주세요,373.5,2413.68212890625,1704.166748046875,367.2243347167969
MI3_241101_TY1_2825_1_V01_1,2022년 10월 여행지와 맛집 보고서 본론 차트에 대해 알려주세요,355.6594543457031,1632.271484375,2002.7716064453125,1227.1932373046875
MI3_241101_TY1_2826_1_V03_1,실험 절차 및 방법론 다이어그램에 대해 알려주세요,391.0575866699219,907.5505981445312,1907.46044921875,1039.22021484375
MI3_241101_TY1_2826_2_V03_1,대조군 및 실험군 선정 다이어그램에 대해 알려주세요,360.522705078125,1691.4293212890625,1389.81982421875,482.0088806152344
MI3_241101_TY1_2832_1_V01_1,2022년 10월 인터넷 속도 상세 분석 보고서의 주요 인터넷 속도 지표 다이어그램에 대해 알려주세요,358.42730712890625,1096.222900390625,1451.7734375,286.1639404296875
MI3_241101_TY1_2841_1_V01_1,2022년 10월 청장년 대출 현황 보고서의 본문과 연도별 대출 금액에 대한 표에 대해 알려주세요,354.8766784667969,2839.4287109375,1768.381591796875,152.791748046875
MI3_241101_TY1_2841_2_V03_1,2.2 대출 유형별 비중에 대해 알려주세요.,423.2408447265625,879.4992065429688,1633.6112060546875,1026.407470703125
MI3_241101_TY1_2886_1_V02-1_1,2022년 11월 인사 보고서 2. 부서별 연간 인원 필요 산출 차트(가로 막대형)에 대해 알려주세요,372.418701171875,2054.78955078125,1721.2069091796875,725.384521484375
MI3_241101_TY1_2886_2_V01_1,연간 인사 고과 평가에 대해 알려주세요.,361.25213623046875,573.1896362304688,1761.908447265625,666.6369018554688
MI3_241101_TY1_2886_3_V01_1,채용 목표 교육 및 훈련 프로그램 표에 대해 알려주세요,362.6626892089844,1721.2369384765625,1749.809814453125,771.7247314453125
MI3_241101_TY1_2887_1_V02-2_1,한국의 브로드밴드 속도와 글로벌 평균에 대한 차트에 대해 알려주세요.,388.6803283691406,1916.8604736328125,1507.4351806640625,681.5457153320312
MI3_241101_TY1_2896_1_V01_1,2022년 11월 청장년 대출 현황 보고서 연도 대출 금액 변화 분석 표에 대해 알려주세요,354.5483703613281,2839.62890625,1769.585205078125,152.90478515625
MI3_241101_TY1_2896_2_V01_1,3. 연령대별 평균 대출 금액에 대해 알려주세요,354.23529052734375,2803.52783203125,1758.5655517578125,248.16477966308594
MI3_241101_TY1_2899_1_V02-2_1,2022년도 11월 퇴사인원 보고서 직급별 퇴사 인원 현황 차트(가로 막대형)에 대해 알려주세요,371.1567077636719,1864.7242431640625,2003.6182861328125,452.5020751953125
MI3_241101_TY1_2899_2_V02-1_1,근속 기간에 따른 퇴사율 현황 차트(세로 막대형)에 대해 알려주세요,427.6801452636719,562.3070678710938,1851.5577392578125,783.520751953125
MI3_241101_TY1_2899_3_V01_1,부서별 현황 표에 대해 알려주세요,413.7470703125,1113.7030029296875,1959.9725341796875,1993.6353759765625
MI3_241101_TY1_2899_4_V01_2,퇴사 원인 분석 에 대해 알려주세요,362.8642578125,2227.424072265625,2022.8914794921875,735.50244140625
MI3_241101_TY1_2909_1_V02-3_1,2022년 한국 건강 지표 차트(원형)에 대해 알려주세요,376.594970703125,1279.033935546875,1732.3555908203125,460.93115234375
MI3_241101_TY1_2915_1_V01_1,2022년 11월 회사 유보금 관련 보고서 본문 표에 대해 알려주세요,359.791748046875,2443.2236328125,1641.4805908203125,441.6488952636719
MI3_241101_TY1_2922_2_V03_1,성과요약 향후 계획 마케팅 부 2억 원 매출과 관련된 다이어그램에 대해 알려주세요.,358.3883361816406,413.8997802734375,2024.707763671875,1256.2867431640625
MI3_241101_TY1_2922_3_V01_1,주요 성과와 관련된 표에 대해 알려주세요,358.6205749511719,727.0401000976562,1676.84423828125,391.23956298828125
MI3_241101_TY1_2953_1_V02-2_1,2022년도 12월 퇴사인원 보고서 직급별 퇴사 인원 현황 차트(가로 막대형)에 대해 알려주세요,383.7243347167969,2428.150634765625,1995.0252685546875,619.674072265625
MI3_241101_TY1_2953_2_V01_1,근속 기간 중 직원들의 퇴사 원인 본문에 대해 알려주세요,374.8819885253906,1423.410888671875,2004.5059814453125,1643.915771484375
MI3_241101_TY1_2953_3_V01_1,부서별 현황과 부서별 분석에 대해 알려주세요,405.435546875,1180.962158203125,1966.366455078125,1926.2813720703125
MI3_241101_TY1_2953_4_V01_1,신입 직원들의 조직 적응을 돕기 위해 온보딩 프로그램과 관련된 시각요소에 대해 알려주세요,366.8081359863281,411.572998046875,2011.7318115234375,1874.1474609375
MI3_241101_TY1_2953_5_V01_1,2022년 1월~12월 퇴사 인원 통계의 월 퇴사 인원에 대해 알려주세요,355.45037841796875,511.73443603515625,2041.1495361328125,1798.7020263671875
MI3_241101_TY1_2968_1_V02-1_1,2022년 12월 소비 항목별 지출 내역 차트(세로 막대형)에 대해 알려주세요,379.33734130859375,2064.755615234375,1540.7174072265625,724.178955078125
MI3_241101_TY1_2968_2_V01_2,주차별 소비 경향에 대해 알려주세요,360.9730529785156,2271.75927734375,1787.233154296875,477.11279296875
MI3_241101_TY1_2968_3_V02-1_1,4. 소비 항목 비교 분석 차트(세로 막대형)에 대해 알려주세요,0.0,0.0,0.0,0.0
MI3_241101_TY1_2973_2_V01_1,2022년 강릉 단오제의 주요 성과와 경제적 효과에 대해 알려주세요,359.3661804199219,2715.813232421875,1779.6416015625,292.249267578125
MI3_241101_TY1_2976_1_V01_3,개인정보 보호 및 보안 리스크 개인 정보 보호법의 최신 동향과 적용 방법에 대해 알려주세요,212.65744018554688,820.8650512695312,2032.09375,179.0810546875
MI3_241101_TY1_2978_1_V01_2,2022년 교육결과보고서 2. 교육개요에 대해 알려주세요,212.57008361816406,820.7672119140625,2032.0281982421875,179.29881286621094
MI3_241101_TY1_2983_1_V01_3,2022년 교육결과보고서 교육내용 차트(가로 막대형)에 대해 알려주세요,210.9105224609375,820.6344604492188,2031.9329833984375,180.05755615234375
MI3_241101_TY1_2999_3_V01_1,2022년 서울 빛초롱 축제의 주요 성과를 정리한 표에 대해 알려주세요.,357.9663391113281,1112.844482421875,1774.1666259765625,393.2192077636719
MI3_241101_TY1_3001_2_V03_1,지역 상권 경제적 효과에 대해 알려주세요,370.37969970703125,1048.4190673828125,1741.7840576171875,733.211181640625
MI3_241101_TY1_3014_1_V01_1,2022년 영화 속 시각적 효과 평가 기준에 대해 알려주세요,362.46063232421875,1584.2196044921875,1755.95556640625,428.2581787109375
MI3_241101_TY1_3014_2_V01_1,영화 제목 시각적 효과의 주요 역할 효과에 대해 알려주세요,360.4062194824219,414.75775146484375,1771.7545166015625,294.2868347167969
MI3_241101_TY1_3014_3_V03_1,와칸다의 세계관 확장 다이어그램에 대해 알려주세요,362.30572509765625,420.43115234375,1761.110107421875,664.367431640625
MI3_241101_TY1_3018_1_V01_1,2022년 영화 속 애니메이션 기술의 발전과 영향에 대해 알려주세요,360.45849609375,1352.493408203125,1739.774658203125,626.7499389648438
MI3_241101_TY1_3018_2_V01_1,영화 제목 애니메이션 기술의 주요 특징 효과에 대해 알려주세요,359.26019287109375,514.3065185546875,1770.700927734375,357.2920227050781
MI3_241101_TY1_3024_1_V01_1,2022년 영화 속 인간과 자연의 관계 묘사에 대한 표에 대해 알려주세요,361.0361633300781,1509.942626953125,1758.5623779296875,419.7090759277344
MI3_241101_TY1_3024_2_V01_1,3. 인간과 자연의 관계 묘사와 효과 비교에 대해 알려주세요,357.43743896484375,511.9069519042969,1770.730712890625,452.9346923828125
MI3_241101_TY1_3031_2_V03_1,2022년 이천 도자기 축제의 지역 상권 경제적 효과 다이어그램에 대해 알려주세요.,366.8680114746094,1046.9239501953125,1531.169677734375,641.8955078125
MI3_241101_TY1_3059_1_V01_2,2023년 1월 산업재해 주요 원인 분석과 관련된 표에 대해 알려주세요,355.6333923339844,2535.419677734375,1023.9374389648438,244.7451171875
MI3_241101_TY1_3059_2_V01_1,2023년 1월 산업재해 예방 노력 및 성과에 대해 알려주세요,355.6772766113281,662.2835693359375,1798.0257568359375,460.4716491699219
MI3_241101_TY1_3062_2_V01_1,3. 주요 결과 요약 통계 표에 대해 알려주세요,358.681396484375,1209.6116943359375,1771.7005615234375,359.68408203125
MI3_241101_TY1_3070_1_V01_1,2023년 1월 연구 보고서 연구 주제: 스마트 시티 인프라 구축의 효과 분석 표에 대해 알려주세요,359.21112060546875,2651.48583984375,1545.2706298828125,335.55712890625
MI3_241101_TY1_3070_2_V03_2,스마트 시티 인프라 도입 효과 평가 기준 다이어그램에 대해 알려주세요,356.42840576171875,1951.14111328125,1388.552978515625,395.579833984375
MI3_241101_TY1_3104_1_V01_1,2023년 회사 유보금 관련 보고서의 표에 대해 알려주세요.,357.6436462402344,2127.95849609375,1646.709716796875,442.4225769042969
MI3_241101_TY1_3116_1_V01_1,2023년 2월 생태계 물고기 보고서 본문 표에 대해 알려주세요,353.812744140625,1821.8594970703125,1769.28759765625,1038.6842041015625
MI3_241101_TY1_3116_2_V01_1,물고기 개체 수 감소의 원인 분석과 관련하여 표에 대해 알려주세요,0.0,0.0,0.0,0.0
MI3_241101_TY1_3126_1_V01_1,"연구 목표 및 가설에 대한 내용과 문헌 검토, 실험 방법론 차트에 대해 알려주세요",358.335205078125,2651.595458984375,1545.0546875,335.2121276855469
MI3_241101_TY1_3126_2_V01_1,연구 계획 및 자원 확보에 대한 표에 대해 알려주세요,357.8636779785156,993.7200317382812,1776.5106201171875,322.41033935546875
MI3_241101_TY1_3126_3_V01_1,본 연구의 결과에 대해 알려주세요,0.0,0.0,0.0,0.0
MI3_241101_TY1_3141_1_V01_1,2023년 2월 청장년 대출 현황 보고서 본문 표에 대해 알려주세요,356.61334228515625,2785.3837890625,1755.9478759765625,197.879150390625
MI3_241101_TY1_3141_2_V01_1,연령대 평균 대출 금액 및 상환 부담에 대해 알려주세요,355.16668701171875,2919.8837890625,1768.42578125,203.46533203125
MI3_241101_TY1_3141_3_V03_1,2023년 기준 대출 상담 프로그램 확대와 관련된 다이어그램에 대해 알려주세요,377.2478942871094,1499.7877197265625,1730.1031494140625,667.8093872070312
MI3_241101_TY1_3164_1_V03_1,2023년 3차전지 산업 심층 보고서의 2차전지 산업의 성장에 대해 알려주세요,377.6286926269531,1259.5174560546875,1727.6656494140625,489.5972900390625
MI3_241101_TY1_3164_2_V03_1,기술 발전 및 주요 이슈에 대한 다이어그램에 대해 알려주세요,0.0,0.0,0.0,0.0
MI3_241101_TY1_3164_3_V01_1,기술 분야 주요 특징 기대 효과 차트에 대해 알려주세요,356.45501708984375,908.1032104492188,1639.3463134765625,199.0959930419922
MI3_241101_TY1_3165_1_V01_1,2023년 3월 패션 유행 보고서의 하위 요소 설명 비중에 대해 알려주세요,363.2021789550781,2223.1318359375,1755.076171875,432.88037109375
MI3_241101_TY1_3165_2_V02-3_1,유틸리티패션 차트(원형)에 대해 알려주세요,738.5202026367188,1320.1185302734375,618.0586547851562,595.399658203125
MI3_241101_TY1_3165_3_V01_2,플로럴 패턴과 관련된 아이템에 대해 알려주세요,358.74261474609375,865.28515625,1774.28271484375,230.72288513183594
MI3_241101_TY1_3174_1_V02-1_1,2023년 3월 수출 보고서 2. 수출 데이터 요약 차트(세로 막대형)에 대해 알려주세요,1173.5965576171875,1692.7796630859375,848.9288330078125,499.256591796875
MI3_241101_TY1_3174_2_V02-8_1,수출액 변화에 대한 차트(혼합형)에 대해 알려주세요,375.9190368652344,451.48834228515625,888.6708984375,718.5740356445312
MI3_241101_TY1_3174_3_V02-1_1,5. 주요 제품군 성과 분석 차트(세로 막대형)에 대해 알려주세요,393.7910461425781,1245.94482421875,1638.1683349609375,882.9589233398438
MI3_241101_TY1_3176_3_V02-3_1,2023년 3월 결론과 향후 전망에 대해 알려주세요,400.2084045410156,1263.761474609375,1714.8460693359375,979.2962646484375
MI3_241101_TY1_3241_1_V01_1,외국인 한국 의료보험 이용 보고서 2. 이용현황 차트에 대해 알려주세요,358.90179443359375,2047.8563232421875,1754.446044921875,636.2161865234375
MI3_241101_TY1_3241_2_V03_1,3. 정책 개선 필요성 3. 정책 개선 필요성에 대해 알려주세요,393.4935607910156,678.0728759765625,1628.4105224609375,542.241455078125
MI3_241101_TY1_3251_1_V01_1,4월 청소년 교육 보고서 1. 2023년 4월 한국 청소년 교육 환경 분석 표에 대해 알려주세요,357.4751281738281,2362.860595703125,1775.947265625,446.3556823730469
MI3_241101_TY1_3251_2_V01_1,학업 성취도와 스트레스에 대한 표 2023년 4월 청소년의 정신 건강 상태 변화율에 대해 알려주세요,355.5553894042969,2116.2822265625,1764.755859375,387.224609375
MI3_241101_TY1_3254_2_V01_1,전반적인 건강에 기여하는 요인 영양소 권장 섭취량과 급식 제공량에 대해 알려주세요,358.3262023925781,1508.43798828125,1757.770263671875,424.032470703125
MI3_241101_TY1_3255_2_V02-4_1,3. 매출 분석 4. 주요 기업 분석 R&D 투자 꺾은선형 차트에 대해 알려주세요,387.60015869140625,615.650146484375,1707.833251953125,725.818603515625
MI3_241101_TY1_3256_1_V02-2_1,2023년도 4월 퇴사인원 보고서 직급별 퇴사 인원 현황 차트(가로 막대형)에 대해 알려주세요,378.0059814453125,1739.952392578125,2000.3626708984375,556.0046997070312
MI3_241101_TY1_3256_2_V02-1_1,부서별 현황을 나타내는 차트에 대해 알려주세요,602.9190673828125,2054.340087890625,1528.4483642578125,582.81689453125
MI3_241101_TY1_3256_3_V01_2,2023년 4월 동안 직원 퇴사 현황을 보여주는 차트에 대해 알려주세요,368.3080749511719,421.0275573730469,2004.76220703125,1755.5750732421875
MI3_241101_TY1_3272_1_V01_1,2023년 4월 회사 유보금 관련 보고서 본론 표에 대해 알려주세요,357.6109619140625,2127.926513671875,1646.812744140625,442.483642578125
MI3_241101_TY1_3276_1_V01_1,2023년 5월 2차전지 산업 심층 보고서 2. 시장 현황 및 전망 전기차 및 에너지 저장 시스템 관련 데이터에 대해 알려주세요,356.385986328125,2473.66162109375,1668.8626708984375,246.383544921875
MI3_241101_TY1_3276_2_V01_1,배터리 기술 발전 및 주요 이슈에 대해 알려주세요,353.1486511230469,2464.145263671875,1642.1429443359375,195.554931640625
MI3_241101_TY1_3283_1_V01_1,2023년 5월 산업재해 발생 현황 본문 표에 대해 알려주세요,355.4336853027344,2621.671630859375,1024.97412109375,245.41502380371094
MI3_241101_TY1_3283_2_V03_1,2023년 5월 산업재해 대응 방안에 대해 알려주세요,356.87060546875,811.7232055664062,1752.2132568359375,330.9885559082031
MI3_241101_TY1_3291_1_V02-2_1,2023년 5월 아이들 베스트셀러 보고서 2023년 5월 베스트셀러 책 판매 수 차트(가로 막대형)에 대해 알려주세요,377.9286804199219,2194.445068359375,1716.587890625,746.435546875
MI3_241101_TY1_3291_2_V01_1,2023년 5월 베스트셀러 목록에 대해 알려주세요,0.0,0.0,0.0,0.0
MI3_241101_TY1_3293_1_V01_1,2023년 5월 여행지와 맛집 보고서 본론 차트에 대해 알려주세요,355.6324157714844,1631.6370849609375,2002.3455810546875,1293.83642578125
MI3_241101_TY1_3293_2_V02-3_1,파리 뉴욕 로마 도쿄 두바이 차트(원형)에 대해 알려주세요,0.0,0.0,0.0,0.0
MI3_241101_TY1_3293_3_V03_1,"2. 뉴욕, 미국에 대해 알려주세요",533.3198852539062,2526.30615234375,1582.776123046875,592.9203491210938
MI3_241101_TY1_3293_6_V01_1,뉴욕과 도쿄의 미식 문화 비교에 대한 차트(세로 막대형)에 대해 알려주세요,0.0,0.0,0.0,0.0
MI3_241101_TY1_3295_1_V01_1,2023년 5월 영화 관람객 수 분석 보고서에서 관람객 전월 대비 월 주요 영화 제목과 증감률에 대해 알려주세요,357.61163330078125,1321.631591796875,1771.2633056640625,234.9757080078125
MI3_241101_TY1_3347_1_V02-2_1,2023년 6월 아이들 베스트셀러 보고서 2. 2023년 6월 베스트셀러 책 판매 수 차트(가로 막대형)에 대해 알려주세요,379.10791015625,2211.353515625,1704.0050048828125,743.5065307617188
MI3_241101_TY1_3349_2_V02-2_1,2023년 관람객 수에 대한 차트(가로 막대형)에 대해 알려주세요,380.22918701171875,2066.29443359375,1737.4285888671875,744.81298828125
MI3_241101_TY1_3352_1_V01_1,2023년 6월 외국인 진학 관련 보고서 2. 출신 국가별 진학 현황 차트(세로 막대형)에 대해 알려주세요,356.07000732421875,2001.6063232421875,1805.67724609375,670.5816040039062
MI3_241101_TY1_3352_2_V03_1,주요 분석: 다이어그램에 대해 알려주세요.,520.5958862304688,1803.7867431640625,1695.478759765625,542.0186157226562
MI3_241101_TY1_3356_1_V02-2_1,고정 브로드밴드 속도 개선에 대한 차트(가로 막대형)에 대해 알려주세요,384.9213562011719,1908.106689453125,1693.913330078125,525.5068359375
MI3_241101_TY1_3364_1_V01_1,2023년 6월 대출 보고서의 개요와 대출 의존도 차트에 대해 알려주세요,355.2036437988281,2917.29345703125,1765.2821044921875,200.72923278808594
MI3_241101_TY1_3364_2_V01_1,3.2 연령대별 대출 상환 부담에 대해 알려주세요,354.5852355957031,2807.076416015625,1763.9503173828125,248.41893005371094
MI3_241101_TY1_3371_2_V02-3_1,4. 문구류 수입 품목별 비율 차트(원형)에 대해 알려주세요,446.6269836425781,781.1507568359375,1688.8836669921875,930.7045288085938
MI3_241101_TY1_3388_1_V03_1,2023년 7월 2차전지 산업 심층 보고서 2차전지 산업 서에 대해 알려주세요,372.32928466796875,1164.2899169921875,1739.538330078125,435.822509765625
MI3_241101_TY1_3388_2_V01_1,기술 발전 및 주요 이슈 결론 및 향후 전망 차트에 대해 알려주세요,358.2911682128906,2193.242431640625,1673.9278564453125,198.26951599121094
MI3_241101_TY1_3396_1_V01_1,2023년 7월 생태계 물고기 주요 개체 수 변화 분석 표에 대해 알려주세요,356.9748229980469,1371.353515625,1955.1309814453125,1531.86181640625
MI3_241101_TY1_3410_1_V02-1_1,2023년 7월 인사 보고서 차트(세로 막대형)에 대해 알려주세요,372.2123718261719,2050.173583984375,1550.6181640625,732.03662109375
MI3_241101_TY1_3410_2_V01_1,3. 연간 인사 고과 평가에 대해 알려주세요,361.4717102050781,573.0910034179688,1762.185546875,668.2000732421875
MI3_241101_TY1_3433_1_V01_1,2023년 7월 해외 관람객 한국 인기 지역 순위 보고서에서 주요 관광 명소와 해외 관람객 수 추정치에 대해 알려주세요,355.4873046875,2284.903564453125,1804.0174560546875,526.736572265625
MI3_240725_TY2_0020_1_V02-4_1,희귀질환자 의료비 지원사업 차트(꺾은선형)에 대해 알려주세요,509.8059387207031,2669.036865234375,1444.9969482421875,540.3125
MI3_240725_TY2_0020_2_V01_1,지원항목 지원 금액 지원대상 차트(세로 막대형)에 대해 알려주세요,304.2720031738281,1139.7518310546875,1938.341064453125,398.0463562011719
MI3_240725_TY2_0020_3_V01_1,붙임1 희귀질환자 의료비지원사업 개요에서 다루어진 통계 데이터에 대해 알려주세요,255.32791137695312,2618.77490234375,1997.18798828125,561.672607421875
MI3_240725_TY2_0020_4_V01_1,상병코드 지원대상 질환명 비고에 대해 알려주세요,376.17022705078125,2447.053466796875,1758.314697265625,707.1181640625
MI3_240725_TY2_0034_2_V01_1,분야 시사점 및 모범사례 차트에 대해 알려주세요,231.34619140625,504.8225402832031,2019.903076171875,1704.0694580078125
MI3_240725_TY2_0039_1_V02-1_1,일본 STSS 환자 발생현황 차트(세로 막대형)에 대해 알려주세요,1262.9820556640625,524.0161743164062,958.3137817382812,587.32568359375
MI3_240725_TY2_0039_2_V02-8_1,최근 7년간 주별 국내 성홍일 환자 발생 추이 차트(혼합형)에 대해 알려주세요,261.8704833984375,2767.8369140625,1989.411376953125,330.833740234375
MI3_240725_TY2_0039_4_V01_1,T04 에 대해 알려주세요,234.92771911621094,1738.1873779296875,2005.38232421875,573.0408935546875
MI3_240725_TY2_0053_1_V01_2,담당 부서 정보 표에 대해 알려주세요,279.5676574707031,2149.05419921875,1924.3695068359375,324.791015625
MI3_240725_TY2_0053_2_V01_1,참고 1 국가관리 대상 희귀질환 지정 세부절차 및 일정에 대해 알려주세요,0.0,0.0,0.0,0.0
MI3_240725_TY2_0053_3_V01_2,당해연도 지정심의 지정 미지정 익년도 1년 후 재심의(10) 재신청 차트(가로 막대형)에 대해 알려주세요,0.0,0.0,0.0,0.0
MI3_240725_TY2_0076_1_V02-8_1,재원중 위중증 환자 및 사망자 발생 현황 차트(혼합형)에 대해 알려주세요,259.86212158203125,2136.1171875,1918.984375,519.6650390625
MI3_240725_TY2_0076_2_V02-8_1,주간 위중증 환자 및 사망자 발생 현황 차트(혼합형)에 대해 알려주세요,267.8829650878906,377.8814697265625,1940.5643310546875,712.955078125
MI3_240725_TY2_0076_4_V02-4_1,병상가동률 차트(꺾은선형)에 대해 알려주세요,1268.4708251953125,1149.6268310546875,997.2066650390625,532.4043579101562
MI3_240725_TY2_0086_2_V01_1,2023년 우리나라 이상기후에 의한 피해 현황과 관련된 차트(표)에 대해 알려주세요,232.47686767578125,507.6074523925781,2039.6103515625,2682.626220703125
MI3_240725_TY2_0086_3_V01_1,2023년 이상저온 이상고온 발생여부 차트(세로 막대형)에 대해 알려주세요,230.9955596923828,445.11676025390625,1999.7685546875,2665.798828125
MI3_240725_TY2_0086_4_V01_1,최근 10년간 해수면온도 순위에 대해 알려주세요,229.79446411132812,570.3037109375,2021.67431640625,1415.9560546875
MI3_240725_TY2_0086_5_V01_1,구분 주요 내용 보고서 개요 에 대해 알려주세요,267.4253234863281,1473.345703125,1866.051025390625,1731.6669921875
MI3_240725_TY2_0126_1_V02-8_1,2023년 온열질환자수 및 평균최고기온 추이에 대해 알려주세요,269.71142578125,2407.57861328125,1933.0194091796875,708.031005859375
MI3_240725_TY2_0126_3_V01_1,운영 결과 표에 대해 알려주세요,295.2387390136719,903.6351928710938,1914.5604248046875,612.3338623046875
MI3_240725_TY2_0126_4_V01_2,성별 분포 표에 대해 알려주세요,259.24578857421875,2118.297119140625,1918.8314208984375,125.218994140625
MI3_240725_TY2_0150_1_V01_1,본문 표 V에 대해 알려주세요,239.95860290527344,1176.0838623046875,2026.0343017578125,518.1641845703125
MI3_240725_TY2_0150_2_V01_1,한· 아프리카 정상회의 계기 부대행사 프로그램의 시각요소(표)에 대해 알려주세요,239.19113159179688,1836.8818359375,1929.37939453125,1346.3265380859375
MI3_240725_TY2_0161_2_V02-4_1,전년 대비 주별 발생 추이 꺾은선형에 대해 알려주세요,251.78738403320312,298.37054443359375,966.9531860351562,672.8869018554688
MI3_240725_TY2_0161_3_V02-5_1,2023년 말라리아 위험지역 구분에 대해 알려주세요,232.71389770507812,805.0487670898438,1996.5250244140625,513.9065551757812
MI3_240725_TY2_0171_1_V01_1,대한민국의 근거중심 방제와 주기적 방제에 대한 비교 차트에 대해 알려주세요.,263.0441589355469,2631.2392578125,1944.82958984375,510.180419921875
MI3_240725_TY2_0171_2_V02-4_1,일일모기감시장비를 통한 모기 발생수 확인 차트(꺾은선형)에 대해 알려주세요,248.09658813476562,2463.024658203125,978.8927612304688,528.6953125
MI3_240725_TY2_0173_1_V02-1_1,2023년 국가병원체자원은행 연보의 최근 3년간 병원체자원 분양 현황 차트에 대해 알려주세요,258.29412841796875,2287.760986328125,1918.73486328125,793.2033081054688
MI3_240725_TY2_0173_2_V02-3_1,2023년 「병원체자원 보존·관리목록」 원형 차트에 대해 알려주세요,689.5643310546875,887.5892944335938,1131.8883056640625,736.61669921875
MI3_240725_TY2_0173_3_V02-3_1,<국·공립연구소의 활용 목적별 분양 현황> 원형 차트에 대해 알려주세요,255.78585815429688,874.3699951171875,1924.06005859375,809.8300170898438
MI3_240725_TY2_0173_4_V02-3_1,대학 및 비영리기관의 활용 목적별 분양 현황 차트(원형)에 대해 알려주세요,381.76141357421875,452.0594177246094,1825.2208251953125,607.3146362304688
MI3_240725_TY2_0179_1_V02-1_1,최근 4주(5.4주~6.3주) 국내 백일해 차트(세로 막대형)에 대해 알려주세요,261.4656677246094,388.3663635253906,1972.0347900390625,840.1443481445312
MI3_240725_TY2_0179_2_V02-4_1,"(최근 6년간, 주별) 마이코플라스마 폐렴균 감염증 입원환자 발생 추이 꺾은선형에 대해 알려주세요",257.3705749511719,2046.40625,1937.43359375,810.4296875
MI3_240725_TY2_0179_3_V02-1_1,최근 4주간 마이코플라스마 폐렴균 감염증 입원환자 발생 현황과 관련된 차트(세로 막대형)에 대해 알려주세요,258.55413818359375,424.4169921875,1970.15380859375,742.9676513671875
MI3_240725_TY2_0179_4_V01_1,C02 차트(세로 막대형)에 대해 알려주세요,237.28639221191406,2030.3336181640625,2020.484375,835.8380126953125
MI3_240725_TY2_0183_1_V02-1_1,이번 연구의 제목에 따라 중위험군과 고위험군의 통풍 및 고혈압 발생률 비교 차트에 대해 알려주세요,429.97882080078125,2002.44189453125,1591.9207763671875,873.0573120117188
MI3_240725_TY2_0183_2_V01_1,이 연구에서 제시된 인종 연구 기관 전체 대상 수 및 비율에 대해 알려주세요.,319.87139892578125,636.503662109375,1825.6156005859375,430.3904724121094
MI3_240725_TY2_0192_2_V01_1,급성심장정지 조사 결과에 대한 표에 대해 알려주세요,237.46629333496094,1202.1441650390625,2005.2811279296875,476.2305908203125
MI3_240725_TY2_0192_3_V02-1_1,2022 상반기 급성심장정지 발생장소 차트(세로 막대형)에 대해 알려주세요,320.9304504394531,2002.1318359375,1895.3565673828125,1130.110107421875
MI3_240725_TY2_0196_1_V01_1,2023년도 확진환자 수에 대해 알려주세요,235.75875854492188,1353.0594482421875,2025.4169921875,261.55029296875
MI3_240725_TY2_0196_3_V02-1_1,'22-'23년 전 세계 엠폭스 발생 현황 차트(세로 막대형)에 대해 알려주세요,330.4252624511719,2314.447021484375,1856.3343505859375,728.367431640625
MI3_240725_TY2_0219_1_V01_1,국내 발생 확진자 현황 표에 대해 알려주세요,241.6597900390625,1616.395263671875,2002.987548828125,223.81761169433594
MI3_240725_TY2_0219_2_V01_1,결과 양성 구분 총계 검사 중 결과 음성 확진자 격리해제 격리 중 사망 V형 시각요소에 대해 알려주세요,263.11505126953125,760.7888793945312,1967.60791015625,656.2117309570312
MI3_240725_TY2_0243_1_V01_1,국민의 나라 보도자료에 대한 차트(세로 막대형) 정보에 대해 알려주세요,0.0,0.0,0.0,0.0
MI3_240725_TY2_0243_2_V02-1_1,전 세계 원숭이두창 발생 현황 차트(세로 막대형)에 대해 알려주세요,235.78565979003906,1656.60400390625,2017.1337890625,721.157958984375
MI3_240725_TY2_0253_1_V01_3,격리 관리 현황 표에 대해 알려주세요,241.74826049804688,1833.3875732421875,2023.5772705078125,173.7652587890625
MI3_240725_TY2_0253_2_V01_1,정부혁신과 관련된 시각요소 제목 및 표에 대해 알려주세요,375.00128173828125,1776.848876953125,1865.4510498046875,271.65673828125
MI3_240725_TY2_0253_3_V02-8_1,000 신규화전자 육심신고 차트(혼합형)에 대해 알려주세요,375.06719970703125,1675.4134521484375,1718.579833984375,628.2110595703125
MI3_240725_TY2_0253_4_V02-8_1,<일별 사망자 현황> 차트(혼합형)에 대해 알려주세요,283.19854736328125,524.2635498046875,1918.5701904296875,582.5916748046875
MI3_240725_TY2_0253_5_V02-4_1,감염경로구분에 따른 일별 신규 확진자 현황 꺾은선형에 대해 알려주세요,268.5910949707031,691.9005737304688,1928.1165771484375,939.37841796875
MI3_240725_TY2_0292_1_V02-4_1,"코로나19 신규백신, 65세 이상 접종률 30% 달성 꺾은선형에 대해 알려주세요",237.48269653320312,1825.7120361328125,2035.07421875,761.0301513671875
MI3_240725_TY2_0292_2_V01_1,T04 에 대해 알려주세요,240.9633331298828,2545.0400390625,2009.95947265625,373.1020202636719
MI3_240725_TY2_0308_1_V01_2,(추정)유입국가 확인 단계 표에 대해 알려주세요,242.358154296875,2227.741455078125,2007.1458740234375,409.165283203125
MI3_240725_TY2_0308_2_V01_2,지역별 확진자 현황 금일신규에 대해 알려주세요,261.49456787109375,1674.0267333984375,1967.9708251953125,1486.359619140625
MI3_240725_TY2_0308_3_V01_1,정부혁신 + 힘내라 보다 나은 정부와 관련된 서 부대 인 광대의 통계 데이터 시각적 표현에 대해 알려주세요,253.3093719482422,452.5350036621094,1986.766357421875,768.1085205078125
MI3_240725_TY2_0311_1_V02-8_1,일평균 재원중 위중증 환자 및 사망자 차트(혼합형)에 대해 알려주세요,265.4621276855469,2241.044921875,1928.762939453125,610.3551635742188
MI3_240725_TY2_0311_2_V02-8_2,최근 8주간 전국 확진자수 및 발생률 추이 차트(혼합형)에 대해 알려주세요,257.84771728515625,2404.890869140625,1977.639892578125,771.1661987304688
MI3_240725_TY2_0311_3_V01_1,최근 발생 현황에 대해 알려주세요.,237.0079803466797,2315.1806640625,2011.767333984375,828.3532104492188
MI3_240725_TY2_0311_4_V02-8_1,T01 T02 차트(혼합형)에 대해 알려주세요,262.6457824707031,339.0745544433594,1978.561767578125,938.510986328125
MI3_240725_TY2_0311_5_V01_2,(주간: 11.6.~11.12. 단위: 명) 수도권 충청권 호남권 경북권 경남권 강원권 제주권 표에 대해 알려주세요,232.425048828125,2563.258056640625,2033.431884765625,550.878173828125
MI3_240725_TY2_0314_1_V01_11,백신별 접종 현황 표에 대해 알려주세요,241.51107788085938,2354.63916015625,2014.9083251953125,810.1715698242188
MI3_240725_TY2_0314_2_V01_2,신규 확진자 현황 표에 대해 알려주세요,238.12039184570312,787.435302734375,2000.3978271484375,586.0536499023438
MI3_240725_TY2_0314_3_V01_1,구분 11.3. 11.4. 11.5. 11.6. 11.7. 11.8. 11.9... 표에 대해 알려주세요,234.8063507080078,2605.512451171875,2009.84033203125,532.424072265625
MI3_240725_TY2_0314_4_V01_1,정부혁신 대한민국 대전환 보다나은 정부 공공누리 유이용하역 표에 대해 알려주세요,244.14144897460938,495.3081359863281,1999.7750244140625,1323.05908203125
MI3_240725_TY2_0323_1_V01_4,구분 격리해제 격리 중 위중증 환자 사망자에 대해 알려주세요,245.231689453125,2244.80517578125,2004.426513671875,431.0561218261719
MI3_240725_TY2_0323_2_V01_1,정부혁신 본문 차트에 대해 알려주세요,250.5150604248047,726.727294921875,1985.4407958984375,686.3840942382812
MI3_240725_TY2_0333_1_V02-7_1,에 대한 <그림2>주요 만성질환 OECD 사망률 비교 방사형 차트에 대해 알려주세요,1257.4176025390625,1789.98193359375,984.924560546875,569.19287109375
MI3_240725_TY2_0333_3_V01_1,"정부혁신 대한민국 대전환 보다나은 정부 건강한 국민, 안전한 사회 주요 사망원인별 연령 표준화 사망률 차트(세로 막대형)에 대해 알려주세요",237.79385375976562,547.5647583007812,1988.2042236328125,2613.888916015625
MI3_240725_TY2_0333_4_V01_1,정부혁신 대한민국 대전환과 관련된 주요 내용에 대해 알려주세요,237.767333984375,359.42254638671875,1986.304443359375,2133.479736328125
MI3_240725_TY2_0350_1_V01_4,구분 격리해제 격리 중 위중증 환자 표에 대해 알려주세요,238.1363525390625,2740.06884765625,2011.9508056640625,365.1484069824219
MI3_240725_TY2_0350_2_V01_1,정부혁신에 대해 알려주세요,331.5524597167969,1645.5133056640625,1909.0753173828125,338.7445983886719
MI3_240725_TY2_0350_3_V01_1,T04에 대해 알려주세요,296.52197265625,2686.867431640625,1949.755126953125,373.6083679199219
MI3_240725_TY2_0350_4_V02-8_3,누적 격리중·격리 해제자 현황 차트(혼합형)에 대해 알려주세요,310.59674072265625,1618.2864990234375,1869.0439453125,699.5484619140625
MI3_240725_TY2_0350_5_V02-1_1,수도권지역 일일 신규 확진자 현황 차트(세로 막대형)에 대해 알려주세요,659.27978515625,532.4783325195312,1535.6322021484375,555.3401489257812
MI3_240725_TY2_0350_6_V02-8_2,부산지역 일일 신규 및 부작확진자 현황 차트(혼합형)에 대해 알려주세요,659.6416015625,486.1848449707031,1550.772705078125,617.753173828125
MI3_240725_TY2_0350_7_V01_1,구분 11.9. 11.10. 11.11. 11.12. 11.13. 11.14... 표에 대해 알려주세요,249.72451782226562,1286.1422119140625,1979.9732666015625,242.55088806152344
MI3_240725_TY2_0350_8_V02-4_1,감염경로구분에 따른 일별 신규 확진자 현황 꺾은선형에 대해 알려주세요,271.431884765625,601.8958129882812,1922.997314453125,970.3865966796875
MI3_240725_TY2_0350_9_V02-1_2,내국인 외국인 350 차트(세로 막대형)에 대해 알려주세요,289.2590637207031,553.8416748046875,1899.6661376953125,1036.704345703125
MI3_240725_TY2_0353_1_V01_1,코로나19 예방접종 현황 표에 대해 알려주세요,242.74647521972656,2257.993408203125,2002.536865234375,871.2384643554688
MI3_240725_TY2_0353_2_V01_1,백신별 접종현황 표에 대해 알려주세요,240.97679138183594,371.3761901855469,2006.2705078125,1182.6416015625
MI3_240725_TY2_0353_3_V01_1,재원중 위중증 환자 사망누계 표에 대해 알려주세요,245.14913940429688,1057.7496337890625,1992.592529296875,692.607177734375
MI3_240725_TY2_0353_4_V01_1,3 국내 백신 잔여량 차트(세로 막대형)에 대해 알려주세요,229.129638671875,981.1812744140625,2035.01904296875,658.5243530273438
MI3_240725_TY2_0353_5_V01_1,"< 확진자 성별, 연령별 발생현황 > 표에 대해 알려주세요",242.3368682861328,745.7420043945312,1994.489990234375,850.1904296875
MI3_240725_TY2_0353_6_V02-4_1,연령별 코로나19 확진자 발생률 차트(꺾은선형)에 대해 알려주세요,299.7196960449219,1173.617431640625,912.913330078125,587.931884765625
MI3_240725_TY2_0362_1_V01_1,에 대한타입의 데이터에 대해 알려주세요,225.669189453125,2032.462890625,2039.31884765625,759.9241943359375
MI3_240725_TY2_0362_2_V01_1,2020 희귀질환자 통계연보주요 내용(2) 차트(세로 막대형)에 대해 알려주세요,279.89654541015625,2257.86669921875,1965.7459716796875,433.7021179199219
MI3_240725_TY2_0363_1_V01_1,[남자의 비만 및 2단계이상 비만 유병률] 표에 대해 알려주세요,239.80746459960938,723.0996704101562,2001.0765380859375,853.0625610351562
MI3_240725_TY2_0363_2_V01_1,"건강한 국민, 안전한 사회에 대한 비만 유병률 차트(세로 막대형)에 대해 알려주세요",239.79127502441406,685.8516845703125,2004.93212890625,696.5748291015625
MI3_240725_TY2_0363_3_V02-4_1,비만 유병률(체질량지수 25kg/m2이상) 꺾은선형에 대해 알려주세요,232.58714294433594,825.9697875976562,1883.171142578125,856.1803588867188
MI3_240725_TY2_0363_4_V01_1,남자 비만 유병률(2008-2021) 교차비(95% 신뢰구간) 차트(세로 막대형)에 대해 알려주세요,240.1300811767578,653.280029296875,1985.4364013671875,1558.9989013671875
MI3_240725_TY2_0371_1_V02-4_5,* p<0.05 통계적으로 의미있는 변화와 관련된 꺾은선형 차트에 대해 알려주세요,241.01654052734375,502.6975402832031,1977.52978515625,695.8864135742188
MI3_240725_TY2_0371_2_V02-4_1,코로나19 유행 전후 건강행태 변화 꺾은선형 차트에 대해 알려주세요,245.12008666992188,511.0639343261719,1995.9832763671875,695.77734375
MI3_240725_TY2_0371_3_V01_1,정부혁신 + 대한민국 대전환 보다 나은 정부 차트(세로 막대형)에 대해 알려주세요,243.4966583251953,612.7315063476562,1998.1170654296875,2590.254150390625
MI3_240729_TY2_0001_1_V02-7_2,1인당 개인소득 상대수준 방사형에 대해 알려주세요,1255.05126953125,1897.1409912109375,938.2904052734375,843.7056884765625
MI3_240729_TY2_0001_2_V02-8_1,2009년 지역소득 추계결과 및 지역내총생산 규모와 증감률에 대해 알려주세요,248.52540588378906,2166.4501953125,2027.1087646484375,940.348388671875
MI3_240729_TY2_0001_3_V02-8_1,최종소비지출 규모 및 증감률 혼합형 차트에 대해 알려주세요,252.4580078125,1983.2471923828125,1998.747802734375,1179.2532958984375
MI3_240729_TY2_0001_4_V02-8_1,총고정자본형성 및 규모(명목) 혼합형에 대해 알려주세요,250.26849365234375,2168.5400390625,2035.207275390625,998.5084838867188
MI3_240729_TY2_0001_5_V02-8_1,개인소득 규모 및 증감률(명목) 혼합형에 대해 알려주세요,259.768798828125,2060.13330078125,1991.2606201171875,1013.715087890625
MI3_240729_TY2_0001_6_V02-1_1,민간소비지출 증감률 차트(세로 막대형)에 대해 알려주세요,233.07376098632812,903.6461791992188,1993.6240234375,684.626953125
MI3_240729_TY2_0001_7_V02-1_1,설비투자 증감률 차트(세로 막대형)에 대해 알려주세요,235.72105407714844,792.6832885742188,1958.8057861328125,719.5891723632812
MI3_240729_TY2_0001_8_V02-4_4,민간소비 증가율(실질) 꺾은선형에 대해 알려주세요,233.5128173828125,1642.6016845703125,965.4856567382812,553.4586181640625
MI3_240729_TY2_0001_9_V02-4_1,건설투자 증가율(실질) (%) 차트(꺾은선형)에 대해 알려주세요,254.94857788085938,347.3236999511719,955.6431884765625,511.0528869628906
MI3_240729_TY2_0003_1_V02-3_1,용도별 1인당 연간 쌀 소비량 차트(원형)에 대해 알려주세요,486.9231872558594,2581.85693359375,743.915771484375,393.3291015625
MI3_240729_TY2_0003_2_V02-4_1,월별 1인당 1일 쌀 소비량 차트(꺾은선형)에 대해 알려주세요,451.9208679199219,2510.28515625,1688.8431396484375,614.24609375
MI3_240729_TY2_0003_3_V02-4_1,"한국, 일본, 대만의 1인당 쌀 소비량 차트(꺾은선형)에 대해 알려주세요",409.2694396972656,2578.23291015625,1618.0606689453125,607.101318359375
MI3_240729_TY2_0003_4_V02-2_1,<그림 6> 곡류별 1인당 연간 소비량 차트에 대해 알려주세요,573.3319702148438,2564.48046875,1327.9873046875,622.51123046875
MI3_240729_TY2_0003_5_V01_1,<표 7> 표에 대해 알려주세요,396.942626953125,1443.1258544921875,1776.88916015625,827.705810546875
MI3_240729_TY2_0003_6_V02-3_1,<그림 8> 용도별 1인당 연간 소비량 차트에 대해 알려주세요,470.82269287109375,2652.42919921875,1613.4786376953125,392.389404296875
MI3_240729_TY2_0003_7_V02-6_1,<그림 9> 시도별 1인당 연간 양곡 및쌀 소비량 차트(분산형)에 대해 알려주세요,476.2640075683594,2489.3857421875,1604.4005126953125,694.368896484375
MI3_240729_TY2_0003_8_V02-4_1,<그림 10> 차트(꺾은선형)에 대해 알려주세요,506.6220703125,2502.85986328125,1601.591796875,582.328857421875
MI3_240729_TY2_0003_9_V01_2,"성별, 연령별 월간 결식횟수 차트(세로 막대형)에 대해 알려주세요",353.36181640625,1653.4088134765625,1862.2958984375,502.0909118652344
MI3_240729_TY2_0006_1_V02-1_1,[시도별 마을 현황] 차트(세로 막대형)에 대해 알려주세요,1154.9619140625,1672.6064453125,1048.0189208984375,507.289794921875
MI3_240729_TY2_0006_2_V02-1_4,농업 경영형태별 마을 비율 차트(세로 막대형)에 대해 알려주세요,1160.033935546875,1752.103271484375,1032.9454345703125,535.6697998046875
MI3_240729_TY2_0006_3_V02-1_1,<그림1> 차트(세로 막대형)에 대해 알려주세요,360.64422607421875,2369.00634765625,1837.8023681640625,821.9215698242188
MI3_240729_TY2_0006_4_V02-1_1,<그림2> 차트(세로 막대형)에 대해 알려주세요,351.918212890625,2510.173828125,1835.7105712890625,678.9169921875
MI3_240729_TY2_0006_5_V01_1,전체가구 규모별 마을 현황 표에 대해 알려주세요,290.6283264160156,1734.5250244140625,1950.865966796875,489.9788818359375
MI3_240729_TY2_0006_6_V02-1_1,<그림4> 농림어가 마을 현황 차트(세로 막대형)에 대해 알려주세요,327.72637939453125,2318.322998046875,1870.4425048828125,868.5675659179688
MI3_240729_TY2_0006_7_V01_1,<표7> 이용 가능한 대중교통 수단별 마을 현황 표에 대해 알려주세요,297.015380859375,1578.72607421875,1945.9490966796875,961.7098999023438
MI3_240729_TY2_0006_8_V01_1,<표8> 대중교통 운행 횟수별 마을수 표에 대해 알려주세요,309.691650390625,1332.17333984375,1932.882080078125,926.250732421875
MI3_240729_TY2_0006_9_V01_2,내수면 어업 경영형태별 마을수 표에 대해 알려주세요,293.33172607421875,2834.179443359375,1954.8155517578125,419.889892578125
MI3_240729_TY2_0019_1_V01_1,[표 1] 전국 출생이수 및 증감를 표에 대해 알려주세요,255.1813507080078,761.8519897460938,1913.893798828125,241.5276336669922
MI3_240729_TY2_0019_2_V01_2,[표4]시도별사망자수 표에 대해 알려주세요,252.59799194335938,1977.1019287109375,1979.211181640625,1277.34130859375
MI3_240729_TY2_0019_3_V02-4_1,전국 월별혼인 추이 꺾은선형에 대해 알려주세요,267.6296691894531,977.9740600585938,1962.5062255859375,677.4598999023438
MI3_240729_TY2_0019_4_V02-4_1,전국 월별이혼 추이 꺾은선형 차트에 대해 알려주세요,264.5192565917969,1042.989990234375,1962.45263671875,718.0023193359375
MI3_240729_TY2_0036_1_V01_1,세계 속의 한국 경제에 대해 알려주세요,233.40975952148438,556.7385864257812,1998.812255859375,2519.317626953125
MI3_240729_TY2_0036_2_V01_1,에 관련된차트에 대해 알려주세요,234.38330078125,557.1400756835938,2003.5775146484375,2640.404052734375
MI3_240729_TY2_0045_1_V02-2_1,2070년 아시아와 아프리카의 예상인구에 대해 알려주세요,1255.4371337890625,2635.55859375,965.577880859375,581.02587890625
MI3_240729_TY2_0045_2_V02-4_1,생산연령인구 구성비 추이 차트(꺾은선형)에 대해 알려주세요,299.137939453125,1003.1212768554688,1865.05322265625,692.9132080078125
MI3_240729_TY2_0045_3_V02-4_1,세계와 한국의 합계출산율 추이 꺾은선형에 대해 알려주세요,254.99295043945312,2715.454345703125,1930.8363037109375,524.7861328125
MI3_240729_TY2_0045_4_V02-4_3,남북한 기대수명 추이에 대해 알려주세요,240.48883056640625,1444.042724609375,968.4095458984375,524.5321044921875
MI3_240729_TY2_0045_5_V02-2_1,[그림 1] 세계 대륙별 인구규모 차트(가로 막대형)에 대해 알려주세요,411.7157287597656,1443.345947265625,1675.032958984375,773.6712646484375
MI3_240729_TY2_0045_6_V01_1,II. 세계와 한국의 인구구조 1. 인구구조 변화 [표 6]에 대해 알려주세요,236.94625854492188,2282.85595703125,2008.62451171875,958.72998046875
MI3_240729_TY2_0045_7_V02-1_1,세계와 한국의 인구구조 세로 막대형 차트에 대해 알려주세요,256.2004089355469,2434.913818359375,1952.77880859375,601.20458984375
MI3_240729_TY2_0045_8_V01_1,합계출산율이 낮은 주요 국가(지역) 표에 대해 알려주세요,232.93783569335938,1128.7012939453125,2005.8182373046875,1167.373291015625
MI3_240729_TY2_0061_1_V01_1,지역별 검사 및 확진자 현황 표에 대해 알려주세요,236.58070373535156,419.99676513671875,2006.911865234375,343.22833251953125
MI3_240729_TY2_0061_2_V02-8_2,일일 누적 격리중격격 해제자 현황 혼합형에 대해 알려주세요,382.1675720214844,2307.741943359375,1709.652587890625,761.51611328125
MI3_240729_TY2_0061_3_V01_2,위중증 환자 현황에 대한 차트(원형)에 대해 알려주세요,245.406494140625,1284.072265625,1986.42041015625,245.73033142089844
MI3_240729_TY2_0062_1_V01_1,"건강한 국민, 안전한 사회 홍역 개요 차트(세로 막대형)에 대해 알려주세요",223.26683044433594,526.8458251953125,2027.104248046875,2661.89892578125
MI3_240729_TY2_0062_2_V01_1,최근 6개월 홍역 환자발생 지역분포 표에 대해 알려주세요,237.06105041503906,1657.743408203125,2001.5565185546875,1315.492431640625
MI3_240729_TY2_0085_1_V02-4_1,연령별 코로나19 확진자 발생률 꺾은선형에 대해 알려주세요,307.38232421875,1178.158203125,900.8511962890625,587.0363159179688
MI3_240729_TY2_0091_2_V02-1_1,전 세계 엠폭스 발생 현황 차트(세로 막대형)에 대해 알려주세요,234.4324493408203,1626.1689453125,2000.044189453125,747.4147338867188
MI3_240729_TY2_0094_1_V01_1,확진환자 검사현황 차트(세로 막대형)에 대해 알려주세요,241.7198028564453,2269.084228515625,2006.69140625,559.208251953125
MI3_240729_TY2_0094_2_V02-1_1,확진자 수 세로 막대형 차트에 대해 알려주세요,238.2149200439453,481.7713928222656,1976.292236328125,687.9649658203125
MI3_240729_TY2_0098_1_V01_1,2월 3주차 종합평가 결과 표에 대해 알려주세요,239.83103942871094,1082.215087890625,1996.705322265625,449.2415771484375
MI3_240729_TY2_0098_2_V01_1,WHO 세부계통 점유율(%) 표에 대해 알려주세요,226.17095947265625,1226.948486328125,1991.9564208984375,1108.28125
MI3_240729_TY2_0098_3_V01_1,전국 권역별 주간 일평균 환자 추이 표에 대해 알려주세요,241.1250457763672,1782.5726318359375,2006.3131103515625,672.4532470703125
MI3_240729_TY2_0098_4_V02-4_4,미국 이탈리아 주요국 인구 100만 명당 주간 사망자 수 추이에 대해 알려주세요,241.9922637939453,1740.1986083984375,977.7882080078125,629.2652587890625
MI3_240729_TY2_0100_1_V01_1,정부혁신과 대한민국 대전환에 대한 표에 대해 알려주세요,245.18209838867188,548.3757934570312,1985.655029296875,2538.548828125
MI3_240729_TY2_0102_1_V01_1,정부혁신 보다 나은 정부 본문 차트(세로 막대형)에 대해 알려주세요,241.9640655517578,2431.863037109375,2014.0933837890625,695.55810546875
MI3_240729_TY2_0102_2_V02-1_1,< 확진자 성별 > 차트(세로 막대형)에 대해 알려주세요,1011.1082763671875,877.7693481445312,1212.54541015625,700.8562622070312
MI3_240729_TY2_0117_2_V02-4_1,A B 100 of VR(%) 80 Z ∞ 60 60 rates PAR 꺾은선형에 대해 알려주세요,458.5539855957031,369.8487548828125,707.2233276367188,730.7305297851562
MI3_240729_TY2_0121_1_V01_1,본문 확진환자현황 검사현황 차트에 대해 알려주세요,239.69630432128906,2251.872314453125,2018.6014404296875,873.965087890625
MI3_240729_TY2_0121_2_V01_1,"< 참고. 국내 확진환자 현황 (2.27일 09시 기준, 1.3일 이후 누계) > 차트(세로 막대형)에 대해 알려주세요",239.00509643554688,739.3717651367188,2000.064453125,1785.108642578125
MI3_240729_TY2_0121_3_V02-1_1,코로나바이러스 감염증 관련 연령대에 대해 알려주세요,1010.6983032226562,2335.3759765625,1213.354248046875,695.7848510742188
MI3_240729_TY2_0121_4_V01_1,코로나바이러스감염증-19환자및사망자빌생 현황 차트(세로 막대형)에 대해 알려주세요,244.06568908691406,708.849853515625,1906.9862060546875,2376.060302734375
MI3_240729_TY2_0121_5_V01_1,정부혁신과 관련된 데이터 및 통계 정보를 시각적으로 나타내는 표에 대해 알려주세요,243.23487854003906,442.7539978027344,1908.6402587890625,742.47412109375
MI3_240729_TY2_0126_1_V01_1,코로나19 국내 발생현황 및 예방접종 현황 차트(세로 막대형)에 대해 알려주세요,231.4866180419922,2572.24072265625,2010.4290771484375,599.3192749023438
MI3_240729_TY2_0126_2_V01_1,최근 확진자 수에 대한 통계 자료의 차트(세로 막대형)에 대해 알려주세요,238.36843872070312,725.2017822265625,1999.117431640625,534.9915771484375
MI3_240729_TY2_0126_3_V01_2,구분 차트(세로 막대형)에 대해 알려주세요,241.95372009277344,2091.597412109375,1983.6419677734375,196.04150390625
MI3_240729_TY2_0155_1_V02-8_1,일평균 재원중 위중증 환자 및 일평균 사망자 발생 현황 차트(혼합형)에 대해 알려주세요,266.763671875,2139.507080078125,1896.0052490234375,517.5309448242188
MI3_240729_TY2_0155_2_V02-8_2,최근 8주간 전국 확진자수 및 발생률 추이 혼합형에 대해 알려주세요,251.2587432861328,2355.7685546875,1939.406982421875,813.229248046875
MI3_240729_TY2_0155_3_V02-8_1,중환자 병상가동률 차트(혼합형)에 대해 알려주세요,285.7856750488281,2188.41064453125,1925.3193359375,944.584716796875
MI3_240729_TY2_0155_4_V02-8_1,WHO 세부계통 점유율(%) 혼합형에 대해 알려주세요,227.88330078125,1061.7325439453125,1993.3623046875,1147.8619384765625
MI3_240729_TY2_0155_5_V02-8_1,"건강한 국민, 안전한 사회 및 코로나19 국외 발생 동향과 관련된 혼합형 차트에 대해 알려주세요",252.3798828125,1055.770263671875,1962.6004638671875,703.5101318359375
MI3_240729_TY2_0155_6_V02-4_4,영국과 스페인 관련 데이터에 대해 알려주세요,243.99270629882812,2503.617431640625,978.6666870117188,555.807861328125
MI3_240729_TY2_0156_1_V01_1,인구10만명당 지역 확진환자수 (%) 발생률 표에 대해 알려주세요,238.35105895996094,2155.11962890625,1993.91845703125,841.9375
MI3_240729_TY2_0156_2_V02-8_2,경북지역 확진자 현황 혼합형에 대해 알려주세요,662.699462890625,688.7816162109375,1533.0252685546875,965.9525756835938
MI3_240729_TY2_0156_3_V02-1_1,경기 서울 충남 부산 경남 강원 울산 충북 대전 광주 인천 전북 전남 제주 세종 차트(세로 막대형)에 대해 알려주세요,656.3929443359375,689.0377197265625,1533.9395751953125,1028.65478515625
MI3_240729_TY2_0156_4_V02-2_1,연령별 사망자 차트(가로 막대형)에 대해 알려주세요,645.8587036132812,2442.739990234375,1555.4927978515625,576.063232421875
MI3_240729_TY2_0178_1_V01_2,[시도별] 표에 대해 알려주세요,235.5325164794922,612.935791015625,2011.91796875,1021.7877807617188
MI3_240729_TY2_0178_2_V01_2,예약 투약 현황 표에 대해 알려주세요,240.87966918945312,421.87030029296875,2009.31884765625,558.2112426757812
MI3_240729_TY2_0178_3_V01_1,"건강한 국민, 안전한 사회 예방접종 현황 표에 대해 알려주세요",239.36717224121094,603.255615234375,2011.6361083984375,1044.76318359375
MI3_240729_TY2_0192_1_V02-5_1,주차별 연령별 확진자 비중에 대해 알려주세요,1241.80712890625,1547.4468994140625,1003.167724609375,699.3129272460938
MI3_240729_TY2_0192_2_V02-8_2,연령대별 누적 사망률과 치명률 혼합형에 대해 알려주세요,270.452880859375,436.150146484375,1941.47265625,608.4608764648438
MI3_240729_TY2_0192_3_V03_1,최근 8주간 연령대별 사망자수 다이어그램에 대해 알려주세요,249.021484375,1833.06103515625,1979.97998046875,903.8554077148438
MI3_240729_TY2_0193_1_V01_1,"제목과 소제목, 시각요소 제목 및 표에 대해 알려주세요",251.82650756835938,477.3379821777344,1804.6351318359375,939.5809326171875
MI3_240729_TY2_0193_2_V02-8_1,사망자수(집계일별) 차트(혼합형)에 대해 알려주세요,250.121337890625,2261.5869140625,1973.619140625,812.212890625
MI3_240729_TY2_0193_3_V01_1,주차 확진자수에 대해 알려주세요,241.8839569091797,1534.3701171875,1991.6885986328125,1628.3621826171875
MI3_240729_TY2_0198_1_V02-8_1,< 위중증 현황 > 혼합형 차트에 대해 알려주세요,263.5788269042969,507.5670166015625,1934.27587890625,612.5056762695312
MI3_240729_TY2_0198_2_V02-3_1,해외유입 관련 원형에 대해 알려주세요,589.9259033203125,1751.659423828125,1385.24462890625,1399.669921875
MI3_240729_TY2_0198_3_V02-1_1,< 해외유입 확진자 현황 > 세로 막대형 차트에 대해 알려주세요,250.118896484375,486.1483459472656,1943.693359375,1183.2513427734375
MI3_240729_TY2_0210_1_V01_1,정부혁신 + 대한민국 대전환 보다 나은 정부 혈전증 관련 정보에 대해 알려주세요,245.45896911621094,617.7719116210938,1987.4927978515625,2018.6591796875
MI3_240729_TY2_0210_2_V02-2_1,T01 T02 T03 차트(가로 막대형)에 대해 알려주세요,302.05535888671875,788.5224609375,1860.288818359375,1070.32373046875
MI3_240729_TY2_0210_3_V02-2_1,코로나19 백신의 이점과 위험에 대해 알려주세요,0.0,0.0,0.0,0.0
MI3_240729_TY2_0219_1_V01_1,3월 주간 발생 동향 표에 대해 알려주세요,241.019287109375,644.5381469726562,1997.12451171875,865.4622192382812
MI3_240729_TY2_0219_2_V02-8_1,주별 국내발생 외국인 확진 현황 혼합형에 대해 알려주세요,262.75689697265625,2151.914306640625,1985.442626953125,858.381591796875
MI3_240729_TY2_0219_4_V02-2_1,"건강한 국민, 안전한 사회에 대한 차트(가로 막대형) 정보를 알려주세요.",516.6807250976562,450.3024597167969,1488.408203125,950.5560302734375
MI3_240729_TY2_0219_5_V02-8_2,일일 누적 격리중격격 해제자 현황 차트(혼합형)에 대해 알려주세요,320.5087890625,2286.42724609375,1829.778564453125,794.1161499023438
MI3_240729_TY2_0219_6_V02-8_1,정부혁신과 보다나은 정부에 대한 차트(혼합형)에 대해 알려주세요,481.59429931640625,2547.37158203125,1709.992919921875,631.224365234375
MI3_240729_TY2_0219_7_V02-8_1,정부 대한민국 대전한 혼합형에 대해 알려주세요,475.226806640625,1869.2308349609375,1724.1669921875,615.4009399414062
MI3_240729_TY2_0219_8_V02-2_1,확진자 성별·연령별 분포 차트(가로 막대형)에 대해 알려주세요,275.7715148925781,1657.28759765625,1910.3172607421875,547.28857421875
MI3_240729_TY2_0219_9_V02-3_1,원형에 대해 알려주세요,588.68701171875,516.787353515625,1366.493408203125,1405.8677978515625
MI3_240729_TY2_0220_1_V02-8_1,"12,000 격리해제 확진 혼합형에 대해 알려주세요",254.99288940429688,829.5172729492188,1959.8468017578125,922.0706176757812
MI3_240729_TY2_0220_2_V02-8_1,대구지역 확진자 현황 혼합형에 대해 알려주세요,650.291748046875,697.462158203125,1552.7391357421875,1005.0196533203125
MI3_240729_TY2_0220_3_V02-8_2,경기지역 확진자 현황에 대한 차트(혼합형)에 대해 알려주세요,679.4945678710938,2012.5791015625,1514.975341796875,984.1266479492188
MI3_240729_TY2_0220_4_V02-1_2,일일 누적확진자 현황 차트(차트(가로 막대형)에 대해 알려주세요,652.848876953125,675.4852905273438,1537.035888671875,992.6949462890625
MI3_240729_TY2_0220_5_V02-1_1,C02 -1 차트(가로 막대형)에 대해 알려주세요,489.5460205078125,1442.1217041015625,1381.1058349609375,816.6602783203125
MI3_240729_TY2_0220_6_V02-1_1,정부혁신과 보다 나은 정부에 대한 차트(세로 막대형)에 대해 알려주세요,246.5746307373047,1525.339111328125,1976.032958984375,831.510498046875
MI3_240729_TY2_0220_7_V02-3_1,정부혁신과 보다 나은 정부를 주제로 한 차트(원형)에 대해 알려주세요,730.1085205078125,559.8265991210938,1025.5260009765625,874.9774169921875
MI3_240729_TY2_0220_8_V01_1,확진자수 차트(세로 막대형)에 대해 알려주세요,305.5163269042969,1492.47412109375,1862.21533203125,812.7482299804688
MI3_240729_TY2_0221_2_V01_1,정부혁신 및 대한민국 대전환의 데이터 분석에 대한 차트(세로 막대형)에 대해 알려주세요,240.47042846679688,671.5542602539062,1997.105712890625,887.5595092773438
MI3_240729_TY2_0225_1_V02-8_2,2021년 인간 39 시군구 송영갑에 대해 알려주세요,253.1636505126953,454.98468017578125,955.6757202148438,640.1753540039062
MI3_240729_TY2_0225_2_V02-8_1,T01 T02 T03 혼합형에 대해 알려주세요,1232.65087890625,979.3674926757812,977.2147216796875,543.0155639648438
MI3_240729_TY2_0225_3_V02-8_1,고혈압 및 당뇨병 진단 경험자의 치료율에 대해 알려주세요,257.7432861328125,457.3044128417969,944.86279296875,609.2561645507812
MI3_240729_TY2_0225_4_V02-8_2,<현재흡연율 '08-'21> 혼합형에 대해 알려주세요,242.75938415527344,1519.0218505859375,971.9185791015625,580.55615234375
MI3_240729_TY2_0225_5_V02-8_1,(차트(혼합형))에 대해 알려주세요,1238.1641845703125,2395.816162109375,974.4293212890625,543.208251953125
MI3_240729_TY2_0225_6_V02-8_1,최근 3년간의 중등도 이상 신체활동 실천율에 대해 알려주세요.,239.6339874267578,2146.445068359375,973.124267578125,604.363525390625
MI3_240729_TY2_0225_8_V02-8_2,2010 시군구 중앙갑에 대한 혼합형 차트에 대해 알려주세요,1243.12548828125,430.75469970703125,958.7950439453125,504.1474304199219
MI3_240729_TY2_0228_1_V02-8_1,일일 의심신고·확진자 현황 차트(혼합형)에 대해 알려주세요,294.28509521484375,1406.94189453125,1941.869384765625,752.8828125
MI3_240729_TY2_0228_2_V02-8_3,충청권 혼합형에 대해 알려주세요,459.10791015625,2512.346435546875,1772.3648681640625,655.714111328125
MI3_240729_TY2_0228_3_V02-8_3,강원권 관련된 내용을 알고 싶습니다,449.0253601074219,1840.8173828125,1789.365478515625,630.0442504882812
MI3_240729_TY2_0228_4_V02-8_1,일별 사망자 현황 차트(혼합형)에 대해 알려주세요,263.47003173828125,507.0755310058594,1950.55078125,613.0292358398438
MI3_240729_TY2_0228_5_V02-3_1,해외유입 감염 경로 원형에 대해 알려주세요,584.1083984375,1753.0914306640625,1331.703369140625,1336.122802734375
MI3_240729_TY2_0228_6_V02-1_2,해외유입 확진자 현황 관련된 차트(세로 막대형)에 대해 알려주세요,268.05938720703125,1770.387451171875,1930.3875732421875,1102.40234375
MI3_240729_TY2_0232_1_V02-8_1,해제자 현황 차트(혼합형)에 대해 알려주세요,254.5673065185547,828.981689453125,1967.1348876953125,922.7200927734375
MI3_240729_TY2_0232_2_V02-8_1,대구지역 일일신규 및 누적 확진자 현황 혼합형에 대해 알려주세요,650.4308471679688,697.4585571289062,1552.448486328125,1004.678955078125
MI3_240729_TY2_0232_3_V02-8_1,서울지역 일일신규 및 누적 확진자 현황 혼합형에 대해 알려주세요,679.8731079101562,696.2039794921875,1514.2193603515625,983.9795532226562
MI3_240729_TY2_0232_4_V02-1_2,일일 누적확진자 현황 차트(세로 막대형)에 대해 알려주세요,652.8292846679688,675.059326171875,1541.3468017578125,993.1814575195312
MI3_240729_TY2_0232_5_V02-1_1,확진자수 차트(세로 막대형)에 대해 알려주세요,579.9044189453125,2293.997314453125,1376.220458984375,831.9767456054688
MI3_240729_TY2_0232_6_V01_1,구분 계 중증 % ) 위중 % )에 대해 알려주세요,241.56170654296875,1445.39306640625,1966.959228515625,750.5618896484375
MI3_240729_TY2_0232_7_V01_1,구분 계 표에 대해 알려주세요,239.75216674804688,461.12774658203125,1156.5140380859375,752.7371215820312
MI3_240729_TY2_0232_8_V02-1_1,해외유입 추정 현황에 대해 알려주세요,302.35565185546875,550.0240478515625,1860.963623046875,898.5960693359375
MI3_240729_TY2_0245_1_V01_1,질병관리청 보도참고자료 표에 대해 알려주세요,330.033447265625,2602.3388671875,1914.2738037109375,263.652099609375
MI3_240729_TY2_0245_2_V02-8_1,정부혁신 대한민국 대전환에 대한 혼합형 차트에 대해 알려주세요,408.53900146484375,444.977294921875,1652.107177734375,785.2005615234375
MI3_240729_TY2_0251_1_V01_1,정부혁신 다양한 복지서비스와 관련된 과거 MMR 접종력에 따른 권장 접종일정 차트에 대해 알려주세요,254.30810546875,1292.700439453125,1997.6131591796875,1863.9913330078125
MI3_240729_TY2_0251_2_V01_1,정부혁신 다양한 복지서비스 예방접종 통계 차트에 대해 알려주세요,240.6991729736328,449.1407470703125,1940.38037109375,1854.007568359375
MI3_240729_TY2_0251_3_V01_1,국내·외 홍역 환자 발생현황 표에 대해 알려주세요,279.60113525390625,680.1356201171875,1907.4466552734375,527.4569091796875
MI3_240729_TY2_0251_4_V01_1,정부혁신 다양한 복지서비스에 대한 표 에 대해 알려주세요,242.76295471191406,532.8193969726562,1990.849853515625,2644.0595703125
MI3_240729_TY2_0252_2_V02-2_1,국내 알라리아 추정 위험요인 가로 막대형에 대해 알려주세요,273.794921875,1092.8209228515625,1953.67333984375,624.1347045898438
MI3_240729_TY2_0253_1_V01_1,보건복지부 보도참고자료 차트(세로 막대형)에 대해 알려주세요,0.0,0.0,0.0,0.0
MI3_240729_TY2_0256_1_V01_1,말라리아 발생 현황 표에 대해 알려주세요,287.079833984375,1263.9520263671875,1917.00927734375,543.5009765625
MI3_240729_TY2_0256_2_V03_1,2018년 말라리아 환자 위험 국가 분포 다이어그램에 대해 알려주세요,335.6953125,1852.7713623046875,1890.3104248046875,907.6121826171875
MI3_240729_TY2_0256_3_V01_1,해외감염병 예방 수칙과 관련된 표에 대해 알려주세요,252.7207489013672,673.2674560546875,1971.8548583984375,2009.385009765625
MI3_240729_TY2_0256_4_V01_1,정부혁신에 대한 통계적 시각요소인 그래프에 대해 알려주세요,245.21994018554688,465.89495849609375,1979.99072265625,2725.1826171875
MI3_240729_TY2_0270_1_V01_1,정부혁신과 보다 나은 정부에 대한 시각요소 제목과 그래프에 대해 알려주세요,253.9044952392578,820.14013671875,2001.21533203125,2343.147705078125
MI3_240729_TY2_0270_2_V01_1,정부혁신과 관련된 데이터 분석에 대해 알려주세요,239.4897918701172,757.6887817382812,2051.905517578125,2408.879150390625
MI3_240729_TY2_0270_3_V01_2,인체유래물 사업(코흐트)명 표에 대해 알려주세요,243.26458740234375,1126.5126953125,2006.5655517578125,2031.0985107421875
MI3_240729_TY2_0270_4_V01_1,정부혁신 보다 나은 정부 복지 차트에 대해 알려주세요,244.03347778320312,360.3127746582031,1987.3209228515625,306.8599853515625
MI3_240729_TY2_0277_2_V01_1,정부혁신 다양한 복지서비스에 대한 구분 비교 및 분양절차의 표에 대해 알려주세요,273.181396484375,443.86810302734375,1930.4622802734375,1044.5264892578125
MI3_240729_TY2_0287_1_V01_1,강원권 주간 일 평균 주간 누계 표에 대해 알려주세요,242.05726623535156,705.0645141601562,2003.159912109375,140.77301025390625
MI3_240729_TY2_0287_2_V01_1,코로나19 발생현황 표에 대해 알려주세요,254.1639862060547,713.4373168945312,1968.5391845703125,448.6052551269531
MI3_240729_TY2_0288_1_V02-4_1,연령대별 대상자 대비 접종률 꺾은선형에 대해 알려주세요,1257.4036865234375,747.6383666992188,933.2188720703125,578.566162109375
MI3_240729_TY2_0288_2_V01_2,접종 후 사망자 수 차트(꺾은선형)에 대해 알려주세요,234.49490356445312,1275.1168212890625,2009.5452880859375,376.0074462890625
MI3_240729_TY2_0288_3_V01_1,정부혁신 건강한 국민 안전한 사회 차트(세로 막대형)에 대해 알려주세요,237.2716827392578,662.2001342773438,2042.315185546875,1635.9521484375
MI3_240729_TY2_0288_4_V02-2_1,추정진단명 가로 막대형 차트에 대해 알려주세요,226.12106323242188,2263.128662109375,1996.072998046875,743.4249877929688
MI3_240729_TY2_0289_1_V01_2,<표 2> 가족접촉자 잠복결핵감염 검진 사업 참여 및 치료에 따른 결핵 발생위험도 분석 결과 표에 대해 알려주세요,227.4723663330078,754.3106689453125,2008.950927734375,867.026611328125
MI3_240729_TY2_0289_2_V01_1,LTBI 치료자 치료현황 표에 대해 알려주세요,230.62527465820312,1973.2330322265625,2014.021484375,1054.1319580078125
MI3_240729_TY2_0296_1_V02-4_2,주차별 4차접종 인구 및 대상자 대비 접종률 차트(꺾은선형)에 대해 알려주세요,1259.304931640625,725.2407836914062,951.122314453125,562.3577270507812
MI3_240729_TY2_0296_2_V02-2_1,경과 기간별 중증질환 발생 비율 차트(가로 막대형)에 대해 알려주세요,455.5849304199219,939.03564453125,1537.00927734375,618.108642578125
MI3_240729_TY2_0296_3_V02-1_1,예방접종 10만 건당 이상반응 의심환자 신고율 차트(세로 막대형)에 대해 알려주세요,257.8713073730469,1649.3175048828125,1979.1297607421875,1385.44189453125
MI3_240729_TY2_0296_4_V02-2_1,"건강한 국민, 안전한 사회의 코로나19 예방접종 관련 차트(가로 막대형)에 대해 알려주세요",246.21240234375,609.6512451171875,1975.9769287109375,2058.46484375
MI3_240729_TY2_0296_5_V02-2_1,제목 소제목 시각요소 제목 차트(가로 막대형)에 대해 알려주세요,262.1650085449219,532.5542602539062,2217.8349609375,2624.130126953125
MI3_240729_TY2_0296_6_V02-2_1,붙임 3 인과성검토 사례의 일반적 특성 및 추정사인/진단명 분포 차트(가로 막대형)에 대해 알려주세요,237.98440551757812,2423.80224609375,1990.3013916015625,735.626953125
MI3_240729_TY2_0296_7_V02-2_1,1~60차 피해조사반회의의 인과성 검토사례 추정진단명(다빈도) 차트(가로 막대형)에 대해 알려주세요,225.9594268798828,2263.109375,1996.3828125,743.4423828125
MI3_240729_TY2_0300_1_V02-1_1,정부혁신에 대한 데이터 시각화 차트(세로 막대형)에 대해 알려주세요,623.334716796875,1885.8826904296875,1069.456787109375,655.8923950195312
MI3_240729_TY2_0300_2_V01_1,정부혁신 보다 나은 정부 고혈압 관리수준 차트(세로 막대형)에 대해 알려주세요,277.5095520019531,434.08636474609375,1948.246826171875,2316.40478515625
MI3_240729_TY2_0304_1_V02-8_1,최근 8주간 주요 발생 지표 혼합형에 대해 알려주세요,256.4768371582031,1443.5810546875,1975.3656005859375,789.7716674804688
MI3_240729_TY2_0304_2_V02-4_1,"최근 전국 연령대별 발생률 추이(인구 10만명 당, 명) 차트(꺾은선형)에 대해 알려주세요",247.91188049316406,2532.791015625,1969.1190185546875,628.4686889648438
MI3_240729_TY2_0304_3_V02-8_1,"<연령대별 누적 사망률(10만 명당), 치명률('22.5.14. 0시 기준)> 혼합형에 대해 알려주세요",275.5700988769531,1029.9136962890625,1893.517822265625,626.6621704101562
MI3_240729_TY2_0304_4_V01_1,주요 변이 오미크론 구분 분석주차 분석 건수 건 검출률에 대해 알려주세요,236.74049377441406,2601.080078125,1999.3115234375,572.799560546875
MI3_240729_TY2_0304_5_V02-8_2,"12/11,776 혼합형에 대해 알려주세요",258.6767578125,2498.208984375,982.341552734375,526.319091796875
MI3_240729_TY2_0304_6_V02-2_1,"건강한 국민, 안전한 사회에 대한 연구 결과를 시각적으로 표현한 막대형 차트에 대해 알려주세요",455.9552307128906,936.6171264648438,1540.5289306640625,622.4813842773438
MI3_240729_TY2_0304_7_V02-4_1,최근 8주간 연령군별 주간 일평균 발생률 꺾은선형에 대해 알려주세요,268.1548156738281,851.6475830078125,1966.308837890625,774.2179565429688
MI3_240729_TY2_0304_8_V02-4_1,일별 신규 확진자 현황 꺾은선형에 대해 알려주세요,252.32562255859375,531.0732421875,1943.669189453125,760.610595703125
MI3_240729_TY2_0304_9_V02-1_2,지난 4주간 주별 연령별 신규 확진자 비율 차트(세로 막대형)에 대해 알려주세요,249.942626953125,2345.26904296875,1954.2374267578125,840.212890625
MI3_240729_TY2_0306_1_V02-8_1,현재흡연율 차트(혼합형)에 대해 알려주세요,1240.6409912109375,1903.2933349609375,967.8019409179688,628.5634765625
MI3_240729_TY2_0306_2_V02-8_4,건강생활실천율 시·군구 중앙갑 혼합형에 대해 알려주세요,242.85202026367188,889.5245971679688,1974.9677734375,803.94287109375
MI3_240729_TY2_0306_3_V02-8_1,비만유병률 시각요소 혼합형에 대해 알려주세요,240.59104919433594,2411.96923828125,1977.731201171875,770.417724609375
MI3_240729_TY2_0306_4_V02-8_3,중앙갑 차트(혼합형)에 대해 알려주세요,1245.056640625,2382.5224609375,954.0996704101562,586.0939331054688
MI3_240729_TY2_0306_5_V01_1,정부혁신 관련 지표에 대해 알려주세요,227.2065887451172,442.7055969238281,2004.9300537109375,2708.77783203125
MI3_240729_TY2_0306_6_V01_1,정부혁신 + 12月55 보다나은 정부 힘이라 복지와 관련된 자료의 차트(표) 타입에 대해 알려주세요,221.8193817138672,589.8339233398438,2012.5130615234375,2492.03955078125
MI3_240729_TY2_0306_7_V01_1,정부혁신과 관련된 통계 지표를 보여주는 차트에 대해 알려주세요,213.20452880859375,386.28955078125,2039.328857421875,2716.836181640625
MI3_240729_TY2_0306_9_V01_1,정부혁신 + 05 보다나은 정부 힘이라 복지와 관련된 훈격 구분 기관명 및 성명 표에 대해 알려주세요,246.404052734375,502.0525817871094,2004.875244140625,2679.8779296875
MI3_240729_TY2_0308_1_V02-4_1,주간 인플루엔자 의사환자 분율 꺾은선형에 대해 알려주세요,1288.0218505859375,452.9577331542969,950.4283447265625,508.96380615234375
MI3_240729_TY2_0308_2_V01_1,절기별 유행기준 및 유행주의보 발령 시정 표에 대해 알려주세요,330.8524475097656,439.7851257324219,1873.439453125,779.5975341796875
MI3_240729_TY2_0308_3_V02-4_1,주간 인플루엔자 의사환자 분율 차트(꺾은선형)에 대해 알려주세요,227.73976135253906,2225.345703125,2012.8726806640625,656.04736328125
MI3_240729_TY2_0323_1_V01_1,위기단계 하향에 따른 코로나19 대응 지침 개정 내용과 관련된 시각요소 제목 및 표에 대해 알려주세요,232.97286987304688,1300.515380859375,2012.3052978515625,1899.7069091796875
MI3_240729_TY2_0323_2_V01_1,T01 T02 V01 차트에 대해 알려주세요,242.43797302246094,488.8727111816406,2007.0701904296875,1054.1959228515625
MI3_240729_TY2_0323_3_V01_1,주간 발생 동향 표에 대해 알려주세요,238.392822265625,692.7861328125,2015.333740234375,575.9984130859375
MI3_240729_TY2_0323_4_V01_1,5월 4주차 종합평가 결과 표에 대해 알려주세요,245.0183868408203,1028.9627685546875,1989.255859375,449.6304931640625
MI3_240729_TY2_0323_5_V02-8_1,신규 확진자수 및 발생률 추이 차트(혼합형)에 대해 알려주세요,272.9613952636719,2394.569091796875,1950.278564453125,644.8598022460938
MI3_240729_TY2_0323_6_V02-8_1,WHO 세부계통 점유율(%) 혼합형 차트에 대해 알려주세요,236.85986328125,737.88134765625,1991.33349609375,1297.0562744140625
MI3_240729_TY2_0323_7_V01_1,권역별 주간 일평균 확진자 수 표에 대해 알려주세요,240.0462646484375,1737.46240234375,2013.9429931640625,673.0809936523438
MI3_240729_TY2_0323_8_V02-1_3,< 해외유입 국적별 내국인 외국인 차트(세로 막대형)에 대해 알려주세요,254.10958862304688,1491.946533203125,1956.206298828125,1612.10400390625
MI3_240729_TY2_0323_9_V02-8_1,붙임 2 코로나19 국외 발생 동향 차트(혼합형)에 대해 알려주세요,262.87677001953125,1317.1695556640625,1970.383056640625,769.5987548828125
MI3_240729_TY2_0325_1_V02-1_1,"제목과 추진목적, 차경고그림 인지 건강에 대한 차트(세로 막대형)에 대해 알려주세요",126.38701629638672,666.73876953125,955.74560546875,1041.029296875
MI3_240729_TY2_0325_2_V01_1,주요결과 에 대해 알려주세요,113.0362548828125,592.0612182617188,1025.012451171875,2446.75830078125
MI3_240729_TY2_0341_1_V02-8_1,최근 5년간 월별 장출혈성대장균감염증 환자 발생 현황 혼합형에 대해 알려주세요,586.798095703125,1885.9031982421875,1270.8006591796875,765.7239990234375
MI3_240729_TY2_0341_2_V01_1,정부혁신과 대한민국 대전환에 대한표에 대해 알려주세요,239.71728515625,528.8633422851562,1996.8583984375,2548.015869140625
MI3_240729_TY2_0341_3_V01_1,정부혁신 + 대한민국 대전환 보다 나은 정부 차트(세로 막대형)에 대해 알려주세요,226.37924194335938,742.5219116210938,2018.2059326171875,768.7930908203125
MI3_240729_TY2_0366_1_V01_1,저출산 통계지표 표에 대해 알려주세요,274.92138671875,1679.341064453125,1937.4322509765625,1162.5943603515625
MI3_240729_TY2_0366_2_V02-4_1,연령별 출산율 꺾은선형에 대해 알려주세요,256.62548828125,347.0556335449219,1980.7989501953125,2632.14697265625
MI3_240729_TY2_0366_3_V02-4_2,성별 가사노동시간 차트(꺾은선형)에 대해 알려주세요,254.26849365234375,1399.1163330078125,1971.278076171875,1776.7359619140625
MI3_240729_TY2_0366_4_V02-1_1,남자 여자 차트(세로 막대형)에 대해 알려주세요,252.91143798828125,1423.333740234375,1987.7523193359375,1742.9813232421875
MI3_240729_TY2_0366_5_V02-4_3,전체 부모 육아휴직 사용률 꺾은선형 차트에 대해 알려주세요,250.94387817382812,322.482177734375,1977.8612060546875,2710.497314453125
MI3_240729_TY2_0381_1_V03_1,< 작성 방법 개요 > 다이어그램에 대해 알려주세요,349.751708984375,1425.0860595703125,1887.3990478515625,419.33544921875
MI3_240729_TY2_0385_1_V02-1_1,2016년 상반기 어류양식 동향에 대해 알려주세요,285.02294921875,2275.707275390625,1889.3956298828125,956.02392578125
MI3_240729_TY2_0385_2_V02-1_2,반반기 양식 어종별 어가 수 가로 막대형에 대해 알려주세요,247.53982543945312,606.61376953125,1916.2567138671875,829.7855224609375
MI3_240729_TY2_0385_3_V01_1,상반기 종사자 동향 표에 대해 알려주세요,228.06149291992188,1160.3114013671875,2041.7078857421875,833.3385620117188
MI3_240729_TY2_0385_4_V01_1,상반기 주요 어류 생산 동향 표에 대해 알려주세요,229.12808227539062,1011.2659912109375,2034.638671875,1038.77001953125
MI3_240729_TY2_0385_5_V01_1,2015년부터 2016년까지의 생산금액 데이터에 대해 알려주세요,223.666015625,1047.89306640625,2046.8004150390625,1047.218017578125
MI3_240729_TY2_0385_6_V01_1,어류양식 수면적 동향 차트(세로 막대형)에 대해 알려주세요,230.737548828125,1047.788330078125,2033.2181396484375,1145.3824462890625
MI3_240729_TY2_0385_7_V01_1,합계 표에 대해 알려주세요,228.91212463378906,1024.8729248046875,2040.8033447265625,933.2941284179688
MI3_240729_TY2_0385_8_V01_1,상반기 주요 어류 양식 동향 표에 대해 알려주세요,230.9778289794922,1011.0414428710938,2033.321533203125,1183.45947265625
MI3_240729_TY2_0399_1_V02-3_1,2009년 어업별 생산량 차트(원형)에 대해 알려주세요,320.0792541503906,1204.770263671875,830.9926147460938,734.2425537109375
MI3_240729_TY2_0399_2_V02-1_1,어업별 생산동향 연근해 어업 생산동향 차트(세로 막대형)에 대해 알려주세요,243.90309143066406,2370.17431640625,1982.51123046875,833.066162109375
MI3_240729_TY2_0399_3_V02-1_1,천해양식어업 생산동향 차트(세로 막대형)에 대해 알려주세요,243.3007354736328,2364.14208984375,1980.836669921875,835.771240234375
MI3_240729_TY2_0399_4_V02-1_1,원양어업 생산동향 차트(세로 막대형)에 대해 알려주세요,253.7810516357422,2194.06787109375,1955.8414306640625,984.156982421875
MI3_240729_TY2_0399_5_V02-1_1,라. 내수면어업 생산동향에 대한 세로 막대형 차트에 대해 알려주세요,260.3559265136719,1920.734130859375,1961.9610595703125,1059.171142578125
MI3_240729_TY2_0401_1_V01_1,"9월 인구이동 전년동월대비 2010년 2011년 2012년 이동자수(천명, %)에 대해 알려주세요",384.5674133300781,2032.7325439453125,1684.099853515625,500.8958435058594
MI3_240729_TY2_0401_2_V01_1,전국 인구이동 추이에 대해 알려주세요,229.10162353515625,917.8875122070312,2012.5074462890625,802.1405639648438
MI3_240729_TY2_0401_3_V02-1_1,[그림 2] 2012년 9월 시도별 순이동률 차트(세로 막대형)에 대해 알려주세요,269.7564392089844,2481.242431640625,1916.4815673828125,714.119140625
MI3_240729_TY2_0431_2_V02-8_1,가을배추 재배면적 및 가격 동향 혼합형에 대해 알려주세요,302.97796630859375,2404.371826171875,1885.8497314453125,663.764404296875
MI3_240729_TY2_0431_3_V02-8_1,가을무 재배면적 가격 동향 혼합형에 대해 알려주세요,302.2160339355469,2411.72119140625,1884.073486328125,660.128662109375
MI3_240729_TY2_0441_1_V02-4_1,2012년 다문화인구동태통계결과 요약 차트(꺾은선형)에 대해 알려주세요,1275.106201171875,704.9915161132812,900.798095703125,685.0471801757812
MI3_240729_TY2_0441_2_V02-4_1,[그림1] 혼인건수 추이에 대해 알려주세요,1267.429443359375,2485.28125,932.140380859375,625.1029663085938
MI3_240729_TY2_0441_3_V01_1,[표2] 다문화 유형별 규모 및 비중 표에 대해 알려주세요,277.0910949707031,2501.180908203125,1239.198974609375,635.4989624023438
MI3_240729_TY2_0441_4_V02-4_2,29세미만 30·24세 차트(영역형)에 대해 알려주세요,243.404052734375,2475.6943359375,1773.998291015625,644.9879760742188
MI3_240729_TY2_0441_5_V02-4_1,(주)문화예술인한국연구제지원회 한국인(출생기준) 간편전 차트(꺾은선형)에 대해 알려주세요,262.71636962890625,2484.133544921875,1963.5767822265625,598.013671875
MI3_240729_TY2_0451_1_V01_1,< 쌀 생산량 및 벼 재배면적 현황 > 표에 대해 알려주세요,257.12030029296875,1976.3504638671875,1969.753173828125,897.6912231445312
MI3_240729_TY2_0478_1_V02-8_1,한국판뉴딜과 관련된 차트(혼합형)에 대해 알려주세요,266.59576416015625,520.8272705078125,1955.23681640625,591.8363037109375
MI3_240729_TY2_0478_2_V02-3_1,감염경로 구분 원형 차트에 대해 알려주세요,638.581787109375,1774.1390380859375,1199.361572265625,1204.3995361328125
MI3_240729_TY2_0478_3_V02-1_1,한국판뉴딜과 관련된 RT 차트(세로 막대형)에 대해 알려주세요,270.8290710449219,1805.59912109375,1929.70458984375,1031.04736328125
MI3_240729_TY2_0478_4_V01_1,주요 집단 발생 현황 표에 대해 알려주세요,232.04855346679688,494.8233947753906,2035.769287109375,2654.58740234375
MI3_240729_TY2_0486_1_V02-4_1,해제자 현황 차트(꺾은선형)에 대해 알려주세요,283.109130859375,876.3167114257812,1901.87939453125,886.69384765625
MI3_240729_TY2_0486_2_V02-8_2,경북지역일일신규 및 누적 확진자 현황 혼합형에 대해 알려주세요,688.4489135742188,591.9069213867188,1527.5777587890625,972.2109375
MI3_240729_TY2_0486_3_V02-8_2,경기지역 확진자 현황 차트(혼합형)에 대해 알려주세요,668.0595092773438,1944.4110107421875,1526.569091796875,964.0327758789062
MI3_240729_TY2_0486_4_V02-1_1,일일 신규 확진자 현황 차트(세로 막대형)에 대해 알려주세요,658.3917846679688,604.6279296875,1538.70703125,1000.1160888671875
MI3_240729_TY2_0486_5_V02-8_1,사양지수 차트(혼합형)에 대해 알려주세요,527.790283203125,1498.7332763671875,1424.5013427734375,1658.3658447265625
MI3_240729_TY2_0486_6_V02-8_1,사망자수 및 치명률 혼합형 차트에 대해 알려주세요,250.62770080566406,1875.243896484375,1930.3963623046875,863.6564331054688
MI3_240729_TY2_0490_2_V01_1,연결되어 있는 우리 표에 대해 알려주세요,240.34580993652344,732.288330078125,1982.015380859375,569.743408203125
MI3_240729_TY2_0490_3_V01_1,"정부혁신 + 대한민국 대전환 보다나은 정부 한국판뉴딜 건강한 국민, 안전한 사회와 관련하여 연령 및 지역별 현황 차트에 대해 알려주세요",260.9316711425781,1536.0379638671875,1974.3465576171875,623.038818359375
MI3_240729_TY2_0490_4_V01_1,정부혁신 관련 내용과 2022년 국민소통단 활동계획에 대해 알려주세요,280.5704040527344,430.49603271484375,1924.3480224609375,2370.299560546875
MI3_240729_TY2_0515_1_V02-8_1,< 전자상거래액 및 전년동분기비 > 차트(혼합형)에 대해 알려주세요,370.2857666015625,2294.439453125,1792.8421630859375,866.8554077148438
MI3_240729_TY2_0515_2_V01_1,< 사이버쇼핑 거래액 동향 > 표에 대해 알려주세요,319.98388671875,1409.060791015625,1930.81298828125,629.2825317382812
MI3_240729_TY2_0525_1_V01_1,<표 1> 운영주체별 농업법인 수 표에 대해 알려주세요,240.88845825195312,1505.398193359375,1993.6187744140625,719.1563720703125
MI3_240729_TY2_0525_2_V01_1,농업법인 종사자 현황 표에 대해 알려주세요,331.9248962402344,903.4212036132812,1908.0137939453125,425.05303955078125
MI3_240729_TY2_0525_3_V01_1,농업법인 경영경지면적 표에 대해 알려주세요,233.278564453125,1592.2794189453125,2012.861328125,709.2683715820312
MI3_240729_TY2_0525_4_V02-3_1,[농작물 재배유형별 면적현황] 차트(원형)에 대해 알려주세요,689.7242431640625,2175.6357421875,1315.770263671875,781.714599609375
MI3_240729_TY2_0525_5_V01_1,<표 7> 운영주체별 어업법인수 표에 대해 알려주세요,238.3147735595703,1370.6961669921875,2003.6988525390625,787.5106201171875
MI3_240729_TY2_0543_1_V02-1_1,1인당 연간 쌀 소비량 차트(세로 막대형)에 대해 알려주세요,456.3025207519531,2557.379638671875,1589.563720703125,652.148681640625
MI3_240729_TY2_0543_2_V01_1,<표 2> 표에 대해 알려주세요,396.2171325683594,1450.60107421875,1778.4454345703125,587.5804443359375
MI3_240729_TY2_0543_3_V02-3_1,<그림 3> 용도별 1인당 연간 쌀 소비량 차트에 대해 알려주세요,474.2336120605469,2713.26806640625,1661.178466796875,484.0556335449219
MI3_240729_TY2_0543_4_V01_1,월별 1인당 1일 쌀 소비량 표에 대해 알려주세요,233.59608459472656,1322.594482421875,2021.9017333984375,927.9201049804688
MI3_240729_TY2_0543_5_V01_1,주요 쌀 소비국 1인당연간 쌀 소비량 표에 대해 알려주세요,294.74237060546875,1867.67431640625,1875.681396484375,757.77587890625
MI3_240729_TY2_0543_6_V01_1,<표 6> 곡류별1인당연간소비량 표에 대해 알려주세요,403.410400390625,1730.7093505859375,1763.70947265625,766.4757690429688
MI3_240729_TY2_0543_7_V01_1,농가·비농가 1인당 연간 양곡 소비량 표에 대해 알려주세요,366.46942138671875,1518.4130859375,1868.02099609375,905.0365600585938
MI3_240729_TY2_0543_8_V01_1,<표 8> 용도별 1인당 연간 양곡 소비량 표에 대해 알려주세요,390.566650390625,1238.3934326171875,1782.748291015625,1107.7169189453125
MI3_240729_TY2_0562_1_V01_1,2011년 기준 광업·제조업조사 잠정결과 총괄 연도별 주요지표 추이에 대해 알려주세요,236.6679229736328,1891.2813720703125,2004.138916015625,1055.751953125
MI3_240729_TY2_0562_2_V01_1,제조업 업종별 종사자수 및 부가가치 구성비 순위 표에 대해 알려주세요,241.7308807373047,698.4989013671875,1993.9815673828125,867.091552734375
MI3_240729_TY2_0562_3_V01_1,제조업 출하액 동향 제조업 출하액 주요 증감 산업 표에 대해 알려주세요,242.4418182373047,1534.6571044921875,1999.10302734375,1250.9757080078125
MI3_240729_TY2_0562_4_V01_1,< 제조업 구조별 출하액 구성비 > 표에 대해 알려주세요,234.09527587890625,1217.005859375,2012.3631591796875,681.0634765625
MI3_240729_TY2_0562_5_V01_1,<전자산업의 주요지표> 표에 대해 알려주세요,232.92135620117188,1891.818115234375,2015.6309814453125,1285.1029052734375
MI3_240729_TY2_0562_6_V01_1,주요지표 표에 대해 알려주세요,235.96881103515625,2751.111328125,2010.5150146484375,391.25830078125
MI3_240729_TY2_0565_1_V02-8_1,I. 2011년 생명표 요약 혼합형에 대해 알려주세요,1348.20458984375,720.6940307617188,840.2171630859375,702.2376708984375
MI3_240729_TY2_0565_2_V02-8_1,기대수명(년) 남녀차이(년) 차트에 대해 알려주세요,373.1220397949219,2333.599365234375,1737.096923828125,808.7394409179688
MI3_240729_TY2_0565_3_V02-1_1,[그림 2] 성· 연령별 기대여명(2011년) 차트(세로 막대형)에 대해 알려주세요,318.3842468261719,2017.007568359375,1854.5816650390625,1086.580322265625
MI3_240729_TY2_0565_4_V02-4_1,0세에서 특정 연령까지의 생존확률 꺾은선형에 대해 알려주세요,353.21319580078125,1252.1519775390625,1735.1346435546875,700.8028564453125
MI3_240729_TY2_0565_5_V02-4_1,출생아의 사망확률 차트(꺾은선형)에 대해 알려주세요,284.7816162109375,2296.469970703125,1901.8790283203125,748.547119140625
MI3_240729_TY2_0565_6_V02-1_1,[그림 7] 차트(세로 막대형)에 대해 알려주세요,321.7377624511719,1380.189208984375,1819.408203125,922.658935546875
MI3_240729_TY2_0569_1_V01_1,<표1> 전국가구 가구당 월평균 소득 표에 대해 알려주세요,245.21315002441406,1343.442626953125,1998.626220703125,863.9505615234375
MI3_240729_TY2_0569_2_V02-4_1,전국가구 가구당 월평균 소비지출 추이에 대해 알려주세요,259.1630859375,2370.134521484375,1947.267333984375,816.209228515625
MI3_240729_TY2_0569_3_V02-4_1,전국가구 평균소비성향 추이 차트(꺾은선형)에 대해 알려주세요,301.7119140625,2372.450439453125,1871.29248046875,808.1123046875
MI3_240729_TY2_0569_4_V02-4_1,분위별 소득 및 소비지출 차트(꺾은선형)에 대해 알려주세요,274.510986328125,2411.03955078125,1929.79833984375,779.3417358398438
MI3_240729_TY2_0575_1_V02-4_1,가구당 월평균 소득증감률 추이 꺾은선형 차트에 대해 알려주세요,264.945556640625,2416.15234375,1902.895751953125,773.6310424804688
MI3_240729_TY2_0575_2_V01_1,<표2>가구당 월평균 소비지출 표에 대해 알려주세요,238.99533081054688,1262.9462890625,2008.3350830078125,982.806640625
MI3_240729_TY2_0575_3_V02-4_1,평균소비성향 추이 차트(꺾은선형)에 대해 알려주세요,256.29168701171875,2383.890869140625,1913.162109375,763.483642578125
MI3_240729_TY2_0575_4_V02-4_1,< 그림 4> 소득 5분위별 소득 및 소비지출 증가율 추이(연간) 차트(꺾은선형)에 대해 알려주세요,276.5903625488281,2361.943115234375,1940.15673828125,758.435546875
MI3_240729_TY2_0575_5_V02-4_1,< 그림 5> 소득 5분위별 소득 및 소비지출 증가율 추이(분기) 차트(꺾은선형)에 대해 알려주세요,265.98822021484375,2224.119384765625,1951.6802978515625,785.910400390625
MI3_240729_TY2_0575_6_V02-4_1,< 지니계수 추이(가처분소득 기준) > 차트(꺾은선형)에 대해 알려주세요,247.3017578125,1200.9560546875,1920.4693603515625,888.0817260742188
MI3_240729_TY2_0588_2_V02-1_1,자산의 유형별 비중 차트(세로 막대형)에 대해 알려주세요,233.27420043945312,2491.559814453125,985.50537109375,849.2072143554688
MI3_240729_TY2_0588_3_V02-8_1,[그림 5] 가구당 순자산 보유액 구간별 가구분포 혼합형에 대해 알려주세요,236.9036865234375,2022.2969970703125,1794.43701171875,1201.3145751953125
MI3_240729_TY2_0588_4_V02-1_1,주요국의 순자산 10분위 점유율 차트에 대해 알려주세요,1246.838623046875,2365.330078125,1035.885986328125,771.3427734375
MI3_240729_TY2_0588_5_V02-1_1,[그림 8] 소득 5분위별 순자산액 차트(세로 막대형)에 대해 알려주세요,483.8602294921875,2130.294189453125,1529.048828125,815.835205078125
MI3_240729_TY2_0591_1_V01_1,"국제인구이동 추이, 2000-2011 표에 대해 알려주세요",243.66546630859375,1967.1260986328125,1996.253662109375,1239.220703125
MI3_240729_TY2_0591_3_V02-4_1,2000-2011 꺾은선형에 대해 알려주세요,297.2268371582031,349.0348815917969,1842.9495849609375,818.8443603515625
MI3_240729_TY2_0591_5_V01_1,"[표 7] 주요국 체류자격별 입국자 구성비 추이, 2010-2011 표에 대해 알려주세요",235.47752380371094,329.3409729003906,2001.73583984375,1069.0479736328125
MI3_240729_TY2_0591_6_V02-4_1,7. 월별 내외국인 국제이동 꺾은선형에 대해 알려주세요,249.83383178710938,1799.4267578125,1951.33203125,1376.0751953125
MI3_240729_TY2_0591_7_V01_1,월별 국제인구이동 추이(내외국인) 차트에 대해 알려주세요,231.80694580078125,325.2021789550781,2011.3624267578125,2074.908447265625
MI3_240729_TY2_0598_1_V01_1,연도별 소득종류별 농가소득 표에 대해 알려주세요,307.7861022949219,1797.6285400390625,1995.97802734375,563.3587646484375
MI3_240729_TY2_0598_2_V01_1,연도별 농가의 농업외 소득 표에 대해 알려주세요,309.5611267089844,1462.5386962890625,1988.6348876953125,668.2623291015625
MI3_240729_TY2_0598_3_V02-1_1,소비지출 차트(세로 막대형)에 대해 알려주세요,498.3446960449219,2431.483642578125,1508.00537109375,793.5382690429688
MI3_240729_TY2_0598_4_V01_1,연도별 농가자산 표에 대해 알려주세요,298.51678466796875,1537.8016357421875,1994.645263671875,919.0191650390625
MI3_240729_TY2_0598_5_V02-1_1,농업용 및 가계용 부채에 관한 시각적 표현에 대해 알려주세요,483.9420471191406,2525.585205078125,1519.62158203125,676.5238647460938
MI3_240729_TY2_0610_1_V02-8_1,2011년 어류양식동향조사 결과와 연도별생산동향 혼합형 차트에 대해 알려주세요,343.8349914550781,2614.554931640625,1800.78466796875,579.18701171875
MI3_240729_TY2_0610_2_V02-1_1,양식방법별 어가 동향 차트(세로 막대형)에 대해 알려주세요.,464.45135498046875,1227.5028076171875,1709.0506591796875,517.7647094726562
MI3_240729_TY2_0610_3_V02-1_1,어종별 생산동향 차트(세로 막대형)에 대해 알려주세요,456.0432434082031,876.5984497070312,1719.3548583984375,597.9008178710938
MI3_240729_TY2_0610_4_V02-1_1,어종별종묘입식 동향 차트(세로 막대형)에 대해 알려주세요,447.87481689453125,2553.591552734375,1723.0233154296875,599.7509765625
MI3_240729_TY2_0610_5_V02-1_2,어종별 사료 투입량 차트(가로 막대형)에 대해 알려주세요,479.3604431152344,2648.748779296875,1701.4556884765625,577.578369140625
MI3_240729_TY2_0612_1_V01_2,부문별 거래내역 표에 대해 알려주세요,354.98333740234375,1319.7633056640625,1853.5123291015625,327.5880126953125
MI3_240729_TY2_0612_2_V01_3,<주요 상품군별 거래액> 표에 대해 알려주세요,311.6652526855469,2044.0537109375,1926.8748779296875,253.77783203125
MI3_240729_TY2_0612_3_V02-8_1,< 연도별 전자상거래 규모 차트(혼합형)에 대해 알려주세요,397.2994689941406,563.9098510742188,1713.14111328125,956.1693115234375
MI3_240729_TY2_0612_4_V02-8_1,사이버쇼핑거래액 전년동비 추이 차트(혼합형)에 대해 알려주세요,370.72662353515625,2279.57861328125,1713.5048828125,894.929443359375
MI3_240729_TY2_0612_5_V02-8_1,사이버쇼핑거래액 + 전년동분기비 차트(혼합형)에 대해 알려주세요,418.420654296875,2337.279052734375,1746.821533203125,844.154296875
MI3_240729_TY2_0617_1_V01_1,2011년말 국가자산 규모에 대한 표에 대해 알려주세요,325.0334777832031,2476.292724609375,1923.7396240234375,572.992919921875
MI3_240729_TY2_0617_2_V01_2,2011년말 자 산 농림 광업 전기가스 서비스 업 기준에 대해 알려주세요,336.6653137207031,1117.3419189453125,1896.6722412109375,499.1172790527344
MI3_240729_TY2_0617_3_V02-1_1,<국가자산의 추이> 차트(세로 막대형)에 대해 알려주세요,284.4009094238281,2315.409423828125,1881.9071044921875,840.350341796875
MI3_240729_TY2_0617_4_V01_1,<유형고정자산의 추이> 표에 대해 알려주세요,286.67572021484375,1415.1015625,1957.287109375,663.1448364257812
MI3_240729_TY2_0617_5_V02-1_1,토지자산의 지목별 추이 차트(세로 막대형)에 대해 알려주세요,287.931884765625,2327.6025390625,1883.059814453125,828.69287109375
MI3_240729_TY2_0617_6_V02-1_1,08개 도지역 차트(세로 막대형)에 대해 알려주세요,278.181640625,2315.556396484375,1894.13037109375,771.74658203125
MI3_240729_TY2_0618_1_V02-8_1,미래로 통하는 빛 공정사회! 10a당쌀 생산량 및 생산비 추이에 대해 알려주세요,331.8730163574219,2574.976318359375,1819.23193359375,605.134033203125
MI3_240729_TY2_0618_2_V01_1,2011년산 논벼(쌀) 생산비 관련된 시각요소 표에 대해 알려주세요,231.26268005371094,1376.906494140625,2027.75927734375,555.481689453125
MI3_240729_TY2_0618_3_V01_2,< 연도별 순수익 및 소득 추이> 표에 대해 알려주세요,290.8130187988281,2136.794189453125,1958.656494140625,931.4843139648438
MI3_240729_TY2_0618_4_V01_1,2011년산 논벼(쌀) 생산비와 관련된 표에 대해 알려주세요,230.09335327148438,1521.845458984375,2018.5218505859375,1540.8095703125
MI3_240729_TY2_0618_5_V01_1,"(단위: 원, %, kg) 구 분 표에 대해 알려주세요",232.36474609375,2422.22314453125,2016.677734375,804.92529296875
MI3_240729_TY2_0618_6_V01_1,< 10a당 총수입 > 표에 대해 알려주세요,237.92208862304688,883.2211303710938,2013.4317626953125,697.88916015625
MI3_240729_TY2_0627_1_V01_1,이 통계 자료에서 제시된 만족도에 대한 차트(세로 막대형)에 대해 알려주세요.,284.996337890625,1375.998046875,1900.0543212890625,561.7034301757812
MI3_240729_TY2_0627_2_V02-4_1,여성인구 추이 꺾은선형에 대해 알려주세요,324.8409423828125,1411.6961669921875,1809.0230712890625,526.89501953125
MI3_240729_TY2_0627_3_V01_1,여성가구주 통계 표에 대해 알려주세요,285.2165832519531,1896.208984375,1898.4530029296875,931.3424682617188
MI3_240729_TY2_0627_4_V01_1,혼인 통계에 대한 표에 대해 알려주세요,283.5603332519531,1948.662353515625,1909.109375,875.862548828125
MI3_240729_TY2_0627_5_V01_1,연령별 출산율에 대한 표에 대해 알려주세요,286.4377136230469,2055.722412109375,1903.79541015625,900.7392578125
MI3_240729_TY2_0627_6_V02-8_1,출생아수 및 출생성비에 대해 알려주세요,301.4626159667969,1179.9263916015625,1866.007080078125,602.548583984375
MI3_240729_TY2_0637_1_V02-4_1,[그림1] 전국 월별출생 추이 차트(꺾은선형)에 대해 알려주세요,254.88815307617188,1047.880859375,1953.781005859375,697.09765625
MI3_240729_TY2_0637_2_V02-4_1,[그림2]전국월빌사망 꺾은선형에 대해 알려주세요,249.8754425048828,976.3133544921875,1961.802978515625,709.385986328125
MI3_240729_TY2_0637_3_V01_2,[표6] 시도별 혼인건수 표에 대해 알려주세요,254.4893341064453,1976.94677734375,1974.5157470703125,1294.6165771484375
MI3_240729_TY2_0637_4_V02-4_1,[그림4] 전국 월별 이혼 추이 차트(꺾은선형)에 대해 알려주세요,257.5290222167969,970.7066650390625,1959.722900390625,711.4154663085938
MI3_240730_TY2_0001_1_V02-6_1,특정국가 수임핀중도 차트(분산형)에 대해 알려주세요,454.7668151855469,1992.9530029296875,830.4508056640625,477.440673828125
MI3_240730_TY2_0007_1_V02-8_1,주요 10 X 희소금속 수입량 감소 차트(혼합형)에 대해 알려주세요,515.3739624023438,1603.55517578125,1482.0458984375,561.0963134765625
MI3_240730_TY2_0028_3_V01_1,C제품과 D제품의 평균가격에 대한 차트에 대해 알려주세요,396.33538818359375,2383.55517578125,1766.5548095703125,635.7763671875
MI3_240730_TY2_0028_4_V01_1,T01 T02 T03 차트(세로 막대형)에 대해 알려주세요,384.5744323730469,2615.127685546875,1782.259765625,632.230712890625
MI3_240730_TY2_0046_1_V01_1,농축수산물 수입가격지수 동향 표에 대해 알려주세요,319.9002990722656,969.7927856445312,1787.8526611328125,582.0007934570312
MI3_240730_TY2_0046_3_V01_1,주요 일반채소류 수입가격 동향 차트에 대해 알려주세요,259.3515625,2113.458740234375,1956.4974365234375,964.6759643554688
MI3_240730_TY2_0046_4_V01_1,주요 곡물류 수입가격 동향 차트에 대해 알려주세요,269.845703125,1960.8837890625,1936.0321044921875,937.9857788085938
MI3_240730_TY2_0049_1_V02-4_1,수출검증 업체(개) 337 291 222 84 2011 2012 2013 2014(예상) 꺾은선형 차트에 대해 알려주세요,288.0810546875,412.52252197265625,918.5035400390625,525.0226440429688
MI3_240730_TY2_0050_1_V02-3_1,'13년 기업규모별 소비재 수출 현황에 대한 차트(원형)에 대해 알려주세요,267.9467468261719,2542.318115234375,1223.762451171875,650.2326049804688
MI3_240730_TY2_0050_2_V01_1,II. 품목별 소비재 수출 동향 비율 차트에 대해 알려주세요,302.0656433105469,1154.006591796875,1949.230712890625,671.0131225585938
MI3_240730_TY2_0056_1_V02-1_1,홍차와 녹차의 수입 비중 차트(세로 막대형)에 대해 알려주세요,908.885009765625,2757.829833984375,702.1534423828125,450.23388671875
MI3_240730_TY2_0110_1_V01_1,"'세수증대 효과', '매출증대 효과'에 대한 표 에 대해 알려주세요",249.31483459472656,983.6050415039062,2000.8946533203125,1411.7244873046875
MI3_240730_TY2_0126_1_V01_1,코로나19 예방접종 추진 현황에 대한 차트(세로 막대형)에 대해 알려주세요,232.2057647705078,1407.2464599609375,2038.7822265625,1248.7557373046875
MI3_240730_TY2_0135_1_V01_1,"확진자 성별, 연령별 발생현황 표에 대해 알려주세요",239.5897979736328,556.7431030273438,1991.826904296875,1084.709716796875
MI3_240730_TY2_0152_1_V01_1,T04 에 대해 알려주세요,237.68588256835938,586.3945922851562,2012.2139892578125,1255.081298828125
MI3_240730_TY2_0171_1_V01_1,정부혁신 + 대한민국 대전환 보다 나은 정부의 코로나19 관련 지표에 대해 알려주세요,246.517578125,697.7732543945312,2001.4339599609375,2443.130126953125
MI3_240730_TY2_0171_2_V01_1,예방접종차트(세로 막대형)에 대해 알려주세요,245.8904571533203,356.5834045410156,2002.251953125,583.9305419921875
MI3_240730_TY2_0171_3_V01_1,11월 주별 통계 에 대해 알려주세요,238.99415588378906,1938.5723876953125,2003.6717529296875,578.2188720703125
MI3_240730_TY2_0173_1_V02-2_1,< 해외감염병 관심도 > 차트(가로 막대형)에 대해 알려주세요,282.9739990234375,832.5928344726562,947.462646484375,529.3704223632812
MI3_240730_TY2_0190_1_V01_1,코로나바이러스감염증-19 확진환자 검사현황 차트(세로 막대형)에 대해 알려주세요,242.73997497558594,1976.7464599609375,2005.7906494140625,558.2159423828125
MI3_240730_TY2_0191_1_V01_1,레지오넬라증 개요 차트에 대해 알려주세요,230.5286102294922,515.3015747070312,1997.274169921875,2565.42578125
MI3_240730_TY2_0198_1_V01_1,접종자 현황과 구분에 대해 알려주세요,231.4070281982422,1350.6761474609375,2038.3306884765625,1212.5760498046875
MI3_240730_TY2_0198_4_V01_1,정부혁신 대한 한국 대전환에 대해 알려주세요,325.74041748046875,2001.1971435546875,1908.4017333984375,939.9329223632812
MI3_240730_TY2_0201_1_V01_1,코로나19 국내 발생 현황 표에 대해 알려주세요,238.4495086669922,2165.404541015625,1991.9881591796875,842.0302124023438
MI3_240730_TY2_0214_1_V02-5_4,기타 AY와 관련된 점유율 변화 차트(영역형)에 대해 알려주세요,1335.87158203125,427.9751281738281,928.293701171875,570.076904296875
MI3_240730_TY2_0218_1_V02-8_1,일일신규및누적확진자 현황 혼합형에 대해 알려주세요,251.0279998779297,772.2352294921875,1965.017578125,1045.02587890625
MI3_240731_TY2_0003_1_V02-8_1,일일 신규 및 누적 확진자 현황 차트(혼합형)에 대해 알려주세요,233.5701446533203,759.2208251953125,2010.4041748046875,1105.0849609375
MI3_240731_TY2_0003_2_V02-1_1,복지와 함께 만드는 복지에 대해 알려주세요,456.227783203125,1508.5999755859375,1530.28369140625,1654.7275390625
MI3_240731_TY2_0003_3_V01_1,(단위: 명) 표에 대해 알려주세요,286.6836242675781,1939.959716796875,1819.122314453125,880.8104248046875
MI3_240731_TY2_0004_1_V02-8_2,누적 격리중·격리 해제자 현황 차트(혼합형)에 대해 알려주세요,301.3203430175781,2261.74951171875,1828.6719970703125,849.7744140625
MI3_240731_TY2_0004_2_V02-8_2,건강한 국민에 대한 차트(혼합형)에 대해 알려주세요,626.0806274414062,2450.76025390625,1579.145751953125,595.140380859375
MI3_240731_TY2_0004_3_V02-8_2,강원 이동평균 차트(혼합형)에 대해 알려주세요,586.4921875,1775.371826171875,1606.3421630859375,547.04736328125
MI3_240731_TY2_0004_4_V02-8_1,< 위중증 현황 > 혼합형에 대해 알려주세요,265.83935546875,525.0007934570312,1934.093994140625,582.0236206054688
MI3_240731_TY2_0005_1_V02-4_1,최근 2절기 인플루엔자의사환자 분율 현황 차트(꺾은선형)에 대해 알려주세요,461.63201904296875,1835.37646484375,1569.68408203125,800.7750854492188
MI3_240731_TY2_0005_2_V02-8_1,정부혁신과 대한민국 대진환의 관련성과 소아 코로나19 예방접종 통계에 대해 알려주세요,316.9216003417969,1135.55078125,930.123779296875,565.427001953125
MI3_240731_TY2_0005_3_V02-8_1,정부혁신 대한민국 대진환 보다나은 정부 한국판뉴딜 차트(혼합형)에 대해 알려주세요,313.1448974609375,1204.095458984375,916.6419067382812,597.34228515625
MI3_240731_TY2_0018_1_V01_1,결핵 환자 수 및 비율 표에 대해 알려주세요,232.66207885742188,1835.5166015625,1955.7880859375,1340.5267333984375
MI3_240731_TY2_0018_2_V01_1,"(단위 : 명, [10만 명당 환자수], (%)) 남 여 전년 대비 증감 구분 2017 2018 신환자수 신환자율 신환자수 신환자율 차트(가로 막대형)에 대해 알려주세요",273.7487487792969,1536.4007568359375,2107.482421875,1555.18212890625
MI3_240731_TY2_0018_3_V01_2,폐결핵 종류별 차트(세로 막대형)에 대해 알려주세요,234.5763397216797,2282.58251953125,1935.1544189453125,510.7783203125
MI3_240731_TY2_0019_1_V01_2,연도 계 서울 꺾은선형에 대해 알려주세요,324.7483215332031,1685.6988525390625,1915.161376953125,636.1723022460938
MI3_240731_TY2_0019_2_V02-8_1,2020 월별 일본뇌염 매개모기 발생 현황 차트(혼합형)에 대해 알려주세요,252.39813232421875,1085.2425537109375,1282.15380859375,864.5455322265625
MI3_240731_TY2_0042_1_V01_1,1차 및 2차 접종 현황 표에 대해 알려주세요,232.84130859375,633.4677734375,2003.3642578125,1668.072509765625
MI3_240731_TY2_0044_1_V01_2,재택치료 현원에 대해 알려주세요,239.44485473632812,2161.056884765625,1968.55322265625,296.4816589355469
MI3_240731_TY2_0050_1_V02-1_1,확진자수(명) 차트(가로 막대형)에 대해 알려주세요,569.5813598632812,1503.827880859375,1379.2138671875,822.7640991210938
MI3_240731_TY2_0050_2_V02-1_1,연령별 인구 10만명당 발생률 차트(세로 막대형)에 대해 알려주세요,265.94970703125,487.9580383300781,1819.755126953125,607.1809692382812
MI3_240731_TY2_0050_3_V02-3_1,최근 2주간 감염경로별 신규환자 발생현황 원형에 대해 알려주세요,447.2767333984375,1802.4644775390625,1587.361083984375,1117.8819580078125
MI3_240731_TY2_0050_4_V01_1,확진자수 차트(세로 막대형)에 대해 알려주세요,306.05078125,1536.4815673828125,1864.006103515625,796.6419677734375
MI3_240731_TY2_0062_1_V02-8_1,코로나19 예방접종 주별 이상반응 신고율 추이 혼합형 차트에 대해 알려주세요,265.2757873535156,2395.389404296875,1922.5662841796875,760.599365234375
MI3_240731_TY2_0062_2_V01_1,제주권 표에 대해 알려주세요,237.75439453125,556.9470825195312,2010.49951171875,143.11993408203125
MI3_240731_TY2_0062_3_V02-1_1,확진지수(면) 해외유입관련 법률 및 요양병원을 주제로 한 차트(가로 막대형)에 대해 알려주세요,249.87611389160156,541.494140625,1980.76806640625,655.693359375
MI3_240731_TY2_0062_4_V02-3_1,신규 연령별 이상반응 신고현황 차트(원형)에 대해 알려주세요,413.7239074707031,2407.982177734375,936.6891479492188,574.43017578125
MI3_240731_TY2_0062_5_V01_1,코로나19 예방접종 후 이상반응 신고현황 표에 대해 알려주세요,311.789794921875,706.8557739257812,1850.8746337890625,1119.001953125
MI3_240731_TY2_0062_6_V01_1,정부혁신에 대해 알려주세요,340.21002197265625,787.04248046875,1898.7789306640625,950.7637329101562
MI3_240731_TY2_0062_7_V01_1,정부혁신 + 대한민국 대전한 보다나은 정부와 관련된 표에 대해 알려주세요,283.441650390625,361.3731994628906,1983.14208984375,819.9868774414062
MI3_240731_TY2_0062_8_V02-2_1,중증사례 기저질환 분포 차트(가로 막대형)에 대해 알려주세요,318.5492858886719,2253.474365234375,1872.648681640625,728.81494140625
MI3_240731_TY2_0087_1_V01_3,경남권 주간 일 평균 주간 누계 표에 대해 알려주세요,238.34219360351562,409.0511779785156,2005.7288818359375,272.9005432128906
MI3_240731_TY2_0087_2_V02-3_1,최근 감염경로에 대해 알려주세요,613.380859375,647.40966796875,1453.4110107421875,1415.7723388671875
MI3_240731_TY2_0106_1_V02-4_1,1 확진자 일별 추세 차트(꺾은선형)에 대해 알려주세요,251.70567321777344,1526.4371337890625,1964.826904296875,808.6484985351562
MI3_240731_TY2_0106_2_V02-8_1,대구지역 일일 신규 및 누적 확진자 현황 혼합형에 대해 알려주세요,636.71533203125,1868.5625,1576.4276123046875,1116.24853515625
MI3_240731_TY2_0106_3_V02-1_1,확진자 수에 대한 차트(세로 막대형)에 대해 알려주세요.,567.7918701171875,1477.5172119140625,1388.05322265625,826.1448974609375
MI3_240731_TY2_0111_1_V01_1,코로나19 국내 발생 및 예방접종 현황 차트에 대해 알려주세요,241.6061248779297,2716.701171875,1998.29345703125,440.907958984375
MI3_240731_TY2_0111_2_V01_1,5월 16일부터 5월 22일까지 국내 확진자 수에 대해 알려주세요,240.86888122558594,579.9063110351562,2026.678466796875,581.2012329101562
MI3_240731_TY2_0111_3_V01_1,2. 코로나19 치료병상 및 재택치료 현황 표에 대해 알려주세요,235.76112365722656,962.9561767578125,2044.3385009765625,563.4991455078125
MI3_240731_TY2_0119_1_V01_1,성별·연령별 사망현황 표에 대해 알려주세요,236.70213317871094,508.14959716796875,1986.698486328125,917.1499633789062
MI3_240731_TY2_0119_2_V01_1,"건강한 국민, 안전한 사회와 관련된 표에 대해 알려주세요.",252.861328125,549.775146484375,1995.3433837890625,2623.457275390625
MI3_240731_TY2_0119_3_V01_2,만 5~11세 기초접종 사전예약 및 접종현황 표에 대해 알려주세요,232.63873291015625,2479.514404296875,2035.0048828125,603.88427734375
MI3_240731_TY2_0135_1_V01_2,신규 확진자 및 해외 유입 사례 차트(가로 막대형)에 대해 알려주세요,229.7053985595703,1902.7166748046875,2034.59130859375,393.1297607421875
MI3_240731_TY2_0135_2_V01_2,국내 주요 발생 현황에 대해 알려주세요,243.54315185546875,601.1168212890625,2011.954345703125,508.2308349609375
MI3_240731_TY2_0140_1_V02-1_1,대국면 외국인 확진자수 표에 대해 알려주세요,702.5806884765625,500.137939453125,1050.3564453125,711.6538696289062
MI3_240731_TY2_0140_2_V02-1_1,전체 차트(세로 막대형)에 대해 알려주세요,418.5947265625,2741.69189453125,1786.6416015625,349.296630859375
MI3_240731_TY2_0155_1_V02-1_1,확진자수 및 사망지수에 대해 알려주세요,570.7533569335938,1444.624755859375,1388.8525390625,832.6952514648438
MI3_240731_TY2_0155_2_V02-1_1,연령별 인구 차트(세로 막대형)에 대해 알려주세요,236.4307403564453,1453.0638427734375,2003.7197265625,585.0533447265625
MI3_240731_TY2_0155_3_V01_1,해외유입 확진자수에 대한 표에 대해 알려주세요,296.28863525390625,1435.158935546875,1871.4217529296875,847.3883056640625
MI3_240731_TY2_0167_1_V02-1_1,연령대 별 확진자수 차트(세로 막대형)에 대해 알려주세요,567.3578491210938,1427.49462890625,1392.4014892578125,831.9760131835938
MI3_240731_TY2_0167_2_V02-8_1,일별 사망자 현황 차트(혼합형)에 대해 알려주세요,287.6262512207031,525.0643310546875,1905.5057373046875,715.9750366210938
MI3_240731_TY2_0180_1_V02-8_1,대구지역 일일 신규 및 누적 확진자 현황 혼합형에 대해 알려주세요,632.040771484375,1499.666259765625,1588.138916015625,712.9998779296875
MI3_240731_TY2_0180_2_V02-1_1,일별 신규 확진자 현황 차트(세로 막대형)에 대해 알려주세요,633.2239990234375,1606.30859375,1578.8355712890625,896.0458984375
MI3_240731_TY2_0180_3_V02-1_1,확진자수(명) 차트(가로 막대형)에 대해 알려주세요,587.3856201171875,1444.419677734375,1389.02294921875,830.4810791015625
MI3_240731_TY2_0184_1_V01_2,T04에 대해 알려주세요,241.3251190185547,557.7088012695312,2013.37158203125,510.7267150878906
MI3_240731_TY2_0208_1_V02-8_1,5년 평균발생건수(6~20년) 차트(혼합형)에 대해 알려주세요,282.335205078125,1976.43115234375,1915.2982177734375,885.3978881835938
MI3_240731_TY2_0208_2_V02-1_1,정부혁신 + 대한민국 대전환 보다나은 정부에 대해 알려주세요,289.5537414550781,467.8781433105469,1913.1419677734375,1380.5111083984375
MI3_240731_TY2_0208_3_V02-4_2,바이러스성 장관감염증과 관련된 차트(꺾은선형)에 대해 알려주세요,259.50927734375,1686.64111328125,1963.0343017578125,836.0491943359375
MI3_240731_TY2_0212_1_V02-4_1,일일 신규 확진·격리 해제자 현황 차트(꺾은선형)에 대해 알려주세요,248.5204620361328,2268.0732421875,1958.007568359375,715.4965209960938
MI3_240731_TY2_0212_2_V02-1_2,수도권지역 일일 누적 확진자 현황 차트(세로 막대형)에 대해 알려주세요,633.0516967773438,1721.15771484375,1577.4417724609375,866.3179321289062
MI3_240731_TY2_0212_3_V02-8_3,경기지역 일일 신규 및 누적 확진자 현황 혼합형에 대해 알려주세요,638.1943359375,1515.5255126953125,1571.1845703125,684.7681884765625
MI3_240731_TY2_0212_4_V02-8_1,대구지역 확진자 현황 혼합형에 대해 알려주세요,637.4489135742188,651.5221557617188,1582.67578125,660.6515502929688
MI3_240731_TY2_0212_5_V02-1_2,일별 누적 확진자 현황 차트(차트(가로 막대형)에 대해 알려주세요,630.577880859375,1619.79296875,1580.9228515625,895.2294921875
MI3_240731_TY2_0212_6_V01_1,확진자 및 사망자 통계 데이터의 표에 대해 알려주세요,231.50369262695312,452.0827331542969,1806.2130126953125,941.4122924804688
MI3_240731_TY2_0212_7_V02-1_1,연령별 인구 10만명당 발생율 차트(세로 막대형)에 대해 알려주세요,301.30731201171875,529.7938842773438,1881.815185546875,715.27734375
MI3_240731_TY2_0212_8_V01_1,확진자수에 대한 표에 대해 알려주세요,295.5586242675781,1498.2117919921875,1873.919921875,905.7288818359375
MI3_240731_TY2_0215_1_V02-8_1,일일 의심신고·확진자 현황 차트(혼합형)에 대해 알려주세요,260.10308837890625,1425.23583984375,1947.2149658203125,814.4534301757812
MI3_240731_TY2_0215_2_V02-1_2,수도권지역 일일 누적 확진자 현황 차트(세로 막대형)에 대해 알려주세요,631.8212890625,1726.33447265625,1581.715576171875,861.59912109375
MI3_240731_TY2_0215_3_V02-8_1,서울지역 일일 신규 및 누적 확진자 현황 차트(혼합형)에 대해 알려주세요,635.67626953125,2389.36669921875,1579.583984375,688.263427734375
MI3_240731_TY2_0215_4_V02-8_2,충남지역 일일 신금 및 누적 확진자 현황 혼합형에 대해 알려주세요,637.1488647460938,657.6497192382812,1577.261474609375,654.9752807617188
MI3_240731_TY2_0215_5_V02-1_1,연령별·주별 확진자 현황 차트(세로 막대형)에 대해 알려주세요,327.8551940917969,1547.4666748046875,1799.010986328125,698.6768188476562
MI3_240731_TY2_0215_6_V02-8_1,성별·연령별 사망자 현황 차트(혼합형)에 대해 알려주세요,265.93603515625,1439.6943359375,1944.3487548828125,865.0760498046875
MI3_240731_TY2_0215_7_V02-1_1,< 해외유입 확진자 현황 > 차트(세로 막대형)에 대해 알려주세요,268.9501647949219,514.9903564453125,1947.053466796875,831.8521728515625
MI3_240731_TY2_0227_1_V01_2,백신별 접종 현황 표에 대해 알려주세요,243.1355438232422,2164.509033203125,1993.39208984375,909.9364624023438
MI3_240731_TY2_0227_2_V01_1,"정부혁신 + 대한민국 대전환 보다나은 정부 건강한 국민, 안전한 사회 차트(표)에 대해 알려주세요",228.92343139648438,471.8819274902344,2025.6407470703125,2626.296630859375
MI3_240731_TY2_0227_3_V01_2,1차 접종자 제 완료 표에 대해 알려주세요,231.5977783203125,1779.0052490234375,2025.3912353515625,1410.7083740234375
MI3_240731_TY2_0227_4_V01_1,C02 에 대해 알려주세요,229.58839416503906,336.7648010253906,2035.98974609375,2827.177001953125
MI3_240731_TY2_0227_5_V01_2,전체 접종자 표에 대해 알려주세요,230.6518096923828,430.17327880859375,2024.282470703125,1737.655029296875
MI3_240731_TY2_0227_6_V01_2,잔여백신 접종 현황 표에 대해 알려주세요,231.69659423828125,418.12457275390625,2020.1473388671875,1237.6505126953125
MI3_240731_TY2_0234_1_V02-2_2,감염병 현황을 보여주는 차트(가로 막대형)에 대해 알려주세요,1346.220703125,1865.1715087890625,871.062744140625,566.4410400390625
MI3_240731_TY2_0234_2_V02-2_1,OPEN 차트(가로 막대형)에 대해 알려주세요,428.9560852050781,2488.14013671875,857.2252807617188,552.6279296875
MI3_240731_TY2_0234_3_V01_1,감염병 발생률에 대한 표에 대해 알려주세요,263.313720703125,2921.63427734375,1985.34716796875,261.680908203125
MI3_240731_TY2_0234_4_V01_1,법정감염병신고현황 차트(세로 막대형)에 대해 알려주세요,228.31863403320312,510.2877197265625,2045.643310546875,2660.1806640625
MI3_240731_TY2_0234_5_V01_1,2001-2018년도 법정감염병 사망신고현황에 대해 알려주세요,219.4336395263672,504.07861328125,2011.3870849609375,2187.337890625
MI3_240731_TY2_0234_6_V01_1,2017-2018년도 법정감염병 신고 증감 현황 차트(세로 막대형)에 대해 알려주세요,230.90362548828125,518.6934814453125,2025.9434814453125,2636.859130859375
MI3_240731_TY2_0242_1_V01_3,시도별 접종 현황에 대해 알려주세요,232.66859436035156,2349.044677734375,2024.517333984375,738.177978515625
MI3_240731_TY2_0242_2_V01_1,"정부혁신 + 대한민국 대전환 보다 나은 정부 건강한 국민, 안전한 사회에 대해 알려주세요",228.37295532226562,494.712158203125,2020.5030517578125,2611.0634765625
MI3_240731_TY2_0242_3_V01_1,"확진자 성별, 연령별 발생현황 표에 대해 알려주세요",240.82504272460938,721.2655029296875,1989.72265625,936.1665649414062
MI3_240731_TY2_0242_4_V01_2,주간 일 평균 및 누계 표에 대해 알려주세요,237.6735382080078,2407.6376953125,2009.2412109375,469.984130859375
MI3_240731_TY2_0242_5_V01_2,경북권 표에 대해 알려주세요,236.3968963623047,1664.736328125,2012.04638671875,451.385986328125
MI3_240731_TY2_0242_6_V02-3_1,정부혁신 + 대한민국 대전환 보다 나은 정부 차트(원형)에 대해 알려주세요,507.35833740234375,699.4689331054688,1559.63330078125,1415.8819580078125
MI3_240731_TY2_0250_1_V02-1_1,2019년 성·연령별 손상입원환자수 차트(세로 막대형)에 대해 알려주세요,489.40093994140625,628.6240844726562,1520.39306640625,749.2099609375
MI3_240731_TY2_0250_2_V02-2_1,연령별 중독 손상환자수 차트(가로 막대형)에 대해 알려주세요,986.9298706054688,1209.36962890625,1206.436767578125,662.8225708007812
MI3_240731_TY2_0250_3_V02-1_1,전체 입원환자 손상 입원환자 차트(세로 막대형)에 대해 알려주세요,351.6857604980469,997.4152221679688,1780.288818359375,1050.7794189453125
MI3_240731_TY2_0255_1_V02-8_2,"12,000 격리해제 약진 차트(혼합형)에 대해 알려주세요",267.080078125,1483.045166015625,1925.8848876953125,818.6787109375
MI3_240731_TY2_0255_2_V02-1_2,수도권지역 일일 누적 확진자 현황 차트(세로 막대형)에 대해 알려주세요,633.5599975585938,1703.1373291015625,1579.126220703125,897.2135620117188
MI3_240731_TY2_0255_3_V02-8_2,인천지역 일일 신규 및 누적 확진자 현황 차트(혼합형)에 대해 알려주세요,634.2138671875,2388.848876953125,1584.323974609375,689.892578125
MI3_240731_TY2_0255_4_V02-8_3,검역 일일 신규 및 누적 확진자 현황 혼합형에 대해 알려주세요,635.3803100585938,2334.741943359375,1577.87548828125,687.27734375
MI3_240731_TY2_0255_5_V01_2,< 성별·연령별 사망현황 > 표에 대해 알려주세요,258.6568908691406,529.9408569335938,1964.927734375,922.5111083984375
MI3_240731_TY2_0255_6_V02-1_1,정부혁신과 힘내라를 주제로 한 차트(세로 막대형)에 대해 알려주세요,268.7785339355469,511.179931640625,1921.781494140625,1199.456298828125
MI3_240731_TY2_0272_2_V01_1,정부혁신 다양한 복지서비스와 관련된 전신반응 시각요소에 대해 알려주세요,236.1864776611328,675.0109252929688,2021.2518310546875,1145.6373291015625
MI3_240731_TY2_0275_1_V02-8_2,해외감염병 관련 격려해제 & 객리중 혼합형에 대해 알려주세요,249.8773651123047,720.2008056640625,1945.1734619140625,779.2947998046875
MI3_240731_TY2_0275_2_V02-1_2,수도권지역 일일 누적 확진자 현황 차트(세로 막대형)에 대해 알려주세요,638.6199340820312,1723.614501953125,1559.3646240234375,868.3538208007812
MI3_240731_TY2_0275_3_V02-8_1,서울지역 확진자 현황 차트(혼합형)에 대해 알려주세요,640.884033203125,651.9193115234375,1570.168701171875,674.3911743164062
MI3_240731_TY2_0275_4_V02-8_3,검역확진자 현황 차트(혼합형)에 대해 알려주세요,640.9756469726562,2334.41064453125,1571.499267578125,679.232177734375
MI3_240731_TY2_0275_5_V02-8_1,< 위중·중증환자 현황 > 혼합형 차트에 대해 알려주세요,267.6103820800781,487.4016418457031,1913.8714599609375,553.7994384765625
MI3_240731_TY2_0275_6_V02-4_1,< 감염경로 구분에 따른 일별 신규 확진환자 현황 > 차트(꺾은선형)에 대해 알려주세요,276.69891357421875,586.4110717773438,1900.7431640625,1105.31591796875
MI3_240731_TY2_0275_7_V02-1_5,전체 차트(세로 막대형)에 대해 알려주세요,448.46453857421875,2752.322021484375,1766.816162109375,386.9484558105469
MI3_240731_TY2_0275_8_V02-1_1,복지 평생친구 힘내라 차트(세로 막대형)에 대해 알려주세요,285.2666015625,562.9719848632812,1920.3367919921875,953.82080078125
MI3_240731_TY2_0277_1_V01_1,일본뇌염 개요 표에 대해 알려주세요,235.26400756835938,452.82684326171875,2014.4940185546875,2730.407470703125
MI3_240731_TY2_0277_2_V01_1,<연도별 일본뇌염 주의보·경보 발령일 및 환자 발생현황> 표에 대해 알려주세요,276.24542236328125,1162.697509765625,1928.124755859375,582.195068359375
MI3_240731_TY2_0289_1_V02-8_2,일일 누적 격리중·격리 해제자 현황 차트(혼합형)에 대해 알려주세요,256.3246765136719,692.8919677734375,1954.331787109375,795.7183227539062
MI3_240731_TY2_0289_2_V02-5_1,수도권지역 일일 누적 확진자 현황 차트(영역형)에 대해 알려주세요,634.829345703125,1722.544921875,1578.09326171875,874.122802734375
MI3_240731_TY2_0289_3_V02-8_3,진기지역 일일 신규 및 누적 확진자 현황 혼합형에 대해 알려주세요,637.5444946289062,1523.435302734375,1588.09033203125,683.978759765625
MI3_240731_TY2_0289_4_V02-8_3,검역 일일 신규 및 누적 죽전자 현황 차트(혼합형)에 대해 알려주세요,643.010498046875,2335.8388671875,1577.9351806640625,680.4674682617188
MI3_240731_TY2_0289_5_V01_3,< 일별 사망자 현황 > 표에 대해 알려주세요,263.6701965332031,1551.1488037109375,1960.334716796875,854.9866943359375
MI3_240731_TY2_0289_6_V02-1_1,정부혁신과 힘내라 보다나은 정부에 대한 차트(세로 막대형)에 대해 알려주세요,275.2864990234375,561.0380859375,1921.1929931640625,1369.6253662109375
MI3_240731_TY2_0294_1_V02-8_2,일일 누적 격리중·격리 해제자 현황 차트(혼합형)에 대해 알려주세요,252.62718200683594,696.3824462890625,1955.982421875,794.3324584960938
MI3_240731_TY2_0294_2_V02-5_1,수도권지역 일일 누적 확진자 현황 차트(영역형)에 대해 알려주세요,628.394287109375,1716.372802734375,1589.565185546875,880.7485961914062
MI3_240731_TY2_0294_3_V02-8_3,경기지역 일일 신규 및 누적 확진지 현황 혼합형에 대해 알려주세요,634.3800048828125,1524.7396240234375,1584.69970703125,684.9863891601562
MI3_240731_TY2_0294_4_V02-8_3,경이 일일신규및누적·펴진지 현황 혼합형에 대해 알려주세요,641.0936279296875,2334.431640625,1578.8870849609375,679.193359375
MI3_240731_TY2_0294_5_V02-3_1,감염경로구분에 따른 현황 원형 차트에 대해 알려주세요,532.8712768554688,1948.6993408203125,1381.0401611328125,1185.8216552734375
MI3_240731_TY2_0294_6_V02-1_1,정부혁신과 복지에 대한 차트(세로 막대형)에 대해 알려주세요,448.59564208984375,2857.453369140625,1753.84326171875,320.378173828125
MI3_240731_TY2_0294_7_V02-1_1,해외유입 확진자 현황 차트(세로 막대형)에 대해 알려주세요,277.911865234375,510.7973327636719,1904.066162109375,1142.4853515625
MI3_240731_TY2_0294_8_V02-1_2,연령대별 검사 건수에 관한 차트(세로 막대형)에 대해 알려주세요,259.5401916503906,976.0269165039062,1961.0748291015625,897.3140258789062
MI3_240731_TY2_0296_1_V01_1,"정부혁신 + 대한민국 대전환 보다나은 정부 건강한 국민, 안전한 사회 시각 요소 제목과 관련된 표에 대해 알려주세요.",239.93731689453125,472.825439453125,2024.9217529296875,2703.46435546875
MI3_240731_TY2_0296_2_V01_3,확진자 관리 현황 표에 대해 알려주세요,236.57199096679688,786.285400390625,2000.1939697265625,579.4420776367188
MI3_240731_TY2_0296_3_V01_1,전체 접종률 현황 표에 대해 알려주세요,227.35765075683594,790.519287109375,2015.6561279296875,853.0731201171875
MI3_240731_TY2_0296_4_V01_1,"정부혁신 대한민국 대전환 보다나은 정부 한국판뉴딜 건강한 국민, 안전한 사회에 대한 표에 대해 알려주세요",226.62232971191406,357.1318359375,2065.3583984375,2819.2490234375
MI3_240731_TY2_0296_5_V01_1,구분 합계 서울 부산 대구 인천 광주 대전 울산 세종 경기 강원 충북 충남 전북 전남 경북 경남 제주 표에 대해 알려주세요,226.72047424316406,349.1775207519531,2061.1787109375,1342.743408203125
MI3_240731_TY2_0296_6_V01_2,전체 접종자 표에 대해 알려주세요,228.6479034423828,350.61822509765625,2037.91748046875,1440.535888671875
MI3_240731_TY2_0296_7_V01_3,잔여백신 접종 현황 본문 표에 대해 알려주세요,227.469482421875,2674.408935546875,2012.7288818359375,487.3412780761719
MI3_240731_TY2_0296_8_V01_2,중대한 이상반응과 관련된 차트에 대해 알려주세요,231.335693359375,2650.916259765625,2054.495849609375,539.3881225585938
MI3_240731_TY2_0336_1_V02-3_1,"정부혁신 + 대한민국 대전환 보다나은 정부 한국판뉴딜 건강한 국민, 안전한 사회와 관련하여 원형 차트에 대해 알려주세요",454.0345153808594,749.6461791992188,1369.017822265625,1582.051513671875
MI3_240731_TY2_0336_2_V01_1,6월 4주 6월 5주 7월 1주 7월 2주 표에 대해 알려주세요,233.08920288085938,1539.439697265625,2026.4429931640625,1312.9287109375
MI3_240731_TY2_0336_3_V02-4_1,신규 확진자 차트(꺾은선형)에 대해 알려주세요,248.95962524414062,2340.161376953125,1961.0606689453125,807.678955078125
MI3_240731_TY2_0336_4_V02-1_2,해외유입 확진자 현황 차트(세로 막대형)에 대해 알려주세요,292.16455078125,1423.888916015625,1869.475341796875,938.0859375
MI3_240731_TY2_0336_5_V02-8_1,아스트라제네카 백신 관련 데이터 차트(혼합형)에 대해 알려주세요,300.92108154296875,388.3390197753906,1905.7255859375,796.7510375976562
MI3_240731_TY2_0336_6_V01_1,예방접종 이상반응 신고 현황에 대해 알려주세요,245.1772918701172,1424.760498046875,2009.8931884765625,1694.10498046875
MI3_240731_TY2_0336_7_V01_2,피해조사반 심의사례 중 사망사례 추정사인(다빈도) 표에 대해 알려주세요,236.86984252929688,622.688720703125,2035.7130126953125,1341.7591552734375
MI3_240731_TY2_0336_8_V01_1,백신종류 구분 표에 대해 알려주세요,236.7033233642578,440.9921875,2005.01416015625,1347.8753662109375
MI3_240731_TY2_0339_1_V02-3_2,원형 차트에 대해 알려주세요,425.2978210449219,2764.023193359375,1603.66455078125,336.070556640625
MI3_240731_TY2_0339_3_V01_1,다양한 복지서비스에 대한 통계와 차트에 대해 알려주세요,238.38351440429688,573.2186279296875,1994.96826171875,206.17767333984375
MI3_240731_TY2_0352_1_V01_1,정부혁신 대한민국 대전환에 대한 시각요소 범례와 표에 대해 알려주세요,230.57901000976562,619.7725219726562,2036.1640625,2568.06787109375
MI3_240731_TY2_0352_2_V01_1,정부혁신 대한민국 대전환에 대한 표의 내용과 관련하여 알려주세요,228.57139587402344,356.5611267089844,2039.6832275390625,2827.73974609375
MI3_240731_TY2_0352_3_V01_1,O 화이자 백신 차트(세로 막대형)에 대해 알려주세요,228.56224060058594,428.1617126464844,2054.32861328125,2761.43701171875
MI3_240731_TY2_0352_4_V01_2,얀센 백신 표에 대해 알려주세요,226.83592224121094,351.1466064453125,2051.939697265625,673.1168823242188
MI3_240731_TY2_0367_1_V02-8_2,일일 누적 격리중·격리 해제자 현황 차트(혼합형)에 대해 알려주세요,270.5986328125,1482.7896728515625,1922.848876953125,779.1810302734375
MI3_240731_TY2_0367_2_V02-8_2,인천지역 일일신규 및부작 차트(혼합형)에 대해 알려주세요,645.9453125,1854.144287109375,1560.7452392578125,627.959228515625
MI3_240731_TY2_0367_3_V02-8_2,광주지역 확진자 현황 혼합형에 대해 알려주세요,645.101806640625,657.355712890625,1563.2103271484375,642.792236328125
MI3_240731_TY2_0367_4_V02-8_1,일별 사망자 현황 차트(혼합형)에 대해 알려주세요,270.6117858886719,1956.9290771484375,1924.582763671875,916.7213134765625
MI3_240731_TY2_0367_5_V02-4_1,최근 2주간 일별 신규 확진자 현황 꺾은선형에 대해 알려주세요,525.17578125,1845.2818603515625,1456.025634765625,1265.6864013671875
MI3_240731_TY2_0422_3_V01_1,예약대상 예약기간에 대해 알려주세요,284.6762390136719,1742.018798828125,1900.76611328125,296.2312927246094
MI3_240731_TY2_0438_2_V01_1,본문에서 제시된 공통 문항에 대한 표에 대해 알려주세요,238.89747619628906,610.322998046875,1995.164306640625,2287.0947265625
MI3_240731_TY2_0438_3_V01_1,정부의 다양한 복지 서비스에 대한 정보와 시각적 데이터를 제시하는 내용에 대해 알려주세요,240.58322143554688,605.135986328125,1996.2464599609375,2573.801025390625
MI3_240731_TY2_0439_1_V02-4_1,온열질환자 수 변화 차트(꺾은선형)에 대해 알려주세요,256.94818115234375,2545.5498046875,1985.833740234375,567.1825561523438
MI3_240731_TY2_0439_2_V01_2,성별 인원 표에 대해 알려주세요,237.36392211914062,2204.30517578125,1997.5003662109375,134.57566833496094
MI3_240731_TY2_0455_1_V02-8_3,경기지역 일일신규 및 누적 확진지 현황 차트(혼합형)에 대해 알려주세요,649.748291015625,506.1858825683594,1556.707275390625,672.57666015625
MI3_240731_TY2_0455_2_V02-8_3,검역 영업 신규 뒷누직 확진자 현황 혼합형에 대해 알려주세요,643.628662109375,2414.9345703125,1563.042724609375,667.22607421875
MI3_240731_TY2_0455_3_V01_2,< 성별·연령별 사망현황 > 표에 대해 알려주세요,262.7271728515625,494.9916076660156,1962.2982177734375,1245.6759033203125
MI3_240731_TY2_0455_4_V02-1_1,< 해외유입 확진자 현황 > 세로 막대형에 대해 알려주세요,265.85687255859375,513.194091796875,1938.7520751953125,585.68896484375
MI3_240731_TY2_0462_2_V02-1_1,추석맞이 농축수산물 수입가격공개 1차 차트(세로 막대형)에 대해 알려주세요,276.1177062988281,2007.0538330078125,1943.2359619140625,1246.8446044921875
MI3_240802_TY2_0001_1_V01_3,품품군별 적발실적과 관련된 식품 비식품 계에 대해 알려주세요,285.0956726074219,1937.194580078125,1926.947509765625,424.24072265625
MI3_240802_TY2_0001_2_V01_1,적발금액 적발수량 적발건수 차트(세로 막대형)에 대해 알려주세요,279.252197265625,591.4164428710938,1951.181884765625,1655.2047119140625
MI3_240802_TY2_0011_1_V02-6_1,티타늄 수입단가 전년대비 변화 차트(분산형)에 대해 알려주세요,409.97613525390625,1682.486083984375,853.1031494140625,480.12939453125
MI3_240802_TY2_0011_2_V02-1_4,총괄 부문별 성과에 대해 알려주세요,389.153076171875,676.9859619140625,877.6324462890625,541.475830078125
MI3_240802_TY2_0011_3_V02-4_1,에 대한 꺾은선형 차트에 대해 알려주세요,582.4760131835938,1278.7757568359375,1618.342041015625,907.5147094726562
MI3_240802_TY2_0017_1_V02-8_1,10개 품목 평균대비 단가수준(%) 차트(혼합형)에 대해 알려주세요,1513.983154296875,1361.35205078125,686.1401977539062,421.755859375
MI3_240802_TY2_0017_3_V02-4_1,수입량 변화 차트(꺾은선형)에 대해 알려주세요,282.1782531738281,2709.375,582.5362548828125,451.7738952636719
MI3_240802_TY2_0017_4_V02-4_1,수입량 변화 100원 차트(꺾은선형)에 대해 알려주세요,291.8675537109375,1253.6383056640625,561.4820556640625,412.2399597167969
MI3_240802_TY2_0017_5_V02-4_1,수입량 변화 차트(꺾은선형)에 대해 알려주세요,901.0479736328125,1178.39990234375,554.2581176757812,232.820556640625
MI3_240802_TY2_0030_1_V02-3_1,주요국가 수출현황 차트(원형)에 대해 알려주세요,1314.7479248046875,2673.4443359375,823.3172607421875,509.0712585449219
MI3_240802_TY2_0030_2_V02-1_1,주요품목 수입현황 차트(세로 막대형)에 대해 알려주세요,315.2252502441406,1106.7938232421875,859.8731689453125,515.2677001953125
MI3_240802_TY2_0041_1_V02-4_1,수출 연도별 수출입단가 꺾은선형에 대해 알려주세요,473.4911193847656,1970.3345947265625,785.8967895507812,431.1419677734375
MI3_240802_TY2_0041_2_V02-1_2,급수출 연도별 수출입액 차트(세로 막대형)에 대해 알려주세요,409.2407531738281,1310.3209228515625,824.1846313476562,434.7999267578125
MI3_240802_TY2_0041_3_V02-4_1,승용차 수출입 단가 동향 꺾은선형 차트에 대해 알려주세요,1316.436279296875,877.844970703125,871.0269775390625,472.69091796875
MI3_240802_TY2_0058_1_V01_1,2012년 월말 근로자 수 현황 표에 대해 알려주세요,235.99607849121094,2447.953125,2009.739990234375,283.36328125
MI3_240802_TY2_0058_2_V01_1,월말 근로자 수 표에 대해 알려주세요,241.7572021484375,2839.675048828125,2002.8170166015625,300.0234069824219
MI3_240802_TY2_0058_3_V01_2,'13.5월 합병법인의 합병전후 매월말 근로자 수에 대해 알려주세요,232.00096130371094,258.3355712890625,2009.801513671875,411.5177001953125
MI3_240802_TY2_0058_4_V01_1,합병법인에 대해 알려주세요,234.58197021484375,258.2710876464844,2010.6756591796875,380.55584716796875
MI3_240802_TY2_0061_1_V01_1,AEO 공인 현황 에 대해 알려주세요,323.8954772949219,2697.888916015625,1916.869384765625,226.9990234375
MI3_240802_TY2_0061_2_V01_1,주요국 AEO 제도 현황 표에 대해 알려주세요,240.68336486816406,2366.226806640625,2034.79736328125,857.7177734375
MI3_240802_TY2_0070_1_V01_1,최근 10년간 주요 사무용품 수입동향과 관련된 시각요소에 대해 알려주세요.,345.9989929199219,850.2890014648438,1798.06787109375,305.9742431640625
MI3_240802_TY2_0070_2_V01_2,품목별 목록 차트에 대해 알려주세요,368.0694274902344,2552.799072265625,1855.1612548828125,647.845703125
MI3_240802_TY2_0073_1_V02-8_1,2012년 1월 수출입동향 및 I 수출 동향에 대해 알려주세요,236.6980743408203,1719.8726806640625,2045.1971435546875,733.625732421875
MI3_240802_TY2_0073_2_V01_1,"(전년동월대비, %) 표에 대해 알려주세요",231.6453094482422,2237.83203125,2034.73388671875,458.137451171875
MI3_240802_TY2_0073_3_V02-1_1,무역수지 동향 월별 무역수지 추이에 대해 알려주세요,240.53265380859375,2304.818115234375,2028.514892578125,807.451416015625
MI3_240802_TY2_0074_1_V02-6_1,10월 10대 희소금속 수입단가 및 수입량 변화 차트(분산형)에 대해 알려주세요,360.3833312988281,1630.0482177734375,1802.0125732421875,547.6815185546875
MI3_240802_TY2_0074_2_V01_1,총괄 및 희토류 차트(혼합형)에 대해 알려주세요,340.9814147949219,494.45257568359375,1880.46337890625,329.22149658203125
MI3_240802_TY2_0074_3_V01_2,증강률(%) 꺾은선형에 대해 알려주세요,1104.3463134765625,900.0973510742188,1128.0592041015625,838.4207153320312
MI3_240802_TY2_0074_4_V01_2,표에 대해 알려주세요,1106.9251708984375,2415.658447265625,1124.61767578125,827.6019897460938
MI3_240802_TY2_0074_5_V02-4_3,수입량 단위 차트(꺾은선형)에 대해 알려주세요,271.5889892578125,2288.870361328125,783.4405517578125,401.615234375
MI3_240802_TY2_0074_6_V02-4_1,T01 T02 T03 차트(꺾은선형)에 대해 알려주세요,276.9147033691406,1246.460693359375,770.6489868164062,399.8602294921875
MI3_240802_TY2_0074_7_V02-4_3,수입량 및 단가 차트(꺾은선형)에 대해 알려주세요,277.0946350097656,1246.78564453125,769.7882080078125,398.9246520996094
MI3_240802_TY2_0076_1_V02-8_1,2012년 3월 수출입동향 및 I 수출 동향에 대해 알려주세요,221.41671752929688,2059.44140625,2051.50244140625,766.144775390625
MI3_240802_TY2_0076_2_V01_1,< 용도별 수입 증감률 추이> 표에 대해 알려주세요,228.29371643066406,2185.98095703125,2025.49951171875,466.87841796875
MI3_240802_TY2_0076_3_V02-1_1,무역수지 동향 및 월별 무역수지 추이에 대해 알려주세요,268.0924987792969,2204.418212890625,2006.8472900390625,952.6217651367188
MI3_240802_TY2_0078_1_V02-8_1,2012년 10월 수출입동향 및 무역수지에 대한 월별 수출액 증감률(혼합형)에 대해 알려주세요,213.1389617919922,1956.778076171875,2041.888916015625,806.37548828125
MI3_240802_TY2_0078_2_V01_1,소비재와 원자재의 수입 변화 표에 대해 알려주세요,270.2908630371094,2107.02197265625,1992.232666015625,573.8056640625
MI3_240802_TY2_0078_3_V02-1_1,무역수지 동향 및 월별 무역수지 추이에 대해 알려주세요,280.00543212890625,2188.56103515625,1995.364990234375,988.7125854492188
MI3_240802_TY2_0082_1_V02-8_1,2013년 2월 수출입동향 및 무역수지 1 수출 동향 < 월별 수출액 및 증감률 > 혼합형에 대해 알려주세요,220.64842224121094,1524.8685302734375,2055.617919921875,844.8367919921875
MI3_240802_TY2_0082_2_V02-8_1,월별 수입액 및 증감률 혼합형에 대해 알려주세요,256.00189208984375,804.558349609375,1991.3182373046875,895.5965576171875
MI3_240802_TY2_0082_3_V02-8_1,"무역수지 동향에 대한 월별 무역수지 및 수출액, 수입액 추이에 대해 알려주세요",222.31198120117188,1714.816162109375,2045.783447265625,1024.935546875
MI3_240802_TY2_0086_1_V02-8_1,2013년 10월 수출입동향 및 무역수지 1 수출 동향 < 월별 수출액 및 증감률 > 혼합형에 대해 알려주세요,218.34620666503906,1599.7884521484375,2042.7520751953125,823.1876831054688
MI3_240802_TY2_0086_2_V02-8_1,월별 수입액 및 증감률 혼합형에 대해 알려주세요,252.11231994628906,804.6123657226562,1994.662841796875,849.29052734375
MI3_240802_TY2_0086_3_V02-8_1,3 무역수지 동향의 월별 무역수지·수출액·수입액 추이에 대해 알려주세요,233.47996520996094,1753.5023193359375,2008.432861328125,860.3372802734375
MI3_240802_TY2_0095_1_V02-6_1,250 수입단가 및 인동 차트(분산형)에 대해 알려주세요,359.0841979980469,1630.3011474609375,1806.0550537109375,546.2996826171875
MI3_240802_TY2_0095_2_V02-1_3,T01 T02 차트(세로 막대형) V02-1에 대해 알려주세요,389.97796630859375,1125.732177734375,1810.9912109375,548.5772705078125
MI3_240802_TY2_0095_3_V02-1_4,LS 수입단가 단위 차트(세로 막대형)에 대해 알려주세요,273.8739013671875,2818.53466796875,781.953369140625,405.035888671875
MI3_240802_TY2_0095_4_V01_2,증강률(%) 표에 대해 알려주세요,1105.2335205078125,2298.426025390625,1126.8770751953125,832.446044921875
MI3_240802_TY2_0095_5_V02-1_3,T01 T02 T03 차트(세로 막대형)에 대해 알려주세요,274.1225280761719,2703.359619140625,779.5466918945312,402.6007995605469
MI3_240802_TY2_0095_6_V02-1_2,수입단가 단위 8 차트(영역형)에 대해 알려주세요,272.1419677734375,1245.97509765625,773.5264892578125,404.3659362792969
MI3_240802_TY2_0095_7_V02-1_3,"10,000 수입량 단위:돈 차트(세로 막대형)에 대해 알려주세요",273.0160827636719,2728.46533203125,781.0413818359375,401.016357421875
MI3_240802_TY2_0098_1_V01_1,세로 막대형에 대해 알려주세요,363.7859802246094,800.80126953125,1851.8052978515625,400.2482604980469
MI3_240802_TY2_0098_2_V02-4_1,3월 1일 이후 대일 수출입액 차트(꺾은선형)에 대해 알려주세요,354.6723937988281,1695.0592041015625,1897.4696044921875,640.9815673828125
MI3_240802_TY2_0108_1_V02-8_1,< 월별 무역수지 비교> 차트(혼합형)에 대해 알려주세요,302.9058532714844,1518.02197265625,1852.987548828125,559.3994140625
MI3_240802_TY2_0108_2_V01_1,"(단위: 억 달러, %) 표에 대해 알려주세요",235.28277587890625,2757.7958984375,1924.1571044921875,450.5653991699219
MI3_240802_TY2_0108_3_V02-8_1,월별 수입금액 및 증감률 변동 추이에 대해 알려주세요,237.90028381347656,1272.4835205078125,1927.9967041015625,600.5198364257812
MI3_240802_TY2_0114_1_V02-8_1,2011년 5월 수출입동향 및 무역수지 I 수출 동향 < 월별 수출액 및 증감률 > 혼합형에 대해 알려주세요,221.8359375,1382.18603515625,2036.6749267578125,675.827880859375
MI3_240802_TY2_0114_2_V01_1,"(전년동기대비, %) 표에 대해 알려주세요",222.8965301513672,2102.8564453125,2044.317138671875,459.9159851074219
MI3_240802_TY2_0114_3_V02-1_1,Ⅲ 무역수지 동향월별 무역수지 추이에 대해 알려주세요,246.6818084716797,1254.455322265625,2024.7998046875,676.183349609375
MI3_240802_TY2_0153_3_V01_2,국가별 화폐 변동성에 대한 표에 대해 알려주세요,289.6746826171875,2495.0625,1968.899169921875,574.921630859375
MI3_240802_TY2_0153_4_V02-1_1,< 월별 무역수지 > 차트(세로 막대형)에 대해 알려주세요,356.55133056640625,1252.9031982421875,1906.7508544921875,585.314453125
MI3_240802_TY2_0154_1_V02-1_1,월별 수출입 및 무역수지 추이 세로 막대형 차트에 대해 알려주세요,229.5185546875,2464.369140625,2034.19482421875,717.609130859375
MI3_240802_TY2_0154_2_V01_1,주요 품목의 분기별 수출액 표에 대해 알려주세요,248.63523864746094,1022.7058715820312,1991.2025146484375,876.5205688476562
MI3_240802_TY2_0197_2_V01_1,국가별 포도주 수입 표에 대해 알려주세요,227.06341552734375,2412.800537109375,2018.88671875,817.974609375
MI3_240802_TY2_0197_4_V01_2,연도별 위스키 수입 표에 대해 알려주세요,229.66844177246094,634.3461303710938,2021.1712646484375,465.1241455078125
MI3_240802_TY2_0209_1_V01_2,2015년 4월 수출입 연간 통계에 대해 알려주세요,382.97125244140625,2790.615478515625,1823.346435546875,440.4799499511719
MI3_240802_TY2_0209_2_V02-8_1,2015년 4월 수출입동향 및 무역수지 1 수출 동향 < 월별 수출액 및 증감률 > 혼합형에 대해 알려주세요,217.135498046875,1745.3199462890625,2040.62255859375,826.424560546875
MI3_240802_TY2_0209_4_V02-8_1,3 무역수지 동향에 대해 알려주세요,233.56076049804688,2232.6318359375,2022.166259765625,898.739013671875
MI3_240802_TY2_0215_1_V02-8_1,2015년 6월 수출입동향 및 무역수지 1 수출 동향 < 월별 수출액 및 증감률 > 혼합형에 대해 알려주세요,218.15647888183594,1853.2637939453125,2034.5478515625,819.9558715820312
MI3_240802_TY2_0215_3_V02-8_1,3 무역수지 동향에 대해 알려주세요,233.13031005859375,2240.07421875,2027.023681640625,888.1015625
MI3_240802_TY2_0220_1_V01_2,T01 T02 표 V01에 대해 알려주세요,269.9052734375,2846.822021484375,1956.3460693359375,375.483642578125
MI3_240802_TY2_0220_2_V02-8_2,연도별 수출규모 변화 추이 차트(혼합형)에 대해 알려주세요,321.539306640625,1806.499755859375,930.337646484375,512.5462646484375
MI3_240802_TY2_0220_3_V02-8_1,수출가격과 수입가격 비교 차트(혼합형)에 대해 알려주세요,323.0908203125,2008.645263671875,922.783447265625,518.229736328125
MI3_240802_TY2_0228_2_V01_2,국가별 전자상거래 물품 수입통관 현황 표에 대해 알려주세요,227.90347290039062,511.9446716308594,2028.733154296875,982.2626953125
MI3_240802_TY2_0265_1_V01_1,참고2 협업 추진계획 표에 대해 알려주세요,287.14111328125,1218.27197265625,1953.1778564453125,486.9705505371094
MI3_240802_TY2_0267_2_V01_1,관세청의 소프트웨어 품질 성숙도 수준에 대한 영역 프로세스 엔지니어링 차트에 대해 알려주세요,372.2663879394531,1167.35546875,1841.2900390625,778.425537109375
MI3_240802_TY2_0275_1_V02-8_1,최근 5년간 라면 수출입 현황 혼합형에 대해 알려주세요,241.2611846923828,740.0192260742188,1996.661376953125,603.812744140625
MI3_240802_TY2_0275_2_V02-8_1,수출입 평균가격 추이에 대해 알려주세요,1247.0135498046875,2616.706298828125,972.9589233398438,518.4015502929688
MI3_240802_TY2_0277_1_V02-4_1,농산물 수입가격지수 현황 차트(꺾은선형)에 대해 알려주세요,250.52252197265625,2133.442626953125,1980.978271484375,923.7189331054688
MI3_240802_TY2_0277_2_V01_1,주요 축산물 수입가격지수 현황 표에 대해 알려주세요,224.95388793945312,610.2109375,2035.951171875,860.1815185546875
MI3_240802_TY2_0277_3_V02-4_1,수산물 차트(꺾은선형)에 대해 알려주세요,299.5672607421875,1638.9866943359375,1942.854736328125,956.275634765625
MI3_240802_TY2_0287_3_V02-8_1,< 월별 무역수지·수출액·수입액 추이> 혼합형 차트에 대해 알려주세요,230.09327697753906,2299.326171875,2032.1844482421875,926.03076171875
MI3_240802_TY2_0287_4_V01_1,'16년 11월 데이터에 대한 차트(세로 막대형)에 대해 알려주세요,274.80712890625,452.33172607421875,1991.319580078125,2741.93310546875
MI3_240802_TY2_0306_2_V01_1,Ⅱ YES FTA 전문교육 교육프로그램과 관련하여 이 시각적 요소의 내용을 알려주세요.,232.23341369628906,697.8606567382812,2017.826171875,2075.614990234375
MI3_240802_TY2_0306_3_V01_2,원산지결정 및 FTA활용실무에 대해 알려주세요,241.68017578125,1225.7418212890625,2024.0433349609375,730.0509643554688
MI3_240802_TY2_0306_4_V01_2,관세법 개요 표에 대해 알려주세요,241.72607421875,1667.37353515625,1889.15966796875,696.47119140625
MI3_240802_TY2_0306_5_V01_1,원산지검증 총칙 에 대해 알려주세요,239.14183044433594,2709.902587890625,2003.072998046875,442.1698913574219
MI3_240802_TY2_0306_6_V01_1,FTA 원산지 검증에 대한 차트(세로 막대형)에 대해 알려주세요,243.44033813476562,1036.572998046875,2004.12890625,999.837158203125
MI3_240802_TY2_0306_7_V01_2,모기업 담당자 멘트 및 업무 애로사항 사례에 대해 알려주세요,241.22312927246094,2228.514404296875,2008.062255859375,937.7658081054688
MI3_240802_TY2_0336_1_V01_2,수출입 현황에 대한 차트(세로 막대형)에 대해 알려주세요,264.4638366699219,1728.87353515625,1928.05908203125,644.225341796875
MI3_240802_TY2_0336_2_V02-8_1,< 월별 수출액 및 증감률 > 혼합형에 대해 알려주세요,209.3335723876953,1627.48974609375,2072.8974609375,851.53173828125
MI3_240802_TY2_0336_3_V01_1,"(전년 동월 대비, %) 차트(세로 막대형)에 대해 알려주세요",305.54302978515625,2190.189208984375,1966.4056396484375,1076.4173583984375
MI3_240802_TY2_0336_9_V02-8_1,무역수지 현황과 8월의 무역수지 및 수출입액 추이에 대해 알려주세요,227.62432861328125,2270.261474609375,2040.8480224609375,955.41650390625
MI3_240802_TY2_0364_2_V01_1,수출자 및 관련 기관의 목록에 대해 알려주세요,235.81809997558594,600.3676147460938,2022.8837890625,1911.6240234375
MI3_240802_TY2_0381_1_V02-4_1,한-인도 경제동반지협정 발효 10주년 수출입 동향 꺾은선형 차트에 대해 알려주세요,585.7928466796875,2340.01220703125,1334.278564453125,772.955810546875
MI3_240802_TY2_0381_2_V01_1,< 한국의 확인도 교역 현황 > 표에 대해 알려주세요,295.29034423828125,1127.840576171875,1955.1617431640625,852.2947387695312
MI3_240802_TY2_0381_3_V01_1,18년 수출 상위 10대 품목의 연도별 수출 현황 차트(세로 막대형)에 대해 알려주세요,312.4416198730469,432.22406005859375,1921.5362548828125,1386.60205078125
MI3_240802_TY2_0381_4_V01_1,수입 상위 10대 품목의 연도별 수입 현황 그래프에 대해 알려주세요,311.3375549316406,428.0408935546875,1921.956298828125,1272.917236328125
MI3_240802_TY2_0387_1_V01_1,Korea KOREA 보도자료 본문 표에 대해 알려주세요,213.7622528076172,223.61500549316406,2035.9337158203125,752.0901489257812
MI3_240802_TY2_0387_2_V01_1,분석 결과에 대해 알려주세요,402.1933288574219,1351.7266845703125,1698.0428466796875,843.6617431640625
MI3_240802_TY2_0396_1_V01_1,관세청 KOREA GNI-PASS 보도자료 교역규모(억불) 차트에 대해 알려주세요,220.47592163085938,243.4105224609375,2032.9649658203125,699.3717041015625
MI3_240802_TY2_0396_2_V01_1,한국의 주요 교역국별교역현황 에 대해 알려주세요,372.598388671875,825.5164184570312,1854.7640380859375,766.0789184570312
MI3_240802_TY2_0396_3_V01_1,이 보고서의 제목에 해당하는 산업별 FTA 활용 현황 표에 대해 알려주세요,281.9660339355469,1650.7054443359375,1928.633544921875,948.5968017578125
MI3_240802_TY2_0396_4_V01_1,참고1 FTA 발효국과의 교역 현황 표에 대해 알려주세요,229.83799743652344,678.03369140625,2033.7093505859375,2525.384033203125
MI3_240802_TY2_0396_5_V01_1,FTA 협정별 활용률에 대한 표의 내용을 알려주세요,225.68603515625,413.30523681640625,2029.9730224609375,2685.849609375
MI3_240802_TY2_0396_6_V01_1,지자체별 활용률 차트(세로 막대형)에 대해 알려주세요,228.20407104492188,460.1865234375,2018.8463134765625,2752.773193359375
MI3_240802_TY2_0398_1_V01_1,2019년 8월 수출입 현황 차트에 대해 알려주세요,375.5527038574219,1791.75927734375,1835.2998046875,541.69921875
MI3_240802_TY2_0398_2_V02-8_1,2019년 8월 수출입현황 및 무역수지 1 수출 현황 혼합형에 대해 알려주세요,209.01126098632812,1689.2645263671875,2073.05712890625,865.9673461914062
MI3_240802_TY2_0398_3_V01_1,주요 품목별 수출 증감률 차트에 대해 알려주세요,292.42596435546875,2244.06591796875,1991.0489501953125,974.440185546875
MI3_240802_TY2_0398_4_V01_2,T04에 대해 알려주세요,299.5869140625,2348.394287109375,1983.29345703125,375.66015625
MI3_240802_TY2_0398_5_V01_1,미미국 수출 추이 표에 대해 알려주세요,294.4763488769531,2912.670654296875,1985.835693359375,365.498291015625
MI3_240802_TY2_0398_6_V01_1,베트남 수출 추이 표에 대해 알려주세요,279.9179992675781,798.2581176757812,1996.806396484375,342.54669189453125
MI3_240802_TY2_0398_7_V01_2,T04에 대해 알려주세요,301.0485534667969,2817.133544921875,1979.2647705078125,468.9848327636719
MI3_240802_TY2_0398_8_V02-8_1,무역수지 현황과 관련된 월별 무역수지·수출액·수입액 추이에 대해 알려주세요,230.00132751464844,2211.33935546875,2028.1016845703125,993.9428100585938
MI3_240802_TY2_0410_1_V01_1,신속통관 지원팀 현황 표에 대해 알려주세요,242.31588745117188,2366.105712890625,2012.22998046875,865.44970703125
MI3_240802_TY2_0411_1_V01_1,관세청 보도자료 표에 대해 알려주세요,224.6272735595703,208.44998168945312,2036.0059814453125,624.8497314453125
MI3_240802_TY2_0411_2_V01_1,중량 차트(세로 막대형)에 대해 알려주세요,260.24298095703125,2779.160400390625,2024.0472412109375,467.66357421875
MI3_240802_TY2_0411_3_V01_1,주요 품목별 수출 증감률 에 대해 알려주세요,296.9931335449219,2306.87451171875,1982.376953125,959.308349609375
MI3_240802_TY2_0411_4_V01_1,화중국 수출 추이 차트에 대해 알려주세요,298.7502746582031,2348.244873046875,1982.1436767578125,374.795166015625
MI3_240802_TY2_0411_5_V01_2,밝일본 수출 추이 표에 대해 알려주세요,293.39031982421875,2912.877685546875,1986.73291015625,366.02587890625
MI3_240802_TY2_0411_6_V01_1,화베트남 수출 추이 표에 대해 알려주세요,202.8542022705078,2791.92529296875,2074.322998046875,488.287109375
MI3_240802_TY2_0411_7_V01_1,T04에 대해 알려주세요,300.8387451171875,2817.23974609375,1976.5128173828125,468.546630859375
MI3_240802_TY2_0411_8_V02-8_1,3 무역수지 현황에 대한 혼합형 차트에 대해 알려주세요,228.07369995117188,2222.639404296875,2033.793212890625,982.138916015625
MI3_240802_TY2_0442_1_V01_1,2020년 11월 월간 수출입 현황 차트에 대해 알려주세요,362.31109619140625,1835.6627197265625,1836.473388671875,548.2999267578125
MI3_240802_TY2_0442_2_V01_1,"2020년 11월 수출입현황 및 무역수지 1 수출 현황 (단위: 만톤, 전년 동월 대비 %) 표에 대해 알려주세요",257.4018859863281,2711.5380859375,2023.1190185546875,465.5859069824219
MI3_240802_TY2_0442_3_V01_1,"(단위:전년 동월 대비, %)에 대해 알려주세요",294.9456787109375,2164.14990234375,1989.3433837890625,968.317138671875
MI3_240802_TY2_0442_4_V01_2,T01 T02 T03 표에 대해 알려주세요,294.9989929199219,966.083984375,1985.619384765625,335.2674560546875
MI3_240802_TY2_0442_5_V01_2,베트남 수출 추이에 대한 차트(가로 막대형)에 대해 알려주세요,283.26617431640625,2327.2744140625,1997.4444580078125,406.225341796875
MI3_240802_TY2_0442_6_V01_1,밝중동 수출 추이 표에 대해 알려주세요,286.204833984375,706.6327514648438,1991.03857421875,377.81365966796875
MI3_240802_TY2_0442_7_V01_1,소비재 자본재에 대한 차트(세로 막대형)에 대해 알려주세요,220.9011993408203,1875.1939697265625,2058.97314453125,698.0111694335938
MI3_240802_TY2_0442_8_V02-8_1,3 무역수지 현황에 대한 월별 무역수지·수출액·수입액 추이에 대해 알려주세요,222.0153045654297,2246.843994140625,2047.0927734375,947.648681640625
MI3_240802_TY2_0459_1_V02-8_1,18~19년 평균 차트(혼합형)에 대해 알려주세요,358.2735290527344,2637.075927734375,916.3460083007812,571.8536987304688
MI3_240802_TY2_0475_1_V02-8_1,승용차 수출입 차트(혼합형)에 대해 알려주세요,369.8893127441406,1595.197998046875,1759.734130859375,449.4162292480469
MI3_240802_TY2_0487_1_V01_2,컴퓨터와 TV 관련 표에 대해 알려주세요,226.2666015625,221.66580200195312,2034.478515625,615.5263671875
MI3_240802_TY2_0492_1_V02-4_1,수출입 해상 컨테이너 신고운임 평균 월별 추이에 대해 알려주세요,287.805419921875,1654.875244140625,1925.67431640625,1020.5519409179688
MI3_240802_TY2_0533_1_V02-4_1,해상 수출입 운송비용 차트(꺾은선형)에 대해 알려주세요,234.1735382080078,733.8654174804688,1945.369873046875,1015.4835815429688
MI3_240805_TY2_0005_1_V02-4_1,최근 3개월 평균기온 변화 차트(꺾은선형)에 대해 알려주세요,363.0997314453125,1141.5560302734375,903.7676391601562,456.3626708984375
MI3_240805_TY2_0005_2_V02-1_1,연도별 강수량 세로 막대형 차트에 대해 알려주세요,286.7041015625,1639.2724609375,1892.635009765625,585.4398193359375
MI3_240805_TY2_0011_1_V01_1,경제의 품을 비꾸민 혁신 정부 미래가 달려집니다 보도자료 Press Release에 대해 알려주세요,153.02957153320312,667.911376953125,2172.97509765625,349.2903137207031
MI3_240805_TY2_0011_2_V01_1,붙임 2 공동연수회 상세계획의 시각요소 표에 대해 알려주세요,320.8396911621094,606.391845703125,1879.6414794921875,2455.64599609375
MI3_240805_TY2_0015_1_V02-5_1,5월 중순 5월 하순 6월 상순 영역형에 대해 알려주세요,216.6748046875,1591.9915771484375,2001.4163818359375,1045.2547607421875
MI3_240805_TY2_0015_2_V02-5_1,기온 분포 영역형에 대해 알려주세요,253.17137145996094,476.0042419433594,1916.58349609375,1266.7288818359375
MI3_240805_TY2_0015_3_V01_4,강수량 단위 mm 차트(꺾은선형)에 대해 알려주세요,234.21633911132812,2750.232421875,2002.5860595703125,438.92822265625
MI3_240805_TY2_0016_1_V02-5_1,1개월 및 순별 기온·강수량의 전망 표현 기준표 영역형에 대해 알려주세요,236.17575073242188,1601.718505859375,1950.4564208984375,1048.174072265625
MI3_240805_TY2_0016_2_V02-5_2,0 강수량 분포 영역형에 대해 알려주세요,259.88934326171875,1886.5169677734375,1904.68994140625,1261.693603515625
MI3_240805_TY2_0016_3_V01_4,강수량 에 대해 알려주세요,237.0568389892578,2684.3125,1993.1966552734375,437.2887878417969
MI3_240805_TY2_0018_1_V02-5_1,영역형 차트에 대해 알려주세요,208.27423095703125,505.5563659667969,1991.581787109375,1041.8155517578125
MI3_240805_TY2_0018_2_V02-5_1,기온 분포 영역형에 대해 알려주세요,260.3984069824219,477.3489685058594,1905.00634765625,1264.8148193359375
MI3_240805_TY2_0018_3_V02-4_5,서울 50 차트(꺾은선형)에 대해 알려주세요,1234.0638427734375,1014.2125244140625,1003.6784057617188,613.5626220703125
MI3_240805_TY2_0026_1_V01_1,"강서의 경제적 가치 : 강설사례(1.4, 중부지역] 에 대해 알려주세요",234.54959106445312,1565.829833984375,2009.9798583984375,1359.0545654296875
MI3_240805_TY2_0026_2_V01_1,기상청 관련 기사 내용과 폭설의 경제적 측면에 대한 시각요소 차트에 대해 알려주세요,235.13111877441406,523.052734375,1967.404052734375,2324.809326171875
MI3_240805_TY2_0032_1_V02-5_1,1개월 하순 2월 상순 2월 중순 영역형에 대해 알려주세요,220.3856658935547,466.97357177734375,1964.927734375,1046.624267578125
MI3_240805_TY2_0032_2_V02-5_2,강수량 분포 영역형에 대해 알려주세요,261.0297546386719,1886.6357421875,1901.64892578125,1260.2523193359375
MI3_240805_TY2_0032_3_V01_4,강수량 단위: mm 차트(꺾은선형)에 대해 알려주세요,237.18890380859375,2684.50244140625,1993.327880859375,436.728759765625
MI3_240805_TY2_0038_1_V01_2,서울의 기온 변화 표에 대해 알려주세요,292.93505859375,1315.7989501953125,1815.113037109375,715.8526611328125
MI3_240805_TY2_0038_2_V01_1,전국 평균 기온과 강수량의 통계에 대해 알려주세요,291.57940673828125,2417.7763671875,1883.9832763671875,715.650390625
MI3_240805_TY2_0045_1_V02-5_1,영역형 차트에 대해 알려주세요,223.25100708007812,328.4659729003906,1938.3348388671875,1039.4459228515625
MI3_240805_TY2_0045_2_V02-5_2,강수량 분포 영역형에 대해 알려주세요,267.67181396484375,1887.190673828125,1890.3763427734375,1260.014892578125
MI3_240805_TY2_0045_3_V01_4,강수량 단위 mm 차트(꺾은선형)에 대해 알려주세요,243.4470672607422,2789.786865234375,1994.4583740234375,435.6513671875
MI3_240805_TY2_0045_4_V02-5_1,2월 상순 2월 중순 2월 하순 영역형에 대해 알려주세요,213.6170196533203,467.2097473144531,1935.0247802734375,996.3118896484375
MI3_240805_TY2_0045_5_V02-5_2,0 강수량 분포 영역형에 대해 알려주세요,272.6825256347656,1887.3349609375,1883.1915283203125,1260.4212646484375
MI3_240805_TY2_0045_6_V01_4,강수량 에 대해 알려주세요,237.17221069335938,2684.400146484375,1993.288818359375,437.017822265625
MI3_240805_TY2_0048_1_V02-1_2,북한 월별 강수량 비교 차트(세로 막대형)에 대해 알려주세요,344.5628662109375,1738.168701171875,1776.39990234375,1069.3331298828125
MI3_240805_TY2_0048_2_V02-5_1,평균기온 분포도 영역형에 대해 알려주세요,533.5249633789062,420.197021484375,1406.96923828125,1173.788818359375
MI3_240805_TY2_0056_1_V02-4_1,최근 1개월 평균 기온과 강수량 꺾은선형에 대해 알려주세요,288.9400329589844,2034.0216064453125,940.6973266601562,455.4156188964844
MI3_240805_TY2_0056_2_V01_1,최근 10년 평균 기후값에 대한 표에 대해 알려주세요,312.777587890625,2473.71337890625,1866.353759765625,522.3480834960938
MI3_240805_TY2_0063_1_V02-4_1,2010년 12월 북한 일평균기온의 변화 꺾은선형에 대해 알려주세요,289.7373352050781,397.1466979980469,1887.96484375,726.9593505859375
MI3_240805_TY2_0063_2_V01_1,2011년 평균기온과 강수량에 대한 표의 내용을 알려주세요,346.2280578613281,509.7893371582031,1809.7427978515625,2046.1214599609375
MI3_240805_TY2_0071_1_V01_1,기후변화 시나리오와 관련된 정보의 제공 내용에 대해 알려주세요,236.83111572265625,2312.438232421875,1996.0980224609375,643.975830078125
MI3_240805_TY2_0071_2_V01_1,기상청 정의와 관련하여 구분 지수 정의 및 시각 요소에 대해 알려주세요.,314.1207580566406,507.7308349609375,1851.88671875,2575.21533203125
MI3_240805_TY2_0094_1_V01_1,배포일시 보도자료 Press Release 차트(세로 막대형)에 대해 알려주세요,159.6211395263672,426.0733947753906,2166.138427734375,289.3272399902344
MI3_240805_TY2_0094_2_V01_1,제목에 맞춰 날짜별 아침 최저기온과 낮 최고기온의 변화를 보여주는 표에 대해 알려주세요,287.55633544921875,2782.180419921875,1919.83544921875,362.3520202636719
MI3_240805_TY2_0097_1_V01_1,"올해 벚꽃, 평년보다 3일 정도 빨리 핀다 V에 대해 알려주세요",165.24603271484375,426.09130859375,2158.706787109375,293.758544921875
MI3_240805_TY2_0097_2_V02-5_1,영역형에 대해 알려주세요,675.2181396484375,515.4190063476562,1121.9849853515625,1197.2591552734375
MI3_240805_TY2_0104_2_V01_1,주요 관측장비 탑재 리스트 표에 대해 알려주세요,355.02301025390625,610.1551513671875,1838.7408447265625,1093.1326904296875
MI3_240805_TY2_0109_1_V02-5_2,그림 1 차트(영역형)에 대해 알려주세요,402.9708557128906,2218.09033203125,689.5234985351562,749.7721557617188
MI3_240805_TY2_0109_2_V02-5_3,그림 4 영역형에 대해 알려주세요,1296.851806640625,1853.286865234375,897.4442138671875,583.2279052734375
MI3_240805_TY2_0127_1_V02-4_1,최근 3개월 평균기온(좌)과 강수량(우)의 일변화 꺾은선형 차트에 대해 알려주세요,1318.7635498046875,1746.4591064453125,917.7952880859375,524.684326171875
MI3_240805_TY2_0127_2_V01_1,[전국 기상요소 값] 표에 대해 알려주세요,287.8522033691406,1821.8233642578125,1969.6900634765625,922.6591186523438
MI3_240805_TY2_0130_1_V01_1,내일 강원도영동 많은 눈과 관련된 차트(표)에 대해 알려주세요,158.5538787841797,426.0479431152344,2168.7177734375,286.8979797363281
MI3_240805_TY2_0130_2_V01_1,2010년 대관령 최심 적설(cm) 차트에 대해 알려주세요,314.0881652832031,482.2843933105469,932.2688598632812,2519.433349609375
MI3_240805_TY2_0162_1_V02-4_1,최근 3개월 평균기온(좌)과 강수량(우)의 일변화 차트(꺾은선형)에 대해 알려주세요,278.0033264160156,467.60791015625,1005.7049560546875,511.8580017089844
MI3_240805_TY2_0162_2_V01_1,최근 1·3개월 기후통계 분석 차트에 대해 알려주세요,287.3102111816406,1785.3585205078125,1908.8128662109375,931.6888427734375
MI3_240805_TY2_0173_1_V01_1,기상기후의 융합과 가치 확산으로 국민안전과 국가경제 선도에 대해 알려주세요,156.1240234375,425.4674377441406,2170.794189453125,292.8929748535156
MI3_240805_TY2_0173_2_V02-8_1,최근 1개월 평균 기온과 강수량 변화 혼합형에 대해 알려주세요,291.5542297363281,2133.137451171875,939.4908447265625,441.416259765625
MI3_240805_TY2_0205_1_V02-4_1,11월 중순 11월 하순 12월 상순 꺾은선형 차트에 대해 알려주세요,338.3939514160156,2137.16015625,905.8759155273438,529.365966796875
MI3_240805_TY2_0205_2_V02-8_1,평균기온 강수량에 대해 알려주세요,228.3555145263672,1599.9627685546875,1925.4886474609375,1052.59716796875
MI3_240805_TY2_0205_3_V02-8_1,0 기온 분포에 대한 혼합형 차트에 대해 알려주세요,263.9765319824219,1885.9447021484375,1892.3681640625,1261.9825439453125
MI3_240805_TY2_0205_4_V01_4,강수량 단위: mm에 대해 알려주세요,240.78558349609375,2683.9560546875,1990.174560546875,437.645263671875
MI3_240805_TY2_0212_1_V02-8_1,CHOTHAUS 혼합형 차트에 대해 알려주세요,249.91934204101562,2220.769287109375,2005.3118896484375,1085.199462890625
MI3_240805_TY2_0212_2_V02-4_1,세계지진 발생추이 차트(영역형)에 대해 알려주세요,224.63629150390625,1582.7178955078125,2032.6995849609375,966.8606567382812
MI3_240805_TY2_0221_1_V02-8_1,2013년 2월 북한 일평균기온 변화 혼합형에 대해 알려주세요,316.4923095703125,1625.8634033203125,1893.080322265625,711.7420654296875
MI3_240805_TY2_0221_2_V02-8_1,평년보다 뉴욕 고념과 방수 차트(혼합형)에 대해 알려주세요,460.6500549316406,1404.5440673828125,1473.2841796875,830.7994384765625
MI3_240805_TY2_0221_3_V01_1,2012년 겨울철 강수량과 기온 현황 차트(세로 막대형)에 대해 알려주세요,283.22760009765625,481.8813781738281,1918.686279296875,2462.661376953125
MI3_240805_TY2_0235_1_V02-8_1,2013년 봄철('13.3.1~'13.5.31) 북한 일강수량 변화 혼합형에 대해 알려주세요,347.9533996582031,577.4381713867188,1753.5462646484375,733.9217529296875
MI3_240805_TY2_0235_2_V02-8_1,2013년 5월 북한 일평균기온 변화 혼합형에 대해 알려주세요,333.31439208984375,1632.32080078125,1830.783203125,654.293212890625
MI3_240805_TY2_0243_1_V02-8_2,7월 1일~18일 누적강수량 분포도에 대해 알려주세요,532.2785034179688,1084.6927490234375,666.9487915039062,755.9337768554688
MI3_240805_TY2_0243_2_V02-8_1,7월 1일~18일 21시 평균 강수량 분포도 차트(혼합형)에 대해 알려주세요,524.4165649414062,726.9566040039062,1433.093505859375,904.8174438476562
MI3_240805_TY2_0247_1_V02-4_1,제목 분석 결과 소제목 [그림4] 보령지진의 시간적 분포 꺾은선형에 대해 알려주세요,264.0027160644531,1517.9033203125,1952.343994140625,1356.5926513671875
MI3_240805_TY2_0247_2_V02-8_1,<'07년1월~ '13년 6월 지진발생 현황> 혼합형 차트에 대해 알려주세요,436.0958251953125,696.8211669921875,1566.162109375,895.0132446289062
MI3_240805_TY2_0247_3_V02-8_1,ERH 시대 차트(혼합형)에 대해 알려주세요,359.4734191894531,1332.9853515625,1750.1646728515625,1476.379638671875
MI3_240805_TY2_0248_1_V02-8_2,최근 1개월 평균기온과 강수량 변화 차트(혼합형)에 대해 알려주세요,1259.050048828125,2276.61328125,901.7529296875,416.3454284667969
MI3_240805_TY2_0248_2_V02-8_1,기온 변화 주세 차트(혼합형)에 대해 알려주세요,288.81072998046875,1627.487548828125,1900.150390625,454.8105163574219
MI3_240805_TY2_0249_2_V02-4_1,8월 전국 45개 지점 평균기온(°C) 꺾은선형에 대해 알려주세요,401.2819519042969,1151.42626953125,1663.61181640625,762.9150390625
MI3_240805_TY2_0249_3_V02-1_1,8월 강수량(평비) 차트(세로 막대형)에 대해 알려주세요,409.9921569824219,1910.43798828125,1683.475830078125,782.859130859375
MI3_240805_TY2_0249_4_V02-4_1,그림 5 꺾은선형에 대해 알려주세요,322.01092529296875,2199.467041015625,1831.445068359375,831.16015625
MI3_240805_TY2_0254_1_V03_2,9월 강수량 평년비 분포 다이어그램에 대해 알려주세요,634.1461181640625,2419.18896484375,598.801025390625,648.152099609375
MI3_240805_TY2_0254_2_V01_1,"순별 평균, 최고, 최저기온 및 편차 표에 대해 알려주세요",442.8555908203125,2544.960205078125,1588.7213134765625,338.599853515625
MI3_240805_TY2_0254_3_V02-8_1,강수량과 관련된 데이터에 대한 혼합형 차트에 대해 알려주세요,319.91845703125,717.7158203125,1815.0728759765625,837.8939208984375
MI3_240805_TY2_0254_4_V01_1,평년값 표에 대해 알려주세요,291.1115417480469,1581.7193603515625,1882.533203125,634.7280883789062
MI3_240805_TY2_0258_1_V02-8_1,그림 2. 10월 평균기온(°C) 일변화 혼합형에 대해 알려주세요,443.0403137207031,683.9378662109375,1616.767578125,742.8970947265625
MI3_240805_TY2_0258_2_V02-8_2,10월 강수량(평비) 차트(혼합형)에 대해 알려주세요,466.3008117675781,547.6454467773438,1450.937744140625,582.3213500976562
MI3_240805_TY2_0258_3_V01_2,연도별 기상요소 값 표에 대해 알려주세요,297.2825012207031,1651.7716064453125,1876.9775390625,588.2623291015625
MI3_240805_TY2_0273_1_V02-8_2,최근 1개월 평균기온과 강수량의 혼합형 차트에 대해 알려주세요,308.6801452636719,2180.59716796875,912.670166015625,439.4057312011719
MI3_240805_TY2_0273_2_V02-8_2,최근 10년 강수량 변화 혼합형에 대해 알려주세요,288.0346984863281,1520.0889892578125,1889.561279296875,454.1968688964844
MI3_240805_TY2_0288_1_V01_1,배포일시 보도자료 표에 대해 알려주세요,159.071533203125,426.24969482421875,2169.985595703125,287.8955383300781
MI3_240805_TY2_0288_2_V01_1,제 8호 태풍 너구리의 중심위치와 관련된 표에 대해 알려주세요,315.46923828125,735.5184936523438,1832.0390625,613.7218017578125
MI3_240805_TY2_0332_1_V01_1,강수량(mm) 차트(세로 막대형)에 대해 알려주세요,442.6577453613281,502.8425598144531,1595.62548828125,2454.775390625
MI3_240805_TY2_0332_2_V01_1,중부 납부 제주 년도 시작 종료 장마기간(일) 차트에 대해 알려주세요,314.44146728515625,508.1518249511719,1847.9542236328125,2585.225341796875
MI3_240805_TY2_0332_3_V01_1,강수량 및 강수일수 차트에 대해 알려주세요,285.4541320800781,501.16937255859375,1967.473388671875,2581.72216796875
MI3_240805_TY2_0332_4_V01_1,일 최다강수량 최고순위 표에 대해 알려주세요,285.92071533203125,1476.2601318359375,1942.380615234375,740.3184814453125
MI3_240805_TY2_0332_5_V01_1,1시간강수량 최고순위 차트(세로 막대형)에 대해 알려주세요,289.74554443359375,498.9137878417969,1897.202880859375,1457.2784423828125
MI3_240805_TY2_0332_6_V01_1,지점별 장미기간 합계강수량 최고 순위 차트(세로 막대형)에 대해 알려주세요,302.16748046875,547.089599609375,1870.7052001953125,2550.04833984375
MI3_240805_TY2_0332_7_V01_1,장마 합계 표에 대해 알려주세요,302.7674255371094,459.2357482910156,1871.8255615234375,2080.020263671875
MI3_240805_TY2_0338_1_V02-8_1,평균기온과 강수량의 혼합형 차트에 대해 알려주세요,350.75244140625,509.0032043457031,1765.1917724609375,991.7750854492188
MI3_240805_TY2_0338_2_V02-8_1,월별 평균기온 전망(%) 혼합형에 대해 알려주세요,289.1672058105469,1761.5787353515625,1886.321044921875,1322.5166015625
MI3_240805_TY2_0338_3_V01_1,확률예보 해석의 기준과 관련된 표에 대해 알려주세요,297.81561279296875,496.9933776855469,1938.19873046875,672.3876342773438
MI3_240805_TY2_0339_1_V02-8_1,3개월 전망 요약 혼합형에 대해 알려주세요,280.58856201171875,1368.665283203125,1895.3580322265625,1072.81640625
MI3_240805_TY2_0339_2_V02-8_1,10월 11월 12월 지역 기간 평년값 비숫 범위에 대해 알려주세요,288.81103515625,2649.95751953125,1880.2420654296875,469.0771484375
MI3_240805_TY2_0339_3_V01_1,확률예보 해석의 기준과 관련된 차트에 대해 알려주세요,295.15802001953125,499.10980224609375,1941.7293701171875,672.7261352539062
MI3_240805_TY2_0339_4_V02-8_1,최근 3개월 평균기온과 강수량의 일변화 혼합형에 대해 알려주세요,358.941650390625,2726.53857421875,915.25927734375,333.883544921875
MI3_240805_TY2_0339_5_V02-4_1,연도별(1973년~2015년) 평균기온 꺾은선형에 대해 알려주세요,310.7707214355469,799.2864990234375,1851.5260009765625,510.30926513671875
MI3_240805_TY2_0350_1_V02-8_1,3개월전망(2017년 3월~5월) 혼합형에 대해 알려주세요,349.9664001464844,582.8919677734375,1772.6419677734375,1094.646240234375
MI3_240805_TY2_0350_2_V02-8_1,3월 4월 5월 지역 기간 평년값 (°C) 혼합형에 대해 알려주세요,293.36224365234375,489.3872375488281,1875.2149658203125,1176.475830078125
MI3_240805_TY2_0350_3_V01_1,확률예보 해석의 기준과 관련된 확률 예보 시각 요소에 대해 알려주세요,297.8673400878906,497.0303955078125,1938.0379638671875,672.2988891601562
MI3_240805_TY2_0367_1_V02-8_1,그림 1 혼합형에 대해 알려주세요,1109.6484375,1660.87646484375,1074.779052734375,478.1859130859375
MI3_240805_TY2_0367_2_V02-1_1,9월 김수량(평년비) 차트(세로 막대형)에 대해 알려주세요,1106.4921875,1883.5625,1079.582275390625,475.409912109375
MI3_240805_TY2_0367_3_V01_1,2017년 9월 기상자료 표에 대해 알려주세요,294.53564453125,1580.20556640625,1878.512939453125,717.6019897460938
MI3_240805_TY2_0367_4_V02-8_1,서울 9월 기상자료특성 혼합형에 대해 알려주세요,298.25787353515625,604.212158203125,1866.9600830078125,762.9749145507812
MI3_240805_TY2_0367_6_V01_3,1시간최다강수량 강수량 최다순위 표에 대해 알려주세요,292.41650390625,2732.9072265625,1883.182373046875,216.046630859375
MI3_240805_TY2_0367_7_V01_1,9월일최대풍속 표에 대해 알려주세요,293.04052734375,874.669921875,1882.0311279296875,216.617431640625
MI3_240805_TY2_0374_1_V01_1,12월 1월 2월 평균기온 및 강수량 표에 대해 알려주세요,294.6468811035156,1847.35107421875,1882.3961181640625,373.9262390136719
MI3_240805_TY2_0374_2_V02-8_2,비슷 확률 맛있 차트(혼합형)에 대해 알려주세요,283.1611633300781,1796.763671875,1893.609619140625,1311.9996337890625
MI3_240805_TY2_0374_3_V01_1,확률예보 해석의 기준과 관련된 확률 그래프에 대해 알려주세요,297.8449401855469,496.9863586425781,1938.0306396484375,672.4747314453125
MI3_240805_TY2_0393_1_V02-8_1,10월 11월 12월 평균기온 차트(혼합형)에 대해 알려주세요,284.71356201171875,671.4613647460938,1897.5811767578125,1231.667724609375
MI3_240805_TY2_0393_2_V02-8_1,월별 평균기온 전망 혼합형에 대해 알려주세요,291.7745056152344,477.46759033203125,1942.7054443359375,1255.228759765625
MI3_240805_TY2_0393_3_V02-8_1,붙임 2 해수면온도 현황과 전망에 대해 알려주세요,644.4437255859375,2286.7607421875,1176.192138671875,787.757568359375
MI3_240805_TY2_0393_4_V02-1_1,강수량 일변화 차트에 대해 알려주세요,353.9989929199219,2713.298583984375,922.649658203125,340.369384765625
MI3_240805_TY2_0393_5_V02-8_2,연도별 전국 강수량(10월~12월) 차트(혼합형)에 대해 알려주세요,349.77880859375,814.3268432617188,1806.988037109375,586.4052734375
MI3_240805_TY2_0406_1_V01_1,이 문서에서 3개월 전망과 관련된 평균 기온 및 강수량에 대한 내용을 차트로 보여주는 요소에 대해 알려주세요.,300.0551452636719,1931.5419921875,1887.4627685546875,745.140380859375
MI3_240805_TY2_0406_2_V01_2,월별 강수량 전망 차트에 대해 알려주세요,291.4243469238281,515.6807861328125,1897.805908203125,867.496826171875
MI3_240805_TY2_0423_1_V02-8_1,참고 3 10월 기상자료 및 관련 그래프에 대해 알려주세요,296.61029052734375,739.1445922851562,1903.5400390625,856.3525390625
MI3_240805_TY2_0423_2_V01_1,10월 일 평균기온최고 순위에 대해 알려주세요,279.40313720703125,700.3934936523438,1909.4822998046875,2444.410400390625
MI3_240805_TY2_0423_3_V01_1,T01 T02 T03 표에 대해 알려주세요,291.6064453125,1452.328369140625,1890.502685546875,835.8287353515625
MI3_240805_TY2_0423_4_V01_1,관측개시 날짜 차트(세로 막대형)에 대해 알려주세요,288.3343200683594,384.0377197265625,1904.679443359375,2780.710693359375
MI3_240805_TY2_0423_6_V01_1,관측개시 날짜 차트(세로 막대형)에 대해 알려주세요,285.2698059082031,1318.33740234375,1898.2967529296875,1809.0181884765625
MI3_240805_TY2_0423_7_V01_4,최대순간풍속 최대 순위 (단위: ms) 지점에 대해 알려주세요,293.6261901855469,2026.75,1886.4921875,462.876953125
MI3_240805_TY2_0423_8_V01_3,최저기온최저 표에 대해 알려주세요,293.372802734375,751.500244140625,1881.173095703125,254.6854248046875
MI3_240805_TY2_0428_1_V01_1,평균기온 및 강수량 관련 데이터 표에 대해 알려주세요,290.113037109375,2584.130615234375,1893.597412109375,556.10400390625
MI3_240805_TY2_0428_2_V02-8_4,강수량 퍼센타일 차트(혼합형)에 대해 알려주세요,292.4054260253906,1434.7186279296875,379.4122619628906,464.4752197265625
MI3_240805_TY2_0428_3_V01_1,요소(전국) 12월에 대해 알려주세요,290.3218078613281,1830.9996337890625,1902.24267578125,956.2001953125
MI3_240805_TY2_0428_5_V01_1,(단위: cm) 표에 대해 알려주세요,294.908203125,1630.326904296875,1888.754150390625,752.2646484375
MI3_240805_TY2_0428_6_V01_5,최대순간풍속최대 차트(혼합형)에 대해 알려주세요,290.6469421386719,2426.956298828125,1887.94384765625,479.14111328125
MI3_240805_TY2_0437_1_V01_1,3개월 전망(2020년 6월~8월) 표에 대해 알려주세요,282.6206359863281,2512.10009765625,1887.27734375,527.303466796875
MI3_240805_TY2_0437_2_V01_1,이상저온 및 이상고온 전망에 대해 알려주세요,350.905517578125,1582.553955078125,1743.447021484375,670.7650756835938
MI3_240805_TY2_0471_1_V01_1,평균 변화율 혼합형에 대해 알려주세요,441.1387634277344,1612.5445556640625,1742.848388671875,609.7542724609375
MI3_240805_TY2_0471_2_V02-1_5,연대별 호우일수 추세 차트(세로 막대형)에 대해 알려주세요,1021.9482421875,2200.639892578125,1158.7828369140625,414.4533386230469
MI3_240805_TY2_0471_3_V02-3_1,최근 30년과 과거 30년 평균기온 변화 추세 차트(원형)에 대해 알려주세요,427.1183776855469,2226.00830078125,1626.016357421875,687.88623046875
MI3_240805_TY2_0471_4_V01_1,연평균 CO2 농도와 기온 증가 표에 대해 알려주세요,336.58673095703125,729.5064697265625,1853.3594970703125,671.04248046875
MI3_240805_TY2_0473_1_V02-1_1,2021년 봄철 전국 강수량의 일변화 차트(세로 막대형)에 대해 알려주세요,367.33551025390625,1422.71044921875,1696.5316162109375,465.8734130859375
MI3_240805_TY2_0473_2_V02-8_1,전국 봄 기상자료 특성(1973~021) 혼합형에 대해 알려주세요,338.3373107910156,771.4300537109375,1811.181396484375,855.9247436523438
MI3_240805_TY2_0473_3_V02-8_1,전국 5월 기상자료 특성 혼합형에 대해 알려주세요,343.8097839355469,749.6473388671875,1837.6187744140625,870.43359375
MI3_240805_TY2_0480_1_V02-4_1,노지(밭) 환경에서의 기온 및 지면온도 분포 꺾은선형 차트에 대해 알려주세요,544.6569213867188,2330.701171875,1487.344482421875,719.7578125
MI3_240805_TY2_0480_2_V02-4_1,기온 변화 영역형에 대해 알려주세요,619.9329833984375,430.37957763671875,1348.26025390625,584.984619140625
MI3_240805_TY2_0480_3_V02-8_1,붙임 2 대상·환경별 체감온도 서비스 소개와 관련된 온열질환 대응 방법에 대해 알려주세요,301.5158386230469,2016.48583984375,783.7113037109375,553.387451171875
MI3_240805_TY2_0492_1_V01_1,기상기후의 융합과 가치 확산 표에 대해 알려주세요,155.32667541503906,424.8712158203125,2175.2109375,287.8093566894531
MI3_240805_TY2_0492_2_V02-8_2,2005년 제14호 태풍 '나비(NABI) 진로도 혼합형에 대해 알려주세요,298.9061584472656,1436.5118408203125,907.9627685546875,811.6365356445312
MI3_240805_TY2_0493_1_V01_2,연도 기온 평균 최고 평균 최저 평균 강수량 일수 강수 시간에 대해 알려주세요,287.7810363769531,2322.26171875,1917.1871337890625,739.12744140625
MI3_240805_TY2_0493_2_V02-8_1,서울12월기상자료 특성 혼합형에 대해 알려주세요,305.39520263671875,637.9630737304688,1868.17041015625,583.0220336914062
MI3_240805_TY2_0493_3_V01_2,연대별 기온과 강수량에 대해 알려주세요,289.1805725097656,2384.14599609375,1900.556884765625,692.62255859375
MI3_240805_TY2_0493_4_V02-8_1,기후특성 혼합형에 대해 알려주세요,307.25933837890625,636.4810791015625,1862.3408203125,584.9301147460938
MI3_240805_TY2_0500_1_V02-8_1,10월 평균기온과 강수량 변화에 대한 혼합형 차트에 대해 알려주세요,1089.4208984375,996.92333984375,1087.2593994140625,498.2885437011719
MI3_240805_TY2_0500_2_V02-1_1,10월 강수량(평년대비) 차트(세로 막대형)에 대해 알려주세요,323.734130859375,1238.82275390625,379.8212890625,467.923583984375
MI3_240805_TY2_0500_3_V01_1,요소(전국) 10월 차트(세로 막대형)에 대해 알려주세요,294.47369384765625,1602.987060546875,1880.3035888671875,629.8662109375
MI3_240805_TY2_0500_4_V01_2,기상요소 분석 결과 표에 대해 알려주세요,287.0673522949219,2256.90478515625,1867.7061767578125,877.8639526367188
MI3_240805_TY2_0513_1_V02-8_2,이상고온 발생일수 혼합형에 대해 알려주세요,1239.6630859375,531.9810180664062,938.7247314453125,996.4132690429688
MI3_240805_TY2_0513_2_V02-4_1,Ⅱ. 엘니뇨·라니냐 전망 꺾은선형에 대해 알려주세요,311.2170104980469,1170.0989990234375,866.32421875,705.3409423828125
MI3_240805_TY2_0513_3_V02-8_1,기온 전망 차트(혼합형)에 대해 알려주세요,1370.2529296875,1703.1600341796875,800.2762451171875,533.6168212890625
MI3_240805_TY2_0513_4_V02-8_2,[그림 5] 연도별(1973년~2019년) 전국 강수량(11월~1월) 혼합형 차트에 대해 알려주세요,320.8769226074219,1868.754638671875,1840.0634765625,466.8481140136719
MI3_240805_TY2_0521_1_V01_1,전국 및 주요지점 기온과 날씨에 대해 알려주세요,230.06076049804688,936.2249145507812,1900.66943359375,2193.474609375
MI3_240805_TY2_0521_3_V01_1,T01 T02 T03 V01에 대해 알려주세요,227.66976928710938,305.3389587402344,1905.4554443359375,1056.8389892578125
MI3_240805_TY2_0525_1_V02-8_1,2021 Leeend JSM 차트(혼합형)에 대해 알려주세요,1236.54638671875,1772.546142578125,1002.30859375,1295.3944091796875
MI3_240805_TY2_0525_2_V02-8_2,Lagend 2cm<3 ISM ISMES 지진 발생 차트(혼합형)에 대해 알려주세요,757.594970703125,1961.072265625,950.0198364257812,1162.1971435546875
MI3_240805_TY2_0534_1_V01_1,공간 배경에 대해 알려주세요,352.35198974609375,2618.337646484375,1887.8372802734375,532.2557983398438
MI3_240805_TY2_0534_2_V01_1,확장 가상 세계 행사에 대해 알려주세요,350.2988586425781,850.1792602539062,1887.921630859375,546.0586547851562
MI3_240805_TY2_0546_1_V02-8_2,최근 12년간 동북아시아 지역 메탄 농도변화 차트(혼합형)에 대해 알려주세요,337.4678955078125,930.1918334960938,1907.178466796875,646.3640747070312
MI3_240805_TY2_0546_2_V01_1,2022년 동북아시아 지역 이산화탄소 농도의 월별 변화 표에 대해 알려주세요,216.10940551757812,1023.6165161132812,2051.197265625,633.4998779296875
MI3_240805_TY2_0546_3_V01_1,온실가스 감시를 위한 위성 자료의 차트에 대해 알려주세요,330.6631774902344,872.09033203125,1817.6605224609375,1654.624267578125
MI3_240805_TY2_0547_1_V01_1,2022년 우리나라 이상기후에 의한 분야별 주요 피해 현황에 대해 알려주세요,233.91973876953125,512.9705200195312,2043.635986328125,2445.450439453125
MI3_240805_TY2_0549_1_V02-8_2,지진 발생 위치 및 진도 상세정보 차트(혼합형)에 대해 알려주세요,1353.8724365234375,2111.470458984375,703.988037109375,532.778564453125
MI3_240805_TY2_0549_2_V01_2,지진발생통계와 관련된 표 형식의 내용에 대해 알려주세요,265.0326232910156,487.1690979003906,1930.1846923828125,743.9569702148438
MI3_240805_TY2_0549_3_V02-8_1,이번 지진의 발생위치와 관련된 데이터 시각화 혼합형에 대해 알려주세요.,276.57269287109375,490.9652099609375,1907.0455322265625,1163.462158203125
MI3_240805_TY2_0570_1_V02-8_1,2023년 지진 분포도 차트(혼합형)에 대해 알려주세요,247.8996124267578,1788.12646484375,1967.75244140625,1227.81640625
MI3_240805_TY2_0572_1_V01_1,2024 동해안 지진해일 개요 및 시각요소 타입에 대해 알려주세요,269.505126953125,585.6372680664062,1960.0264892578125,2477.0078125
MI3_240805_TY2_0572_2_V01_1,2024 동해안 지진해일에 대해 알려주세요,233.92239379882812,508.547119140625,2023.7625732421875,2531.469482421875
MI3_240805_TY2_0575_1_V01_1,접속자 수 표에 대해 알려주세요,227.1479034423828,2233.62353515625,2029.010009765625,219.05442810058594
MI3_240805_TY2_0585_1_V01_1,개선 사항 표에 대해 알려주세요,301.05047607421875,2363.314453125,1910.1005859375,776.28369140625
MI3_240805_TY2_0585_2_V01_1,진도 표에 대해 알려주세요,316.5142517089844,2328.782470703125,1837.1243896484375,751.625244140625
MI3_240806_TY2_0009_1_V01_1,스마트혁신 신기술 시연과제 표에 대해 알려주세요,278.419921875,1104.49658203125,1960.8160400390625,1746.951171875
MI3_240806_TY2_0147_2_V01_1,과태료 부과 기준 표에 대해 알려주세요,237.95091247558594,2537.410888671875,1980.909423828125,484.3446960449219
MI3_240806_TY2_0149_1_V02-4_1,< 월별 무역수지 비교 > 차트(꺾은선형)에 대해 알려주세요,293.1524963378906,1412.75341796875,1868.4969482421875,654.904296875
MI3_240806_TY2_0149_2_V01_1,1.2007년8월 월별 금액 및 증감률에 대해 알려주세요,236.0836639404297,2723.249755859375,1921.2757568359375,446.2824401855469
MI3_240806_TY2_0149_3_V02-8_1,월별 수입금액 및 증감률 변동 추이에 대해 알려주세요,237.8710174560547,1170.8924560546875,1922.287109375,659.004150390625
MI3_240806_TY2_0153_2_V02-6_1,업체별 수출입 단가 추세와 관련된 꺾은선형 차트에 대해 알려주세요,358.9989929199219,954.4307250976562,1846.75341796875,584.0559692382812
MI3_240806_TY2_0160_1_V01_1,I. 와인 수입 동향 차트(세로 막대형)에 대해 알려주세요,246.20138549804688,2039.7374267578125,2005.798828125,1170.0833740234375
MI3_240806_TY2_0160_2_V01_1,구분 표에 대해 알려주세요,249.95741271972656,2560.407958984375,1986.7122802734375,652.7236328125
MI3_240806_TY2_0160_3_V01_2,수입량 변화 추이에 대해 알려주세요,242.32644653320312,2289.018310546875,1981.217529296875,908.3734741210938
MI3_240806_TY2_0170_2_V01_1,"12년, 주요 사료 및 사료원료 수입 동향에 대해 알려주세요.",318.70635986328125,2356.7109375,1932.8355712890625,816.4518432617188
MI3_240806_TY2_0170_3_V01_1,수입중량 및 수입가격 변화 표에 대해 알려주세요,337.1874694824219,2379.03271484375,1907.0697021484375,688.7643432617188
MI3_240806_TY2_0174_1_V02-1_2,최근 주류 수출입 동향 차트(가로 막대형)에 대해 알려주세요,1326.3975830078125,2754.33935546875,856.7212524414062,435.559326171875
MI3_240806_TY2_0174_2_V02-3_1,소주 수출대상국 차트(원형)에 대해 알려주세요,1338.1553955078125,2543.646728515625,856.5972900390625,494.0820007324219
MI3_240806_TY2_0174_3_V01_1,맥주 수출 동향 표에 대해 알려주세요,427.3069763183594,1654.19091796875,1852.7611083984375,525.2158203125
MI3_240806_TY2_0204_1_V02-4_1,2012년 12월 기상 특성에 대한 꺾은선형 그래프에 대해 알려주세요,332.4438171386719,2180.088623046875,1271.095458984375,547.8280639648438
MI3_240806_TY2_0204_3_V02-8_1,전국 12월 기상자료 특성 차트(혼합형)에 대해 알려주세요,410.8013000488281,662.6875,1658.710205078125,832.6455078125
MI3_240806_TY2_0204_4_V01_1,요인 분석 표에 대해 알려주세요,292.7275085449219,1582.667236328125,1856.58447265625,525.364013671875
MI3_240806_TY2_0204_5_V01_2,참고자료 4 12월 지점별 극값 경신 현황 차트에 대해 알려주세요,283.3136291503906,644.743896484375,1878.9342041015625,516.5958251953125
MI3_240806_TY2_0204_6_V01_2,일최고기온(최저) 표에 대해 알려주세요,283.8942565917969,2192.302734375,1895.15966796875,907.337646484375
MI3_240806_TY2_0204_7_V01_1,관측개시 날짜 표에 대해 알려주세요,283.0343933105469,496.89520263671875,1854.98876953125,1780.15771484375
MI3_240806_TY2_0205_1_V02-1_1,지역별 지진발생 현황 차트(세로 막대형)에 대해 알려주세요,285.2397766113281,1104.33203125,1909.68212890625,1031.8524169921875
MI3_240806_TY2_0205_2_V02-8_1,연도별 지진발생 추이 혼합형에 대해 알려주세요,291.2173156738281,402.0283508300781,1899.63134765625,1110.513427734375
MI3_240806_TY2_0205_3_V01_1,T01 T02 C01 V01에 대해 알려주세요,287.8459167480469,388.0730285644531,1889.49072265625,2683.71435546875
MI3_240806_TY2_0205_4_V01_1,2012년 지진발생현황 표에 대해 알려주세요,311.3400573730469,619.7515258789062,1858.741943359375,330.32232666015625
MI3_240806_TY2_0218_2_V01_1,2012년도 기상기후산업 시장규모 조사 결과와 관련하여 차트(표) 유형에 대해 알려주세요,291.03570556640625,832.4266357421875,2014.9063720703125,968.6625366210938
MI3_240806_TY2_0218_3_V02-1_2,2012년도 시장규모 조사 분석 차트(세로 막대형)에 대해 알려주세요,447.5967712402344,2137.095458984375,1724.319091796875,643.3024291992188
MI3_240806_TY2_0218_4_V02-1_3,기상사업자 분포별 매출총액 차트(세로 막대형)에 대해 알려주세요,478.0347900390625,425.7272644042969,1675.791259765625,603.7315063476562
MI3_240806_TY2_0246_2_V01_1,엘니뇨 발생 연도 에 대해 알려주세요,1273.834716796875,1561.0238037109375,831.2739868164062,1358.5079345703125
MI3_240806_TY2_0275_1_V01_2,(3.1~4.20) 에 대해 알려주세요,160.50657653808594,427.0804443359375,2162.741455078125,288.6104736328125
MI3_240806_TY2_0275_2_V02-4_1,봄철 일조시간 및 강수일수 연변화에 대한 차트(꺾은선형)에 대해 알려주세요,358.18060302734375,406.0130615234375,1760.156005859375,666.5390014648438
MI3_240806_TY2_0275_3_V01_4,목포 일조시간 표에 대해 알려주세요,388.9259338378906,1615.70458984375,1764.23876953125,298.8387145996094
MI3_240806_TY2_0280_1_V02-4_1,최근 8년간 시간별 낙뢰발생 횟수 꺾은선형 차트에 대해 알려주세요,442.44073486328125,415.610595703125,1600.658447265625,799.0939331054688
MI3_240806_TY2_0323_1_V01_2,제공 내용에 대해 알려주세요,349.94903564453125,1743.1990966796875,1836.1036376953125,370.4356384277344
MI3_240806_TY2_0351_1_V01_1,"2015년 주요도시 개나리, 진달래 개화 예상시기 시각요소 차트(세로 막대형)에 대해 알려주세요",334.56146240234375,565.7640991210938,1817.917724609375,1011.5875854492188
MI3_240806_TY2_0351_2_V01_1,월별 평균기온 표준편차 차트에 대해 알려주세요,285.54266357421875,2869.813232421875,1894.560791015625,287.6701354980469
MI3_240806_TY2_0375_1_V02-8_1,서울관측소와 선정릉 주변 상업지의 기온 변화에 대해 알려주세요,298.53326416015625,600.9207153320312,1887.0472412109375,2040.0111083984375
MI3_240806_TY2_0378_1_V01_1,기상청 일정 시간 내용 비고에 대해 알려주세요,293.96484375,501.9721984863281,1915.1195068359375,2552.54931640625
MI3_240806_TY2_0378_2_V01_1,기상청의 구분 소속 성명 직위에 대해 알려주세요,328.2280578613281,535.7158203125,1833.9970703125,2494.808349609375
MI3_240806_TY2_0380_1_V02-1_3,VI. 2016년 봄철 기후전망 차트(가로 막대형)에 대해 알려주세요,1322.511962890625,1486.9627685546875,796.686767578125,439.74169921875
MI3_240806_TY2_0394_1_V02-1_1,식목일 기온 변화 차트(세로 막대형)에 대해 알려주세요,297.1486511230469,2115.95361328125,1907.00732421875,910.2490234375
MI3_240806_TY2_0394_2_V02-1_1,지역별 식목일의 땅속 5cm온도 변화 차트(세로 막대형)에 대해 알려주세요,299.6062927246094,2012.09130859375,1898.9141845703125,975.9990234375
MI3_240806_TY2_0397_1_V01_1,붙임 2 더위체감지수 단계별대응요령에 대해 알려주세요,296.627197265625,722.7594604492188,1888.123291015625,1053.5235595703125
MI3_240806_TY2_0397_2_V01_1,단계 지수범위 대응요령 차트(세로 막대형)에 대해 알려주세요,293.76513671875,1996.48193359375,1894.2216796875,1147.28955078125
MI3_240806_TY2_0397_3_V01_2,실외작업장 안전 수칙 차트(가로 막대형)에 대해 알려주세요,294.740966796875,2116.064697265625,1895.54931640625,609.4535522460938
MI3_240806_TY2_0400_1_V02-8_1,전국 8월 기상자료특성 혼합형에 대해 알려주세요,314.0481872558594,671.2783813476562,1800.458251953125,807.5145263671875
MI3_240806_TY2_0400_2_V01_2,연도별 기상요소 값 평균에 대해 알려주세요,288.06640625,2303.3095703125,1899.9085693359375,847.1259155273438
MI3_240806_TY2_0400_3_V01_1,2017년 여름 기상 데이터에 대해 알려주세요,288.903564453125,2465.88427734375,1905.953369140625,675.7865600585938
MI3_240806_TY2_0400_4_V01_2,평균 평균 평균 표에 대해 알려주세요,288.0691223144531,2284.6982421875,1901.8616943359375,881.687255859375
MI3_240807_TY2_0020_1_V02-4_1,소비자심리지수 추이 꺾은선형에 대해 알려주세요,271.35821533203125,1169.008056640625,1911.1405029296875,971.8563232421875
MI3_240807_TY2_0020_2_V01_1,최근 소비자 물가 상승률 및 기대인플레이션에 대한 정보가 담긴 표에 대해 알려주세요,281.83758544921875,1325.2432861328125,1941.689208984375,767.7232666015625
MI3_240807_TY2_0026_1_V02-4_1,소비자심리지수 추이 꺾은선형에 대해 알려주세요,274.2669982910156,1184.2593994140625,1897.2987060546875,936.7474365234375
MI3_240807_TY2_0026_2_V01_2,기대인플레이션율 응답분포 차트(가로 막대형)에 대해 알려주세요,274.4660949707031,1325.4208984375,1952.0152587890625,766.7225341796875
MI3_240807_TY2_0027_1_V02-4_1,소비자심리지수 추이 차트(꺾은선형)에 대해 알려주세요,274.2404479980469,1184.0244140625,1896.873779296875,937.0149536132812
MI3_240807_TY2_0027_2_V01_1,기대인플레이션에 대한 물가인식 및 기대인플레이션율 차트(세로 막대형)에 대해 알려주세요,279.8896789550781,829.438232421875,1958.2486572265625,506.5290222167969
MI3_240807_TY2_0052_1_V01_1,2017년 6월 소비자동향조사 결과 I. 소비자심리지수 현재경기판단에 대해 알려주세요,273.4194641113281,2373.15380859375,1931.2679443359375,683.306396484375
MI3_240807_TY2_0052_2_V02-1_1,기대형성 요인에 대한 응답비중 차트(세로 막대형)에 대해 알려주세요,628.0263061523438,2338.537109375,1325.22802734375,750.629638671875
MI3_240807_TY2_0055_1_V02-4_1,소비자심리지수1) 추이 꺾은선형에 대해 알려주세요,336.597900390625,1236.9600830078125,1784.352783203125,838.184326171875
MI3_240807_TY2_0055_2_V02-1_1,기대형성 요인에 대한 응답비중 차트(세로 막대형)에 대해 알려주세요,601.9364624023438,2376.265625,1281.014892578125,719.669677734375
MI3_240807_TY2_0058_1_V02-4_1,소비자심리지수h) 꺾은선형에 대해 알려주세요,335.5614013671875,1238.307861328125,1791.85693359375,835.564453125
MI3_240807_TY2_0058_2_V02-1_1,기대형성 요인에 대한 응답비중 차트(세로 막대형)에 대해 알려주세요,659.580322265625,2379.92822265625,1164.507080078125,707.529052734375
MI3_240807_TY2_0068_1_V02-4_1,소비자심리지수h) 꺾은선형에 대해 알려주세요,354.4555969238281,1228.7315673828125,1770.716064453125,810.0142822265625
MI3_240807_TY2_0068_2_V02-1_1,기대형성 요인 차트(세로 막대형)에 대해 알려주세요,673.5294189453125,2502.2177734375,1107.5474853515625,513.089599609375
MI3_240807_TY2_0070_1_V02-4_1,소비자심리지수 추이에 대해 알려주세요,355.87725830078125,1228.6724853515625,1769.28369140625,810.0616455078125
MI3_240807_TY2_0070_2_V01_1,물가인식 및 기대인플레이션율 차트(세로 막대형)에 대해 알려주세요,274.4576721191406,1276.9217529296875,1944.8590087890625,753.9513549804688
MI3_240807_TY2_0073_1_V01_1,구성지수의 기여도 표에 대해 알려주세요,269.2834167480469,2286.635498046875,1934.260498046875,804.283447265625
MI3_240807_TY2_0073_2_V01_1,물가인식 및 기대인플레이션율 차트(세로 막대형)에 대해 알려주세요,275.8287048339844,1276.9462890625,1931.444091796875,753.8137817382812
MI3_240807_TY2_0079_1_V02-4_1,소비자심리지수h 추이 꺾은선형에 대해 알려주세요,350.6752624511719,1226.7261962890625,1822.0855712890625,764.9555053710938
MI3_240807_TY2_0079_2_V01_2,기대인플레이션율 응답분포 차트(세로 막대형)에 대해 알려주세요,272.9372253417969,1230.43994140625,1939.519775390625,704.3682250976562
MI3_240807_TY2_0080_1_V02-4_1,소비자심리지수h 꺾은선형에 대해 알려주세요,351.467529296875,1226.8863525390625,1820.9691162109375,764.6194458007812
MI3_240807_TY2_0080_2_V02-1_1,물가상승 기대형성 요인 차트(세로 막대형)에 대해 알려주세요,654.396728515625,2411.18115234375,1145.908447265625,588.7158203125
MI3_240807_TY2_0081_1_V02-4_1,2019년 11월 소비자동향조사 결과 I. 소비자심리지수 소비자심리지수 추이에 대해 알려주세요,357.1261901855469,1228.697509765625,1815.47705078125,763.0266723632812
MI3_240807_TY2_0081_2_V02-1_1,물가상승 기대형성 요인에 대한 응답비중 차트(세로 막대형)에 대해 알려주세요,658.82275390625,2413.200439453125,1144.502685546875,585.8273315429688
MI3_240807_TY2_0089_1_V02-4_1,소비자심리지수 꺾은선형에 대해 알려주세요,362.4884338378906,1225.5372314453125,1764.3861083984375,697.7503662109375
MI3_240807_TY2_0089_2_V02-1_1,물가상승 기대형성 요인 차트(세로 막대형)에 대해 알려주세요,660.63720703125,2413.2333984375,1139.60791015625,585.799560546875
MI3_240807_TY2_0092_1_V02-4_1,2020년 10월 소비자동향조사 결과 I. 소비자심리지수 소비자심리지수 추이에 대해 알려주세요,362.31939697265625,1225.7098388671875,1764.7738037109375,696.1728515625
MI3_240807_TY2_0092_2_V01_1,물가인식 및 기대인플레이션율 표에 대해 알려주세요,288.8411865234375,734.4521484375,1922.7291259765625,470.9986572265625
MI3_240807_TY2_0103_1_V02-4_1,소비자심리지수 꺾은선형에 대해 알려주세요,363.0052795410156,1224.432373046875,1764.1259765625,627.0011596679688
MI3_240807_TY2_0103_2_V02-1_1,물가상승 기대형성 요인 차트(세로 막대형)에 대해 알려주세요,657.2870483398438,2336.68359375,1139.321533203125,583.62060546875
MI3_240807_TY2_0170_1_V01_1,대외채무 현황에 대한 표에 대해 알려주세요,309.127197265625,1731.159912109375,1859.1998291015625,820.1484375
MI3_240807_TY2_0170_2_V01_1,대외채무 (억달러) 차트에 대해 알려주세요,296.95440673828125,944.13037109375,1898.0826416015625,1262.947509765625
MI3_240807_TY2_0198_1_V02-4_2,대외금융자산·부채 추이 꺾은선형에 대해 알려주세요,357.5693054199219,2233.5986328125,878.7938842773438,745.580810546875
MI3_240807_TY2_0198_2_V02-4_1,단기외채/준비자산·단기외채/대외채무 추이 (%) 꺾은선형에 대해 알려주세요,358.042724609375,2369.060791015625,875.99658203125,754.32666015625
MI3_240807_TY2_0198_3_V02-4_2,단기외채/대외채무 비중 추이에 대해 알려주세요,1241.4674072265625,2287.136962890625,897.9202880859375,762.578369140625
MI3_240807_TY2_0198_4_V01_1,국제투자대조표 주요 통계 추이에 대해 알려주세요,291.1924133300781,522.5071411132812,1887.412109375,2670.23388671875
MI3_240807_TY2_0223_1_V02-4_2,대외금융자산·부채 추이 꺾은선형 차트에 대해 알려주세요,1263.1961669921875,2330.31201171875,860.5933227539062,718.443115234375
MI3_240807_TY2_0223_2_V02-4_1,단기외채 비율·비중 추이 꺾은선형 차트에 대해 알려주세요,340.723876953125,2426.29541015625,881.5535278320312,705.3466186523438
MI3_240807_TY2_0223_3_V02-8_1,국제투자대조표 주요 통계 추이에 대한 혼합형 차트에 대해 알려주세요,303.8312683105469,532.2489624023438,1869.82080078125,2653.41357421875
MI3_240807_TY2_0229_1_V02-4_1,순대외금융자산 추이 꺾은선형에 대해 알려주세요,346.8279724121094,2377.29931640625,846.0435180664062,655.7623901367188
MI3_240807_TY2_0229_2_V02-4_1,단기외채/준비자산 비율·비중 추이에 대해 알려주세요,1246.94677734375,2354.9443359375,847.688232421875,700.7890625
MI3_240807_TY2_0229_3_V02-8_1,국제투자대조표 주요 통계 추이에 대해 알려주세요,298.7944641113281,525.6460571289062,1879.9652099609375,2663.5166015625
MI3_240807_TY2_0229_4_V01_1,국제투자대조표 세부내역 차트에 대해 알려주세요,285.866455078125,460.02008056640625,1901.68603515625,2401.43994140625
MI3_240807_TY2_0231_1_V01_1,2022년 10월중 비은행금융기관 예금 및 대출 금리에 대해 알려주세요,339.7031555175781,1593.1505126953125,1892.06591796875,1054.7537841796875
MI3_240807_TY2_0231_2_V02-4_6,대출금리 꺾은선형에 대해 알려주세요,296.0365905761719,2370.9326171875,1850.1025390625,716.705078125
MI3_240807_TY2_0231_3_V02-4_2,가. 기관별 예금금리(정기예(탁)금 1년 기준) 꺾은선형에 대해 알려주세요,280.5927734375,659.2685546875,1872.4613037109375,716.6703491210938
MI3_240807_TY2_0238_1_V01_1,BIS 주관 「세계 외환 및 장외파생상품 시장 조사' 결과에 대해 알려주세요,309.855712890625,1523.9559326171875,1858.669921875,1697.3255615234375
MI3_240807_TY2_0238_2_V01_1,2022년 세계 외환 및 장외파생상품 총시장가치에 대한 표에 대해 알려주세요,342.3631591796875,1304.726806640625,1813.1051025390625,1674.525146484375
MI3_240807_TY2_0242_1_V02-4_2,대외금융자산·부채 추이 꺾은선형에 대해 알려주세요,346.9742126464844,2456.107421875,844.98583984375,680.69970703125
MI3_240807_TY2_0242_2_V02-8_1,순대외채권 및 대외채권과 대외채무에 대해 알려주세요,1248.448486328125,2479.01953125,854.953369140625,687.58154296875
MI3_240807_TY2_0242_3_V02-8_1,국제투자대조표 주요 통계 추이에 대한 혼합형 차트에 대해 알려주세요,300.1806335449219,533.1697387695312,1877.39306640625,2659.973876953125
MI3_240807_TY2_0243_1_V02-4_2,대외금융자산·부채 추이 꺾은선형에 대해 알려주세요,347.8515930175781,2458.155029296875,845.4174194335938,663.515869140625
MI3_240807_TY2_0243_2_V02-8_1,순대외채권과 대외채권 비율 혼합형 차트에 대해 알려주세요,343.0105285644531,2495.83544921875,849.8998413085938,617.0029296875
MI3_240807_TY2_0243_3_V02-8_1,국제투자대조표 주요 통계 추이에 대해 알려주세요,299.96038818359375,530.97265625,1878.0489501953125,2663.00390625
MI3_240807_TY2_0255_1_V02-1_1,자금운용 및 조달 차액 추이 세로 막대형에 대해 알려주세요,472.999755859375,621.8218383789062,1531.188232421875,1227.38818359375
MI3_240807_TY2_0255_2_V01_1,국내 비금융부문 금융자산·부채 잔액 추이에 대한 차트(세로 막대형)에 대해 알려주세요,298.194091796875,1555.53173828125,1882.5679931640625,1457.3642578125
MI3_240807_TY2_0255_3_V02-8_1,금융자산 및 금융부채 배율 추이 차트(혼합형)에 대해 알려주세요,399.47760009765625,1787.4541015625,1611.2720947265625,1231.304443359375
MI3_240807_TY2_0265_1_V01_1,국민순자산 신·구 계열 표에 대해 알려주세요,345.349853515625,1565.8271484375,1787.909423828125,594.307861328125
MI3_240807_TY2_0265_2_V01_1,2020년말 비금융자산신·구 계열 비교 차트(세로 막대형)에 대해 알려주세요,311.5292663574219,1982.749755859375,1848.02734375,894.1063232421875
MI3_240807_TY2_0275_1_V01_2,거주자의 카드 해외 사용 실적에 대해 알려주세요,272.7165222167969,2389.901123046875,1983.15380859375,793.601806640625
MI3_240807_TY2_0275_2_V02-8_1,카드 사용자 수와 사용금액 변화 혼합형 차트에 대해 알려주세요,299.44915771484375,481.478759765625,1954.3887939453125,1049.9547119140625
MI3_240807_TY2_0289_1_V02-1_1,전체 인터넷뱅킹 중 모바일뱅킹 비중 차트(세로 막대형)에 대해 알려주세요,381.58929443359375,2225.585693359375,1826.6802978515625,572.64404296875
MI3_240807_TY2_0289_2_V01_1,2013년 3/4분기 국내 인터넷뱅킹서비스이용현황 본문과 금융기관 인터넷뱅킹 등록고객수 차트에 대해 알려주세요,349.4250183105469,1965.767578125,1755.30517578125,885.6354370117188
MI3_240807_TY2_0324_1_V01_1,결제통화별 수출 비중 표에 대해 알려주세요,224.65167236328125,1218.3958740234375,2035.5487060546875,596.216064453125
MI3_240807_TY2_0324_2_V01_1,수출 지역 결제통화 비율 데이터에 대해 알려주세요,237.92660522460938,1343.6767578125,2011.9410400390625,1856.0257568359375
MI3_240807_TY2_0324_3_V01_1,수입 지역 결제통화 2016 2017 2018 2019(A) 2020(B) 표에 대해 알려주세요,238.43258666992188,1342.6962890625,1998.766357421875,1852.8115234375
MI3_240807_TY2_0325_1_V01_1,2020년 국내 비금융 영리법인기업의 매출액증가율 총자산증가율 차트에 대해 알려주세요,306.2117614746094,1269.2442626953125,1932.8526611328125,1746.28857421875
MI3_240807_TY2_0325_2_V01_1,2020년 중 국내 비금융 영리법인기업의 매출액영업이익률과 매출액세전순이익률에 대해 알려주세요,257.2714538574219,1380.9444580078125,1913.483154296875,1719.399658203125
MI3_240807_TY2_0325_3_V01_1,매출액 대비 수익구조 추이에 대해 알려주세요,382.82196044921875,1096.692138671875,1839.20947265625,1895.109619140625
MI3_240807_TY2_0325_4_V01_2,이자보상비율 구간별 업체수 비중 표에 대해 알려주세요,495.7919921875,2188.09130859375,1649.037353515625,658.683349609375
MI3_240807_TY2_0325_5_V01_1,주요 안정성지표 차트(세로 막대형)에 대해 알려주세요,233.7243194580078,1404.2698974609375,1916.4205322265625,1717.0201416015625
MI3_240807_TY2_0325_6_V01_1,매출액영업이익률 차트(세로 막대형)에 대해 알려주세요,323.05047607421875,456.60400390625,1920.447998046875,2520.265869140625
MI3_240807_TY2_0377_1_V01_1,무역지수 수출물량지수 및 금액지수에 대해 알려주세요,354.23114013671875,1754.44287109375,1829.76171875,1438.94775390625
MI3_240807_TY2_0377_2_V01_1,수입물량지수 및 금액지수의 차트에 대해 알려주세요,357.3652038574219,1276.527587890625,1827.381591796875,1441.1239013671875
MI3_240807_TY2_0377_3_V01_1,교역조건지수 등락률에 대해 알려주세요,399.88519287109375,1374.317626953125,1786.7769775390625,1019.419189453125
MI3_240807_TY2_0377_7_V01_1,수출물량지수(기본분류) 표에 대해 알려주세요,288.780517578125,1874.92919921875,1907.20556640625,1385.403076171875
MI3_240807_TY2_0377_8_V01_1,수입물량지수 표에 대해 알려주세요,287.57415771484375,384.4635925292969,1901.28076171875,1348.2135009765625
MI3_240807_TY2_0377_9_V01_1,시계열 차트에 대해 알려주세요,345.3564453125,292.14288330078125,1775.5491943359375,2986.879638671875
MI3_240807_TY2_0387_1_V01_1,수출물가지수에 대해 알려주세요,315.90576171875,1801.2880859375,1864.390380859375,1412.48583984375
MI3_240807_TY2_0387_3_V01_1,주요 등락 품목(수출) 표에 대해 알려주세요,365.955810546875,558.1982421875,1816.918701171875,2632.752685546875
MI3_240807_TY2_0387_4_V01_1,수입물가지수 용도별 분류 등락률에 대해 알려주세요,290.7373352050781,1694.0133056640625,1903.803955078125,1520.9532470703125
MI3_240807_TY2_0388_1_V01_1,무역지수 수출물량지수 및 금액지수 등락률에 대해 알려주세요,355.90740966796875,1486.1986083984375,1827.346923828125,1499.902587890625
MI3_240807_TY2_0388_2_V01_1,수입물량지수 및 금액지수 등락률에 대해 알려주세요,361.481689453125,1154.591552734375,1821.1707763671875,1603.734130859375
MI3_240807_TY2_0388_3_V01_1,교역조건지수 등락률과 관련된 차트에 대해 알려주세요,400.0247497558594,1334.0570068359375,1787.4915771484375,983.7105712890625
MI3_240807_TY2_0388_7_V01_2,수출금액지수 및 등락률 차트(세로 막대형)에 대해 알려주세요,292.06439208984375,359.1458740234375,1890.6527099609375,1362.0491943359375
MI3_240807_TY2_0388_8_V01_1,수입물량지수에 대해 알려주세요,285.5971374511719,360.4992980957031,1902.551513671875,1324.7923583984375
MI3_240807_TY2_0388_9_V01_1,(2010=100) 차트(세로 막대형)에 대해 알려주세요,345.4880676269531,313.3411560058594,1773.620361328125,2960.439697265625
MI3_240807_TY2_0400_1_V01_1,무역지수 및 금액지수 등락률에 대해 알려주세요,327.5067138671875,1499.7760009765625,1911.9840087890625,1686.179443359375
MI3_240807_TY2_0400_2_V01_1,수입물량지수 및 금액지수 등락률 차트(세로 막대형)에 대해 알려주세요,329.72674560546875,1161.497802734375,1907.111083984375,1705.7783203125
MI3_240807_TY2_0400_3_V01_1,교역조건지수 등락률 표에 대해 알려주세요,321.23382568359375,1335.0086669921875,1921.412841796875,926.2960205078125
MI3_240807_TY2_0400_7_V01_2,수출금액지수 및 표에 대해 알려주세요,309.9140319824219,359.36663818359375,1870.746337890625,1247.1202392578125
MI3_240807_TY2_0400_8_V01_1,수입물량지수 및 차트에 대해 알려주세요,298.8115539550781,359.5985107421875,1881.92919921875,1317.0606689453125
MI3_240807_TY2_0400_9_V01_1,물량지수 금액지수 차트(세로 막대형)에 대해 알려주세요,346.49169921875,303.56939697265625,1771.97802734375,2963.1396484375
MI3_240807_TY2_0408_1_V01_1,무역지수 및 시각요소 제목에 대해 알려주세요,325.28460693359375,1417.5809326171875,1914.71435546875,1537.50244140625
MI3_240807_TY2_0408_2_V01_1,제목에 해당하는 내용에서 물량지수와 금액지수의 변화에 대해 알려주세요.,327.5234069824219,1160.6531982421875,1912.2216796875,1708.0472412109375
MI3_240807_TY2_0408_3_V01_1,교역조건지수 등락률에 대해 알려주세요,321.39495849609375,1510.9244384765625,1917.2481689453125,1050.5953369140625
MI3_240807_TY2_0408_4_V02-4_1,수출물량·금액지수 및 등락률에 대해 알려주세요,238.2033233642578,677.2040405273438,1986.16748046875,1040.2208251953125
MI3_240807_TY2_0408_5_V02-4_1,수입물량·금액지수와 전년동월대비 등락률 차트(꺾은선형)에 대해 알려주세요,240.33029174804688,645.0374145507812,1987.18017578125,1041.5716552734375
MI3_240807_TY2_0408_6_V02-4_1,교역조건지수 및 등락률에 대해 알려주세요.,236.276123046875,644.4927368164062,1989.3665771484375,1040.0291748046875
MI3_240807_TY2_0408_7_V01_1,수출물량지수 및 등락률 차트에 대해 알려주세요,310.011962890625,359.3753967285156,1870.73193359375,1247.2899169921875
MI3_240807_TY2_0408_8_V01_2,수입금액지수(기본분류) 및 등락률에 대해 알려주세요,298.99896240234375,1900.5186767578125,1879.808349609375,1317.8167724609375
MI3_240807_TY2_0408_9_V01_1,수출무역지수(시계열) 본문에 포함된 금액지수와 물량지수 차트에 대해 알려주세요,346.503662109375,303.72119140625,1772.310791015625,2968.826416015625
MI3_240807_TY2_0415_1_V01_1,2014년 11월 수출물가지수 I. 수출물가지수 표에 대해 알려주세요,306.9518737792969,1807.754638671875,1873.9132080078125,1399.6439208984375
MI3_240807_TY2_0415_2_V02-4_3,전년동월대비 등락률에 대해 알려주세요,287.6744384765625,608.13818359375,1883.7984619140625,754.4979248046875
MI3_240807_TY2_0415_3_V01_1,주요 등락 품목(수출) 차트에 대해 알려주세요,347.75909423828125,504.53839111328125,1829.7589111328125,2691.17333984375
MI3_240807_TY2_0415_4_V01_1,II. 수입물가지수의 통계적 분석을 위한 차트에 대해 알려주세요,345.0479431152344,1685.498779296875,1842.4962158203125,1510.1214599609375
MI3_240807_TY2_0415_5_V02-4_2,등락률에 대해 알려주세요,295.63311767578125,1537.3507080078125,1860.5037841796875,1603.8974609375
MI3_240807_TY2_0415_6_V01_1,주요 등락 품목(수입) 차트에 대해 알려주세요,294.20947265625,465.0068359375,1890.98486328125,2725.675537109375
MI3_240807_TY2_0416_1_V01_1,무역지수 수출물량지수 및 금액지수 등락률에 대해 알려주세요,270.8766784667969,1879.1229248046875,1936.69189453125,1350.7716064453125
MI3_240807_TY2_0416_2_V01_1,수입에 대한 데이터와 물량지수 금액지수를 시각적으로 표현한 차트에 대해 알려주세요.,271.0686950683594,1423.291259765625,1938.5679931640625,1539.60546875
MI3_240807_TY2_0416_3_V01_1,교역조건지수 등락률에 대해 알려주세요,268.49139404296875,1680.895263671875,1949.969482421875,1106.492431640625
MI3_240807_TY2_0416_4_V02-4_2,나. 전년동월대비 등락률에 대해 알려주세요,238.14892578125,1941.2911376953125,1984.6993408203125,1008.2839965820312
MI3_240807_TY2_0416_5_V02-4_2,전년동월대비 등락률 차트(꺾은선형)에 대해 알려주세요,237.62216186523438,1909.124267578125,1986.63916015625,1009.0304565429688
MI3_240807_TY2_0416_6_V02-4_2,나. 전년동월대비 등락률에 대한 차트(꺾은선형)에 대해 알려주세요,237.71832275390625,646.1301879882812,1985.2071533203125,1005.529541015625
MI3_240807_TY2_0416_7_V01_2,수출금액지수 및 등락률에 대해 알려주세요,309.9181823730469,359.3598327636719,1870.6943359375,1247.2352294921875
MI3_240807_TY2_0416_8_V01_1,수입물량지수 및 등락률에 대해 알려주세요,298.8476867675781,359.657470703125,1881.6761474609375,1316.93212890625
MI3_240807_TY2_0425_1_V01_1,생산자물가지수 등락률 차트에 대해 알려주세요,300.1294860839844,1694.880126953125,1855.810302734375,1557.3271484375
MI3_240807_TY2_0425_2_V01_1,에 포함된 시각요소에 대해 알려주세요,331.2408447265625,1125.92822265625,1809.5101318359375,1430.68994140625
MI3_240807_TY2_0425_3_V01_1,국내공급물가지수 총지수 차트(가로 막대형)에 대해 알려주세요,327.7192077636719,1679.0838623046875,1815.7515869140625,1400.775634765625
MI3_240807_TY2_0425_4_V01_1,총산출물가지수 본문 표에 대해 알려주세요,316.9363708496094,1490.1224365234375,1841.354736328125,1312.52099609375
MI3_240807_TY2_0425_5_V01_1,생산자물가지수 주요 등락 품목 차트(표)에 대해 알려주세요,303.4775390625,503.37469482421875,1890.64013671875,2698.8369140625
MI3_240807_TY2_0434_1_V01_1,수출물가지수 차트(세로 막대형)에 대해 알려주세요,236.27789306640625,1784.60302734375,1986.1905517578125,1350.179443359375
MI3_240807_TY2_0434_3_V01_1,주요 등락 품목(수출) 표에 대해 알려주세요,299.76171875,483.8543701171875,1944.033935546875,2622.921875
MI3_240807_TY2_0434_4_V01_1,II. 수입물가지수 차트(세로 막대형)에 대해 알려주세요,242.6223907470703,1744.5140380859375,1986.6466064453125,1439.0789794921875
MI3_240807_TY2_0434_6_V01_1,"주요 등락 품목(수입) 원화기준 등락률, % 차트에 대해 알려주세요",223.06179809570312,477.66522216796875,2024.6119384765625,2711.030029296875
MI3_240807_TY2_0443_1_V01_1,수출물가지수에 대한 차트(세로 막대형)에 대해 알려주세요,236.22061157226562,1784.513427734375,1986.6146240234375,1350.116455078125
MI3_240807_TY2_0443_3_V01_1,주요 등락 품목(수출) 표에 대해 알려주세요,302.1105041503906,486.8729553222656,1940.837890625,2621.17041015625
MI3_240807_TY2_0443_4_V01_1,II. 수입물가지수 본문 표에 대해 알려주세요,242.6328125,1744.6978759765625,1986.2200927734375,1438.9990234375
MI3_240807_TY2_0443_6_V01_1,"(원화기준 등락률, %) 전월대비 전년동월대비에 대해 알려주세요",222.54974365234375,476.5209655761719,2025.7061767578125,2709.210205078125
MI3_240807_TY2_0458_1_V02-4_2,<등락률> 차트(꺾은선형)에 대해 알려주세요,302.3410339355469,1672.40380859375,1857.013427734375,1565.93017578125
MI3_240807_TY2_0464_1_V01_1,카드 종류별 해외 사용금액 표에 대해 알려주세요,249.0279998779297,2025.7894287109375,1981.3341064453125,1002.5991821289062
MI3_240807_TY2_0464_2_V01_1,거주자의 카드1) 해외 사용실적 및 비거주자의 카드1) 국내 사용실적 추이에 대해 알려주세요,274.5998229980469,558.34912109375,1938.474853515625,2607.810546875
MI3_240807_TY2_0469_1_V02-4_1,수출물량·금액지수 및 등락률에 대해 알려주세요,242.07618713378906,675.5829467773438,1975.9451904296875,1025.01416015625
MI3_240807_TY2_0483_1_V02-4_1,수출물가지수 및 등락률 꺾은선형에 대해 알려주세요,235.843017578125,631.7432250976562,2003.6077880859375,757.253173828125
MI3_240807_TY2_0499_1_V01_1,전자금융업자 추이에 대해 알려주세요,395.1554260253906,1829.74169921875,1690.648193359375,1152.088623046875
MI3_240807_TY2_0499_2_V01_1,전자지급서비스 제공 실적 차트에 대해 알려주세요,289.2352600097656,1777.4677734375,1933.492431640625,1298.4320068359375
MI3_240807_TY2_0499_4_V01_1,2017.2/4분기중 전자지급서비스 이용실적에 대한 차트(세로 막대형)에 대해 알려주세요,303.70458984375,1940.6080322265625,1901.4327392578125,958.9127197265625
MI3_240807_TY2_0509_1_V02-1_1,2017년 2/4분기중 외국환은행의 외환거래 동향 차트(세로 막대형)에 대해 알려주세요,321.4743347167969,1915.948486328125,1858.2060546875,1051.846923828125
MI3_240807_TY2_0509_2_V01_1,T01 T02 V01 차트(세로 막대형)에 대해 알려주세요,310.9252014160156,1536.2484130859375,1887.471923828125,1661.976318359375
MI3_240807_TY2_0509_3_V01_1,T01 T02 V01 차트에 대해 알려주세요,317.656005859375,1280.927734375,1875.0716552734375,1715.8504638671875
MI3_240807_TY2_0509_4_V01_1,부문별 외환거래 규모 동향 차트(세로 막대형)에 대해 알려주세요,299.0109558105469,660.0391235351562,1883.7120361328125,665.083740234375
MI3_240807_TY2_0511_1_V02-8_1,2017년 2월 생산자물가지수(요약) 시각요소 제목 혼합형에 대해 알려주세요,287.1462097167969,2243.224609375,1902.2880859375,935.50927734375
MI3_240807_TY2_0513_1_V01_1,2017년 3/4분기중 거주자의 카드 해외사용 실적에 대해 알려주세요.,343.2365417480469,1378.788330078125,1816.1822509765625,370.9461364746094
MI3_240807_TY2_0513_3_V01_1,2011~2017년 해외 및 국내 사용실적 차트에 대해 알려주세요,273.9831848144531,563.1342163085938,1937.9366455078125,2616.155029296875
MI3_240807_TY2_0516_1_V02-8_1,2017년 3월 생산자물가지수차트(혼합형)에 대해 알려주세요,287.0403137207031,2243.1650390625,1902.696533203125,935.87109375
MI3_240807_TY2_0549_1_V01_1,2017년중 거주자의 카드 해외사용 실적 표에 대해 알려주세요,419.7859191894531,1379.96240234375,1803.230712890625,336.6121826171875
MI3_240807_TY2_0549_3_V01_1,거주자의 해외 사용실적 및 비거주자의 카드 국내 사용실적에 대해 알려주세요,272.91748046875,519.7681274414062,1942.896484375,2697.00537109375
MI3_240807_TY2_0550_1_V02-1_1,2017년중 외국환은행의 외환거래 동향 차트(세로 막대형)에 대해 알려주세요,322.0276184082031,1822.7672119140625,1861.7542724609375,1033.6038818359375
MI3_240807_TY2_0550_2_V01_1,2017년 중 현물환 거래규모에 대한 차트(세로 막대형)에 대해 알려주세요,286.8616027832031,1361.18017578125,1908.947021484375,1681.9305419921875
MI3_240807_TY2_0550_3_V01_1,2017년 외환파생상품 거래 규모 차트(표) 에 대해 알려주세요,318.76312255859375,1189.0791015625,1873.43896484375,1741.7786865234375
MI3_240807_TY2_0550_4_V01_2,거래상대방별 외환거래규모 차트에 대해 알려주세요,286.6357116699219,1534.7861328125,1898.7919921875,1650.9639892578125
MI3_240807_TY2_0577_1_V01_2,해외 사용 실적에 대한 차트(세로 막대형)에 대해 알려주세요,405.9715270996094,1479.207763671875,1797.5086669921875,371.311279296875
MI3_240807_TY2_0577_3_V01_1,거주자의 카드 해외 사용실적 및 비거주자의 카드1) 국내 사용실적 추이 차트(세로 막대형)에 대해 알려주세요,267.2158508300781,525.501220703125,1942.8148193359375,2690.923828125
MI3_240807_TY2_0584_1_V02-4_2,2. 순상품교역조건 및 소득교역조건지수 등락률 차트(꺾은선형)에 대해 알려주세요,231.60398864746094,2219.150146484375,1947.318359375,965.48486328125
MI3_240807_TY2_0586_1_V02-8_1,2018년 2월 수출입물가지수 혼합형에 대해 알려주세요,256.9665832519531,1055.4747314453125,1993.1092529296875,893.5946655273438
MI3_240807_TY2_0594_1_V02-8_1,1. 수출물가지수 등락률 혼합형에 대해 알려주세요,269.786376953125,2183.634521484375,1943.72216796875,885.2296752929688
MI3_240808_TY2_0031_1_V01_1,서비스업 내 산업별 대출금 증감액 표에 대해 알려주세요,203.9564971923828,1473.5552978515625,2077.971435546875,1237.9888916015625
MI3_240808_TY2_0031_2_V01_1,기간중 대출금에 대한 데이터 차트에 대해 알려주세요,195.3445281982422,1527.2569580078125,2107.059326171875,941.2576293945312
MI3_240808_TY2_0040_1_V01_2,거주자의 카드 사용 실적에 대한 차트(세로 막대형)에 대해 알려주세요,445.2744445800781,1358.7490234375,1783.2513427734375,322.4876403808594
MI3_240808_TY2_0076_1_V02-8_1,생산자물가지수 혼합형에 대해 알려주세요,292.80621337890625,1061.393798828125,1878.9635009765625,979.19091796875
MI3_240808_TY2_0076_2_V01_1,생산자물가지수의 세부 항목과 변화 추이를 보여주는 표에 대해 알려주세요,310.45404052734375,1776.73095703125,1871.717529296875,1422.18603515625
MI3_240808_TY2_0076_3_V01_1,전년동월대비 가중치 차트(세로 막대형)에 대해 알려주세요,288.0344543457031,1159.14794921875,1899.3919677734375,1357.54345703125
MI3_240808_TY2_0082_1_V01_1,2019년 상반기중 국내 인터넷뱅킹서비스 이용현황 본문 표에 대해 알려주세요,451.981689453125,1879.5645751953125,1736.097412109375,1257.7540283203125
MI3_240808_TY2_0082_2_V01_1,인터넷뱅킹 서비스 이용실적 표에 대해 알려주세요,380.0660095214844,1599.3690185546875,1811.237548828125,1649.204345703125
MI3_240808_TY2_0095_1_V01_1,서비스업 내 산업별대출금 합계의 표에 대해 알려주세요,194.84616088867188,1575.3870849609375,2115.312255859375,1323.7579345703125
MI3_240808_TY2_0098_1_V02-4_1,수출입물량지수 등락률 차트(꺾은선형)에 대해 알려주세요,231.9983673095703,2298.876953125,1947.3240966796875,881.5331420898438
MI3_240808_TY2_0098_2_V01_1,무역지수 수출물량지수 금액지수에 대해 알려주세요,322.1533508300781,1644.8978271484375,1918.7222900390625,1456.6932373046875
MI3_240808_TY2_0104_1_V01_1,가계대출 및 기업에 대한 표에 대해 알려주세요,294.1938171386719,657.6205444335938,1907.3330078125,1639.6285400390625
MI3_240808_TY2_0104_2_V01_1,"(기간중 말잔 증감, 억원) 차트(세로 막대형)에 대해 알려주세요",294.509033203125,559.5987548828125,1902.93408203125,2472.844482421875
MI3_240808_TY2_0110_1_V01_1,2021년 차주별 대출태도지수와 관련된 세로 막대형 차트에 대해 알려주세요,313.2524719238281,1872.9854736328125,1848.0968017578125,523.3257446289062
MI3_240808_TY2_0110_4_V01_1,비은행금융기관별 대출태도지수 차트(세로 막대형)에 대해 알려주세요,293.2548522949219,2575.949462890625,1894.752685546875,564.3779296875
MI3_240808_TY2_0111_1_V02-4_2,2. 순상품 및 소득 교역조건지수 등락률 차트(꺾은선형)에 대해 알려주세요,235.76126098632812,1134.6240234375,1919.9661865234375,921.42529296875
MI3_240808_TY2_0111_2_V01_1,수출물량지수 및 금액지수 등락률 차트(세로 막대형)에 대해 알려주세요,316.884033203125,1545.7723388671875,1926.0787353515625,1461.0447998046875
MI3_240808_TY2_0134_1_V01_1,V에 대해 알려주세요,294.2303771972656,2015.5250244140625,1891.8936767578125,1047.0328369140625
MI3_240808_TY2_0134_2_V01_2,가계대출1) 차트(가로 막대형)에 대해 알려주세요,429.74224853515625,1443.645263671875,1655.3663330078125,494.89111328125
MI3_240808_TY2_0141_1_V02-4_1,5만원권 차트(꺾은선형)에 대해 알려주세요,1239.687255859375,2271.268310546875,934.373779296875,600.423828125
MI3_240808_TY2_0141_2_V01_1,2018년~2020년 차트(세로 막대형)에 대해 알려주세요,390.5632019042969,1752.0418701171875,1796.5040283203125,1204.8973388671875
MI3_240808_TY2_0178_1_V02-1_1,주요국 통화가치 변화율 차트(세로 막대형)에 대해 알려주세요,1252.26611328125,2246.3486328125,903.237060546875,897.259765625
MI3_240808_TY2_0191_1_V02-8_2,식료품및에너지이외 지수 혼합형에 대해 알려주세요,315.11248779296875,2198.302978515625,1887.744873046875,981.380126953125
MI3_240808_TY2_0191_2_V01_1,총산출물가지수와 관련된 표에 대해 알려주세요,306.0649719238281,1567.6019287109375,1862.6937255859375,1424.1544189453125
MI3_240808_TY2_0200_1_V01_1,인터넷뱅킹 이용실적에 대해 알려주세요,330.456298828125,1692.8575439453125,1810.52587890625,1538.61962890625
MI3_240808_TY2_0200_2_V01_2,금융서비스 전달채널별 조회서비스 이용비중 표에 대해 알려주세요,357.08111572265625,1253.1634521484375,1768.7900390625,654.7828369140625
MI3_240808_TY2_0210_1_V01_1,예금취급기관 산업별대출금 증감액 에 대해 알려주세요,195.78045654296875,1935.8963623046875,2100.2197265625,1212.7994384765625
MI3_240808_TY2_0210_2_V01_1,제조업 내 산업별대출금 증감액 차트(세로 막대형)에 대해 알려주세요,195.08421325683594,1801.095703125,2102.2392578125,1304.7845458984375
MI3_240808_TY2_0210_3_V01_1,2021-2022년 서비스업 대출금 추세 차트에 대해 알려주세요,193.77586364746094,1637.1866455078125,2119.24560546875,1319.2601318359375
MI3_240808_TY2_0213_1_V01_1,구 분에 대해 알려주세요,239.619873046875,2128.200927734375,2090.39306640625,1049.604736328125
MI3_240808_TY2_0213_3_V01_1,거주자의 카드 해외 사용실적 및 비거주자의 카드 국내 사용실적 구분에 대해 알려주세요,270.66937255859375,471.303466796875,2009.5528564453125,2500.69091796875
MI3_240808_TY2_0216_1_V01_1,"2022년 4/4분기 중 대출태도, 신용위험 및 대출수요에 대한 차트에 대해 알려주세요",295.2745056152344,2712.0205078125,1908.4495849609375,562.05810546875
MI3_240808_TY2_0216_5_V01_1,비은행금융기관별 대출태도지수 차트(세로 막대형)에 대해 알려주세요,296.9777526855469,2126.652099609375,1885.0478515625,617.8595581054688
MI3_240808_TY2_0216_6_V01_2,비은행금융기관별 대출수요지수 차트(가로 막대형)에 대해 알려주세요,297.0517578125,1093.3839111328125,1884.8818359375,496.0269470214844
MI3_240808_TY2_0234_1_V01_1,I. 국제금융시장 동향 에 대해 알려주세요,332.6506042480469,2368.9736328125,1845.3609619140625,781.828369140625
MI3_240808_TY2_0234_2_V01_1,주요국 주가 에 대해 알려주세요,331.55224609375,2217.4912109375,1848.6953125,937.19970703125
MI3_240808_TY2_0234_3_V01_1,주요국 환율에 대한 표에 대해 알려주세요,322.16015625,1866.593017578125,1848.956298828125,1196.027587890625
MI3_240808_TY2_0234_6_V01_1,4 은행간 외환거래 규모에 대한 차트(세로 막대형)에 대해 알려주세요,413.9081726074219,2627.10400390625,1764.7200927734375,512.5175170898438
MI3_240808_TY2_0234_7_V01_1,가산금리 외평채 CDS 프리미엄 차트에 대해 알려주세요,292.4754638671875,1014.2888793945312,1958.219970703125,963.8079223632812
MI3_240808_TY2_0242_1_V02-8_1,생산자물가지수 등락률 혼합형에 대해 알려주세요,292.9398498535156,1060.343017578125,1876.8009033203125,978.5968627929688
MI3_240808_TY2_0242_2_V01_1,생산자물가지수 등락률에 대해 알려주세요,310.02410888671875,1680.7120361328125,1876.399658203125,1522.1407470703125
MI3_240808_TY2_0242_3_V01_1,특수분류지수 등락률 차트에 대해 알려주세요,288.0617980957031,1043.0037841796875,1903.3858642578125,1368.9967041015625
MI3_240808_TY2_0242_4_V01_1,국내공급물가지수 총지수에 대해 알려주세요,295.583984375,1647.132080078125,1884.4417724609375,1494.197509765625
MI3_240808_TY2_0242_5_V01_1,총산출물가지수 표에 대해 알려주세요,306.0473937988281,1409.7318115234375,1863.5902099609375,1420.2510986328125
MI3_240808_TY2_0243_1_V01_1,I. 국제금융시장 동향 표에 대해 알려주세요,334.1260070800781,2384.447021484375,1838.574951171875,744.310791015625
MI3_240808_TY2_0243_2_V01_1,주요국 주가 에 대해 알려주세요,330.5815124511719,2040.249755859375,1849.3856201171875,1029.22802734375
MI3_240808_TY2_0243_3_V01_1,주요국 환율에 대한 차트(표)에 대해 알려주세요,322.4126281738281,1916.6063232421875,1849.3349609375,1206.0889892578125
MI3_240808_TY2_0243_6_V01_1,은행간 외환거래 규모12) 표에 대해 알려주세요,296.134765625,2664.531005859375,1880.5244140625,470.8642578125
MI3_240808_TY2_0243_7_V01_1,대외 외화차입여건 표에 대해 알려주세요,291.5638122558594,1093.39697265625,1956.854248046875,899.992919921875
MI3_240808_TY2_0256_1_V01_1,주요국 국채금리(10년) 기말 기준 %에 대해 알려주세요,334.5693054199219,2418.382080078125,1838.5494384765625,731.6459350585938
MI3_240808_TY2_0256_2_V01_1,주요국 주가와 관련된 표에 대해 알려주세요,330.961181640625,2148.27099609375,1849.96435546875,892.0922241210938
MI3_240808_TY2_0256_3_V01_1,주요국 환율 차트(세로 막대형)에 대해 알려주세요,321.26593017578125,1936.810546875,1849.840087890625,1195.6737060546875
MI3_240808_TY2_0256_6_V01_2,대외 외화차입여건에 대한 표 에 대해 알려주세요,295.6469421386719,2230.579833984375,1872.7685546875,892.4142456054688
MI3_240808_TY2_0256_7_V01_2,선물환 표에 대해 알려주세요,291.7900390625,1340.5689697265625,1882.1495361328125,724.5211181640625
MI3_240808_TY2_0256_8_V01_1,NDF 순매입·매도 표에 대해 알려주세요,292.5768737792969,961.1397094726562,1826.347412109375,531.2792358398438
MI3_240808_TY2_0269_5_V01_1,전자지급결제대행 서비스(PG) 이용 현황에 대해 알려주세요,313.9449462890625,2047.1982421875,1850.813720703125,1122.864990234375
MI3_240808_TY2_0272_1_V01_1,가계신용 표에 대해 알려주세요,326.32244873046875,2225.918212890625,1823.890625,988.6442260742188
MI3_240808_TY2_0272_2_V01_1,가계대출 증감액 표에 대해 알려주세요,315.9286804199219,1409.787841796875,1857.32958984375,1805.559814453125
MI3_240808_TY2_0272_3_V01_1,2022 2023P 연중 판매신용에 대한 차트(세로 막대형)에 대해 알려주세요,293.140380859375,829.2633056640625,1866.632568359375,523.6881103515625
MI3_240808_TY2_0272_5_V01_1,연분기말 가계신용 차트(표)에 대해 알려주세요,275.57275390625,609.539306640625,1945.628173828125,2584.401611328125
MI3_240808_TY2_0272_6_V01_1,예금취급기관의 가계대출 잔액 차트(세로 막대형)에 대해 알려주세요,319.1164855957031,474.6350402832031,1827.30517578125,2604.8994140625
MI3_240808_TY2_0282_1_V02-4_1,수출입물량지수 등락률 차트(꺾은선형)에 대해 알려주세요,228.0480499267578,2305.041748046875,1935.5245361328125,929.341552734375
MI3_240808_TY2_0282_2_V01_1,수출물량지수 및금액지수 등락률 에 대해 알려주세요,305.6959533691406,1730.5172119140625,1936.028564453125,1503.3641357421875
MI3_240808_TY2_0282_3_V01_1,2023년 2월 수입물량지수 및 금액지수에 대해 알려주세요,309.90753173828125,1706.7706298828125,1934.0078125,1566.0518798828125
MI3_240808_TY2_0282_4_V01_1,교역조건지수 등락률 차트(세로 막대형)에 대해 알려주세요,240.97463989257812,1947.276611328125,1995.404052734375,903.7533569335938
MI3_240808_TY2_0291_1_V02-1_1,2023년 4/4 분기 가계신용의 차트(세로 막대형)에 대해 알려주세요,351.25067138671875,1166.5048828125,1786.719970703125,953.33349609375
MI3_240808_TY2_0291_2_V01_1,가계대출 증감액에 대한 표에 대해 알려주세요,315.86614990234375,1381.2034912109375,1856.05517578125,1847.0589599609375
MI3_240808_TY2_0291_3_V01_1,판매신용 증감액 표에 대해 알려주세요,302.90704345703125,828.7428588867188,1869.0740966796875,519.8889770507812
MI3_240808_TY2_0291_4_V02-1_2,기관별 가계대출 증감액에 대해 알려주세요,530.6474609375,431.447509765625,1418.68701171875,555.1396484375
MI3_240808_TY2_0291_5_V01_1,가계신용 잔액에 대한 연분기말 차트의 유형에 대해 알려주세요,279.7961120605469,606.2694091796875,1939.798095703125,2525.267822265625
MI3_240808_TY2_0291_6_V01_1,에 포함된 가계대출 잔액 관련 데이터의 표에 대해 알려주세요.,316.90899658203125,450.447998046875,1833.7335205078125,2418.587646484375
MI3_240808_TY2_0302_1_V02-4_1,원화 환율 추이에 대한 꺾은선형 차트에 대해 알려주세요,1246.9927978515625,2172.2607421875,907.6165771484375,936.292724609375
MI3_240808_TY2_0302_2_V01_1,환율 및 변동폭에 대한 시각적 표현에 대해 알려주세요,329.80987548828125,2645.10009765625,1840.9244384765625,399.577880859375
MI3_240808_TY2_0310_1_V02-8_2,식료품및에너지이외 지수 등락률 혼합형에 대해 알려주세요,287.91693115234375,2200.989501953125,1894.827880859375,1000.3690795898438
MI3_240808_TY2_0310_2_V01_1,생산자물가지수 등락률에 대한 차트(세로 막대형)에 대해 알려주세요,310.1517333984375,1530.4287109375,1882.2874755859375,1522.629150390625
MI3_240808_TY2_0310_3_V01_1,특수분류지수 등락률에 대해 알려주세요,310.0285949707031,1503.9305419921875,1906.5615234375,1370.2388916015625
MI3_240808_TY2_0316_1_V02-4_1,II. 국내 외환시장 동향 원달러 및 엔환율 차트에 대해 알려주세요,1244.15966796875,2109.033935546875,912.1573486328125,943.8139038085938
MI3_240808_TY2_0316_2_V02-1_1,환율 변동성에 대한 차트(세로 막대형)에 대해 알려주세요,1221.9180908203125,806.0326538085938,915.5220947265625,817.9330444335938
MI3_240808_TY2_0318_1_V02-8_2,2023년 12월 식료품 및 에너지 이외 지수에 대한 꺾은선형 차트에 대해 알려주세요,320.7308044433594,2211.154541015625,1862.3707275390625,990.47900390625
MI3_240808_TY2_0318_2_V01_1,생산자물가지수 등락률에 대해 알려주세요,310.09454345703125,1673.769287109375,1986.3062744140625,1521.7183837890625
MI3_240808_TY2_0318_3_V01_1,특수분류지수 등락률에 대해 알려주세요,308.94464111328125,1504.236572265625,1930.139892578125,1369.3359375
MI3_240808_TY2_0334_1_V02-4_2,2. 순상품 및 소득 교역조건지수 등락률 차트(꺾은선형)에 대해 알려주세요,231.48004150390625,1232.3599853515625,1943.7403564453125,927.9322509765625
MI3_240808_TY2_0334_2_V01_1,무역지수에 대한 물량지수 및 금액지수의 차트에 대해 알려주세요,304.1020812988281,1783.6983642578125,1941.1624755859375,1474.5352783203125
MI3_240808_TY2_0334_3_V01_1,2024년 1월 수입물량지수 및 금액지수에 대해 알려주세요,304.5150146484375,1653.99072265625,1943.238037109375,1572.680419921875
MI3_240808_TY2_0334_4_V01_1,2024년 1월 순상품교역조건지수와 소득교역조건지수의 차트에 대해 알려주세요,241.83665466308594,1948.573486328125,1993.32763671875,899.702392578125
MI3_240808_TY2_0352_1_V01_1,II. 국내 외환시장 동향 원화 환율 변화에 대해 알려주세요,323.43560791015625,1508.431396484375,1823.4974365234375,512.5419311523438
MI3_240808_TY2_0352_2_V01_2,통화스왑금리(3년) 표에 대해 알려주세요,324.040771484375,881.4287719726562,863.3947143554688,604.53076171875
MI3_240808_TY2_0360_2_V01_1,결제회원은행 고객기관에 대한 차트(세로 막대형)에 대해 알려주세요,387.8361511230469,1012.8843994140625,1738.2918701171875,745.443603515625
MI3_240808_TY2_0360_3_V02-8_1,CLS 통화별 결제비중 혼합형 차트에 대해 알려주세요,368.2802734375,713.2510375976562,1706.578125,698.7683715820312
MI3_240808_TY2_0386_1_V02-4_1,최근의 소비자물가 상승률 및 근원인플레이션율 동향에 대해 알려주세요,555.706298828125,1793.4849853515625,1374.33935546875,699.48828125
MI3_240808_TY2_0386_2_V01_1,최근 품목별 물가상승률과 관련된 표에 대해 알려주세요,369.60504150390625,482.6116943359375,1737.2410888671875,1120.6142578125
MI3_240808_TY2_0386_3_V01_1,최근 소비자물가 상승률에 대한 품목별 기여도 차트(세로 막대형)에 대해 알려주세요,368.82122802734375,482.3031311035156,1738.149658203125,966.3187255859375
MI3_240808_TY2_0386_4_V02-4_1,국제유가 및 수입물가지수 추이 꺾은선형에 대해 알려주세요,311.847412109375,545.5358276367188,909.1109619140625,657.6943969726562
MI3_240808_TY2_0390_1_V01_1,'16년말 '17.2말 39 3.10 전일 대비 美 2년물 1.19 1.26 1.37 1.35 -2bp 금리 10년물 2.44 2.39 2.60 2.57 -3bp 주 다우 등 꺾은선형에 대해 알려주세요,1280.5682373046875,1990.83056640625,940.462158203125,951.2343139648438
MI3_240808_TY2_0396_1_V02-2_1,한국은행과 미 연준과의 통화스왑 발표 및 관련 데이터에 대해 알려주세요,1328.1627197265625,2544.68603515625,906.0872192382812,696.212890625
MI3_240808_TY2_0412_1_V01_1,2020년 상반기중 지식재산권 무역수지 추이에 대해 알려주세요,329.5703430175781,1626.219970703125,1808.8568115234375,1586.7939453125
MI3_240808_TY2_0412_2_V01_1,기관형태별 지식재산권 무역수지 추이에 대해 알려주세요.,317.53466796875,965.0429077148438,1831.281494140625,1995.6436767578125
MI3_240808_TY2_0412_3_V01_1,산업별 지식재산권 무역수지 추이에 대해 알려주세요,308.5341491699219,513.30517578125,1847.944091796875,2357.90771484375
MI3_240808_TY2_0412_4_V01_1,거래상대방 국가별 지식재산권 무역수지 추이에 대해 알려주세요.,348.33929443359375,1079.737548828125,1777.5211181640625,1484.043701171875
MI3_240808_TY2_0412_5_V01_1,지식재산권 무역수지 주요 통계 추이에 대해 알려주세요,308.7871398925781,491.1293640136719,1979.6199951171875,2671.350341796875
MI3_240808_TY2_0414_1_V02-1_1,지역별 경상수지 차트(세로 막대형)에 대해 알려주세요,356.77764892578125,2013.9219970703125,1731.1719970703125,823.9505004882812
MI3_240808_TY2_0414_2_V01_1,지역별 경상수지 표에 대해 알려주세요,361.8276672363281,465.3763122558594,1753.189208984375,2615.039794921875
MI3_240808_TY2_0414_3_V01_1,2020p(B) B-A에 대해 알려주세요,355.9660339355469,510.24798583984375,1768.8525390625,2241.791259765625
MI3_240808_TY2_0414_4_V01_1,2017-2020p 기간의 데이터에 대해 알려주세요,354.83905029296875,484.7627868652344,1769.949951171875,2620.2236328125
MI3_240808_TY2_0416_1_V01_1,시장금리 및 주가에 대한 차트(세로 막대형)에 대해 알려주세요,296.51739501953125,1926.663818359375,1889.5101318359375,1204.015625
MI3_240808_TY2_0416_2_V01_1,에 대한 은행 가계대출 관련 정보와 V타입에 대해 알려주세요.,422.6057434082031,1329.9188232421875,1750.3902587890625,460.3063659667969
MI3_240808_TY2_0416_3_V01_1,기업 자금조달 관련 데이터 차트에 대해 알려주세요,301.9300231933594,1926.7130126953125,1889.66748046875,932.0191650390625
MI3_240808_TY2_0416_4_V01_1,주요 금융기관 수신 표에 대해 알려주세요,309.3486328125,1956.7032470703125,1860.445556640625,1134.21435546875
MI3_240808_TY2_0416_5_V01_1,은행 가계대출 및 기업 자금조달에 대한 표에 대해 알려주세요,295.8830871582031,665.0758666992188,1882.9835205078125,1752.271484375
MI3_240808_TY2_0416_6_V01_1,"(기간중 잔액 증감, 억원) 표에 대해 알려주세요",306.56201171875,558.5325927734375,1869.460205078125,2500.2236328125
MI3_240808_TY2_0419_1_V01_1,금리 및 주가에 대한 시각요소 표에 대해 알려주세요,300.7626953125,1821.684326171875,1887.298828125,1205.3670654296875
MI3_240808_TY2_0419_2_V01_1,에 대한 차트(세로 막대형) 내용을 알려주세요,397.84515380859375,1155.2410888671875,1754.77734375,400.2744140625
MI3_240808_TY2_0419_3_V01_1,제목에 따른 기업 자금조달 차트에 대해 알려주세요,302.86224365234375,1806.33642578125,1890.5830078125,985.8395385742188
MI3_240808_TY2_0419_4_V01_1,주요 금융기관 수신에 대한 차트(세로 막대형)에 대해 알려주세요,308.5494384765625,2026.253173828125,1861.7030029296875,1188.3663330078125
MI3_240808_TY2_0419_5_V01_1,은행 가계대출 및 기업 자금조달 본문 표에 대해 알려주세요,296.6413879394531,665.5475463867188,1881.5118408203125,1748.9356689453125
MI3_240808_TY2_0419_6_V01_1,주요 금융기관 수신 차트에 대해 알려주세요,302.434814453125,584.0859985351562,1868.65576171875,2505.05078125
MI3_240808_TY2_0428_1_V01_1,2021년 2월중 통화 및 유동성 동향에 대해 알려주세요,301.2490234375,2246.013427734375,1869.893310546875,953.8800659179688
MI3_240808_TY2_0428_2_V01_1,통화 및 유동성 지표 장기 추이 영역형 차트에 대해 알려주세요,314.3933410644531,2432.533203125,1838.5003662109375,706.519287109375
MI3_240808_TY2_0428_3_V01_1,통화 및 유동성 지표 구성 금융상품에 대해 알려주세요,422.02398681640625,885.15380859375,1668.4793701171875,992.9708862304688
MI3_240808_TY2_0430_1_V01_1,2021년 3월중 통화 및 유동성 지표 추이(계절조정계열 기준) 표에 대해 알려주세요,305.6403503417969,2245.88232421875,1861.0693359375,953.4293823242188
MI3_240808_TY2_0430_2_V02-4_1,통화 및 유동성 지표 장기 추이 꺾은선형에 대해 알려주세요,305.22039794921875,1062.767333984375,1857.01904296875,1219.6591796875
MI3_240808_TY2_0459_1_V01_1,2022년 7월 통화 및 유동성 동향에 대해 알려주세요,307.20391845703125,2245.66943359375,1859.3543701171875,967.77734375
MI3_240808_TY2_0459_2_V02-4_1,통화 및 유동성 지표 장기 추이에 대해 알려주세요,311.2387390136719,1194.896484375,1837.99853515625,1134.078125
MI3_240808_TY2_0459_3_V01_1,통화 및 유동성 지표 구성 금융상품 표에 대해 알려주세요,422.06536865234375,885.1473388671875,1668.3939208984375,993.0225219726562
MI3_240808_TY2_0471_1_V01_1,2022년 3월 통화 및 유동성 동향 연간 데이터에 대해 알려주세요,305.3625183105469,2246.105224609375,1861.64892578125,953.644775390625
MI3_240808_TY2_0471_2_V02-4_1,통화 및 유동성 지표 장기 추이에 대해 알려주세요,311.1276550292969,1063.3748779296875,1839.0797119140625,1212.6756591796875
MI3_240808_TY2_0471_3_V01_1,우리나라의 통화 및 유동성 지표 구성 금융상품에 대해 알려주세요,422.0675964355469,885.1502685546875,1668.4527587890625,992.9791259765625
MI3_240808_TY2_0480_1_V01_1,2022년 통화 및 유동성 지표 추이에 대해 알려주세요,307.7765808105469,2264.93603515625,1858.09619140625,973.412841796875
MI3_240808_TY2_0480_2_V01_1,2021년과 2022년 통화량 변화에 대해 알려주세요,311.47857666015625,2571.108154296875,1845.6988525390625,680.7118530273438
MI3_240808_TY2_0480_3_V01_1,우리나라의 통화 및 유동성 지표에 대해 알려주세요,421.8879089355469,885.1776123046875,1661.8350830078125,992.8965454101562
MI3_240808_TY2_0486_1_V01_1,금리 및 주가에 대해 알려주세요,293.8968505859375,1643.4942626953125,1894.2320556640625,1267.2303466796875
MI3_240808_TY2_0486_2_V01_1,은행 가계대출 관련 데이터에 대해 알려주세요.,408.2438049316406,1451.468017578125,1756.886962890625,409.319580078125
MI3_240808_TY2_0486_3_V01_1,기업 자금조달 차트(세로 막대형)에 대해 알려주세요,302.3750305175781,2091.542236328125,1889.6029052734375,859.808837890625
MI3_240808_TY2_0486_4_V01_1,주요 금융기관 수신 차트(세로 막대형)에 대해 알려주세요,310.38922119140625,1888.743408203125,1859.903564453125,1133.740234375
MI3_240808_TY2_0486_5_V01_1,제목에 관련된 데이터의 본문 내용을 바탕으로 가계대출 및 기업 자금조달에 대한 표에 대해 알려주세요.,295.876953125,589.5458984375,1882.451904296875,1630.7353515625
MI3_240808_TY2_0503_1_V02-4_2,상장기업(전산업) 영업이익률 차트(꺾은선형)에 대해 알려주세요,341.3745422363281,655.0654296875,1747.4432373046875,1091.2340087890625
MI3_240808_TY2_0503_2_V02-4_1,이자보상비율에 대한 꺾은선형 차트에 대해 알려주세요,333.272705078125,2007.5504150390625,1758.940673828125,1085.447265625
MI3_240808_TY2_0503_3_V02-4_1,T01 T02 T03 차트(꺾은선형)에 대해 알려주세요,349.3037414550781,536.7269287109375,1744.694580078125,1083.463134765625
MI3_240808_TY2_0503_4_V02-4_2,상장기업(제조업) 분위수 통계와 매출액영업이익률 차트(꺾은선형)에 대해 알려주세요,342.8840026855469,739.3170166015625,1742.83837890625,1084.784423828125
MI3_240808_TY2_0503_5_V02-4_1,이자보상비율 차트(꺾은선형)에 대해 알려주세요,301.1504211425781,457.4712219238281,1793.5028076171875,1275.2593994140625
MI3_240808_TY2_0503_6_V02-4_1,제목 차입금의존도 꺾은선형에 대해 알려주세요,349.5199890136719,523.1355590820312,1748.609619140625,1089.528076171875
MI3_240808_TY2_0505_1_V01_1,2023년 3월 통화 및 유동성 동향에 대한 표에 대해 알려주세요,263.4028625488281,2227.400146484375,1946.2703857421875,982.4816284179688
MI3_240808_TY2_0505_2_V01_1,"2022년부터 2023년까지 M1, M2, Lf의 변화 추이에 대해 알려주세요",307.934814453125,2547.312255859375,1852.4647216796875,650.4904174804688
MI3_240808_TY2_0505_3_V01_2,광의통화(M2)의 경제주체별 구분에 대해 알려주세요,374.3014831542969,2639.208251953125,1737.00439453125,303.3940124511719
MI3_240808_TY2_0518_1_V01_2,기관형태별 × 산업별 지식재산권 무역수지에 대해 알려주세요,317.2577819824219,1030.7412109375,1852.7310791015625,655.2249145507812
MI3_240808_TY2_0518_2_V01_1,기관형태별 X 국가별 지식재산권 무역수지(2023년p) 차트에 대해 알려주세요,328.4540710449219,958.4987182617188,1822.14404296875,662.2669677734375
MI3_240808_TY2_0518_3_V02-1_1,주요 지식재산권 무역수지 통계 추이에 대해 알려주세요,300.95263671875,473.2154235839844,1974.12744140625,2625.40625
MI3_240808_TY2_0525_1_V01_1,주요 금융기관 수신에 대해 알려주세요.,310.2096862792969,1968.75537109375,1857.91796875,1018.044921875
MI3_240808_TY2_0525_2_V01_1,제목 및 소제목에 대한 정보와 함께 이 데이터의 본문에 포함된 차트에 대해 알려주세요.,293.9176940917969,578.693603515625,1882.962158203125,2043.9378662109375
MI3_240808_TY2_0525_3_V01_1,주요 금융기관 수신 표에 대해 알려주세요,302.7812194824219,579.436767578125,1873.754638671875,2504.28271484375
MI3_240808_TY2_0528_1_V01_1,II. 2024년 상반기중 물가 상황 1. 개황 소비자물가 상승률에 대해 알려주세요,342.8584289550781,1569.139404296875,1793.9490966796875,333.0
MI3_240808_TY2_0528_2_V02-8_1,소비자물가 변동 요인에 대해 알려주세요,1256.71484375,2029.0784912109375,942.7498779296875,779.7954711914062
MI3_240808_TY2_0528_3_V02-4_2,전문가 장기 기대 및 BEI 차트(꺾은선형)에 대해 알려주세요,270.640380859375,2092.65673828125,924.2529296875,681.813232421875
MI3_240808_TY2_0528_4_V02-1_1,III. 향후 물가 여건 및 전망 본문 차트(영역형)에 대해 알려주세요,1244.804443359375,1208.3492431640625,942.6097412109375,694.2906494140625
MI3_240808_TY2_0528_5_V02-4_2,소비자물가에 대한 차트(꺾은선형)에 대해 알려주세요,269.88250732421875,1014.9229125976562,628.3606567382812,559.7714233398438
MI3_240808_TY2_0528_6_V02-4_2,기조적 물가 추이에 대한 꺾은선형 차트에 대해 알려주세요,931.4932250976562,1701.6654052734375,609.5820922851562,474.2235107421875
MI3_240808_TY2_0528_7_V02-4_1,기조적 물가 흐름: 확산 정도 꺾은선형에 대해 알려주세요,303.2243957519531,2445.44287109375,1267.615234375,518.3622436523438
MI3_240808_TY2_0528_8_V02-4_2,물가 상승모멘텀에 대한 차트(꺾은선형)에 대해 알려주세요,317.9931335449219,1032.52099609375,1851.800048828125,845.1926879882812
MI3_240808_TY2_0528_9_V02-4_1,BSI와 CPI 관련 차트(꺾은선형)에 대해 알려주세요,297.01629638671875,2344.675537109375,590.47900390625,515.1283569335938
MI3_240808_TY2_0535_1_V02-4_1,기업경기실사지수(BSI) 제조업 업황BSI 추이에 대해 알려주세요,275.0742492675781,1392.9532470703125,1920.2183837890625,847.1312866210938
MI3_240808_TY2_0535_2_V02-4_1,업황BSI에 대해 알려주세요,252.8500213623047,1923.46533203125,1944.706298828125,831.474609375
MI3_240808_TY2_0535_3_V02-4_1,II 경제심리지수와 경제심리지수 추이에 대해 알려주세요,253.8722686767578,959.7677001953125,1957.348876953125,1019.5801391601562
MI3_240808_TY2_0535_4_V02-4_2,기업경기실사지수 전망 차트(꺾은선형)에 대해 알려주세요,218.0441436767578,2078.36279296875,2003.8984375,878.8935546875
MI3_240808_TY2_0540_1_V02-4_1,I 기업경기실사지수(BSI) 제조업 업황BSI 추이에 대해 알려주세요,272.6634521484375,1362.052734375,1925.9542236328125,869.4642333984375
MI3_240808_TY2_0540_2_V02-4_1,비제조업 업황BSI 추이에 대해 알려주세요,253.41705322265625,1847.068115234375,1942.7755126953125,888.214111328125
MI3_240808_TY2_0540_3_V02-4_1,II 경제심리지수 추이에 대한 꺾은선형 차트에 대해 알려주세요,254.30950927734375,959.4532470703125,1956.6092529296875,1019.6616821289062
MI3_240808_TY2_0540_4_V02-4_2,기업경기실사지수(BSI) 전망에 대해 알려주세요,237.5724334716797,801.2371215820312,1968.2547607421875,901.0379638671875
MI3_240808_TY2_0551_1_V01_1,장기평균에 대해 알려주세요,327.72119140625,2313.66357421875,1799.3837890625,883.169921875
MI3_240808_TY2_0551_3_V01_1,Ⅱ 경제심리지수(ESI) ESI 지수 변화에 대해 알려주세요,305.494384765625,2130.953125,1845.0694580078125,924.8405151367188
MI3_240808_TY2_0551_4_V02-4_2,제조업·비제조업 업황 전망BSI 추이에 대해 알려주세요,231.88699340820312,2011.82470703125,1969.6531982421875,812.042724609375
MI3_240808_TY2_0556_1_V02-4_1,기업경기실사지수(BSI) 제조업 업황 BSI 꺾은선형에 대해 알려주세요,278.4965515136719,1221.4390869140625,1921.686767578125,964.7044067382812
MI3_240808_TY2_0556_2_V01_1,제조업 경영애로사항 본문 표에 대해 알려주세요,343.4249572753906,835.7789916992188,1768.4881591796875,364.70977783203125
MI3_240808_TY2_0556_3_V02-4_1,Ⅱ 경제심리지수(ESI) 경제심리지수 추이에 대해 알려주세요,249.653564453125,1010.3033447265625,1962.1103515625,1058.064697265625
MI3_240808_TY2_0556_4_V02-4_1,기업경기실사지수 추이에 대해 알려주세요,239.7707977294922,869.3228149414062,1976.7225341796875,812.8479614257812
MI3_240808_TY2_0569_1_V01_1,기업경기실사지수(BSI) 전원대비 업황 꺾은선형 차트에 대해 알려주세요,329.53509521484375,2279.731689453125,1793.986572265625,928.910400390625
MI3_240808_TY2_0569_2_V01_1,경영애로사항 내수부진 비중 변화에 대해 알려주세요,321.8239440917969,2779.12744140625,1818.561279296875,403.4384460449219
MI3_240808_TY2_0569_3_V01_1,II 경제심리지수(ESI)와 관련된 표에 대해 알려주세요,305.9952087402344,2080.779541015625,1843.6983642578125,924.378173828125
MI3_240808_TY2_0569_4_V02-4_1,기업경기실사지수(BSI) 추이에 대한 차트(꺾은선형)에 대해 알려주세요,239.34027099609375,804.38037109375,1967.728759765625,983.9380493164062
MI3_240808_TY2_0570_1_V02-4_1,기업경기실사지수(BSI) 제조업 업황BSI 꺾은선형 차트에 대해 알려주세요,283.8686218261719,1262.816162109375,1911.16650390625,957.5169677734375
MI3_240808_TY2_0570_2_V01_2,장기평균 표에 대해 알려주세요,321.39630126953125,2780.04296875,1812.6824951171875,363.84033203125
MI3_240808_TY2_0570_3_V02-4_1,II 경제심리지수(ESI) 차트(꺾은선형)에 대해 알려주세요,251.93753051757812,959.3507080078125,1950.733154296875,1053.1103515625
MI3_240808_TY2_0570_4_V02-4_2,기업경기실사지수 전망과 관련된 꺾은선형 차트에 대해 알려주세요,239.58387756347656,802.4920043945312,1966.7259521484375,973.1376342773438
MI3_240808_TY2_0571_1_V01_1,기업경기실사지수(BSI) 장기평균에 대해 알려주세요,327.5924377441406,2192.873046875,1798.2637939453125,893.00146484375
MI3_240808_TY2_0571_2_V02-4_1,비제조업 업황BSI 추이에 대해 알려주세요,279.3258361816406,1764.867431640625,1917.4991455078125,960.51416015625
MI3_240808_TY2_0571_3_V02-4_1,II 경제심리지수와 관련된 경제심리지수 추이 꺾은선형에 대해 알려주세요,252.14950561523438,959.3779907226562,1950.6400146484375,1053.0936279296875
MI3_240808_TY2_0571_4_V02-4_2,제조업·비제조업 업황 전망BSI 추이에 대해 알려주세요,231.2732391357422,2005.225341796875,1980.2926025390625,1006.024658203125
MI3_240809_TY2_0009_1_V01_1,기업 자금조달 차트(세로 막대형)에 대해 알려주세요,299.6122741699219,2256.923095703125,1896.7281494140625,945.406982421875
MI3_240809_TY2_0009_2_V01_1,2018 2019 2020 연도별 수신 현황에 대해 알려주세요,309.9117431640625,1888.2197265625,1886.18115234375,1105.9224853515625
MI3_240809_TY2_0009_3_V01_1,가계대출 및 기업 자금조달에 대해 알려주세요,292.93865966796875,649.229248046875,1923.23095703125,1642.152587890625
MI3_240809_TY2_0025_1_V02-4_3,나. 등락률 차트(꺾은선형)에 대해 알려주세요,299.6308898925781,1603.4794921875,1867.6890869140625,1559.061279296875
MI3_240809_TY2_0025_2_V01_1,수입물가지수 용도별 분류에 대해 알려주세요,297.2390441894531,1744.775390625,1882.48828125,1453.044921875
MI3_240809_TY2_0028_1_V01_1,예금취급기관의 산업 대출금 증감액 추이 차트(세로 막대형)에 대해 알려주세요,239.9247589111328,1629.3731689453125,2005.8338623046875,1302.251708984375
MI3_240809_TY2_0028_2_V01_1,II. 2/4분기중 산업별 대출금 동향 차트(세로 막대형)에 대해 알려주세요,192.87033081054688,1320.33251953125,2106.812744140625,1551.5267333984375
MI3_240809_TY2_0028_3_V01_1,서비스업 대출 증감액 추이 차트(세로 막대형)에 대해 알려주세요,191.44749450683594,1388.207275390625,2105.651123046875,1398.17626953125
MI3_240809_TY2_0029_1_V01_1,예금취급기관의 산업 대출금 증감액 추이 차트에 대해 알려주세요,239.6926727294922,1629.484619140625,2011.3623046875,1302.188720703125
MI3_240809_TY2_0029_2_V01_1,제조업 대출 증감액 추이에 대해 알려주세요,193.56625366210938,1415.13134765625,2107.847900390625,1545.1229248046875
MI3_240809_TY2_0029_3_V01_1,서비스업 대출 증감액 추이에 대해 알려주세요,191.67335510253906,1387.76611328125,2105.34033203125,1398.6295166015625
MI3_240809_TY2_0045_1_V01_1,서비스업 산업별 대출 추이에 대해 알려주세요,207.021240234375,1469.7747802734375,2074.321533203125,1451.2548828125
MI3_240809_TY2_0045_2_V01_1,건설업 산업별 대출 추이에 대해 알려주세요,192.79714965820312,1441.8685302734375,2116.934326171875,977.9207763671875
MI3_240809_TY2_0049_1_V02-4_1,가. 지수 꺾은선형에 대해 알려주세요,239.20065307617188,1962.961181640625,1977.273681640625,1019.7998046875
MI3_240809_TY2_0052_1_V01_1,서비스업의 대출 추세를 보여주는 표에 대해 알려주세요,209.00830078125,1468.1885986328125,2075.422607421875,1462.429443359375
MI3_240809_TY2_0052_2_V01_1,건설업 산업별 대출 추이 차트에 대해 알려주세요,193.77120971679688,1441.767822265625,2113.554443359375,997.5732421875
MI3_240809_TY2_0062_2_V01_1,가계대출 증감액 차트에 대해 알려주세요,315.8285827636719,1558.4908447265625,1861.940185546875,1734.8199462890625
MI3_240809_TY2_0062_3_V01_1,판매신용에 대한 표에 대해 알려주세요,287.2737121582031,1026.86376953125,1874.384521484375,691.9473876953125
MI3_240809_TY2_0064_1_V01_1,가계신용 표에 대해 알려주세요,300.5487976074219,1489.1024169921875,1910.429931640625,667.7992553710938
MI3_240809_TY2_0064_2_V01_1,기관별 가계대출 표에 대해 알려주세요,315.97265625,1357.54296875,1861.0439453125,1737.335693359375
MI3_240809_TY2_0064_3_V01_1,판매신용 차트(표)에 대해 알려주세요,316.35772705078125,833.95703125,1840.0323486328125,695.6180419921875
MI3_240809_TY2_0069_1_V02-1_1,반기별 위조지폐 발견장수 표에 대해 알려주세요,370.0750732421875,1538.744873046875,853.9611206054688,748.4521484375
MI3_240809_TY2_0069_2_V01_1,전체 금액에 대한 차트에 대해 알려주세요,376.2684631347656,845.2958374023438,1805.8719482421875,686.0802612304688
MI3_240809_TY2_0072_1_V02-8_1,가계신용 혼합형 차트에 대해 알려주세요,305.40185546875,2303.361572265625,1865.007568359375,929.387939453125
MI3_240809_TY2_0072_3_V01_1,가계신용 잔액 현황 (십억원) 차트(세로 막대형)에 대해 알려주세요,287.396240234375,510.0327453613281,1961.2547607421875,2443.784423828125
MI3_240809_TY2_0082_1_V02-8_1,가계신용 혼합형에 대해 알려주세요,328.0226745605469,1401.7325439453125,1792.128662109375,912.3919067382812
MI3_240809_TY2_0082_2_V01_1,기관별 가계대출 증감액 차트(세로 막대형)에 대해 알려주세요,337.30078125,1589.869873046875,1816.215576171875,1615.1484375
MI3_240809_TY2_0082_3_V01_1,판매신용에 관한 표에 대해 알려주세요,289.8589172363281,825.5861206054688,1867.4935302734375,686.43505859375
MI3_240809_TY2_0083_1_V01_1,가계신용 표에 대해 알려주세요,294.0558776855469,2454.55859375,1891.414794921875,767.5361328125
MI3_240809_TY2_0083_2_V01_1,2012-2014 연중 가계대출 잔액에 대해 알려주세요,351.31689453125,1552.640380859375,1793.4637451171875,1638.762939453125
MI3_240809_TY2_0083_3_V01_1,판매신용에 대해 알려주세요,293.0592956542969,824.435546875,1865.1400146484375,689.8514404296875
MI3_240809_TY2_0106_1_V02-1_2,총산출액의 지역별 구성 차트(세로 막대형)에 대해 알려주세요,325.399169921875,2275.006103515625,780.0008544921875,929.72314453125
MI3_240809_TY2_0113_1_V02-1_1,성별/연령별 스마트폰 보유비율 차트(세로 막대형)에 대해 알려주세요,404.2546081542969,1700.336181640625,398.95172119140625,426.1976013183594
MI3_240809_TY2_0116_1_V02-4_1,인터넷뱅킹 전체 차트(꺾은선형)에 대해 알려주세요,671.4058837890625,430.5801696777344,1135.796630859375,857.6171875
MI3_240809_TY2_0117_1_V01_1,외국환은행의 외환거래규모(억달러)에 대해 알려주세요,319.1182556152344,2182.602294921875,1853.8900146484375,1002.092041015625
MI3_240809_TY2_0117_3_V01_1,전체 에 대해 알려주세요,319.700439453125,1171.7449951171875,1872.9884033203125,1762.979248046875
MI3_240809_TY2_0118_1_V01_1,전자어음 이용자 등록 현황 표에 대해 알려주세요,325.9035949707031,2013.218505859375,1857.980224609375,1197.6182861328125
MI3_240809_TY2_0118_2_V01_1,전자어음 이용 실적 표에 대해 알려주세요,335.33270263671875,2158.8955078125,1806.8868408203125,940.1787109375
MI3_240809_TY2_0140_1_V02-1_1,모바일뱅킹 서비스별 이용건수 및 비중 차트(세로 막대형)에 대해 알려주세요,372.8221130371094,2453.337890625,786.7799072265625,604.32666015625
MI3_240809_TY2_0162_1_V01_1,주요 시장금리에 대해 알려주세요,400.0347900390625,1141.3951416015625,1746.5760498046875,351.07568359375
MI3_240809_TY2_0168_1_V01_1,원화 환율 차트(세로 막대형)에 대해 알려주세요,323.842041015625,1333.8681640625,1845.8612060546875,610.163818359375
MI3_240809_TY2_0174_1_V01_1,지급카드 이용실적 표에 대해 알려주세요,306.18994140625,2481.560302734375,1884.2921142578125,659.8505249023438
MI3_240809_TY2_0178_1_V01_1,모바일뱅킹 등록고객수와 실제 이용에 대한 차트에 대해 알려주세요,355.0780944824219,1413.72900390625,1807.73828125,752.5736083984375
MI3_240809_TY2_0181_1_V01_1,가계신용 표에 대해 알려주세요,340.6957702636719,2091.6318359375,1793.974365234375,1110.4691162109375
MI3_240809_TY2_0193_1_V01_1,일평균 기준 표에 대해 알려주세요,335.190673828125,1803.138916015625,1809.41650390625,919.2208862304688
MI3_240809_TY2_0221_1_V01_1,주요국환율에 대한 표에 대해 알려주세요,318.09326171875,1706.2462158203125,1864.8369140625,1279.8095703125
MI3_240809_TY2_0228_1_V02-8_1,가계신용 혼합형에 대해 알려주세요,346.45745849609375,1111.6448974609375,1760.0941162109375,850.2050170898438
MI3_240809_TY2_0239_1_V02-8_1,가계신용 혼합형에 대해 알려주세요,349.643798828125,1218.401611328125,1775.940185546875,866.853759765625
MI3_240809_TY2_0267_1_V02-8_1,2023년 5만원권 환수율 동향 은행권 발행·환수·순발행 혼합형에 대해 알려주세요,1277.9849853515625,1897.425537109375,893.250244140625,837.9059448242188
MI3_240809_TY2_0272_1_V01_2,소득교역조건지수에 대한 단가지수 방식(구지수) 차트(세로 막대형)에 대해 알려주세요,351.7880554199219,762.4991455078125,1823.683837890625,306.50390625
MI3_240809_TY2_0308_1_V02-1_1,전체 한국 OECD 평균 금융지식 금융행위에 대해 알려주세요,343.9258728027344,2740.80517578125,869.78857421875,405.9794921875
MI3_240809_TY2_0317_1_V02-8_1,수출물가지수 등락률 혼합형에 대해 알려주세요,233.63104248046875,1165.531494140625,2002.9144287109375,878.690185546875
MI3_240809_TY2_0347_1_V02-8_1,2. 수입물가지수 등락률 혼합형에 대해 알려주세요,237.0568389892578,2249.49462890625,1995.0302734375,862.3710327148438
MI3_240809_TY2_0366_1_V02-8_2,수입물가지수 등락률 차트(혼합형)에 대해 알려주세요,242.52984619140625,2273.79833984375,1988.5648193359375,862.237060546875
MI3_240809_TY2_0375_1_V01_1,주요 성장성지표 차트(세로 막대형)에 대해 알려주세요,229.975830078125,1584.8370361328125,2010.953125,1554.993408203125
MI3_240809_TY2_0384_1_V02-8_2,2. 수입물가지수 등락률 혼합형에 대해 알려주세요,239.17996215820312,2275.546630859375,1994.9971923828125,880.13427734375
MI3_240809_TY2_0389_1_V01_1,광의통화(M2)의 경제주체별 구분 표에 대해 알려주세요,401.26043701171875,2465.972412109375,1674.974609375,223.687744140625
MI3_240809_TY2_0394_1_V02-4_1,기업경기실사지수(BSI) 제조업 업황BSI 꺾은선형에 대해 알려주세요,356.7320251464844,1528.6474609375,1894.947021484375,741.4453125
MI3_240809_TY2_0395_1_V01_1,소비자심리지수 표에 대해 알려주세요,294.68426513671875,2206.93212890625,1863.0,765.730712890625
MI3_240809_TY2_0426_1_V02-4_1,기업경기실사지수(BSI) 제조업 업황BSI 꺾은선형에 대해 알려주세요,287.8417663574219,1519.8802490234375,1896.76611328125,784.8674926757812
MI3_240809_TY2_0435_1_V01_1,I 기업경기실사지수(BSI) 제조업 업황BSI 표에 대해 알려주세요,328.689697265625,2377.225341796875,1851.7138671875,795.2304077148438
MI3_240809_TY2_0461_1_V02-4_1,제조업 업황BSI 추이에 대해 알려주세요,316.025634765625,1602.5355224609375,1865.114990234375,714.3618774414062
MI3_240809_TY2_0470_1_V01_1,장기평균 표에 대해 알려주세요,379.3996276855469,2355.258056640625,1802.608154296875,793.229736328125
MI3_240809_TY2_0479_1_V02-4_1,제조업 업황BSI 추이에 대해 알려주세요,321.5177917480469,1427.8448486328125,1861.817626953125,893.8944091796875
MI3_240809_TY2_0480_1_V01_1,장기평균에 대해 알려주세요,377.76763916015625,2364.118896484375,1802.7791748046875,797.8966674804688
MI3_240809_TY2_0486_1_V01_1,장기평균에 대해 알려주세요,376.8848571777344,2360.45947265625,1804.0877685546875,797.2870483398438
MI3_240809_TY2_0490_1_V01_1,장기평균에 대해 알려주세요,377.91094970703125,2342.225830078125,1807.283447265625,798.6328125
MI3_240809_TY2_0502_1_V02-4_1,경제성장률 비교 차트(꺾은선형)에 대해 알려주세요,414.4343566894531,2014.70751953125,1740.8917236328125,999.4733276367188
MI3_240809_TY2_0507_1_V02-4_1,제조업 업황BSI 추이에 대해 알려주세요,275.9814758300781,1398.983642578125,1925.0355224609375,841.3001098632812
MI3_240809_TY2_0510_1_V01_1,국내은행의 대출태도지수 종합에 대해 알려주세요,334.64697265625,1776.1224365234375,1849.6910400390625,441.6134033203125
MI3_240809_TY2_0513_1_V01_2,총량지표에 대한 차트(세로 막대형)에 대해 알려주세요,236.82911682128906,1908.936767578125,2008.49755859375,1302.5419921875
MI3_240809_TY2_0527_1_V01_1,M1 M2 표에 대해 알려주세요,248.76901245117188,563.8632202148438,2010.3953857421875,1284.13916015625
MI3_240809_TY2_0528_1_V01_1,총량지표에 대한 표에 대해 알려주세요.,248.609375,563.6570434570312,2010.869384765625,1283.612060546875
MI3_240809_TY2_0558_1_V01_1,수익구조 차트(세로 막대형)에 대해 알려주세요,340.7011413574219,1039.3380126953125,1885.2781982421875,1866.8759765625
MI3_240809_TY2_0562_1_V02-4_2,결제통화별 수입비중 추이에 대해 알려주세요,1270.7745361328125,1358.650634765625,902.82177734375,576.6414794921875
MI3_240809_TY2_0569_1_V01_1,북한의 산업별 성장률 차트에 대해 알려주세요,309.90789794921875,1473.1871337890625,1864.557861328125,1614.6259765625
MI3_240809_TY2_0589_1_V01_1,지역별 어음부도율1) (전자결제 조정전) 차트(세로 막대형)에 대해 알려주세요,300.1615905761719,1462.8016357421875,1878.9669189453125,1748.9783935546875
MI3_240809_TY2_0594_1_V01_2,총량지표와 통화지표(평잔)에 대한 차트에 대해 알려주세요,231.5233612060547,1887.658203125,2007.7362060546875,1303.06982421875
MI3_240809_TY2_0596_1_V01_2,통화지표의 증감률에 대해 알려주세요.,240.2100372314453,552.5128784179688,2008.8277587890625,1277.308837890625
MI3_240809_TY2_0598_1_V01_1,"원/달러, 원/엔, 달러/유로 및 엔/달러 환율 추이 표에 대해 알려주세요",289.9071960449219,2207.949462890625,1904.5888671875,882.1791381835938
MI3_240809_TY2_0599_1_V01_2,전기대비 증감률(계절조정계열) 차트(세로 막대형)에 대해 알려주세요,244.59193420410156,1864.663330078125,1993.109375,1269.7705078125
MI3_240809_TY2_0606_1_V01_1,총량지표 차트에 대해 알려주세요,232.91603088378906,548.855712890625,2008.8746337890625,1315.4775390625
MI3_240809_TY2_0625_1_V01_1,매출액증가율 차트(세로 막대형)에 대해 알려주세요,276.35028076171875,1503.6929931640625,1900.49853515625,1606.91259765625
MI3_240809_TY2_0652_1_V02-4_1,경제주체별 자금과부족 추이 꺾은선형 차트에 대해 알려주세요,1253.695068359375,2235.961669921875,907.95458984375,860.624267578125
MI3_240809_TY2_0665_1_V01_1,예금은행 가중평균금리 차트에 대해 알려주세요,269.3569641113281,2101.383544921875,1942.8494873046875,1046.6536865234375
MI3_240809_TY2_0673_1_V01_1,예금은행의 가중평균금리 표에 대해 알려주세요,268.96685791015625,2101.18017578125,1943.8306884765625,1047.172607421875
MI3_240809_TY2_0674_1_V01_1,예금은행의 가중평균금리 차트(세로 막대형)에 대해 알려주세요,269.244384765625,2101.33349609375,1942.9486083984375,1046.822998046875
MI3_240809_TY2_0689_1_V01_2,광의통화(M2)의 경제주체별 구분 표에 대해 알려주세요,401.348388671875,2465.940673828125,1674.865234375,223.677734375
MI3_240809_TY2_0697_1_V01_1,주요 성장성지표 차트(세로 막대형)에 대해 알려주세요,426.39849853515625,1427.5816650390625,1814.6260986328125,1691.311279296875
MI3_240809_TY2_0717_1_V01_1,I. 예금은행 가중평균금리 차트에 대해 알려주세요,273.234619140625,2101.8212890625,1937.706298828125,1045.7740478515625
MI3_240809_TY2_0722_1_V01_1,통화 및 유동성 지표 추이 차트(세로 막대형)에 대해 알려주세요,0.0,0.0,0.0,0.0
MI3_240809_TY2_0769_1_V01_1,2018년중 지식재산권 무역수지 표에 대해 알려주세요,293.3139953613281,1632.3370361328125,1886.4788818359375,1588.0738525390625
MI3_240809_TY2_0804_1_V01_1,생산자물가지수 표에 대해 알려주세요,286.2848815917969,1853.4622802734375,1878.178955078125,1346.1480712890625
MI3_240809_TY2_0808_1_V01_1,생산자물가지수 표에 대해 알려주세요,287.2737121582031,1768.106689453125,1876.8272705078125,1423.28173828125
MI3_240809_TY2_0811_1_V01_1,생산자물가지수 (%) 전월대비 전년동월대비 가중치에 대해 알려주세요,286.470458984375,1555.9359130859375,1878.472412109375,1421.819091796875
MI3_240809_TY2_0812_1_V01_1,생산자물가지수 차트(표)에 대해 알려주세요,284.9836120605469,1557.2662353515625,1880.707763671875,1561.8638916015625
MI3_240809_TY2_0813_1_V01_1,생산자물가지수 차트에 대해 알려주세요,285.1948547363281,1557.318603515625,1880.01318359375,1560.874267578125
MI3_240809_TY2_0859_1_V01_1,평균 가격 차트 표에 대해 알려주세요,295.8954162597656,2399.2138671875,1891.881591796875,679.4984741210938
MI3_240809_TY2_0878_1_V01_1,국제유가 표에 대해 알려주세요,416.9918518066406,2077.508056640625,1774.4605712890625,674.273681640625
MI3_240809_TY2_0935_1_V01_2,총저축률과 국내총투자율 표에 대해 알려주세요,393.35113525390625,2216.60205078125,1708.3897705078125,454.6415710449219
MI3_240809_TY2_0944_1_V01_1,2013년 3/4분기 실질 국내총생산에 대한 차트에 대해 알려주세요,313.757568359375,2123.56201171875,1849.015869140625,901.9254760742188
MI3_240809_TY2_0965_1_V01_1,일자 장소 회의명 표에 대해 알려주세요,402.78704833984375,2570.93310546875,1670.8583984375,238.726318359375
MI3_240809_TY2_0973_1_V01_1,국내은행의 차주별 대출태도지수 추이 및 전망에 대해 알려주세요,301.6953430175781,1655.23486328125,1876.2181396484375,599.278076171875
MI3_240809_TY2_0980_1_V02-8_1,경제성장률 추이 차트(혼합형)에 대해 알려주세요,336.34527587890625,1894.4122314453125,1836.8836669921875,1148.04638671875
MI3_240809_TY2_0998_1_V01_1,국민총소득 저축률 차트에 대해 알려주세요,296.4506530761719,2125.6533203125,1888.995849609375,948.558349609375
MI3_240809_TY2_1002_1_V01_1,국민계정 주요지표 경제규모 및 국민소득에 대해 알려주세요,299.7978515625,421.83978271484375,1879.94873046875,2653.068359375
MI3_240809_TY2_1019_1_V01_1,경제활동별 국내총생산과 관련된 표에 대해 알려주세요,252.44839477539062,1731.2105712890625,1984.636962890625,1269.3548583984375
MI3_240809_TY2_1020_1_V01_1,경제규모 및 국민총소득에 대한 차트(세로 막대형)에 대해 알려주세요,296.98455810546875,2773.848388671875,1875.6278076171875,359.9101257324219
MI3_240809_TY2_1025_1_V01_1,2021년 2/4분기 국민총소득 관련 차트에 대해 알려주세요,297.771484375,2202.497802734375,1885.4918212890625,836.663330078125
MI3_240809_TY2_1033_1_V01_1,경제활동별 국내총생산 차트에 대해 알려주세요,259.9810485839844,1788.259033203125,2106.955810546875,1183.2501220703125
MI3_240809_TY2_1052_1_V02-4_1,세계경제와 관련된 꺾은선형 차트에 대해 알려주세요,358.72271728515625,2554.36328125,853.5571899414062,667.36474609375
MI3_240809_TY2_1055_1_V02-8_1,I · 국내외 경제여건혼합형에 대해 알려주세요,376.2767639160156,2251.33447265625,839.7382202148438,663.2724609375
MI3_240809_TY2_1059_1_V02-8_1,세계경제 1 세계경제에 대한 혼합형 차트에 대해 알려주세요,1257.397216796875,2483.728515625,876.726318359375,653.426025390625
MI3_240809_TY2_1061_1_V02-4_2,경기체감지수 꺾은선형에 대해 알려주세요,1246.61767578125,2505.288330078125,902.970703125,687.677978515625
MI3_240809_TY2_1083_1_V01_1,국내은행의 대출태도에 대해 알려주세요,291.274658203125,1704.0716552734375,1895.52001953125,559.0725708007812
MI3_240809_TY2_1091_1_V03_1,조건부자본에 대해 알려주세요,336.7396545410156,2453.189453125,1695.046630859375,446.2572937011719
MI3_240809_TY2_1092_1_V02-4_1,경제성장률과 1인당 국민소득에 대한 꺾은선형 차트에 대해 알려주세요,351.8984375,1873.890625,876.9066772460938,611.4613647460938
MI3_240809_TY2_1097_1_V02-6_1,국가별 금융이해력 수준 및 국민소득에 대해 알려주세요,1281.33447265625,2117.474365234375,909.5006713867188,803.7592163085938
MI3_240812_TY2_0013_1_V02-4_1,2019년 6월 대구경북지역 기업경기조사 결과 제조업 업황BSI 꺾은선형에 대해 알려주세요,329.978759765625,1412.850341796875,1789.736083984375,1175.202392578125
MI3_240812_TY2_0013_2_V01_1,T01 T02 T03 차트(세로 막대형)에 대해 알려주세요,298.30999755859375,1283.826416015625,1878.2928466796875,1848.0350341796875
MI3_240812_TY2_0013_3_V02-4_1,제조업 비제조업 업황 전망 BSI 꺾은선형에 대해 알려주세요,339.10552978515625,2200.54150390625,1788.8519287109375,1005.53369140625
MI3_240812_TY2_0013_4_V01_2,T01 T02 T03 표에 대해 알려주세요,283.83837890625,1022.4262084960938,1901.970703125,973.0560913085938
MI3_240812_TY2_0013_5_V01_1,"전국과의 비교, 주요지표 비교1)2) 차트에 대해 알려주세요",280.81597900390625,1246.027099609375,1905.8555908203125,1461.21533203125
MI3_240812_TY2_0013_6_V01_1,대구경북지역 기업경기조사 주요지표에 대한 차트(세로 막대형)에 대해 알려주세요,284.12603759765625,504.4150390625,2062.29296875,2711.182373046875
MI3_240812_TY2_0025_1_V01_1,2020년 5월 대구경북지역 기업경기조사 결과 제조업 업황 BSI 세로 막대형에 대해 알려주세요,293.960693359375,2735.61083984375,1889.059814453125,561.664306640625
MI3_240812_TY2_0025_2_V01_1,T01 T02 V01 차트(혼합형)에 대해 알려주세요,298.67022705078125,1283.7718505859375,1877.808349609375,1848.3236083984375
MI3_240812_TY2_0025_3_V02-4_1,비제조업 업황 전망 BSI 꺾은선형에 대해 알려주세요,333.2062683105469,2143.638671875,1839.6220703125,1169.09765625
MI3_240812_TY2_0025_4_V01_2,비제조업 경영애로사항에 대한 시각적 정보에 대해 알려주세요,276.75360107421875,2688.50390625,1912.4755859375,514.666748046875
MI3_240812_TY2_0025_5_V01_1,제조업과 비제조업의 주요지표를 비교하는 차트에 대해 알려주세요,281.908447265625,1248.4093017578125,1902.9779052734375,1630.0087890625
MI3_240812_TY2_0025_6_V01_1,대구경북지역 기업경기조사 주요지표에 대해 알려주세요,270.828125,501.2875061035156,1963.01953125,2716.29248046875
MI3_240812_TY2_0036_1_V01_1,2021년 5월 대구경북지역 기업경기조사 결과의 막대형 차트에 대해 알려주세요,295.9700012207031,2465.99951171875,1885.2659912109375,567.298828125
MI3_240812_TY2_0036_2_V01_1,이번 문서의 표에 대해 알려주세요,298.4591979980469,1284.1285400390625,1877.800537109375,1848.4356689453125
MI3_240812_TY2_0036_3_V02-4_1,비제조업 업황BSI 꺾은선형에 대해 알려주세요,333.384765625,2223.35888671875,1738.6796875,1008.5536499023438
MI3_240812_TY2_0036_4_V01_1,에 포함된차트에 대해 알려주세요,276.91015625,2690.0634765625,1911.390380859375,512.9420776367188
MI3_240812_TY2_0036_5_V01_1,전국과의 비교 표에 대해 알려주세요,286.2316589355469,1168.9322509765625,1900.019775390625,1624.0260009765625
MI3_240812_TY2_0036_6_V01_1,대구경북지역 기업경기조사 주요지표에 대해 알려주세요,270.7035827636719,504.04461669921875,1963.347900390625,2713.650390625
MI3_240812_TY2_0044_1_V02-4_1,2022년 1월 대구경북지역 기업경기조사 결과 제조업 업황BSI 꺾은선형에 대해 알려주세요,362.0981140136719,1654.26171875,1740.0653076171875,998.23583984375
MI3_240812_TY2_0044_2_V01_1,T01 T02 V01 차트(혼합형)에 대해 알려주세요,295.8617248535156,1284.47802734375,1880.2642822265625,1904.676025390625
MI3_240812_TY2_0044_3_V02-4_1,업황 전망 BSI 꺾은선형에 대해 알려주세요,332.974853515625,2223.71044921875,1769.092529296875,1006.7614135742188
MI3_240812_TY2_0044_4_V01_2,"(비중, %) 차트(원형)에 대해 알려주세요",278.11407470703125,2595.07568359375,1916.4781494140625,518.010498046875
MI3_240812_TY2_0044_5_V01_1,전국과의 비교 시각요소 범례에 대해 알려주세요,289.6283874511719,1359.9088134765625,1896.5196533203125,1625.4417724609375
MI3_240812_TY2_0044_6_V01_1,대구경북지역 기업경기조사 주요지표에 대해 알려주세요,270.48016357421875,495.29949951171875,1963.0718994140625,2721.328125
MI3_240812_TY2_0046_1_V01_1,2022년 3월 대구경북지역 기업경기조사 결과 제조업 업황 데이터에 대해 알려주세요,297.5400085449219,2605.900146484375,1879.632080078125,564.92919921875
MI3_240812_TY2_0046_2_V01_1,T01 T02 V01 차트에 대해 알려주세요,296.00341796875,1284.140625,1880.0836181640625,1905.3218994140625
MI3_240812_TY2_0046_3_V02-4_1,"제조업 경영애로사항1) (비중, %) 업황 BSI 꺾은선형에 대해 알려주세요",341.57098388671875,2304.670166015625,1751.98193359375,1001.4369506835938
MI3_240812_TY2_0046_4_V01_1,업황에 대한 시각적 표현인 차트(세로 막대형)에 대해 알려주세요,285.0431823730469,958.0411376953125,1905.193115234375,971.3662109375
MI3_240812_TY2_0046_5_V01_1,대구경북 전 월별 제조업 업황 차트에 대해 알려주세요,289.0074157714844,1360.1124267578125,1899.0631103515625,1625.1373291015625
MI3_240812_TY2_0046_6_V01_1,대구경북지역 기업경기조사 주요지표에 대해 알려주세요,270.1657409667969,498.55206298828125,1963.582763671875,2716.397216796875
MI3_240812_TY2_0049_1_V02-4_1,2022년 6월 대구경북지역 기업경기조사 결과와 관련된 업황 전망 BSI 꺾은선형에 대해 알려주세요.,360.5778503417969,1562.065673828125,1712.9462890625,996.329345703125
MI3_240812_TY2_0049_2_V01_1,매출BSI 생산BSI 데이터 차트에 대해 알려주세요,296.3742980957031,1284.3922119140625,1879.2994384765625,1904.7711181640625
MI3_240812_TY2_0049_3_V02-4_1,경영애로사항 비제조업 업황BSI와 업황 전망BSI에 대해 알려주세요,332.28631591796875,2141.068603515625,1742.888916015625,1005.166015625
MI3_240812_TY2_0049_4_V01_1,21.10월 11월 12월 22.1월 2월 3월 4월 5월 6월 7월 차트(세로 막대형)에 대해 알려주세요,286.4501953125,958.0810546875,1902.997802734375,970.6097412109375
MI3_240812_TY2_0049_5_V01_1,전국과의 비교와 관련된 차트에 대해 알려주세요,289.17474365234375,1360.395263671875,1898.434814453125,1624.49365234375
MI3_240812_TY2_0049_6_V01_1,대구경북지역 기업경기조사 주요지표 매출 차트에 대해 알려주세요,270.92724609375,503.0931396484375,1963.0697021484375,2713.525390625
MI3_240812_TY2_0053_1_V02-4_1,2022년 10월 대구경북지역 기업경기조사 결과 제조업 업황BSI 꺾은선형 차트에 대해 알려주세요,390.4836730957031,1514.0196533203125,1709.356689453125,953.6549072265625
MI3_240812_TY2_0053_2_V01_1,"제목에 따라 '22.2월부터 10월까지의 매출, 생산, 신규 수주 등의 변화를 보여주는 표에 대해 알려주세요.",296.49755859375,1285.6478271484375,1878.861328125,1863.8875732421875
MI3_240812_TY2_0053_3_V02-4_1,비제조업 업황 전망 BSI 꺾은선형에 대해 알려주세요,345.1033020019531,2220.0400390625,1737.730224609375,961.1649780273438
MI3_240812_TY2_0053_4_V01_2,이 문서의 제목에 대한 경영애로사항 비중 차트에 대해 알려주세요.,285.273193359375,957.8843383789062,1904.604248046875,969.8236083984375
MI3_240812_TY2_0053_5_V01_1,전국과의 비교 주 주요지표 비교1) 차트(세로 막대형)에 대해 알려주세요,290.0635070800781,1359.56005859375,1898.4388427734375,1568.4315185546875
MI3_240812_TY2_0053_6_V01_1,대구경북지역 기업경기조사 주요지표에 대해 알려주세요,271.3309326171875,494.49627685546875,1962.3548583984375,2704.38427734375
MI3_240812_TY2_0055_1_V02-4_1,2022년 12월 대구경북지역 기업경기조사 결과 제조업 업황BSI 꺾은선형에 대해 알려주세요,361.7211608886719,1686.0137939453125,1750.75927734375,955.8042602539062
MI3_240812_TY2_0055_2_V01_1,매출BSI와 관련된 데이터의 차트에 대해 알려주세요,295.8883972167969,1285.0244140625,1879.989501953125,1864.261474609375
MI3_240812_TY2_0055_3_V02-4_1,업황전망에 대한 꺾은선형 차트에 대해 알려주세요,335.60772705078125,2287.79833984375,1779.479248046875,956.25634765625
MI3_240812_TY2_0055_4_V01_1,T01 T02 T03 표에 대해 알려주세요,286.63165283203125,958.1318969726562,1902.8314208984375,969.424560546875
MI3_240812_TY2_0055_5_V01_1,전국과의 비교에 대한 표에 대해 알려주세요,290.04156494140625,1357.9468994140625,1898.1011962890625,1570.3013916015625
MI3_240812_TY2_0055_6_V01_1,대구경북지역 기업경기조사 주요지표에 대해 알려주세요,271.25067138671875,497.81396484375,1962.6270751953125,2702.286376953125
MI3_240812_TY2_0059_1_V02-4_1,2023년 4월 대구경북지역 기업경기조사 결과 제조업 업황BSI 꺾은선형에 대해 알려주세요,388.778564453125,1685.9049072265625,1719.8681640625,957.4951782226562
MI3_240812_TY2_0059_2_V01_1,T01 T02 T03 V01에 대해 알려주세요,296.33636474609375,1285.4302978515625,1878.19580078125,1863.157470703125
MI3_240812_TY2_0059_3_V02-4_1,업황 전망 BSI 꺾은선형에 대해 알려주세요,341.9375305175781,2309.167724609375,1750.7318115234375,956.07568359375
MI3_240812_TY2_0059_4_V01_1,T01 T02 T03 표에 대해 알려주세요,286.48974609375,958.7098388671875,1902.102294921875,968.6100463867188
MI3_240812_TY2_0059_5_V01_1,전국과의 비교와 관련하여 대구경북 전 국의 제조업 및 비제조업 업황에 대한 차트에 대해 알려주세요,289.5834655761719,1359.7689208984375,1897.50390625,1568.126220703125
MI3_240812_TY2_0059_6_V01_1,대구경북지역 기업경기조사 주요지표에 대해 알려주세요,271.9450378417969,494.14678955078125,1961.041748046875,2703.482177734375
MI3_240812_TY2_0112_1_V01_1,세계경제 성장률 전제 표에 대해 알려주세요,929.7466430664062,2632.232666015625,638.5443115234375,512.781494140625
MI3_240812_TY2_0112_2_V02-4_1,소비자물가 상승률 전망 차트(꺾은선형)에 대해 알려주세요,1559.12451171875,2550.696044921875,671.1494140625,574.634765625
MI3_240812_TY2_0112_3_V02-4_2,에 대한 소비자물가 상승률 차트(꺾은선형)에 대해 알려주세요,279.40985107421875,1876.0408935546875,946.4451904296875,654.6211547851562
MI3_240812_TY2_0112_4_V01_1,경제전망 요약표(2023.8월) 본문 표에 대해 알려주세요,267.410400390625,430.881591796875,1956.6053466796875,2655.482177734375
MI3_240812_TY2_0113_1_V01_2,국내 성장률 전망 표에 대해 알려주세요,913.7098388671875,2558.917724609375,656.4049072265625,595.86669921875
MI3_240812_TY2_0113_2_V02-4_1,<소비자물가 전망경로>에 대해 알려주세요,921.7955932617188,2510.6044921875,649.945556640625,552.185546875
MI3_240812_TY2_0113_3_V02-4_2,에 관련된 <시나리오별 물가상승률> 차트(꺾은선형)에 대해 알려주세요,263.0176696777344,1233.2283935546875,968.6165771484375,674.013427734375
MI3_240812_TY2_0113_4_V01_1,경제전망 요약표(2023.11월) 차트에 대해 알려주세요,262.1926574707031,467.0003356933594,1967.3902587890625,2631.65185546875
MI3_240812_TY2_0122_1_V02-8_2,분기별 경제성장률 추이에 대한 혼합형 차트에 대해 알려주세요,330.9093017578125,460.64306640625,1841.6983642578125,1142.6575927734375
MI3_240812_TY2_0122_2_V01_1,경제활동별 및 지출항목별 성장기여도 차트(세로 막대형)에 대해 알려주세요,305.7356262207031,447.07763671875,1884.6434326171875,2609.7099609375
MI3_240812_TY2_0122_3_V01_1,경제활동별 및 지출항목별 성장기여도 차트에 대해 알려주세요,301.5915222167969,491.3448181152344,1889.6177978515625,2566.681396484375
MI3_240812_TY2_0122_4_V01_1,최종수요에 대한 지출항목별 성장기여도와 관련된 차트에 대해 알려주세요,298.7314147949219,457.4562683105469,1889.5511474609375,2585.009521484375
MI3_240812_TY2_0122_5_V01_1,주요 경제활동별 성장률 추이에 대해 알려주세요,299.46630859375,444.7560729980469,1877.171875,2631.695068359375
MI3_240812_TY2_0130_1_V01_1,제목과 소제목을 기반으로 한 시각요소에 대해 알려주세요.,388.9294738769531,1319.04638671875,1698.1234130859375,723.7263793945312
MI3_240812_TY2_0130_3_V01_1,금융microSD 식별체계에 대해 알려주세요,295.6521301269531,1391.5787353515625,1887.8382568359375,718.1763916015625
MI3_240812_TY2_0136_1_V01_1,주요 글로벌 분산원장 기술 컨소시엄에 대해 알려주세요,340.2104797363281,2149.697265625,1804.59423828125,851.125
MI3_240812_TY2_0136_2_V01_1,주요 블록체인 프로토콜에 대해 알려주세요,346.9460754394531,772.954833984375,1789.1617431640625,303.1185302734375
MI3_240812_TY2_0136_3_V01_1,분산원장 기술 유형별 비교에 대해 알려주세요,306.9255676269531,447.9721374511719,1864.0926513671875,841.1844482421875
MI3_240812_TY2_0156_1_V02-8_1,2013년중 위조지폐 발견현황에 대해 알려주세요,343.3093566894531,1802.8499755859375,1788.857177734375,1191.4100341796875
MI3_240812_TY2_0156_2_V01_1,이 문서에서는 권종별 위조지폐 발견현황 표에 대해 알려주세요,291.0286865234375,1169.2164306640625,1909.4610595703125,991.5093994140625
MI3_240812_TY2_0156_3_V01_1,이 문서에서 제시된 증감 현황 표에 대해 알려주세요.,287.86993408203125,812.63916015625,1921.4810791015625,712.7103271484375
MI3_240812_TY2_0157_1_V01_1,"2014년 1/4분기 실질 국내총생산(속보)과 관련하여, 국내총생산에 대한 지출을 보여주는 차트에 대해 알려주세요",329.37646484375,2081.8076171875,1817.388671875,961.616943359375
MI3_240812_TY2_0157_2_V01_1,경제활동별 국내총생산과 관련된 데이터에서 2012년부터 2014년까지의 변화에 대해 알려주세요.,305.5113830566406,1745.7752685546875,1867.6651611328125,1065.5771484375
MI3_240812_TY2_0157_3_V02-8_1,분기별 경제성장률 추이 (계절조정계열) 혼합형에 대해 알려주세요,333.6411437988281,463.2408752441406,1834.798095703125,1133.223876953125
MI3_240812_TY2_0160_1_V02-8_1,분기별 경제성장률 추이 혼합형에 대해 알려주세요,336.34527587890625,1894.4122314453125,1836.8836669921875,1148.04638671875
MI3_240812_TY2_0160_2_V01_1,광공업 성장률에 대한 표에 대해 알려주세요,403.04913330078125,374.1098937988281,1789.710693359375,2005.6395263671875
MI3_240812_TY2_0160_3_V01_1,서비스업 성장률 관련 데이터에 대해 알려주세요,380.18560791015625,384.1544189453125,1810.2235107421875,1529.044921875
MI3_240812_TY2_0168_1_V01_1,2016년 4/4분기 및 연간 국내총생산 데이터에 대해 알려주세요,304.4970397949219,2215.648193359375,1866.20556640625,840.314697265625
MI3_240812_TY2_0168_2_V01_1,경제활동별 국내총생산 차트(세로 막대형)에 대해 알려주세요,273.16412353515625,1657.3372802734375,1933.3922119140625,1173.56494140625
MI3_240812_TY2_0168_3_V02-8_2,제목에 대한 전년동기대비 GDI와 GDP 차트(혼합형)에 대해 알려주세요,360.8001708984375,1830.740478515625,1759.336181640625,1119.6248779296875
MI3_240812_TY2_0176_1_V01_1,"국민총소득, 디플레이터, 저축률 및 투자율 관련 시각요소에 대해 알려주세요",314.9150085449219,2066.793701171875,1851.910400390625,988.027587890625
MI3_240812_TY2_0176_2_V02-8_2,국민소득통계 주요지표 2. GDP에 대한 성장기여도(계절조정계열)에 대해 알려주세요,330.6500244140625,2379.791259765625,1714.6175537109375,716.051025390625
MI3_240812_TY2_0176_3_V02-1_1,경제활동별 성장률 차트(세로 막대형)에 대해 알려주세요,343.230712890625,1425.9703369140625,1800.3453369140625,780.1387939453125
MI3_240812_TY2_0179_1_V01_1,경제활동별 국내총생산에 대한 계절조정계열 전기대비 차트(세로 막대형)에 대해 알려주세요,258.60003662109375,1748.34130859375,1965.659912109375,1162.841552734375
MI3_240812_TY2_0179_2_V02-1_1,국민소득통계 주요지표 2. GDP에 대한 성장기여도에 대해 알려주세요,317.74493408203125,2302.037353515625,1714.864990234375,683.410400390625
MI3_240812_TY2_0179_3_V02-1_1,3. 경제활동별 성장률에 대해 알려주세요,333.4872741699219,377.34375,1799.4439697265625,749.4512939453125
MI3_240812_TY2_0199_1_V01_1,경제활동별 국내총생산과 관련된 계절조정계열 전기대비에 대해 알려주세요,252.44839477539062,1731.2105712890625,1984.636962890625,1269.3548583984375
MI3_240812_TY2_0199_2_V02-8_2,국민소득통계 주요지표 GDP에 대한 성장기여도(계절조정계열)에 대해 알려주세요,336.0520935058594,1442.8636474609375,1814.809326171875,711.9205322265625
MI3_240812_TY2_0199_3_V02-1_1,경제활동별 성장률에 대한 차트(세로 막대형)에 대해 알려주세요,326.9529724121094,1344.4185791015625,1801.005615234375,734.2149047851562
MI3_240812_TY2_0201_1_V01_1,2020년의 경제 동향과 관련된 국내총생산 및 국내총소득 차트(세로 막대형)에 대해 알려주세요,253.52288818359375,1424.450439453125,1956.6934814453125,1324.1973876953125
MI3_240812_TY2_0201_2_V02-1_3,국민소득통계 주요지표 2. GDP에 대한 성장기여도(계절조정계열)에 대해 알려주세요,321.1264343261719,2291.648681640625,1749.041015625,720.8649291992188
MI3_240812_TY2_0201_3_V02-1_1,경제활동별 성장률에 대한 차트(세로 막대형)에 대해 알려주세요,320.052978515625,1368.338134765625,1810.3797607421875,781.314208984375
MI3_240812_TY2_0213_1_V01_1,경제활동별 국내총생산에 대한 차트(세로 막대형)에 대해 알려주세요,259.9810485839844,1788.259033203125,2106.955810546875,1183.2501220703125
MI3_240812_TY2_0213_2_V02-1_1,국민소득통계 주요지표 2. GDP에 대한 성장 기여도에 대해 알려주세요,318.7048034667969,1444.11279296875,1832.9755859375,706.38037109375
MI3_240812_TY2_0213_3_V02-1_1,경제활동별 성장률 차트(세로 막대형)에 대해 알려주세요,321.6176452636719,1343.6873779296875,1811.5185546875,784.7962036132812
MI3_240812_TY2_0217_1_V01_1,"국민총소득, 디플레이터, 저축률 및 투자율에 대한 표에 대해 알려주세요",296.0901184082031,2133.1875,1852.848388671875,889.1405639648438
MI3_240812_TY2_0217_2_V02-1_1,국민소득통계 주요지표 3. GDP 구성 요소에 대해 알려주세요.,334.713134765625,1477.495849609375,1831.6651611328125,738.9719848632812
MI3_240812_TY2_0217_3_V02-1_2,지출항목별 증가율에 대한 차트(세로 막대형)에 대해 알려주세요,326.7197265625,1391.1287841796875,1809.21142578125,742.6631469726562
MI3_240812_TY2_0236_1_V02-4_1,국내외 경제여건 유로지역 PMI 및 경기체감지수에 대해 알려주세요,1291.8133544921875,2239.6591796875,780.6987915039062,653.271240234375
MI3_240812_TY2_0236_2_V01_1,주요 내용 표에 대해 알려주세요,1251.3665771484375,1245.3963623046875,837.872314453125,668.0113525390625
MI3_240812_TY2_0236_3_V02-8_1,국내 여건 1 민간소비 가계 실질구매력 혼합형에 대해 알려주세요,1271.757568359375,1624.0377197265625,784.8634643554688,641.2523803710938
MI3_240812_TY2_0236_4_V02-8_3,기타 지식재산생산물 투자 추이에 대해 알려주세요,369.2398986816406,362.5776062011719,813.58837890625,754.6917114257812
MI3_240812_TY2_0247_1_V02-4_1,글로벌 PMI 및 OECD 선행지수 차트(꺾은선형)에 대해 알려주세요,299.7674865722656,1584.2071533203125,930.7952880859375,665.1719970703125
MI3_240812_TY2_0247_2_V02-8_3,수입물량지수 차트(혼합형)에 대해 알려주세요,355.8970642089844,2554.81298828125,879.2095336914062,663.949951171875
MI3_240812_TY2_0247_3_V02-8_1,에 관련하여 총 취업자수 변화에 대한 꺾은선형 차트에 대해 알려주세요.,1267.861083984375,1065.2474365234375,870.048095703125,589.293701171875
MI3_240812_TY2_0247_4_V02-4_1,"II. 국내외 경제여건 전망유로지역 산업생산, 소매판매 및 경기체감지수 꺾은선형에 대해 알려주세요",1258.8009033203125,2595.28759765625,884.1033935546875,594.3043823242188
MI3_240812_TY2_0250_1_V02-4_1,국내경제 현황 및 설비투자지수 꺾은선형에 대해 알려주세요,1323.5806884765625,1368.1575927734375,854.013916015625,625.1055297851562
MI3_240812_TY2_0250_2_V02-4_2,물가에 대한 근원인플레이션 꺾은선형에 대해 알려주세요,1257.567138671875,2361.925537109375,873.6409912109375,578.3407592773438
MI3_240812_TY2_0250_3_V01_1,세계경제 성장률 전망에 대해 알려주세요,302.152587890625,1209.9638671875,945.5709228515625,554.4574584960938
MI3_240812_TY2_0250_4_V02-4_2,유로지역 PMI 차트(꺾은선형)에 대해 알려주세요,1269.5030517578125,2627.18603515625,837.7464599609375,596.433349609375
MI3_240812_TY2_0300_1_V01_1,2019년 8월 대구경북지역 소비자동향조사 결과 소비자심리지수 표에 대해 알려주세요,250.05947875976562,2464.694091796875,1981.005615234375,669.97265625
MI3_240812_TY2_0300_2_V01_1,Ⅱ. 소비자동향지수(CSI) 1. 가계 재정상황에 대한 인식 현재생활형편 및 생활형편전망 CSI에 대해 알려주세요,225.521728515625,1263.414306640625,2027.319580078125,734.4212646484375
MI3_240812_TY2_0300_3_V01_1,현재경기판단 및 향후경기전망 표에 대해 알려주세요,224.9152374267578,1179.06005859375,2029.4952392578125,737.7698974609375
MI3_240812_TY2_0305_1_V02-4_2,제조업 활동 반도체 및 LCD가격 영역형에 대해 알려주세요,359.3753662109375,1496.387451171875,897.97998046875,679.4931030273438
MI3_240812_TY2_0305_2_V02-8_1,"제목에 관련된 생산, 출하, 재고 변화 추세에 대해 알려주세요.",327.1449890136719,2485.87841796875,1808.458251953125,656.4169921875
MI3_240812_TY2_0305_3_V02-8_1,경기지역 대형소매점 판매액지수에 대한 차트(혼합형)에 대해 알려주세요,322.30377197265625,1994.5311279296875,1854.353271484375,947.90087890625
MI3_240812_TY2_0305_4_V01_1,2013년 11월중 내수용 자본재 수입액 및 산업기계 수입액에 대해 알려주세요.,395.6563720703125,1398.58642578125,1792.5174560546875,528.867431640625
MI3_240812_TY2_0312_1_V02-4_1,2020년 2월 대구경북지역 소비자동향조사 결과 I . 소비자심리지수(CCSI) 꺾은선형 차트에 대해 알려주세요,292.021240234375,1270.9393310546875,1891.322265625,939.2368774414062
MI3_240812_TY2_0312_2_V01_1,Ⅱ. 소비자동향지수(CSI) 본문 표에 대해 알려주세요,231.1977081298828,1263.37939453125,2024.1943359375,782.42333984375
MI3_240812_TY2_0322_1_V02-4_1,경제상황에 대한 인식 현재경기판단 및 향후경기전망 차트(영역형)에 대해 알려주세요,278.70098876953125,2035.5042724609375,1862.4190673828125,993.9549560546875
MI3_240812_TY2_0322_2_V01_1,전국 지수와의 비교 소비자심리지수 표에 대해 알려주세요,234.9950408935547,823.8175048828125,2068.579833984375,843.8456420898438
MI3_240812_TY2_0332_1_V02-4_1,경제상황에 대한 인식 현재경기판단 및 향후경기전망 차트(꺾은선형)에 대해 알려주세요,277.2284240722656,2035.236083984375,1865.4464111328125,995.0011596679688
MI3_240812_TY2_0332_2_V02-1_1,2021. 10월 대구경북 및 전국의 소비자동향지수 차트(세로 막대형)에 대해 알려주세요,306.3642272949219,1896.828125,1851.300537109375,1042.1025390625
MI3_240812_TY2_0360_1_V01_1,2024년 2월 대구경북지역 소비자동향조사 결과 I. 소비자심리지수(CCSI) 구성지수의 기여도에 대해 알려주세요,239.08660888671875,2444.02978515625,2000.052490234375,672.76708984375
MI3_240812_TY2_0360_2_V02-4_1,II. 소비자동향지수(CSI) 생활형편 관련 차트(꺾은선형)에 대해 알려주세요,278.2286376953125,2153.821044921875,1875.1480712890625,839.549072265625
MI3_240812_TY2_0371_1_V02-4_1,IV. 가계저축 및 부채에 대한 조사 차트(꺾은선형)에 대해 알려주세요,1245.635009765625,2299.9951171875,868.4139404296875,780.823974609375
MI3_240812_TY2_0371_2_V01_1,가계의 물가전망 및 관련 데이터 표에 대해 알려주세요,344.9660339355469,2264.976806640625,1781.1121826171875,688.345703125
MI3_240812_TY2_0380_1_V02-4_1,제조업 활동 제조업 생산 차트(꺾은선형)에 대해 알려주세요,397.0157470703125,2404.5224609375,1704.5577392578125,657.6982421875
MI3_240812_TY2_0380_2_V01_1,제조업 업종별 출하 및 재고에 대해 알려주세요,309.3015441894531,1231.3450927734375,1875.467529296875,1180.5533447265625
MI3_240812_TY2_0380_3_V02-8_1,대형소매점 판매액지수 차트(혼합형)에 대해 알려주세요,331.101318359375,2145.281982421875,1807.910888671875,950.862548828125
MI3_240812_TY2_0380_4_V01_1,2014년 9월중 내수용 자본재 수입과 관련된 차트에 대해 알려주세요,303.8141174316406,1469.310791015625,1884.47607421875,529.779296875
MI3_240812_TY2_0380_5_V02-8_1,건설수주액 및 건축착공면적 차트(혼합형)에 대해 알려주세요,344.1296691894531,2251.264892578125,1825.2613525390625,834.284423828125
MI3_240812_TY2_0380_6_V02-8_1,4 대외거래 관련 자료에서 수출입 차에 대한 혼합형 차트에 대해 알려주세요,322.60833740234375,2231.901123046875,1834.1519775390625,864.61328125
MI3_240812_TY2_0397_1_V02-8_1,산업기계 수입액 변화에 대한 차트(혼합형)에 대해 알려주세요,324.1803894042969,2120.868896484375,1843.9248046875,886.6307983398438
MI3_240812_TY2_0397_2_V01_1,건설투자 본문 표에 대해 알려주세요,409.628662109375,1461.237060546875,1779.152587890625,742.9892578125
MI3_240812_TY2_0397_3_V02-8_1,"4. 대외 거래에 대한 60 (전년동월대비,%) 혼합형 차트에 대해 알려주세요",366.5123596191406,2322.779541015625,1771.1845703125,817.508056640625
MI3_240812_TY2_0413_1_V02-4_1,자본재 수입 및 반도체·평판디스플레이 제조용장비 차트(꺾은선형)에 대해 알려주세요,397.8779602050781,2269.2138671875,1696.2843017578125,758.4342651367188
MI3_240812_TY2_0413_2_V01_1,"2018년 건축착공면적, 건축허가면적, 건설수주액의 차트에 대해 알려주세요",304.9139099121094,1306.3958740234375,1872.4879150390625,891.6832275390625
MI3_240812_TY2_0413_3_V02-8_1,라. 대외 거래에 대한 혼합형 차트에 대해 알려주세요,383.8529357910156,2040.040771484375,1715.903564453125,760.467041015625
MI3_240812_TY2_0414_1_V02-8_1,고용률 증감 차트(혼합형)에 대해 알려주세요,406.37322998046875,2311.108154296875,1676.1868896484375,762.6818237304688
MI3_240812_TY2_0414_2_V01_1,소비자물가 상승률 차트(혼합형)에 대해 알려주세요,299.7492370605469,1282.51123046875,1873.79638671875,989.7841796875
MI3_240812_TY2_0414_3_V01_1,주택가격 상승률에 대해 알려주세요,290.2324523925781,1404.8504638671875,1922.0406494140625,738.4585571289062
MI3_240812_TY2_0442_1_V02-7_1,생산 대경권 경기 레이더에 대해 알려주세요,461.3475341796875,1828.12353515625,806.77587890625,678.083740234375
MI3_240812_TY2_0442_2_V02-4_2,제조업 생산지수에 대해 알려주세요,1207.01220703125,1835.6136474609375,805.5205078125,861.3230590820312
MI3_240812_TY2_0442_3_V02-4_1,전국 소비 추세를 나타내는 꺾은선형 차트에 대해 알려주세요,1323.8408203125,866.0186157226562,811.6123657226562,843.7677612304688
MI3_240812_TY2_0449_1_V02-1_2,T01 T02 T03 세로 막대형 차트에 대해 알려주세요,351.4244384765625,1946.254638671875,782.6041259765625,780.603759765625
MI3_240812_TY2_0449_2_V02-4_1,모니터링 결과 향후 건설투자는 3/4분기 수준 보다 소폭 감소할 것으로 전망된다. 꺾은선형 차트에 대해 알려주세요,1324.7249755859375,593.6229248046875,810.8843994140625,833.9146728515625
MI3_240812_TY2_0449_3_V02-1_1,모니터링 결과 취업자수 증가(만명) 차트(세로 막대형)에 대해 알려주세요,1199.7762451171875,1546.331787109375,805.6831665039062,724.972412109375
MI3_240812_TY2_0451_1_V02-7_1,2023년 1/4분기 중 대경권 경기에 대해 알려주세요.,1325.92724609375,1282.54541015625,807.4765625,833.779541015625
MI3_240812_TY2_0451_2_V02-8_2,권역별 경기 레이더 추이 차트(혼합형)에 대해 알려주세요,463.4643859863281,1855.67822265625,1588.8944091796875,1182.6171875
MI3_240812_TY2_0451_3_V02-8_1,권역별 경기 레이더 추이 혼합형에 대해 알려주세요,335.3721008300781,578.9931030273438,1443.7049560546875,2421.9560546875
MI3_240812_TY2_0451_4_V02-1_1,T01 T02 차트(세로 막대형) V02-1에 대해 알려주세요,1320.24853515625,1021.5628051757812,805.149658203125,734.1480102539062
MI3_240812_TY2_0469_1_V02-8_1,요약 금융기관 수신 혼합형에 대해 알려주세요,320.3940124511719,1477.1573486328125,1829.880126953125,936.7086181640625
MI3_240812_TY2_0469_2_V02-8_1,총여신 혼합형에 대해 알려주세요,327.61260986328125,1294.52490234375,1826.00732421875,935.232666015625
MI3_240812_TY2_0469_3_V01_2,예금은행 수신에 대한 차트(가로 막대형)에 대해 알려주세요,331.3515625,660.8682861328125,1820.2789306640625,405.6549072265625
MI3_240812_TY2_0469_4_V01_1,비은행기관 수신에 대한 표에 대해 알려주세요,307.66748046875,1467.8531494140625,1888.03857421875,1088.0601806640625
MI3_240812_TY2_0489_1_V01_1,2021년 2월중 대구경북지역 금융기관 수신에 대한 표에 대해 알려주세요.,330.6820068359375,646.5752563476562,1825.8853759765625,407.5122375488281
MI3_240812_TY2_0489_2_V01_1,2020년과 2021년에 대한 금융회사 관련 수치와 그 변화에 대해 알려주세요.,310.61871337890625,1170.058837890625,1888.3956298828125,1086.124267578125
MI3_240812_TY2_0489_3_V01_1,연중 1월 2월과 관련된 표에 대해 알려주세요,327.0101013183594,639.0599975585938,1830.7032470703125,410.17144775390625
MI3_240812_TY2_0489_4_V01_1,비은행기관 여신 증감 및 잔액에 대해 알려주세요,291.8447265625,1372.475341796875,1907.5093994140625,1326.2059326171875
MI3_240812_TY2_0496_1_V01_1,요약 총수신 잔액에 대해 알려주세요,316.7572021484375,2571.174560546875,1866.9139404296875,404.851806640625
MI3_240812_TY2_0496_2_V01_1,총여신 표에 대해 알려주세요,305.5198059082031,2517.513671875,1879.64599609375,407.611083984375
MI3_240812_TY2_0496_3_V01_2,총수신 차트(꺾은선형)에 대해 알려주세요,312.9119567871094,1958.4752197265625,1888.3519287109375,1245.985595703125
MI3_240812_TY2_0500_1_V01_1,총수신에 대해 알려주세요,339.4225158691406,2604.283447265625,1840.5294189453125,406.620361328125
MI3_240812_TY2_0500_2_V02-8_1,금융기관 여신 추이에 대해 알려주세요,342.1481628417969,1366.60400390625,1807.2081298828125,881.0604858398438
MI3_240812_TY2_0500_3_V01_2,예금 관련 데이터의 차트에 대해 알려주세요,290.0334167480469,1986.9786376953125,1917.425537109375,1145.3936767578125
MI3_240812_TY2_0500_4_V01_1,비은행기관 수신 증감 및 잔액에 대해 알려주세요,323.9266662597656,1234.849853515625,1870.713623046875,1085.778564453125
MI3_240812_TY2_0505_1_V01_1,제목에 관련된 총수신과 금융기관별 수신 현황에 대한 표에 대해 알려주세요,339.6257629394531,2519.32421875,1840.30615234375,404.900390625
MI3_240812_TY2_0505_2_V02-8_1,2022년 7월중 대구경북지역 금융기관 여신에 대해 알려주세요,340.973876953125,1121.10498046875,1806.8548583984375,891.0652465820312
MI3_240812_TY2_0505_3_V01_2,예금은행 수신 증감에 대한 표에 대해 알려주세요,333.1138000488281,682.4021606445312,1830.51416015625,418.447998046875
MI3_240812_TY2_0505_4_V01_1,비은행기관 수신 증감 및 잔액에 대한 차트(표) 정보에 대해 알려주세요,326.322021484375,1296.09033203125,1873.413330078125,1086.2388916015625
MI3_240812_TY2_0512_1_V01_1,2018년 4월중 구미지역 수신에 대해 알려주세요,285.4384460449219,1163.2835693359375,1897.042236328125,1434.5343017578125
MI3_240812_TY2_0512_2_V01_1,예금은행 여신에 대한 표에 대해 알려주세요,304.2283020019531,1168.4517822265625,1885.0792236328125,460.543212890625
MI3_240812_TY2_0532_1_V01_1,예금은행 수신에 대한 표에 대해 알려주세요,290.4223327636719,1079.5455322265625,1897.72900390625,1433.3946533203125
MI3_240812_TY2_0532_2_V01_1,예금은행 여신에 대한 표에 대해 알려주세요,299.45306396484375,1169.015869140625,1891.279541015625,458.1852722167969
MI3_240812_TY2_0535_1_V01_1,예금은행 수신에 대한 차트(세로 막대형)에 대해 알려주세요,290.3213195800781,1079.66162109375,1897.7437744140625,1431.826904296875
MI3_240812_TY2_0535_2_V01_1,예금은행 여신에 대한 표에 대해 알려주세요,299.56024169921875,1169.1055908203125,1891.307861328125,459.3483581542969
MI3_240812_TY2_0551_1_V01_1,예금은행 수신에 대한 표에 대해 알려주세요.,289.3024597167969,1326.6168212890625,1898.881103515625,1473.5240478515625
MI3_240812_TY2_0551_2_V01_1,예금은행 여신에 대한 표에 대해 알려주세요.,312.84588623046875,1468.8804931640625,1881.105224609375,456.9035339355469
MI3_240812_TY2_0556_1_V01_1,2022년 4월중 구미지역 예금은행 수신에 대한 표에 대해 알려주세요,290.3282470703125,1500.4364013671875,1896.7437744140625,1482.5950927734375
MI3_240812_TY2_0556_2_V01_1,예금은행 여신 증감 및 잔액에 대해 알려주세요,289.1686096191406,1632.514404296875,1927.95068359375,461.46044921875
MI3_240812_TY2_0561_1_V02-4_1,향후경기전망과 현재경기판단을 비교한 꺾은선형 차트에 대해 알려주세요,320.3779602050781,2208.7607421875,1894.632080078125,804.07666015625
MI3_240812_TY2_0561_2_V01_1,취업기회 전망에 대한 차트(세로 막대형)에 대해 알려주세요,271.8171081542969,2156.40185546875,2056.92626953125,430.3786315917969
MI3_240812_TY2_0561_3_V01_2,물가수준전망 및 임금수준전망 표에 대해 알려주세요,220.00807189941406,1057.1690673828125,2054.6689453125,547.9110107421875
MI3_240812_TY2_0561_4_V01_1,전국 지수와의 비교 소비자심리지수에 대해 알려주세요,305.3932800292969,831.1741943359375,1947.7061767578125,716.0200805664062
MI3_240812_TY2_0562_1_V02-4_1,대구경북지역 소비자심리지수 추이에 대해 알려주세요,342.19879150390625,1318.21240234375,1873.869873046875,830.0155029296875
MI3_240812_TY2_0562_2_V01_1,현재생활형편 및 생활형편전망 표에 대해 알려주세요,214.0038604736328,1301.18212890625,2110.482177734375,758.4721069335938
MI3_240812_TY2_0562_3_V02-4_1,현재경기판단 및 향후경기전망 차트(꺾은선형)에 대해 알려주세요,329.95587158203125,2085.9580078125,1906.107177734375,752.0065307617188
MI3_240812_TY2_0562_4_V02-1_1,소비자동향지수 비교 본문 차트(세로 막대형)에 대해 알려주세요,227.56710815429688,1759.6824951171875,2035.398193359375,1136.3255615234375
MI3_240812_TY2_0580_1_V01_1,예금은행 수신에 대한 표에 대해 알려주세요,287.7261047363281,1166.6529541015625,1902.814208984375,1432.8515625
MI3_240812_TY2_0580_2_V01_1,예금은행 여신에 대한 표에 대해 알려주세요,293.8596496582031,1169.1446533203125,1899.9722900390625,460.399169921875
MI3_240812_TY2_0606_1_V01_1,예금은행 수신에 대한 표에 대해 알려주세요,300.27178955078125,1460.223388671875,1898.26416015625,1483.949462890625
MI3_240812_TY2_0606_2_V01_1,제목에 따른 예금은행 여신 증감 및 잔액 정보와 관련된 표에 대해 알려주세요,299.2951354980469,1648.4052734375,1899.8770751953125,474.6689147949219
MI3_240812_TY2_0648_1_V02-4_1,2013년 8월 대구·경북지역 소비자동향조사 결과 소비자심리지수 추이에 대해 알려주세요,320.0422668457031,1513.9735107421875,1826.7322998046875,747.7413330078125
MI3_240812_TY2_0648_2_V02-4_1,Ⅱ. 가계의 소비심리 1. 생활형편 현재생활형편 --- 생활형편전망에 대해 알려주세요,335.5810546875,1924.957275390625,1775.9822998046875,955.546142578125
MI3_240812_TY2_0648_3_V01_1,Ⅲ. 가계의 경제상황에 대한 인식 본문 차트(세로 막대형)에 대해 알려주세요,284.0071105957031,1374.388427734375,1889.9700927734375,656.2576293945312
MI3_240812_TY2_0648_4_V02-1_1,대구경북 현재생활형편 심리지수와 관련된 차트(세로 막대형)에 대해 알려주세요,231.061279296875,1652.55078125,1856.946533203125,1099.454833984375
MI3_240812_TY2_0654_1_V01_1,2014년 1월 대구·경북지역 소비자심리지수 표에 대해 알려주세요,282.2285461425781,2403.8388671875,1902.1043701171875,727.48583984375
MI3_240812_TY2_0654_2_V01_1,현재생활형편 및 생활형편전망CSI 차트(꺾은선형)에 대해 알려주세요,310.61639404296875,1083.3336181640625,1845.60693359375,762.9898681640625
MI3_240812_TY2_0654_3_V01_1,Ⅲ. 가계의 경제상황에 대한 인식 1. 경기판단 및 전망 현재경기판단 및 향후경기전망CSI 차트(꺾은선형)에 대해 알려주세요,242.62156677246094,1097.4697265625,1997.435302734375,724.880126953125
MI3_240812_TY2_0654_4_V02-1_1,현재생활형편 차트(세로 막대형)에 대해 알려주세요,274.78851318359375,2017.636962890625,1901.9349365234375,971.3339233398438
MI3_240812_TY2_0656_1_V02-4_1,2014년 3월 대구경북지역 소비자심리지수 추이에 대해 알려주세요,493.8424072265625,1637.6046142578125,1553.166259765625,677.1927490234375
MI3_240812_TY2_0656_2_V01_1,Ⅱ. 가계의 재정상황에 대한 인식 1. 생활형편 현재생활형편 및 생활형편전망 차트(세로 막대형)에 대해 알려주세요,287.99639892578125,1084.1358642578125,1897.6307373046875,766.4658203125
MI3_240812_TY2_0656_3_V01_1,Ⅲ. 가계의 경제상황에 대한 인식 1. 경기판단 및 전망 현재경기판단 및 향후경기전망CSI 표에 대해 알려주세요,292.8833923339844,1094.187255859375,1876.450927734375,730.660400390625
MI3_240812_TY2_0656_4_V02-1_1,대구경북 소비자 현재생활형편 차트(가로 막대형)에 대해 알려주세요,374.7954406738281,1838.826171875,1730.2315673828125,942.9814453125
MI3_240812_TY2_0657_1_V01_1,2014년 4월 대구경북지역 소비자심리지수에 대한 표에 대해 알려주세요,333.39111328125,2352.1962890625,1917.35302734375,725.1723022460938
MI3_240812_TY2_0657_2_V02-4_1,Ⅱ. 가계의 재정상황에 대한 인식 현재생활형편 및 생활형편전망 차트(꺾은선형)에 대해 알려주세요,387.609619140625,1932.44384765625,1733.216552734375,1048.089599609375
MI3_240812_TY2_0657_3_V01_1,Ⅲ. 가계의 경제상황에 대한 인식 1. 경기판단 및 전망 2013 2014 전월 대비 . 현재경기판단CSI 차트(세로 막대형)에 대해 알려주세요,277.2061767578125,1092.9613037109375,1907.3634033203125,731.8714599609375
MI3_240812_TY2_0657_4_V02-1_1,현재생활 형편 차트(세로 막대형)에 대해 알려주세요,233.90953063964844,1817.1595458984375,1847.670166015625,1102.5059814453125
MI3_240812_TY2_0658_1_V02-4_1,2014년 5월 대구경북지역 소비자동향조사 결과 소비자심리지수 추이에 대해 알려주세요,414.78631591796875,1441.4189453125,1664.925537109375,791.25
MI3_240812_TY2_0658_2_V01_1,가계의 재정상황에 대한 인식 생활형편 및 생활형편전망 차트(세로 막대형)에 대해 알려주세요,283.773193359375,1082.9228515625,1900.774658203125,762.999755859375
MI3_240812_TY2_0658_3_V01_1,Ⅲ. 가계의 경제상황에 대한 인식 1. 경기판단 및 전망 현재경기판단 및 향후경기전망CSI 표에 대해 알려주세요,259.63116455078125,1094.8436279296875,1939.2415771484375,729.0831298828125
MI3_240812_TY2_0658_4_V02-1_1,전국 지수와의 비교 차트(세로 막대형)에 대해 알려주세요,289.87335205078125,1861.03857421875,1830.2530517578125,1002.4013671875
MI3_240812_TY2_0664_1_V02-4_1,2014년 11월 대구경북지역 소비자심리지수 추세에 대해 알려주세요,355.84222412109375,1454.0989990234375,1686.5439453125,819.6282348632812
MI3_240812_TY2_0664_2_V01_1,Ⅱ. 가계의 재정상황에 대한 인식 1. 생활형편 현재생활형편 및 생활형편전망 차트(세로 막대형)에 대해 알려주세요,251.02459716796875,1081.9423828125,1962.318115234375,765.1575927734375
MI3_240812_TY2_0664_3_V01_1,현재경기판단 및 향후경기전망 표에 대해 알려주세요,246.52584838867188,1092.9581298828125,1969.5762939453125,808.8697509765625
MI3_240812_TY2_0664_4_V01_1,전국 지수와의 비교 차트(세로 막대형)에 대해 알려주세요,308.2408142089844,993.6865844726562,1963.9368896484375,734.1095581054688
MI3_240812_TY2_0667_1_V02-4_1,2015년 2월 대구경북지역 소비자심리지수 추세와 관련된 꺾은선형 차트에 대해 알려주세요,340.98931884765625,1196.67578125,1844.35986328125,987.6610717773438
MI3_240812_TY2_0667_2_V01_1,Ⅱ. 소비자동향지수 1. 가계의 재정상황에 대한 인식 현재생활형편 및 생활형편전망CSI 표에 대해 알려주세요,274.869140625,1270.5726318359375,1916.842041015625,766.9810791015625
MI3_240812_TY2_0667_3_V02-4_1,가계의 경제상황에 대한 인식 현재경기판단 향후경기전망 차트(영역형)에 대해 알려주세요,370.8587646484375,1980.165283203125,1669.458740234375,947.3146362304688
MI3_240812_TY2_0667_4_V01_1,전국 지수와의 비교 소비자심리지수 차트(세로 막대형)에 대해 알려주세요,318.1740417480469,964.0098266601562,1932.32177734375,719.1326904296875
MI3_240812_TY2_0692_1_V02-4_1,I. 소비자심리지수와 소비자심리지수 꺾은선형 그래프에 대해 알려주세요,423.7182312011719,1278.017822265625,1714.6695556640625,1061.54150390625
MI3_240812_TY2_0692_2_V01_1,Ⅱ. 가계의 소비심리 (생활형편) 표에 대해 알려주세요,337.575439453125,2356.0185546875,1804.728515625,436.77001953125
MI3_240812_TY2_0692_3_V01_1,가계수입전망에 대한 세로 막대형 차트에 대해 알려주세요,356.1391296386719,2389.400146484375,1768.0821533203125,530.98681640625
MI3_240812_TY2_0692_4_V02-4_1,소비지출전망CSI 차트(꺾은선형)에 대해 알려주세요,311.45550537109375,937.9778442382812,1832.6373291015625,1117.83544921875
MI3_240812_TY2_0692_5_V02-4_1,Ⅲ. 경제상황에 대한 인식 (현재경기판단CSI 및 향후경기전망CSI) 꺾은선형 차트에 대해 알려주세요,313.90081787109375,1091.341064453125,1834.7545166015625,1115.108154296875
MI3_240812_TY2_0692_6_V02-4_1,취업기회전망에 대한 꺾은선형 차트에 대해 알려주세요,312.3971862792969,775.3477783203125,1817.086669921875,1123.4376220703125
MI3_240812_TY2_0692_7_V01_1,금리수준 전망 표에 대해 알려주세요,364.71649169921875,2047.0845947265625,1764.36767578125,347.88232421875
MI3_240812_TY2_0695_1_V02-4_1,I. 소비자심리지수의 추세와 관련된 꺾은선형 차트에 대해 알려주세요,410.16619873046875,1216.913818359375,1740.87255859375,1078.3289794921875
MI3_240812_TY2_0695_2_V02-4_1,Ⅱ. 소비자동향지수 1. 가계의 재정상황에 대한 인식 생활형편전망 꺾은선형에 대해 알려주세요,319.66754150390625,1151.23779296875,1808.3150634765625,1116.3382568359375
MI3_240812_TY2_0695_3_V02-4_1,가계수입전망에 대한 꺾은선형 차트에 대해 알려주세요,324.025634765625,1233.097900390625,1815.7847900390625,1125.8016357421875
MI3_240812_TY2_0695_4_V01_1,소비지출전망 차트(세로 막대형)에 대해 알려주세요,343.94482421875,2230.634033203125,1786.162109375,804.22265625
MI3_240812_TY2_0695_5_V02-4_1,제목에 대한 시각요소 제목인 현재경기판단의 꺾은선형 그래프에 대해 알려주세요,314.4080505371094,1091.5887451171875,1824.8145751953125,1113.3826904296875
MI3_240812_TY2_0695_6_V02-4_1,취업기회전망에 대한 꺾은선형 그래프에 대해 알려주세요,312.63629150390625,776.7767333984375,1811.3089599609375,1119.988037109375
MI3_240812_TY2_0695_7_V02-4_1,금리수준전망CSI 꺾은선형에 대해 알려주세요,312.844482421875,904.52294921875,1810.2115478515625,1119.9453125
MI3_240812_TY2_0702_1_V01_1,소비자심리지수 데이터에 대해 알려주세요.,403.251708984375,2364.407958984375,1727.3114013671875,788.621337890625
MI3_240812_TY2_0702_2_V01_1,Ⅱ. 소비자동향지수가계의 재정상황에 대한 인식 세로 막대형에 대해 알려주세요,335.63330078125,2673.981689453125,1805.210693359375,439.22607421875
MI3_240812_TY2_0702_3_V01_1,가계수입전망에 대해 알려주세요,353.83660888671875,2649.34619140625,1769.739013671875,531.4921875
MI3_240812_TY2_0702_4_V02-4_1,소비지출전망 CSI 꺾은선형에 대해 알려주세요,311.7542419433594,938.5137329101562,1831.675537109375,1115.7760009765625
MI3_240812_TY2_0702_5_V02-4_1,가계의 경제상황에 대한 인식 경기판단 및 전망 꺾은선형에 대해 알려주세요,313.7765808105469,1002.7848510742188,1821.01171875,1118.53759765625
MI3_240812_TY2_0702_6_V02-4_1,취업기회전망에 대한 꺾은선형 차트에 대해 알려주세요,344.5111999511719,776.31689453125,1801.8948974609375,1113.195068359375
MI3_240812_TY2_0702_7_V02-4_1,금리수준전망CSI 꺾은선형 차트에 대해 알려주세요,313.928466796875,819.115478515625,1816.89404296875,1114.0645751953125
MI3_240812_TY2_0724_1_V01_1,소비자심리지수에 대해 알려주세요,293.14715576171875,2365.774658203125,1905.14013671875,832.3153686523438
MI3_240812_TY2_0724_2_V02-4_1,Ⅱ. 소비자동향지수 1. 가계의 재정상황에 대한 인식 생활형편 꺾은선형에 대해 알려주세요,308.01055908203125,1202.69677734375,1885.5433349609375,1175.036376953125
MI3_240812_TY2_0724_3_V02-4_1,(가계수입전망 및 소비지출전망) 꺾은선형 차트에 대해 알려주세요,302.7117614746094,895.99169921875,1888.8966064453125,1162.208740234375
MI3_240812_TY2_0724_4_V02-4_1,현재경기판단 및 향후경기전망 꺾은선형에 대해 알려주세요,306.6869812011719,1044.1019287109375,1883.1640625,1147.3203125
MI3_240812_TY2_0724_5_V02-4_2,금리수준전망에 대한 꺾은선형 차트에 대해 알려주세요,327.6116638183594,583.4777221679688,1872.13330078125,812.1215209960938
MI3_240812_TY2_0724_6_V02-4_1,가계 저축에 대한 차트(꺾은선형)에 대해 알려주세요,304.3249206542969,1736.9100341796875,1869.5244140625,787.520751953125
MI3_240812_TY2_0724_7_V02-4_1,"물가상황에 대한 인식 및 물가수준, 주택가격 및 임금수준 전망 꺾은선형 차트에 대해 알려주세요",301.64996337890625,1062.356689453125,1886.876220703125,1146.907958984375
MI3_240812_TY2_0731_1_V02-4_1,소비자심리지수 추이에 대해 알려주세요,349.2655944824219,1153.35546875,1830.9676513671875,1090.2515869140625
MI3_240812_TY2_0731_2_V02-4_1,생활형편CSI 꺾은선형에 대해 알려주세요,326.65313720703125,1120.6181640625,1842.9822998046875,1185.90771484375
MI3_240812_TY2_0731_3_V02-4_1,가계수입전망 소비지출전망 꺾은선형에 대해 알려주세요,317.6799011230469,810.7377319335938,1850.072021484375,1198.04931640625
MI3_240812_TY2_0731_4_V02-4_1,"제목에 해당하는 내용과 소제목, 현재경기판단 및 향후경기전망에 대한 꺾은선형 차트에 대해 알려주세요.",317.8701477050781,956.9485473632812,1832.4232177734375,1187.9234619140625
MI3_240812_TY2_0731_5_V01_1,취업기회전망에 대한 세로 막대형 표에 대해 알려주세요,289.0785827636719,2899.55517578125,1884.3502197265625,291.758544921875
MI3_240812_TY2_0731_6_V02-4_1,가계 저축 및 부채상황에 대한 인식 차트(꺾은선형)에 대해 알려주세요,320.916015625,855.2967529296875,1826.6651611328125,765.951416015625
MI3_240812_TY2_0731_7_V01_1,물가상황에 대한 인식 및 2020년 전월대비 표에 대해 알려주세요,295.9714050292969,2330.25341796875,1886.92041015625,702.46337890625
MI3_240812_TY2_0742_1_V02-4_1,소비자심리지수 추이 꺾은선형에 대해 알려주세요,337.85687255859375,1296.320068359375,1855.93994140625,928.1320190429688
MI3_240812_TY2_0742_2_V02-4_1,2021년 9월 소비자동향조사에서 생활형편 전망을 나타내는 꺾은선형 차트에 대해 알려주세요.,320.78875732421875,1360.482421875,1884.29296875,1042.94384765625
MI3_240812_TY2_0742_3_V02-4_1,가계수입전망 및 소비지출전망에 대해 알려주세요,311.62786865234375,867.9692993164062,1894.044189453125,1142.64697265625
MI3_240812_TY2_0742_4_V02-4_1,가계의 경제상황에 대한 인식 경기판단 및 전망 꺾은선형 차트에 대해 알려주세요,314.3981628417969,1049.0941162109375,1863.369873046875,1154.2071533203125
MI3_240812_TY2_0742_5_V02-4_1,취업기회전망에 대한 꺾은선형 차트에 대해 알려주세요,315.4784851074219,2061.673583984375,1870.2808837890625,671.890869140625
MI3_240812_TY2_0742_6_V02-4_1,현재가계저축 및 부채상황에 대한 꺾은선형 차트에 대해 알려주세요,320.3797302246094,857.486572265625,1853.9627685546875,678.7859497070312
MI3_240812_TY2_0742_7_V01_1,2021.5월부터 9월까지의 물가수준전망 및 기타 지표에 대한 표에 대해 알려주세요,293.0477600097656,2353.8544921875,1886.1446533203125,730.950927734375
MI3_240812_TY2_0743_1_V01_1,2021년 소비자심리지수 원형에 대해 알려주세요,293.01220703125,2348.17431640625,1915.72607421875,799.94921875
MI3_240812_TY2_0743_2_V02-4_1,소비자동향지수 소비자 심리에 대한 차트(꺾은선형)에 대해 알려주세요,320.0867004394531,1360.888671875,1874.14111328125,1042.7354736328125
MI3_240812_TY2_0743_3_V01_1,가계수입전망 및 소비지출전망 표에 대해 알려주세요,290.5256652832031,2107.8310546875,1903.400390625,985.718505859375
MI3_240812_TY2_0743_4_V01_1,가계의 경제상황에 대한 인식 경기판단 및 전망 막대형에 대해 알려주세요,290.7117614746094,2336.32568359375,1889.959716796875,578.6923828125
MI3_240812_TY2_0743_5_V02-4_1,취업기회전망에 대한 꺾은선형 차트에 대해 알려주세요,315.3512878417969,2061.538818359375,1870.35400390625,672.12646484375
MI3_240812_TY2_0743_6_V02-4_1,가계 저축에 대한 현재와 전망을 비교한 꺾은선형 차트에 대해 알려주세요,319.2245178222656,851.5591430664062,1854.333740234375,721.9412231445312
MI3_240812_TY2_0743_7_V01_1,물가상황에 대한 인식 표에 대해 알려주세요,294.12249755859375,2354.320556640625,1891.2320556640625,730.2582397460938
MI3_240812_TY2_0746_1_V02-4_1,소비자심리지수 추이 꺾은선형에 대해 알려주세요,338.36248779296875,1304.804443359375,1854.866943359375,932.475341796875
MI3_240812_TY2_0746_2_V02-4_1,Ⅱ. 소비자동향지수(Consumer Survey Index) 꺾은선형에 대해 알려주세요,320.37677001953125,1375.0675048828125,1873.794189453125,1038.7935791015625
MI3_240812_TY2_0746_3_V02-4_1,가계수입전망 및 소비지출전망 꺾은선형에 대해 알려주세요,312.03472900390625,865.850341796875,1893.7598876953125,1153.4359130859375
MI3_240812_TY2_0746_4_V02-4_1,가계의 경제상황에 대한 인식 경기판단 및 전망 꺾은선형에 대해 알려주세요,314.99615478515625,1049.0906982421875,1861.469970703125,1165.4180908203125
MI3_240812_TY2_0746_5_V01_1,취업기회전망과 관련된 세로 막대형 표에 대해 알려주세요,298.306884765625,2839.51318359375,1886.2000732421875,287.280517578125
MI3_240812_TY2_0746_6_V02-4_1,가계 저축 및 부채상황에 대한 인식 차트(꺾은선형)에 대해 알려주세요,318.9809265136719,927.7185668945312,1851.268310546875,680.6105346679688
MI3_240812_TY2_0746_7_V02-4_1,"물가수준, 주택가격 및 임금수준 전망 꺾은선형에 대해 알려주세요",313.66571044921875,1134.204345703125,1877.32666015625,1155.97021484375
MI3_240812_TY2_0750_1_V01_1,소비자심리지수 데이터 테이블에 대해 알려주세요,291.4283142089844,2352.65234375,1906.4639892578125,794.3864135742188
MI3_240812_TY2_0750_2_V02-4_1,Ⅱ. 소비자동향지수에 대해 알려주세요,323.6887512207031,1376.319580078125,1873.546875,1039.013671875
MI3_240812_TY2_0750_3_V02-4_1,가계수입전망 및 소비지출전망 꺾은선형에 대해 알려주세요,314.6106262207031,870.3310546875,1898.3289794921875,1150.567138671875
MI3_240812_TY2_0750_4_V01_1,가계의 경제상황에 대한 인식 현재경기판단CSI 및 향후경기전망CSI 표에 대해 알려주세요,291.1048278808594,2351.020751953125,1883.7196044921875,573.747314453125
MI3_240812_TY2_0750_5_V01_1,취업기회전망 표에 대해 알려주세요,299.75579833984375,1405.438720703125,1891.173095703125,284.914794921875
MI3_240812_TY2_0750_6_V02-4_2,가계 저축 및 부채상황에 대한 인식 차트(꺾은선형)에 대해 알려주세요,356.26263427734375,865.41259765625,1783.850830078125,679.1669921875
MI3_240812_TY2_0750_7_V02-4_1,"물가수준, 주택가격 및 임금수준 전망 차트(꺾은선형)에 대해 알려주세요",316.1452941894531,1135.32568359375,1877.65234375,1155.18701171875
