tree
version=v4
num_class=1
num_tree_per_iteration=1
label_index=0
max_feature_idx=18
objective=lambdarank
feature_names=feat_query_length feat_token_overlap feat_area_ratio feat_aspect_ratio feat_center_x feat_center_y feat_near_title feat_title_gap feat_context_mentions_instance feat_category_chart feat_category_table feat_category_diagram feat_category_body feat_intent_mentions_title feat_intent_mentions_table feat_intent_mentions_chart feat_intent_mentions_diagram feat_intent_mentions_body feat_category_matches_intent
feature_infos=[10:371] [0:0.5] [1.0063413602105352e-06:0.71455603335093176] [0.03940542595046554:388.05815279362872] [0.05730560983493535:2.3649477066532256] [0.054551619479512703:1.2082309582309583] [0:1] [0:1] [0:1] [0:1] [0:1] [0:1] [0:1] [0:1] [0:1] [0:1] [0:1] [0:1] [0:1]
tree_sizes=6961 6932 6948 6950 6958 6940 6949 6952 6979 6981 6984 6983 6967 6979 6965 6947 6965 6950 6970 6958 6927 6940 6904 6922 6972 6963 6958 6931 6969 6866 6914 6926 6940 6915 6907 6927 6898 6928 6912 6923 6899 6851 6913 6914 6913 6897 6828 6890 6890 6906 6854 6858 6885 6907 6883 6870 6913 6851 6899 6847 6897 6897 6895 6853 6929 6879 6931 6867 6888 6827 6917 6924 6875 6861 6856 6855 6880 6866 6866 6897 6886 6854 6864 6886 6913 6898 6865 6886 6867 6885 6924 6873 6868 6857 6852 6840 6914 6860 6863 6840 6886 6823 6831 6893 6913 6874 6862 6837 6857 6865 6879 6841 6898 6870 6891 6850 6885 6903 6831 6845 6865 6842 6894 6863 6864 6884 6877 6894 6866 6896 6882 6859 6836 6859 6828 6875 6886 6874 6850 6885 6848 6879 6856 6871 6904 6852 6887 6839 6851 6821 6835 6840 6852 6862 6813 6810 6840 6802 6806 6814 6899 6845 6866 6894 6879 6879 6845 6886 6855 6887 6879 6858 6818 6853 6832 6878 6871 6793 6842 6837 6889 6834 6874 6841 6819 6907 6794 6798 6864 6819 6813 6831 6819 6831 6803 6796 6942 6852 6870 6869 6917 6838 6891 6842 6896 6876 6877 6827 6814 6838 6845 6856 6814 6891 6823 6888 6818 6831 6808 6828 6792 6852 6841 6851 6863 6875 6850 6819 6840 6845 6836 6828 6827 6870 6849 6853 6894 6871 6870 6871 6871 6886 6845 6840 6830 6836 6890 6778 6808 6871 6803 6808 6847 6820 6771 6859 6821 6839 6825 6930 6822 6799 6818 6803 6866 6822 6799 6842 6821 6885 6884 6866 6842 6884 6946 6837 6858 6862 6799 6806 6824 6877 6844 6908 6884 6832 6812 6793 6834 6822 6826 6797 6843 6852 6833 6845 6847 6862 6859 6888 6846 6826 6877 6858 6838 6851 6860 6808 6819 6893 6850 6875 6819 6817 6801 6836 6845 6854 6871 6821 6866 6817 6797 6908 6816 6863 6818 6882 6808 6893 6880 6826 6868 6828 6930 6856 6884 6853 6853 6900 6910 6820 6813 6838 6792 6804 6868 6820 6816 6868 6863 6862 6850 6798 6819 6814 6823 6819 6855 6888 6794 6925 6823 6807 6795 6789 6847 6847 6801 6832 6837 6865 6849 6788 6866 6887 6862 6873 6803 6801 6825 6807 6888 6908 6799 6816 6807 6817 6857 6822 6869 6857 6837 6864 6807 6816 6825 6849 6858 6866

Tree=0
num_leaves=63
num_cat=0
split_feature=12 18 2 14 5 15 1 13 5 5 4 5 2 4 15 1 10 6 2 4 1 3 1 15 4 16 5 9 3 4 3 8 4 5 10 0 0 4 0 4 8 5 1 1 0 5 2 1 0 0 1 2 0 2 8 3 3 7 9 0 4 8
split_gain=49021.1 3959.58 2205.14 764.862 619.551 531.439 1115.64 371.308 211.729 194.817 189.929 157.132 153.973 141.289 105.221 236.099 93.839 89.7807 78.1017 72.8909 73.3397 71.6195 66.7006 65.28 63.9252 61.9037 57.0789 52.8517 60.8052 52.3031 50.8498 51.4433 48.9129 45.2866 44.5438 43.6077 42.7417 42.2054 41.5833 40.7514 40.3655 34.7432 34.1534 39.7544 38.3305 34.0561 40.2844 33.925 41.7762 40.3958 38.2651 32.4457 31.5441 31.2541 30.394 29.7928 28.1501 28.5544 27.4813 27.0965 26.2985 25.7631
threshold=1.0000000180025095e-35 1.0000000180025095e-35 0.090266329474017068 1.0000000180025095e-35 0.35192035979953218 1.0000000180025095e-35 0.13188405797101452 1.0000000180025095e-35 0.36775289329118893 0.49127544506689713 0.79633851063981576 0.51983327473027352 0.13800737554482215 0.55743083797642634 1.0000000180025095e-35 0.11651583710407241 1.0000000180025095e-35 1.0000000180025095e-35 0.10698584444712256 0.52737064470032291 0.162280701754386 2.2100043145175925 0.03229166666666667 1.0000000180025095e-35 0.79633851063981576 1.0000000180025095e-35 0.36171733132383149 1.0000000180025095e-35 2.4228108170870679 0.34751750368320194 2.4228108170870679 1.0000000180025095e-35 0.79633851063981576 0.68228960417474127 1.0000000180025095e-35 20.500000000000004 25.500000000000004 0.32067023350194995 32.500000000000007 0.79633851063981576 1.0000000180025095e-35 0.2494027031236363 1.0000000180025095e-35 0.10263157894736843 30.500000000000004 0.52309690314722657 0.13800737554482215 0.11651583710407241 32.500000000000007 27.500000000000004 0.10263157894736843 0.12409103529593216 39.500000000000007 0.23892751809361998 1.0000000180025095e-35 0.79675231805619362 4.7511712420073335 0.36055170279997567 1.0000000180025095e-35 28.500000000000004 0.49870760959470661 1.0000000180025095e-35
decision_type=2 2 2 2 2 2 2 2 2 2 2 2 2 2 2 2 2 2 2 2 2 2 2 2 2 2 2 2 2 2 2 2 2 2 2 2 2 2 2 2 2 2 2 2 2 2 2 2 2 2 2 2 2 2 2 2 2 2 2 2 2 2
left_child=1 3 5 7 19 10 11 8 12 29 16 22 -1 14 30 21 -3 -9 -5 20 27 33 -7 54 37 41 -19 36 -29 -8 31 -6 42 -16 -32 -14 -4 -11 -22 -31 -10 -18 -13 -44 -45 -25 -47 48 -24 -49 52 -42 -50 -37 -20 -53 -43 -58 -23 -36 -57 -28
right_child=-2 2 4 18 13 6 9 17 40 24 -12 32 35 -15 15 -17 25 26 23 -21 38 58 47 45 -26 -27 61 28 -30 39 34 -33 -34 -35 59 53 -38 -39 -40 -41 51 56 43 44 -46 46 -48 49 50 -51 -52 55 -54 -55 -56 60 57 -59 -60 -61 -62 -63
leaf_value=0.077618350415792528 -0.099804137154813788 0.084212772631581487 0.010460027782761843 0.036173988067338542 0.040691683826412098 -0.020899110863385334 0.00035648442149470704 0.084797321817355678 0.068582203134717939 0.025146193522339957 -0.095058009800374335 0.00099757259061900982 -0.00064976947154664723 0.021766383244578611 0.057287157181120464 0.065413714810594312 0.015779311062081601 -0.028311647391452584 -0.091183179051614799 -0.0073926539690236425 0.02318823326025234 -0.010028346428055819 -0.067640093013784791 0.050090212107329425 -0.076883550508610218 -0.092469071263599947 -0.034066709824664296 0.019200010080722568 -0.017540211417989466 0.021210392161663271 0.090231870934564737 0.077354123549514445 -0.10000000000000001 0.033418415198351675 0.046980187505318481 0.053337620678705656 0.041811097262428418 0.042368137152958361 0.056487855030979063 -0.065147840219087358 0.094376236513308454 0.052772692470035999 -0.026050693904590024 -0.017560756004787931 0.022785757120555628 -0.059634906510283629 0.030855370609589389 -0.058738201501599023 -0.059283456638377974 0.0051842047254071939 0.0014931313490681257 0.022531931889449526 -0.029294968794800771 0.013887107090449236 -0.020249738303289799 0.07740143281494255 0.026088297760387694 0.05355844550740866 0.02830644783894298 0.065459536334601373 0.089687624403660515 0.033219497912680071
leaf_weight=760.54361720383167 8632.0108334658435 122.86452540010214 185.25928571727127 187.56845148722641 105.73054364509881 952.586729131639 674.62453944445588 51.917588889598846 237.54442042275332 530.91314787557349 25.480428305105306 805.8924539599102 58.80415278673172 286.33541536983103 484.25442871823907 1585.1654471922666 137.47673017438501 63.599940843880177 17.197679832577705 212.12347475625575 161.38785396888852 50.646337561309338 163.83035407168791 55.449165560305119 12.486599327414295 9.0267047099769098 15.64661573525518 289.51501750573516 184.30648722499609 728.43609781935811 96.125367071479559 1006.6642415821552 13.871360133402048 337.03280917089432 502.26453906856477 271.80538984015584 263.11871743574739 1078.2595144126099 223.70426576957107 13.921846772776915 1979.7653512620891 387.61489450838417 335.52446214179508 130.22388242743909 107.43038650974631 20.989198554307222 29.706055223941803 37.085273005999625 169.18717897497118 74.098538121208549 53.933675504289567 18.646515917032957 182.04215248348191 61.578339204192162 123.91017654258758 621.17394540179521 313.43829121487215 135.49406545981765 607.8423270098865 327.86327341943979 1457.5191301861778 156.69779889285564
leaf_count=3995 131902 577 1342 1565 767 7755 4530 324 1534 4674 553 8424 414 2591 3093 10433 979 493 157 1514 1184 394 1483 384 251 81 163 2112 1323 5798 452 5816 332 2365 3560 1733 1819 10191 1493 213 9522 2534 4009 1489 1064 217 240 336 1458 573 417 139 1528 462 1057 3674 2622 911 4567 2100 7607 1175
internal_value=-1.57892e-10 0.0424491 0.0278186 0.075787 0.0479939 0.00844635 0.00257722 0.080618 0.0835321 0.0239772 0.0399053 -0.0189143 0.064496 0.0559434 0.0578608 0.0520056 0.0430148 0.0252699 0.0118444 0.0197943 0.0242057 0.0376426 -0.0294386 -0.00661238 0.0358116 0.0378658 0.0121714 0.0165528 0.00490885 0.0104334 0.0666637 0.0738694 -0.00657801 0.0474921 0.0580099 0.0390486 0.0288576 0.0366861 0.0425324 0.0195909 0.088618 0.0390737 -0.00563833 -0.0149684 0.000677677 0.0230098 -0.00661004 -0.0413981 -0.0463343 -0.0161371 -0.0377191 0.0897853 -0.0437404 0.0460508 -0.0288948 0.0854517 0.0429018 0.0343792 0.025358 0.0542787 0.0860162 0.0271108
internal_weight=28927.2 20295.1 14105.1 6190.06 6909.34 7195.74 6064.35 5755.24 5467.38 3038.64 1131.4 3025.71 1152.73 5389.92 5103.59 3064.94 1105.92 287.862 434.821 1519.42 1307.29 1479.78 1632.76 247.252 1621.66 983.051 235.944 922.2 473.822 1416.98 2038.65 1112.39 1392.94 821.287 926.253 392.188 448.378 1609.17 385.092 742.358 4314.65 974.024 1379.07 573.179 237.654 106.144 50.6953 680.177 568.993 111.184 405.163 4077.1 351.229 333.384 141.108 2097.34 836.547 448.932 658.489 830.128 2078.69 172.344
internal_count=276464 144562 109707 34855 46925 62782 54525 31235 29080 25657 8257 28868 6604 36138 33547 20852 7704 2155 3620 10787 9273 10419 13550 2055 15116 7127 1831 6596 3435 10541 12695 6583 15318 5458 6112 2609 3161 14865 2677 6011 22476 7046 14986 6562 2553 841 457 5795 4886 909 3403 20942 2986 2195 1214 11420 6067 3533 4961 5660 11281 1338
is_linear=0
shrinkage=0.05


Tree=1
num_leaves=63
num_cat=0
split_feature=12 18 2 13 1 15 4 14 6 1 15 5 2 5 4 2 10 8 5 4 3 5 5 16 2 8 10 4 3 2 2 1 3 7 4 5 5 5 15 0 3 4 8 5 3 4 0 0 0 5 2 15 16 3 2 4 7 5 5 7 10 1
split_gain=147085 14152.5 5291.01 2290.38 1962.34 3604.56 1006.95 997.572 699.77 642.495 1751.03 584.899 563.707 442.08 423.118 420.523 382.719 334.08 328.734 314.541 280.827 260.136 247.932 226.743 220.246 206.76 206.323 186.987 198.962 179.994 178.671 178.434 177.839 206.736 168.996 168.946 263.079 164.006 161.873 160.91 149.622 147.785 146.738 144.84 273.891 140.05 139.32 131.062 128.237 126.714 167.935 119.509 117.768 113.897 117.49 109.394 108.405 104.891 105.633 99.333 129.375 95.285
threshold=1.0000000180025095e-35 1.0000000180025095e-35 0.091654132977105854 1.0000000180025095e-35 0.13188405797101452 1.0000000180025095e-35 0.55743083797642634 1.0000000180025095e-35 1.0000000180025095e-35 0.12771739130434787 1.0000000180025095e-35 0.49127544506689713 0.1018090380931647 0.53159759481843361 0.79633851063981576 0.12409103529593216 1.0000000180025095e-35 1.0000000180025095e-35 0.37701295203477819 0.79633851063981576 2.368528989683004 0.29224610895172481 0.40747299658608382 1.0000000180025095e-35 0.13968863935552217 1.0000000180025095e-35 1.0000000180025095e-35 0.50185284582746348 2.1594921851073061 0.19598009664683361 0.19925475533784112 0.11324786324786326 4.9643874682072022 0.2596141293768176 0.79633851063981576 0.48455782979805112 0.56875655297727523 0.6787926813096089 1.0000000180025095e-35 27.500000000000004 4.7511712420073335 0.79633851063981576 1.0000000180025095e-35 0.35815697736813412 2.0601535231968602 0.79633851063981576 26.500000000000004 23.500000000000004 30.500000000000004 0.51373626373626424 0.14331921467320899 1.0000000180025095e-35 1.0000000180025095e-35 2.1366445999321511 0.12696322556851089 0.32067023350194995 0.013123359580052526 0.35192035979953218 0.52622768949837739 0.022932243358546257 1.0000000180025095e-35 0.085144927536231887
decision_type=2 2 2 2 2 2 2 2 2 2 2 2 2 2 2 2 2 2 2 2 2 2 2 2 2 2 2 2 2 2 2 2 2 2 2 2 2 2 2 2 2 2 2 2 2 2 2 2 2 2 2 2 2 2 2 2 2 2 2 2 2 2
left_child=1 3 4 7 5 14 9 15 -5 10 17 45 -9 34 16 19 -3 -4 30 32 22 -8 -19 40 -12 -10 -22 28 42 61 -17 -15 -1 46 47 -30 -37 43 52 -33 -18 55 -20 -26 -45 -6 -34 -7 -28 -40 -51 -32 -14 54 -11 -13 -46 -56 -59 -29 -61 -27
right_child=-2 2 6 8 11 13 21 12 25 53 24 41 38 31 -16 18 23 20 27 -21 26 -23 -24 -25 37 29 48 59 35 -31 51 39 33 -35 -36 36 -38 -39 49 -41 -42 -43 -44 44 56 -47 -48 -49 -50 50 -52 -53 -54 -55 57 -57 -58 58 -60 60 -62 -63
leaf_value=0.07898720871754486 -0.092196632590552552 0.073639582862763994 0.02272094510252776 0.081890081677152227 0.029981553057957494 0.014742989770219034 0.048013819615273581 0.063815325863952679 -0.059356551327621354 0.035703777273434677 0.0073083385281557311 0.018533979473348939 -0.03132507305123166 -0.02865937147189862 -0.087352042467475632 0.054468309731402792 0.037279697240132609 0.036407487719391389 0.026700702409775092 -0.053383699299232951 0.072531003502310287 -0.00023276068917298362 0.062489778216701888 -0.09078583397485164 0.0159065182807849 -0.011728399734685428 0.031149280789375178 0.07942378517146742 0.081096934456731523 0.040644305774617674 0.040038139475806415 -0.032484899740702997 0.024108692670794921 0.079007298280632091 -0.087241622890264381 0.014910635319260131 0.055165646758695619 0.012349701888603916 0.045823129780660637 0.022593649252826947 0.019893470898748343 -0.074362403662810828 0.070528671789365338 0.048580335970796959 0.029738183350871528 -0.057457732530779321 0.061772720791012273 -0.010093004167155854 0.049225605714700874 -0.042712189326782432 0.034070333208408479 -0.0017778922615878962 0.0790137498960643 0.041049066049169775 0.042501337640603702 0.0080136743815241475 -0.00050529684319456107 0.079095721107803357 0.05572267144327963 0.034972064961661241 0.073546635967943627 0.067070050386515589
leaf_weight=9075.0771098739351 32546.836877671536 464.15502673387527 1522.7237849384546 260.03755496069789 6772.1374903945252 590.94576731044799 312.90226696431637 606.24225396174006 167.69450699537992 890.98858988285065 3953.7802740205079 3593.1280922703445 348.48035891726613 7310.1255328753032 77.661584560759366 1536.2762399697676 2128.3432018607855 1197.2819601353258 203.12789957225323 47.165583247318864 435.33805871009827 2608.4983514882624 3812.2661369889975 41.069568440318108 1576.7499413397163 1036.7293510660529 3286.4900645371526 2792.8622208759189 343.42296635732055 221.88677474111319 457.76168397534639 219.65206008031964 406.43217023834586 975.35726127773523 67.346172040328383 581.00812896341085 1346.4339384809136 2698.3364811986685 243.14630860090256 334.60633184760809 2956.2082819957286 50.571410247124732 3192.3001199215651 1580.7236932963133 704.29697519540787 46.105951020494103 620.18217194452882 5253.7162423878908 1398.7215091437101 138.77586347609758 146.27090342342854 272.62661078572273 25.986352026462555 4663.634928336367 1062.8967448621988 7912.4798429869115 511.4680157750845 623.43318836390972 2152.1712765693665 322.24363897740841 667.85986086726189 39.838706355541945
leaf_count=11133 131902 586 1889 392 10417 1393 678 1311 316 1140 5430 4708 679 14063 553 2171 2918 1636 279 122 513 2955 5027 77 2082 1943 4525 3544 455 319 722 433 528 1105 247 708 1698 3257 293 552 4205 252 4203 2079 937 213 788 12358 1893 261 169 381 39 6442 1301 10325 703 1016 2904 396 847 53
internal_value=1.38992e-10 0.0303451 0.0190254 0.0619536 0.00606018 -0.00501171 0.0330375 0.0658992 0.00629826 0.0355973 0.0310428 0.0177765 0.0265242 -0.0188197 0.0285528 0.0685004 0.0301631 0.0445571 0.0618895 0.075463 0.0478394 0.00493478 0.0562561 0.026226 0.0167594 -0.00710878 0.0396052 0.0659915 0.0602445 -0.000361012 0.044789 -0.0265856 0.0760116 0.062523 -0.00848931 0.0487879 0.0430312 0.0220435 0.00147886 0.000766074 0.0271712 0.0109242 0.0679067 0.0280247 0.0348573 0.0293903 0.0468617 -0.00758187 0.0365458 0.019307 -0.00331147 0.0244298 -0.023668 0.0465936 0.052061 0.0112991 0.0170149 0.0558578 0.0609725 0.0745997 0.060992 -0.00881244
internal_weight=131433 98886.2 72811 26075.2 37818.3 19443.8 34992.7 24349 1726.19 32071.3 22678.2 18374.4 1508.9 13776.4 5667.44 22840.1 5589.78 11652.8 11715.9 11124.2 10130.1 2921.4 5009.55 5125.62 11025.4 1466.15 5120.55 9449.26 5666.29 1298.45 2266.66 7864.38 11077 2001.97 5912.01 2270.87 1927.44 7071.58 902.66 554.258 5084.55 11556.2 3395.43 4373.24 2796.49 6818.24 1026.61 5844.66 4685.21 528.193 285.047 730.388 374.467 9393.12 4729.49 11505.6 1215.76 3838.5 2775.6 3782.97 990.103 1076.57
internal_count=276464 144562 109707 34855 63300 37385 46407 31832 3023 42774 29971 25915 2752 29046 8339 29080 7786 15483 15404 13676 13594 3633 6663 7200 14488 2631 6931 12130 7343 2315 3274 15048 13554 2421 13998 2861 2406 9058 1441 985 7123 15285 4482 5801 3719 10630 1316 13751 6418 723 430 1103 718 12803 6361 15033 1640 5221 3920 4787 1243 1996
is_linear=0
shrinkage=0.05


Tree=2
num_leaves=63
num_cat=0
split_feature=12 18 2 13 1 15 4 4 14 1 15 6 2 2 5 5 10 4 1 10 3 5 8 5 0 8 4 14 15 2 4 3 7 4 15 0 16 0 5 2 1 5 3 5 2 7 10 3 9 8 10 2 5 1 0 4 1 4 1 0 0 3
split_gain=98142.4 10615.3 3359.6 1600.07 1066.79 2026.75 656.371 594.259 563.787 478.179 1216.2 471.633 363.088 361.497 352.432 270.326 263.515 249.155 239.158 238.375 232.108 228.177 208.85 202.395 314.436 198.145 156.39 149.139 177.883 145.408 143.105 148.874 136.65 135.19 115.26 111.914 110.021 108.111 102.947 92.8716 92.0331 90.4692 86.29 82.9239 118.484 78.1145 79.5001 93.577 77.2882 76.5525 108.71 79.163 75.599 79.1345 87.3702 75.0736 74.9986 73.622 73.578 139.534 77.8288 73.0933
threshold=1.0000000180025095e-35 1.0000000180025095e-35 0.08587125543770581 1.0000000180025095e-35 0.15192307692307697 1.0000000180025095e-35 0.55743083797642634 0.42497713438114981 1.0000000180025095e-35 0.12771739130434787 1.0000000180025095e-35 1.0000000180025095e-35 0.10343701039425564 0.12259305778258041 0.38624262048725971 0.44375039322090004 1.0000000180025095e-35 0.79633851063981576 0.11324786324786326 1.0000000180025095e-35 2.3440273904078679 0.40747299658608382 1.0000000180025095e-35 0.53159759481843361 23.500000000000004 1.0000000180025095e-35 0.49870760959470661 1.0000000180025095e-35 1.0000000180025095e-35 0.27147367676320838 0.43534932258522047 2.3440273904078679 0.014225769475573672 0.79633851063981576 1.0000000180025095e-35 30.500000000000004 1.0000000180025095e-35 26.500000000000004 0.74484189296350822 0.024785251833363973 0.17156862745098042 0.67134596533217328 5.3891163228419439 0.52309690314722657 0.13800737554482215 0.021652664673327632 1.0000000180025095e-35 1.725276656256389 1.0000000180025095e-35 1.0000000180025095e-35 1.0000000180025095e-35 0.11968821280224608 0.48455782979805112 0.10263157894736843 30.500000000000004 0.50267930185645227 0.070197044334975381 0.79633851063981576 0.078461538461538485 40.500000000000007 30.500000000000004 3.5108789420178881
decision_type=2 2 2 2 2 2 2 2 2 2 2 2 2 2 2 2 2 2 2 2 2 2 2 2 2 2 2 2 2 2 2 2 2 2 2 2 2 2 2 2 2 2 2 2 2 2 2 2 2 2 2 2 2 2 2 2 2 2 2 2 2 2
left_child=1 3 4 8 5 17 9 41 13 10 16 -5 -10 33 29 -9 -4 19 23 -3 21 -18 -23 -7 -25 -16 38 49 -29 -15 -12 32 -32 56 -14 -22 42 -20 -27 -17 -8 -6 -21 -36 -45 -28 47 -47 -34 50 -13 -51 -33 -54 -55 -24 61 58 60 -60 -26 -1
right_child=-2 2 6 11 7 18 40 15 12 -11 30 27 34 14 25 39 20 -19 37 36 35 22 55 24 57 26 45 28 -30 -31 31 52 48 -35 43 -37 -38 -39 -40 -41 -42 -43 -44 44 -46 46 -48 -49 -50 51 -52 -53 53 54 -56 -57 -58 -59 59 -61 -62 -63
leaf_value=0.072734843802165869 -0.086454121025784647 0.06613447297535513 0.066711546717598241 0.075726659735379828 0.028835430014667474 -0.0093941146318777605 -0.00097562460611130537 -0.0048167133034415464 0.058115182079826216 0.038282413881297245 -0.012054310130169926 0.08159551456769458 -0.022356826385321143 0.040459710181090305 0.030815333092412186 -0.029004726481654891 0.024445895328678895 -0.082303099051222087 -0.013874829037201893 0.030977481637473509 0.022966587174150302 0.018939500388979007 0.048542107248807323 0.01505911237361913 -0.020341400340416444 0.056869555430145352 0.070770444204682786 -0.064969851031481271 0.011835267877074602 -0.0053746201192225018 0.02429357027949287 0.015822102459061179 0.048246574236474798 -0.034890283386160445 0.042062662320217055 0.038993631773454523 -0.0837305738663216 0.012278484234821313 0.031737320728238226 0.012540301636892027 0.01630840904393845 0.017576054078351177 0.016419921257648164 -0.048709037609761058 0.02655124448503415 0.0024644431062397585 0.064006532136060029 0.05628947168371691 0.006572572840404173 -0.0064240403434164097 -0.060787362818678005 0.023059009470372979 -0.0022991880048663618 -0.0042982426553408526 0.046480207876475638 0.065417571686363071 -0.017117079813990948 -0.092158443224694103 -0.022976145228895933 0.014789928896680111 -0.034791647438615632 0.063381230101513766
leaf_weight=5425.6001080485294 25608.033545424696 343.8217084556818 675.21557083725929 210.04399985447526 4132.6992818359286 5521.9730389355682 2137.1568977851421 4013.3398636141792 511.72567465784959 8977.6882289126515 559.06052092462778 16.025255233049393 276.96836509276181 1874.3872410273179 557.16906437277794 137.40625264099799 1235.9922260306776 53.601557775400579 599.5883948453702 1961.2210575081408 3901.6024633273482 474.67245760560036 1782.8034739382565 512.82070250995457 1521.3410631399602 1773.6220394559205 3515.9992603734136 192.36245774850249 123.97097304277122 190.63880831748247 3976.8089274391532 1351.8443634212017 117.5012067258358 31.493170244968496 204.25668735429645 1511.080256011337 24.097532283514738 1158.8659567534924 528.99855030700564 6402.6365845156834 1204.1196183860302 3139.28950637253 2116.4579423554242 84.424697071313858 137.41944969817996 131.07301937043667 889.72586921975017 210.32189989089966 2093.2064465824515 435.76411233842373 82.016925103962421 476.78464864194393 2196.5094474265352 154.43782570213079 187.6307637244463 1045.5553027540445 25.275833830237389 41.469875355251133 1586.2778174350969 289.16032703127712 2404.6617163009942 3395.8782539765816
leaf_count=8206 131902 529 1057 392 6380 12628 2944 4396 1321 13333 861 26 712 3118 817 390 1821 553 1143 3192 5768 610 3005 1390 2782 2959 5711 627 173 345 5453 2395 160 122 316 2313 78 1904 775 8376 1533 4269 3256 217 186 179 1381 331 2790 830 198 777 2982 206 226 1650 34 262 3825 686 4561 5102
internal_value=2.176e-10 0.0243702 0.0149107 0.055252 0.00429058 -0.00424731 0.0262828 0.0129769 0.0590734 0.0286063 0.024521 0.00611087 0.0260743 0.0612344 0.054547 0.00539869 0.0364845 0.0248522 -0.0138486 0.0261442 0.0344336 0.0427721 0.0496298 -0.0163964 -0.0224801 0.0595199 0.0617885 -0.00490888 -0.0348699 0.0362284 0.0125688 0.0139348 0.0187535 0.0685196 0.00275344 0.0274409 0.0227921 0.00336087 0.0510957 0.0116674 0.00525315 0.0239748 0.0234216 0.0190753 -0.0020897 0.0669751 0.056136 0.0356242 0.00878759 0.00446948 -0.0375145 0.00898014 0.00627082 0.00118457 0.0235546 0.0547804 0.0688877 -0.0257748 -0.0253003 -0.0171533 -0.0291921 0.0691341
internal_weight=116454 90845.6 69543.6 21301.9 35960.7 18135.4 33582.9 17825.4 19765 30241.6 21263.9 1536.97 1214.79 18550.2 9671.94 10553.4 10626.9 4499.2 13636.2 4445.6 9951.71 4539.02 3303.03 11877.7 6355.73 7606.91 7049.74 1326.92 316.333 2065.03 10637 10077.9 6187.52 8878.25 703.069 5412.68 4101.78 1758.45 2302.62 6540.04 3341.28 7271.99 4077.68 426.101 221.844 4747.12 1231.12 341.395 2210.71 1010.59 98.0422 912.549 3890.42 2538.58 342.069 2828.36 8846.75 5842.91 5801.44 1875.44 3926 8821.48
internal_count=276464 144562 109707 34855 60600 36789 49107 23811 31832 44630 31297 3023 2752 29080 15616 13162 16224 7608 29181 7055 15167 7086 5265 26134 13506 12153 11336 2631 800 3463 15073 14212 8403 13464 1431 8081 6526 3047 3734 8766 4477 10649 6448 719 403 7602 1891 510 2950 1831 224 1607 5809 3414 432 4655 13342 12116 11854 4511 7343 13308
is_linear=0
shrinkage=0.05


Tree=3
num_leaves=63
num_cat=0
split_feature=12 18 2 13 1 15 15 1 2 14 6 5 4 5 8 3 10 4 4 4 8 5 1 1 0 0 4 10 4 1 0 4 1 2 8 1 16 4 2 0 3 5 0 0 0 0 1 7 5 0 0 3 5 0 1 5 4 4 4 8 16 0
split_gain=72959.9 8337.53 2388.01 1181.37 817.272 1649.38 467.568 1042.22 428.332 481.873 348.601 274.819 246.343 232.945 199.059 187.21 181.665 156.659 152.868 151.232 146.094 144.839 128.216 117.986 184.623 169.817 114.057 106.885 99.8421 96.4396 96.3671 90.2191 89.8521 89.2967 84.6411 84.6271 77.049 76.0051 75.7829 75.2426 73.184 72.4806 85.9864 122.585 85.6147 70.081 76.6598 69.2585 67.9697 66.4148 141.647 101.929 90.0816 75.5296 105.253 79.5253 64.6837 63.1008 95.9461 70.011 62.2021 61.9748
threshold=1.0000000180025095e-35 1.0000000180025095e-35 0.091654132977105854 1.0000000180025095e-35 0.13188405797101452 1.0000000180025095e-35 1.0000000180025095e-35 0.11651583710407241 0.12409103529593216 1.0000000180025095e-35 1.0000000180025095e-35 0.38624262048725971 0.52843847852678971 0.4536227013154352 1.0000000180025095e-35 2.368528989683004 1.0000000180025095e-35 0.79633851063981576 0.79633851063981576 0.55743083797642634 1.0000000180025095e-35 0.40747299658608382 0.051315789473684217 0.10263157894736843 27.500000000000004 27.500000000000004 0.49870760959470661 1.0000000180025095e-35 0.79633851063981576 0.097619047619047633 28.500000000000004 0.79633851063981576 0.046536796536796543 0.27147367676320838 1.0000000180025095e-35 0.15192307692307697 1.0000000180025095e-35 0.64689781423172887 0.23892751809361998 30.500000000000004 1.5813665670135968 0.67506858826776817 20.500000000000004 23.500000000000004 17.500000000000004 31.500000000000004 0.11882352941176472 0.08365111110576523 0.55778935047547507 25.500000000000004 20.500000000000004 2.4738081171341491 0.33052274816355121 34.500000000000007 0.093073593073593086 0.50083144511883482 0.34142322316127588 0.49870760959470661 0.47853698600158706 1.0000000180025095e-35 1.0000000180025095e-35 43.500000000000007
decision_type=2 2 2 2 2 2 2 2 2 2 2 2 2 2 2 2 2 2 2 2 2 2 2 2 2 2 2 2 2 2 2 2 2 2 2 2 2 2 2 2 2 2 2 2 2 2 2 2 2 2 2 2 2 2 2 2 2 2 2 2 2 2
left_child=1 3 4 8 5 16 14 19 28 11 -5 33 -9 35 -4 21 -3 36 23 38 -13 -16 -21 25 -25 -7 30 -17 32 -11 -22 -15 57 60 -12 56 -18 -23 41 -29 -24 48 44 -44 -43 46 -26 -14 49 50 51 -8 -52 -51 55 -55 -6 58 -1 -59 -10 -27
right_child=-2 2 6 10 13 18 7 12 9 29 34 20 47 31 15 27 17 -19 -20 22 26 37 40 24 45 61 -28 39 -30 -31 -32 -33 -34 -35 -36 -37 -38 -39 -40 -41 -42 42 43 -45 -46 -47 -48 -49 -50 53 52 -53 -54 54 -56 -57 -58 59 -60 -61 -62 -63
leaf_value=0.064461372709244347 -0.08192532944013585 0.05628019653152571 0.014940072894235669 0.072322468568548931 0.025527202074528268 -0.0047576235584636519 0.012990383158663047 0.034137795014018854 0.036384219381174088 -0.010424136043315138 -0.044097928564946751 0.02810344734052167 0.023654500972284095 0.007712766802453544 0.027454611442660804 0.056499565630304796 0.019832207829135931 -0.078922966611147713 -0.083483062784670825 -0.0019629293021300224 0.035712010892208615 0.05124765937134157 -0.014914633677873521 -0.029078307540679239 -0.01923906964470791 -0.021184421017495875 0.061132790084298776 0.021595757024423082 -0.033608895289848895 0.03988387380988264 0.057739549670095314 -0.068242659493292585 0.027973588463082229 -0.0042426536377365353 0.0012001385416748177 0.020481550060747252 -0.080531167062642184 0.010603687285793331 0.029592746304867856 0.036982281704632379 -0.079733373998017165 -0.033901609550199788 -0.026577259781392627 0.0048315844221808006 0.053267866007738175 0.016186535575148247 0.012204927668620483 0.0023460429819307047 0.025129344977531016 -0.0012385750805891636 0.0054870978133172293 -0.054041964473011551 0.040584953741615602 0.014588347427582877 0.040243705154512026 -0.012189420387233901 -0.021563222690347151 0.044791504795431987 0.047449865263720206 0.068842571149368065 -0.063614152161128978 -0.010781604495826939
leaf_weight=2259.91131869948 21709.561221537646 342.52897621598095 1398.1520236320794 175.6135013513267 110.04943359643221 3111.6666641142219 143.69831302016973 8155.1494150962681 1632.005537415389 424.88350281119347 113.53351376205683 499.22559820115566 714.81922420486808 13907.90320735611 1026.2027855291963 308.58219458162785 4485.2281498741359 40.876345957862213 76.28880075039342 1057.4266040213406 1016.5250517614186 2627.8120165467262 84.691300489008427 476.17110378667712 414.87710309401155 5773.0510373818688 3990.0107225179672 2815.9118207003921 27.163653661133139 122.79364890605211 970.61603577807546 39.205154930707067 185.21934393793344 155.18626470305026 1124.8079871479422 5922.7579908452462 19.204893987625837 120.28983886539936 474.73249615728855 1106.8738087713718 89.635636776685715 34.801251918077469 349.18358315527439 2815.0892764031887 147.78936120867729 854.9440334700048 363.81127589661628 817.39511415176094 907.64598729461432 1598.6003138590604 260.72347412630916 93.683871421962976 611.81055818498135 1171.9828653037548 308.84550426155329 363.18832654505968 216.16475759446621 326.04308510385454 1308.9344483464956 4204.2940683339257 15.700649373233317 1903.8579224883579
leaf_count=3964 131902 601 1930 392 189 6269 194 13142 3031 1060 316 810 1051 16550 1786 521 7123 538 576 1322 1820 5095 135 1386 1128 13514 7517 4595 132 218 1853 267 690 345 2315 8641 77 211 755 1923 130 41 410 3926 167 1582 688 1054 1369 2462 400 139 896 1790 435 528 268 555 2307 7502 28 3903
internal_value=-1.82736e-10 0.0206292 0.0124874 0.0503234 0.00420293 -0.003588 0.0231376 0.0188504 0.0539474 0.0462772 0.00639634 0.0492818 0.0306817 0.0110937 0.0323473 0.0353874 0.0211662 0.01852 -0.0129134 0.00794872 0.0540882 0.0434832 -0.00851286 -0.012496 -0.00168225 -0.0146108 0.0562585 0.0281661 0.0620933 0.000855327 0.0464713 0.00749926 0.0624071 0.0320164 -0.00295287 0.019116 0.0194043 0.0494686 0.0101333 0.0259373 -0.0482432 0.00908435 0.00329072 0.00136556 0.0366536 0.00630315 -0.00454811 0.012287 0.0126356 0.0101447 0.0207806 -0.0134642 0.0300973 0.00671563 0.0136112 0.00825331 -0.00567711 0.0631945 0.0582221 0.0671116 0.0354314 -0.0186045
internal_weight=107925 86215.8 67663.3 18552.5 38058.6 17862.5 29604.7 20200.9 17138.5 8826.95 1413.96 8279.27 9687.36 20196.1 9403.82 8005.67 4887.84 4545.31 12974.7 10513.5 6476.38 3774.3 1231.75 12898.4 2109.8 10788.6 5977.15 4231.37 8311.57 547.677 1987.14 13947.1 8284.4 1802.89 1238.34 6248.97 4504.43 2748.1 9281.78 3922.79 174.327 8807.04 3346.86 3164.27 182.591 1633.63 778.688 1532.21 5460.18 4552.53 1109.92 237.382 872.534 3442.62 1844.02 1535.17 326.214 8099.18 3568.85 4530.34 1647.71 7676.91
internal_count=276464 144562 109707 34855 63300 37385 46407 30346 31832 16682 3023 15404 15247 25915 16061 14131 8339 7738 29046 15099 12000 7092 1587 28470 4784 23686 11190 7039 15150 1278 3673 16817 15018 3404 2631 9098 7200 5306 13512 6518 265 12757 4544 4336 208 3398 1816 2105 8213 6844 1629 333 1296 5215 2753 2318 457 14328 6271 8057 3059 17417
is_linear=0
shrinkage=0.05


Tree=4
num_leaves=63
num_cat=0
split_feature=12 18 2 13 1 15 14 4 1 15 6 2 5 8 3 10 2 8 4 5 4 0 4 4 4 10 7 1 5 2 1 0 0 5 2 4 15 7 0 15 14 1 5 3 7 1 0 7 0 1 3 0 5 2 4 1 0 5 2 7 0 0
split_gain=57243.1 6376.76 1838.22 945.859 653.637 1294.22 462.985 346.159 276.967 658.482 268.591 240.11 203.694 172.999 201.812 142.595 125.108 124.71 115.718 110.154 108.95 101.775 99.8978 92.7146 90.2803 84.9309 80.7735 74.9823 78.7397 74.3367 73.0862 135.725 135.563 75.7097 72.813 86.5326 68.3639 66.0264 64.6442 64.5384 64.2402 117.015 63.7816 63.0869 87.7092 62.2407 264.999 72.2759 69.5573 97.4351 58.1069 56.54 55.277 54.5215 54.0856 52.9927 70.1569 52.1035 51.1539 96.3016 76.2507 48.9908
threshold=1.0000000180025095e-35 1.0000000180025095e-35 0.091654132977105854 1.0000000180025095e-35 0.13188405797101452 1.0000000180025095e-35 1.0000000180025095e-35 0.55743083797642634 0.12771739130434787 1.0000000180025095e-35 1.0000000180025095e-35 0.12409103529593216 0.38624262048725971 1.0000000180025095e-35 2.368528989683004 1.0000000180025095e-35 0.10343701039425564 1.0000000180025095e-35 0.79633851063981576 0.40747299658608382 0.79633851063981576 28.500000000000004 0.79633851063981576 0.52843847852678971 0.49870760959470661 1.0000000180025095e-35 0.01986169550556122 0.097619047619047633 0.52309690314722657 0.19925475533784112 0.10263157894736843 26.500000000000004 26.500000000000004 0.73148971006255792 0.14903800176067958 0.50525871272617529 1.0000000180025095e-35 0.0087829240588759867 30.500000000000004 1.0000000180025095e-35 1.0000000180025095e-35 0.063508064516129045 0.34630465854325226 4.9023791598846715 0.2596141293768176 0.070197044334975381 39.500000000000007 0.016487596394610435 33.500000000000007 0.097619047619047633 4.7511712420073335 30.500000000000004 0.22789998664364186 0.08587125543770581 0.36262578053759503 0.085144927536231887 42.500000000000007 0.44375039322090004 0.14903800176067958 0.45165684099042125 25.500000000000004 26.500000000000004
decision_type=2 2 2 2 2 2 2 2 2 2 2 2 2 2 2 2 2 2 2 2 2 2 2 2 2 2 2 2 2 2 2 2 2 2 2 2 2 2 2 2 2 2 2 2 2 2 2 2 2 2 2 2 2 2 2 2 2 2 2 2 2 2
left_child=1 3 4 6 5 15 11 8 9 13 -5 43 29 -4 19 -3 39 -14 50 -15 30 24 54 -10 -19 -16 -25 28 61 42 32 -32 -7 45 -11 37 -31 -36 58 -8 -12 -42 -13 52 -45 47 48 53 -47 -50 -17 -35 -1 -34 -6 56 -48 -56 -27 -60 -61 -18
right_child=-2 2 7 10 22 20 16 -9 23 34 40 12 17 14 25 18 27 21 -20 -21 -22 -23 -24 26 -26 38 -28 -29 -30 36 31 -33 33 51 35 -37 -38 -39 -40 -41 41 -43 -44 44 -46 46 55 -49 49 -51 -52 -53 -54 -55 57 -57 -58 -59 59 60 -62 -63
leaf_value=0.039349168844827406 -0.078245705622594933 0.052049538085900196 0.012967638897193198 0.068593861213815124 0.007366128481950617 -0.0033152685524626096 0.058079304968761902 0.0035445691613439664 0.03185090490363339 0.0051662904586979959 0.0033123270727238824 0.032881608443715404 0.024880476188601057 0.026736507278025037 0.05194505019912498 0.024807627046359679 -0.024953809156763596 0.03224704379085077 -0.075548883144180179 0.047715192920876372 -0.079309233650642602 0.05837935795492652 -0.054016929733913956 0.051041728000424738 0.051800040363145373 0.022621798530411685 -0.0095407411312416167 0.035177361554805164 -0.027212416971547727 0.027597988276701242 -0.034282477060987554 0.0027570338073797784 -0.026862681725330469 0.007230115161187935 0.018541161113404713 0.028740042855951345 -0.0098930870374040834 0.005509724053551936 0.033762832181319105 0.022587704612132053 -0.046556913969799524 0.028251484263058093 0.072176320734304092 0.036253182501990416 0.06170692166858837 -0.049273962878334882 -0.041108205274374345 -0.0047380804998584779 -0.039596264098764399 -0.00021618322693913261 0.012921183003627266 -0.01259972216410598 0.061591657584405393 -0.00094257237158904884 0.017840810365379694 0.023739283218391447 0.0073678132152750521 0.010238428380907286 0.016302583208510822 0.0075800655543385685 -0.069566274608705056 0.029370933157398554
leaf_weight=294.77951134298928 18975.432036844548 306.66412362921983 1360.3904495537281 148.32155649363995 9452.3500939132646 2667.0701740765944 199.28219494596124 2626.9313414972275 7159.6487522721291 4309.1361875897273 932.18665815144777 993.35144337732345 469.27366111055017 864.94841451197863 269.73288379609585 1671.5226602870971 56.849912509322166 941.53339028172195 33.675182254519314 2262.3993367180228 59.319070532452315 2776.2376228608191 60.904002252966166 71.051859734579921 1582.7146309558302 2032.5218677930534 243.83027681149542 132.63726345822215 239.44638072326779 340.0145794134587 289.26773745566607 1705.7684602425434 3295.5531353466213 463.59458796679974 1688.9667371902615 835.67937576770782 189.28436356037855 2289.8355857562274 990.89422195404768 358.53225415572524 181.50542715750635 73.417314428836107 115.24959961697459 708.4499870184809 648.00378845026717 307.80243341205642 91.904620192945004 488.37175542209297 319.94522814918309 308.5543095851317 2671.3191280551255 1600.3913181694224 5329.7590740429005 216.18642258644104 3249.1542477291077 350.14912719931453 397.25572935119271 7356.6986395511776 488.98744957894087 61.85033430531621 66.432208433747292 153.71339112706482
leaf_count=550 131902 601 1889 392 11334 5367 350 3633 12314 6759 1831 1986 810 1636 513 2926 166 1820 538 5027 576 6060 465 150 3310 3409 339 257 646 763 982 3802 6641 1158 2778 1405 409 3546 1893 971 707 93 246 1376 1166 1087 282 1016 1062 814 4274 4427 10584 294 4700 648 890 9416 930 116 70 362
internal_value=7.2408e-11 0.0181396 0.0110302 0.0455353 0.00379964 -0.00334362 0.0490077 0.0208103 0.0226248 0.0191872 0.00515599 0.0514383 0.045168 0.0292901 0.0324452 0.0190897 0.0183422 0.0495856 0.0167802 0.041913 -0.0117075 0.0517729 0.00992221 0.0306831 0.0445069 0.0248733 0.00412944 0.00213851 -0.00759946 0.0296064 -0.0113867 -0.00261346 -0.0130526 -0.0163652 0.00988769 0.0141135 0.0141907 0.0110415 0.0228676 0.0352673 -0.00277016 -0.0250122 0.0369667 0.0580917 0.0484129 -0.0193025 -0.011512 -0.0227606 -0.0298002 -0.0202631 0.0174962 -0.00814572 0.0604259 -0.025267 0.0101164 0.00888964 -0.00173998 0.0125675 0.0187933 0.00618716 -0.0323708 0.0147038
internal_weight=100827 81851.2 64986.7 16864.5 37363.4 17244.3 15529.1 27623.2 24996.3 17521.8 1335.43 14388.7 7407.66 8398.16 7037.77 4683.18 1140.46 5769.76 4376.52 3127.35 12561.1 5300.49 20119.1 7474.53 2524.25 3910.42 314.882 582.647 450.01 1637.9 12501.8 1995.04 10506.8 7839.71 9123.62 4814.48 529.299 3978.8 3640.69 557.814 1187.11 254.923 1108.6 6980.99 1356.45 5775.72 1775.61 4000.11 936.302 628.5 4342.84 2063.99 5624.54 3511.74 20058.2 839.309 489.16 10605.9 2649.79 617.27 128.283 210.563
internal_count=276464 144562 109707 34855 63300 37385 31832 46407 42774 29971 3023 29080 15404 15483 13594 8339 2752 12000 7738 6663 29046 11190 25915 12803 5130 6931 489 1431 1174 3404 28470 4784 23686 18319 14488 7729 1172 6324 6418 1321 2631 800 2232 13676 2542 12734 4783 7951 2963 1876 7200 5585 11134 6935 25450 1820 1172 14116 4525 1116 186 528
is_linear=0
shrinkage=0.05


Tree=5
num_leaves=63
num_cat=0
split_feature=12 18 2 13 1 15 14 4 1 15 8 6 2 8 3 5 2 10 4 5 0 4 4 4 10 2 10 2 1 0 0 9 8 16 1 0 4 5 2 7 1 0 0 3 0 0 5 5 3 2 5 3 4 3 5 0 3 0 0 1 3 7
split_gain=46201.2 5173.12 1506.88 778.084 514.794 1061.81 431.805 276.429 281.391 492.342 211.351 210.953 143.595 141.978 179.126 123.387 118.299 115.546 90.7149 90.2708 89.1827 85.245 84.4277 71.5358 68.3262 67.5271 72.1395 65.9932 61.9704 114.555 113.518 60.0062 58.3932 57.0946 55.6754 55.4263 54.7536 79.626 50.5903 46.8984 71.2788 108.616 59.9305 46.7243 45.0943 43.032 54.1545 48.102 65.4953 45.2169 45.3359 48.4397 43.0246 42.6474 42.5887 43.0798 71.7973 48.1006 65.0084 42.5413 41.6514 73.6995
threshold=1.0000000180025095e-35 1.0000000180025095e-35 0.093065394103881538 1.0000000180025095e-35 0.13188405797101452 1.0000000180025095e-35 1.0000000180025095e-35 0.55743083797642634 0.12771739130434787 1.0000000180025095e-35 1.0000000180025095e-35 1.0000000180025095e-35 0.12549865942864416 1.0000000180025095e-35 2.368528989683004 0.38624262048725971 0.10343701039425564 1.0000000180025095e-35 0.79633851063981576 0.40747299658608382 28.500000000000004 0.79633851063981576 0.49870760959470661 0.79633851063981576 1.0000000180025095e-35 0.012973982916405157 1.0000000180025095e-35 0.30664546620768618 0.10263157894736843 26.500000000000004 26.500000000000004 1.0000000180025095e-35 1.0000000180025095e-35 1.0000000180025095e-35 0.097619047619047633 27.500000000000004 0.33426807108567214 0.44066454303970887 0.30664546620768618 0.016051951096045767 0.10263157894736843 27.500000000000004 50.500000000000007 2.0861391240338611 17.500000000000004 28.500000000000004 0.34369863021653985 0.28825181470180611 2.5578083159716063 0.15322034900556522 0.45052902207475071 1.9825378173416264 0.50334509026934537 4.4311244509026855 0.6787926813096089 20.500000000000004 2.5268234082224574 25.500000000000004 27.500000000000004 0.070197044334975381 5.5080666146239938 0.010751978439674308
decision_type=2 2 2 2 2 2 2 2 2 2 2 2 2 2 2 2 2 2 2 2 2 2 2 2 2 2 2 2 2 2 2 2 2 2 2 2 2 2 2 2 2 2 2 2 2 2 2 2 2 2 2 2 2 2 2 2 2 2 2 2 2 2
left_child=1 3 4 6 5 17 10 8 9 13 25 -5 59 -4 19 27 31 -3 33 -15 22 28 43 36 -16 26 -1 44 29 -7 -30 -8 -13 53 -18 -26 37 -6 39 40 45 -42 -41 -17 -14 46 47 -11 -49 -47 -51 -52 -21 -19 55 56 -48 -57 -59 60 -12 -62
right_child=-2 2 7 11 23 21 16 -9 -10 38 12 32 15 14 24 20 34 18 -20 52 -22 -23 -24 -25 35 -27 -28 -29 30 -31 -32 -33 -34 -35 -36 -37 -38 -39 -40 42 41 -43 -44 -45 -46 49 54 48 -50 50 51 -53 -54 -55 -56 57 -58 58 -60 -61 61 -63
leaf_value=0.081831353911304527 -0.075182617925711417 0.048299418499083216 0.01125330415842545 0.065116223755850203 -0.00072315790623431631 -0.0029755992272764453 0.084270220751216846 0.0031123252930893869 0.029049654470595068 0.021807639612592876 0.057146219083078792 -0.039102319076832676 -0.0076995289834389151 0.024488593071272682 0.04800789891379327 0.041483941966714878 -0.0055103033083339324 0.023387937780302678 -0.072528691633186995 0.039249889792956995 0.054774870267129287 -0.07603805853893944 0.048528718575031701 -0.050071368126428477 0.01517147698471507 0.022980307715964821 -0.079024957799422618 -0.028453813726819301 -0.032593149132758174 -0.014990623378968832 0.0024793117014698966 0.0281158776671484 0.001006243552791888 -0.078041021970100474 0.031440170755564108 0.028148067754606668 0.010957691471824654 0.0093340053095777968 0.050422338512293476 0.0012371443035045738 -0.020085614683736545 0.032796768384280271 0.033998890056558151 0.018165100199872091 0.034980380376439836 0.0003890545949868919 0.028876114695321427 -0.0036682082268676207 -0.074497188894405958 0.0004709809431445938 0.029732322515532469 0.0070329235571595181 0.054824340027247592 0.012805383896944711 0.010125945062594649 0.042414012681479089 -0.052055670202550114 -0.0019788198756193242 0.057836316091767537 -0.045896970698619276 0.025373698056805706 0.056884521828277503
leaf_weight=82.37358063593274 16848.682045327034 284.89187868218869 1327.2273636013269 128.36511446908116 3069.9213253334165 2660.3103690380231 52.724169746041298 2488.2718817815185 6988.0463025476784 141.45582672022283 5171.8296082168818 99.46230997890234 65.429524723440409 801.51107559725642 235.80157406628132 392.17141379415989 513.39540691953152 1436.4323229156435 29.121292758150958 1361.9464963972569 2418.5528634786606 49.667451926856302 1413.2020613048226 51.761498431034852 2126.3174495697021 989.18000600114465 7.614358843304216 45.831133970990777 266.84518389054574 7801.4679587883875 1703.8464802778326 487.02864197269082 1035.5248868307099 16.07264893501997 127.20295244269073 1342.3657928183675 12023.904628829099 5483.45055758534 72.714689135551453 2529.1813393943012 113.64387719333172 666.92975512519479 147.74411071836948 475.01012647710741 1143.770994041115 1879.1632811017334 76.296905696392059 208.63909028470516 38.690978080034256 535.71154485270381 483.26236303895712 457.53825259953737 657.51728756725788 2823.1316077597439 646.94874664396048 427.94389168918133 42.763049051165581 168.93480911850929 62.130182817578316 10.358636379241942 301.27703769505024 483.12006883136928
leaf_count=199 131902 614 1874 392 3328 5397 117 3478 12710 240 11355 316 177 1630 502 920 1174 2687 538 3422 5977 576 3288 465 3622 1826 55 120 991 18438 3828 1204 2315 78 257 2618 15591 6687 165 4222 197 1099 276 864 2716 2919 130 295 82 847 913 750 1603 4645 951 836 84 273 106 25 576 982
internal_value=-1.9234e-11 0.0159995 0.00970793 0.0419626 0.00331957 -0.00310303 0.0453125 0.018961 0.0206363 0.0170843 0.0479417 0.00436255 0.0498599 0.0261608 0.0291929 0.0443664 0.0163567 0.0174611 0.0154202 0.0386859 0.0480862 -0.0106644 0.0409924 0.00863467 0.0219638 0.0267527 0.0682204 0.0304388 -0.0104032 -0.0119353 -0.00226974 0.0336011 -0.00250859 0.0160192 0.00182691 0.0201934 0.00878235 0.00572435 0.00889157 0.00854152 0.0110143 0.0250976 0.00304532 0.0287107 0.032671 0.00888771 0.0150926 -0.0014478 -0.0147483 0.00553383 0.0120816 0.018693 0.0443208 0.0163741 0.0196054 0.0274873 -0.000192348 0.032488 0.0141046 0.0553418 0.0555179 0.0447816
internal_weight=96021.6 79172.9 63729.5 15443.4 37700.8 17071.8 14180.1 26028.7 23540.4 16552.4 12999.7 1263.35 11920.6 7852.69 6525.46 5953.97 1180.35 4589.65 4304.76 2820.97 4698.94 12482.1 2280.38 20629 3704.48 1079.17 89.9879 1255.03 12432.5 10461.8 1970.69 539.753 1134.99 4275.64 640.598 3468.68 20577.3 8553.37 8699.69 8626.98 5950.05 780.574 2676.93 867.182 1209.2 5169.48 1813.8 388.786 247.33 3355.68 1476.51 940.801 2019.46 4259.56 1425.02 778.069 119.06 659.009 231.065 5966.59 5956.23 784.397
internal_count=276464 144562 109707 34855 63863 37792 31832 45844 42366 29656 29080 3023 27000 15271 13397 14062 2752 8562 7948 6655 11049 29230 5072 26071 6742 2080 254 3013 28654 23835 4819 1321 2631 7410 1431 6240 25606 10015 14385 14220 9722 1296 4498 1784 2893 8426 2997 617 377 5429 2510 1663 5025 7332 2380 1429 214 1215 379 12938 12913 1558
is_linear=0
shrinkage=0.05


Tree=6
num_leaves=63
num_cat=0
split_feature=12 18 2 13 1 15 14 4 1 15 8 6 2 10 5 3 8 2 10 5 10 2 7 4 0 3 3 5 1 0 2 10 9 2 1 0 1 0 1 0 8 2 1 3 5 4 3 9 7 4 0 4 16 6 3 5 7 15 0 3 7 3
split_gain=38144.4 4194.36 1182.16 654.68 480.702 903.399 360.025 221.423 224.492 384.018 193.437 170.196 124 120.832 115.557 110.607 120.222 103.152 91.8026 81.6569 76.601 72.7811 69.9883 67.6347 62.7732 61.66 62.5525 61.8769 58.5457 57.1578 56.7237 68.6073 55.6568 54.1621 52.9989 104.002 66.7611 101.06 65.6147 49.5272 47.1302 46.3391 45.7428 44.1275 54.5194 43.801 48.3331 48.6311 49.3906 43.3245 42.9516 41.6744 41.1224 40.9279 40.1563 39.1816 38.8811 38.7056 38.0437 37.9398 39.0991 37.7874
threshold=1.0000000180025095e-35 1.0000000180025095e-35 0.091654132977105854 1.0000000180025095e-35 0.11882352941176472 1.0000000180025095e-35 1.0000000180025095e-35 0.55743083797642634 0.12771739130434787 1.0000000180025095e-35 1.0000000180025095e-35 1.0000000180025095e-35 0.12549865942864416 1.0000000180025095e-35 0.38624262048725971 2.3440273904078679 1.0000000180025095e-35 0.10343701039425564 1.0000000180025095e-35 0.4137337214612587 1.0000000180025095e-35 0.013464647119892663 0.23631865088589765 0.79633851063981576 25.500000000000004 2.1107230787509121 0.79675231805619362 0.49127544506689713 0.10818713450292398 30.500000000000004 0.017094710445657569 1.0000000180025095e-35 1.0000000180025095e-35 0.27147367676320838 0.063508064516129045 32.500000000000007 0.093073593073593086 44.500000000000007 0.10818713450292398 19.500000000000004 1.0000000180025095e-35 0.37040436727039622 0.097619047619047633 1.7477335947463841 0.45052902207475071 0.43534932258522047 2.3440273904078679 1.0000000180025095e-35 0.014225769475573672 0.50334509026934537 23.500000000000004 0.50413874110461887 1.0000000180025095e-35 1.0000000180025095e-35 1.4603878729849085 0.75751814074226165 0.031446540880503117 1.0000000180025095e-35 23.500000000000004 4.6554072065732095 0.26796643642049217 1.9408137879919847
decision_type=2 2 2 2 2 2 2 2 2 2 2 2 2 2 2 2 2 2 2 2 2 2 2 2 2 2 2 2 2 2 2 2 2 2 2 2 2 2 2 2 2 2 2 2 2 2 2 2 2 2 2 2 2 2 2 2 2 2 2 2 2 2
left_child=1 3 4 6 5 18 10 8 9 13 30 -5 58 -4 33 16 28 32 -3 -18 22 -20 39 -6 -7 26 41 -27 -15 -17 31 -1 -8 -14 -26 38 37 -37 -36 -16 -13 -22 55 44 -23 -11 47 -47 -49 -21 53 -29 -52 -45 -41 -19 -34 -35 59 -12 -61 -10
right_child=-2 2 7 11 23 24 17 -9 61 45 12 40 14 15 20 29 19 42 21 49 25 43 -24 -25 34 27 -28 51 -30 -31 -32 -33 56 57 35 36 -38 -39 -40 54 -42 -43 -44 50 -46 46 -48 48 -50 -51 52 -53 -54 -55 -56 -57 -58 -59 -60 60 -62 -63
leaf_value=0.079145197326265307 -0.072596558522850338 0.045033951504220696 0.050532365362776333 0.062111953023386457 0.0081517049102999787 -0.0033692955799097834 0.083874853485119333 0.0031000794554008893 0.031355928161078871 -0.010948069501460251 0.049042908726370626 -0.036160787931696435 0.030630618609546398 0.013001849551470691 0.019047470501947772 0.013410356859332524 0.020481295976676681 0.00060787659627177656 -0.055460209201704497 0.03502155700367917 0.049693315117609431 0.0076415192660170168 0.013298476243059514 -0.049932384042999434 -0.015734373914539541 0.06579428196659734 0.057015775499323629 0.029842649328317813 -0.071336371213436722 0.026994730386378486 0.020586210695987726 -0.071066362954741114 0.032540193240177172 0.024153644030190283 -0.042134301023393023 -0.020503505625108383 0.0060522037212830384 0.0060811495664312718 -0.013271466033894747 0.012431180914706508 0.0008860859331640173 -0.062394569217855522 0.028863733890591926 0.018887364487833798 0.040769135014426604 0.032924314394593833 0.0040688716738712747 0.014741272735909189 0.0037626415042435394 0.052264715893777514 0.017234442655697606 0.052961297528502774 -0.074130902378201954 -0.00098181448882247828 0.050477011495337079 -0.039094140852562374 -0.008249242127087577 -0.040258935823792454 0.054466702458200525 0.015795730377335938 0.056302773602467965 0.023539273835372774
leaf_weight=74.225101160031045 15098.959179358091 254.64560143928975 393.04100014641881 113.19518497213721 20846.959219123237 2220.7649058166426 46.644307173788548 2538.7581235636026 2382.961788661778 294.81776554323733 1080.5846658498049 93.863621763885021 1083.0747756324708 629.86266613379121 200.64214478433132 3135.3018168378621 726.72638436406851 425.37851112894714 37.272821518476121 1134.6165290102363 17.688116580247879 200.01902581984177 288.25066089630127 50.23892879957566 5666.867198936874 208.2947715446353 1710.9272488206625 747.93604039866477 21.272124499082565 1028.3196284398437 950.12858251109719 8.4688994619064015 402.13055129069835 45.234801920130849 291.72581043263199 900.25518674217165 1157.4613750013523 592.93207879306283 605.82617959566414 76.709124647080898 1005.4578164508566 19.262299530208111 122.93212784640491 373.99294067220762 327.63122860365547 261.05987173318863 3325.2579023502767 2793.1295432671905 1617.8141873665154 536.55101849883795 2275.6828836647328 263.64625281840563 12.382595360279081 844.24709927476943 723.45203201472759 72.775377968326211 68.353587615303695 48.14529550075531 4057.5228271393571 192.24133935011923 86.322346225380898 4402.750987527892
leaf_count=206 131902 600 1000 392 27328 4730 117 3633 4768 488 2433 316 2722 873 384 5315 1538 984 344 3116 74 401 572 508 12258 605 4809 1740 26 2141 1810 64 1064 152 1250 3002 2782 1357 1780 178 2315 47 257 664 731 509 5684 5057 2750 1474 4059 641 74 1432 1999 190 140 139 9935 392 178 8035
internal_value=-1.20053e-11 0.0144011 0.00877189 0.0388744 0.00303955 -0.00355311 0.0421467 0.0171035 0.0186707 0.015421 0.0447198 0.00373398 0.0466881 0.0235351 0.041351 0.022064 0.0292995 0.0152832 0.0159097 0.0344732 0.0451844 0.014088 0.0350073 0.00801207 -0.0109154 0.0496048 0.0556257 0.0409779 0.0102466 0.0167654 0.0240431 0.0637617 0.031779 0.0274805 -0.0127339 -0.00794187 -0.00296059 -0.00994696 -0.0226526 0.0412599 -0.0022771 -0.00873824 0.00154852 0.0147306 0.0282113 0.00797859 0.00867632 0.0119556 0.0107146 0.0405577 0.012702 0.035868 0.01674 0.00511791 0.0468297 -0.0051922 0.0266142 -0.00905646 0.0520415 0.0448014 0.0283482 0.0262843
internal_weight=91213.6 76114.6 61881.1 14233.5 36658.9 15761.7 13021 25222.2 22683.5 15897.8 11882.8 1212.52 10849.9 7605.69 5433.26 7212.65 3049.03 1138.21 4325.87 2397.89 4256.81 4071.23 1289.05 20897.2 11435.8 2967.75 1747.88 1219.88 651.135 4163.62 1032.82 82.694 517.128 1176.45 9215.07 3548.2 2650.65 1493.19 897.552 1000.8 1099.32 36.9504 621.086 4033.96 527.65 8292.08 7997.26 4672 4410.94 1671.17 3506.31 1011.58 2288.07 1218.24 800.161 498.154 470.484 93.3801 5416.67 1359.15 278.564 6785.71
internal_count=276464 144562 109707 34855 63300 35464 31832 46407 42774 29971 29080 3023 27000 15483 14062 14483 7027 2752 8305 6128 11049 7705 3133 27836 27159 7916 4930 2986 899 7456 2080 270 1321 3013 22429 10171 7141 4359 3030 2561 2631 121 1431 7361 1132 14488 14000 8316 7807 4590 6229 2381 4133 2096 2177 1174 1204 291 12938 3003 570 12803
is_linear=0
shrinkage=0.05


Tree=7
num_leaves=63
num_cat=0
split_feature=12 18 2 13 1 15 14 4 1 15 8 6 0 3 8 1 0 2 10 2 5 4 5 15 3 10 2 10 16 0 3 2 16 3 5 5 1 0 0 1 0 5 0 1 4 15 7 15 0 1 5 0 8 5 2 0 2 4 5 5 5 0
split_gain=31945.1 3430.96 956.261 561.395 450.718 681.978 309.26 189.001 189.566 319.933 181.712 141.659 108.228 106.312 109.418 84.0143 82.4327 79.1583 78.691 71.3154 83.3894 64.5793 61.1952 60.1221 74.975 52.5469 50.9383 127.325 46.737 45.9184 45.301 45.1392 43.0642 44.9748 50.3087 52.2903 42.6141 239.138 75.0421 69.7774 53.6707 48.9716 43.4305 55.5727 42.4279 42.2717 41.6729 41.3855 40.1204 43.0098 39.272 51.166 38.7367 37.6949 71.07 51.0376 36.7753 36.1559 85.7869 69.3466 46.3816 36.0791
threshold=1.0000000180025095e-35 1.0000000180025095e-35 0.091654132977105854 1.0000000180025095e-35 0.15192307692307697 1.0000000180025095e-35 1.0000000180025095e-35 0.55743083797642634 0.12771739130434787 1.0000000180025095e-35 1.0000000180025095e-35 1.0000000180025095e-35 23.500000000000004 2.4228108170870679 1.0000000180025095e-35 0.10263157894736843 26.500000000000004 0.12259305778258041 1.0000000180025095e-35 0.1364432339777851 0.38624262048725971 0.79633851063981576 0.40747299658608382 1.0000000180025095e-35 1.812654099256348 1.0000000180025095e-35 0.099878027367903813 1.0000000180025095e-35 1.0000000180025095e-35 25.500000000000004 4.6554072065732095 0.011004308532550565 1.0000000180025095e-35 2.1594921851073061 0.49762333284668869 0.56494760538834832 0.093073593073593086 27.500000000000004 33.500000000000007 0.10818713450292398 26.500000000000004 0.34630465854325226 45.500000000000007 0.07417582417582419 0.79633851063981576 1.0000000180025095e-35 0.011941277262971116 1.0000000180025095e-35 27.500000000000004 0.11882352941176472 0.67134596533217328 25.500000000000004 1.0000000180025095e-35 0.52309690314722657 0.13800737554482215 28.500000000000004 0.010520050008132604 0.33730997216726577 0.35815697736813412 0.49127544506689713 0.67506858826776817 20.500000000000004
decision_type=2 2 2 2 2 2 2 2 2 2 2 2 2 2 2 2 2 2 2 2 2 2 2 2 2 2 2 2 2 2 2 2 2 2 2 2 2 2 2 2 2 2 2 2 2 2 2 2 2 2 2 2 2 2 2 2 2 2 2 2 2 2
left_child=1 3 4 6 5 18 10 8 9 13 31 -5 26 14 -4 16 -7 47 -3 -14 23 -20 -16 -21 -25 -15 30 -28 -29 -27 -12 -1 33 -22 -35 -36 40 46 39 -39 41 -11 -42 -44 57 -19 -38 -8 49 -17 -43 61 -13 55 -55 -47 -18 59 -59 -6 -61 -52
right_child=-2 2 7 11 44 15 17 -9 -10 36 12 52 19 25 22 48 56 45 21 20 32 -23 -24 24 -26 29 27 28 -30 -31 -32 -33 -34 34 35 -37 37 38 -40 -41 42 50 43 -45 -46 53 -48 -49 -50 -51 51 -53 -54 54 -56 -57 -58 58 -60 60 -62 -63
leaf_value=0.06373603422014705 -0.070389596772192517 0.042177421586143897 0.010507466412935162 0.059575647241334566 0.016930786844551418 -0.003337008691808824 0.047130891960965454 0.0026544731188271162 0.02420482337858065 -0.0022128421399958747 0.050539642080736871 -0.033809012944081188 0.051378723152212757 0.041784443862167467 0.021359821169646936 -0.033540819492365058 -0.065385638334157656 -0.014525975269630155 0.012817908010978228 0.037793566329537259 0.051061154605112624 -0.069061157283727234 0.038321075192020118 -0.020584792838423051 0.03328873436628986 0.0096202012817372291 0.01631412437856854 0.044773725056299507 -0.079622493214104431 0.020525396911958222 0.026395403783471702 0.01864294395440386 -0.014425281530661178 0.063137749173746024 0.0077705831307423104 0.03922014834508078 -0.010454308313667053 -0.017394540142807804 0.033810994726145384 0.01912320221339233 -3.0236720743123969e-05 0.025146104763713206 0.0043089266051942465 0.032021211960992946 -0.043020096152884636 -0.032223079881737407 -0.054055884996871875 0.017818679361454742 0.002892415481789464 -0.0046751295487428108 0.024900018196982787 0.037512208621949185 0.00054578649488566135 -0.054284316211418528 0.019299876036717022 0.046167629376962241 -0.013398671667997925 -0.0017163314752284952 0.0087333968265646874 0.00030165377563622038 0.010683641618099059 -0.0045288996068743393
leaf_weight=59.02863965567667 13612.370229606982 233.37664698343724 670.39435858279467 101.1500537879765 2911.4921924551018 2621.4802662695292 178.30194806680083 2528.0300605148077 6560.4557803738862 435.9447125075385 742.97879567742348 89.540627114474773 4090.5360061889514 192.34438348561525 760.12237371131778 160.62255148310214 34.173411365656648 252.91968036349863 4146.4477186370641 389.00429102918133 1634.4174369983375 24.222399522783235 1770.3522271215916 127.6151798851788 130.74726706184447 1953.9365138709545 848.23791054962203 846.34369599120691 7.618659794330596 1907.7928518820554 263.06347937043756 927.76029972359538 29.622980251908302 149.76702453941107 177.49739746376872 517.557786680758 101.05408739857376 168.95612611621618 681.70024194568396 579.41753164306283 3641.9069997067563 720.97353342548013 622.68047437816858 254.98993236199021 40.51498105895007 25.325621664524078 119.73011916689575 370.92590358294547 1906.9918547470588 656.42011614469811 135.79403293132782 125.61748087406158 981.03618615772575 47.892293240875006 104.22392918542027 115.26443927921355 7475.9105452321819 2526.6812260076404 8820.0884958151728 1631.9047638103366 3156.8284011799842 446.88407507911325
leaf_count=229 131902 601 962 392 4019 5469 401 3633 12803 729 1795 316 10980 495 1693 637 299 661 7238 1175 5182 538 5252 344 293 3339 1865 2405 15 3742 570 1851 55 503 460 1358 189 343 1271 1072 6357 1497 1140 468 446 41 272 1043 4002 1460 221 169 2315 176 186 244 18390 3062 11388 1780 3971 760
internal_value=2.13964e-12 0.0129597 0.00793637 0.0360547 0.00279778 -0.00305747 0.0392708 0.0155976 0.017095 0.0140445 0.041806 0.00301626 0.0438347 0.0216562 0.0284679 -0.00887474 -0.0109706 0.0139344 0.0139234 0.0470218 0.0413751 0.0123424 0.0332261 0.0253756 0.00667852 0.0162781 0.0353067 0.030035 0.0436639 0.0150076 0.0442263 0.0213404 0.0455034 0.0462195 0.0368526 0.0311888 0.00717234 0.014333 0.0218103 0.0108788 0.00532087 0.0124568 0.0023759 0.0123602 0.00809232 0.000445763 -0.0340992 0.0273346 -0.00107945 -0.0103498 0.0169312 0.00856926 -0.00232757 0.0133824 -0.00386738 0.0320465 -0.0136352 0.00820104 0.00640647 0.0108455 0.00714567 0.00232956
internal_weight=87547 73934.6 60726.2 13208.4 36347.2 17259.6 12036.7 24379.1 21851 15290.6 10941.8 1171.73 9955.01 7254.94 3200.87 12855.6 10131.6 1094.85 4404.05 7246.77 3156.23 4170.67 2530.47 647.367 258.362 4054.07 2708.24 1702.2 853.962 3861.73 1006.04 986.789 2508.86 2479.24 844.822 695.055 8035.65 1650.86 1430.07 748.374 6384.79 1865.21 4519.58 877.67 19087.5 545.626 220.784 549.228 2724.03 817.043 1429.27 708.296 1070.58 292.706 152.116 140.59 7510.08 19047 11346.8 7700.23 4788.73 582.678
internal_count=276464 144562 109707 34855 63300 38634 31832 46407 42774 29971 29080 3023 27000 15483 7907 30257 24158 2752 8377 20350 9370 7776 6945 1812 637 7576 6650 4285 2420 7081 2365 2080 7558 7503 2321 1818 14488 3147 2686 1415 11341 3376 7965 1608 24666 1308 461 1444 6099 2097 2647 1150 2631 647 362 285 18689 24220 14450 9770 5751 981
is_linear=0
shrinkage=0.05


Tree=8
num_leaves=63
num_cat=0
split_feature=12 18 2 13 1 15 14 8 4 1 15 6 0 10 3 8 2 10 4 5 2 5 2 2 10 16 15 1 0 1 16 2 0 4 0 1 0 5 3 5 0 5 4 5 1 0 5 5 0 1 5 1 1 2 10 4 2 1 1 14 10 15
split_gain=27102.8 2839.21 811.965 483.566 398.402 616.283 262.929 164.306 159.261 166.218 260.523 119.728 101.444 91.271 76.0827 81.3836 71.4202 65.3938 62.948 59.8125 56.4454 65.7072 53.8603 49.5627 73.6686 48.8715 44.3662 43.5935 152.775 56.8495 41.3664 40.794 38.1386 37.9685 37.9666 37.9264 37.4518 39.492 36.5866 43.4132 36.5179 68.9163 69.576 64.3647 57.1899 70.6959 49.5413 40.6057 38.0039 49.1489 50.1685 45.7998 36.8928 36.4297 42.8463 35.8962 35.8782 35.0822 34.6342 51.813 52.0331 41.7907
threshold=1.0000000180025095e-35 1.0000000180025095e-35 0.091654132977105854 1.0000000180025095e-35 0.13188405797101452 1.0000000180025095e-35 1.0000000180025095e-35 1.0000000180025095e-35 0.55743083797642634 0.12771739130434787 1.0000000180025095e-35 1.0000000180025095e-35 23.500000000000004 1.0000000180025095e-35 2.3964691773354523 1.0000000180025095e-35 0.10343701039425564 1.0000000180025095e-35 0.79633851063981576 0.40747299658608382 0.1364432339777851 0.38624262048725971 0.013464647119892663 0.07258388220740962 1.0000000180025095e-35 1.0000000180025095e-35 1.0000000180025095e-35 0.10263157894736843 29.500000000000004 0.11882352941176472 1.0000000180025095e-35 0.27147367676320838 30.500000000000004 0.79633851063981576 25.500000000000004 0.10818713450292398 26.500000000000004 0.82289303088020149 2.1594921851073061 0.49762333284668869 23.500000000000004 0.52309690314722657 0.57649770559291291 0.47205925314072572 0.085144927536231887 38.500000000000007 0.2352264598670197 0.81103601961892513 26.500000000000004 0.10818713450292398 0.75751814074226165 0.051315789473684217 0.11882352941176472 0.012973982916405157 1.0000000180025095e-35 0.49870760959470661 0.081086709515742858 0.097619047619047633 0.093073593073593086 1.0000000180025095e-35 1.0000000180025095e-35 1.0000000180025095e-35
decision_type=2 2 2 2 2 2 2 2 2 2 2 2 2 2 2 2 2 2 2 2 2 2 2 2 2 2 2 2 2 2 2 2 2 2 2 2 2 2 2 2 2 2 2 2 2 2 2 2 2 2 2 2 2 2 2 2 2 2 2 2 2 2
left_child=1 3 4 6 5 17 7 53 9 10 13 -5 23 -4 15 35 26 -3 40 -17 -14 31 -19 -9 -25 55 -8 36 29 -29 38 -22 -16 -6 -31 -15 -12 -38 -23 -40 41 46 47 44 56 52 -7 -43 49 50 -45 -50 -46 54 -1 -26 -42 -18 59 60 -13 -61
right_child=-2 2 8 11 33 18 16 12 -10 -11 27 58 20 14 32 19 57 22 -20 -21 21 30 -24 24 25 -27 -28 28 -30 34 -32 -33 -34 -35 -36 -37 37 -39 39 -41 43 42 -44 48 45 -47 -48 -49 51 -51 -52 -53 -54 -55 -56 -57 -58 -59 -60 61 -62 -63
leaf_value=0.070917699958289018 -0.068500604296112363 0.039772659936520328 0.045743073080337947 0.057546976264371913 0.0072877308263757309 -0.02230396009403024 0.049581819106876091 0.045456218275549111 0.0025376687544002028 0.022659989567709499 0.011424201658275398 0.016762854651876363 0.048510905860588427 0.011244873255703041 0.011315318382141185 0.017461192070592081 -0.005223521834728225 -0.054132655715960758 -0.071615690693284703 0.035365494455439052 0.028751622290754952 0.048456643105738884 0.01200865608895312 0.019286055731842319 0.027075403293058471 -0.079499455308873868 0.017041921447232624 -0.039044101843031649 0.029842487151074348 -0.028526728551379599 -0.016465316625844977 -0.015217646529158413 0.023086561177239166 -0.042107475594757658 0.015958904999765974 -0.06843301031841513 0.0033623082140986113 -0.038758838831059857 0.061008930064956668 0.029689348852862309 -0.019712364406082476 -0.015521539606996411 0.0057550930086372699 -0.0022189560155972928 -0.017963697867832588 0.016060963018453733 0.017375544999227426 -0.05056633127886228 -0.012617704984245271 -0.024961147715232217 0.026601477426505676 -0.0032104944426614283 0.0042593758458460088 0.016893921753358233 -0.072865604189671376 0.046991624781611813 0.00066026740016551799 0.025254741179386947 0.06198904604802831 -0.047401006471255995 -0.0086248349848193333 -0.0007715029801364055
leaf_weight=54.179520085381228 12332.513334089424 215.42371448781341 327.78901707008481 90.842440698295832 20229.116318759508 92.895507826469839 151.25943049415946 590.61162128299475 2501.1005688384175 6321.8920930344611 1736.7752866651863 343.70469839125872 3754.2622621727642 624.9878037571907 2898.678211081773 685.09221996366978 455.60221256315708 31.016321474220604 40.270787237095647 1461.6991878151894 539.48507895134389 1476.2855975739658 4032.881757825613 986.02602042397484 357.38930642325431 8.678050220012663 340.68588189966977 117.14868927001953 688.81174199283123 66.608620815910399 28.808103449642658 58.469032054767013 902.31288443692029 38.978878993657418 171.33387949317694 15.300676017999647 4837.8141349628568 56.295478537678719 133.55221382156014 645.06032392475754 2923.3947185752913 387.42742726579309 367.28690154431388 368.49196578003466 708.03523531951942 290.03463486814871 513.46669185906649 105.07455540448427 2732.5029895552434 123.23808891233057 255.82902251556516 2457.4454026566818 253.66289232950658 895.14349828474224 5.7291664476506403 616.5379077270627 233.36221299599856 119.09694252535701 20.544547785073519 108.69964830204844 488.91830046474934 86.119620381854475
leaf_count=199 131902 601 1000 392 25450 194 350 1460 3633 12803 3383 699 10980 903 5169 1545 1174 346 576 4778 1598 5182 7392 2290 984 18 971 285 1352 159 55 214 2062 465 333 26 8862 114 503 1818 6070 653 735 1014 2411 613 1162 150 6474 486 646 6751 680 1826 55 1898 431 257 44 626 1131 131
internal_value=-8.50532e-11 0.0117056 0.00719821 0.0335258 0.00252598 -0.00333738 0.0366776 0.0391592 0.0144618 0.015888 0.0129537 0.00248234 0.0412094 0.019992 0.0187108 0.0249857 0.013063 0.0129269 -0.00920962 0.0296518 0.0444708 0.0392073 0.0115039 0.0327527 0.0289415 0.0386306 0.027047 0.00661147 0.0161088 -0.0105319 0.0430707 0.0244522 0.0141097 0.00719274 0.00350578 0.00934085 0.00511629 0.0028778 0.0438313 0.0350615 -0.00899686 -0.00161178 -0.0107153 -0.0100434 -0.0146202 -0.00557647 0.0112966 -0.0229983 -0.0066452 0.00389481 0.00959084 -0.00816338 -0.012102 0.0194202 0.0571675 0.0396832 -0.0182063 0.0010926 -0.00229082 -0.00357614 0.00185514 -0.0267885
internal_weight=84501.7 72169.2 59813.5 12355.7 36399.8 16131.7 11216.9 10150.2 23413.6 20912.5 14590.6 1138.83 9195.17 6915.86 6588.07 2787.08 1066.64 4279.32 11852.4 2146.79 6635.92 2881.66 4063.9 2559.24 1968.63 982.605 491.945 7674.79 1043.9 355.091 2283.71 597.954 3800.99 20268.1 237.943 640.288 6630.88 4894.11 2254.9 778.613 11812.1 1466.15 859.789 10346 4408.49 1251.73 606.362 492.502 5937.51 747.559 624.321 5189.95 961.698 955.052 59.9087 973.927 3156.76 574.699 1047.99 1027.44 832.623 194.819
internal_count=276464 144562 109707 34855 63300 37385 31832 29080 46407 42774 29971 3023 27000 15483 14483 7252 2752 8339 29046 6323 20350 9370 7738 6650 5190 2900 1321 14488 2129 777 7558 1812 7231 25915 492 929 12359 8976 7503 2321 28470 2894 1538 25576 10205 3704 1356 803 15371 2146 1660 13225 3091 2080 254 2882 6501 1431 2631 2587 1830 757
is_linear=0
shrinkage=0.05


Tree=9
num_leaves=63
num_cat=0
split_feature=12 18 2 13 1 15 14 8 4 1 15 6 0 3 4 4 8 2 10 4 4 5 15 0 5 1 0 2 4 10 4 10 6 16 5 4 1 0 4 16 0 8 10 5 7 1 2 5 16 0 4 1 3 4 5 0 3 5 15 7 0 1
split_gain=23234.9 2362.69 686.715 427.543 372.686 546.754 225.449 146.983 135.376 147.887 230.167 102.372 88.5627 74.0717 71.3521 91.0569 70.3179 64.7188 59.9925 57.626 48.4052 41.6771 39.3677 38.5335 123.091 47.9986 64.9075 36.7291 36.6333 36.2833 32.1539 31.9962 54.691 32.1289 31.5844 40.0465 38.6792 31.5563 62.7278 33.6516 31.0047 30.3871 30.3108 30.222 39.9043 29.3804 28.9358 53.869 31.5773 27.9158 27.2709 27.0174 26.685 26.6612 26.1316 41.8387 30.55 25.563 25.3764 25.352 28.5284 25.3635
threshold=1.0000000180025095e-35 1.0000000180025095e-35 0.094615185079023029 1.0000000180025095e-35 0.13188405797101452 1.0000000180025095e-35 1.0000000180025095e-35 1.0000000180025095e-35 0.55743083797642634 0.11651583710407241 1.0000000180025095e-35 1.0000000180025095e-35 27.500000000000004 2.3964691773354523 0.47011194780129634 0.49870760959470661 1.0000000180025095e-35 0.10343701039425564 1.0000000180025095e-35 0.79633851063981576 0.79633851063981576 0.40747299658608382 1.0000000180025095e-35 23.500000000000004 0.54049073347574217 0.10263157894736843 26.500000000000004 0.017094710445657569 0.38354487699524692 1.0000000180025095e-35 0.79633851063981576 1.0000000180025095e-35 1.0000000180025095e-35 1.0000000180025095e-35 0.49442952551741309 0.26121393445439384 0.27922077922077926 23.500000000000004 0.4856322350181782 1.0000000180025095e-35 25.500000000000004 1.0000000180025095e-35 1.0000000180025095e-35 0.52622768949837739 0.0078212290502801141 0.097619047619047633 0.1364432339777851 0.34630465854325226 1.0000000180025095e-35 30.500000000000004 0.50185284582746348 0.070197044334975381 4.8352658366695156 0.68082273625320655 0.64866800770653466 25.500000000000004 10.335750259605398 0.75751814074226165 1.0000000180025095e-35 0.0015974440894568926 31.500000000000004 0.11882352941176472
decision_type=2 2 2 2 2 2 2 2 2 2 2 2 2 2 2 2 2 2 2 2 2 2 2 2 2 2 2 2 2 2 2 2 2 2 2 2 2 2 2 2 2 2 2 2 2 2 2 2 2 2 2 2 2 2 2 2 2 2 2 2 2 2
left_child=1 3 4 6 5 18 7 27 9 10 13 -5 14 16 -9 -16 -4 22 -3 23 37 -18 -8 24 28 -25 -27 29 -7 -1 34 32 -17 -33 36 -36 -6 38 -20 54 -38 -13 -15 44 52 57 51 58 50 -44 -49 -14 -40 -34 56 -56 -39 -19 -48 -28 61 -61
right_child=-2 2 8 11 30 19 17 12 -10 -11 -12 41 46 42 15 31 21 45 20 -21 -22 -23 -24 25 -26 26 59 -29 -30 -31 -32 33 53 -35 35 -37 40 39 43 -41 -42 -43 49 -45 -46 -47 47 48 -50 -51 -52 -53 -54 -55 55 -57 -58 -59 -60 60 -62 -63
leaf_value=0.070872088988098089 -0.066868075740446897 0.038222164803782877 0.010230598537818401 0.055834353949049488 0.0018413725870266241 -0.026290593913172303 0.047583879955497704 0.049720788089002071 0.0021237387984227238 0.021015298922839154 0.0054977758291059921 -0.031384009483647141 0.04709544986312935 0.035630329496897213 0.019114329076897769 0.0089893378680162266 0.019043850543733445 -0.00049937857460360014 0.025080688548901404 -0.070517444655304684 -0.065959226787475164 0.03412349541749423 0.016422110963110331 -0.011080271498969358 0.011941974002069727 -0.029930819321887511 -0.021564054396702805 0.015326741668780142 -0.0050294669036777626 -0.061843130005995832 -0.040056536840443656 0.043156517392626159 0.030725488098892879 -0.037494490507158772 0.025481618680458808 0.0081836324733178863 -6.5053695436295372e-05 0.0092129362639235372 0.019672751372373596 -0.072794458267390325 0.011098221294527194 0.00040415714508646935 0.010587283159693059 -0.0071180248221602155 0.025834575141750665 0.023105176007308305 0.032953235756015768 0.038317334919713161 -0.015798654938267584 0.021251243634571558 0.051554772489638703 -0.04653745927668456 -0.01180275353180895 0.052013756224316136 0.041219316019712321 0.015854670556829452 0.041772556209718453 -0.036962921004243712 0.0051906909456004161 -0.012394322467381799 0.010085518064838928 0.0056119810742338693
leaf_weight=49.990629643056309 11213.285842751618 206.42751219402999 628.6804424226284 82.349724508821964 4976.4999510804191 391.3292004223913 145.20277183875442 557.85633000358939 2333.178460537456 6532.3269167151302 6897.4233556967229 81.442363388836384 2689.3317689262331 155.04991407692432 1158.6084988284856 236.45138407824561 674.45887066051364 393.5414220886305 314.18608229607344 37.486601851414889 20.537482008570805 1429.0180940255523 335.61489931680262 8724.5369123490527 850.16317629627883 187.81276796152815 114.35633264947683 867.98077311180532 420.09753518784419 5.7414630507118991 36.362835395964794 1122.0480196629651 528.84162736404687 12.485959373414515 344.74678373057395 11357.029567955993 798.04031833074987 1572.0440499521792 96.677713118493557 11.059547342360018 2819.5099539794028 977.60125077655539 2673.9775625485927 665.40626728907228 209.74514920637012 117.82166329026222 183.9208031706512 1021.0211127186194 22.868313103914261 796.49683862738311 628.61589645221829 7.72632011771202 221.88993857055902 203.73603872209787 202.71160604804754 821.1586775071919 75.503224201500416 54.752758469432592 148.98477384448051 406.42137395869941 714.50261662714183 376.96211904380471
leaf_count=206 131902 626 931 392 6170 660 350 1672 3347 13674 13296 316 8569 485 2977 542 1635 984 557 580 538 5100 971 21236 1481 820 285 1810 802 64 465 3789 1553 30 547 14549 1073 2832 169 77 3415 2315 4908 1166 363 257 669 3704 46 1912 2410 25 383 595 303 1614 143 190 419 1286 1456 823
internal_value=-1.62219e-12 0.0106013 0.00654637 0.0311968 0.00237728 -0.00317154 0.034358 0.0367979 0.0135148 0.0148579 0.0118234 0.00213516 0.0388513 0.0186861 0.0331961 0.0303703 0.0249031 0.0123434 0.0119048 -0.00861978 0.0106147 0.0292884 0.0258327 -0.00842937 -0.00135323 -0.00954653 -0.00211275 0.0178532 -0.0152831 0.0571999 0.00691874 0.0365699 0.0298975 0.0422689 0.0070029 0.00869325 0.0047013 0.01099 0.00520278 0.0142431 0.00863558 -0.00204041 0.0140011 -2.90664e-05 0.00889943 0.000886642 0.0434452 0.0388967 0.0425527 0.0130347 0.0433616 0.0468272 -0.00225069 0.0366459 0.0146035 0.0208765 0.0107051 -0.00495288 0.0205287 0.00112783 0.00286024 -0.00372974
internal_weight=81941.6 70728.4 59093.8 11634.5 36973.2 16641 10493.1 9446.21 22120.6 19787.4 13255.1 1141.39 8522.5 6357.68 3820.03 3262.17 2732.16 1046.93 4417.35 12223.7 4210.92 2103.48 480.818 12186.2 1661.59 10524.6 1800.06 923.713 811.427 55.7321 20332.2 2103.56 969.029 1134.53 20295.8 11701.8 8594.05 4190.38 1507.91 2682.48 3617.55 1059.04 3625.52 1193.72 528.313 566.116 4702.47 2005.41 1672.51 3470.47 1649.64 2697.06 318.568 732.578 2671.42 1023.87 1647.55 448.294 332.906 1612.24 1497.89 783.383
internal_count=276464 144562 109707 34855 64419 38200 31832 29080 45288 41941 28267 3023 27000 14971 11158 9486 7666 2752 8771 29429 8145 6735 1321 28849 2943 25906 4670 2080 1462 270 26219 6509 2690 3819 25754 15096 10658 7607 2638 4969 4488 2631 7305 2081 915 1431 15842 7248 6160 6820 6114 8594 552 2148 4892 1917 2975 1174 1088 3850 3565 2109
is_linear=0
shrinkage=0.05


Tree=10
num_leaves=63
num_cat=0
split_feature=12 18 2 13 1 15 14 8 1 15 6 2 0 4 10 0 2 5 1 0 5 4 10 4 4 3 2 11 3 8 1 0 1 3 5 2 0 5 5 4 4 4 0 0 3 4 15 5 7 8 5 8 3 7 4 0 4 7 1 0 1 0
split_gain=20077.9 1969.89 575.328 374.226 350.505 407.121 190.705 131.46 126.368 277.831 88.5754 84.8022 81.2843 81.0759 69.329 57.1034 56.4652 54.256 52.8461 53.4068 49.579 48.7037 47.0265 43.9442 41.2332 37.8502 35.1951 35.0467 33.9416 33.3248 33.1759 82.4093 41.2826 31.6516 30.3826 30.2813 29.8574 65.7394 45.5557 55.1029 31.9133 30.8226 34.0556 29.0371 28.8013 28.7091 27.1153 27.0136 26.6263 26.4273 26.2715 25.7142 25.4986 44.7944 25.3959 30.4718 27.0836 25.6291 24.1779 48.1458 23.4248 116.795
threshold=1.0000000180025095e-35 1.0000000180025095e-35 0.091654132977105854 1.0000000180025095e-35 0.15192307692307697 1.0000000180025095e-35 1.0000000180025095e-35 1.0000000180025095e-35 0.11651583710407241 1.0000000180025095e-35 1.0000000180025095e-35 0.12259305778258041 31.500000000000004 0.53488520511823789 1.0000000180025095e-35 31.500000000000004 0.12259305778258041 0.38624262048725971 0.11324786324786326 24.500000000000004 0.51074019653773217 0.49870760959470661 1.0000000180025095e-35 0.60496282262992185 0.79633851063981576 2.4738081171341491 0.011004308532550565 1.0000000180025095e-35 3.2229554331968049 1.0000000180025095e-35 0.063508064516129045 32.500000000000007 0.10818713450292398 2.0861391240338611 0.24318403434970828 0.30664546620768618 30.500000000000004 0.51983327473027352 0.52309690314722657 0.34142322316127588 0.64689781423172887 0.67063818986037682 27.500000000000004 32.500000000000007 1.0991042848040917 0.55743083797642634 1.0000000180025095e-35 0.47205925314072572 0.0069070189064211968 1.0000000180025095e-35 0.78439194039366955 1.0000000180025095e-35 5.0290879645695972 0.26368680250513188 0.50302072940323461 49.500000000000007 0.27240090112754239 0.40771281016495903 0.093073593073593086 42.500000000000007 0.093073593073593086 29.500000000000004
decision_type=2 2 2 2 2 2 2 2 2 2 2 2 2 2 2 2 2 2 2 2 2 2 2 2 2 2 2 2 2 2 2 2 2 2 2 2 2 2 2 2 2 2 2 2 2 2 2 2 2 2 2 2 2 2 2 2 2 2 2 2 2 2
left_child=1 3 4 6 5 22 7 26 9 14 -5 52 17 -10 -4 25 28 35 19 -7 -6 33 -3 34 -24 29 -1 -14 -8 -16 36 32 -32 -19 -15 -13 37 41 39 43 -40 42 44 -38 -21 60 49 -35 -48 -18 -36 -12 -9 -54 56 -56 -22 -57 59 -33 -11 -62
right_child=-2 2 8 10 20 18 16 11 13 45 51 12 27 23 15 -17 46 21 -20 30 54 -23 24 -25 -26 -27 -28 -29 -30 -31 31 58 -34 47 50 -37 38 -39 40 -41 -42 -43 -44 -45 -46 -47 48 -49 -50 -51 -52 -53 53 -55 55 57 -58 -59 -60 -61 61 -63
leaf_value=0.060454228301486959 -0.065439112302234967 0.034707828871519637 0.041389089950165762 0.054130893835055753 0.0097788616439086831 -0.0015629045352131129 0.019650873791195921 0.043916685562860817 0.019909485151745222 0.0033368305908119547 -0.029643157938673018 0.015808107262810345 0.042123957473236801 0.038488236430715861 0.0079415861240622106 0.024818975730558926 -0.071426469204751139 0.032604177027251179 0.0010466534544297512 -0.01220171140203676 -0.0040481124314774245 0.036821017392116032 0.009306217278849652 0.030070774219764698 -0.064348155773477522 0.0096202443114053529 0.014153662203992407 -0.0013118412418253872 0.067548990324747607 0.022423119584752044 -0.037065534932715985 -0.01578610675165654 -0.012632927260031783 0.065317708717307396 -0.00096461306001823215 -0.039948717092713276 -0.0079179032579960989 -0.015281721978752154 -0.0031283884264651147 -0.012749853995229439 -0.016863521322400793 -0.0090123156559256019 -0.0033897819232454312 -0.032882501305601164 0.02890902195953364 -0.0041186334747980065 -0.011828155617983588 0.0096851394360807311 0.021157811815805172 -0.0079348149348838458 0.028685194141047879 8.9796007026718758e-05 0.022424686126030702 0.048431730857625227 0.003011252350157903 -0.020399623611831782 0.008118481941785256 0.037480482765991793 0.0036962659958401606 0.0028328505994424094 -0.031772766276750852 0.01823309732201386
leaf_weight=43.117427680306719 10220.785622605588 185.29233419056982 284.70635530352592 74.922471391037107 8024.8724302850896 2131.0414983921219 470.33386611938477 3101.9938640454784 6300.6291861413047 5876.3380458699539 78.657477855682373 611.34375784639269 1489.4040222077165 57.299260767176747 538.53492007125169 1456.680825018324 17.763064552098513 333.23163202777505 1585.6512999208644 51.885084750130773 503.10786002315581 1180.2386951781809 4229.3599724508822 171.36859502829611 19.087333413772285 2705.2508611585945 853.53503087162971 47.934520117938519 40.142555215395987 1514.3828277252614 250.38839282793924 675.53917578072287 558.57614281703718 22.950527563691139 1041.8828086964786 25.361272739246488 136.30706258490682 1270.051916829776 945.28799120383337 1099.7384108228143 765.28790348919574 361.67886154865846 259.04012644849718 800.69321180088446 238.14755963999778 1109.8861794099212 90.903772912919521 443.16038211993873 187.08335047028959 211.91518062725663 80.48149736598134 962.85807254305109 398.27082903683186 283.37545588985085 5308.7273776755901 216.64837269671261 5036.2454019603319 20.977497197687626 1103.5037280716933 714.37086548039224 134.70455024344847 876.89546342752874
leaf_count=229 131902 601 1017 392 10717 3652 1328 10559 13563 11341 316 1834 5844 107 751 4144 76 1176 3142 124 633 4239 7238 380 538 5043 1851 188 116 4854 1259 2578 1899 95 1313 85 240 2652 2326 2251 1993 991 613 1401 617 1587 227 984 420 585 136 2315 1124 872 6767 265 6249 35 2738 1781 368 1803
internal_value=-2.63057e-11 0.00960851 0.00597076 0.0290569 0.00211233 -0.00302599 0.0321659 0.0345275 0.0123277 0.00958394 0.00162161 0.0365776 0.0316449 0.0175262 0.0172621 0.0161569 0.011675 0.0262833 -0.00750408 -0.00869745 0.0067856 0.0303668 0.0100507 0.0064115 0.0089753 0.013505 0.0163801 0.0407696 0.0234175 0.0186242 -0.0103446 -0.00632841 -0.0201952 0.020837 0.00297454 0.0135872 -0.0125819 -0.00793043 -0.0152889 -0.0203411 -0.0092733 0.00232102 0.00978638 -0.0292509 0.0215546 0.00334412 -0.000132391 0.0124244 0.0103712 -0.0128452 0.00116149 -0.0021557 0.0419926 0.0332364 0.0046188 0.00222716 0.00701346 -0.01529 -0.00182945 -0.00621654 0.00454663 0.0115743
internal_weight=79829.8 69609 58640.5 10968.5 36491.5 17380.9 9852.06 8833.92 22149 14497.4 1116.44 7937.26 4153.62 7651.66 6499.56 6214.85 1018.14 2616.29 12947.2 11361.5 19110.6 1979.58 4433.74 1351.03 4248.45 4758.17 896.652 1537.34 510.476 2052.92 9230.5 3302.38 808.965 799.343 1179.66 636.705 5928.12 2180.8 3747.31 2036.74 1710.58 910.752 549.073 937 290.033 7997.82 507.665 466.111 277.987 229.678 1122.36 1041.52 3783.64 681.646 11085.7 5546.35 5539.35 237.626 2493.41 1389.91 6887.94 1011.6
internal_count=276464 144562 109707 34855 63300 38634 31832 29080 46407 30908 3023 27000 14445 15499 15809 14792 2752 8413 30257 27115 24666 6494 8377 1936 7776 10648 2080 6032 1444 5605 23463 10255 3158 2255 1556 1919 13208 4997 8211 3892 4319 2345 1354 1641 741 15099 1308 1079 647 661 1449 2631 12555 1996 13949 7067 6882 300 7097 4359 13512 2171
is_linear=0
shrinkage=0.05


Tree=11
num_leaves=63
num_cat=0
split_feature=12 18 2 13 1 15 14 1 15 8 6 2 10 4 3 4 4 2 0 8 4 10 5 7 7 5 3 3 2 10 3 7 0 2 0 1 0 10 3 4 9 8 5 9 2 15 2 0 1 0 1 5 10 5 4 5 1 4 0 1 0 4
split_gain=17441.8 1687.02 496.406 331.553 320.538 322.549 157.463 132.939 268.78 119.158 77.0545 74.2445 87.2202 69.0704 61.3887 58.2738 53.5074 50.8261 45.7921 45.5007 39.6249 40.2407 38.3146 35.8694 29.7545 45.6379 41.3349 36.7799 29.6691 30.7694 28.8628 38.9392 28.4412 33.9604 29.6583 57.9631 28.1053 27.8152 27.7562 27.7262 27.495 28.0412 27.4054 25.5579 25.488 25.846 25.3908 25.2234 24.1478 24.307 35.4512 24.0431 23.9222 24.8848 23.9219 45.0338 29.2057 25.0718 24.4413 23.8389 30.3751 37.655
threshold=1.0000000180025095e-35 1.0000000180025095e-35 0.087940047106695507 1.0000000180025095e-35 0.15192307692307697 1.0000000180025095e-35 1.0000000180025095e-35 0.10263157894736843 1.0000000180025095e-35 1.0000000180025095e-35 1.0000000180025095e-35 0.098170297995553005 1.0000000180025095e-35 0.50413874110461887 2.4228108170870679 0.53841295426132241 0.79633851063981576 0.12259305778258041 23.500000000000004 1.0000000180025095e-35 0.79633851063981576 1.0000000180025095e-35 0.73438131670195472 0.035254042774460433 0.49569929597115897 0.39242434276051191 2.0342686833610224 1.812654099256348 0.017094710445657569 1.0000000180025095e-35 5.0290879645695972 0.27638879243157316 26.500000000000004 0.18947970705414199 43.500000000000007 0.07417582417582419 25.500000000000004 1.0000000180025095e-35 1.1893249811517723 0.60496282262992185 1.0000000180025095e-35 1.0000000180025095e-35 0.50428309458411436 1.0000000180025095e-35 0.13800737554482215 1.0000000180025095e-35 0.27147367676320838 38.500000000000007 0.11324786324786326 25.500000000000004 0.097619047619047633 0.6890143708797839 1.0000000180025095e-35 0.38624262048725971 0.33426807108567214 0.33830127689328915 0.18465909090909094 0.79633851063981576 22.500000000000004 0.078461538461538485 27.500000000000004 0.32245512307829022
decision_type=2 2 2 2 2 2 2 2 2 2 2 2 2 2 2 2 2 2 2 2 2 2 2 2 2 2 2 2 2 2 2 2 2 2 2 2 2 2 2 2 2 2 2 2 2 2 2 2 2 2 2 2 2 2 2 2 2 2 2 2 2 2
left_child=1 3 4 6 5 20 9 8 14 28 -5 30 18 24 19 47 22 40 -13 -4 21 -3 48 -20 25 27 -27 -14 29 -1 -11 -32 -10 34 38 -36 37 -16 -34 -17 -8 -42 -28 -35 -44 -46 -26 -9 49 50 -7 -39 -21 -54 55 -6 58 -56 -57 60 61 -24
right_child=-2 2 7 10 54 16 17 15 32 11 -12 12 13 -15 36 39 -18 -19 23 52 -22 -23 59 -25 46 26 42 -29 -30 -31 31 -33 33 43 35 -37 -38 51 -40 -41 41 -43 44 -45 45 -47 -48 -49 -50 -51 -52 -53 53 -55 57 56 -58 -59 -60 -61 -62 -63
leaf_value=0.068101600312886409 -0.064182378322559228 0.034639999705466072 0.0095777176199012496 0.052538991787529438 -0.0034134677954583666 0.00036069222333176771 0.068292518598961668 0.016375471640787464 0.0068933990664946949 0.043840109029827733 -0.0022772541659926118 0.012491627167338334 -0.008381741779576634 0.048629159432770908 0.061815271343422663 0.0029994391619499439 -0.067928761773351845 1.9646959841581783e-05 0.034696492642284908 0.046290003218367869 -0.061759344028673939 0.0087924379139115386 0.0075607552471698 0.012440527264824967 0.049125627922272902 0.042297576130309211 0.045567087156425524 0.025428724110170282 0.012848694963938215 -0.061166825508288294 0.021588781570875331 0.046761794586250814 -0.018264222535594826 0.029829007685163413 -0.0034042822394015474 0.023608058001632824 0.015927781295959294 0.010768481844389504 -0.0026396405676491859 0.019359056765746244 -0.050637959865562215 0.021800387324791094 0.033557055472111574 0.005162058700046236 0.022840488676822288 -0.0027457071053896102 0.015537307554588244 0.023464717930213631 0.0023504135235011886 -0.0068805740352283085 -0.055835915281041752 -0.00095597532666988252 0.015010918335375469 0.027396273689625734 0.0079989349182600037 -0.048928685682644781 0.0073102753988365694 -0.035990524878169387 -0.0015919834100666483 -0.0048364933429801086 -0.016638659529938326 -0.013137539957355849
leaf_weight=41.577577140735229 9339.413256760221 156.61972665041685 618.70473227277398 68.383128320798278 1540.6592204384506 1857.3807017924264 30.994015965610743 5331.7938856324181 2020.5595390163362 2129.3334525908576 1025.7057022391818 753.46343081118539 134.29922596178949 783.58266159519553 23.232464104890823 1078.3420851156116 35.361354928696528 492.82261315733194 706.88367783371359 124.4739864654839 19.443781465874054 3904.5915001835674 343.23150908946991 243.36731258966029 336.85798682272434 603.94821859896183 135.15863134339452 200.55091217812151 826.95730690471828 5.1764815240167072 381.63509165588766 257.12657844647765 311.27817413490266 117.26084607839584 550.73897732794285 310.59293505176902 1920.3597057890147 1285.5100960340351 3272.1569588892162 340.85490464046597 13.767725937999783 450.88379800505936 250.30326998233795 1005.205400550738 268.71061244979501 156.00274146720767 67.547769580036402 1640.8398475795984 1091.2121714164969 7035.4021924663102 28.49459564872086 662.67467585019767 579.78909852355719 1349.6120661310852 10892.011361405253 28.42170562595129 5648.4579314850271 32.48792747198604 672.34192286431789 1323.8019493990578 1885.8837461040821 610.6849022731185
leaf_count=206 131902 548 954 392 1756 3165 135 11524 3887 7760 2631 1884 509 3366 99 1444 595 1308 2861 501 553 6787 684 752 1170 2774 618 725 1810 64 1132 862 537 299 1041 579 4345 2290 6102 662 46 1263 970 1947 736 634 247 3783 2186 14993 138 1266 1496 5245 14451 36 6713 445 785 3511 3267 1093
internal_value=3.20719e-11 0.00856133 0.00532605 0.0271803 0.00177078 -0.00294223 0.0302523 0.0111779 0.00822124 0.0325034 0.00114889 0.0345629 0.0306972 0.035918 0.0156295 0.016164 -0.00650003 0.01139 0.0216973 0.0214643 0.00944832 0.00978924 -0.0063468 0.0289966 0.0312926 0.0284664 0.0323967 0.0118683 0.0150395 0.0537894 0.0410437 0.0317219 0.00181216 -3.20164e-05 -0.00199447 0.00633626 0.0116226 0.00742898 -0.00399688 0.0069286 0.0226955 0.019654 0.025016 0.00773894 0.0209011 0.0134423 0.0435154 0.0180438 -0.00467056 -0.00552933 -0.000488409 0.00678041 0.0250451 0.0236744 0.00635296 0.00425505 0.00611583 0.00786812 -0.00351187 -0.0103778 -0.0129609 -0.00569002
internal_weight=79354.9 70015.5 59650.5 10365 37106.5 18292.1 9270.95 22544 14152.1 8282.48 1094.09 7408.77 4640.68 2936.96 6564.36 8391.83 14211.5 988.468 1703.71 2672.58 4080.66 4061.21 14176.1 950.251 2153.38 1748.97 1414.12 334.85 873.711 46.7541 2768.1 638.762 7587.79 5567.23 4444.77 861.332 3891.78 1971.42 3583.44 1419.2 495.646 464.652 810.175 1122.47 675.017 424.713 404.406 6972.63 10012.5 8921.28 1885.88 1948.18 2053.88 1929.4 18814.4 7889.88 6349.22 10924.5 700.764 4163.6 2839.8 953.916
internal_count=276464 144562 109707 34855 61706 37520 31832 48001 30588 29080 3023 27000 17246 11749 16196 17413 29632 2752 5497 8196 7888 7335 29037 3613 8383 6966 5732 1234 2080 270 9754 1994 14392 10505 8259 1620 8000 3655 6639 2106 1444 1309 2958 2246 2340 1370 1417 15307 20482 18296 3303 3556 7242 6741 24186 9290 7534 14896 821 8555 5044 1777
is_linear=0
shrinkage=0.05


Tree=12
num_leaves=63
num_cat=0
split_feature=12 18 2 1 15 13 14 1 15 8 2 6 1 0 3 8 4 2 4 5 10 5 4 4 3 0 2 4 0 5 0 1 2 0 11 2 0 1 2 7 4 2 5 0 5 3 0 1 0 4 0 1 14 10 0 8 0 5 3 5 15 7
split_gain=15258.4 1412.05 415.17 305.189 324.208 290.289 134.615 112.884 150.282 109.471 70.4394 66.9139 66.8152 64.0091 54.7788 47.8195 45.6293 44.1158 42.5375 38.0565 37.7436 35.7667 41.0771 31.9989 30.4743 35.8694 35.3547 30.8181 42.4412 39.5198 29.7823 74.1248 35.572 29.5591 28.2541 26.3885 26.2259 29.7345 25.4885 25.0386 24.6705 24.5825 23.7888 39.4743 24.5048 52.2934 23.4447 28.2951 52.3451 28.5038 23.4074 23.1817 31.21 44.3351 36.3769 32.1721 31.9977 27.8059 23.0757 23.0248 22.9964 22.8773
threshold=1.0000000180025095e-35 1.0000000180025095e-35 0.09641876010619832 0.13188405797101452 1.0000000180025095e-35 1.0000000180025095e-35 1.0000000180025095e-35 0.18465909090909094 1.0000000180025095e-35 1.0000000180025095e-35 0.12409103529593216 1.0000000180025095e-35 0.093073593073593086 31.500000000000004 2.4228108170870679 1.0000000180025095e-35 0.79633851063981576 0.12259305778258041 0.55743083797642634 0.48455782979805112 1.0000000180025095e-35 0.38624262048725971 0.49870760959470661 0.79633851063981576 2.006867655750495 40.500000000000007 0.14529471878133871 0.4856322350181782 33.500000000000007 0.7423844816725097 27.500000000000004 0.13809523809523813 0.16129568934875646 27.500000000000004 1.0000000180025095e-35 0.19598009664683361 43.500000000000007 0.07417582417582419 0.19265216316070116 0.002515347284471644 0.79633851063981576 0.011004308532550565 0.28226042484674346 26.500000000000004 0.29855442815943806 2.619139194139199 23.500000000000004 0.10263157894736843 26.500000000000004 0.52653807480709436 28.500000000000004 0.093073593073593086 1.0000000180025095e-35 1.0000000180025095e-35 42.500000000000007 1.0000000180025095e-35 36.500000000000007 0.34107404154380444 2.0861391240338611 0.81342281879194567 1.0000000180025095e-35 0.016487596394610435
decision_type=2 2 2 2 2 2 2 2 2 2 2 2 2 2 2 2 2 2 2 2 2 2 2 2 2 2 2 2 2 2 2 2 2 2 2 2 2 2 2 2 2 2 2 2 2 2 2 2 2 2 2 2 2 2 2 2 2 2 2 2 2 2
left_child=1 5 3 4 20 6 9 8 14 41 39 -7 33 21 15 -4 46 60 19 -9 -3 -12 58 -22 -21 26 -26 28 29 -28 31 -14 -32 42 -15 36 59 -38 -27 -11 -5 -1 43 -10 45 -44 -6 49 -49 50 -48 52 53 -13 55 -55 -54 -57 -23 -35 -8 -42
right_child=-2 2 7 40 16 11 17 18 12 10 13 51 30 34 -16 -17 -18 -19 -20 24 23 22 -24 -25 25 38 27 -29 -30 -31 32 -33 -34 35 -36 -37 37 -39 -40 -41 61 -43 44 -45 -46 -47 47 48 -50 -51 -52 -53 56 54 -56 57 -58 -59 -60 -61 -62 -63
leaf_value=0.054481287396455684 -0.063063074674926764 0.031883070011082391 0.0080873651921481958 0.0061757664409600906 -0.0012139147896905683 0.050912246001508316 0.038112790575149089 0.024432869261433544 0.011151375974250763 0.050273943143106403 0.011928685222665839 0.013865874615868003 -0.027150691777144687 0.037953685202786858 0.010471510133284415 0.023933349667854407 -0.066847534318108831 0.00015316949167329093 0.0052028942850553157 0.02226674019494964 0.008134289522107048 0.028147222224819485 0.032842020149187766 -0.06206302730763217 0.018067243798747176 0.025958996930736136 0.0092513672918090213 0.0051183005462461309 0.045202198883853156 -0.091430144521878226 0.0085877751490911394 0.015052754142775682 0.021519176769904298 -0.0040785611785063109 -0.0028894004678097214 0.0079381173454483572 -0.0013673903881369614 0.019494709236848606 0.093299593207676848 0.036316007082694349 0.0626759437289474 0.011815473844337586 0.0022654998759046702 0.069745561831837055 0.0063009617052663201 -0.072747723824319308 -3.6304479151352347e-05 -0.027075348077107642 0.0016992188245107149 -0.010898562940541073 -0.0075047754158495579 0.050591317102510351 -0.059723479787483949 -0.071750374873010905 0.0085481660615550382 -0.047259223461686636 -0.010334249895269149 -0.0066213682705529523 0.0098912208269133668 -0.035356841079787295 0.014352002183528258 -0.054573555520925243
leaf_weight=35.216982399011613 8542.927393426653 169.98102302663028 629.81285023223609 20170.953370219562 1942.9603303617332 62.723889039829373 145.06201265379786 1759.0744309099391 121.94584513828158 360.35834037140012 575.24718664074317 360.17677422612906 167.51879164855927 1262.3491085276473 3512.1904881671071 1950.889140535146 31.204094193177298 487.45276385731995 673.14170828834176 962.26145169883966 4453.7631645686924 288.88253093138337 1007.5297386050224 16.293715692067053 632.82369321957231 192.22793069854379 14.834401629865168 948.20320669934154 13.310043424367903 28.418378382921219 1483.067265630234 274.57090516760945 829.12508995085955 2752.4303274899721 43.812931105494499 725.95408731140196 503.4314114227891 258.49952148832381 15.159946531057356 2964.1534293480217 4.8859682163456446 816.18951574899256 91.734448224306107 37.608617634512484 1921.8632721891627 31.113286957144737 1384.2159304851666 175.83399738138542 1562.8101814708207 4882.2043585772626 4333.9361835941672 20.29856950044632 43.320750702172518 27.747207455337048 171.71850064396858 53.133780777454376 134.95774671202525 202.58454468101263 431.85712431836873 60.122172340750694 341.69071744102985 28.010628127900418
leaf_count=229 131902 644 987 25894 2982 392 401 3928 225 1413 1882 699 470 5770 7030 7297 580 1308 938 2445 7856 1169 4195 540 1518 486 23 1643 26 41 2899 600 1933 4958 184 1606 997 501 31 11342 55 1851 153 56 3680 87 2346 824 3862 9994 9012 44 222 140 407 137 535 447 1045 148 1043 412
internal_value=-2.85408e-11 0.00774225 0.00485227 0.00182984 -0.00272765 0.0252965 0.0283078 0.0105998 0.00843707 0.0305004 0.0325779 0.000796087 0.00442403 0.0277416 0.0145354 0.0200662 -0.006451 0.0107855 0.0169368 0.0186665 0.00875779 0.0227279 0.0263224 0.00787841 0.0150532 0.011291 0.00880999 0.00297957 -0.0328734 -0.0568994 0.0109514 -0.000939182 0.0132248 0.00166017 0.0365837 -0.000752945 -0.00251804 0.00571047 0.0308816 0.037829 0.00610521 0.0135803 0.00636806 0.0249626 0.00491707 -0.0167329 -0.00631904 -0.00712292 -0.00121083 -0.0080926 -0.00569685 -0.00230418 -0.00338476 0.000758834 -0.00961247 -0.0206139 -0.0223356 -0.0150652 0.0172085 -0.00474718 0.0214332 -0.0371591
internal_weight=78127.8 69584.8 59748.4 39157.1 18953.2 9836.46 8759.8 20591.3 15351.9 7785.6 6934.19 1076.66 9258.99 3609.68 6092.89 2580.7 14313.2 974.205 5239.46 4566.31 4640.04 2303.52 1728.27 4470.06 2807.24 1844.98 1637.59 1004.77 56.5628 43.2528 2754.28 442.09 2312.19 6504.7 1306.16 4300.44 3574.48 761.931 207.388 3324.51 20203.8 851.406 2204.27 159.554 2044.71 122.848 14282 12339 1738.64 10600.4 5718.15 1013.94 993.639 815.361 455.184 283.466 178.278 255.718 720.74 2812.55 486.753 32.8966
internal_count=276464 144562 109707 65001 38640 34855 31832 44706 33627 29080 27000 3023 18313 14245 15314 8284 29600 2752 11079 10141 9040 8291 6409 8396 6213 3768 3251 1733 90 64 5902 1070 4832 12411 5954 8210 6604 1498 517 12755 26361 2080 4201 281 3920 240 29020 26038 4686 21352 11358 2631 2587 1830 1131 724 757 584 2214 5106 1444 467
is_linear=0
shrinkage=0.05


Tree=13
num_leaves=63
num_cat=0
split_feature=12 18 2 1 13 15 14 8 1 15 2 6 10 0 0 4 2 4 2 3 10 1 0 9 8 4 3 5 8 11 2 10 16 1 0 4 4 2 3 2 1 4 3 3 1 0 0 5 0 4 5 4 0 0 0 5 2 3 4 4 8 5
split_gain=13420.6 1210.25 343.168 280.25 242.217 238.031 117.051 99.9345 95.013 174.851 62.2182 57.5654 56.7605 50.8064 49.171 40.9275 39.4982 36.9992 31.1816 29.8908 29.7393 26.2948 27.0851 25.9325 27.3216 25.0984 26.2931 25.7257 23.4536 22.3027 22.1077 25.4749 22.0279 21.8619 62.469 21.8306 40.8901 22.79 21.7687 21.091 21.0217 21.4857 20.9856 20.7328 20.6505 67.0416 21.5763 23.118 19.7121 29.8747 25.1055 25.3936 19.3897 18.9982 28.5748 33.2498 26.2113 23.359 22.5899 18.9856 18.9567 18.9082
threshold=1.0000000180025095e-35 1.0000000180025095e-35 0.087940047106695507 0.15192307692307697 1.0000000180025095e-35 1.0000000180025095e-35 1.0000000180025095e-35 1.0000000180025095e-35 0.11651583710407241 1.0000000180025095e-35 0.12549865942864416 1.0000000180025095e-35 1.0000000180025095e-35 31.500000000000004 31.500000000000004 0.79633851063981576 0.10343701039425564 0.53841295426132241 0.016386971332164737 2.3440273904078679 1.0000000180025095e-35 0.11324786324786326 25.500000000000004 1.0000000180025095e-35 1.0000000180025095e-35 0.50119047619047674 2.0861391240338611 0.58018506802634451 1.0000000180025095e-35 1.0000000180025095e-35 0.017094710445657569 1.0000000180025095e-35 1.0000000180025095e-35 0.078461538461538485 32.500000000000007 0.49870760959470661 0.47853698600158706 0.082869863909982314 1.3080944580944587 0.028918533689617557 0.097619047619047633 0.50788328836854346 1.0991042848040917 0.94894561785212006 0.093073593073593086 29.500000000000004 26.500000000000004 0.2352264598670197 32.500000000000007 0.72477577376232571 0.76726270014285147 0.29627931907089111 37.500000000000007 23.500000000000004 22.500000000000004 0.38624262048725971 0.21946468754577278 2.1594921851073061 0.49938539346661731 0.50356486578180581 1.0000000180025095e-35 0.67134596533217328
decision_type=2 2 2 2 2 2 2 2 2 2 2 2 2 2 2 2 2 2 2 2 2 2 2 2 2 2 2 2 2 2 2 2 2 2 2 2 2 2 2 2 2 2 2 2 2 2 2 2 2 2 2 2 2 2 2 2 2 2 2 2 2 2
left_child=1 4 3 5 6 18 7 30 9 12 35 -6 -4 25 19 21 23 -10 -3 28 -20 22 -7 -8 -25 26 32 -27 53 59 31 -1 -12 48 43 36 37 -9 -19 -37 41 -18 -11 -35 46 -46 -44 -48 -24 50 51 61 -36 54 58 -56 57 -55 -14 -15 -13 -50
right_child=-2 2 8 -5 11 15 16 10 17 42 13 60 14 29 -16 -17 40 38 20 -21 -22 -23 33 24 -26 27 -28 -29 -30 -31 -32 -33 -34 34 52 39 -38 -39 -40 -41 -42 -43 44 -45 45 -47 47 -49 49 -51 -52 -53 -54 56 55 -57 -58 -59 -60 -61 -62 -63
leaf_value=0.064002149822450796 -0.06207519678877458 -0.036565546783169471 0.036352238634819477 0.0058505435391322082 0.049293227211761569 -0.0017620930074524243 0.073467060388992242 0.042629784855865493 0.015074998547313935 -0.0093084505900061752 0.025832314957391564 -0.027437540056284373 -0.019041431189931471 0.031433579853970654 0.020368285104296811 -0.064435337928485603 7.7061290133398453e-05 0.018509565096645354 0.031998023603337429 0.0068190908679430333 0.0079177106705655732 0.00097253644413784518 -0.0056794239497918765 -0.059633102463443555 0.020458766908115624 0.019016405463813731 0.010937209895506459 0.036933150803556719 0.018922713719531758 -0.0022800425110976298 0.010530043952169929 -0.060361549551886287 -0.075792879841444963 -0.044672542083340032 -0.0044184691313279628 0.005540104588391468 0.021494494702424562 0.022936998041849913 0.0029357350515207279 0.040566343417432489 0.020268758496665623 -0.033646369131315676 0.0058625369771286018 -0.013777422949846527 -0.025666139060799044 0.01441141918158264 0.023236449400423066 -0.0010108595966853661 0.0094024681966772133 0.011474599328463789 -0.019165933069976413 -0.010864564691404375 0.004467416774245384 0.072799597728666066 0.00046666265826930962 0.065815721001807645 -0.012993594507868987 0.0025970324326722305 0.018264549850269481 0.045566476647543576 -0.00012187252228723791 -0.024974692969480974
leaf_weight=34.328072173855617 7836.2994036353193 38.363283014157787 247.11955203488469 18813.940322386799 57.868926899507642 3032.7373874224722 22.492911089211702 675.58331219688989 6774.6047122990713 405.80751825496554 604.58123389305547 68.288308195769787 66.088410038501024 830.02506184298545 1351.4672354571521 29.308830002992181 359.48788410425186 281.69774215389043 132.70396118611097 3258.8136239890009 3792.1838550613611 1513.3328142780811 3546.6521946485154 10.937749409116803 401.97895757947117 382.85169419785962 745.26355055440217 420.29250758141279 1166.994582619518 40.466218419373035 795.01916947029531 4.679072188679128 5.3797054439783087 58.904915302526206 1166.518113816157 44.136904522078112 617.2728005759418 187.74406965449452 1102.7231132313609 1637.3730255914852 109.65288438089192 54.374761560931802 1891.0790375089273 694.94738169619814 119.59308917168528 818.54589374130592 100.496676039882 4501.4982002722099 261.49174835067242 147.53553693834692 841.15905088 3236.3456018883735 1295.9514488661662 18.207469826564193 32.287109702825546 49.013257548213005 186.31727415323257 33.931048706173897 105.12732535973191 332.95289527066052 908.73851745249704 47.222543426789343
leaf_count=206 131902 440 1055 24186 392 4549 117 2821 14025 818 2645 316 95 3982 4256 595 1001 526 541 5832 6907 3019 5100 37 1167 1594 2076 1855 4460 183 1810 64 15 288 3021 202 2172 698 1491 7045 257 173 3730 2625 387 1837 196 8695 471 350 1565 5442 2516 40 37 64 243 53 161 1712 2315 91
internal_value=-1.34098e-11 0.00689863 0.00433719 0.00147882 0.0236505 -0.00266778 0.0264891 0.0286304 0.00924464 0.00679548 0.0307139 0.00083886 0.0128482 0.0259783 0.0119215 -0.00540478 0.0100581 0.0135529 0.00829342 0.00959981 0.00873189 -0.00529557 -0.00595755 0.0211852 0.0183372 0.0213885 0.0172378 0.0283924 0.0150654 0.03421 0.0123332 0.0490842 0.024936 -0.00708387 -0.00359749 0.0357486 0.0313212 0.0383473 0.00610465 0.039647 0.000803638 -0.00435364 0.00176353 -0.0161915 0.00236815 0.00930237 0.00136627 -0.000481356 -0.00847158 -0.0106558 -0.0114002 -0.00955758 0.000258006 0.00589704 0.0154548 0.0398634 -0.00422432 0.0271127 0.00386463 0.0354797 -0.00203107 0.00414396
internal_weight=78348.8 70512.5 61160.7 38649.3 9351.77 19835.4 8316.87 7357.95 22511.4 14352.4 6523.92 1034.9 6515.37 3361.81 6268.25 15872.1 958.925 8159.03 3963.25 4916.78 3924.89 15842.8 14329.5 435.41 412.917 2158.37 1355.22 803.144 1657.97 1203.44 834.026 39.0071 609.961 11296.7 3216.32 3162.11 1480.6 863.327 1384.42 1681.51 523.516 413.863 7837.02 753.852 7431.21 938.139 6493.07 4601.99 8080.41 4533.75 4386.22 3545.06 2462.47 490.972 252.516 81.3004 238.456 52.1385 171.216 1162.98 977.027 308.714
internal_count=276464 144562 109707 61706 34855 37520 31832 29080 48001 31959 27000 3023 16296 14062 15241 29632 2752 16042 7888 10985 7448 29037 26018 1321 1204 8185 4736 3449 5153 5877 2080 270 2660 21469 8450 12938 5691 3519 2017 7247 1431 1174 15663 2913 14845 2224 12621 8891 13019 7919 7569 6004 5537 693 357 101 336 93 256 5694 2631 562
is_linear=0
shrinkage=0.05


Tree=14
num_leaves=63
num_cat=0
split_feature=12 18 2 1 15 13 14 8 1 15 2 6 0 10 0 4 4 4 1 5 4 3 4 3 5 15 3 7 10 2 0 7 4 4 2 10 2 0 16 2 3 3 2 5 5 4 4 7 0 1 14 10 17 15 0 8 4 0 3 5 0 1
split_gain=11894.7 1009.01 290.564 269.52 231.49 213.28 101.208 90.2455 85.6161 165.891 55.9551 50.6785 46.8302 46.4339 40.3037 34.2543 33.2694 33.0918 32.4125 30.2158 37.5316 28.7787 27.1065 24.8662 31.6515 25.692 24.1048 23.0168 22.9824 22.7592 24.4848 22.3494 21.3574 27.207 20.6852 20.8022 20.2799 20.272 20.1092 19.9067 19.6311 18.7397 18.6328 23.3511 18.5282 17.9094 17.545 17.8457 17.2857 16.8925 21.6212 27.6734 28.9608 26.7097 25.6446 22.2748 20.1742 27.9092 17.4172 16.8164 16.3115 37.8158
threshold=1.0000000180025095e-35 1.0000000180025095e-35 0.091654132977105854 0.13188405797101452 1.0000000180025095e-35 1.0000000180025095e-35 1.0000000180025095e-35 1.0000000180025095e-35 0.10263157894736843 1.0000000180025095e-35 0.12259305778258041 1.0000000180025095e-35 31.500000000000004 1.0000000180025095e-35 30.500000000000004 0.53841295426132241 0.79633851063981576 0.43016260097707409 0.097619047619047633 0.38624262048725971 0.49870760959470661 1.1289922551972029 0.79633851063981576 1.834246952977111 0.41996499342610288 1.0000000180025095e-35 2.2340285591875704 0.0027062027559465384 1.0000000180025095e-35 0.30664546620768618 17.500000000000004 0.002515347284471644 0.49870760959470661 0.49117622906811981 0.017094710445657569 1.0000000180025095e-35 0.0089078094694669627 26.500000000000004 1.0000000180025095e-35 0.14704839199032899 2.0861391240338611 1.7050677754511934 0.10698584444712256 0.45684188578678203 0.47205925314072572 0.60496282262992185 0.79633851063981576 0.016487596394610435 38.500000000000007 0.093073593073593086 1.0000000180025095e-35 1.0000000180025095e-35 1.0000000180025095e-35 1.0000000180025095e-35 42.500000000000007 1.0000000180025095e-35 0.48054842720636809 43.500000000000007 2.2983852714705191 0.28410564039421199 25.500000000000004 0.078461538461538485
decision_type=2 2 2 2 2 2 2 2 2 2 2 2 2 2 2 2 2 2 2 2 2 2 2 2 2 2 2 2 2 2 2 2 2 2 2 2 2 2 2 2 2 2 2 2 2 2 2 2 2 2 2 2 2 2 2 2 2 2 2 2 2 2
left_child=1 5 3 4 22 6 7 34 9 13 31 -7 19 41 26 48 60 21 -19 29 40 -8 28 24 25 -14 -15 -23 -3 30 -12 -9 33 36 35 -1 -33 -11 39 -26 -21 -4 43 -39 -42 -17 -5 -48 -10 50 51 56 54 58 55 -53 -13 -58 -52 -57 -6 -62
right_child=-2 2 8 46 16 11 17 10 15 37 12 49 23 14 -16 45 -18 18 -20 20 -22 27 -24 -25 38 -27 -28 -29 -30 -31 -32 32 -34 -35 -36 -37 -38 42 -40 -41 44 -43 -44 -45 -46 -47 47 -49 -50 -51 53 52 -54 -55 -56 59 57 -59 -60 -61 61 -63
leaf_value=0.063288151894332234 -0.061190104727848818 0.027926039828412609 0.06896286389352882 0.0056298482195435871 -0.0022609535015970217 0.047836832775028142 -0.0024137650588431873 0.04687733796072336 0.012738477714419683 0.0053702160693464111 -0.021945154939566402 -0.0072825009964805889 0.026034012302293009 0.01463776220735569 0.018867537505925791 0.0026159277198304666 -0.062494018530098408 -0.0004686598293367886 0.024784413084930155 0.025631580104355185 0.030363067278934969 -0.016609192653869818 -0.05799383211376255 0.038749301653055117 -0.022396253298713448 -0.018630237068288365 0.006649082450063612 0.049412836202641537 0.0073053636256747087 -0.040750295215687404 0.015417224444709061 -0.032522997985660822 0.036871908929922308 0.017727704975337624 0.0095586708031454703 -0.056047413635241156 0.034229080297881728 0.0039374252713147021 -0.052001750307919037 0.035860135804260007 0.061162994249039961 0.028623458234359734 0.00029863346979636964 -0.018444435266344979 0.0061349493444658003 0.018926449053384222 0.056011288063736987 -0.050181661850375703 0.0186636491650462 0.045619890445590783 -0.062005801237406649 -0.067659198136693396 0.048979621522266995 0.0011244683292989473 0.0047698740192462716 -0.054980359742904245 0.028712288142249631 -0.0097747055709003963 -0.017425271313945858 -0.01142302360914451 -0.0082111599168994114 -0.0022322512125116174
leaf_weight=30.539117499516578 7197.1296268454753 139.83965684473515 34.16578758880496 19838.999796444084 3176.9419649755582 53.538890447467566 52.453332612290978 302.52541302889585 5370.5229587545618 1889.9616769216955 48.263264608103782 106.86835891846567 61.619183000177145 1362.0267972517759 1385.4602525085211 1072.7376309074461 25.60286342506879 601.88521431665868 161.06738132308237 259.51842213049531 888.25353757664561 14.967673571780322 15.618066868744789 675.49408740829676 15.339167818427084 67.431104714050889 3078.5567355230451 111.8433777987957 4006.0882988497615 21.271400347352028 479.5229478077963 11.545764038572086 1343.4503478028346 436.58958008233458 781.17361385934055 4.1478174775838843 784.19851760566235 188.2241372494027 7.0494611710309973 333.16460087895393 15.889549449086187 182.98177731782198 4586.4535150979646 305.96558837965131 410.15569043438882 199.61794148385525 4.7150590009987381 24.582689821836539 1596.9182190261781 18.166340172290802 41.289033610373735 23.301782604306936 21.103875868022442 83.55676854075864 155.83407247066498 24.944514151662588 181.88177259545773 63.566864687949419 46.678051635622978 198.43625257909298 8213.9738703970797 3900.5102294466924
leaf_count=206 131902 586 187 25450 5050 392 143 1392 11235 3788 181 215 324 4438 4478 1441 576 1661 543 1176 4239 47 553 3306 58 272 5786 358 7200 85 1653 85 6201 1517 1810 64 3360 374 13 2059 95 822 9154 578 984 433 55 410 3693 44 251 140 46 131 384 80 352 132 375 481 13328 10092
internal_value=-3.14693e-11 0.00633304 0.00401991 0.00147535 -0.00270404 0.0220153 0.024786 0.0268632 0.00873068 0.00620553 0.0289324 0.0004858 0.0244708 0.0122684 0.0114223 0.0127189 -0.00554521 0.00940459 0.00486253 0.0200563 0.0235797 0.0287357 0.00775321 0.032549 0.0239064 0.00269614 0.00909939 0.0416202 0.00800089 0.00995697 0.0120006 0.0340213 0.0325113 0.0277576 0.0112363 0.0490182 0.0332605 0.000949262 0.0316048 0.033296 0.0147908 0.0349704 -0.000695301 -0.00991976 0.00818725 0.00517486 0.00557275 -0.0330914 0.0140965 -0.00213956 -0.00305529 0.000495934 -0.00811531 -0.0191203 -0.0111088 -0.0211396 0.01085 0.0187448 -0.03835 -0.016287 -0.00544986 -0.00628613
internal_weight=76736.1 69539 60600.5 39346.9 19478.6 8938.53 7919.36 6977.14 21253.6 13013.8 6161.28 1019.17 3282.97 6043.19 5826.04 8239.8 15317 942.217 762.953 2122.87 1573.82 179.264 4161.55 1160.1 484.604 129.05 4440.58 126.811 4145.93 549.058 527.786 2878.31 2575.78 1232.33 815.861 34.6869 795.744 6970.6 355.553 348.504 685.564 217.148 5080.64 494.19 426.045 1272.36 19868.3 29.2977 6967.44 965.628 947.461 775.937 423.62 171.524 402.517 246.683 352.317 245.449 87.9671 223.381 15291.4 12114.5
internal_count=276464 144562 109707 63300 37385 34855 31832 29080 46407 29605 27000 3023 14445 15711 14702 16802 29046 2752 2204 8413 6494 548 8339 6032 2726 596 10224 405 7786 1919 1834 12555 11163 4962 2080 270 3445 13894 2130 2117 2255 1009 10106 952 1079 1874 25915 465 14928 2631 2587 1830 1131 757 1085 701 699 484 626 561 28470 23420
is_linear=0
shrinkage=0.05


Tree=15
num_leaves=63
num_cat=0
split_feature=12 18 1 15 13 14 2 2 8 10 0 2 6 3 8 4 4 10 16 4 4 3 0 3 4 4 4 7 0 15 2 0 1 0 1 0 1 1 5 4 1 0 0 0 5 0 5 7 2 4 3 3 4 6 5 7 0 5 5 3 3 0
split_gain=10582.5 826.8 246.572 460.518 183.247 113.522 112.792 106.433 84.173 59.5756 47.3899 59.0622 44.1642 38.9262 31.1088 30.7403 30.2531 32.7028 28.8555 27.0133 25.1424 24.8647 24.058 23.5608 23.8935 23.1235 22.7233 22.4267 21.4583 21.2296 20.6791 19.9426 19.8323 50.3846 34.2973 20.466 19.7944 19.5913 24.3312 19.4935 18.6638 50.6902 21.6598 19.6429 25.0895 33.4168 21.8818 18.626 18.3428 18.3058 18.0691 17.8326 17.7624 17.3838 17.0824 28.4884 17.8661 90.2651 24.3661 30.2864 28.5915 25.3165
threshold=1.0000000180025095e-35 1.0000000180025095e-35 0.11651583710407241 1.0000000180025095e-35 1.0000000180025095e-35 1.0000000180025095e-35 0.082869863909982314 0.10888875398326274 1.0000000180025095e-35 1.0000000180025095e-35 31.500000000000004 0.073056247389871473 1.0000000180025095e-35 2.2983852714705191 1.0000000180025095e-35 0.53841295426132241 0.50502339661538531 1.0000000180025095e-35 1.0000000180025095e-35 0.79633851063981576 0.67508924842741869 4.8352658366695156 25.500000000000004 3.2229554331968049 0.65815267566749702 0.694543235937085 0.696477526536875 0.002752713429838659 29.500000000000004 1.0000000180025095e-35 0.13177389228851785 26.500000000000004 0.051315789473684217 32.500000000000007 0.10818713450292398 32.500000000000007 0.22649572649572652 0.097619047619047633 0.63348388174926307 0.75468457807386657 0.085144927536231887 27.500000000000004 41.500000000000007 27.500000000000004 0.28226042484674346 26.500000000000004 0.81342281879194567 0.47891652489029013 0.017094710445657569 0.50267930185645227 1.6727272727272737 1.8995393803049152 0.79633851063981576 1.0000000180025095e-35 0.75751814074226165 0.0039738634033808637 23.500000000000004 0.6856354118838166 0.52622768949837739 2.619139194139199 2.5000000000000031 24.500000000000004
decision_type=2 2 2 2 2 2 2 2 2 2 2 2 2 2 2 2 2 2 2 2 2 2 2 2 2 2 2 2 2 2 2 2 2 2 2 2 2 2 2 2 2 2 2 2 2 2 2 2 2 2 2 2 2 2 2 2 2 2 2 2 2 2
left_child=1 4 3 9 5 8 36 19 47 50 11 51 -6 14 26 -8 18 53 21 22 40 -13 37 24 54 28 -11 -12 -15 -26 -16 -25 35 34 -34 39 -4 -5 -39 -24 43 -42 -43 44 45 -9 -45 52 -49 -32 -3 -10 -1 -18 56 -56 57 -7 59 -58 61 -60
right_child=-2 2 6 7 12 23 15 20 10 13 27 16 -14 25 30 -17 17 -19 -20 -21 -22 -23 32 31 29 -27 -28 -29 -30 -31 49 -33 33 -35 -36 -37 -38 38 -40 -41 41 42 -44 46 -46 -47 -48 48 -50 -51 -52 -53 -54 -55 55 -57 58 -59 60 -61 -62 -63
leaf_value=0.0060492064160497594 -0.060392868364796883 0.058534407798986922 0.0029485547589578236 -0.0012696429322500674 0.046314764364213147 -0.046626615318619571 0.013312554288614477 0.012975076020496754 0.04186152865686768 0.0049597634190709219 0.046917408819590369 0.018911782468274057 -0.0019992010220850906 0.005246384848349407 0.010650280584616293 0.0058652785856525081 0.0015673181873890189 0.040598354775214895 -0.046999068816382647 -0.061039365604153531 -0.043450819043345745 -0.014710424104166314 -0.0051542553512956913 -0.024512230623317473 0.057943640317733608 -0.045569493895423793 -0.065436237271773501 0.031261542587713312 0.011349685977159428 0.014668203280304416 0.016480390809766526 0.07275028646935737 -0.029311730081541122 -0.00094759099513589426 -0.0074803014739502384 -0.010471489906126638 0.0062390853856743676 -0.081984604416533699 -0.0064371825616580565 -0.05383738665881569 -0.046888283444602129 0.0068994475867700904 0.025882098262003224 -0.00086067149503815709 0.0034219563984894934 0.075501423693858372 -0.033916876630882518 0.067410175237458167 0.017410146787206118 0.029154216934406448 0.025412433497369536 0.026789286814984277 -0.067221366195625173 0.026555074557699111 0.040601297448140249 -0.027464976824077766 0.010963444087959144 0.062040372652674564 0.083510499503355318 0.05242581529398025 -0.038728167333616337 0.00063059628133550316
leaf_weight=543.56110564619303 6618.1729948739521 47.878300305455923 7326.1606440570322 3160.5490718865767 49.703106101602316 65.706882026046515 7006.591370197013 99.333470623940229 478.66906715370715 559.19359065964818 258.85790339298546 2073.4845365979709 978.47263699630275 4985.0434161499143 862.34568538889289 1727.2334742536768 104.97869939822704 337.59211049694568 17.201966606080532 21.995409191949875 30.389921532943845 56.486261727288365 3822.7285294150934 6.7762099057436016 33.649980807676911 20.973185124632437 11.703363230917601 1966.3631580270594 2025.2163574257866 179.59052347578108 865.84879426285625 23.713945688679814 274.29543170845136 3209.471204976202 522.77326506434474 4178.6756656970829 12150.054868321808 16.844799941405654 29.016570178093389 20.673558007925749 40.530004037544131 900.43037591222674 180.37616022676229 3421.1497008111328 1868.4704971313477 27.225547395646572 50.806443959474564 19.949047312838957 227.80286106653512 424.64823707565665 294.14525905624032 332.6096264552325 8.3993030511774105 206.55178007436916 18.555244922637939 89.620798168703914 331.758763756603 26.947588726878166 9.6586489118635637 50.785286903381348 46.922864504158497 200.11692898347974
leaf_count=1278 131902 266 10582 4703 392 172 14629 196 2332 867 1459 8511 2631 8825 1695 2497 287 1866 50 537 73 167 5558 25 103 392 191 10076 4807 404 3704 99 1272 7507 1824 6929 15667 123 103 51 177 2225 382 6676 3701 44 137 154 567 2016 1351 1281 81 971 50 285 762 43 22 134 162 491
internal_value=-2.3503e-11 0.00579873 0.00371133 0.000705128 0.020165 0.0228071 0.0071185 -0.00337166 0.0252586 0.00953773 0.0273443 0.0238047 0.000336347 0.00881858 0.0138933 0.0118398 0.0203588 0.0298175 0.0174992 -0.00566875 0.00192344 0.0180201 -0.00558881 0.00780444 0.00655018 0.00685275 0.00351665 0.0330828 0.00700959 0.0214972 0.016645 0.0511344 -0.00661465 -0.00374184 -0.0149932 -0.00804945 0.00500132 -0.00174044 -0.0341856 -0.00541612 0.00213274 0.00800884 0.0100675 0.000927489 0.00488126 0.0264258 -0.0013444 0.0100466 0.0214362 0.0206508 0.030049 0.0356822 0.00493423 0.0181348 0.00275609 -0.0157897 0.0054972 -0.015022 0.00847133 0.0164679 -0.00344546 0.00444662
internal_weight=75545.4 68927.3 60182.8 31972.7 8744.49 7716.31 28210 21875.7 6632.51 10097 5832.8 3607.57 1028.18 9754.97 2723.74 8733.82 2796.3 649.123 2147.17 15257 6618.71 2129.97 15235 1083.8 1053.31 7031.23 570.897 2225.22 7010.26 213.241 2152.84 30.4902 12028.6 4006.54 797.069 8022.08 19476.2 3206.41 45.8614 3843.4 6588.32 1121.34 1080.81 5466.99 1995.03 126.559 3471.96 799.712 247.752 1290.5 342.024 811.279 551.96 311.53 840.073 108.176 731.897 92.6545 639.242 382.544 256.698 209.776
internal_count=276464 144562 109707 66332 34855 31832 43375 42218 29080 24114 27000 15465 3023 22497 8473 17126 11852 3124 8728 28607 13611 8678 28070 2752 2628 14024 1058 11535 13632 507 7415 124 23141 10603 3096 12538 26249 4929 226 5609 13538 2784 2607 10754 3941 240 6813 2080 721 5720 1617 3613 1359 1258 2121 335 1786 215 1571 896 675 513
is_linear=0
shrinkage=0.05


Tree=16
num_leaves=63
num_cat=0
split_feature=12 18 1 15 13 2 2 14 8 2 10 7 0 3 8 4 1 0 4 4 5 15 1 2 7 16 5 3 1 1 2 0 2 0 3 5 3 5 2 16 0 1 7 4 1 0 7 7 5 3 16 10 2 4 4 2 0 7 5 0 8 4
split_gain=9455.56 691.977 244.952 393.646 163.73 104.883 95.4098 90.6133 75.9185 47.6089 47.1425 39.2272 35.6222 31.1571 29.944 29.7407 27.5985 57.6679 24.6685 22.4215 28.5013 22.9989 22.1975 22.7055 21.2729 20.1263 19.9268 34.5896 31.4705 36.1093 24.4259 20.1538 30.3911 19.7658 19.2294 24.3515 19.1023 18.2951 17.9634 17.5615 16.8114 35.2526 30.8542 25.4176 24.5997 19.6748 20.0601 16.63 33.8702 29.5528 23.6675 23.2837 18.0396 18.857 16.5446 16.3217 16.2509 18.6403 16.1613 16.1395 16.0899 16.0827
threshold=1.0000000180025095e-35 1.0000000180025095e-35 0.12771739130434787 1.0000000180025095e-35 1.0000000180025095e-35 0.11811119994395351 0.08587125543770581 1.0000000180025095e-35 1.0000000180025095e-35 0.12549865942864416 1.0000000180025095e-35 0.10984569794942252 31.500000000000004 2.2983852714705191 1.0000000180025095e-35 0.79633851063981576 0.093073593073593086 27.500000000000004 0.53841295426132241 0.49870760959470661 0.36171733132383149 1.0000000180025095e-35 0.10818713450292398 0.064839115076779863 0.0027062027559465384 1.0000000180025095e-35 0.52622768949837739 2.619139194139199 0.10818713450292398 0.078461538461538485 0.089071335223652334 24.500000000000004 0.18336372748265045 28.500000000000004 1.834246952977111 0.33830127689328915 1.3435241839556498 0.14478432635381419 0.13177389228851785 1.0000000180025095e-35 25.500000000000004 0.10263157894736843 0.0079462805788452686 0.49186937045239298 0.097619047619047633 37.500000000000007 0.0017863225378899684 0.31803451094824708 0.26218402473678726 4.9643874682072022 1.0000000180025095e-35 1.0000000180025095e-35 0.093065394103881538 0.4967741935483872 0.50267930185645227 0.017094710445657569 35.500000000000007 0.0089262991394310851 0.48140103480406182 30.500000000000004 1.0000000180025095e-35 0.79633851063981576
decision_type=2 2 2 2 2 2 2 2 2 2 2 2 2 2 2 2 2 2 2 2 2 2 2 2 2 2 2 2 2 2 2 2 2 2 2 2 2 2 2 2 2 2 2 2 2 2 2 2 2 2 2 2 2 2 2 2 2 2 2 2 2 2
left_child=1 4 3 10 7 15 -4 8 55 24 -3 60 19 14 22 40 -7 -18 -8 -11 21 -21 23 -12 -10 33 27 31 29 30 -28 32 -9 -15 35 -14 -20 -35 -16 -37 44 -42 43 59 -5 46 -45 49 -49 50 52 -50 -26 -54 -40 61 -31 -58 -29 -43 -6 -1
right_child=-2 2 6 5 11 16 18 26 9 12 13 -13 34 25 38 -17 17 -19 36 20 -22 -23 -24 -25 47 -27 28 58 -30 56 -32 -33 -34 37 -36 39 -38 -39 54 -41 41 42 -44 45 -46 -47 -48 48 51 -51 -52 -53 53 -55 -56 -57 57 -59 -60 -61 -62 -63
leaf_value=0.066942451522847654 -0.059668466077583762 0.027451349294700673 0.0051111154659092802 -0.0010338156977669159 -0.027387769668604112 0.00086413699478213736 0.013095792804991822 0.010580718999229081 0.043383001822791721 0.011404732865131596 -0.063101483603568848 0.044651768316623083 -0.0050962752123297067 0.0046702267879575442 0.0099680376363125642 -0.061835616561926779 -0.022308433820461965 0.01370646876810672 0.015473438097516329 0.01423767937146958 0.026742640463691861 -0.026693911852527043 -0.067869465851166627 0.0055264268131712327 0.034115254259378607 -0.057454300640676581 0.015422260884764036 0.058135022290121879 0.018217876352099951 -0.098613917143000829 -0.014594043014172784 0.013320054359242739 -0.063595986248971212 -0.063092958446278824 0.034921597392977698 0.027834102589907511 0.0025136929856918672 0.010583519288766614 0.015377810352794834 -0.05696060667981101 -0.0069270993946306154 -0.021667335694667025 0.010801203946076865 -0.029825149261352425 -0.021329460973323892 0.032369153815675115 0.0035773436465762784 0.014689944077396556 0.0257717737641011 0.012523058695790424 -0.020397030594600088 0.051309035715939255 0.01075946580081502 0.03107174740414443 0.027675795641302983 0.0076670016187113587 -0.077508232052371243 0.034102016286447601 -0.015256190513309535 -0.0042948356093104574 -0.00054615126537006884 -0.018393245197484441
leaf_weight=22.085077198222283 6093.8893069247715 328.59681584872305 19174.390831328288 3232.8828391386196 59.484228521585464 5321.5866131293587 6189.5034938361496 35.812209608033299 287.40284076146781 880.23824653215706 12.321832670713773 46.847788063809276 74.357929911464453 4657.2207578374073 858.64410541579127 23.136818065759144 125.53668647073209 969.88961398042738 384.82383959833533 188.09601697977632 798.59199512284249 41.977476576343179 10.944788462715222 550.97099008585792 1003.0542765381979 12.304232273250816 107.6374432137236 56.423918152227998 161.55590576119721 14.737123493105175 183.01503645349294 427.65464570373297 22.474467024207115 8.4566820450127107 571.06083808001131 350.6185709014535 1088.89736802876 2315.9987983916653 843.86653036251664 6.2143098115921012 11322.218600213993 229.00216514302883 531.19542611134239 49.458379369229078 156.53036458487622 53.29321663454175 492.92879322776571 134.46702683158219 128.46530085243285 307.45002870075405 23.347778778523207 292.45114217698574 202.93701203353703 261.48474298045039 404.60753008723259 757.54194319900125 7.905779827386139 7.1012292429804802 8.6512735188007337 321.22142059076577 909.0580125306733 7.3616815314162514
leaf_count=179 131902 1620 25017 4860 314 10846 13135 106 1580 2979 174 387 357 8448 1705 582 410 2347 672 773 4258 175 28 869 5175 92 300 196 347 52 643 963 72 22 3158 2348 1479 5532 3735 14 21003 726 1386 162 668 110 1336 546 560 1078 65 1630 826 1478 2026 1810 28 17 28 717 2322 91
internal_value=-3.39153e-11 0.00534269 0.00345246 0.000556131 0.0187901 -0.00306807 0.0069958 0.0213827 0.0236203 0.0256804 0.00882651 -3.32749e-05 0.0212704 0.00819397 0.0127765 -0.00518724 0.00235184 0.00957913 0.0117115 0.0172627 0.0222754 0.00676961 0.00265493 0.00402522 0.0305414 0.00643714 0.00765042 0.0141452 0.000224932 -0.00884778 -0.00347809 0.00956086 -0.0180207 0.00654974 0.0289035 0.0209333 0.00589779 0.0103155 0.0155348 0.0263574 -0.00510727 -0.00592498 0.000840391 -0.00377705 -0.00197111 0.00337988 0.000531488 0.0289733 0.036536 0.0266376 0.0295484 0.043515 0.0303431 0.0221959 0.0193634 0.00908666 -0.0613191 -0.0246949 0.0483782 -0.0115252 -0.00219466 0.0456086
internal_weight=74151.9 68058 59670.4 32832.8 8387.56 22828.9 26837.6 7372.17 6339.2 5552.22 10003.9 1015.39 2911.16 9675.34 2681.36 16411.9 6417.01 1095.43 7663.22 1908.9 1028.67 230.073 574.238 563.293 2641.06 6993.98 1032.97 551.017 481.953 320.397 290.652 485.941 58.2867 6981.68 1002.25 431.191 1473.72 2324.46 2107.12 356.833 16388.7 12999.3 1677.1 1145.9 3389.41 595.68 542.387 2353.66 555.383 1798.27 1490.82 420.916 1467.48 464.422 1248.47 786.989 29.7441 15.007 65.0752 550.224 968.542 29.4468
internal_count=276464 144562 109707 69404 34855 45153 40303 31832 29080 27000 24251 3023 14062 22631 8537 31550 13603 2757 15286 8185 5206 948 1071 1043 12938 14094 2752 1365 1387 1040 943 1141 178 14002 5877 2719 2151 5554 7466 2362 30968 25440 4437 3051 5528 1608 1498 11358 2736 8622 7544 2190 7479 2304 5761 2080 97 45 224 1443 2636 270
is_linear=0
shrinkage=0.05


Tree=17
num_leaves=63
num_cat=0
split_feature=12 18 1 15 13 2 2 14 8 2 10 0 6 3 4 1 0 4 8 5 0 2 1 1 3 4 5 15 15 5 3 3 7 7 5 1 3 1 0 0 5 3 5 15 2 1 0 0 2 2 2 0 5 2 16 0 7 2 2 0 5 13
split_gain=8470.67 585.886 243.015 348.604 145.102 89.6956 84.2609 76.117 69.1215 44.5225 36.8554 36.2752 34.7021 28.3067 25.7841 24.2713 42.1473 22.0988 21.8979 20.9299 20.6373 27.4039 21.6201 19.7177 18.0849 17.5983 23.1496 19.9124 17.1902 29.073 21.5732 25.3121 20.5011 18.7673 17.1339 28.2455 27.2699 24.9302 16.7403 17.185 17.5167 16.6653 18.8373 23.8528 16.8429 16.5562 40.4454 35.1634 16.0435 25.7766 15.9984 48.6688 35.4029 22.5403 15.9549 16.3857 15.9454 15.7883 15.6947 15.6886 15.4508 34.3506
threshold=1.0000000180025095e-35 1.0000000180025095e-35 0.12771739130434787 1.0000000180025095e-35 1.0000000180025095e-35 0.11811119994395351 0.08587125543770581 1.0000000180025095e-35 1.0000000180025095e-35 0.12409103529593216 1.0000000180025095e-35 31.500000000000004 1.0000000180025095e-35 2.2983852714705191 0.79633851063981576 0.085144927536231887 27.500000000000004 0.53841295426132241 1.0000000180025095e-35 0.75751814074226165 32.500000000000007 0.1364432339777851 0.097619047619047633 0.11651583710407241 1.3435241839556498 0.49870760959470661 0.38624262048725971 1.0000000180025095e-35 1.0000000180025095e-35 0.27083996628608947 1.6727272727272737 1.2654663609205297 0.46418732782369149 0.0071428571428571253 0.52622768949837739 0.10818713450292398 2.619139194139199 0.085144927536231887 30.500000000000004 31.500000000000004 0.45990592055788443 1.834246952977111 0.38624262048725971 1.0000000180025095e-35 0.14704839199032899 0.10263157894736843 26.500000000000004 27.500000000000004 0.073508027089565262 0.069584421796224427 0.14331921467320899 28.500000000000004 0.47491621655140753 0.15322034900556522 1.0000000180025095e-35 28.500000000000004 0.012145730979922881 0.13177389228851785 0.011004308532550565 41.500000000000007 0.31019805463610856 1.0000000180025095e-35
decision_type=2 2 2 2 2 2 2 2 2 2 2 2 2 2 2 2 2 2 2 2 2 2 2 2 2 2 2 2 2 2 2 2 2 2 2 2 2 2 2 2 2 2 2 2 2 2 2 2 2 2 2 2 2 2 2 2 2 2 2 2 2 2
left_child=1 4 3 10 7 14 -4 8 58 28 -3 25 -6 18 45 -7 -17 -8 -12 23 21 -21 -22 59 -19 -11 27 -27 30 -30 31 -10 -32 -33 36 37 50 48 -25 40 -40 42 43 -13 -44 47 -47 -5 49 -36 56 52 -52 -53 55 60 -9 -20 -1 -18 61 -15
right_child=-2 2 6 5 12 15 17 34 9 11 13 41 -14 54 -16 16 19 24 57 20 22 -23 -24 38 -26 26 -28 -29 29 -31 32 33 -34 -35 35 -37 -38 -39 39 -41 -42 -43 44 -45 -46 46 -48 -49 -50 -51 51 53 -54 -55 -56 -57 -58 -59 -60 -61 -62 -63
leaf_value=0.049386547419595153 -0.059010456576729368 0.025116061752187186 0.004962349110385374 -0.0018357325943075095 0.043493324067488903 0.00038574219442143512 0.012516513811410663 0.023849304971550876 0.025828881318707631 0.010742917819224625 0.0033320131240696135 0.027836373450675734 -0.0022425595326031962 0.012651372585279911 -0.060111718038570405 -0.020149139103814443 0.0070435761268301854 0.015174828096960281 0.0092372538329220776 -0.056618041364597221 -0.020794523774261841 0.00095586576078578232 0.022527996782217074 0.011844860063381375 0.0024134232091783288 0.01407273192280962 0.024842401341056846 -0.022124564752086049 0.014265261724781392 0.044174318369527926 0.018456992894917968 0.052095907693025578 0.034324374873796908 0.02884316411373964 0.0015165149348620205 0.017427265561872539 0.045412082383828656 -0.060702306961870178 -0.00094526046590637453 0.027094183303845727 0.086273290592933899 0.033485442682099013 -0.026680980622516722 -0.021654010948061721 0.028803569344742781 -0.020204602510649153 0.0016861819914713392 -0.0071659486885175833 -0.012585853885038641 0.075119738350246643 -0.057138664245766184 -0.068686906628388555 0.054810453845784125 0.029377770482604999 -0.053509870171119217 0.0095009303366691503 0.0021672401419471324 0.018134225061904142 0.0069873048475512485 0.025443595358527495 0.0029792491940148569 -0.038101533933556836
leaf_weight=22.479718601651257 5615.0725719924085 310.88267944566905 19126.827945711848 4470.8824156066403 43.348821090534329 4994.4493082072586 6107.302126372233 209.56848970241845 521.40808244876098 878.68999755941331 565.02500157238683 45.01001307182014 959.25599885592237 793.18763041123748 21.190949303520028 121.49344046739861 664.18078718427569 372.7567022908479 851.63851322233677 34.798750046640635 41.88546521961689 50.898291021585464 92.171020045876503 91.779047453776002 1087.831012185663 198.1598050664179 745.99949563294649 47.006203068420291 103.83388417959213 373.56426135636866 820.73189522605389 221.94506281986833 270.71196339279413 142.48177173919976 79.058762976899743 161.29839108884335 59.451318874955177 21.190366702154279 7.1803350821137419 75.61717694811523 29.034801609814167 554.46499613858759 14.344408916309474 53.032595144584775 294.25897295586765 237.82892838818952 1870.5892327656038 10048.123668896616 197.70282563986257 14.001947261393068 47.816215664148331 6.4080130457878104 8.285952113568781 68.480680985376239 11.264590200036762 2291.8393799720798 142.42296388372779 1203.0432270653546 750.74084500945173 140.3233736269176 3793.1819877645466 34.801764726638794
leaf_count=229 131902 1620 25017 6864 392 10107 13135 456 2577 3036 1071 272 2631 1457 582 412 1701 672 1705 73 122 113 216 209 1479 857 4195 203 419 2181 3866 1526 1441 745 214 347 224 76 24 250 63 3232 54 238 2158 1047 4049 19008 720 30 137 23 36 224 92 5554 265 5761 1851 313 6943 48
internal_value=-1.28915e-11 0.00490021 0.00318602 0.000306384 0.0175366 -0.00306586 0.00672935 0.0200595 0.022183 0.0242256 0.00817418 0.0199525 -0.000265114 0.00762232 -0.0049936 0.00199328 0.00794334 0.0111952 0.0120493 0.010723 -0.00325886 -0.022423 0.00899203 0.0137708 0.00567026 0.0158947 0.0204618 0.00713255 0.0291537 0.0376691 0.0270977 0.0328949 0.0223926 0.0430047 0.00739239 0.000439815 0.0134582 -0.00834369 0.0276705 0.0406584 0.0689806 0.027847 0.0201589 0.00106634 0.0262246 -0.00492336 -0.000783092 -0.0055246 -0.00452788 0.0125909 0.00952497 -0.00539224 -0.0406045 0.0209867 0.00594742 0.00604431 0.0150763 0.0144465 0.00821997 0.0102529 0.00433002 0.0105181
internal_weight=73234.2 67619.2 59542 32847.3 8077.15 22992.4 26694.7 7074.55 6058.86 5285.64 9854.86 2830.97 1002.6 9543.98 16648.6 6343.81 1349.36 7567.89 2619.71 1227.87 219.754 85.697 134.056 1008.12 1460.59 1869.86 991.166 245.166 2454.68 477.398 1977.28 885.835 1091.44 364.427 1015.69 473.252 542.434 311.954 203.611 111.832 36.2151 961.111 406.646 98.0426 308.603 16627.4 2108.42 14519 290.764 93.0607 482.982 130.991 56.1022 74.8887 6924.28 6913.01 351.991 2054.68 773.221 804.504 4621.17 827.989
internal_count=276464 144562 109707 69404 34855 45153 40303 31832 29080 27000 24251 14245 3023 22631 31550 13603 3496 15286 8537 3084 524 186 338 2560 2151 8291 5255 1060 12755 2600 10155 4848 5307 2271 2752 1387 1365 1040 546 337 87 5954 2722 510 2212 30968 5096 25872 964 244 1141 420 173 247 14094 14002 721 7466 2080 2014 8448 1505
is_linear=0
shrinkage=0.05


Tree=18
num_leaves=63
num_cat=0
split_feature=12 18 1 15 13 2 2 14 8 2 10 6 0 4 3 0 1 0 1 0 4 11 7 1 1 5 4 0 0 2 3 7 7 8 4 5 4 4 5 3 0 1 0 7 5 1 4 4 0 15 5 10 4 3 0 0 7 5 4 2 5 3
split_gain=7618.28 497.558 239.677 325.215 130.414 80.4149 72.1762 60.0703 63.8115 36.6641 32.0162 30.8239 30.1131 24.043 24.2672 23.6649 21.1821 42.6859 26.3513 20.7481 20.6145 19.4898 18.0176 17.5823 16.2384 15.7308 31.6882 16.7847 21.5241 24.8169 18.9405 20.3403 16.0548 15.6437 15.5836 15.585 20.3225 15.1191 15.1956 14.5491 14.4769 34.1297 15.1657 14.2928 14.9854 14.2428 14.2125 23.4462 15.7806 15.7799 14.9199 14.9892 14.1979 15.1581 15.8341 14.7391 14.1552 14.1196 13.9717 13.9655 14.9041 18.2409
threshold=1.0000000180025095e-35 1.0000000180025095e-35 0.11651583710407241 1.0000000180025095e-35 1.0000000180025095e-35 0.08587125543770581 0.11811119994395351 1.0000000180025095e-35 1.0000000180025095e-35 0.12549865942864416 1.0000000180025095e-35 1.0000000180025095e-35 31.500000000000004 0.79633851063981576 2.2983852714705191 25.500000000000004 0.067816091954023008 32.500000000000007 0.10818713450292398 32.500000000000007 0.53841295426132241 1.0000000180025095e-35 0.002515347284471644 0.35416666666666669 0.22649572649572652 0.37701295203477819 0.33128620602458619 22.500000000000004 26.500000000000004 0.042620636904059143 1.6551641451392773 0.016903833209950082 0.0017046930790590414 1.0000000180025095e-35 0.57649770559291291 0.24318403434970828 0.54720405376033987 0.49870760959470661 0.36171733132383149 1.6727272727272737 44.500000000000007 0.085144927536231887 40.500000000000007 0.47891652489029013 0.78239002572662131 0.078461538461538485 0.49870760959470661 0.47853698600158706 19.500000000000004 1.0000000180025095e-35 0.27083996628608947 1.0000000180025095e-35 0.32067023350194995 3.0390117694805205 26.500000000000004 34.500000000000007 0.13523861949136204 0.27083996628608947 0.48705059088594832 0.08587125543770581 0.63348388174926307 1.1893249811517723
decision_type=2 2 2 2 2 2 2 2 2 2 2 2 2 2 2 2 2 2 2 2 2 2 2 2 2 2 2 2 2 2 2 2 2 2 2 2 2 2 2 2 2 2 2 2 2 2 2 2 2 2 2 2 2 2 2 2 2 2 2 2 2 2
left_child=1 4 3 10 7 24 15 8 43 22 39 -6 37 14 33 34 19 18 -18 -17 -7 -14 -10 -22 -4 26 -26 -28 29 58 31 -31 -27 -12 35 -5 -37 -11 -39 -3 41 42 59 -1 -45 -44 47 48 -24 -48 -51 -52 55 -54 -55 -9 -8 -13 -29 60 -19 -62
right_child=-2 2 5 6 11 20 56 52 9 12 13 57 21 -15 -16 16 17 40 -20 -21 23 -23 46 -25 25 32 27 28 -30 30 -32 -33 -34 -35 -36 36 -38 38 -40 -41 -42 -43 45 44 -46 -47 49 -49 -50 50 51 -53 53 54 -56 -57 -58 -59 -60 -61 61 -63
leaf_value=0.0028108983045595018 -0.058411077386725602 0.050948497101290693 0.0028301208897634229 -0.020460683388265941 0.042133275200502918 0.011824363871090843 0.0023607160448180305 0.033885354726452453 0.040602369449843037 0.01022975206694679 0.00381242029833445 -0.021911237871561347 0.02777825411925243 -0.060625346265071559 0.0055952387838662443 -0.004988579237542254 -0.026095007194980216 -0.034520041453311126 -0.0070604989311380643 -0.0099662689780872313 0.0043025125906772802 -0.011031667334491568 0.0049737763489004581 0.036184589592403914 0.016161591464144559 0.012017832921757119 0.03620627673961431 -0.099982331463218513 0.0063611723323492991 -0.0051038977096819413 0.029258789804406965 -0.067283648377620575 0.0042292335565174387 0.013372406311062552 -0.0050598168557304301 0.0021047141519995715 0.043140968770622366 0.0077608412758261858 0.022924683796789691 0.019228406644442139 0.0056422402622644452 0.00027633691736870532 -0.026360759643562034 0.013186212776276974 0.053545365270197098 0.0013809291173770128 0.026839486035951893 0.013884318920904798 0.031762703805391611 0.01670090589185759 -0.01868744796625307 0.051187202209061748 0.0033202912256372788 -0.023324894804773899 0.05952409527124565 0.0028003723018357784 -0.0040373738192400676 -0.00043550953210580987 -0.029084046578474649 -0.060510768344889047 -0.070055939715854221 0.0044742274026048643
leaf_weight=530.41919322311878 5181.1835085549392 42.16226377338171 7632.2702028981876 74.804239205084741 40.6433114875108 6428.9206024892628 4890.3710549673997 92.679384747520089 232.73492298647761 843.25265736319125 545.092593960464 83.941154435276985 862.92973995674402 13.108758428774307 6878.433927458711 3899.1853663993534 272.49722159914381 88.845225271070376 546.46055190532934 4520.4726646639174 1428.8338490007445 33.609078664332628 61.766187485307455 44.593373354524374 1006.6539217559621 714.95195897482336 42.067311445949599 9.9900234751403314 1480.8951474600472 127.78242922574282 35.624633029103279 14.661260418593882 8874.5330456913798 1990.7839998714626 1564.2453518202528 1595.7778932529036 30.751923762261868 214.16823715902865 722.73371137864888 253.50435291416943 720.95935226860456 2004.5603980375454 65.122637786436826 205.49407896527555 25.898543730610982 159.79104770347476 849.07183985924348 494.19107669312507 499.87595837912522 47.689143314957619 8.0283961743116361 174.37383527494967 777.99346142355353 7.6660374328494099 23.282225657254457 64.793779745697975 1050.1109672524035 867.57857398549095 22.827091331128031 25.166811018250883 9.3349777737166715 68.099800816969946
leaf_count=1359 131902 266 10885 178 392 14247 10403 217 1432 2979 875 265 5694 549 13659 5880 1343 425 1859 7857 2110 183 301 96 1378 864 83 21 1903 181 55 28 11465 7414 2409 2553 38 948 4258 1351 1371 4498 289 592 129 366 4948 2007 2803 219 46 1182 2242 27 121 145 2327 2366 59 105 60 257
internal_value=-2.74289e-11 0.0045211 0.00295957 -4.23823e-05 0.0164213 0.00633267 -0.00346239 0.0189014 0.0208225 0.0228595 0.00755049 -0.000508644 0.0188504 0.00704238 0.0071366 -0.00524388 -0.00624257 -0.00322721 -0.013394 -0.00766108 0.0106018 0.0263234 0.0273918 0.00526743 0.00464268 0.00576465 0.00910542 0.00500868 0.00423293 -0.0107122 -0.00334882 -0.0115039 0.00480992 0.0113175 -0.00145763 0.0018543 0.00288056 0.0150868 0.0194584 0.0237517 -0.000577152 -0.00242931 -0.0154556 0.00733434 0.0177034 -0.00665154 0.0259518 0.0218274 0.0288166 0.0299869 0.0416014 0.0481117 0.00735929 0.00468539 0.039002 0.0210952 0.00122971 -0.00233006 -0.0506666 -0.0257987 -0.020545 -0.00451059
internal_weight=72120.2 66939.1 59174.2 31309.6 7764.81 27864.6 21586.6 6772.65 5806.24 5044.42 9723.09 992.163 2676.69 9427.42 9414.31 15646.1 12380.5 3960.84 818.958 8419.66 7902.35 896.539 2367.73 1473.43 19962.3 12330 2740.5 1733.85 1691.78 210.885 178.068 142.444 9589.49 2535.88 3265.58 1701.33 1626.53 1780.15 936.902 295.667 3141.88 2420.92 416.361 761.812 231.393 224.914 2135 1055.83 561.642 1079.16 230.091 182.402 966.415 808.942 30.9483 157.473 5940.48 951.52 32.8171 191.447 166.28 77.4348
internal_count=276464 144562 109707 66332 34855 43375 42218 31832 29080 27000 24114 3023 14062 22497 21948 29488 24310 10573 3202 13737 16453 5877 12938 2206 26922 16037 3708 2330 2247 344 264 209 12329 8289 5178 2769 2591 8185 5206 1617 7371 6000 1502 2080 721 655 11506 5111 3104 6395 1447 1228 2752 2390 148 362 12730 2631 80 847 742 317
is_linear=0
shrinkage=0.05


Tree=19
num_leaves=63
num_cat=0
split_feature=12 18 1 15 13 2 2 8 14 2 10 6 0 4 2 15 0 4 2 3 1 0 1 0 4 10 3 3 3 2 1 1 3 3 4 0 7 5 5 5 1 0 4 4 3 7 5 4 5 0 3 2 5 0 0 3 4 3 16 0 7 9
split_gain=6878.08 409.088 238.561 293.706 120.787 67.7049 63.1409 51.6023 56.0977 34.2952 28.0273 27.6467 24.5671 23.2299 45.6747 22.1703 20.7126 20.3147 20.0825 19.9075 19.4835 33.5875 20.3921 24.55 18.6057 18.2329 18.6804 17.5076 19.3968 18.5635 17.0126 16.6741 15.8087 21.3285 15.1536 14.8106 14.5071 16.3378 14.4476 17.4121 14.2093 14.1198 14.0219 13.6614 21.7838 15.9642 15.3329 14.8289 13.6331 28.8748 23.8758 16.2411 22.677 15.2115 21.6293 13.471 13.4542 26.9526 13.3719 13.3722 13.3589 16.5572
threshold=1.0000000180025095e-35 1.0000000180025095e-35 0.11651583710407241 1.0000000180025095e-35 1.0000000180025095e-35 0.08587125543770581 0.10698584444712256 1.0000000180025095e-35 1.0000000180025095e-35 0.13335136326739608 1.0000000180025095e-35 1.0000000180025095e-35 31.500000000000004 0.79633851063981576 0.036070417354051525 1.0000000180025095e-35 25.500000000000004 0.79633851063981576 0.011004308532550565 2.2340285591875704 0.067816091954023008 37.500000000000007 0.10818713450292398 32.500000000000007 0.53841295426132241 1.0000000180025095e-35 10.653846153846159 2.0861391240338611 1.1428571428571439 0.14150479023664866 0.22649572649572652 0.35416666666666669 1.625927920500666 1.2654663609205297 0.50755825740101435 34.500000000000007 0.0034241984727529668 0.54689164844427196 0.44720589002874989 0.69223351057971183 0.093073593073593086 26.500000000000004 0.67508924842741869 0.30132483120780201 1.0112004182208549 0.0036069108008312716 0.31019805463610856 0.7369530981585376 0.34630465854325226 32.500000000000007 2.4481243311084389 0.23224701715403048 0.64866800770653466 23.500000000000004 29.500000000000004 1.6727272727272737 0.28688679665131872 0.84856168753358163 1.0000000180025095e-35 29.500000000000004 0.6349718485467658 1.0000000180025095e-35
decision_type=2 2 2 2 2 2 2 2 2 2 2 2 2 2 2 2 2 2 2 2 2 2 2 2 2 2 2 2 2 2 2 2 2 2 2 2 2 2 2 2 2 2 2 2 2 2 2 2 2 2 2 2 2 2 2 2 2 2 2 2 2 2
left_child=1 4 3 10 7 30 16 13 9 15 55 -6 27 14 -1 32 -5 19 -18 -12 35 22 23 43 48 -17 -27 28 36 -30 -4 -26 33 -9 -29 -20 37 -11 -31 -40 -13 -24 -8 45 -45 -22 -46 -48 49 -7 -51 -50 -53 -54 -55 -3 57 -32 59 -21 -34 -62
right_child=-2 2 5 6 11 24 42 8 -10 12 17 40 -14 -15 -16 25 18 -19 20 58 21 -23 41 -25 31 26 -28 34 29 38 56 -33 60 -35 -36 -37 -38 -39 39 -41 -42 -43 -44 44 46 -47 47 -49 51 50 -52 52 53 54 -56 -57 -58 -59 -60 -61 61 -63
leaf_value=0.06824995410032994 -0.057861154281237906 0.049300825614129122 0.0027553769661211765 -0.0016641041179613744 0.040816220863006167 0.0079222673635327735 0.00085385242368941699 0.022210310798505186 0.0079098735850893758 -0.0881472921753262 0.010600125128391516 -0.0033450364638996245 0.024373037341401428 -0.056350619905653244 0.0044264199117262483 -0.0084955657185586501 -0.054692886408202968 -0.058788100785635622 -0.0056265641240976581 0.004004841283114167 -0.059478915204935839 0.001939609859723662 -0.032865661545843909 -0.0081371347086117967 0.0040905490110064125 0.039427668182080822 -0.019562509555952394 0.0065744629129052866 -0.011230082374375405 0.014448411914901524 -0.023313643112613351 0.035539002147565356 0.016747993888681575 0.039007666524084411 0.028643006828998775 -0.0099467901904150002 0.0063981039617769511 0.017928439913261509 0.04050229692934311 0.01904641052084834 0.043251715121250027 -0.0010048581782922885 -0.033061753247867733 -0.074243013979835709 -0.072122915866187437 0.011184032302607476 -0.024397568002322224 0.043401967574455774 0.0093315697785050344 0.016655507018545818 0.035838303916349699 0.04783958303461916 -0.046621448119724622 0.047604162626984636 0.0024750916406978242 0.018100867371284284 0.0062103021223322077 0.003234718477740157 -0.051022596155589232 0.0088812087245050148 0.036245353660700926 0.0074664355380950828
leaf_weight=29.127226515673101 4789.1437070420943 40.379331890493631 7613.2473487856332 3183.7693803074071 38.189402148127556 723.93939233012497 6343.4040803506505 487.76964460837189 913.8769277757965 9.6003119852393848 2377.8060765750706 959.31112406263128 786.25668358593248 14.828754880436462 745.48067115619779 22.551823012530804 21.316472880484071 11.874605726159642 4558.038771555759 4968.904004836455 9.9742376110516471 1743.1583643849008 36.13187082670629 840.05351939436514 1420.5280472980812 430.57820300478488 13.852176606655119 780.5935311820358 39.386859556660056 235.30096095334738 111.83221215009689 43.437621170654893 922.55729757342488 308.51020224764943 86.39681069040671 3512.6092342862394 59.064385678619146 5.8369879238307467 197.36433584615588 181.52889721468091 16.644525930285454 925.39389989781193 30.622448276728392 26.496785254217684 15.951479706913231 40.236077766399831 144.21396119182464 8.5425516790710372 4570.451804548502 647.74852593615651 216.39931985735893 66.171181729063392 10.215290635824202 39.01536263898015 83.10238928720355 241.57761585526168 11291.608873587626 658.71753201633692 10.522592131048439 1960.6124096633866 207.89254543930292 65.795270855538547
leaf_count=234 131902 266 10885 4997 392 1579 13661 2594 2579 32 7898 2587 5448 126 1893 116 365 549 6915 9069 46 3781 208 2439 2110 2726 41 2613 110 1120 156 96 4688 2222 518 6116 408 50 1704 1073 44 2382 83 145 109 164 761 46 10186 1266 458 405 24 95 234 1351 15027 854 92 4889 1311 226
internal_value=-1.25081e-11 0.00419182 0.00277858 -0.000224791 0.015139 0.00617028 -0.0034807 0.0176272 0.0192717 0.0214166 0.00703788 -0.000917304 0.0171396 0.00563963 0.00682635 0.0255577 -0.00524562 0.00656851 -0.00620527 0.0066518 -0.00611813 -0.00316098 -0.00750449 -0.0122014 0.0101055 0.0353635 0.037589 0.013574 0.0192902 0.0220456 0.00460602 0.00502366 0.0232595 0.0287183 0.00877362 -0.00750687 -0.00488168 -0.0480391 0.0241795 0.0302227 -0.00255035 -0.00220211 0.000690913 -0.0261134 -0.0320964 -0.0028531 -0.025477 -0.020606 0.0112758 0.0152883 0.0214593 0.00993966 0.0239407 0.0119904 0.0168934 0.022569 0.00577408 -0.000618325 0.00529902 0.00538454 0.0196259 0.0293268
internal_weight=70895.4 66106.3 58548 31051.6 7558.3 27496.4 21439.9 6544.15 5754.71 4840.84 9611.68 1014.15 2381.33 789.437 774.608 2459.51 15065.9 9329.72 11882.1 9317.85 11860.8 3790.15 2046.99 1085.47 7821.01 466.982 444.43 1595.07 728.083 653.581 19675.4 1463.97 1992.52 796.28 866.99 8070.65 74.5017 15.4373 614.194 378.893 975.956 961.526 6374.03 245.415 195.205 50.2103 168.708 152.757 6357.04 1588.09 864.148 4768.96 198.504 132.333 122.118 281.957 12062.2 770.55 6940.04 6929.52 1196.25 273.688
internal_count=276464 144562 109707 66332 34855 43375 42218 31832 29579 27000 24114 3023 13076 2253 2127 13924 28474 22497 23477 21948 23112 10081 6300 3710 16453 2883 2767 7628 4497 4007 26922 2206 11041 4816 3131 13031 490 82 3897 2777 2631 2590 13744 1271 1061 210 916 807 14247 3303 1724 10944 758 353 329 1617 16037 1010 14050 13958 6225 1537
is_linear=0
shrinkage=0.05


Tree=20
num_leaves=63
num_cat=0
split_feature=12 18 1 15 13 2 2 8 14 2 10 6 0 4 3 4 4 5 2 15 5 1 5 4 2 1 3 4 0 1 0 0 0 5 3 0 0 0 3 0 0 4 0 3 0 0 0 5 2 7 5 0 5 2 7 4 3 4 3 1 0 5
split_gain=6221.71 342.443 235.194 267.523 107.318 59.06 56.2322 45.0819 47.8603 30.6357 25.0402 24.6713 23.3731 17.4578 17.3553 16.4876 16.4739 16.3322 16.2119 15.8325 16.433 15.7587 15.2609 16.0566 22.2595 15.1817 14.9229 14.2585 20.4077 14.9911 35.0743 21.2418 18.5051 19.6925 24.7877 47.8184 109.676 67.9233 44.7328 39.7942 41.049 25.5121 29.9484 28.8792 21.9929 40.4592 72.2592 63.6061 45.9603 34.2319 20.7109 20.5373 18.246 22.546 17.9191 17.2428 18.2811 16.9184 16.7737 15.1225 29.1224 20.9088
threshold=1.0000000180025095e-35 1.0000000180025095e-35 0.11651583710407241 1.0000000180025095e-35 1.0000000180025095e-35 0.08587125543770581 0.076022508780511464 1.0000000180025095e-35 1.0000000180025095e-35 0.12259305778258041 1.0000000180025095e-35 1.0000000180025095e-35 31.500000000000004 0.79633851063981576 1.834246952977111 0.53841295426132241 0.79633851063981576 0.33830127689328915 0.12696322556851089 1.0000000180025095e-35 0.27083996628608947 0.22649572649572652 0.86413954675046989 0.79633851063981576 0.036070417354051525 0.35416666666666669 2.2340285591875704 0.64689781423172887 19.500000000000004 0.085144927536231887 29.500000000000004 46.500000000000007 26.500000000000004 0.33052274816355121 2.3964691773354523 38.500000000000007 37.500000000000007 36.500000000000007 2.7769844264112917 35.500000000000007 30.500000000000004 0.51712456029123099 34.500000000000007 2.1107230787509121 43.500000000000007 37.500000000000007 38.500000000000007 0.74974474880133901 0.15539332244297496 0.011261214246859623 0.26650754747316324 34.500000000000007 0.80318283692646752 0.13482095018222487 0.028334247884410666 0.49892745243869357 2.7119883271593435 0.53841295426132241 2.8531270988898112 0.063508064516129045 56.500000000000007 0.4317255799603314
decision_type=2 2 2 2 2 2 2 2 2 2 2 2 2 2 2 2 2 2 2 2 2 2 2 2 2 2 2 2 2 2 2 2 2 2 2 2 2 2 2 2 2 2 2 2 2 2 2 2 2 2 2 2 2 2 2 2 2 2 2 2 2 2
left_child=1 4 3 10 7 21 16 22 9 19 -3 -6 -11 26 17 -7 -5 -14 -19 -9 -21 -4 23 24 -1 -17 -12 29 -29 32 -31 -32 -8 34 41 36 37 39 50 40 54 -34 43 -43 45 55 48 57 49 -47 -37 -42 53 -49 -36 -35 -57 -48 -54 -46 61 -61
right_child=-2 2 5 6 11 15 27 8 -10 12 13 -13 14 -15 -16 25 -18 18 -20 20 -22 -23 -24 -25 -26 -27 -28 28 -30 30 31 -33 33 44 35 38 -38 -39 -40 -41 51 42 -44 -45 59 46 47 52 -50 -51 -52 -53 58 -55 -56 56 -58 -59 -60 60 -62 -63
leaf_value=0.060920979426357595 -0.057353083032473363 0.021594139253955841 0.0027262547737555449 -0.0057195565209520287 0.039507342851053541 0.010772756764011527 0.0030453762038797623 0.022523077479244757 0.0075671089456313088 0.013104977520240769 0.0096482580301692385 -0.002634640132041097 -0.0079873118393246258 -0.05722772351100805 0.02945907896726337 0.0039920930943593697 -0.055826552692757769 -0.070991192117134491 0.021439302767891459 0.014213952940336295 0.039083360270226214 0.0056360048665930473 0.056209227253662508 -0.055015633265427112 0.0037914820481549805 0.034742050503301154 0.0050317410089937026 0.02528329666676192 -0.0069401940937871319 -0.020334600638477699 0.0057704669813812542 0.032039224089588987 0.0026791212201964904 -0.0078023485423499295 0.050909667241126916 0.018645175334402214 0.08419153892676623 -0.078459743610873808 0.029723106618501284 0.062767247141408827 -0.027853011997113698 0.00079583931280875493 -0.0063021551922690933 -0.083648921815461963 -0.0018661867134081367 -0.080821301382952931 -0.019551453660449997 0.045277965216352592 -0.0031133474034324492 -0.0085888119850961436 -0.048539935839418243 0.028138583614761854 -0.070102679217697875 0.0020688024420155433 0.0080217433842313998 0.0037100326574626297 -0.012782767998196533 -0.081709653896155476 0.028917865465272558 0.04309866704872789 0.051710173293917375 -0.00093329379329149843
leaf_weight=17.456352304667234 4429.1601635371335 269.35383813083172 7594.9063106507529 11927.067341574118 36.02276729606092 6296.5678456593305 2134.3214062685147 1688.3197752002161 908.75884650973603 1716.1471202392131 2345.8359622657299 967.53595992503688 63.88424189016223 10.86013419262599 483.23797792335972 1412.7928308015689 16.426222115231212 4.823452064767479 287.91225736960769 84.824997553601861 306.20574587211013 12013.403827032947 14.3879351709038 11.266745818225898 733.20305989217013 41.313296599313617 6897.8089244309813 51.25471244007349 1187.9344505153131 124.28755913255736 1139.0063780189957 82.534336440265179 491.2878438369371 1142.2470110566355 49.985286594368517 13.981747312471269 59.076617892831564 20.607651272788644 37.965379076544195 38.392449262551963 76.586506679654121 15.342276636511086 106.17945456970483 29.771245017647743 459.66711884457618 83.18951880838722 250.41521580237895 68.721579544246197 39.36213730275631 20.430623389780521 63.87166204303503 20.831791125237942 10.117736242711546 53.843132380396128 47.497813676483929 964.60566779226065 203.45478301867843 11.447640627622603 7.4083337262272826 31.829604800790548 41.421606287360191 176.25680178962648
leaf_count=153 131902 1617 10885 22461 392 14247 4207 10002 2579 8413 7898 2631 359 549 3306 2110 528 10 2357 413 2140 16037 112 103 1885 96 14050 64 2161 484 2901 170 939 2131 111 42 66 48 82 59 174 19 160 46 1092 157 616 100 85 43 112 35 26 105 72 1819 395 30 22 72 109 475
internal_value=-2.62773e-11 0.00387794 0.00259529 -0.000399778 0.0140672 0.00596952 -0.0035147 0.016479 0.0180591 0.0201161 0.00656627 -0.00112195 0.0164498 0.00612888 0.0232845 0.00966454 -0.00578847 0.0149177 0.0199163 0.0246228 0.0336885 0.00450897 0.00519412 0.00423077 0.00512001 0.00486574 0.00620331 -0.000611832 -0.00560738 0.000150917 0.00497062 0.00754534 -0.000807188 -0.00258091 0.00336313 0.0126732 0.0228304 0.00855323 -0.0147747 0.0162394 0.00707415 -0.00284954 -0.0208026 -0.0549308 -0.00436754 -0.00632491 -0.0185801 -0.00772091 -0.0491075 -0.0665793 -0.0364741 -0.0158798 0.0194725 0.026296 0.0300129 -0.00343426 0.000837288 -0.0222688 -0.0282463 0.00351311 0.0134233 0.00580198
internal_weight=69934.6 65505.5 58181.5 30822.5 7323.99 27359 21298.6 6320.43 5544.11 4635.36 9523.86 1003.56 2556.01 9254.51 839.858 7750.67 11943.5 356.62 292.736 2079.35 391.031 19608.3 776.314 761.926 750.659 1454.11 9243.64 9355.14 1239.19 8115.95 1345.83 1221.54 6770.12 4635.8 1071.38 428.797 312.978 253.901 115.819 233.294 194.901 642.581 151.293 45.1135 3564.42 2855.24 544.936 401.954 142.982 103.62 77.8534 97.4183 140.091 122.565 97.4831 2310.31 1168.06 261.863 17.5261 709.175 249.508 208.086
internal_count=276464 144562 109707 66332 34855 43375 42218 31832 29579 27000 24114 3023 14445 22497 6032 16453 22989 2726 2367 12555 2553 26922 2253 2141 2038 2206 21948 19229 2225 17004 3555 3071 13449 9242 1965 801 565 499 236 451 392 1164 225 65 7277 5529 1184 899 285 200 154 209 253 205 183 4345 2214 646 48 1748 656 547
is_linear=0
shrinkage=0.05


Tree=21
num_leaves=63
num_cat=0
split_feature=12 18 1 15 13 2 2 8 14 0 2 2 10 7 4 1 0 1 0 0 4 4 3 5 0 3 3 4 1 7 2 2 7 4 3 4 0 5 3 0 5 5 3 3 4 2 3 14 10 17 5 0 0 0 5 15 7 2 15 7 3 5
split_gain=5649.82 285.467 231.093 231.052 95.8067 53.0304 49.0878 41.2239 40.9647 27.1205 26.9878 22.8317 20.2389 18.5056 18.3848 17.7927 31.8008 16.8063 31.0691 26.4337 15.2536 14.8793 16.3535 16.1446 16.5492 14.2775 13.6626 13.5472 13.4949 16.0827 13.4805 13.912 15.7871 14.6619 13.3605 13.1845 13.0035 12.9724 22.3436 16.5598 16.3031 12.9687 12.9598 12.8954 12.7788 18.8405 14.9593 12.7348 23.1859 23.4599 21.1947 24.3279 20.2982 18.3922 16.9723 15.9096 13.5272 12.6719 28.4801 16.1252 14.6374 12.5648
threshold=1.0000000180025095e-35 1.0000000180025095e-35 0.13809523809523813 1.0000000180025095e-35 1.0000000180025095e-35 0.10698584444712256 0.08587125543770581 1.0000000180025095e-35 1.0000000180025095e-35 31.500000000000004 0.070913603343527185 0.012000246967664486 1.0000000180025095e-35 0.002752713429838659 0.79633851063981576 0.093073593073593086 27.500000000000004 0.10263157894736843 26.500000000000004 27.500000000000004 0.79633851063981576 0.53841295426132241 1.3435241839556498 0.34630465854325226 29.500000000000004 1.6727272727272737 5.6366562367864761 0.5107860476752315 0.085144927536231887 0.0037824922719706887 0.0432999954893971 0.042620636904059143 0.0030227260056785213 0.67295126174841102 1.9825378173416264 0.31709168822424133 27.500000000000004 0.28226042484674346 3.0390117694805205 20.500000000000004 0.22990686716585698 0.86413954675046989 1.9825378173416264 1.8995393803049152 0.50334509026934537 0.098170297995553005 1.2480557572997431 1.0000000180025095e-35 1.0000000180025095e-35 1.0000000180025095e-35 0.28410564039421199 37.500000000000007 42.500000000000007 48.500000000000007 0.27878620746909005 1.0000000180025095e-35 0.014837833228938687 0.12409103529593216 1.0000000180025095e-35 0.008429349902475217 1.6878914381477148 0.39556567315125307
decision_type=2 2 2 2 2 2 2 2 2 2 2 2 2 2 2 2 2 2 2 2 2 2 2 2 2 2 2 2 2 2 2 2 2 2 2 2 2 2 2 2 2 2 2 2 2 2 2 2 2 2 2 2 2 2 2 2 2 2 2 2 2 2
left_child=1 4 3 12 7 14 -4 41 9 10 43 -6 25 -11 17 36 -17 19 34 -5 -14 23 -23 24 -8 35 27 -12 47 -30 31 32 33 -15 -19 -3 37 38 39 -7 -41 -1 -26 -9 45 -32 -46 48 -13 52 53 55 54 -49 56 -52 -50 58 59 60 -10 -60
right_child=-2 2 6 5 11 15 21 8 57 13 26 28 20 30 -16 16 -18 18 -20 -21 -22 22 -24 -25 42 -27 -28 -29 29 -31 44 -33 -34 -35 -36 -37 -38 -39 -40 40 -42 -43 -44 -45 46 -47 -48 50 49 -51 51 -53 -54 -55 -56 -57 -58 -59 61 -61 -62 -63
leaf_value=0.0036430474717944247 -0.056885099761739083 -0.0077969371132670775 0.0045869700470456036 -0.0020847338735388798 0.06787600632024883 -0.042849934863886323 0.0071383532741373899 0.033049014947072158 0.069842220543829367 0.039529216061242003 0.012290950261535941 0.0084157612784056049 0.0058024490794023756 -0.094576380180207226 -0.056126800943694481 -0.017869761487473691 0.0094396535272764023 -0.021953859581355144 0.0015658551931137063 -0.0068072206544075326 -0.055899521541288411 0.014506174158674699 0.0018477606109833752 0.009016849987283691 0.012186834250563107 0.015078599518956232 -0.030125979838801956 0.023134816886116252 0.093795361976587263 0.0070709563345377775 0.031218872750038731 -0.053019258437970063 0.016796790163818218 0.043647873633425663 0.020601544198685647 0.06411777505595033 -0.0023939863273145907 0.0016696021609468867 0.082485386612569322 -0.034312787491125284 0.026265845983631821 0.054093203151369257 0.023514129344135402 0.017659368019450988 0.01032825982067149 0.015663300883371579 0.035319465072969777 0.022647875708830471 -0.077030369296040846 0.045451768164280842 -0.06429166824416703 -0.009474145888737814 0.0026305782385140399 -0.064924065292958341 -0.016194049019043252 0.021649958387259485 0.0084951548996836431 -0.00059468908825936805 0.01850814023665551 0.017480541085700543 -0.01066800426143907 0.0010781192941918521
leaf_weight=751.19125512482424 4104.9961329796351 8.147018460556863 18619.657752979023 4317.5230232672766 11.768086512573062 12.48634218610823 456.6322133615613 293.41564054507762 38.694856747984886 172.06647848431021 1945.1866042665206 384.89866849500686 9210.1464278278872 6.2722029304131848 17.390515973966103 119.7252916819416 972.30909471865743 204.25797771080397 1882.6595832847524 9446.1995607248973 10.027358848252332 334.05237090028822 1080.2114322446287 4344.2801749221981 447.468715576455 222.23658074066043 17.761797171086073 338.07604255480692 7.7751913811080184 17.10944184102118 278.34436995629221 9.2489871457219106 97.158935265731998 2.7638918813318014 20.274690475780517 29.275224359706044 3444.9706137799658 1798.6306896042079 12.275840625166891 12.785020828247069 84.586226707324386 12.958032398484645 579.57883038837463 253.90930665656924 72.675708605907857 647.38795476546511 340.08140126615763 47.821389973163605 21.267123188823465 18.826699573546648 42.700023528188467 88.216027960181236 145.97220820467919 6.8552533090114585 190.17409484926611 6.162218961864709 5.9076420841738573 330.4254327439703 151.77728877589107 53.057859271764755 6.6098705716431132 324.35370888747275
leaf_count=2141 131902 34 24893 6631 98 32 999 2163 122 1459 9842 785 22080 59 580 434 2588 937 4082 18296 551 666 1477 10012 901 1354 67 2189 13 53 1968 28 532 7 93 232 7707 3740 31 26 163 112 1168 1204 510 4408 2564 143 102 49 275 312 451 21 667 14 40 1190 328 199 29 711
internal_value=-2.22107e-11 0.00360212 0.00243492 -0.000417814 0.013034 -0.00319263 0.00594552 0.0153656 0.0169093 0.0188716 0.0159304 -0.00135557 0.00612304 0.0240237 -0.0047455 0.000627951 0.00644558 -0.0046892 -0.000530843 -0.00532583 0.00573535 0.00943835 0.00483771 0.0105548 0.0150579 0.0198898 0.0135568 0.0138966 -0.00218381 0.034168 0.0221887 0.00579519 0.0109176 -0.0522974 -0.0181112 0.0484616 -0.000556054 0.00274035 0.0185091 0.0113602 0.0183118 0.00449855 0.018579 0.0259096 0.0236027 0.0203405 0.0309192 -0.00312728 -0.000246143 -0.0089704 -0.0146522 -0.0251507 -0.0117905 0.0116683 -0.0214757 -0.0534532 -0.0584376 0.00720706 0.0116943 0.0361875 0.0580959 0.00663432
internal_weight=68931.7 64826.7 57687.8 31825.9 7138.87 22346.1 25861.9 6143.42 5379.27 4474.35 2848.35 995.454 9479.83 1626 15888.3 6457.77 1092.03 15870.9 2107.19 13763.7 9220.17 7242.22 1414.26 5827.96 1483.68 259.659 2301.02 2283.26 983.686 24.8846 1453.93 115.444 106.195 9.03609 224.533 37.4222 5365.73 1920.76 122.133 109.858 97.3712 764.149 1027.05 547.325 1338.49 925.732 412.757 958.801 767.046 382.148 191.755 137.078 363.321 54.6766 217.349 48.8622 27.1748 904.919 574.494 98.3626 45.3047 476.131
internal_count=276464 144562 109707 69591 34855 45340 40116 31832 29579 27000 15465 3023 24251 11535 30619 14721 3022 30039 5112 24927 22631 15223 2143 13080 3068 1620 12098 12031 2925 66 10076 626 598 66 1030 266 11699 3992 252 221 189 2253 2069 3367 9450 6376 3074 2859 2094 1309 765 601 1260 164 809 289 142 2579 1389 350 151 1039
is_linear=0
shrinkage=0.05


Tree=22
num_leaves=63
num_cat=0
split_feature=12 18 1 15 13 2 2 8 14 2 2 3 0 1 0 1 0 10 15 5 0 1 0 5 0 3 0 0 2 0 2 0 5 3 0 1 5 3 1 0 0 3 2 7 3 3 4 2 2 2 0 0 1 4 3 7 0 4 0 3 2 4
split_gain=5139.95 230.305 226.332 223.674 88.4184 48.0074 42.6638 37.3435 36.939 27.3996 19.8492 18.1059 17.9489 19.0077 29.5915 22.8427 17.0093 15.4167 15.3948 18.8079 16.0031 15.6656 14.8667 14.3424 33.5222 30.7503 26.2622 25.1315 34.3328 24.0832 19.8264 18.1356 59.5513 27.7791 16.7168 37.7718 31.0425 16.3222 16.0538 16.4446 41.4159 30.4275 17.8836 18.0629 14.3856 48.5835 17.5461 16.6449 16.1294 14.8953 54.7745 22.6731 14.0685 13.8193 13.8091 17.6097 15.8732 23.1937 20.0763 15.1227 22.9273 13.6711
threshold=1.0000000180025095e-35 1.0000000180025095e-35 0.11651583710407241 1.0000000180025095e-35 1.0000000180025095e-35 0.08587125543770581 0.10698584444712256 1.0000000180025095e-35 1.0000000180025095e-35 0.12549865942864416 0.021791371291644185 2.368528989683004 25.500000000000004 0.067816091954023008 32.500000000000007 0.10818713450292398 31.500000000000004 1.0000000180025095e-35 1.0000000180025095e-35 0.26424449547930867 24.500000000000004 0.070197044334975381 32.500000000000007 0.37701295203477819 34.500000000000007 2.941777561970365 17.500000000000004 17.500000000000004 0.17532122241791359 18.500000000000004 0.28752421634218589 20.500000000000004 0.56130065132468576 2.5000000000000031 28.500000000000004 0.10818713450292398 0.33830127689328915 1.640364029768324 0.097619047619047633 38.500000000000007 37.500000000000007 2.0342686833610224 0.11639136528012482 0.063607073465719186 2.8531270988898112 2.5878315134808276 0.51161564716959418 0.21379680668142884 0.14704839199032899 0.16831195027165877 23.500000000000004 22.500000000000004 0.22649572649572652 0.49299532264304963 1.9825378173416264 0.01108332868748811 32.500000000000007 0.4979022150116319 31.500000000000004 1.6727272727272737 0.16831195027165877 0.53841295426132241
decision_type=2 2 2 2 2 2 2 2 2 2 2 2 2 2 2 2 2 2 2 2 2 2 2 2 2 2 2 2 2 2 2 2 2 2 2 2 2 2 2 2 2 2 2 2 2 2 2 2 2 2 2 2 2 2 2 2 2 2 2 2 2 2
left_child=1 4 3 17 7 52 12 -1 9 18 11 -6 -5 22 15 -15 -11 -3 -9 20 -20 -21 -14 24 26 38 -8 28 -25 -28 31 32 33 -29 44 54 -37 -34 39 40 42 -42 -26 -44 45 47 48 49 -47 -31 51 -51 -4 -46 59 56 58 -58 -56 -36 -61 -7
right_child=-2 2 5 6 10 61 23 8 -10 16 -12 -13 13 14 -16 -17 -18 -19 19 21 -22 -23 -24 27 25 -27 29 30 -30 34 -32 -33 37 -35 35 36 -38 -39 -40 -41 41 -43 43 -45 53 46 -48 -49 -50 50 -52 -53 -54 -55 55 -57 57 -59 -60 60 -62 -63
leaf_value=0.0038872779016458931 -0.056453244806046965 0.017879937522124325 0.0025989582596204056 -0.0016615511691814419 -0.060308666608436749 0.0099944410106756181 0.05278271092881346 0.019917017343295658 0.0064876114977609539 0.011133295801445906 -0.0019133495006631474 0.07070474497929638 -0.0049925358535638812 -0.025299474249734499 -0.00070051464721661673 -0.0061357954969021031 0.020265517592333235 0.0053946940171233438 -0.057729428886939174 0.038458434623339477 0.017151577328403958 -0.066939112967582023 -0.0093116672214592737 0.0048826437569508873 0.059632960780940582 0.049123661179208918 -0.070731252461648852 0.0068388499392548529 -0.088972704544282133 0.00043050259589756451 0.029333220942540723 -0.0022683382961416086 -0.0059012024891458847 -0.066330804818145364 -0.012210266517342878 0.0051523465077332334 0.085615095640899752 0.046762652922364117 0.027828229474310653 -0.0019305066718009562 0.0043449092237622449 0.076641987864565025 0.010755109559311422 -0.019147971920634953 -0.040346975657633899 -0.06869679494675035 0.026635080238023769 -0.014217873212256153 0.0092284873640110423 0.027664576736056736 0.0014628047025635352 0.087780219383748928 0.0053538039558533885 0.042192987094183593 0.0083219872489011127 -0.024074663175613634 -0.018954557658860276 0.070549467077109976 -0.057338720047625059 -0.0056554347461880991 -0.064586875340390412 0.0045746373939624645
leaf_weight=756.72395437466912 3807.2152102547698 254.15002615191042 7559.5334062579786 3153.1903505540686 3.1529310159385231 6164.872755673714 21.139136517420411 1596.8061257941881 887.8963408456184 1600.9419386368245 1102.8719110386446 16.119326123967767 3758.4843843721319 222.00120813824469 2950.0117064384976 519.10119349765591 748.17189793894067 9107.7764045043441 7.9311252608895293 285.84799400996417 71.09161517675966 3.5695616025477639 4239.7865151008591 19.68572555296123 14.221272788941858 50.576218804577366 13.159058973193167 27.015068635344505 19.293677911162376 195.56600555963814 52.368614176288247 4019.968486870639 17.848550170660019 24.953514784574509 67.390226731076837 54.014161910861731 15.405750837177036 83.741114009171724 96.711753852665424 325.44653384573758 22.851619623601437 40.077199647203088 171.42833593208343 71.589919500984251 5.8833057023584834 39.022270482033491 7.5592653900384894 85.54289672523737 8.0022764638997597 30.712524125352502 129.64569208864123 32.054833851754665 11976.728637912369 36.730896502733231 47.7490090476349 92.9622129839845 11.748032486066224 18.854833382181823 15.394995348528026 24.767597977072001 49.468869116157293 1434.2135918261483
leaf_count=2253 131902 1617 10885 4997 21 14247 42 10284 2579 8185 2888 114 5672 1298 7132 1835 5877 22497 37 2230 367 20 7540 42 22 107 23 81 34 369 211 9351 32 63 125 126 33 175 217 713 40 83 300 126 17 132 21 143 25 56 221 54 16037 97 119 279 30 42 43 62 88 2206
internal_value=-3.78431e-11 0.0033332 0.00228366 -0.000689255 0.0118409 0.00559946 -0.00356589 0.0142654 0.015775 0.0176863 -0.00103428 0.049271 -0.00500932 -0.00591237 -0.00294441 -0.0118764 0.0140418 0.00573363 0.0220427 0.0312555 0.00963614 0.0371585 -0.00728206 -3.08606e-05 0.00371769 0.0114004 -0.00235709 -0.00160915 -0.041573 -0.0035445 -0.00124052 -0.00162416 0.0152398 -0.0282947 -0.00263161 -0.0105004 0.0230087 0.03751 0.00883022 0.00598436 0.0140297 0.0503884 0.00513523 0.00194606 0.00285241 0.000597446 -0.0440701 0.00574636 -0.0554361 0.0101481 0.020025 0.0583652 0.00428782 0.0307975 -0.0175852 -0.00865452 0.00663656 0.0361901 -0.0076866 -0.0293586 -0.0449255 0.00897153
internal_weight=68288.7 64481.5 57400.4 30265.1 7081.12 27135.3 20903.1 5958.98 5202.26 4314.36 1122.14 19.2723 14842.6 11689.4 3691.11 741.102 2349.11 9361.93 1965.25 368.44 79.0227 289.418 7998.27 6060.55 1795.68 792.903 1002.77 4264.87 38.9794 981.635 4225.9 4173.53 153.558 51.9686 968.476 397.756 69.4199 101.59 742.327 645.615 320.168 62.9288 257.24 243.018 570.72 528.106 54.5838 473.522 47.0245 387.979 192.413 62.7674 19536.3 42.6142 328.336 186.709 93.7469 30.6029 63.144 141.627 74.2365 7599.09
internal_count=276464 144562 109707 66332 34855 43375 42218 31832 29579 27000 3023 135 28474 23477 10265 3133 14062 24114 12938 2654 404 2250 13212 13744 3755 1608 2147 9989 76 2105 9913 9702 351 144 2082 947 159 207 1501 1284 571 123 448 426 1135 1021 178 843 157 700 331 110 26922 114 788 513 234 72 162 275 150 16453
is_linear=0
shrinkage=0.05


Tree=23
num_leaves=63
num_cat=0
split_feature=12 18 1 15 13 2 2 8 14 2 4 1 0 15 3 5 0 3 0 0 1 0 4 7 7 5 0 2 5 7 3 3 0 3 7 8 3 3 2 3 5 15 0 10 4 2 3 3 7 0 0 7 0 4 5 0 5 0 2 7 2 1
split_gain=4690.12 188.231 222.151 194.74 78.127 41.2373 41.1453 33.8969 31.6137 26.0894 18.8101 18.1276 24.2907 16.4704 17.572 15.9804 15.7864 14.7727 14.6953 27.8442 14.3553 14.1492 13.956 13.74 13.1221 13.0038 21.4376 60.0367 34.3668 24.0532 34.9046 30.5129 39.1565 29.7798 18.4402 18.2232 15.0299 14.9235 13.9083 12.8792 16.2732 27.0653 12.4731 12.4252 12.3453 12.2748 22.57 16.3827 14.5969 13.8291 12.1375 27.2111 35.1443 26.6749 13.9111 39.4014 24.4268 16.5242 14.0186 12.6572 12.2707 12.1158
threshold=1.0000000180025095e-35 1.0000000180025095e-35 0.12771739130434787 1.0000000180025095e-35 1.0000000180025095e-35 0.11278040579100206 0.08587125543770581 1.0000000180025095e-35 1.0000000180025095e-35 0.12549865942864416 0.79633851063981576 0.085144927536231887 27.500000000000004 1.0000000180025095e-35 10.653846153846159 0.28610054172847738 41.500000000000007 9.2000000000000011 38.500000000000007 37.500000000000007 0.10818713450292398 31.500000000000004 0.79633851063981576 0.031446540880503117 0.010440258913180737 0.71386829443861488 21.500000000000004 0.046691000676646596 0.83430970139844618 0.0074385166082330924 4.9023791598846715 3.2885575010432961 20.500000000000004 6.5129857080574469 0.214843825085656 1.0000000180025095e-35 4.0052619565694458 2.2100043145175925 0.080234828328979005 1.834246952977111 0.38624262048725971 1.0000000180025095e-35 44.500000000000007 1.0000000180025095e-35 0.51192874503368191 0.048673336529719537 6.2641509433962286 4.9023791598846715 0.32864647568916422 50.500000000000007 34.500000000000007 0.11977955455240177 35.500000000000007 0.5107860476752315 0.58786355729325168 33.500000000000007 0.51373626373626424 25.500000000000004 0.23224701715403048 0.1279580096284802 0.25892037324173728 0.10263157894736843
decision_type=2 2 2 2 2 2 2 2 2 2 2 2 2 2 2 2 2 2 2 2 2 2 2 2 2 2 2 2 2 2 2 2 2 2 2 2 2 2 2 2 2 2 2 2 2 2 2 2 2 2 2 2 2 2 2 2 2 2 2 2 2 2
left_child=1 4 3 22 7 10 -4 -1 9 13 61 15 -13 -9 43 18 20 -6 19 -7 -14 -11 25 -17 -21 37 27 28 -27 30 31 -29 36 -31 -35 44 -33 -3 -32 40 41 -23 -20 -15 -28 49 47 -47 -48 -37 54 52 -52 -54 56 58 60 -58 -56 -59 -25 -5
right_child=-2 2 6 5 17 11 -8 8 -10 21 -12 12 16 14 -16 23 -18 -19 42 24 -22 39 -24 50 -26 26 35 29 -30 33 38 32 -34 34 -36 45 -38 -39 -40 -41 -42 -43 -44 -45 -46 46 48 -49 -50 -51 51 -53 53 -55 55 -57 57 59 -60 -61 -62 -63
leaf_value=0.0032781260395475481 -0.056049981100815473 0.010620134080301836 0.0043527185960290328 -0.0050606102247063847 -0.0018999771165089285 0.0081466477682687732 0.008816634198155579 0.018610756064988306 0.0060829103174651856 0.010234088459422733 -0.057050764972393232 -0.016869892773807609 -0.0011898989244232764 -0.0075796195762486505 -0.02889896255623289 -0.00032328559628407385 0.022090020044937247 0.049410579915139537 -0.031189981726170629 0.083933593958720701 0.010972456432436372 0.023674157022252069 -0.050374758747573301 0.0043606466054113228 0.008255575982164174 0.0023889554503534701 -0.007316902954710814 -0.011711949082124138 0.075787441522412902 0.0070668643209500226 -0.0035665414787241171 -0.043015431733696589 -0.07894020752527918 0.0089119709181684405 -0.064371536820888337 0.00017802708530077004 0.0023277179386931137 0.0052101085793402925 0.04168527126594096 0.024522836257961228 0.018052215938944228 -0.032787616398978169 0.0071654797633559659 0.035054832065636629 0.025414965204154455 0.0094917744292647502 0.013684090297815222 -0.0061358179060376702 0.050316565725414333 -0.043813455444005403 0.022429294676461528 -0.0072874519057900579 -0.02306552357475293 -0.089158927829174173 -0.0055235862579191553 0.040288899502342435 -0.0019707133784244465 -0.06252353521938292 0.042002298828809161 -0.024911787977216177 -0.042104297288712927 -0.00092121244810877624
leaf_weight=750.24820687877946 3536.5973429610021 1734.6283982181922 18639.341474402288 13891.358901366009 1101.2508347835392 350.44545770436525 7139.34211722482 1544.3269140725024 885.78871541516855 1572.248386095278 17.068592388241086 109.37049895944074 449.24659957177937 18.058809818699956 11.96377784386277 3032.8611655272543 165.21794299036264 14.208687743172048 40.462539191357791 18.765157103538517 527.47859734483063 38.446943163871765 11.218718242162138 202.78563563060015 8.2446578405797464 30.009704694151878 353.41047050058842 160.92446744069457 34.035211831331253 264.13175031915307 47.967133030295372 38.547908861190081 49.898632258176804 12.877649687230585 25.74590053781867 183.32786515541375 34.751519881188869 4807.6660726582631 26.284890294075012 409.59666729252785 227.65311611909419 47.382610891014338 44.515963926911354 318.27522092778236 31.363579429686069 1170.8194223195314 57.941619539633393 195.73989771679044 51.24422112852335 19.793546892702579 17.467974878847599 317.01561617897823 28.906832948327065 32.351116443052888 322.57202216982841 61.416190579533577 54.949119441211224 31.161032777279615 16.300280831754208 79.271185696125031 15.279392540454863 2025.4973329368513
leaf_count=2253 131902 6449 25017 25367 2925 775 15286 10284 2579 8185 582 425 1309 106 41 7236 459 98 109 35 1447 271 566 378 32 63 569 441 43 654 97 55 55 24 42 416 66 10479 36 3158 2211 237 104 2507 53 3513 116 380 96 38 25 733 68 63 593 69 92 31 41 119 27 5034
internal_value=-1.13061e-11 0.00310114 0.00215426 -0.000683432 0.0108761 -0.00326573 0.00558899 0.0131979 0.0146647 0.0164799 -0.00459011 0.000295232 0.00564029 0.0208259 0.0306475 -0.0011355 0.00779622 -0.00124638 0.00768759 0.0119168 0.00537836 0.0128963 0.00535885 -0.00210411 0.0608331 0.00542586 0.00256699 -0.0048281 0.0413949 -0.00930581 -0.0180716 -0.0260487 -0.0447756 0.00107032 -0.0399378 0.00516567 -0.0215181 0.00664453 0.0124524 0.018685 0.0110573 -0.00749583 -0.0110975 0.0327657 -0.00464887 0.00741504 0.00900118 0.00725335 0.0308768 -0.00410881 -0.00668324 -0.0138211 -0.040131 -0.0579703 -0.00307903 0.00344073 -0.00988515 -0.0243762 -0.00323752 -0.0355248 0.00110494 -0.00453385
internal_weight=67457.1 63920.5 56981 31202.3 6939.45 21860 25778.7 5823.99 5073.74 4187.95 15933.9 5926.08 1251.31 1892.62 348.298 4674.77 1141.94 1115.46 462.434 377.455 976.725 2295.33 9342.33 4212.34 27.0098 9331.11 2788.82 725.175 64.0449 661.13 358.375 284.123 123.198 302.755 38.6236 2063.64 73.2994 6542.29 74.252 723.079 313.483 85.8296 84.9785 336.334 384.774 1678.87 1475.75 1366.56 109.186 203.121 1179.48 395.742 78.7259 61.2579 783.735 400.288 383.446 165.381 338.872 110.432 218.065 15916.9
internal_count=276464 144562 109707 69404 34855 45153 40303 31832 29579 27000 30983 14170 3640 12938 2654 10530 3215 3023 1055 842 2756 14062 24251 9475 67 23685 6757 1576 106 1470 750 617 176 720 66 5181 121 16928 133 5877 2719 508 213 2613 622 4559 4105 3893 212 454 2239 889 156 131 1350 703 647 242 634 150 405 30401
is_linear=0
shrinkage=0.05


Tree=24
num_leaves=63
num_cat=0
split_feature=12 18 1 15 13 2 2 8 10 7 4 2 15 0 2 5 1 2 4 2 3 4 3 5 4 0 3 4 3 0 7 17 8 4 15 2 5 3 5 4 5 4 1 5 5 4 5 3 0 2 1 2 3 7 0 1 0 4 4 3 4 7
split_gain=4285.24 159.663 218.412 185.944 69.9104 37.5163 33.0007 30.5599 27.7864 31.0761 32.2119 27.9802 31.0327 15.3137 15.261 23.8717 14.1211 14.0316 13.4104 13.0372 17.5392 12.9963 23.5664 21.2738 16.9506 13.0075 16.1088 12.7697 12.7644 15.2998 19.2406 12.4504 12.1978 12.178 13.2851 27.0359 20.298 49.0448 24.9678 15.5809 12.1919 12.165 15.7855 13.7045 16.551 15.3555 15.7775 14.053 13.5152 13.3907 13.3011 12.3188 12.3726 15.2484 12.0381 21.269 21.2398 15.6067 12.6931 11.9803 11.8898 11.7867
threshold=1.0000000180025095e-35 1.0000000180025095e-35 0.11651583710407241 1.0000000180025095e-35 1.0000000180025095e-35 0.082056257993666226 0.076022508780511464 1.0000000180025095e-35 1.0000000180025095e-35 0.46418732782369149 0.50413874110461887 0.10888875398326274 1.0000000180025095e-35 50.500000000000007 0.23892751809361998 0.26006726724174684 0.22649572649572652 0.0060509421362062738 0.79633851063981576 0.021791371291644185 1.4709438475294152 0.34142322316127588 0.92292082684224608 0.7865772244475403 0.32896572339217622 24.500000000000004 1.6108391551852064 0.79633851063981576 0.94894561785212006 27.500000000000004 0.0027062027559465384 1.0000000180025095e-35 1.0000000180025095e-35 0.47853698600158706 1.0000000180025095e-35 0.13800737554482215 0.38948880153367565 2.0861391240338611 0.50428309458411436 0.49247452638628886 0.2129803280532043 0.54720405376033987 0.24038461538461542 0.31458849592229282 0.29419862807124114 0.4856322350181782 0.4317255799603314 2.5268234082224574 32.500000000000007 0.028291343098402234 0.31666666666666671 0.073508027089565262 1.3782272272128095 0.0072179648417909992 26.500000000000004 0.078461538461538485 37.500000000000007 0.68082273625320655 0.70430497503439571 1.2480557572997431 0.53841295426132241 0.00060835363647043729
decision_type=2 2 2 2 2 2 2 2 2 2 2 2 2 2 2 2 2 2 2 2 2 2 2 2 2 2 2 2 2 2 2 2 2 2 2 2 2 2 2 2 2 2 2 2 2 2 2 2 2 2 2 2 2 2 2 2 2 2 2 2 2 2
left_child=1 4 3 27 7 16 17 -1 11 10 13 12 -9 33 15 -11 21 -5 41 20 -6 22 -4 24 25 26 -24 -3 29 30 -23 -13 -21 -10 -35 39 -37 -38 -39 -36 -41 43 51 44 50 47 -47 49 -46 -45 -18 52 53 -43 57 -56 -57 61 -58 -8 -7 -19
right_child=-2 2 5 6 19 60 59 8 9 14 -12 31 -14 -15 -16 -17 18 54 -20 32 -22 28 23 -25 -26 -27 -28 -29 -30 -31 -32 -33 -34 34 35 36 37 38 -40 40 -42 42 -44 45 48 46 -48 -49 -50 -51 -52 -53 -54 -55 55 56 58 -59 -60 -61 -62 -63
leaf_value=0.0028929498521578965 -0.055671977054809155 0.0048975032809432922 0.024909704121120577 -0.054658457019833434 -0.066025370580474793 0.009090368255814189 -0.0047395162316831128 0.021597006384225473 0.02393571896443971 0.011741992150160304 0.027575324228462306 0.0060020146053901512 0.0053723698121529821 0.035737341900642969 0.0084991794273348766 0.039878303515890806 -0.0027960591995707922 0.02949651142938281 -0.040169901171451458 -0.025809669401176235 0.065424325938898173 0.0058198799788936207 -0.019362736509183433 -0.0050991645231703749 0.016319771878710455 0.0051112253628499771 0.02638831653920122 -0.050276043446921763 0.0012340739821601098 -0.0061552714791870888 -0.085841045826034301 -0.048429995370044575 -0.00088968453540021458 0.012476345134038185 -0.024419953464828757 -0.030109286434959893 0.023073424617212512 0.037586910535813159 -0.033733758723552616 -0.061573554567442082 0.028881497827379216 -0.031701470082823278 0.0065929256207123326 -0.012257876580413555 -0.029258138658779104 -0.01931480700910583 0.0011450701824489288 0.043346042133363939 0.00026067077317150827 0.0060370090769198631 0.010560044863928876 0.067071467487909875 0.035521266867574772 0.033013191104337439 -0.007802152766894054 -0.0061821840594922422 0.0041979061082846542 -0.0080452743767776159 -0.019705957204882021 -0.00027182836495100187 0.0043897420779362732 -0.00061211981767851956
leaf_weight=743.31969726155512 3287.1115392181091 9529.2032374842092 137.91539339441806 14.400148847547824 3.0938416868448284 6438.164528567344 1931.6718860100955 819.11918509344105 140.69418762344867 99.921152805909514 384.76611731667072 1432.1096125342883 460.35725343972445 60.7018818333745 75.543463139794767 307.01268930919468 631.98909178748727 33.03210885822773 16.313763949030545 51.542805669829249 14.11561593506485 9.7429230660200137 107.23601361177862 553.02743050269783 328.58722566813231 2067.4970368845388 23.446510381996632 10.498747393110532 3739.3200443157693 282.02991150540765 13.883544910582712 10.583108508959411 1038.2127044303343 728.31898611225188 17.545264214277267 72.717227395623922 114.25651006307453 14.169988559558986 91.578279013745487 3.8476447127759448 117.02095719985664 20.418803796172142 5123.3464161241427 102.33394367434084 89.147295579314232 111.80071321781725 599.43470380082726 24.824336919933558 68.626094799488783 4422.50882576406 264.39404820511118 15.800917424261568 48.865384278818965 16.424087882041931 6189.6000509947771 1565.991352310637 1030.4518207167275 891.24349707315559 58.698973331367597 6722.6845177488867 1700.5859879888594 2037.2345007148106
leaf_count=2253 131902 23550 192 290 17 14798 3528 5668 1031 603 3526 6420 1052 589 527 2396 776 49 299 334 118 16 208 748 456 2765 30 564 5567 429 73 43 2554 4456 113 344 1250 118 537 19 887 28 6706 185 104 169 1047 47 78 5581 347 21 70 19 10498 5092 2086 1578 167 15701 2616 3229
internal_value=-8.75619e-12 0.00286956 0.0020052 -0.000928733 0.0101108 0.00527184 -0.003615 0.0123462 0.0137656 0.0179062 0.0148018 0.0103766 0.0157594 0.0111902 0.0291381 0.0329695 0.00404519 -0.00533258 0.00513099 -0.00138645 0.0417929 0.0023175 0.00468896 0.00378346 0.00572757 0.00414424 -0.0111543 0.00483678 0.000431041 -0.00939305 -0.0480425 0.00560272 -0.00206834 0.0100442 0.00835848 0.00140217 -0.00720769 0.000361881 -0.024177 0.0196106 0.026002 0.00519503 0.00697977 0.0037184 -0.00148504 0.00476104 -0.00207106 0.00582908 -0.0164185 0.00562325 0.00114341 0.0265046 0.0190258 -0.00285251 -0.00527241 -0.00619627 -0.00245268 -0.00251324 0.00290963 -0.00126903 0.00810818 -0.000131722
internal_weight=67060 63772.9 56972.4 30014.7 6800.55 26957.7 20475 5693.58 4950.26 2228.09 1745.62 2722.17 1279.48 1360.85 482.477 406.934 18818.9 11820.7 11556.2 1106.96 17.2095 7262.69 3217.71 3079.79 2526.77 2198.18 130.683 9539.7 4044.98 305.656 23.6265 1442.69 1089.76 1300.15 1159.45 431.136 292.722 220.005 105.748 138.414 120.869 11539.9 5224.86 6315.06 1054.16 5260.9 711.235 4549.67 157.773 4524.84 896.383 101.509 85.7083 36.8429 11806.3 8844.74 2655.14 2961.51 1089.15 8654.36 8138.75 2070.27
internal_count=276464 144562 109707 66332 34855 43375 42218 31832 29579 16396 12870 13183 6720 9344 3526 2999 25961 22989 15477 3023 135 10484 4399 4207 3459 3003 238 24114 6085 518 89 6463 2888 8755 7724 3268 2249 1905 655 1019 906 15178 6844 8334 1305 7029 1216 5813 182 5766 1123 138 117 47 22699 17843 7345 4856 2253 19229 17414 3278
is_linear=0
shrinkage=0.05


Tree=25
num_leaves=63
num_cat=0
split_feature=12 1 15 14 18 1 0 7 11 17 2 8 5 4 13 2 5 2 1 1 0 0 1 2 4 2 3 3 3 0 5 10 8 0 4 10 2 2 2 5 3 3 5 0 0 0 5 9 8 2 13 2 7 4 4 2 4 7 2 7 7 0
split_gain=3920.58 136.978 261.452 76.7845 57.3035 54.7219 33.3157 31.4935 41.9635 31.655 31.0151 22.2954 22.9503 26.0789 20.7418 18.8567 18.2717 17.6874 17.559 16.919 56.2655 27.381 32.8547 17.4977 16.3904 16.344 15.1765 19.1298 14.4474 14.2552 27.1859 14.1928 16.1002 15.1616 13.9768 16.3408 13.967 14.1572 17.2804 13.9085 13.595 13.4853 13.2292 14.1298 13.0866 12.9373 15.8842 12.5837 51.7498 20.4859 20.8681 13.0527 13.7784 12.5344 13.5746 12.3317 12.3239 12.2314 12.0767 18.6728 11.7121 12.227
threshold=1.0000000180025095e-35 0.17156862745098042 1.0000000180025095e-35 1.0000000180025095e-35 1.0000000180025095e-35 0.10263157894736843 27.500000000000004 0.46418732782369149 1.0000000180025095e-35 1.0000000180025095e-35 0.08587125543770581 1.0000000180025095e-35 0.74484189296350822 0.50136201767525601 1.0000000180025095e-35 0.18947970705414199 0.39556567315125307 0.23892751809361998 0.10818713450292398 0.063508064516129045 32.500000000000007 45.500000000000007 0.085144927536231887 0.076606344777224819 0.79633851063981576 0.13482095018222487 2.0601535231968602 2.8531270988898112 1.0991042848040917 22.500000000000004 0.43475477212401609 1.0000000180025095e-35 1.0000000180025095e-35 43.500000000000007 0.51290641716868846 1.0000000180025095e-35 0.20271137469450831 0.058915995735900083 0.051116942866754646 0.29624423414652373 1.9408137879919847 1.1893249811517723 0.26865236753296456 31.500000000000004 37.500000000000007 42.500000000000007 0.44720589002874989 1.0000000180025095e-35 1.0000000180025095e-35 0.075466335361727602 1.0000000180025095e-35 0.067297448842355917 0.0068681318681317978 0.69157937533384606 0.696477526536875 0.17532122241791359 0.30132483120780201 0.35403196789916841 0.14331921467320899 0.0090579710144927505 0.0015974440894568926 19.500000000000004
decision_type=2 2 2 2 2 2 2 2 2 2 2 2 2 2 2 2 2 2 2 2 2 2 2 2 2 2 2 2 2 2 2 2 2 2 2 2 2 2 2 2 2 2 2 2 2 2 2 2 2 2 2 2 2 2 2 2 2 2 2 2 2 2
left_child=1 2 3 14 7 6 -6 9 17 11 -3 36 28 18 40 19 -12 42 26 -8 56 22 45 -23 47 60 58 -28 39 30 -18 32 -16 -33 -30 41 37 38 -4 -13 -1 -36 43 -9 -24 46 -22 -5 -49 50 51 52 -50 -47 -55 -46 -21 -42 59 -14 -7 -62
right_child=-2 10 4 24 5 25 15 8 -10 -11 16 12 13 -15 31 -17 29 -19 -20 20 21 23 44 -25 -26 -27 27 -29 34 -31 -32 33 -34 -35 35 -37 -38 -39 -40 -41 57 -43 -44 -45 55 53 -48 48 49 -51 -52 -53 -54 54 -56 -57 -58 -59 -60 -61 61 -63
leaf_value=0.016972752188907345 -0.055318270737298073 0.004651664872069524 -0.0057921483566079953 0.0043982072649063723 -0.00091062905792777872 -0.010235611563741852 -0.0070445029386164652 -0.013365907553446008 -0.054278466004247267 0.048141933445900183 0.012812197119441994 0.026767408389254274 0.019433893403827313 0.011349986660422671 0.065499098979373782 0.0022427293665558201 -0.046588848477214652 -0.0026605602381265907 0.032915611304057561 4.5554883863933755e-05 -0.039280667726463894 0.00095732626393014173 -0.0047142747929222271 0.015807872252237534 -0.059931567538813894 0.0077916614209295248 -0.05235534736648742 -0.0078258700856536859 0.0073670716626048141 0.0064828254611272902 0.034124295016158705 -0.016729933433371157 0.0066988032825535783 0.015655972844353813 0.046752719010315379 0.042826660024359149 -0.029405706953310979 0.0071162513538613019 -0.078848455648879393 -0.017532813802055198 0.0088174877191845111 -0.00051457382978991229 0.038358322415166346 0.031582895110041628 0.0030868557968766067 -0.00079960446101900908 -0.014183563820659481 -0.075549657046607044 0.05612988073882591 -0.0048957193378308976 -0.036043203148001954 0.081398724135994638 -0.00033539554117778444 -0.094867196176609062 -0.015844712480486869 0.047795424522528551 -0.02969758665472326 0.017426341630631458 0.040999930669513442 -0.077772868340874435 -0.02805391175001732 0.0013676225571024438
leaf_weight=1491.6763714025728 3055.2656223042868 16689.171019553818 25.369661431293935 9351.2779795350507 6109.8893643679039 240.10426702932455 8692.449520023074 29.984667459502816 17.478522684425116 38.738969248719513 1945.8334569483995 22.01289295591414 11.771083397790791 97.152341480366886 12.009710580110548 759.96534364484251 11.74280972778797 46.86557103600353 13.344014443457125 41.28669960424304 88.634959363611415 507.59049747139215 912.33497888338752 325.579405114986 10.03443817826337 930.70958882663399 67.451851564459503 37.543105199933052 793.20940853236243 4090.6999135483056 93.508150339126587 137.92651974316686 379.76359692029655 48.969571862369776 19.315707970410585 65.232832900248468 78.350228311493993 97.851136295124888 11.886774830520151 90.80506600253284 1755.228834960144 68.969106357544661 173.01497447583824 41.937851020134985 831.24141152226366 187.80126070487313 218.37829854898155 24.020608947612345 19.206843166612089 360.87341573648155 11.651843111962078 13.005123786628245 24.694031465798616 7.3768133670091656 20.64124581287615 15.71500419732183 222.58554593192821 539.3891572188586 12.575574036687611 8.5133953467011434 35.614213299937546 4168.4620801776182
leaf_count=10517 131902 22723 100 22588 10786 552 15488 132 107 296 3881 61 45 570 76 2037 27 316 28 206 504 1045 2691 760 556 2661 318 241 4591 9163 236 431 782 163 45 630 257 296 52 399 8739 201 1198 225 1768 492 885 173 77 955 72 42 71 20 65 46 1259 3347 92 20 91 8367
internal_value=-2.90374e-11 0.00267439 0.000923712 0.00639211 -0.00203745 -0.00268598 -0.00394949 0.00639841 0.0209741 0.00350883 0.00576962 0.00237232 0.00481762 -0.00886294 0.0119094 -0.00539648 0.00880746 0.0254816 -0.0218507 -0.0058774 -0.00287519 -0.000997461 -0.00382978 0.0067605 0.0039384 0.00176672 -0.0271519 -0.0364329 0.00802426 0.0069503 0.0251192 0.00309287 0.00850131 -0.00824434 0.0100398 0.0238492 -0.0126105 -0.00287079 -0.029101 -0.00888901 0.0132568 0.00982697 0.0308663 0.0128436 -0.000559299 -0.0148347 -0.0214291 0.00400376 -0.00413066 -0.000135781 0.0249195 0.037402 0.0243684 -0.00545382 -0.0366504 0.00391641 -0.0250438 0.0108411 0.00250287 -0.0213638 0.000504964 0.00111838
internal_weight=66251.7 63196.4 40365.5 14179.7 26185.7 24316.4 18941.5 1869.37 309.282 1560.09 22831 1521.35 1307.9 248.351 4364.96 12831.6 6141.78 291.803 151.199 12071.6 3379.17 3115.29 2282.12 833.17 9814.76 5374.89 137.855 104.995 1059.55 4195.95 105.251 578.669 391.773 186.896 946.727 153.518 213.458 135.108 37.2564 112.818 3786.29 88.2848 244.937 71.9225 1759.29 522.833 307.013 9804.73 453.452 429.431 68.5578 56.906 43.9009 215.819 28.0181 846.956 263.872 2294.62 32.8601 20.2845 4444.18 4204.08
internal_count=276464 144562 108532 48589 59943 49723 38052 10220 1978 8242 36030 7946 7241 1314 24055 27266 13307 1871 744 25229 9741 8276 6471 1805 24534 11671 716 559 5927 9426 263 1452 858 594 5467 876 705 448 152 460 22603 246 1555 357 4505 1966 1389 23978 1390 1217 262 190 148 577 85 1814 1465 12086 157 65 9010 8458
is_linear=0
shrinkage=0.05


Tree=26
num_leaves=63
num_cat=0
split_feature=12 1 15 14 18 1 0 7 11 17 2 8 1 0 0 1 2 13 3 5 5 4 7 4 7 0 5 7 0 9 8 4 2 0 2 2 4 10 13 5 0 5 5 4 3 4 4 5 0 5 1 13 0 3 1 2 5 2 0 0 0 7
split_gain=3596.5 135.533 235.888 66.5917 46.342 51.6763 30.9356 30.6461 31.3402 27.0566 25.9412 18.4282 18.1609 42.3619 27.5929 29.1514 19.2897 17.3876 17.3393 16.9291 14.7617 14.4476 21.2031 17.217 19.1566 23.3069 18.8658 18.0832 18.4332 13.6576 51.5535 15.3991 13.5952 27.3676 13.3716 13.2379 22.282 15.2207 31.716 13.119 17.4086 26.755 28.6404 17.1208 20.443 16.4276 13.771 13.5601 13.0232 15.2295 14.3211 12.9085 12.2607 17.1895 15.1032 16.3627 12.242 11.7882 11.7688 11.5182 23.2116 16.5681
threshold=1.0000000180025095e-35 0.17156862745098042 1.0000000180025095e-35 1.0000000180025095e-35 1.0000000180025095e-35 0.10263157894736843 27.500000000000004 0.36762690815237381 1.0000000180025095e-35 1.0000000180025095e-35 0.08587125543770581 1.0000000180025095e-35 0.067816091954023008 32.500000000000007 45.500000000000007 0.085144927536231887 0.20609855294475107 1.0000000180025095e-35 1.7701520688358665 0.34369863021653985 0.26218402473678726 0.65815267566749702 0.39873609636201318 0.49899725900825104 0.34777835105515226 34.500000000000007 0.27083996628608947 0.0039738634033808637 28.500000000000004 1.0000000180025095e-35 1.0000000180025095e-35 0.67908801761916471 0.16129568934875646 24.500000000000004 0.11811119994395351 0.098170297995553005 0.49870760959470661 1.0000000180025095e-35 1.0000000180025095e-35 0.4317255799603314 30.500000000000004 0.40747299658608382 0.26650754747316324 0.4984310071559731 1.725276656256389 0.33128620602458619 0.30489851783383981 0.35480851457327472 40.500000000000007 0.6890143708797839 0.078461538461538485 1.0000000180025095e-35 33.500000000000007 2.3440273904078679 0.21825396825396828 0.15734983683087347 0.81636695571497608 0.1018090380931647 24.500000000000004 30.500000000000004 29.500000000000004 0.0034965034965039918
decision_type=2 2 2 2 2 2 2 2 2 2 2 2 2 2 2 2 2 2 2 2 2 2 2 2 2 2 2 2 2 2 2 2 2 2 2 2 2 2 2 2 2 2 2 2 2 2 2 2 2 2 2 2 2 2 2 2 2 2 2 2 2 2
left_child=1 2 3 17 7 6 -6 9 18 11 -3 -4 21 16 15 48 -14 58 -9 52 -20 23 59 24 27 57 -27 -8 -29 -5 -31 -32 -7 -34 -16 37 -37 -13 -39 40 41 42 46 44 -42 47 -30 -44 49 -15 -50 -33 54 -54 55 -12 -19 -26 -1 60 -23 -62
right_child=-2 10 4 29 5 32 12 8 -10 -11 19 35 13 14 34 -17 -18 56 20 -21 -22 22 -24 -25 25 26 -28 28 39 30 31 51 33 -35 -36 36 -38 38 -40 -41 43 -43 45 -45 -46 -47 -48 -49 50 -51 -52 -53 53 -55 -56 -57 -58 -59 -60 -61 61 -63
leaf_value=0.009192258973455247 -0.054985791742378609 0.0045322829898064359 -0.012481876858572098 0.0040904445095111168 -0.00096882342269587771 0.00081972133038911107 -0.0028927080620020449 0.003294591925259157 -0.048661595643361533 0.045189872838578088 0.015007703918794836 0.003375290742253843 -0.023982974668994739 -0.034718493497770092 0.0038888705388033951 -0.00021756194107881745 0.046242006295592754 0.0017446837545891302 0.010136997027546731 0.0067492160167106421 0.038365689705810835 -0.0083667097170595436 -0.026505111570971351 -0.0011924936466823723 0.026406081276640576 0.035778551927120227 -0.01715025150271866 0.0029305134482077782 0.040829573307463306 -0.075616751351067227 -0.0028903918622263146 0.066951828267373545 -0.023744834142025165 0.012931384174235123 0.019123894662908637 -0.010739581113471851 0.0062618283457459472 0.035684009152232701 -0.011257630947588408 -0.013750246876151746 -0.0071417422678644038 0.033470678111400143 -0.052451911816102398 -0.064582474076374949 0.012028954825055463 -0.068610411712393668 -0.018034533164487082 0.0015926880718178775 -0.022365379933519253 -0.0067407518134077376 7.9209664146510919e-05 -0.023807732939243063 0.012953556794568664 0.030179307446181275 0.0098520390339935059 -0.058933258162249119 0.047284697613015125 -0.00030095535472439032 0.0148716975039625 -0.010117848103728616 -0.015306035725715464 0.020740008857806913
leaf_weight=1612.5648804176599 2845.2063706112094 16662.34005580275 202.28748770058155 9308.0827679196082 6102.3406500675192 4806.0269598944578 1322.5320709294174 81.257915121503174 16.007658014073968 36.37835453171283 13.466014642268421 280.73646506108344 256.08526495799015 121.47912913071923 562.57618038938381 1836.2440453442978 10.166960656642912 547.44242380559444 65.065730872098356 4543.9422277510166 160.68017011508346 472.5869734864682 169.80847167898901 1951.4718392057111 115.91244937106967 19.444389876909554 125.48998763691634 252.56505679525435 15.86024455539882 24.334759945049882 404.26492869853973 14.411766018718483 56.740034226328135 491.1191631751135 193.58500457555056 305.50116050802171 522.03321840893477 124.81285219267011 50.559766530990601 1724.123361799866 526.53267025854439 19.146595919504762 23.260150574147701 11.126306256279348 188.97149989753962 42.11215381976217 26.599032234400511 23.165809936821461 106.09112800960429 81.122333290288225 215.30365829332732 5.380275033414363 580.60286635905504 192.95778430532664 842.106286322698 16.837593533098698 15.166133460588751 64.2033087965101 2099.9702630965039 2080.1854310906492 41.14689283259213 141.52207107748836
leaf_count=7702 131902 22723 685 23139 10786 10001 2315 467 107 291 41 693 1473 659 1104 4769 21 1411 325 10104 1197 701 322 4253 171 43 302 391 23 178 1126 63 153 1517 555 1660 3647 1024 124 3154 915 28 37 33 381 83 45 33 456 367 540 28 1057 473 1605 27 41 152 14901 3671 65 204
internal_value=-9.74036e-12 0.0024862 0.000733874 0.00595996 -0.00208198 -0.00266446 -0.00389615 0.00555571 0.019544 0.00258761 0.00555906 0.00154463 -0.00529826 -0.00215844 -0.000522951 -0.00318595 -0.0213014 0.0111635 0.0231003 0.00832298 0.0302295 -0.00643324 -0.00936113 -0.00511496 -0.00681558 0.0048761 -0.0100493 -0.00772564 -0.00996562 0.00367985 -0.00484353 -0.000782164 0.00167041 0.00913294 0.00778919 0.00375504 -1.4588e-05 0.0105944 0.0221508 -0.0112179 -0.00623827 -0.0217375 -0.0298068 -0.00303565 -0.00207858 -0.0459969 0.00395357 -0.0254845 -0.0135881 -0.0235161 -0.00732966 0.0422797 0.0126676 0.0172504 0.00860406 -0.0260761 0.0029723 0.0168862 0.0124048 -0.00829688 -0.002516 0.0126205
internal_weight=65771 62925.8 40073.6 14031.6 26042 24196.6 18842.8 1845.32 323.011 1522.31 22852.3 1485.93 12740.4 3382.65 3116.4 2360.24 266.252 4275.14 307.004 6189.91 225.746 9357.77 2905.25 6452.52 4501.05 325.05 144.934 4175.99 2853.46 9756.47 448.392 424.057 5353.89 547.859 756.161 1283.64 827.534 456.109 175.373 2600.9 876.774 150.144 130.997 726.63 715.504 88.5381 42.4593 46.426 523.996 202.601 321.395 19.792 1645.97 773.561 872.41 30.3036 562.609 180.116 3712.54 2735.44 655.256 182.669
internal_count=276464 144562 108532 48589 59943 49723 38052 10220 2096 8124 36030 7833 27266 9944 8450 6791 1494 24055 1989 13307 1522 17322 4963 12359 8106 668 345 7438 5123 24534 1395 1217 11671 1670 1659 7148 5307 1841 1148 4732 1578 249 221 1329 1296 153 68 70 2022 1026 996 91 3203 1530 1673 68 1452 323 22603 4641 970 269
is_linear=0
shrinkage=0.05


Tree=27
num_leaves=63
num_cat=0
split_feature=12 1 15 14 18 2 7 11 2 17 2 4 4 13 3 4 5 3 0 1 0 0 1 7 0 5 5 3 9 8 4 8 1 0 0 5 7 0 5 5 1 2 4 7 0 5 8 3 4 0 5 3 4 7 5 1 7 2 0 0 4 0
split_gain=3306.61 139.004 237.408 56.8922 36.8024 27.9534 26.9775 29.2624 24.4712 22.2351 18.5717 26.618 17.716 15.8027 14.2261 13.8519 17.2712 28.807 15.2324 13.6071 20.9641 16.1025 18.1633 14.5349 13.3358 17.2572 16.0772 17.9212 13.3093 51.2349 14.8635 12.9001 12.5858 22.0423 20.1815 12.3748 13.5374 11.767 11.5698 13.3324 11.5219 11.468 11.256 11.1266 11.089 11.0356 11.1093 10.9526 11.8755 10.8857 10.7257 10.8873 10.6434 10.596 10.5375 10.5116 10.4622 11.7419 17.8253 20.7899 10.2507 10.1281
threshold=1.0000000180025095e-35 0.13809523809523813 1.0000000180025095e-35 1.0000000180025095e-35 1.0000000180025095e-35 0.11811119994395351 0.36762690815237381 1.0000000180025095e-35 0.084826750860447983 1.0000000180025095e-35 0.09641876010619832 0.49870760959470661 0.79633851063981576 1.0000000180025095e-35 1.7701520688358665 0.473359483674125 0.50083144511883482 2.0861391240338611 28.500000000000004 0.070197044334975381 45.500000000000007 26.500000000000004 0.085144927536231887 0.0096153846153844702 28.500000000000004 0.81342281879194567 0.27878620746909005 2.8531270988898112 1.0000000180025095e-35 1.0000000180025095e-35 0.67908801761916471 1.0000000180025095e-35 0.10263157894736843 26.500000000000004 26.500000000000004 0.37701295203477819 0.014837833228938687 37.500000000000007 0.76244369451063998 0.35480851457327472 0.060661764705882359 0.14529471878133871 0.31709168822424133 0.010440258913180737 21.500000000000004 0.26218402473678726 1.0000000180025095e-35 1.9408137879919847 0.79633851063981576 28.500000000000004 0.30355353904219701 7.5382525458060572 0.45450103705752887 0.35403196789916841 0.48140103480406182 0.11882352941176472 0.039923555507266929 0.3306394786638524 23.500000000000004 27.500000000000004 0.3138885951822476 46.500000000000007
decision_type=2 2 2 2 2 2 2 2 2 2 2 2 2 2 2 2 2 2 2 2 2 2 2 2 2 2 2 2 2 2 2 2 2 2 2 2 2 2 2 2 2 2 2 2 2 2 2 2 2 2 2 2 2 2 2 2 2 2 2 2 2 2
left_child=1 2 3 13 6 12 9 14 -3 10 35 15 32 47 -8 52 18 31 41 24 21 23 37 -21 26 -26 27 44 -5 -30 42 -18 33 -6 43 36 50 -23 39 -39 -19 -17 -31 60 -7 49 -47 -1 53 -16 51 -4 -12 61 55 -45 57 -10 -59 -60 -34 -49
right_child=-2 8 4 28 5 19 7 -9 56 -11 11 -13 -14 -15 45 16 17 40 -20 20 -22 22 -24 -25 25 -27 -28 -29 29 30 -32 -33 34 -35 -36 -37 -38 38 -40 -41 -42 -43 -44 54 -46 46 -48 48 -50 -51 -52 -53 -54 -55 -56 -57 -58 58 59 -61 -62 -63
leaf_value=0.015022316818681408 -0.054675029902334082 0.0041957463205056318 0.024797195705553735 0.0038405117640583561 -0.0016031977374569462 -0.035336899136557756 0.0028422171810573702 -0.049222665302976421 0.0092575848008884538 0.041114945072434836 -0.0049788316213329664 0.0026301362577381619 -0.056686041260871713 0.0026237035999740559 -0.025071621638714892 0.030231947407688795 -0.049000445590660385 -0.048655822160668626 0.0056996324200881861 0.010567994352364968 0.018182617670801201 -0.064388785405596838 0.0048626511815850308 -0.041146699142584842 -0.003772364576534697 -0.044494997573386055 0.00039304619422238728 0.055678914904421152 -0.075557559652670969 0.031955312241469747 0.042247603486754229 0.0069558368717369257 -0.045223297663528256 -0.0060947222584224253 0.00087448950142114299 0.0033062458374573511 -0.011329199174938661 0.0077088138295472886 0.019805650178697107 -0.036839748692051102 0.0052469545624883526 -0.055564746313196217 -0.0049440459167187029 -0.081725460167240666 0.016967417151932351 0.012912928005079337 0.043230754980941345 0.0068588258062686263 -0.074687277070300595 0.022482837395195396 0.050995701120646247 -0.034649056344078361 0.051767704209983625 0.015874298225608659 0.01064696816261684 -0.0046150457955779723 0.0050469564206294349 -0.07397111447626592 0.061257257808458726 -0.032008532091314199 -0.015161590839465484 0.026000155533889464
leaf_weight=1425.6785478726961 2652.5659681409597 18169.502702958562 66.883059998508543 9196.3547090729408 3762.0102801783942 12.234304882586001 77.703920182771981 15.540542390197514 4647.6662003928795 34.353547979611903 24.645655080676079 612.73173251003027 16.155333299189806 566.13443596847355 16.281224064528942 4.8579053562134531 12.499513834714888 102.92915253527462 94.157597340643406 20.520732865668833 221.11891389731318 11.571735104080288 1002.4974238476716 40.211856310255826 2207.6125630941242 26.326099568977952 1706.4250153200701 27.222992453724146 24.317391564138234 21.842585256323218 19.035558499395847 58.531517767347395 36.612917545018718 9972.4288744519581 1972.7529814408626 330.4045855877921 26.053368214517832 26.251345659140497 23.115574639290571 46.624359695240855 10.970510661136357 19.646004916168749 384.1192116420716 6.7815371705219158 59.01322996430099 41.430990532506257 111.61845585517585 1631.3129920046777 4.1903390749357632 46.131725282873958 36.373980897013098 8.7045661062002164 12.4308167938143 511.74113633809611 62.572260142304003 12.689492461271584 2529.8923950865865 10.5731507204473 9.6134630311280507 15.78790254332125 125.76620920537971 72.164419347420335
leaf_count=10514 131902 25068 273 22964 5860 33 461 103 10514 291 172 3978 582 1446 71 28 52 495 409 71 697 73 2983 201 5115 88 3874 57 178 85 91 448 176 20012 4192 1356 76 83 71 166 32 93 1041 48 135 193 1002 8063 63 254 190 48 77 3323 168 51 5065 15 23 32 604 635
internal_value=1.15966e-12 0.00232406 0.000370031 0.00554688 -0.00272688 -0.00329925 0.00421282 0.0176388 0.00517395 0.00136652 0.000406135 -0.00359934 -0.00435316 0.0103956 0.0211831 -0.0148038 -0.0183272 -0.0278801 -0.00343917 -0.00020049 0.0040628 0.0013961 0.00276765 -0.023673 -0.00166976 -0.00425226 0.00152664 0.0211711 0.00342998 -0.00497262 -0.000933911 -0.00289093 -0.00430016 -0.00486445 -0.000804629 0.00855869 0.0211329 -0.0167579 -0.011016 -0.0207924 -0.0434641 -0.0385555 -0.00295869 -0.0143569 0.00798596 0.0277975 0.0350236 0.0116027 0.00940599 0.0100776 0.0286868 0.0179514 0.0140469 0.00956506 0.000651096 -0.0314717 0.00763785 0.00903733 -0.0194182 0.00328907 -0.0219398 0.00766971
internal_weight=65055.9 62403.3 37020.3 13856.9 23163.4 21398.5 1764.88 308.707 25383 1456.17 1421.82 953.4 15967.8 4211.22 293.166 340.669 303.592 184.931 118.662 5430.75 1391.91 1170.79 1110.06 60.7326 4038.83 2233.94 1804.9 98.4705 9645.67 449.315 424.997 71.031 15951.6 13734.4 2217.18 468.42 138.015 107.563 95.9913 72.8757 113.9 24.5039 405.962 244.422 71.2475 215.462 153.049 3645.09 2219.41 62.4129 111.962 75.5876 37.0765 2215.22 82.0433 19.471 7213.53 4683.64 35.9745 25.4014 162.379 1703.48
internal_count=276464 144562 103845 48403 55442 45340 10102 2084 40717 8018 7727 5784 31693 24044 1981 1806 1557 1027 530 13647 4345 3648 3376 272 9302 5203 4099 225 24359 1395 1217 500 31111 25872 5239 1943 587 393 320 249 527 121 1126 1047 168 1520 1195 22598 12084 325 511 321 249 12021 267 99 15649 10584 70 55 780 8698
is_linear=0
shrinkage=0.05


Tree=28
num_leaves=63
num_cat=0
split_feature=12 1 15 14 1 4 10 7 4 2 13 2 5 11 7 0 3 0 0 5 0 3 3 1 0 1 13 0 5 3 7 0 2 5 4 14 7 5 0 1 5 1 5 7 9 8 4 4 7 0 1 5 2 3 4 5 7 7 0 3 4 7
split_gain=3042.83 140.851 197.014 49.4831 43.2824 30.3806 29.1781 43.897 31.3298 22.5977 20.0978 19.174 18.7443 17.3943 16.197 17.8659 18.7334 14.9634 14.4983 14.395 14.69 17.5545 13.8354 13.5722 27.3092 15.5648 13.4789 12.8725 17.4682 16.9853 16.8015 14.1701 12.286 12.1936 11.7914 11.77 11.063 12.6807 10.9499 10.9121 19.6345 29.6348 16.7569 19.7284 10.8764 36.4245 12.1883 13.6524 10.6169 10.5701 15.1114 10.7907 10.5317 15.9141 11.3954 11.3562 11.6125 11.0528 10.5208 14.0207 15.1512 14.6171
threshold=1.0000000180025095e-35 0.17156862745098042 1.0000000180025095e-35 1.0000000180025095e-35 0.11324786324786326 0.79633851063981576 1.0000000180025095e-35 0.38169290533165812 0.50393259127508916 0.08587125543770581 1.0000000180025095e-35 0.10698584444712256 0.76244369451063998 1.0000000180025095e-35 0.013683010262257796 34.500000000000007 3.5108789420178881 25.500000000000004 45.500000000000007 0.34369863021653985 33.500000000000007 2.3440273904078679 1.3333333333333348 0.078461538461538485 32.500000000000007 0.10818713450292398 1.0000000180025095e-35 28.500000000000004 0.58402870599568846 7.1716904224573685 0.0036467216595792687 25.500000000000004 0.23892751809361998 0.79837855411652103 0.79633851063981576 1.0000000180025095e-35 0.26368680250513188 0.57635292663558124 15.500000000000002 0.35416666666666669 0.22576968964262067 0.29285714285714287 0.26865236753296456 0.020659137897523001 1.0000000180025095e-35 1.0000000180025095e-35 0.57649770559291291 0.50727360843135083 0.0012061906739954512 39.500000000000007 0.085144927536231887 0.20307776686790402 0.073508027089565262 1.2115427483795742 0.7369530981585376 0.40157398832664865 0.23194853196706502 0.0081967213114755594 31.500000000000004 0.94894561785212006 0.68082273625320655 0.01986169550556122
decision_type=2 2 2 2 2 2 2 2 2 2 2 2 2 2 2 2 2 2 2 2 2 2 2 2 2 2 2 2 2 2 2 2 2 2 2 2 2 2 2 2 2 2 2 2 2 2 2 2 2 2 2 2 2 2 2 2 2 2 2 2 2 2
left_child=1 2 3 26 5 6 11 8 12 -3 22 17 27 38 15 16 -14 -4 -12 20 39 -22 -10 58 25 -25 -1 28 29 31 -29 -8 -9 -24 44 -6 -32 -38 -13 40 41 -11 -41 -44 -5 -46 47 -47 -30 50 -26 -52 53 54 -27 -55 -57 -56 59 60 61 -19
right_child=-2 9 4 34 35 -7 7 32 10 19 18 13 14 -15 -16 -17 -18 23 -20 -21 21 -23 33 24 49 52 -28 30 48 -31 36 -33 -34 -35 -36 -37 37 -39 -40 42 -42 -43 43 -45 45 46 -48 -49 -50 -51 51 -53 -54 55 57 56 -58 -59 -60 -61 -62 -63
leaf_value=0.010872565258255584 -0.054380199610634061 0.0043445329320041031 -0.0015158102397040214 0.0036300215032991552 0.0021412567835811321 -0.063543075796880372 -0.0029357845742597928 0.025058237676707725 -1.1303968763833056e-05 0.0015096326550044841 -0.023738404086361461 -0.054639045806053055 -0.056678761375797394 -0.040962312580009284 0.016644400226268393 -0.0052827273057746331 -0.0032282586151824357 -0.0042864212048635856 0.03406287709580335 0.0064445734651546616 0.012893811173019713 0.031142978069658336 0.030642302725723932 -0.022950531306495724 -0.020882818774124186 -0.036860084312677191 0.0025646120692851757 0.01407032232485139 0.069944244982619308 -0.089187739015089279 -0.0019441878174175304 -0.038820940540103106 -0.00067861601468377302 -0.008410363674129619 -0.055386075049943098 0.020307468727223339 -0.069702040094488535 0.0077940584922833837 -0.00078399706671208934 0.03868964964802156 0.0080026678768554942 -0.068314291139118744 0.024492636563800116 -0.038137261731161942 -0.070697458106864203 -0.0018295050274552208 0.025705220862950934 -0.045664243591530429 0.00058069190781894929 0.0040114226283219914 0.024421157556509126 -0.0021010353636527904 0.0068701184746450331 -0.025852748594567494 -0.023300823265104121 -0.0027492310643595077 0.047580958700969955 0.062082035745309544 -0.0079394749739024311 -0.0034502718706212153 -0.047534960076557727 -0.055574681084208634
leaf_weight=3579.3826180987526 2473.8486230112612 16619.640636090102 3166.7693597355392 9213.9997898330912 3874.0360960521502 20.785790983878542 59.729643224738538 251.61303995316848 69.407603984698653 50.895078226923943 52.324216637760401 9.454774606972931 59.510954497382045 27.198996379971504 24.959976081736386 55.75455440254882 22.624977080151439 113.97666287049651 13.686540771275757 4491.2357225725427 562.27256983704865 172.11580964457244 169.42319016391411 205.2403653896763 106.63459720881656 75.436823097988963 565.31589671876281 186.06479995232075 6.0584045499563208 9.4826450608670694 473.87576431035995 50.997338780201972 56.846712599042803 22.661501698661596 8.5781983220658713 91.264136463403702 13.024201074615123 8.8761291019618493 5433.9986667085905 65.320028103888035 691.0094246417284 21.664797019213438 33.4803402479738 20.136226825416088 19.780536647886038 368.57715235464275 38.075362386181951 18.662241641432047 61.693145546596497 931.76559153269045 39.411642044316977 1424.329033955466 112.53607026627287 52.690152033232152 9.8390306532382983 227.88384533696808 12.067577300127594 6.1652992148883632 4930.1932286258088 2975.7305875539314 35.170816754456609 15.820213191211222
leaf_count=22603 131902 22723 4962 22588 7456 599 342 1651 461 91 176 31 272 141 139 261 112 178 45 10104 1057 473 1379 1274 553 349 1452 1043 33 25 2540 292 346 147 556 247 43 62 13406 168 1231 58 83 42 173 952 165 100 468 1844 66 3538 376 273 56 717 42 15 9193 4668 87 35
internal_value=2.77657e-12 0.00216607 0.000357132 0.00516874 -0.0022423 -0.00312371 -0.00306552 0.00328553 -0.000576486 0.00530033 0.0128984 -0.00359773 -0.00485 -0.00107683 -0.0204184 -0.0271272 -0.0419554 -0.00455267 -0.011754 0.00790097 0.0119464 0.0171708 0.0191216 -0.00540563 -0.00265233 -0.0113682 0.0097394 -0.00193518 -0.0135202 -0.0249635 0.00125844 -0.0194634 0.0203151 0.026035 0.00320922 0.00255936 -0.00354986 -0.0382931 -0.000877538 0.00759885 0.00540453 -0.0193383 0.0216863 0.000971365 0.00326126 -0.00437257 -0.00128793 -0.00394203 0.00678324 -0.000207508 -0.00271077 -0.00138692 -0.00658146 -0.0105228 -0.0287301 -0.00483357 -0.000218038 0.00959096 -0.00649864 -0.00423685 -0.0184254 -0.0105377
internal_weight=64581 62107.2 39379.4 13812.4 25567 21601.7 21580.9 1668.62 1360.16 22727.8 327.503 19912.3 1032.65 5470.65 162.85 137.89 82.1359 14441.7 66.0108 6108.13 1616.89 734.388 261.492 11274.9 3204 701.859 4144.7 869.802 187.961 120.21 681.841 110.727 308.46 192.085 9667.67 3965.3 495.776 21.9003 5443.45 882.506 763.569 72.5599 118.937 53.6166 9659.1 445.095 425.315 387.239 67.7516 2502.14 1570.38 1463.74 496.619 384.083 91.4412 292.642 239.951 16.0043 8070.89 3140.7 164.968 129.797
internal_count=276464 144562 108532 48589 59943 52240 51641 9837 7840 36030 2208 41804 5632 13578 784 645 384 28226 221 13307 3203 1530 1987 23264 9103 3102 24055 4848 1160 659 3688 634 1997 1526 24534 7703 2645 105 13437 1673 1380 149 293 125 23978 1390 1217 1052 501 6001 4157 3604 1828 1452 420 1032 759 71 14161 4968 300 213
is_linear=0
shrinkage=0.05


Tree=29
num_leaves=63
num_cat=0
split_feature=12 1 15 14 4 3 2 4 13 4 10 13 4 2 0 5 0 1 5 2 0 2 3 2 1 0 0 5 5 0 5 4 2 1 5 0 0 4 3 0 2 7 0 3 5 3 7 0 5 8 2 3 18 0 4 3 5 3 3 5 0 7
split_gain=2804.49 141.172 199.979 42.5217 27.0063 25.7854 21.2945 19.5451 12.1195 10.6025 24.5257 18.6622 15.6347 15.4732 16.2554 15.1151 16.5522 16.7241 15.9575 17.7414 14.7199 24.6594 20.7669 27.8267 19.7353 18.9036 14.5953 14.0928 14.1724 12.8424 23.0751 18.2488 25.391 19.8962 17.2971 16.93 38.3321 34.8996 32.5385 26.9001 23.6732 26.0548 19.1453 22.0102 20.6782 17.1024 16.3386 16.0074 14.7528 14.5954 17.9041 20.9693 14.8895 17.7521 13.69 13.2755 13.0302 12.6926 12.8121 12.3579 11.5845 11.5295
threshold=1.0000000180025095e-35 0.12771739130434787 1.0000000180025095e-35 1.0000000180025095e-35 0.79633851063981576 1.725276656256389 0.08587125543770581 0.64689781423172887 1.0000000180025095e-35 0.50267930185645227 1.0000000180025095e-35 1.0000000180025095e-35 0.50502339661538531 0.16350047043977281 22.500000000000004 0.50083144511883482 26.500000000000004 0.085144927536231887 0.56494760538834832 0.15929130631764651 25.500000000000004 0.17532122241791359 2.0601535231968602 0.19925475533784112 0.10818713450292398 23.500000000000004 34.500000000000007 0.58018506802634451 0.76244369451063998 34.500000000000007 0.22789998664364186 0.48410612100031536 0.19598009664683361 0.093073593073593086 0.27878620746909005 27.500000000000004 25.500000000000004 0.49780836221452002 1.9605383875631357 29.500000000000004 0.18336372748265045 0.024404855998406989 26.500000000000004 2.2983852714705191 0.31228948652628735 2.0342686833610224 0.0085518814139110954 30.500000000000004 0.33052274816355121 1.0000000180025095e-35 0.19265216316070116 3.6830954028089402 1.0000000180025095e-35 28.500000000000004 0.48840047944250359 1.8564704058125117 0.43475477212401609 4.0052619565694458 3.2885575010432961 0.75239762147416378 45.500000000000007 0.0037824922719706887
decision_type=2 2 2 2 2 2 2 2 2 2 2 2 2 2 2 2 2 2 2 2 2 2 2 2 2 2 2 2 2 2 2 2 2 2 2 2 2 2 2 2 2 2 2 2 2 2 2 2 2 2 2 2 2 2 2 2 2 2 2 2 2 2
left_child=1 2 3 8 5 -4 -3 9 -1 15 13 12 -12 -11 -15 29 20 18 19 -18 21 -17 24 27 -22 -23 59 -24 -29 30 61 32 -31 -33 47 36 38 45 48 49 -41 46 43 -39 -44 54 -42 -32 55 -37 51 52 -51 -54 -38 -36 -52 58 -40 -16 -13 -7
right_child=-2 6 4 -5 -6 7 -8 -9 -10 10 11 60 -14 14 26 16 17 -19 -20 -21 22 25 23 -25 -26 -27 -28 28 -30 31 34 33 -34 -35 35 39 37 42 57 40 41 -43 44 -45 -46 -47 -48 -49 -50 50 56 -53 53 -55 -56 -57 -58 -59 -60 -61 -62 -63
leaf_value=0.010176499757333512 -0.054099933877059671 0.0039963777721801 -0.0039269340848433363 0.0029940277120637836 -0.061264671219934466 -0.069350069349823837 0.0072409091426198016 -0.010557184318614942 0.002275651937790518 -0.0008021343246496041 0.0051679315428890937 -0.02844508409612544 0.031477468872316679 -0.019911370121080019 0.017543724406303675 0.0063781324199561566 -0.010847072331582074 0.0019424559451749692 -0.0057678007225793566 -0.036821232915907637 0.067894528742875118 -0.041505937469348192 -0.039964272321651249 -0.077454716172133897 -0.015762512539350185 -0.00068397623547789888 0.0017131885564822765 0.054385057400007722 -0.0092444729750255847 -0.00082389998810926889 0.025578879637905946 0.007125921380465256 -0.06237124973035986 0.031769743427307401 0.029834730933416143 -0.033095893685061495 -0.0050128151619239746 -0.093889775257196759 -0.007445896181759633 0.005303217425720934 -0.013464941156010341 0.031051535663001142 -0.088099812276719688 -0.011629698146392305 -0.0029024642304766009 0.0069849508368684038 -0.058412037793632667 -0.010245689745193616 0.045011924244222637 0.066483171434346219 0.023281697835959472 0.074088215819561695 0.02846536994133347 -0.0183388386998838 -0.07526600953201712 -0.049526327953005572 0.096124827531869891 -0.051128387853142956 0.04806229748736203 0.050098694862702811 0.020154931031375122 -0.018786754930387898
leaf_weight=3523.7290317204315 2309.1720188404433 18321.998116841918 15578.38186485297 9554.2924110663589 19.757880815915996 14.147821628488598 6985.0860461471602 437.11622241407167 562.91355609800667 1636.026255566394 87.13906415970996 33.299077460542321 160.42980913585052 36.016041060909629 116.07317103631794 380.86327848257497 224.1924199052155 514.32639526692219 1126.207248324994 93.019117827527225 31.212605189532042 54.229955269023776 8.6275978833436948 9.2236437350511533 9.1067383177578431 59.446836389601231 107.03380829654634 23.70637827925384 13.872061882168053 143.66028498380911 115.54981191828847 566.26504351594485 18.969902336597443 95.750609952956438 12.349051844328644 10.812841469421981 14.064216133207085 33.039760906249285 173.44225160498172 242.69331266987137 40.702291374094784 17.7838244009763 9.5971342474222165 10.786578601226209 27.614452511072159 67.457654135301709 40.175753246992826 42.706228628172539 53.225766799412668 10.223297514021395 10.646741766482593 14.592158096842466 36.507124993950129 45.519671397283673 13.678868580609558 9.191939687356351 14.500839442014692 15.570592733100055 11.058346904814242 38.927087197080255 19.408005680888891 55.502993334550411
leaf_count=22598 131902 25382 33118 24359 643 42 15534 980 1446 3642 547 132 1361 97 429 1042 646 1493 3738 330 58 184 31 13 31 163 312 64 50 454 342 1942 29 246 26 37 31 49 542 745 86 49 18 32 63 145 79 187 157 54 23 37 89 106 37 22 23 54 38 94 59 202
internal_value=6.91856e-12 0.00202298 3.08962e-05 0.00481976 -0.00283354 -0.00278287 0.00489191 -0.000309998 0.0090882 0.000351611 0.00317081 0.0164656 0.0222171 0.00110672 0.0115846 -0.00103713 -0.00358648 -0.00579932 -0.00855791 -0.0184637 0.00375259 0.000278382 0.0216967 0.00183697 0.0489993 -0.0201583 0.0159137 0.0176652 0.0308962 0.00223074 -0.00115321 0.00700373 -0.00800305 0.0106903 0.00062417 -0.00196267 -0.00893224 -0.027134 0.00273957 0.00453069 -0.00309218 -0.0237436 -0.05125 -0.0736439 -0.0248755 -0.00660569 -0.0357922 0.0159114 0.0308825 0.0227524 0.0273276 0.0183934 0.0095836 0.002492 -0.0396515 -0.0040301 0.0652852 -0.00777745 -0.00411892 0.0257196 -0.0105494 -0.0290574
internal_weight=64062.6 61753.4 36446.4 13640.9 22805.4 22785.7 25307.1 7207.29 4086.64 6770.17 2234.35 300.276 247.569 1934.08 298.05 4535.82 2548.03 1957.75 1443.42 317.212 590.289 494.54 95.749 55.4297 40.3193 113.677 262.034 46.206 37.5784 1987.79 1163.14 824.646 162.63 662.016 1093.49 935.234 451.077 176.239 274.838 484.158 341.355 98.6619 81.0379 43.8263 37.2116 95.2007 80.878 158.256 74.7668 142.803 131.99 106.842 92.2501 82.0268 27.7431 21.541 25.1476 200.071 184.501 155 52.7071 69.6508
internal_count=276464 144562 103646 48403 55243 54600 40916 21482 24044 20502 6673 2099 1908 4574 932 13829 7843 6207 4714 976 1636 1389 247 158 89 347 835 145 114 5986 3315 2671 483 2188 3071 2542 1214 375 839 1328 959 214 162 81 81 213 165 529 205 369 332 286 249 195 68 48 46 634 580 523 191 244
is_linear=0
shrinkage=0.05


Tree=30
num_leaves=63
num_cat=0
split_feature=12 1 15 14 1 0 0 18 3 5 2 3 5 13 2 2 7 14 1 0 0 1 5 3 3 13 5 0 3 8 10 13 5 5 7 2 2 2 4 10 2 4 5 1 3 4 4 5 1 0 7 0 5 5 0 4 3 5 13 0 2 0
split_gain=2588.92 142.62 176.497 36.8416 27.9902 22.186 21.8603 27.3913 23.7885 20.9254 36.1314 32.8373 27.9862 20.6514 18.227 17.8386 16.0793 14.9106 14.4973 33.6127 15.551 28.8017 14.1296 18.6376 20.9018 13.905 13.7266 14.897 13.9637 13.7226 14.7231 13.2398 12.8824 12.7577 16.9361 12.7234 11.2692 11.1958 11.0031 13.5 11.8604 10.8467 10.8415 16.0695 18.6726 12.6774 13.4371 13.2951 19.0441 15.104 12.2025 11.6914 16.2269 14.6194 10.9895 23.6409 17.0798 11.9932 10.7125 11.5151 11.1204 22.8622
threshold=1.0000000180025095e-35 0.15192307692307697 1.0000000180025095e-35 1.0000000180025095e-35 0.10263157894736843 23.500000000000004 26.500000000000004 1.0000000180025095e-35 3.1007607312275844 0.50428309458411436 0.20961523723513517 2.0861391240338611 0.38948880153367565 1.0000000180025095e-35 0.08587125543770581 0.1862936123229802 0.37536236552311913 1.0000000180025095e-35 0.051315789473684217 32.500000000000007 42.500000000000007 0.085144927536231887 0.32506643242739047 1.3931279703090911 1.3604060913705587 1.0000000180025095e-35 0.4137337214612587 22.500000000000004 1.8564704058125117 1.0000000180025095e-35 1.0000000180025095e-35 1.0000000180025095e-35 0.48802955993199532 0.20811384319771731 0.0038322288943726059 0.07258388220740962 0.19265216316070116 0.076606344777224819 0.50302072940323461 1.0000000180025095e-35 0.1862936123229802 0.30617722481003934 0.6787926813096089 0.13809523809523813 2.7446230342275664 0.50648231678088662 0.28688679665131872 0.47205925314072572 0.11651583710407241 28.500000000000004 0.0059807334745934073 27.500000000000004 0.29419862807124114 0.38326123203468149 25.500000000000004 0.50677688057074199 1.3164971566876664 0.71386829443861488 1.0000000180025095e-35 39.500000000000007 0.13800737554482215 34.500000000000007
decision_type=2 2 2 2 2 2 2 2 2 2 2 2 2 2 2 2 2 2 2 2 2 2 2 2 2 2 2 2 2 2 2 2 2 2 2 2 2 2 2 2 2 2 2 2 2 2 2 2 2 2 2 2 2 2 2 2 2 2 2 2 2 2
left_child=1 2 3 -1 6 13 33 8 9 10 22 29 -12 15 -3 26 38 35 -9 36 21 32 58 24 -24 -14 27 -6 -28 -11 -31 -10 41 34 -4 -7 -20 -22 40 -40 -13 -21 45 -44 54 46 -37 49 50 51 -49 -48 -53 -54 55 -45 -56 -58 60 -60 61 -8
right_child=-2 14 4 -5 5 17 7 18 31 11 12 16 25 -15 -16 -17 -18 -19 19 20 37 -23 23 -25 -26 -27 28 -29 -30 30 -32 -33 -34 -35 -36 42 -38 -39 39 -41 -42 -43 43 44 -46 -47 47 48 -50 -51 -52 52 53 -55 56 -57 57 -59 59 -61 -62 -63
leaf_value=0.0084979398662132482 -0.053834094541063728 0.0040451499241442694 -0.063864002493716973 0.0028007075751541972 -0.016452060254839553 -0.0010054719287480294 0.055193738400086227 -0.0061374563641157058 0.020219703710415118 -0.020025304464859464 -0.041256412869259351 -0.02652597522132279 0.039916322095526452 0.049452555757582006 0.0071309783267682232 -0.076769340190158894 0.015125564796638147 0.022763867768141793 -0.02160251351661345 -0.084013571857470118 -0.00037547682189452316 -0.0013125604218334683 0.011632185753085014 0.034600198053486325 -0.077639740982424946 -0.02902969184953513 -0.014941452609986179 -0.074078674508680359 0.020769204489387724 -0.0066534534016676672 0.017061870422296101 -0.0051326213337050675 -0.011124053964921755 -0.00045712938931902615 -0.0031651661207626291 -0.018598372663229456 0.030729732957140987 0.0090450669933395383 -0.033294078348282567 0.015677949374886545 -0.066129770684808839 -0.027999546582249346 -0.0050425640765504286 -0.033457184746213051 -0.033860348467659583 -0.00047818563235684907 0.0053578101361443494 -0.023815292100723352 0.035392559088167706 0.015154584616898196 0.0175068682608111 0.019901519488264064 -0.067276748204667766 0.0090663810411789406 0.00015143455307745662 0.05176448085504444 0.016879391911802374 0.05464698186278423 -0.071113810045428855 -0.0048977396710735803 -0.0051058950301792862 0.0025267109668862505
leaf_weight=4035.5001396390144 2157.4497659015469 17556.691773136175 18.481688126921654 9559.3217910209205 31.27690812246874 1936.4948885536287 31.918172506149858 9572.3768897686386 236.20671836333349 54.071390699595213 61.181237525306642 152.15888042794541 21.26688222726807 12.168569453060625 6578.3437982033938 11.988175079226492 27.695967555511743 86.154497688636184 254.69039426893869 9.6344839630182815 851.92641421279404 1607.71424809366 58.325279754586518 122.55333307525143 7.3872986799105993 11.145512927789239 118.19056085404009 17.483952706679702 35.625904612708837 109.27445564232767 163.16890685819089 65.855020795483142 191.10517970845103 5325.2141842541751 30.385691748932004 33.448016628623009 10.720134034752844 500.77756588719785 25.366766035556793 31.607753140851855 21.586550321429968 83.945482338080183 454.53041925304569 25.478777189739048 19.620743058621883 277.22777689620852 83.70041406294331 25.334933792706579 136.0041077490896 272.49697429127991 60.600591980852187 13.299471460282801 22.549017820507292 8.686696535907684 46.658813826739788 11.956625971011816 37.954744903370738 47.111277733929455 8.6019454281777126 27.736163325142115 72.597251199185848 58.136405054945499
leaf_count=24050 131902 24147 52 24465 82 4459 142 18021 1929 190 306 728 219 34 14550 33 167 264 1551 69 1905 4413 160 872 20 55 311 63 80 302 1863 234 840 10776 87 62 30 1445 97 298 106 521 1233 46 41 709 226 80 366 691 193 39 38 48 61 31 69 93 27 59 288 226
internal_value=8.01702e-12 0.0018922 -4.79283e-05 0.00449188 -0.00265747 0.00125796 -0.00341312 -0.00442563 0.0023067 -0.00120364 0.00652354 -0.00755587 -0.0213559 -0.013912 0.00488624 -0.0175056 -0.0208725 0.00221358 -0.00512951 -0.00238107 -0.000981867 -0.00390824 0.0132616 0.0230805 0.00159638 0.0162081 -0.0139985 -0.037115 -0.0066704 0.00298338 0.00754988 0.0146924 -0.0185669 -0.0006905 -0.0261215 0.00170961 -0.0194888 0.00311205 -0.0251937 -0.00612587 -0.0314464 -0.0337664 0.00504435 5.02468e-05 0.0123123 0.00848654 0.0122744 0.0139328 0.0237502 0.00849554 0.00532455 -0.00565473 -0.0263519 -0.0460456 0.0176678 -0.00623794 0.0244617 0.0377958 0.00397177 -0.0205724 0.00945519 0.0211936
internal_weight=63538.2 61380.7 37245.7 13594.8 23650.9 3826.04 19824.8 14450.7 1367.84 1065.78 480.849 584.931 93.5936 226.734 24135 214.566 258.416 3599.31 13082.9 3510.51 3245.1 1892.4 387.256 188.266 65.7126 32.4124 202.577 48.7609 153.816 326.515 272.443 302.062 284.685 5374.08 48.8674 3513.15 265.411 1352.7 230.72 56.9745 173.745 93.58 1576.66 643.311 188.781 933.348 656.12 622.672 221.94 400.733 85.9355 128.236 44.5352 31.2357 169.16 37.4354 131.725 85.066 198.99 36.3381 162.652 90.0546
internal_count=276464 144562 105865 48515 57350 9352 47998 37083 8288 6125 2374 3751 580 603 38697 569 1396 8749 28795 10774 9193 5843 1794 1052 180 274 536 145 391 2355 2165 2163 1430 10915 139 8485 1581 3350 1229 395 834 590 4026 1574 341 2452 1743 1681 639 1042 273 351 125 86 300 77 223 162 742 86 656 368
is_linear=0
shrinkage=0.05


Tree=31
num_leaves=63
num_cat=0
split_feature=12 1 15 14 4 3 2 0 1 0 1 4 2 3 2 4 4 18 5 13 5 0 5 5 0 5 0 1 0 5 3 4 7 0 5 4 4 7 1 13 10 8 0 5 0 9 8 4 13 0 1 3 4 2 2 3 3 3 3 5 7 4
split_gain=2392.01 145.569 182.889 32.2349 21.4165 19.3898 19.2944 11.8786 12.669 21.9112 11.294 10.8935 10.6442 10.4591 10.4046 16.4213 10.2281 9.98441 20.6167 13.8076 16.5723 12.332 11.9642 13.4119 18.2154 9.93712 9.90431 9.72724 18.5838 33.072 11.68 9.69293 14.9809 9.55118 22.1275 10.2696 15.7733 11.6422 9.43968 9.40008 10.8866 13.1809 10.7034 10.3063 9.11425 8.88021 29.6939 10.9295 9.00911 8.84578 16.2341 18.4371 13.7355 9.5687 14.4149 10.1866 9.59203 8.80958 10.2259 9.62774 8.50749 8.50147
threshold=1.0000000180025095e-35 0.11651583710407241 1.0000000180025095e-35 1.0000000180025095e-35 0.79633851063981576 1.725276656256389 0.082056257993666226 25.500000000000004 0.067816091954023008 32.500000000000007 0.097619047619047633 0.68241479206264732 0.034276670942811914 3.1554987986936216 0.3306394786638524 0.50284122815353383 0.79633851063981576 1.0000000180025095e-35 0.31019805463610856 1.0000000180025095e-35 0.26865236753296456 30.500000000000004 0.21549592428312211 0.26006726724174684 29.500000000000004 0.28054137957630604 22.500000000000004 0.38750000000000007 25.500000000000004 0.26424449547930867 2.0342686833610224 0.79633851063981576 0.016487596394610435 35.500000000000007 0.82289303088020149 0.50434885786451533 0.69157937533384606 0.0044612225722861611 0.22649572649572652 1.0000000180025095e-35 1.0000000180025095e-35 1.0000000180025095e-35 43.500000000000007 0.38035544460445164 40.500000000000007 1.0000000180025095e-35 1.0000000180025095e-35 0.67908801761916471 1.0000000180025095e-35 45.500000000000007 0.078461538461538485 1.0467210342973874 0.64689781423172887 0.0574842400095898 0.052968967366300405 1.3931279703090911 1.2816901408450705 1.6878914381477148 1.4017207363962092 0.31458849592229282 0.014837833228938687 0.25045558540864821
decision_type=2 2 2 2 2 2 2 2 2 2 2 2 2 2 2 2 2 2 2 2 2 2 2 2 2 2 2 2 2 2 2 2 2 2 2 2 2 2 2 2 2 2 2 2 2 2 2 2 2 2 2 2 2 2 2 2 2 2 2 2 2 2
left_child=1 2 3 39 5 7 31 10 33 11 14 -10 -13 -7 -4 26 45 19 22 20 21 -15 -19 24 -24 27 -16 28 29 -8 -30 38 -33 61 -35 37 -37 44 -3 -1 41 -41 -42 -44 -36 -5 -47 -48 -49 50 51 52 -11 54 56 -55 -53 58 59 -14 -29 -9
right_child=-2 6 4 16 -6 13 25 8 9 49 -12 12 57 17 15 -17 -18 18 -20 -21 -22 -23 23 -25 -26 -27 -28 60 30 -31 -32 32 -34 34 35 36 -38 -39 -40 40 42 -43 43 -45 -46 46 47 48 -50 -51 -52 53 -54 55 -56 -57 -58 -59 -60 -61 -62 -63
leaf_value=0.0089425973496164973 -0.053582679246264524 0.0022984179595931858 -0.0010575945833685562 0.0029870831908790688 -0.059031141423137617 -0.0017265951222343483 -0.043340866190245714 -0.021334671792774713 -0.015261937422316471 -0.02504293762883042 -0.032602232555837149 -0.068958163722525043 -0.037112185132498414 -0.032139732991096827 -0.010271063591339984 0.033181433300203331 -0.054183456356731489 -0.013564494934133663 -0.0059999805245687862 -0.0088992732982010013 0.022708214919910916 0.010837682363321464 0.095152462850594866 0.011590008450245302 0.018928647324055498 0.0060084697905439409 -0.090462542778093388 0.08243147965264537 0.0048025346813794188 0.034284580527151581 0.017544938142463593 0.046340177696153229 -0.042068565310999208 -0.0074973478194758818 -0.098878904028050496 0.0043575970215017669 -0.068394429306924659 -0.020818911129265552 0.0046154212762090727 0.063629569977387376 -0.015540804626125946 0.0051907762090368332 0.067872299339363076 0.0023678829823048355 -0.043277249129549819 -0.068185788011077414 -0.0033279176194686067 0.063162437305959593 -0.011865408564501462 0.0051096036781860307 -0.0010601057849049128 0.024859920945729624 0.070911216211456504 -0.060279178002213551 0.042669478869664844 -0.016655211043243103 -0.07045128774875685 0.068586982113799891 -0.016923459560376285 0.010615208944848227 0.023666309140946154 -0.0044038987678100966
leaf_weight=3427.9337851430755 2016.2398799355142 7142.3270504132379 3187.3584198537283 8998.9748018085957 17.206073301334982 5786.6775990582537 39.092939427122474 75.369662782875821 437.07116211042739 6.7310593510046592 29.075944389915094 5.7052255864255121 11.532540699932722 26.599614714737982 6.0775058260187569 6.4053136920556417 7.9234982191119334 21.084962002700195 364.15204716171138 71.977764691226184 210.22720169881359 44.809783534612507 14.516032915562393 45.581765320152044 17.036806340329349 7037.5274246782064 10.507402000017462 8.2273539341986162 288.39762582071126 21.141743484884501 477.74929536506534 5.9708094923989874 24.263376969000092 3089.3789869155735 12.766322975046934 31.460096107795835 9.7620928641408664 25.338823307305574 11431.675766574219 9.9055412882007641 131.49137595016509 372.54274332989007 7.1017225077375761 38.879282041452825 17.437260821461678 17.462098123505712 404.16872217971832 11.44267286732793 6.1523161605000487 554.09282167209312 2128.9511697113048 3.8847008855082121 8.3637775639072043 34.059299636166543 9.3705304109025729 22.042426220839843 8.2369638094678503 4.6134704835712901 69.383542681112885 126.13478621491231 24.496891068294644 4562.1326269307174
leaf_count=22594 131902 10546 5151 22280 599 16865 102 130 1987 36 186 31 96 123 37 76 554 62 971 255 1853 258 29 109 61 15783 41 16 597 53 1073 58 455 6696 23 66 32 50 15287 71 431 780 26 137 27 173 1126 63 28 1161 5424 18 23 193 33 101 47 21 302 518 85 8553
internal_value=-2.14711e-12 0.00176968 -0.000368738 0.00419196 -0.00327065 -0.00322517 0.00455737 -0.00424831 -0.00501629 -0.0024827 -0.00158031 -0.0107127 -0.00156534 -0.000979314 -0.00129934 -0.0348153 0.00260058 0.00432013 -0.000516682 0.0106445 0.0156394 -0.00517117 0.0198128 0.0289366 0.0539958 0.00662819 -0.0610765 0.0117047 0.010646 -0.0160951 0.0127484 0.00367841 -0.0246091 -0.00612711 -0.00823479 -0.0317788 -0.0128713 -0.0458115 0.00372446 0.0079615 0.00195503 0.00670436 -0.00827965 0.012485 -0.0667787 0.00264825 -0.00429383 -0.00164854 0.036928 -0.000542301 -0.00195193 -0.022436 0.0281235 -0.0322716 -0.00390354 -0.0431393 -0.0399063 0.00025117 -0.00127148 0.00661703 0.0384407 -0.00467906
internal_weight=63064.2 61048 34547.1 13434 21113.1 21095.9 26500.9 14493.2 11253.8 3430.17 3239.42 654.441 217.37 6602.66 3210.35 22.9902 9446.12 815.986 462.372 353.614 281.637 71.4094 98.2196 77.1346 31.5528 7896.63 16.5849 859.106 826.382 60.2347 766.147 18604.2 30.2342 7823.65 3186.14 96.7646 41.2222 55.5424 18574 3987.85 559.921 382.448 177.472 45.981 30.2036 9438.2 439.226 421.764 17.595 2775.73 2221.64 92.6888 15.0948 77.5939 21.4922 56.1017 12.1217 211.664 207.051 137.667 32.7242 4637.5
internal_count=276464 144562 100507 48263 52244 51645 44055 31059 25568 9991 5491 2955 968 20586 5305 154 24224 3721 1232 2489 2234 381 261 199 90 17709 78 1926 1825 155 1670 26346 513 15577 6894 198 98 100 25833 24039 1445 851 594 163 50 23670 1390 1217 91 7036 5875 451 59 392 98 294 65 937 916 614 101 8683
is_linear=0
shrinkage=0.05


Tree=32
num_leaves=63
num_cat=0
split_feature=12 1 15 14 4 18 7 2 11 2 13 10 5 2 0 1 0 2 1 0 3 4 4 1 5 2 8 4 8 2 5 1 5 1 0 3 2 3 5 5 0 5 5 4 2 7 5 3 3 3 4 7 7 2 0 3 2 4 4 0 4 5
split_gain=2213.87 143.595 168.347 28.1719 19.3955 18.6745 23.9252 23.6536 20.4396 17.727 16.6576 16.8181 38.0903 16.6812 16.3643 20.5026 21.8607 15.895 15.5404 15.2002 14.9996 14.84 16.89 13.5231 12.8555 16.21 12.7321 12.503 11.9385 11.5245 11.0974 10.9807 22.5464 10.89 27.6163 12.1495 10.8844 10.7338 30.1597 10.4938 10.3253 10.2816 11.7684 11.376 13.7875 10.5877 11.7809 11.0602 10.1378 12.6945 13.9159 10.1286 12.4066 10.0983 9.99049 9.98552 10.4372 10.7044 9.88941 9.87364 11.1358 9.75872
threshold=1.0000000180025095e-35 0.11651583710407241 1.0000000180025095e-35 1.0000000180025095e-35 0.79633851063981576 1.0000000180025095e-35 0.36762690815237381 0.13968863935552217 1.0000000180025095e-35 0.1364432339777851 1.0000000180025095e-35 1.0000000180025095e-35 0.40457483832049607 0.12117959175131944 25.500000000000004 0.067816091954023008 32.500000000000007 0.086908727622992857 0.10818713450292398 35.500000000000007 1.0991042848040917 0.49870760959470661 0.473359483674125 0.20714285714285716 0.37070145434685992 0.19925475533784112 1.0000000180025095e-35 0.79633851063981576 1.0000000180025095e-35 0.23892751809361998 0.75239762147416378 0.097619047619047633 0.78239002572662131 0.093073593073593086 40.500000000000007 1.4823507022983657 0.078597751922633838 2.0861391240338611 0.51655020451889377 0.27083996628608947 29.500000000000004 0.77389512267160299 0.78885645897731749 0.67295126174841102 0.041583223469599459 0.0067314201728633253 0.28825181470180611 2.9845868741535306 1.2654663609205297 1.5813665670135968 0.50054366655798799 0.0078212290502801141 0.34777835105515226 0.14903800176067958 26.500000000000004 10.653846153846159 0.099878027367903813 0.49493571523003727 0.3138885951822476 32.500000000000007 0.75468457807386657 0.38624262048725971
decision_type=2 2 2 2 2 2 2 2 2 2 2 2 2 2 2 2 2 2 2 2 2 2 2 2 2 2 2 2 2 2 2 2 2 2 2 2 2 2 2 2 2 2 2 2 2 2 2 2 2 2 2 2 2 2 2 2 2 2 2 2 2 2
left_child=1 2 3 -1 5 6 7 10 29 23 11 12 13 40 31 59 18 -14 -17 -19 -11 22 -9 -3 25 -23 -13 -25 -29 -8 -26 -7 -33 34 36 -35 -18 61 -39 -12 -4 43 -43 44 -37 47 -47 53 -38 -50 -51 -32 -53 -46 -20 56 -28 -58 -41 60 -16 -24
right_child=-2 9 4 -5 -6 14 8 21 -10 20 39 26 17 -15 15 16 33 19 54 -21 -22 24 37 27 30 -27 55 28 -30 -31 51 32 -34 35 -36 41 48 38 -40 58 -42 42 -44 -45 45 46 -48 -49 49 50 -52 52 -54 -55 -56 -57 57 -59 -60 -61 -62 -63
leaf_value=0.0074670285145287344 -0.05334523657474393 0.0019375409643747428 0.041963912747092588 0.0024298018667089916 -0.05809319966180633 -0.00070815642854709 0.023610212311878129 0.031079580802324737 -0.041950810052228699 0.046838173588015064 -0.049767693707528121 -0.0030787852533808355 -0.0043530785211012375 0.066010018499161327 -0.003790090627986395 -0.018905595898668665 -0.0065064936316080449 -0.057905808560242814 -0.029962040001818235 0.0057050783905651129 0.0071789514582755237 -0.0013793298952757623 -0.033203677962039706 0.0047005966507512233 0.0072199266527246458 -0.042629430591446901 0.034679954010343836 -0.055657369103709803 0.052169190797691369 -0.0041066104101933083 -0.033559207440471688 -0.046669920625830016 0.033685721420185194 -0.00072906273111249947 0.0018905712568572288 -0.053229716918455183 -0.044735119180991753 0.0027351018218503219 -0.053755669099038561 0.067420873298084272 0.002656062104363692 0.045762235295913778 0.011542928582403149 0.020423218246926562 -0.014986575164778844 0.032666649145878517 0.0051471270247979897 0.032430125555025724 0.018127590128679563 -0.0086398034759514984 -0.040566755301516072 0.026987443713807926 -0.078995321650564998 0.010923994533750647 -0.0028078765904264282 -0.065974150259088316 -0.015441789663582287 0.02267711286844569 -0.0082552146825401723 -0.0070154291079863448 -0.049680033448867678 -0.00096681690341191744
leaf_weight=3936.9981662137434 1886.3853684086353 6464.8895828024251 24.509866044856608 9410.0851900589769 16.117439120338531 4340.2523790877312 212.62102549849078 16.37069847015664 14.670309193432329 23.978234615176916 14.992084842175244 55.569772845134139 130.53670798521489 20.413687855005264 4596.6588443540968 262.25061174650909 470.26779697230086 31.38769351458177 35.960740023292601 13.400884089060126 4175.6766425818205 60.196226278319955 33.81873045861721 15747.092264317907 261.53811600990593 39.407426099292934 121.47194626368582 14.863095368520591 3.1030062288045874 45.535901071038097 35.374941184651107 33.178556996164843 11.846181847387923 998.9169567192439 1235.4080827239668 11.030201996676622 35.222582845482975 37.041295670904219 65.24365849699825 4.49486519396305 52.472999341785908 33.902672419324517 97.049408185295761 100.6242399699986 150.17249859124422 45.857529330067337 255.95110263675451 17.988357249647379 24.38046423252672 89.02932991203852 55.347798711620271 17.599763975013051 3.2752363532781592 50.16593967191875 583.45625072461553 3.0592968445271245 25.129241343121976 68.951181170530617 109.16581008397043 5857.2033290078398 13.257940634153782 76.763756582513452
leaf_count=24039 131902 10774 73 24224 599 7731 1636 121 97 146 75 164 350 83 8325 1572 1825 168 255 64 9777 227 164 23009 2296 189 1147 331 18 322 223 242 38 2169 3051 34 156 152 281 12 150 86 206 192 339 109 703 47 93 404 277 152 9 152 2046 11 188 708 300 11560 51 620
internal_value=-1.38715e-11 0.00165528 -0.000475846 0.00391564 -0.00326477 -0.00322269 0.00197799 -0.000803727 0.0154589 0.00442615 0.00573917 0.00954719 0.000755701 0.0258265 -0.00365016 -0.0044347 -0.00163377 -0.0131716 -0.00870366 -0.0388732 0.00740539 -0.00763931 -0.0178602 0.00386332 -0.00202585 -0.0176996 0.0182919 0.00465304 -0.0370342 0.0187213 0.00288675 -0.000962988 -0.025528 6.40693e-05 -0.00255144 0.00289931 -0.0106904 -0.0216239 -0.0332982 -0.0104488 0.0151709 0.00765116 0.0204021 0.00500826 0.00208804 0.00326113 0.00932851 -0.00512623 -0.0203363 -0.0152439 -0.0208792 -0.0172607 0.010359 -0.00849841 -0.00438433 0.0237242 0.0249972 0.0124954 -0.0052625 -0.00565305 -0.00392207 -0.0108256
internal_weight=62679.6 60793.2 34363.6 13347.1 21016.5 21000.4 1595.01 1322.19 272.827 26429.6 675.556 546.903 272.722 97.3966 19405.4 15020.1 4552.98 175.325 881.668 44.7886 4199.65 646.63 229.238 22229.9 417.392 99.6037 274.181 15765.1 17.9661 258.157 317.788 4385.28 45.0247 3671.31 1909.66 1761.66 674.248 212.867 102.285 128.653 76.9829 762.742 130.952 631.79 531.166 520.135 301.809 218.327 203.98 168.758 144.377 56.2499 20.875 200.338 619.417 218.612 215.552 94.0804 113.661 10467.1 4609.92 110.582
internal_count=276464 144562 100507 48263 52244 51645 9982 7927 2055 44055 3493 3106 888 306 41663 33652 13716 582 3873 232 9923 4434 1338 34132 3096 416 2218 23358 349 1958 2680 8011 280 9843 5806 4037 2755 1217 433 387 223 1868 292 1576 1384 1350 812 538 930 774 681 384 161 491 2301 2054 2043 896 312 19936 8376 784
is_linear=0
shrinkage=0.05


Tree=33
num_leaves=63
num_cat=0
split_feature=12 1 15 14 4 3 0 1 0 1 2 1 5 5 0 1 7 2 5 2 7 2 7 4 5 3 2 5 5 4 7 1 4 0 2 4 0 2 7 3 0 7 7 3 7 3 7 7 4 0 4 4 9 8 2 13 5 7 5 4 2 5
split_gain=2050.61 142.025 156.298 24.5286 17.2304 15.8221 15.8399 16.8316 22.3929 15.664 14.8729 12.1792 12.918 12.0895 11.8539 24.5826 14.3929 10.2051 9.7937 24.4849 19.8844 19.3488 14.6136 11.7327 13.048 8.77117 12.808 11.3401 8.69082 8.68955 11.748 8.82821 8.66701 12.3 13.8675 10.0771 11.0553 9.44291 9.50696 8.55481 11.0742 8.23436 9.65239 8.74701 11.1798 10.2855 8.08578 7.94216 7.89308 8.22698 10.0564 7.8329 7.7935 26.8745 9.88518 13.4842 10.4159 10.3018 9.66002 7.92519 7.70511 7.61452
threshold=1.0000000180025095e-35 0.11651583710407241 1.0000000180025095e-35 1.0000000180025095e-35 0.79633851063981576 3.1554987986936216 25.500000000000004 0.07417582417582419 32.500000000000007 0.10818713450292398 0.082056257993666226 0.097619047619047633 0.6856354118838166 0.30107524996186469 44.500000000000007 0.097619047619047633 0.0023419203747073679 0.20609855294475107 0.58018506802634451 0.14704839199032899 0.0050215995682819569 0.15929130631764651 0.01986169550556122 0.67740057948249188 0.82996509813996389 1.3333333333333348 0.048673336529719537 0.78030660160907062 0.55046845843129455 0.79633851063981576 0.016487596394610435 0.22649572649572652 0.64689781423172887 31.500000000000004 0.072149767115891064 0.50974916641317247 29.500000000000004 0.13482095018222487 0.039923555507266929 1.2003582507909343 28.500000000000004 0.013374692924146706 0.010751978439674308 1.2309953995772431 0.0042095562248660222 1.3080944580944587 0.008429349902475217 0.0053619302949062296 0.67295126174841102 30.500000000000004 0.69157937533384606 0.53841295426132241 1.0000000180025095e-35 1.0000000180025095e-35 0.076022508780511464 1.0000000180025095e-35 0.49442952551741309 0.0073525873685850304 0.26650754747316324 0.50727360843135083 0.16831195027165877 0.42906336088154273
decision_type=2 2 2 2 2 2 2 2 2 2 2 2 2 2 2 2 2 2 2 2 2 2 2 2 2 2 2 2 2 2 2 2 2 2 2 2 2 2 2 2 2 2 2 2 2 2 2 2 2 2 2 2 2 2 2 2 2 2 2 2 2 2
left_child=1 2 3 -1 5 6 11 -8 9 13 29 -4 -13 -9 15 -10 -17 -15 21 22 -21 28 23 41 -25 27 -27 -16 32 31 -31 -3 35 34 48 36 39 38 46 -11 -41 42 43 44 -20 -45 -38 -46 -34 50 -50 -12 -5 -54 55 57 -57 -55 -56 -60 -28 -36
right_child=-2 10 4 52 -6 -7 7 8 14 18 51 12 -14 17 25 16 -18 -19 19 20 -22 -23 -24 24 -26 26 60 -29 -30 30 -32 -33 33 -35 61 -37 37 -39 -40 40 -42 -43 -44 45 47 -47 -48 -49 49 -51 -52 -53 53 54 58 56 -58 -59 59 -61 -62 -63
leaf_value=0.0069941699062092029 -0.053119497497942703 0.0021919862318891562 -0.00063312866702989665 0.0025930096626575611 -0.056758492976665402 0.0037193918827704204 -0.0052833973267973379 -0.049734679732244831 -0.0070856605165925722 -0.056902288587204655 0.0069520809790997303 -0.054261521860134193 0.0020619015030824551 -0.017315341548833057 0.0019671881481934206 -0.011412265159360358 0.0041333772555554966 0.041333164262593397 -0.077801613225555399 0.037801272860715697 -0.063963075522892376 0.041725843313739866 0.022997407641920816 0.008781920330358314 -0.060562538875376486 -0.028398092445699422 0.015115291496411561 -0.035849424747121043 0.035902029308862854 0.040295658688420527 -0.041010593220182433 0.0044355686287962199 -0.08519066831424553 0.02713886579836839 -0.017081007595040141 0.038158893542744189 0.010234203085131278 -0.037993098072754146 -0.028609934607855627 0.0082563934370061993 -0.049905937460239178 -0.061985011091714198 0.023095665576990554 0.02749844943184046 0.032503878125218211 -0.0188790687877664 0.04817724203666502 -0.038046033861675176 0.0034104576485666639 -0.073068372640770915 -0.045205893756263826 0.0030942148193444205 -0.066768906500167674 0.054905348571413319 -0.046648795022597375 0.012761217992710516 -0.059011212485721699 0.0084370743178481412 -0.0016506820009969413 -0.034934667924477435 -0.0045455931606703968 0.050259579190818249
leaf_weight=3897.4787922040559 1765.3598121090326 7121.187614282826 4418.4292409338523 8947.0753489456256 15.050210635774418 785.89277757750824 11263.036118071759 28.773167096893303 1108.2420262866654 11.96533024124801 6167.3418197678402 21.865889139007777 19.048837742535397 219.02921278087888 281.98502984596416 165.66899380460382 1470.2482475161087 7.6772329062223426 13.121769678313283 5.6600304143503299 31.599723799154162 28.096517973579466 39.067462556064129 91.153973191976547 7.3290034662932149 20.257461749017239 351.77424715273082 21.323085094802082 14.287749929353593 5.5707919833948862 21.941503870490124 11409.567971999757 7.1600809409283093 13.600406227167694 8.6728353002108651 17.986149888951331 41.879889787640423 9.2399823693558556 10.416405837982891 28.125613640528172 11.542847705073653 10.155306633561848 14.62893870892003 13.978134928271173 5.5421251719817546 82.601043626666069 21.122769486159086 14.236729330383239 22.040832664584741 8.8350677378475648 20.558584774378687 1672.5567220374942 16.540173757821321 22.362982423044741 13.506031867116688 11.699136830866339 8.9010001942515355 25.559131192043424 317.85842561908066 18.950873449444771 58.056879141367972 8.1357971765100938
leaf_count=24039 131902 10546 8620 22829 599 3721 25807 237 3894 88 15064 179 93 1293 495 434 3431 23 82 20 142 104 117 279 27 51 799 56 51 58 455 15287 47 41 52 55 143 32 35 136 63 32 35 49 21 253 56 62 108 48 97 2645 178 102 43 31 43 89 797 112 213 24
internal_value=-1.08251e-11 0.00154879 -0.000580344 0.0036601 -0.00327873 -0.00324013 -0.00351267 -0.00426351 -0.00162023 -0.00880335 0.00430307 -0.000884577 -0.0280388 -0.0192041 0.000173138 -0.001336 0.00255907 -0.0153293 -0.00446679 -0.0103358 -0.0485043 0.00234164 -0.00546229 -0.00986135 0.00362138 0.00581989 0.0104118 -0.000691385 -0.00198812 0.00353169 -0.0245474 0.00357338 -0.00423181 -0.0166271 -0.0245212 0.00301297 -0.0016942 0.00964414 0.0156394 -0.0198454 -0.00866786 -0.0184688 -0.0154022 -0.0197518 -0.0420176 -0.0121667 0.0229553 -0.0182776 -0.0360057 -0.0291587 -0.0200519 0.00612905 0.00227512 -0.00425747 -0.00178885 0.0155793 -0.0182505 0.0301216 -0.00518609 -0.00352343 0.0123301 0.0155135
internal_weight=62312.6 60547.2 34149 13279.9 20869.1 20854 20068.2 15608.8 4345.78 868.221 26398.2 4459.34 40.9147 255.48 3477.56 2744.16 1635.92 226.706 612.741 329.074 37.2598 283.667 291.814 252.747 98.483 733.397 430.089 303.308 255.57 18558.3 27.5123 18530.8 241.283 89.0036 75.4032 152.279 134.293 82.659 73.4191 51.6338 39.6685 154.264 144.109 129.48 32.9006 96.5792 63.0027 19.7789 58.5946 51.4345 42.5994 7839.9 9382.45 435.378 418.838 68.5223 20.6001 47.9221 350.315 336.809 409.831 16.8086
internal_count=276464 144562 100507 48263 52244 51645 47924 39032 13225 3852 44055 8892 272 1553 9373 7759 3865 1316 2299 1119 162 1180 957 840 306 1614 1063 551 1076 26346 513 25833 1025 417 376 608 553 266 234 287 199 534 502 467 165 302 199 83 300 253 205 17709 24224 1395 1217 265 74 191 952 909 1012 76
is_linear=0
shrinkage=0.05


Tree=34
num_leaves=63
num_cat=0
split_feature=12 1 15 14 1 0 0 18 2 0 5 7 5 3 2 4 1 0 5 2 7 4 5 0 7 5 0 2 3 7 3 3 5 13 10 5 0 5 4 4 7 3 7 7 2 2 5 4 1 2 7 3 0 5 2 5 0 2 14 5 2 3
split_gain=1902.14 139.894 135.188 21.2274 18.8197 22.2617 19.7241 17.0473 24.0301 16.7561 16.5013 19.3463 14.0078 13.7347 13.5519 12.5274 11.9987 22.1306 12.1372 25.7772 15.8531 21.0143 24.9136 24.283 15.279 13.276 16.4458 13.0894 15.5876 12.5591 12.2416 18.7104 12.5582 11.9899 21.0786 16.9938 14.9001 11.8308 11.8272 10.8189 10.6856 10.5027 11.5672 17.1207 10.1267 11.0147 9.95086 9.73992 9.47172 9.36019 9.28644 9.22342 14.2326 9.2209 8.92148 10.9203 9.60354 8.79703 10.8474 8.86116 10.0914 12.7104
threshold=1.0000000180025095e-35 0.13809523809523813 1.0000000180025095e-35 1.0000000180025095e-35 0.10263157894736843 27.500000000000004 26.500000000000004 1.0000000180025095e-35 0.13968863935552217 27.500000000000004 0.75239762147416378 0.0078212290502801141 0.77609890109890112 2.5578083159716063 0.08587125543770581 0.51107236053052596 0.051315789473684217 37.500000000000007 0.60351097094861816 0.15734983683087347 0.0098604226921307301 0.68628776081959975 0.70461154974687823 35.500000000000007 0.0048449759114524661 0.33830127689328915 35.500000000000007 0.061101646470258876 1.178571428571429 0.0037209302325581528 1.3333333333333348 1.2115427483795742 0.36171733132383149 1.0000000180025095e-35 1.0000000180025095e-35 0.38326123203468149 32.500000000000007 0.81103601961892513 0.30333389876215427 0.50479425433104874 0.0033731313293023529 2.8531270988898112 0.013374692924146706 0.016051951096045767 0.059274494558283458 0.076022508780511464 0.82289303088020149 0.69299232021019519 0.085144927536231887 0.19265216316070116 0.019161224953567094 1.2309953995772431 35.500000000000007 0.28054137957630604 0.081086709515742858 0.73750015948293646 35.500000000000007 0.063136485450437776 1.0000000180025095e-35 0.79139142040675547 0.067297448842355917 2.651558015143761
decision_type=2 2 2 2 2 2 2 2 2 2 2 2 2 2 2 2 2 2 2 2 2 2 2 2 2 2 2 2 2 2 2 2 2 2 2 2 2 2 2 2 2 2 2 2 2 2 2 2 2 2 2 2 2 2 2 2 2 2 2 2 2 2
left_child=1 2 3 -1 6 -6 -4 8 33 -10 -11 15 13 -13 -3 -12 -9 18 25 20 21 22 27 44 -21 26 49 -20 -29 -25 31 -27 -32 34 35 36 -8 54 -28 -36 -33 42 51 -44 -23 47 50 -46 -40 -18 -45 -22 -53 -16 55 -37 -56 -7 59 -59 -61 -62
right_child=-2 14 4 -5 5 57 7 16 9 10 11 12 -14 -15 53 -17 17 -19 19 24 41 23 -24 29 -26 30 38 28 -30 -31 32 40 -34 -35 39 37 -38 -39 48 -41 -42 -43 43 46 45 -47 -48 -49 -50 -51 -52 52 -54 -55 56 -57 -58 58 -60 60 61 -63
leaf_value=0.0065456918114779189 -0.052901710460634924 0.003606285587400958 -0.00091436283103924181 0.002141708062849954 -0.009459525644702 -0.0010242333352559827 0.057462627500541923 -0.0059449221726087555 -0.044209561502417248 -0.001053056855156618 -0.055730758572179032 0.01287975505234433 0.044880749898166511 -0.074744421022174129 0.011505500511586319 0.037312864203473101 -0.016944023061308412 0.00056044507975598211 -0.0029562514247797309 -0.041791962545763818 -0.077038518898786143 0.022662606451659611 -0.0023966939435896991 -0.07764164252705992 0.037345085658410167 -0.024534583520907469 -0.049083007187778388 -0.010376303062675389 0.060438103483166777 -0.02375562248208777 -0.061690630067248391 -0.030589141851416993 -0.02227773087962906 -0.0064104053000972943 0.01474970807781906 0.00012012367378174565 0.0061421618534094847 0.045010390699018757 -0.020319005372110361 0.037739017839621525 0.022182412758990466 -0.069448127822162503 0.047164195780457073 -0.089748859958647023 -0.089254979163650175 0.0093563248957520186 0.037538862738197239 -0.017463763455246022 0.026741285154033262 0.051164407029849326 -0.017674463692436221 0.0039657640212711967 -0.088027881653230361 0.0055821818798612241 -0.054053669407248366 -0.050511812596907228 -0.0042532749405417552 0.0034263268232638984 0.032882415102575141 0.043966139021584506 0.0024355403492317099 0.059240721023595483
leaf_weight=3861.5033257147297 1653.834737266181 18093.978415705817 5329.1019320173073 9389.1021392990951 432.90807157114614 877.08826921996661 18.994318733457476 9459.2264985372312 27.372025921940804 522.54281826782972 40.194500789511949 10.741981565952306 12.566291732713578 7.6618878315202883 736.70079824700952 3.9754578261636189 130.31555794546148 2158.9353133351542 19.181099424837157 6.8961219303309909 12.260077506536616 26.146845387062058 251.47757139091846 20.838550264015794 52.780801551416516 73.167568746823235 6.9075429188087574 9.7705000182613713 37.972505861893296 22.475306548876688 22.478190296096727 11.751808350905774 200.39538669981994 120.84080138429999 232.03682730253786 92.711764625506476 55.376596258021891 9.2346026091836375 12.750458657043053 65.657358014956117 52.211760788108222 10.507512429496272 12.149381238035856 4.8019253639504305 7.2953450465574887 19.864115996286273 7.6170688550919285 13.406548856757579 66.22871006350033 5.2476962842047206 64.494958165421849 14.739280435722323 5.8824341380968681 6075.1485604038462 23.425198059529066 12.031362769193946 16.499070499558002 1255.4670673890505 34.900638346560299 28.026069063227624 78.239494097884744 11.265358500182627
leaf_count=24044 131902 25250 10915 24359 1905 1948 97 18021 195 3659 216 91 121 27 1683 38 644 5941 83 24 64 119 934 42 177 401 23 31 95 54 95 65 841 401 1957 240 194 32 64 734 174 78 52 22 36 56 20 63 217 16 249 66 28 13784 158 46 82 3163 135 73 174 46
internal_value=-1.14864e-11 0.00145103 -0.000569377 0.00342512 -0.00296016 0.000936729 -0.00350551 -0.00448538 0.00103588 -0.0059554 -0.00420348 -0.0261123 0.00418646 -0.0235999 0.00432191 -0.0473565 -0.00503314 -0.00246696 -0.00790448 -0.00304106 -0.00636508 -0.00169114 0.0048184 -0.0205288 0.0282002 -0.013095 -0.00346197 0.0319302 0.0459461 -0.0496805 -0.0190205 -0.00726626 -0.0262528 0.00779203 0.011055 -0.000375575 0.0192494 -0.00985906 0.0136566 0.0198201 0.0124869 -0.0214833 -0.0173504 -0.00799352 -0.00160185 -0.0172415 -0.0167063 -0.042763 0.0191438 -0.0143075 -0.0226689 -0.0426943 -0.0222758 0.00622279 -0.0133616 -0.00569573 -0.0334732 0.00290638 0.00535506 0.00465533 0.0177836 0.00958522
internal_weight=61949.3 60295.5 35389.6 13250.6 22139 2717.89 19421.1 14092 1271.86 625.055 597.683 75.1401 30.9702 18.4039 24905.8 44.17 12820.2 3360.95 1202.01 620.558 560.881 428.428 318.402 110.027 59.6769 581.455 221.45 66.9241 47.743 43.3139 360.005 137.131 222.874 646.808 525.967 228.273 74.3709 153.902 85.8867 297.694 63.9636 132.453 121.945 89.0633 66.7129 40.566 76.914 20.7019 78.9792 135.563 69.2969 32.8818 20.6217 6811.85 144.667 104.743 39.9243 2284.99 1407.9 1373 117.531 89.5049
internal_count=276464 144562 103845 48403 55442 7444 47998 37083 8288 4347 4152 493 239 118 40717 254 28795 10774 4833 2293 2092 1513 1143 370 201 2540 964 209 126 96 1576 640 936 3941 3540 849 291 558 304 2691 239 579 501 343 274 155 291 99 281 660 271 158 94 15467 526 286 240 5539 3591 3456 293 220
is_linear=0
shrinkage=0.05


Tree=35
num_leaves=63
num_cat=0
split_feature=12 1 15 14 4 0 3 1 0 1 0 2 7 3 18 5 13 4 0 1 18 1 5 2 2 1 5 5 4 7 4 2 7 7 5 3 5 2 5 5 2 4 2 7 2 2 8 3 0 2 4 3 5 3 7 5 17 0 7 2 0 0
split_gain=1765.09 139.319 135.443 18.6608 17.3067 12.6155 15.8808 14.9989 21.9891 14.3279 15.7874 12.4547 11.1539 12.2034 10.0654 16.6719 12.7073 10.1063 10.9309 9.8461 9.47629 8.77986 16.1534 8.4971 11.5787 8.09405 8.03194 7.82891 32.3689 13.6056 13.0685 12.087 11.599 20.9102 10.492 9.00004 10.5923 12.0484 9.37865 12.7438 8.76985 11.1697 8.71377 7.97269 7.81523 7.79291 16.9417 21.0525 13.5215 12.3117 11.6362 8.04927 7.79449 7.75401 10.4353 7.73066 9.09181 10.1846 10.2989 8.99643 17.3274 22.0442
threshold=1.0000000180025095e-35 0.11651583710407241 1.0000000180025095e-35 1.0000000180025095e-35 0.79633851063981576 25.500000000000004 2.941777561970365 0.078461538461538485 37.500000000000007 0.097619047619047633 32.500000000000007 0.082056257993666226 0.0015017726797814073 1.0816074188197085 1.0000000180025095e-35 0.31019805463610856 1.0000000180025095e-35 0.50434885786451533 45.500000000000007 0.10818713450292398 1.0000000180025095e-35 0.097619047619047633 0.78239002572662131 0.059274494558283458 0.046240290239013472 0.22649572649572652 0.28054137957630604 0.69536777376834358 0.48410612100031536 0.098515826470156581 0.32896572339217622 0.065656592060702387 0.0068292682926831818 0.0034965034965039918 0.79139142040675547 0.79675231805619362 0.20547084475268595 0.055507835310461877 0.37701295203477819 0.64481370972408847 0.15539332244297496 0.49878577660784068 0.040901035743974169 0.0050584763617538822 0.13482095018222487 0.03313350227351914 1.0000000180025095e-35 1.0295794297514334 32.500000000000007 0.029871105641626022 0.75468457807386657 4.8352658366695156 0.42906336088154273 2.0861391240338611 0.91115531679446504 0.37370105274780335 1.0000000180025095e-35 31.500000000000004 0.0096153846153844702 0.28752421634218589 26.500000000000004 21.500000000000004
decision_type=2 2 2 2 2 2 2 2 2 2 2 2 2 2 2 2 2 2 2 2 2 2 2 2 2 2 2 2 2 2 2 2 2 2 2 2 2 2 2 2 2 2 2 2 2 2 2 2 2 2 2 2 2 2 2 2 2 2 2 2 2 2
left_child=1 2 3 -1 5 21 7 -7 9 20 19 25 13 -12 16 44 17 18 -8 -11 -9 -4 23 24 -23 -3 -13 28 31 35 32 -22 33 -29 -34 -30 -37 43 -39 -40 41 -31 -32 -38 -16 46 47 -27 50 -48 -49 53 -53 -47 -55 56 -5 58 -58 -57 61 -61
right_child=-2 11 4 55 -6 6 14 8 -10 10 12 26 -14 -15 15 -17 -18 -19 -20 -21 27 22 -24 -25 -26 45 -28 30 29 40 42 -33 34 -35 -36 36 37 38 39 -41 -42 -43 -44 -45 -46 51 49 48 -50 -51 -52 52 -54 54 -56 59 57 -59 -60 60 -62 -63
leaf_value=0.0061383263090190017 -0.052693331084134223 0.002062266998522451 -0.000730967179646587 0.0039291162104994615 -0.057563878981539009 -0.0052014388378891939 0.0060683837729811436 -0.054479777557245791 0.0028289536116019726 -0.018120676598848039 0.01623063288670451 0.010409859407529143 0.0018344069120261688 -0.045662664892187788 0.022783019927968023 -0.0061829810537873051 -0.0083587114106316359 0.038241850829046971 0.03942367754232981 -0.0051565177884688668 -0.027453796183795232 -0.062421413001318905 0.030222676835505908 -0.06538723306169468 0.028255865210949822 -0.080728133507611211 0.005214255897755868 -0.016010633636897607 0.063345880973744523 0.064338735285157503 -0.085289470137309462 -0.068530364665560686 -0.066296285829968701 0.062695469914077109 0.017698069265753926 0.080852914098422657 -0.016603543089665312 -0.015812121868881403 0.027384798490138779 -0.060553494700975014 -0.080487279347029178 -0.068973111826561753 -0.010928770888657555 -0.084382605084053264 -0.0097566566573682387 0.0044253639666383664 0.007634218878984334 0.018550675975951437 -0.064479435255799342 -0.012292418275921967 -0.037244300614345742 0.043883992225177824 -0.0081808179629698167 0.0083811059446337825 0.033436610360737737 0.0014623607176972523 0.025575764168627998 0.0008614309477244131 0.094584170130483106 -0.017952848739023027 -0.025929356358987573 0.019022518856217509
leaf_weight=3827.5707031285856 1549.2704508169554 7112.7967234226526 4528.9460152527317 2522.2855937489076 14.681560628974692 11344.019001707784 172.51873906934634 13.769536100327967 1625.8122877001297 198.15123941842467 11.632499125786124 833.38988872431219 1039.5594681480434 25.253752897260711 86.070223151240498 404.1933615130838 73.403546549845487 40.327964358497411 28.639590122969821 561.41749069828074 41.057161430129781 6.4696348537690955 10.400304571259765 17.139249505475163 7.7230009171180427 13.722738260636104 6923.8081382750534 13.693019458558409 5.7949771452695122 3.1095301983878008 4.0910849368665358 31.764259473187849 6.7244426212273529 21.992398659931496 8.3155625613871944 3.8361406465992323 13.190796636743473 32.749602658674121 42.996163864154369 4.5564639712683848 8.7259986200369877 3.176168127451092 106.44069633027539 6.4651028104126445 23.488101516617462 10486.738513560267 265.82529326807708 29.378896744921803 9.7213027598336321 109.42492051422596 13.70322013236 7.5010644141584626 172.52056602761149 242.03684812039137 50.170356716960669 6503.9935889168992 16.284067345783118 20.804578181356192 8.0940175270661694 76.408497232012451 88.863482240587473 85.321404094807804
leaf_count=24039 131902 10760 9103 5743 599 26192 1306 58 4006 1265 26 1926 2620 120 253 1185 261 560 340 2264 211 51 38 155 44 83 15783 53 14 12 31 188 37 68 35 10 62 164 179 29 75 38 457 59 76 13524 516 61 116 185 150 23 356 478 94 17060 48 70 28 283 626 366
internal_value=-4.54173e-12 0.00136032 -0.000765399 0.00319884 -0.00329684 -0.00325812 -0.00391967 -0.00428765 -0.00158412 -0.00483291 -0.00301902 0.00409057 0.000875682 -0.0261439 0.00282064 -0.00149361 0.00985946 0.0153972 0.0108173 -0.00853852 -0.0137746 -0.000941326 -0.0237703 -0.0416927 -0.0130789 0.00338586 0.00577244 -0.012212 -0.0188882 -0.00341051 -0.00403851 -0.0453711 0.0169728 0.0324948 -0.0198561 0.00270451 -0.000681177 -0.00381025 0.00477808 0.0189586 -0.0480518 -0.00302384 -0.0136811 -0.038897 0.0158069 0.00421164 -0.0022992 -0.0255539 -0.011215 0.00182351 0.00080385 0.0044741 -0.0060114 0.00464922 0.012683 0.0019919 0.00432734 0.0265581 0.048488 0.00110418 -0.00819214 0.00155369
internal_weight=61561.9 60012.7 33741.9 13149.6 20592.3 20577.6 16006.9 15178.3 3834.28 2208.46 1836.01 26270.7 1076.45 36.8863 828.642 513.752 314.89 241.486 201.158 759.569 372.449 4570.68 41.7322 31.3319 14.1926 18513.5 7757.2 358.68 197.422 124.601 161.257 72.8214 50.7254 35.6854 15.04 109.589 103.794 99.9581 80.3022 47.5526 15.0117 6.2857 110.532 19.6559 109.558 11400.7 441.776 66.5262 52.8034 375.25 43.0821 10959 180.022 10778.9 292.207 9322.06 2567.47 45.1827 24.3781 6754.59 250.593 161.73
internal_count=276464 144562 100507 48263 52244 51645 42254 38273 12081 8075 6295 44055 2766 146 3981 1514 2467 2206 1646 3529 1780 9391 288 250 95 26346 17709 1722 1041 642 681 399 193 121 72 517 503 493 372 208 125 50 488 121 329 15586 1111 410 327 701 211 14475 379 14096 572 24224 5889 146 76 18335 1275 649
is_linear=0
shrinkage=0.05


Tree=36
num_leaves=63
num_cat=0
split_feature=12 1 15 14 4 0 1 0 18 2 0 13 5 5 3 13 10 5 2 0 1 5 2 1 2 4 3 5 4 0 3 1 3 0 3 1 5 2 3 0 2 5 0 0 5 4 3 4 3 2 2 1 0 2 0 3 4 1 7 7 5 7
split_gain=1640.11 138.363 126.452 16.3971 13.6566 12.1676 14.0475 21.5691 16.5068 25.2695 15.2185 14.4341 13.907 32.0319 21.4538 19.6644 13.2726 15.8886 13.1392 12.0606 11.2431 20.625 71.6818 45.268 32.772 70.6704 45.7092 29.8274 27.212 50.3973 41.9218 35.0179 40.0553 33.1587 24.1739 21.788 17.9206 36.743 24.9195 32.918 21.922 27.2933 23.8792 22.1478 19.9373 19.7257 19.4255 18.5925 36.7871 17.182 16.4543 16.0989 30.7493 29.2905 19.098 17.3 16.086 15.7186 15.7168 19.4514 16.1071 14.9645
threshold=1.0000000180025095e-35 0.11651583710407241 1.0000000180025095e-35 1.0000000180025095e-35 0.79633851063981576 25.500000000000004 0.085144927536231887 32.500000000000007 1.0000000180025095e-35 0.13968863935552217 28.500000000000004 1.0000000180025095e-35 0.50428309458411436 0.38948880153367565 1.7701520688358665 1.0000000180025095e-35 1.0000000180025095e-35 0.38326123203468149 0.086908727622992857 33.500000000000007 0.20714285714285716 0.58018506802634451 0.14331921467320899 0.15587044534412958 0.17532122241791359 0.49117622906811981 1.9408137879919847 0.6856354118838166 0.48705059088594832 37.500000000000007 1.9825378173416264 0.17914438502673799 2.4228108170870679 35.500000000000007 1.8995393803049152 0.15192307692307697 0.65275642997548278 0.16350047043977281 2.3192195119004828 27.500000000000004 0.15929130631764651 0.78239002572662131 35.500000000000007 24.500000000000004 0.79139142040675547 0.4967741935483872 2.619139194139199 0.49247452638628886 2.0342686833610224 0.083811819023470291 0.17781952658736253 0.27922077922077926 28.500000000000004 0.13482095018222487 26.500000000000004 1.3859192332222616 0.57367071952775084 0.31666666666666671 0.0071428571428571253 0.0046884457842942861 0.81103601961892513 0.28466705476691639
decision_type=2 2 2 2 2 2 2 2 2 2 2 2 2 2 2 2 2 2 2 2 2 2 2 2 2 2 2 2 2 2 2 2 2 2 2 2 2 2 2 2 2 2 2 2 2 2 2 2 2 2 2 2 2 2 2 2 2 2 2 2 2 2
left_child=1 2 3 -1 5 -4 8 -8 9 11 -11 16 13 14 -12 -15 17 19 -19 -7 21 24 -23 27 -3 26 -26 -24 30 33 -25 -31 56 -30 -35 -29 37 -22 47 -40 43 46 44 49 45 -43 -42 48 -39 -38 -27 52 53 54 -45 -54 -33 -51 59 60 -56 -52
right_child=-2 20 4 -5 -6 6 7 -9 -10 10 12 -13 -14 15 -16 -17 -18 18 -20 -21 36 22 23 28 25 50 -28 35 29 31 -32 32 -34 34 -36 -37 40 38 39 -41 41 42 -44 51 -46 -47 -48 -49 -50 57 61 -53 55 -55 58 -57 -58 -59 -60 -61 -62 -63
leaf_value=0.0057514312147507341 -0.052493582065564287 0.0011838859674685744 -0.00099363830381456663 0.0018552108790049022 -0.054328539691169936 0.047573774048185517 -0.0080736062436705079 0.0012722651045731551 -0.0052799156816811417 -0.026424558960772324 -0.032866049556056945 -0.0076253784899702375 -0.01014586936037809 0.049611427734749108 0.0063806278567339119 -0.0045986190093027113 0.018627783398208485 0.00020745544504984799 -0.038121675209169446 0.0036093298929336746 0.0050462459138814995 0.0021533608239083994 0.047281594354558087 0.018802320234077904 0.0009810159044779936 -0.052338252588263946 -0.087913040365061548 0.00060802482617226469 0.017839464657510268 0.049855918874970637 0.096847306619224693 0.018117884546432882 -0.050212142004129316 0.0089844441650176656 0.084308302049484932 -0.053209124066022254 0.0091067416256637689 0.012309034217374889 -0.0090504422980613088 0.044953878386466778 -4.6288044741498668e-05 -0.081463277057777811 0.043508002307887768 -0.0087446828296469502 -0.014888279261556142 -0.01323362807924839 -0.064803354510139799 0.0081470311289882202 0.067179884135776774 -0.0030397205249171107 0.0098370918645472819 0.00030993238307376673 0.0071146842527700944 0.080051903918337386 0.011804896668649409 -0.00071030336203856505 -0.051512555808879312 0.042993502557934514 0.041180500110050644 -0.018889658156463023 0.054361938185421448 -0.019012149708749721
leaf_weight=3796.6479390193708 1452.7071365076117 3707.0737588886404 4561.5021936509293 9351.6844115205167 13.104658939380895 26.62678479286842 819.33869297325145 2504.2030796459876 11364.203858471825 81.078994105570018 52.977009359747171 116.5409610522911 308.53680041432381 52.620074049569666 101.60216660005972 24.525743574369699 293.78398145316169 95.202443341491744 29.221771494019777 37.665768155828118 9759.9987134199037 3157.8972756201401 30.537108231335878 32.504754542373121 20.817232768982649 15.552365110255776 47.360923106782138 140.92970599792898 48.367297366727144 39.34669117256999 36.558836257085204 94.074791724793613 34.565074244514108 12.913635369390247 60.813259856775403 21.703117125667632 486.56378148775548 111.23766148090363 36.286387946456671 126.89385281037539 630.04702498856932 31.867919028736651 10.679512675851582 59.422167453449219 56.472392200492322 15.867724146693943 11.797649540938435 697.25040981872007 42.109022498130798 24.506548001430929 145.97622635262087 3144.8280203423055 1648.533820786979 19.339571880176663 79.085021745413542 1235.8958343968261 9.0965158790349943 76.223808893933892 78.438028421252966 35.295079622417688 30.929200980812311 64.950812708586454
leaf_count=24039 131902 6556 9391 24224 599 125 3891 6759 23256 547 320 392 2559 563 399 87 2755 276 186 139 15284 5321 188 66 75 44 63 445 164 115 60 284 55 33 93 54 708 281 70 207 1538 56 48 83 106 46 21 1571 94 55 542 4774 2113 47 93 2176 10 172 135 46 37 126
internal_value=-6.08196e-12 0.00127518 -0.000846408 0.00298026 -0.00330284 -0.00327017 -0.00392294 -0.00103173 -0.0046865 0.000839401 -0.00622515 0.00816692 -0.00319375 0.00606285 -0.0070699 0.0323773 0.0119813 0.00163447 -0.00879437 0.0218172 0.00400156 0.00239957 0.0050801 0.0215428 -9.17915e-05 -0.016141 -0.0607705 0.00193989 0.031826 0.0252956 0.0601155 0.00825562 -0.0036282 0.05001 0.071115 -0.0065738 0.00467199 0.00598731 0.0150473 0.0329449 0.00282581 -0.00525401 -0.0276983 0.00370949 -0.0349957 -0.0587832 -0.00123658 0.0116138 0.0273766 0.012998 -0.00270601 0.00284795 0.00535242 0.0205181 0.0164521 0.0037619 0.0119786 0.0317941 0.0231438 0.0134076 0.0237693 0.000953538
internal_weight=61254.4 59801.7 33631.1 13148.3 20482.7 20469.6 15908.1 3323.54 12584.6 1220.38 621.341 599.042 540.262 231.725 154.579 77.1458 482.501 188.717 124.424 64.2926 26170.6 7721.04 3719.31 561.411 4001.73 294.658 68.1782 193.17 368.241 299.177 69.0636 177.083 137.736 122.094 73.7269 162.633 18449.6 10773.8 1013.78 163.18 7675.79 756.732 114.888 6919.06 104.208 47.7356 641.845 850.597 153.347 587.294 226.479 6331.77 3186.94 302.509 283.169 2884.43 103.171 100.73 223.747 145.309 110.014 210.927
internal_count=276464 144562 100507 48263 52244 51645 42254 10650 31604 8348 4475 3873 3928 1369 719 650 3481 726 462 264 44055 14294 6888 1567 7406 850 138 687 880 754 126 464 349 290 126 499 29761 17507 2223 277 12254 1815 256 10439 208 102 1559 1946 375 935 712 9504 4730 441 394 4289 294 227 311 176 130 668
is_linear=0
shrinkage=0.05


Tree=37
num_leaves=63
num_cat=0
split_feature=12 1 15 1 0 0 4 14 2 3 1 18 2 0 7 7 0 4 5 2 4 5 5 2 5 13 1 0 2 7 0 13 10 3 8 4 5 0 7 4 0 1 7 5 3 3 5 4 3 5 7 5 4 5 4 4 5 5 3 0 7 2
split_gain=1524.98 144.808 112.45 17.157 18.9999 17.9236 15.3399 14.6444 14.055 11.5087 10.5483 10.3774 18.1091 15.1214 13.4647 15.8899 27.7511 14.4628 11.5064 10.5996 11.9953 10.0606 10.0145 12.4009 12.134 12.6627 9.93115 19.7244 9.85235 10.9806 9.67395 9.03546 14.9109 14.1576 10.8668 11.1839 9.50398 10.701 9.13772 8.56762 8.51693 10.3492 13.1197 9.24009 9.10985 10.8373 10.6401 11.1139 12.1771 9.91451 9.03804 8.76582 13.2767 11.9868 8.60118 8.59265 8.55855 8.31467 8.30814 21.8137 15.0567 8.04665
threshold=1.0000000180025095e-35 0.13809523809523813 1.0000000180025095e-35 0.10263157894736843 26.500000000000004 27.500000000000004 0.79633851063981576 1.0000000180025095e-35 0.13800737554482215 1.0991042848040917 0.22649572649572652 1.0000000180025095e-35 0.13968863935552217 27.500000000000004 0.39873609636201318 0.2596141293768176 30.500000000000004 0.53488520511823789 0.71386829443861488 0.23892751809361998 0.49886657219196057 0.61063193262033211 0.38624262048725971 0.20961523723513517 0.50083144511883482 1.0000000180025095e-35 0.051315789473684217 37.500000000000007 0.19265216316070116 0.013123359580052526 45.500000000000007 1.0000000180025095e-35 1.0000000180025095e-35 0.92292082684224608 1.0000000180025095e-35 0.5001324884792635 0.38326123203468149 33.500000000000007 0.0041666666666668644 0.79633851063981576 32.500000000000007 0.097619047619047633 0.10984569794942252 0.20307776686790402 1.596969328763161 1.3518447337422124 0.55778935047547507 0.32067023350194995 2.0342686833610224 0.78885645897731749 0.0025887377179639099 0.35192035979953218 0.49430329003786294 0.40157398832664865 0.4967741935483872 0.30132483120780201 0.78239002572662131 0.88806001943279178 2.368528989683004 44.500000000000007 0.0061173475672464846 0.11811119994395351
decision_type=2 2 2 2 2 2 2 2 2 2 2 2 2 2 2 2 2 2 2 2 2 2 2 2 2 2 2 2 2 2 2 2 2 2 2 2 2 2 2 2 2 2 2 2 2 2 2 2 2 2 2 2 2 2 2 2 2 2 2 2 2 2
left_child=1 2 6 4 -4 -5 7 57 10 -10 -3 12 31 -14 15 18 -17 19 22 -16 -21 -18 23 -15 25 -24 -13 28 40 -30 -27 32 33 -6 38 -36 37 -35 -34 -12 55 42 43 -42 45 49 51 -48 -49 -43 -47 52 -46 -53 -50 -28 -44 -1 -26 60 -60 -9
right_child=-2 8 3 5 11 -7 -8 61 9 -11 39 26 13 14 17 16 21 -19 -20 20 -22 -23 24 -25 58 30 27 -29 29 -31 -32 -33 34 36 35 -37 -38 -39 -40 -41 41 44 56 -45 46 50 47 48 54 -51 -52 53 -54 -55 -56 -57 -58 -59 59 -61 -62 -63
leaf_value=0.0054018191768066765 -0.052301409178425212 0.002172226588829282 -0.0010485476101118761 -0.0087769787021246132 -0.091084952404295136 0.0024450531419873841 -0.047204710948699977 0.0030519781058537931 0.046000469696768527 0.0068454774241792395 0.0045507554068624631 -0.0058128256687692142 -0.042355058929466699 -0.002119664605335908 0.033398493706892407 0.043965632121189278 -0.086377513809232129 -0.049144273146268284 -0.020185971170558106 0.032250673111055755 -0.035274679378564558 -0.027853018827199635 0.042914998546284958 -0.036572828961829326 0.0069731166772077488 -0.02252541281101586 0.0040277638277579379 0.00019148007960830598 -0.011299090963772216 0.043741619191670744 0.049719792296959421 -0.0065369800300121642 0.029768984674239409 0.045949250912904374 0.01197635180405867 0.034559528155443137 -0.0065429563451132287 0.0031558843372382715 -0.017401994146904742 -0.036131201072731323 0.059992914012183832 0.0024693846933618309 -0.063839859160794141 -0.011994518408344366 -0.022088138895059527 -0.062950407851693591 -0.022613976061830021 0.05217641961383343 0.045674977314666222 -0.033977447554533573 -0.014974999836432641 -0.075085039689442468 0.032339149750394036 -0.0080745236558515277 -0.004219297155399356 -0.022048489393864612 0.0014572711986028156 0.072989342815738975 -0.062711889585045408 0.025270898640498834 0.0067927109329255116 8.8533656933469077e-05
leaf_weight=3755.952237441903 1362.4488386982121 7582.7609930991894 5307.5987746634055 422.27947579225292 4.272780902683734 2260.5802801918471 15.325453874567755 5379.0608317414299 18.866389418020844 3558.1350688277744 13226.124123562127 9394.0250678400043 27.804412815719843 91.951023895759135 51.724604120245203 7.9694615993648759 16.957749471068386 8.317566159181295 99.343943195650354 11.791973455809059 14.870929532684384 12.951877851039169 37.074713883223012 36.479391454719007 98.22506338916719 17.763676194474105 38.033029745682143 2133.421515062626 17.330627551302314 18.991288971155882 6.2689408138394347 118.00435393978842 14.219257162883876 20.870778746902943 133.88727953634225 92.83723434433341 142.7781768492423 48.689210184151307 36.933470222633332 12.95453373150667 4.5342580787837496 211.63175274338573 20.05405896645971 263.73242031689733 19.372567756101489 10.820567960385231 13.110418252646921 29.361720343120396 12.151615830603985 20.463354362407699 105.8430703682825 8.5694909943267685 26.574631922878325 30.163609915878624 29.870047290809453 186.54343386444816 6.6931042335927478 4.5559429163113228 24.321743465960026 19.513583635911345 11.464866933412848 3989.6553428638726
leaf_count=23885 131902 11874 10915 1905 15 5539 656 11218 135 8732 19677 18021 195 367 404 21 28 64 788 79 144 61 409 207 1278 56 216 5941 75 76 23 401 41 123 1203 1269 549 162 178 299 19 589 188 1319 55 61 32 85 43 97 309 33 83 76 106 1335 36 59 100 58 65 12585
internal_value=6.5652e-12 0.00120079 -0.000863085 -0.00306561 -0.00359111 0.000678716 0.0027896 0.00284796 0.00415664 0.00705199 0.00365925 -0.00456839 -0.000140036 -0.00635415 -0.00458871 -0.00786251 -0.0389432 0.0135459 -0.00520137 0.0201978 -0.00541082 -0.0610344 -0.000862135 -0.0119057 0.00574607 0.0245898 -0.00499266 -0.00259039 -0.00811717 0.0174795 -0.00368015 0.00589453 0.00886117 -0.000972819 0.016527 0.0212235 0.000840465 0.0159956 -0.00428957 0.00451095 -0.00901327 -0.00663224 -0.0141072 -0.0107778 -0.00237453 -0.00699295 0.00714651 0.0196997 0.0274711 -0.000744059 -0.0194247 -0.00537906 0.00939115 -0.0229002 0.0102089 -0.0176324 -0.0475002 0.0054837 -0.00175427 -0.017256 -0.0404449 0.00179
internal_weight=60704.9 59342.4 34943.6 21799 19116.2 2682.86 13144.5 13129.2 24398.8 3577 20821.8 13808.6 1207.29 594.796 566.991 480.286 37.8791 86.7051 442.407 78.3875 26.6629 29.9096 343.063 128.43 214.633 61.1073 12601.3 3207.27 1073.85 36.3219 24.0326 612.493 494.488 216.611 277.877 226.725 212.338 69.56 51.1527 13239.1 1037.52 812.947 295.014 268.267 517.933 348.759 169.174 84.4938 71.3834 232.095 116.664 84.6803 45.9472 38.7331 42.0217 224.576 26.7472 3760.51 153.525 55.3002 35.7866 9368.72
internal_count=276464 144562 103845 55442 47998 7444 48403 47747 40717 8867 31850 37083 8288 4347 4152 3461 110 691 3351 627 223 89 2563 574 1989 488 28795 10774 4833 151 79 3941 3540 849 2691 2472 834 285 219 19976 4682 3131 1562 1338 1569 1056 513 266 234 686 370 247 138 109 149 1551 224 23944 1501 223 165 23803
is_linear=0
shrinkage=0.05


Tree=38
num_leaves=63
num_cat=0
split_feature=12 1 15 14 4 0 2 1 18 2 1 0 7 4 0 7 0 5 3 7 5 4 3 0 2 11 0 5 0 5 2 2 4 4 2 3 4 4 0 0 2 7 0 3 7 0 5 0 4 5 4 7 7 4 4 3 13 5 0 0 3 5
split_gain=1418.27 141.784 113.146 12.5718 12.1229 11.8404 11.5399 12.2923 11.3234 18.9105 14.9175 14.7677 12.3244 15.8013 9.97185 11.5289 15.3773 10.1579 9.38391 9.16076 9.99221 10.8026 9.19286 9.43696 9.07432 8.88252 8.65347 11.2014 18.1124 11.8697 58.6802 31.9987 21.8024 15.9719 20.1236 37.8155 20.1779 14.436 12.9897 24.9569 33.4169 31.8992 29.3114 24.566 17.6738 17.8628 17.6185 14.8251 14.5926 18.2384 17.509 16.9659 14.3691 17.4942 14.7752 23.7884 13.7772 12.8219 12.5578 14.9787 12.3717 12.1422
threshold=1.0000000180025095e-35 0.11651583710407241 1.0000000180025095e-35 1.0000000180025095e-35 0.79633851063981576 25.500000000000004 0.13800737554482215 0.22649572649572652 1.0000000180025095e-35 0.13968863935552217 0.051315789473684217 32.500000000000007 0.49569929597115897 0.53488520511823789 28.500000000000004 0.25574913888096223 30.500000000000004 0.60351097094861816 1.0991042848040917 0.21948284445679492 0.71386829443861488 0.51792715515959786 2.0342686833610224 32.500000000000007 0.20271137469450831 1.0000000180025095e-35 29.500000000000004 0.42906336088154273 66.500000000000014 0.73148971006255792 0.19598009664683361 0.21379680668142884 0.49247452638628886 0.50284122815353383 0.14150479023664866 1.834246952977111 0.48840047944250359 0.64689781423172887 41.500000000000007 34.500000000000007 0.11469255116207698 0.08365111110576523 33.500000000000007 2.4228108170870679 0.0032365100243543299 45.500000000000007 0.79601843111875248 35.500000000000007 0.68082273625320655 0.79373999344417123 0.67508924842741869 0.0066869096555598499 0.0093302049108748408 0.4904246084090727 0.50045600867109286 1.4305555555555567 1.0000000180025095e-35 0.78439194039366955 45.500000000000007 48.500000000000007 1.1428571428571439 0.78030660160907062
decision_type=2 2 2 2 2 2 2 2 2 2 2 2 2 2 2 2 2 2 2 2 2 2 2 2 2 2 2 2 2 2 2 2 2 2 2 2 2 2 2 2 2 2 2 2 2 2 2 2 2 2 2 2 2 2 2 2 2 2 2 2 2 2
left_child=1 2 3 -1 5 -4 7 -3 9 25 26 -12 14 24 -11 19 -17 -18 -8 20 -16 22 23 -22 -14 -7 -10 -28 29 33 38 32 -32 34 -29 -36 -37 -35 39 41 48 -31 46 61 57 52 -43 -45 50 -50 56 -51 54 -54 -46 -56 60 -40 -59 -60 -41 -42
right_child=-2 6 4 -5 -6 8 18 -9 10 12 11 -13 13 -15 15 16 17 -19 -20 -21 21 -23 -24 -25 -26 -27 27 28 -30 30 31 -33 -34 37 35 36 -38 -39 44 40 43 42 -44 47 45 -47 -48 -49 49 51 -52 -53 53 -55 55 -57 -58 58 59 -61 -62 -63
leaf_value=0.0050546128840708963 -0.052115310346740717 0.0020262086827755438 -0.0010806842125625001 0.0016236550847492184 -0.052960436279842787 0.0077167600213081432 0.040464177108323111 0.0044387784410429313 -0.003151200708002871 -0.025986158235854304 -0.0080579886620536206 -0.00058229029617806792 0.034181457795959221 -0.050887352734786333 -0.00030182727206583775 0.032203497141748284 -0.085188397779290853 -0.022623963643671668 0.0062909525671624618 0.069357077353392402 0.048594756778709815 0.050747447524594758 -0.037922451242561495 -0.016917485711018074 0.0012517610334310206 -0.026707140236335969 -0.0037165904756423528 -0.010362873576497462 -0.044841439131588827 -0.006602595763660935 0.096780109494320865 -0.010392680727595445 0.034036730258063017 0.0022349236951328833 0.0023298848488966608 -0.073068816895696151 -0.03014296772165961 -0.0093043140561907059 0.00033906763691977384 -0.039836654974015409 -0.03590304286523565 0.016698696547020674 0.060373469980139816 -0.0023105616768447526 0.009508352915715345 -0.004256171171969257 -0.05169791303335617 -0.06917405016424899 0.014135763341580274 -0.0079868106765937138 -0.063037968182155554 -0.079915914704669272 0.029473438497317313 -0.04142259651629273 0.0059807194581968865 0.070125210295421778 0.032406693007111159 -0.060715026755393045 0.034537810398917096 -0.043398027021217866 -0.010970480929239565 0.00012648093352242358
leaf_weight=3740.8085117537994 1277.8725825580768 8789.3912198651815 4551.5630012890324 9327.2477059076482 12.310139964509288 613.15726075414568 20.197390143759549 13222.297656986048 2951.4823679304682 71.621517510153353 808.20452340610791 3617.6111928251339 42.468672991497442 9.2557424050755781 322.12734921067022 6.8647378385066977 12.197923496365549 13.858506845310329 3733.4596382803284 4.2547772675752631 6.8073019599542013 5.1846356177702537 47.867220617830753 28.558545242995024 41.232874219538644 19.330181127879769 2555.9618700835854 1148.6134824957699 32.848314221017063 622.56592858769 20.270058805122972 27.722060162574053 43.683880894444883 401.18655054736882 86.813428484834731 32.790411103516817 165.81211419124156 835.49304614495486 50.873288901988417 43.882260021753609 51.370892431586981 46.269452552311122 35.650243239477277 9.7265345156192762 59.278486166149378 177.39937231317163 11.820854026824234 56.13444983586669 111.22859692294151 45.380287430714816 18.475741442292929 10.005487525835632 15.972954344004391 19.113818380981684 23.975795521400869 36.394810400903225 15.898818120360373 24.656748427078128 10.652392856776716 14.63522447645664 240.82045171875507 42.922558719292283
leaf_count=24039 131902 14450 9391 24224 599 3955 145 19976 5292 484 3873 10576 316 70 2433 16 28 71 9484 33 70 48 340 261 349 128 4734 2079 107 1204 26 72 88 889 440 73 471 1380 91 83 142 85 65 28 113 364 28 145 185 90 46 28 30 45 58 60 24 56 20 32 453 77
internal_value=-1.92284e-12 0.0011256 -0.00102417 0.00260579 -0.00335723 -0.00332718 0.0039124 0.00347543 -0.00397564 0.000601091 -0.0043679 -0.00194744 -0.00566243 0.0111046 -0.00866357 -0.00589249 -0.0343726 -0.0519126 0.00647483 -0.00363212 -0.00438856 -0.0192775 -0.0236394 -0.00430753 0.0179597 0.00666469 -0.00542878 -0.00636943 -0.00784657 -0.00757993 -0.00454408 0.0344745 0.0539231 -0.00972467 -0.0133154 -0.0251975 -0.0372303 -0.00556091 -0.00653676 -0.00893467 -0.0160622 -0.00250828 0.0246836 -0.0358683 0.00100751 0.00657328 0.0027806 -0.0592995 -0.0095312 0.00246233 -0.0157939 -0.0209809 0.0189889 -0.00914778 0.0272399 0.0446506 -0.0128902 -0.0173285 -0.0353246 -0.0105676 -0.0154197 -0.0195023
internal_weight=60443.5 59165.7 33400.3 13068.1 20332.3 20319.9 25765.3 22011.7 15768.4 1244.79 14523.6 4425.82 612.3 92.9573 519.343 447.721 32.9212 26.0564 3753.66 414.8 410.545 88.4177 83.2331 35.3658 83.7015 632.487 10097.8 7146.3 4590.34 4557.49 1886.78 91.676 63.9539 2670.71 1434.03 285.416 198.603 1236.68 1795.11 1362.15 645.846 716.306 93.7405 160.154 432.953 332.135 58.0903 65.861 485.692 166.614 319.077 55.3858 154.736 35.0868 119.649 60.3706 300.602 100.818 49.9444 25.2876 284.703 94.2935
internal_count=276464 144562 100507 48263 52244 51645 44055 34426 42254 8602 33652 14449 4519 735 3784 3300 115 99 9629 3185 3152 719 671 331 665 4083 19203 13911 9177 9070 3738 186 114 5332 3063 984 544 2269 3552 2683 1301 1382 178 392 869 670 113 173 909 303 606 118 306 75 231 118 560 199 108 52 536 219
is_linear=0
shrinkage=0.05


Tree=39
num_leaves=63
num_cat=0
split_feature=12 1 15 1 0 0 14 5 3 0 18 2 0 1 13 7 3 2 1 7 4 7 2 5 4 3 5 7 3 7 4 2 3 7 1 0 4 5 3 5 0 5 0 7 3 4 3 2 3 4 0 7 0 3 0 2 0 5 3 4 2 3
split_gain=1320.8 140.348 99.0456 16.069 18.1832 15.2927 10.8965 10.1864 12.8061 14.6267 10.0588 15.2092 12.26 9.6087 13.398 9.47011 13.2383 8.70723 10.0476 8.58764 13.8294 11.0319 8.76076 12.5283 8.74578 16.3013 15.663 12.1475 9.73739 11.6916 8.39788 8.31789 11.9755 8.27125 8.25997 16.5063 8.03654 7.89215 14.4324 10.7273 10.7173 8.57729 9.68108 9.75494 8.6993 8.30538 10.0702 11.1244 7.70175 7.7727 15.3085 14.8093 10.2218 9.68269 9.18 10.791 16.0695 12.1255 10.4974 10.5027 10.405 13.3274
threshold=1.0000000180025095e-35 0.13809523809523813 1.0000000180025095e-35 0.10263157894736843 26.500000000000004 27.500000000000004 1.0000000180025095e-35 0.8392635455669829 4.9023791598846715 29.500000000000004 1.0000000180025095e-35 0.13800737554482215 27.500000000000004 0.046536796536796543 1.0000000180025095e-35 0.39873609636201318 1.0295794297514334 0.13800737554482215 0.31666666666666671 0.0026676049909299701 0.26121393445439384 0.0027907111541749185 0.042267599040761557 0.22789998664364186 0.49117622906811981 1.4502206932205015 0.62183063218689416 0.015172277450693923 1.9203644701683655 0.0078212290502801141 0.32245512307829022 0.2480421677900321 2.0861391240338611 0.0040188109608124819 0.051315789473684217 37.500000000000007 0.50334509026934537 0.53759272375965439 2.0601535231968602 0.38948880153367565 48.500000000000007 0.50083144511883482 30.500000000000004 0.0063184032052359933 1.8564704058125117 0.50148843423160139 2.1852446765965383 0.17289148049573108 0.79675231805619362 0.65815267566749702 48.500000000000007 0.016487596394610435 35.500000000000007 0.92292082684224608 44.500000000000007 0.060344616643712025 43.500000000000007 0.24710370711911606 1.0991042848040917 0.696477526536875 0.06645917992501045 1.0295794297514334
decision_type=2 2 2 2 2 2 2 2 2 2 2 2 2 2 2 2 2 2 2 2 2 2 2 2 2 2 2 2 2 2 2 2 2 2 2 2 2 2 2 2 2 2 2 2 2 2 2 2 2 2 2 2 2 2 2 2 2 2 2 2 2 2
left_child=1 2 6 4 -4 -5 -1 17 -9 -10 11 13 31 14 33 36 -17 18 -3 20 -20 -21 23 -23 25 26 27 -25 -26 -30 -27 32 -13 -6 48 -36 37 39 -39 -14 41 -41 43 -43 -44 46 -40 -48 -12 52 54 -52 53 -50 55 57 60 -51 59 -56 61 -57
right_child=-2 7 3 5 10 -7 -8 8 9 -11 34 12 15 -15 -16 16 -18 -19 19 21 -22 22 -24 24 28 30 -28 -29 29 -31 -32 -33 -34 -35 35 -37 -38 38 45 40 -42 42 44 -45 -46 -47 47 -49 49 50 51 -53 -54 -55 58 56 -58 -59 -60 -61 -62 -63
leaf_value=0.0047322676287597258 -0.051936127466642196 0.0031351288276131369 -0.0011088402094133257 -0.008245444411502198 0.025482716993378497 0.0021883132961785195 0.0015320192608314061 -0.002029543689774383 -0.075532965037876723 0.0049584954758973348 -0.019656874924584233 0.044557610532835662 -0.014265647507697482 -0.012161041386743614 -0.0073327329184382896 -0.085752139245297676 0.014875247610766338 0.0063786023871675859 0.045117732506692272 -0.016409356649743294 0.0095971633495697505 -0.054599024194182048 0.0062692056949596999 -0.016802536831686376 0.0098175777215216368 0.0022985855681494543 -0.043429439648221269 0.022320702463177883 -0.095943116491077549 -0.0050870922285270858 0.042254303862647079 -0.078049242213168696 -0.043972859807860254 0.0082908286859453822 -0.0079594471551164957 -0.00025201654569903287 0.0050101825065646984 -0.0043065954613912064 -0.063501552305879991 0.018864200169271216 0.050800996202218278 -0.022337765056688157 0.035193023094363667 0.081460493382113489 -0.043188149165273471 -0.074802083877760966 -0.030900591607430045 0.018342463640863983 0.014651214738400743 -0.032509473447430291 -0.016322476334740908 -0.064254278476763557 -0.0069999181034643802 -0.0032671731109942381 -0.072809893578664728 -0.041201594999336177 -0.048633318270309589 -0.010211117379273257 0.0092892166908534485 -0.0027629859193806267 -0.0070321533486273017 0.003554850905264563
leaf_weight=3716.7270069895312 1199.7114893854596 16314.045513388701 5295.7001664718264 416.25802973960526 89.77979180472903 2246.6463176914258 9354.0504615177342 313.49890995491296 13.038468439597638 9.9518472515046579 98.394897526595742 5.2771186679601731 104.631412695162 67.84441951289773 113.64872894785367 3.4014525800012043 83.582903534639627 3540.4211221002042 28.659156501293182 59.652503591030836 624.69533502217382 10.722827811725436 2964.3921097596176 75.531469594687223 213.82729948847555 48.940088137052953 39.970789656043053 26.909395799040794 4.6981667217332896 14.373857876867985 17.983042437583208 8.8985746772959811 13.832756590098141 316.95231148856692 1033.2166727625445 2119.943696803879 107.39568041870371 90.00528466864489 15.17603750573471 37.008310495642945 13.321476533077655 4.5656674047932011 4.2073281658813384 4.4890679507516325 22.317969946190715 10.454270257614551 43.16218864871189 15.619415490888057 77.028475045226514 65.985523425973952 225.96595061011612 17.352333343820646 2587.1441497665364 3553.7249236044008 8.0628384649753571 17.276558052515611 20.801965478807688 801.60334797180258 151.36930162226781 15.912671217811294 1106.7510258562397 446.66431984584779
leaf_count=24044 131902 24648 10915 1905 672 5539 24359 530 50 39 244 59 473 237 376 32 665 8857 34 86 847 49 4705 119 369 101 77 47 20 112 27 64 73 2600 4833 5941 1044 999 83 280 91 19 43 21 73 65 238 81 139 146 400 49 5586 6992 19 29 45 1589 271 40 1758 714
internal_value=9.60167e-12 0.00105834 -0.000989843 -0.00307803 -0.00359245 0.000557336 0.00244202 0.00396811 -0.00467102 -0.0406905 -0.00456507 -0.000145597 -0.00583705 0.00553736 0.00784478 -0.00422055 0.0109403 0.00408931 0.00369286 0.0058958 0.0111553 0.00490751 0.00527961 -0.00119682 9.80238e-05 -0.00731861 -0.0168834 -0.00652556 0.00676425 -0.0274684 0.0130352 -0.0381191 -0.0195255 0.0120857 -0.00498585 -0.00277756 -0.00701244 -0.0105503 -0.0182353 -0.0035156 0.00957711 0.00201167 -0.0155174 0.0291223 -0.0307557 -0.0330871 -0.0271904 -0.0178158 -0.00574319 -0.00559268 -0.00774117 -0.0197408 -0.00459832 -0.00288702 -0.00663288 -0.00742103 -0.00497552 -0.011907 0.00442033 -0.0263194 -0.00439732 0.00188818
internal_weight=60073.2 58873.5 34552.2 21481.4 18818.5 2662.9 13070.8 24321.3 336.489 22.9903 13522.8 1175.57 587.347 588.225 520.381 559.338 86.9844 23984.8 20444.4 4130.36 653.354 3477 3417.35 452.957 442.234 209.335 142.412 102.441 232.899 19.072 66.9231 28.0084 19.1099 406.732 12347.2 3153.16 472.354 364.958 174.417 190.541 85.9098 72.5883 35.58 9.05474 26.5253 84.4119 73.9576 58.7816 9194.04 9095.64 2877.75 243.318 6217.9 3630.75 2634.43 2459.08 1591.49 867.589 175.345 23.9755 1570.69 463.941
internal_count=276464 144562 103845 55442 47998 7444 48403 40717 619 89 37083 8288 4403 3885 3648 4207 697 40098 31241 6593 881 5712 5626 921 872 371 243 166 501 132 128 196 132 3272 28795 10774 3510 2466 1466 1000 527 436 156 40 116 467 402 319 18021 17777 5060 449 12717 7131 4611 4281 2546 1735 330 59 2501 743
is_linear=0
shrinkage=0.05


Tree=40
num_leaves=63
num_cat=0
split_feature=12 1 15 0 1 0 18 2 5 7 2 5 4 5 3 5 0 3 10 4 4 5 0 3 0 5 2 7 9 14 0 0 4 4 5 5 7 0 14 5 3 3 3 5 4 3 1 5 2 3 1 2 1 0 2 6 3 8 2 1 0 3
split_gain=1230.16 140.196 101.543 11.8367 11.4584 16.7446 12.1369 17.0191 18.0901 16.4961 21.5659 15.7837 12.3691 10.9377 19.0689 10.8412 19.3158 23.3593 18.4315 25.4268 12.3653 12.3089 11.2232 23.3176 16.5539 30.1626 27.3643 22.9273 25.6677 19.9222 15.605 15.5204 28.4221 23.8588 14.9027 14.8524 21.592 13.6632 21.3488 20.3701 21.715 12.0967 10.6583 17.0343 14.8363 12.7233 10.3665 12.1382 17.998 15.5278 15.8999 37.1189 23.4314 40.2899 57.3045 33.3235 14.7911 14.2619 18.6508 12.7669 17.4717 20.9793
threshold=1.0000000180025095e-35 0.11651583710407241 1.0000000180025095e-35 25.500000000000004 0.085144927536231887 32.500000000000007 1.0000000180025095e-35 0.19925475533784112 0.50083144511883482 0.0091597757747831094 0.12117959175131944 0.327797391534487 0.53488520511823789 0.38948880153367565 2.006867655750495 0.37370105274780335 18.500000000000004 0.84856168753358163 1.0000000180025095e-35 0.67063818986037682 0.49186937045239298 0.15457326980945804 22.500000000000004 0.84856168753358163 20.500000000000004 0.30107524996186469 0.22613196335137464 0.0043970978393446597 1.0000000180025095e-35 1.0000000180025095e-35 26.500000000000004 19.500000000000004 0.49972686602307531 0.49351841046757666 0.34369863021653985 0.27490331928437145 0.011261214246859623 24.500000000000004 1.0000000180025095e-35 0.33576250098889121 2.1366445999321511 2.4481243311084389 1.3518447337422124 0.30107524996186469 0.47615579519616114 5.3891163228419439 0.20714285714285716 0.73438131670195472 0.08587125543770581 1.6551641451392773 0.35416666666666669 0.098170297995553005 0.29285714285714287 32.500000000000007 0.065242913996420612 1.0000000180025095e-35 2.2100043145175925 1.0000000180025095e-35 0.15539332244297496 0.35416666666666669 30.500000000000004 2.3192195119004828
decision_type=2 2 2 2 2 2 2 2 2 2 2 2 2 2 2 2 2 2 2 2 2 2 2 2 2 2 2 2 2 2 2 2 2 2 2 2 2 2 2 2 2 2 2 2 2 2 2 2 2 2 2 2 2 2 2 2 2 2 2 2 2 2
left_child=1 2 15 -4 6 -6 7 8 11 10 -10 -5 13 -9 -15 16 17 -1 19 20 -19 -20 24 30 25 26 27 -18 29 -29 -24 33 -33 -27 42 36 -31 38 39 40 -25 -30 43 -26 45 -44 -3 48 -48 -49 52 -52 -51 54 -54 -56 -53 -55 -59 60 -50 -62
right_child=-2 46 3 4 5 -7 -8 12 9 -11 -12 -13 -14 14 -16 -17 22 18 21 -21 -22 -23 23 37 34 31 -28 28 41 35 -32 32 -34 -35 -36 -37 -38 -39 -40 -41 -42 -43 44 -45 -46 -47 47 49 59 50 51 56 53 57 55 -57 -58 58 -60 -61 61 -63
leaf_value=-0.07769962252598446 -0.051760478185137085 0.0022183912314554274 -0.0011520742265543683 0.0020862462647032419 -0.0076793267197612066 0.0006375072225394896 -0.0052677756862980311 -0.027046523736653227 0.0043638728277613451 0.0075076814481860252 -0.024289884184365448 0.021213113797694902 -0.064912290574544423 0.0036318927421436229 -0.043070651878583846 0.0013679166586360002 0.041285124259926392 -0.01164331210872678 -0.057215052192924533 0.034888908269743071 -0.051235340586535977 0.004895847159454709 0.071765583404856101 0.04617161230089778 0.0079731126618201309 0.050487112512963651 0.073706773189628677 -0.060504296189013353 0.046702223340497541 -0.060791824053240018 0.0077318679362121633 -0.072832905170771123 -0.0058454924293837992 -0.030095003520754518 0.044507610754410266 0.032164538303025583 0.0021386381147341592 0.0052405786878716287 -0.011778895783186192 -0.033139470874429498 -0.00107127609567328 -0.022640773266596588 0.073885583153892417 -0.068147306207690508 0.014123213599210708 0.0018565710100281686 0.0041095107038835602 0.0040050882357080889 0.0029539872631705846 -0.0044886914355515102 0.0059565725257166554 -0.012595374711932811 -0.016924947909201425 0.031767332210374914 0.01002864383646802 0.06711551279388836 -0.060489259137570611 -0.0014315495459054225 -0.043239982847801027 0.018223367170443826 0.0070642882538428852 0.018686707192212406
leaf_weight=11.131972392089663 1126.2580932453275 7574.6135903233662 4542.6705965926521 240.37172394315712 803.90864539667382 2448.4146692458307 11048.457566284458 62.567921836860478 117.65777634806 195.17723163729534 148.60553555819206 195.65553360711783 10.305013064295052 157.87479886063375 25.368910457706079 9270.196267240477 40.440165607025847 34.61483475076966 8.2425270080566388 15.959032289218156 45.834137448342517 247.34904126694892 21.098927401704714 49.164750326424837 32.069446106441319 16.604165467899293 17.257351534441113 18.885068156057969 32.038444265257567 18.938457066193223 17.328929414972663 27.777207673061639 36.829934076406062 20.559479603311047 46.127542066999013 21.558625483885407 48.632523994892836 2171.8056832357834 297.53946270793676 19.54343061381951 48.140058395918459 7.8254366591572753 19.900404402986172 9.5347179563250375 303.96196960599627 8.8606792539358121 9370.8586656263215 3845.1373949954286 1302.9813483944163 884.79851566720754 79.314232865755912 24.735279509332031 48.41961297346279 20.621218173298985 38.484478330239654 76.138598148711026 46.286387423519045 97.253675783053041 36.757429102435708 297.86848717182875 1313.2946478240192 551.24946968816221
leaf_count=32 131902 14294 9488 1310 3945 6873 23555 375 709 1457 951 1463 75 1888 155 36665 93 120 23 61 197 637 60 191 118 54 35 88 96 33 66 96 100 76 143 38 95 7318 642 87 202 22 67 30 762 16 13295 5212 2686 2060 220 69 102 73 106 119 95 273 77 776 3247 1351
internal_value=2.62333e-11 0.000994949 -0.00116017 -0.00339581 -0.00405534 -0.00141825 -0.00475823 0.000121933 0.00336625 -0.00353423 -0.0116282 0.0106689 -0.0112466 -0.00899679 -0.00283377 0.00228254 0.0045645 -0.00638923 -0.00413404 -0.0227633 -0.0342001 0.00289284 0.005751 0.00422757 0.0112448 0.00242504 0.0134459 0.00792364 -0.00119969 -0.0138546 0.0428898 -0.019837 -0.0346461 0.00590789 0.017692 -0.00397032 -0.0154992 0.0036531 -0.00466689 0.013443 0.0227989 0.0330899 0.0143875 -0.00947194 0.017371 0.051695 0.00377063 0.00442259 0.00524805 0.00238413 -0.00222317 -0.0175536 -0.000306528 0.0113418 0.0286828 0.0479487 -0.0438089 -0.00694249 -0.012899 0.00832681 0.00739616 0.0105004
internal_weight=59717.9 58591.6 32982.8 19997 15454.4 3252.32 12202 1153.58 897.468 461.441 266.263 436.027 256.117 245.812 183.244 12985.8 3715.55 363.132 352 96.408 80.449 255.592 3352.42 2624.62 727.802 307.347 205.576 188.319 147.879 108.015 38.4279 101.771 64.6071 37.1636 420.455 89.1296 67.571 2586.19 414.388 116.848 97.3048 39.8639 374.327 41.6042 332.723 28.7611 25608.8 18034.2 12836.3 5197.95 1352.81 150.336 1202.47 317.675 163.043 114.623 71.0217 154.632 134.011 3465.39 3167.53 1864.54
internal_count=276464 144562 100507 52244 42756 10818 31938 8383 5890 3117 1660 2773 2493 2418 2043 48263 11598 1070 1038 378 317 660 10528 8566 1962 826 500 465 372 254 126 326 196 130 1136 166 128 8440 1122 480 393 118 993 148 845 83 44055 29761 21355 8406 3194 384 2810 750 327 225 164 423 350 8060 7284 4598
is_linear=0
shrinkage=0.05


Tree=41
num_leaves=63
num_cat=0
split_feature=12 1 15 0 1 0 5 0 3 2 2 1 4 4 3 3 0 2 2 5 5 2 4 0 1 0 4 0 5 0 7 0 5 3 1 4 2 0 7 1 0 0 7 7 0 3 8 3 0 2 1 7 7 0 0 2 5 4 0 4 3 3
split_gain=1147.66 140.886 96.5811 11.539 11.591 17.2435 10.7655 12.8971 15.6511 12.2736 13.9281 10.6143 10.0306 9.95238 9.58693 17.3769 12.748 9.5805 9.22626 13.9063 18.4475 20.4715 23.2957 15.7844 21.2882 14.9248 14.006 13.5256 14.659 12.7516 15.1536 12.127 22.6451 11.6367 12.7554 11.5708 11.2306 12.5574 21.0498 18.4852 17.0522 10.8218 15.2861 11.6976 10.5165 10.0653 9.78202 10.2161 10.52 9.16284 14.4882 13.9498 14.0505 14.5542 13.7484 12.9226 11.1246 9.14051 16.9644 17.7043 15.1185 16.6038
threshold=1.0000000180025095e-35 0.11651583710407241 1.0000000180025095e-35 25.500000000000004 0.093073593073593086 32.500000000000007 0.36485047417419675 18.500000000000004 0.84856168753358163 0.07258388220740962 0.27147367676320838 0.20714285714285716 0.67740057948249188 0.79633851063981576 3.6830954028089402 4.9023791598846715 17.500000000000004 0.038618295953425079 0.08587125543770581 0.58402870599568846 0.4262465233429899 0.17532122241791359 0.49299532264304963 30.500000000000004 0.35416666666666669 33.500000000000007 0.53488520511823789 27.500000000000004 0.35192035979953218 22.500000000000004 0.054878776239444559 35.500000000000007 0.6787926813096089 2.4738081171341491 0.22649572649572652 0.50081619598709792 0.11075890932719103 28.500000000000004 0.012145730979922881 0.31666666666666671 25.500000000000004 26.500000000000004 0.0063967637791066513 0.008663366336634358 24.500000000000004 1.0112004182208549 1.0000000180025095e-35 2.2554034694322476 26.500000000000004 0.16350047043977281 0.35416666666666669 0.002515347284471644 0.0053269607044203185 32.500000000000007 29.500000000000004 0.1300517202628744 0.23152779075942839 0.50393259127508916 25.500000000000004 0.50250498798980858 1.9825378173416264 1.1428571428571439
decision_type=2 2 2 2 2 2 2 2 2 2 2 2 2 2 2 2 2 2 2 2 2 2 2 2 2 2 2 2 2 2 2 2 2 2 2 2 2 2 2 2 2 2 2 2 2 2 2 2 2 2 2 2 2 2 2 2 2 2 2 2 2 2
left_child=1 2 6 -4 -5 -6 7 8 -1 17 12 57 14 -8 -11 16 -16 -10 -13 20 25 23 -23 24 36 26 27 28 -20 -21 45 -32 -33 -25 35 -35 -22 39 -39 41 -41 -38 -43 -44 -26 -31 -28 -48 -49 50 51 -29 55 56 -52 -53 -54 58 59 60 61 -3
right_child=-2 11 3 4 5 -7 13 -9 9 10 -12 18 -14 -15 15 -17 -18 -19 19 29 21 22 -24 33 44 -27 46 49 -30 30 31 32 -34 34 -36 -37 37 38 -40 40 -42 42 43 -45 -46 -47 47 48 -50 -51 54 52 53 -55 -56 -57 -58 -59 -60 -61 -62 -63
leaf_value=-0.067922985297981839 -0.051590765102502191 0.0087684824530648905 -0.0011877085872847545 -0.0046429733366202949 -0.0070463649759792517 0.0020608665415998862 0.0013094385918120963 0.0054566390851815182 -0.04281599740946964 -0.019829919535962932 0.035959797231348713 0.0037585779066122618 0.049291607096764924 -0.045007505221275813 0.0063785709670230555 -0.032946432198529531 0.070710195911414281 0.018793833726950544 0.0035894894675491357 0.030056748479946788 0.017928047946233688 0.078294263161398855 0.023847351672782569 0.01171705599882685 -0.012439784137470735 0.012980800892526942 0.0026264284797519561 -0.053346624582562653 0.033809438804025767 0.02659516047259677 -0.0077879771658374737 -0.009996212906360994 0.027018336815801222 0.034576876252693137 0.042601406002495984 -0.03707687240426312 -0.0044311406321916585 -0.080507101416156593 -0.011251313386599194 -0.0037583793820770307 -0.082171600793662009 0.068276485512581253 -0.057670857130816759 0.026305004040051788 0.04198912053000526 0.0048733426364301335 0.014111826051628515 0.010883226978371567 0.066325407473522266 0.0031086405559541501 -0.0098512139406844654 0.060727510274618507 -0.062138018119188537 0.026100656198976266 0.051165332754970552 -0.0011711295893742073 -0.016482055440786608 0.00020621527995711502 0.0047752584721766529 -0.074450794588434996 0.0091682374039457355 -0.018335099350201969
leaf_weight=9.5276858925353718 1058.739292866434 78.042984914500266 4538.8340306869359 13028.305914345605 764.39211706974311 1623.9562119228067 9341.6499505352695 3231.8090700890461 6.8783065960742524 162.6044898678083 16.490076599642634 13493.012946911331 6.5770873078145078 11.612525475706205 32.689628369174898 22.253511212766171 10.073818389559163 76.368075471138582 272.67149456217885 43.680920829065144 46.326580655295402 23.690433880314231 115.06889034621418 154.4607743662782 11.130851294845341 547.09592765383422 116.83366240933537 20.801235693041235 47.053641722537577 55.688835939858109 463.73468543961644 85.079652132932097 80.33974416507408 11.713093826081606 81.242132012732327 10.855859529227017 45.24680111091584 14.652266640681772 43.678916887380183 17.825052361004055 11.346850113011898 16.311163323000073 5.6574308117851642 15.531978086568413 43.782827759161592 1259.2457827837206 100.16401380626485 13.863652134314178 22.34909612685442 215.15728057455271 19.307345186825842 11.487133443355559 14.32024320354685 18.999990238342434 17.691303498111665 31.702836887910962 195.36544725624844 3328.3821179991937 3803.9308391036466 9.1570528610609454 141.39987269043922 204.75859246356413
leaf_count=32 131902 168 9488 34811 3707 4238 36608 10107 24 541 45 19086 18 511 80 43 24 230 557 138 107 109 403 550 26 1399 161 43 125 159 1074 175 299 40 223 24 86 40 81 73 23 30 15 53 132 3239 169 42 32 436 46 35 37 62 40 61 331 5986 7213 32 318 577
internal_value=8.88295e-12 0.000937479 -0.00122253 -0.00340359 -0.00405597 -0.000853908 0.00214398 0.00447765 -0.00473414 -0.00293126 -0.0084551 0.00373615 -0.0115824 0.00125193 -0.0133413 0.00288634 0.0215332 0.0137033 0.00440252 0.00641325 0.00903123 0.016047 0.0331431 0.0115691 0.00315118 0.00621406 0.00290205 -0.000126916 0.00803693 0.00334008 0.0027398 -0.00364201 0.00798076 0.0204178 0.0333638 0.000110811 -0.00389894 -0.00983824 -0.0286477 -3.49209e-05 -0.0342584 0.0120303 0.031892 0.00388401 0.0309565 0.00579328 0.0132441 0.0223403 0.0451 -0.00491772 -0.010156 -0.0138828 -0.0108634 -0.0158031 0.0193245 0.0152919 -0.0196001 0.00216713 0.00370743 -0.00566578 -0.00418095 -0.0108555
internal_weight=59322.6 58263.9 32884 19955.5 15416.7 2388.35 12928.5 3575.27 343.463 333.935 250.689 25379.8 234.199 9353.26 227.621 65.017 42.7634 83.2464 17814.2 4321.16 2333.39 668.522 138.759 529.763 271.491 1664.86 1117.77 864.558 319.725 1987.77 1944.09 629.154 165.419 258.272 103.811 22.569 216.577 170.25 58.3312 111.919 29.1719 82.7474 37.5006 21.1894 54.9137 1314.93 253.21 136.377 36.2127 544.833 329.676 292.677 271.876 228.686 36.9986 43.19 209.686 7565.67 4237.29 433.359 424.201 282.802
internal_count=276464 144562 100507 52244 42756 7945 48263 11144 1037 1005 751 44055 706 37119 688 147 104 254 29761 10675 5591 2015 512 1503 666 3576 2177 1773 682 5084 4946 1548 474 837 287 64 508 401 121 280 96 184 98 68 158 3398 404 243 74 1091 655 569 526 430 86 96 368 14294 8308 1095 1063 745
is_linear=0
shrinkage=0.05


Tree=42
num_leaves=63
num_cat=0
split_feature=12 1 15 4 0 1 0 1 18 2 4 5 13 2 7 2 5 1 3 4 2 0 4 5 5 7 0 2 3 5 4 0 1 3 10 0 0 0 8 0 5 0 5 4 14 5 4 0 3 0 5 2 1 5 2 0 5 7 3 9 5 7
split_gain=1071.01 141.584 91.9033 11.1873 10.7825 11.7358 13.9463 9.88295 9.66382 18.9358 16.0666 15.0434 16.244 13.7269 12.4797 15.9336 12.4352 14.1501 10.4142 9.49834 9.46865 9.03571 11.3079 8.93873 8.77321 10.5006 8.5318 12.2287 10.244 9.0024 10.0492 8.50516 8.96721 8.41388 13.2196 10.8063 22.756 25.7307 15.1617 11.5308 9.68399 8.34585 10.0833 18.2663 8.27714 9.13384 9.05889 17.9063 26.9393 10.8267 8.25328 7.96502 7.79684 11.6479 7.79155 7.79138 7.92544 7.69441 11.0444 11.2775 8.08999 7.60121
threshold=1.0000000180025095e-35 0.11651583710407241 1.0000000180025095e-35 0.79633851063981576 25.500000000000004 0.085144927536231887 39.500000000000007 0.20714285714285716 1.0000000180025095e-35 0.21946468754577278 0.53488520511823789 0.50083144511883482 1.0000000180025095e-35 0.12117959175131944 0.007535387105539036 0.20271137469450831 0.28825181470180611 0.057189542483660136 1.0991042848040917 0.79633851063981576 0.08587125543770581 32.500000000000007 0.49870760959470661 0.38948880153367565 0.2220686478513951 0.0065346810018987681 30.500000000000004 0.1862936123229802 2.3964691773354523 0.55396898164759711 0.5031846438172044 26.500000000000004 0.10818713450292398 9.6854064678831016 1.0000000180025095e-35 19.500000000000004 23.500000000000004 24.500000000000004 1.0000000180025095e-35 16.500000000000004 0.55396898164759711 32.500000000000007 0.8392635455669829 0.33426807108567214 1.0000000180025095e-35 0.88806001943279178 0.69157937533384606 25.500000000000004 0.84856168753358163 27.500000000000004 0.65275642997548278 0.034871764923640268 0.097619047619047633 0.76726270014285147 0.0019050542516223974 69.500000000000014 0.26424449547930867 0.0060454520113572456 2.368528989683004 1.0000000180025095e-35 0.7549657134102109 0.0050584763617538822
decision_type=2 2 2 2 2 2 2 2 2 2 2 2 2 2 2 2 2 2 2 2 2 2 2 2 2 2 2 2 2 2 2 2 2 2 2 2 2 2 2 2 2 2 2 2 2 2 2 2 2 2 2 2 2 2 2 2 2 2 2 2 2 2
left_child=1 2 19 4 52 8 31 -3 9 11 23 12 16 -13 15 21 -6 -18 -12 33 -9 22 61 -11 25 -22 27 28 -16 30 -28 -7 41 44 -35 39 38 -38 -37 50 -39 -33 -43 -44 45 54 -46 -48 49 -49 -36 -8 -4 -54 -1 56 -14 58 59 -23 -59 -15
right_child=-2 7 3 -5 5 6 51 20 -10 10 18 13 55 14 26 -17 17 -19 -20 -21 24 57 -24 -25 -26 -27 29 -29 -30 -31 -32 32 -34 34 35 36 37 40 -40 -41 -42 42 43 -45 46 -47 47 48 -50 -51 -52 -53 53 -55 -56 -57 -58 60 -60 -61 -62 -63
leaf_value=-0.096866834652799425 -0.051423621529130159 0.0021890324449846841 -0.0010473035935216494 -0.052431521557959992 0.0021401839166091999 -0.026362342513173393 -0.038816818641666175 0.0037144113305998421 -0.0051758468003255823 -0.030718934337544846 -0.1050666310271631 0.0058789609377674244 -0.053473861982110238 -0.080725703853447545 0.066406239812929133 0.035739153119001908 0.023047996178122365 -0.054876579803832939 -0.015628835259820308 -0.040544650394334934 -0.037514397362526694 0.051681402661827802 -0.02122171524361649 -0.0043734430652579825 0.0067836371338063674 0.0015542266326168523 -0.057676179670495611 -0.050101391156856051 0.0072369817942524025 0.00081131336664396327 0.020148208081962063 -0.014415784582770923 0.00047700021960182093 0.060681182221789975 0.04591997449720666 -0.06440224052030416 0.059764792207563457 0.018482931212496771 -0.0033860429436051971 0.06045665577683617 -0.0080034353709745251 -0.0032745338315912152 0.04674699000310642 -0.087865496511235444 0.00077865487067322442 0.07521230524558116 -0.0011161356204643143 0.091372457117459116 0.010232161130543767 0.032359683625699937 -0.0059494182533774602 0.0051582374997398098 -0.040961455187101259 0.022160190936712065 0.0038575268312702362 0.045917575204697386 -0.0076387921094673468 -0.067351416260570826 -0.017890895994318468 -0.07542580848519316 0.0079129847584239691 -0.024514561412302859
leaf_weight=1.9209986252244551 995.43220465350896 7499.8727319987374 4497.3654582956806 11.630292911664581 142.50369197200052 38.887650613905862 10.439263356849549 13482.309013894177 11012.150640570908 42.581725158728659 7.7814583145081979 214.21614340459928 10.717696759384124 19.248705547768626 13.306796120945366 11.398380807600914 220.64025168854278 5.9837177703157058 5.5950584937818348 13.099965303437783 23.938291344791651 12.283496826887129 37.729765610070899 132.00614408706315 4048.5411391351372 61.088265552651137 15.183708558324726 5.0797858638688913 16.245612513739616 72.948919759131968 5.7071498506702474 223.44896597357001 1124.0074936761521 12.645490793278439 11.531031841412185 18.048692351207137 23.634380660951138 60.544273824198171 23.356250438373536 18.395301159471273 80.257078079273924 1061.7645505267428 3.5469586811959735 8.7049856050871295 8751.9433694113977 4.4836688479408613 153.12461842503399 17.08514624834061 84.26753264060244 14.258655374869702 22.898560043424368 756.0487123336643 27.237693820614368 9.9888322539627534 3591.7186401559738 5.9572347328066817 78.571245569270104 11.081769622163849 38.069886970100924 2.0340451784431925 5.2673866082914165 8.7472504950128478
leaf_count=11 131902 14294 9103 599 798 283 27 19086 23256 281 17 1466 83 84 73 110 1800 31 50 654 47 146 245 1661 10466 162 79 42 94 604 41 1535 3417 171 21 44 28 200 61 38 191 3633 15 48 22537 54 343 24 207 33 44 1692 240 48 23602 13 237 63 232 9 39 50
internal_value=1.08846e-11 0.000883401 -0.00127838 -0.00340722 -0.00337859 -0.00401032 -0.0013299 0.00370911 -0.00472202 -0.000341594 -0.0148454 0.00251928 0.00896297 -0.00360555 -0.0110117 -0.0210201 0.0137132 0.0209905 -0.0676571 0.00200913 0.00435627 -0.0258316 -0.0390865 -0.0107991 0.00644982 -0.00944511 0.000351471 0.0215614 0.0338796 -0.0074762 -0.0364154 -0.0031646 -0.00279205 0.00205238 0.0107643 0.00832401 0.00314683 0.011489 -0.0299834 0.0284977 0.00338564 -0.00562407 -0.00379495 -0.048895 0.00186507 0.00389267 0.00105631 0.0100986 0.0249522 0.0645269 0.0114225 0.00455931 -0.00123593 -0.0240243 0.00380368 -0.00944672 -0.0131406 -0.0131573 -0.0038119 0.0336237 -0.0431027 -0.0631627
internal_weight=58940.5 57945.1 32829.3 19926.1 19914.5 15379.9 3226.85 25115.7 12153 1140.89 187.964 952.923 464.374 488.549 274.333 145.861 369.128 226.624 13.3765 12903.2 17615.9 134.462 65.7257 174.588 4133.57 85.0266 128.472 34.6322 29.5524 93.8398 20.8909 2460.36 2421.47 12890.1 271.311 258.666 205.841 164.436 41.4049 52.8249 140.801 1297.47 1074.02 12.2519 12618.8 3598.12 9020.68 268.736 115.611 31.3438 34.4296 766.488 4534.59 37.2265 3593.64 95.2462 89.2889 68.7366 52.3874 14.3175 16.3492 27.996
internal_count=276464 144562 100507 52244 51645 42254 10650 44055 31604 8348 2009 6339 2962 3377 1911 978 2629 1831 67 48263 29761 868 379 1942 10675 209 933 209 167 724 120 8931 8648 47609 798 627 524 419 105 103 391 5231 3696 63 46811 23667 23144 607 264 57 65 1719 9391 288 23613 333 320 489 387 155 102 134
is_linear=0
shrinkage=0.05


Tree=43
num_leaves=63
num_cat=0
split_feature=12 1 15 0 1 0 1 5 1 4 3 3 3 2 10 8 4 4 4 0 0 0 0 4 0 0 0 1 0 1 5 5 18 2 4 7 13 3 10 5 2 3 5 0 5 2 7 4 5 5 3 2 3 7 14 5 4 2 7 3 0 7
split_gain=999.114 140.907 87.6592 10.7589 12.6637 13.667 15.6231 10.6858 9.68775 9.04988 9.05754 9.01604 9.74012 8.96392 8.93248 9.86696 8.87176 10.8939 9.22784 8.59793 11.4001 18.2116 11.3857 9.75671 11.3277 8.66128 7.92721 7.59336 7.57389 7.53493 10.0727 7.41832 7.38591 20.8165 22.7048 15.6406 11.518 8.76234 8.31015 10.2295 9.88477 9.7303 8.40491 8.03296 7.37734 9.6058 7.49219 7.35914 7.80073 10.0127 9.46893 10.5057 21.1351 13.9035 7.32991 7.52647 7.17026 9.66416 7.22223 14.8531 7.97947 15.8981
threshold=1.0000000180025095e-35 0.11651583710407241 1.0000000180025095e-35 25.500000000000004 0.067816091954023008 40.500000000000007 0.085144927536231887 0.67134596533217328 0.20714285714285716 0.79633851063981576 9.6854064678831016 1.1893249811517723 2.4738081171341491 0.08587125543770581 1.0000000180025095e-35 1.0000000180025095e-35 0.31709168822424133 0.68497476854574646 0.30617722481003934 19.500000000000004 23.500000000000004 24.500000000000004 22.500000000000004 0.50525871272617529 28.500000000000004 16.500000000000004 26.500000000000004 0.10818713450292398 32.500000000000007 0.097619047619047633 0.6856354118838166 0.34369863021653985 1.0000000180025095e-35 0.13800737554482215 0.53212749615975441 0.49569929597115897 1.0000000180025095e-35 1.0991042848040917 1.0000000180025095e-35 0.38326123203468149 0.086908727622992857 1.494632030350642 0.29036871463549474 29.500000000000004 0.73750015948293646 0.063560291562597321 0.0051229405678243087 0.50198087513273604 0.50083144511883482 0.38624262048725971 2.006867655750495 0.18336372748265045 2.3440273904078679 0.005504874439010341 1.0000000180025095e-35 0.88806001943279178 0.72477577376232571 0.046691000676646596 0.53487587758670541 1.5517279127909995 37.500000000000007 0.0032365100243543299
decision_type=2 2 2 2 2 2 2 2 2 2 2 2 2 2 2 2 2 2 2 2 2 2 2 2 2 2 2 2 2 2 2 2 2 2 2 2 2 2 2 2 2 2 2 2 2 2 2 2 2 2 2 2 2 2 2 2 2 2 2 2 2 2
left_child=1 2 9 29 32 6 7 -6 -3 10 54 -9 16 56 15 -12 18 -18 -13 25 22 -22 -21 24 31 -16 44 28 -28 -4 -31 -23 33 36 35 47 38 -36 39 42 -41 -40 -5 -34 46 -46 -8 48 49 -35 -50 52 -52 -54 55 -1 -10 58 60 -60 -58 -62
right_child=-2 8 3 4 5 -7 26 11 13 -11 14 12 -14 -15 19 -17 17 -19 -20 20 21 23 -24 -25 -26 -27 27 -29 -30 30 -32 -33 43 34 37 -37 -38 -39 41 40 -42 -43 -44 -45 45 -47 -48 -49 50 -51 51 -53 53 -55 -56 -57 57 -59 59 -61 61 -63
leaf_value=0.003575591291188038 -0.051260755023314043 0.0021421533821856138 -0.0010934050885781311 0.0026466753600909707 -0.029658518543688131 0.0021692247353322053 -0.014964927949429087 -0.054707466158572797 0.0038976508522643215 -0.041141662494818598 0.07314290643294806 0.0048913242263391287 -0.071256722579918316 0.0063271234732320868 0.012822290591432629 -0.051239719690054135 0.030693386479630037 -0.025195783376583694 -0.08901519215784634 0.0059712974560117886 0.057389795376581322 0.012885428547091861 -0.050907114228672591 -0.033192033679438716 0.018480952399355315 0.055864069413427392 -0.013459865637806392 0.00053438113599953965 -0.0033803740185521431 -0.050139624355045209 0.0030053654819186147 -0.034071823562691887 -0.0031426792349747352 -0.013298943630561453 -0.087817253526132844 0.014865594948017941 -0.0079813940727136105 -0.025969091077567764 0.043959765830510991 0.00050297675054279201 -0.036014719220801808 0.012201945573653492 0.046627399915770237 -0.0062626813535601126 -0.047780421414719332 0.042586423361594156 -0.068866393400678266 0.00031435948514246391 -0.0063367539636399505 0.018037670129829105 0.02852780117275331 -0.057215467252922404 -0.052517421556898175 -0.007996827592133984 0.00097629949257938334 0.072871205455653218 -0.011155029621537678 0.008706202950546851 0.071051686069566647 -0.027193700448795211 0.056594548592547735 -0.0044848026719444736
leaf_weight=3573.6638502744026 935.43192763603292 7491.0229800572852 4495.1985033312812 25.755168642615899 94.852656638482586 1472.471197406936 13.536373974755408 7.7696215603500596 12942.691040918231 12.209484339255139 10.068122901837338 6.4786010733805579 4.1857153472956261 4129.334031122271 35.459503460675478 1.8944329160731292 35.7729587033391 11.529049730626864 4.3879048731178045 18.251155781792477 17.966328984126449 14.024645378813146 16.987760687246919 15.737537108361719 85.493549314327538 17.434851582162082 220.90282902636682 1136.0037308410974 1192.2940864316188 18.239491630811244 17.441746039432473 21.012388797011226 2905.3658342317212 81.309656374156475 11.319937829393895 78.76766229304485 113.66211456945166 11.590159126557408 26.961207329994068 88.686765568447299 23.425866512581706 228.82168817671482 18.786838799947873 7115.7691249404452 4.8989840541034919 7.3568569468334317 12.309285803698002 137.97452939487994 77.755042772274464 37.13226586044766 17.430808261269704 25.538203332107514 39.806463059037924 31.34546619374305 9004.8778381771408 3.9228025572374454 299.20879920950392 149.98466718546115 8.594366508536039 6.9646609003539188 13.448279593139885 51.266604877542704
leaf_count=23613 131902 14294 9194 103 673 3813 76 74 18010 654 135 41 47 10675 65 36 153 62 27 51 28 30 54 52 267 38 1572 3500 4081 193 101 42 5342 421 24 661 387 103 244 254 167 2501 133 14824 35 32 142 1359 966 338 101 163 178 159 23144 54 608 233 24 85 20 106
internal_value=8.18862e-12 0.000829682 -0.00133293 -0.00341554 -0.0040485 -0.0017188 -0.00379889 -0.0187172 0.00364811 0.00188487 0.00192579 -0.00391747 0.00241119 0.00428904 0.0112676 0.0534452 0.00771222 0.0170714 -0.0330282 0.00918583 0.00421006 0.0100724 -0.0214483 0.0038338 0.00866822 0.0270096 -0.00284764 -0.00250928 -0.00495594 -0.00127507 -0.0241612 -0.0152757 -0.00493542 -0.000998985 -0.0078007 -0.00568262 0.00611134 -0.0565284 0.00999511 0.000926103 -0.00712737 0.0155494 0.0211968 -0.00535812 -0.0254856 0.0064644 -0.0406361 -0.00929306 -0.0135647 -0.00347472 -0.0197931 -0.0289615 -0.020816 -0.0329042 0.00173696 0.00365157 0.00366434 -0.00203876 -0.00628554 0.0270743 -0.00771179 0.00820798
internal_weight=58729.8 57794.4 32701.8 19852.8 15322 4224.75 2752.28 164.977 25092.5 12849 12836.8 70.1239 62.3542 17601.5 254.33 11.9626 58.1685 47.302 10.8665 242.368 189.473 154.234 35.2389 136.268 120.531 52.8944 2587.3 2549.2 1413.2 4530.88 35.6812 35.037 11097.2 1076.07 549.97 527.06 526.1 22.9101 412.438 156.655 112.113 255.783 44.542 10021.1 38.1015 12.2558 25.8457 448.292 310.318 118.442 191.876 114.121 88.5827 71.1519 12582.5 3577.59 13472.2 529.467 379.483 15.559 363.924 64.7149
internal_count=276464 144562 100507 52244 42756 14328 10515 1077 44055 48263 47609 404 330 29761 798 171 283 215 68 627 524 419 105 391 339 103 9438 9153 5653 9488 294 72 28428 8262 4473 4346 3789 127 3402 657 421 2745 236 20166 285 67 218 3685 2326 759 1567 601 438 337 46811 23667 19086 1076 843 109 734 126
is_linear=0
shrinkage=0.05


Tree=44
num_leaves=63
num_cat=0
split_feature=12 1 15 4 0 1 0 1 18 2 5 4 13 2 7 5 2 5 0 7 0 5 2 7 4 4 8 3 4 0 0 3 2 18 2 2 4 7 4 3 5 3 5 0 5 3 3 0 1 5 0 3 4 0 0 3 5 2 5 4 4 2
split_gain=932.632 137.793 82.6342 10.3363 10.1758 12.2611 12.3263 9.51434 8.28761 18.0726 16.2177 14.4549 11.9794 11.2358 10.7316 11.0198 10.0851 20.8584 11.868 11.4413 9.00158 8.89654 13.5553 11.4104 8.26239 7.93157 10.4708 7.92003 10.5443 9.0567 7.74223 11.8624 7.63274 7.5573 7.82147 7.14871 14.9023 7.04055 8.68516 9.60379 9.3142 10.5098 8.20929 8.6668 9.39993 7.9615 10.2279 7.93243 7.0222 8.97869 6.97311 6.92669 6.65433 14.3144 6.64415 11.5249 9.26575 26.2196 13.541 24.592 22.8572 18.8053
threshold=1.0000000180025095e-35 0.11651583710407241 1.0000000180025095e-35 0.79633851063981576 25.500000000000004 0.085144927536231887 39.500000000000007 0.20714285714285716 1.0000000180025095e-35 0.21946468754577278 0.50083144511883482 0.53488520511823789 1.0000000180025095e-35 0.12117959175131944 0.0071428571428571253 0.78439194039366955 0.17053390648022479 0.76244369451063998 33.500000000000007 0.0062458762724034228 28.500000000000004 0.33830127689328915 0.1300517202628744 0.0030227260056785213 0.79633851063981576 0.79633851063981576 1.0000000180025095e-35 9.6854064678831016 0.49878577660784068 18.500000000000004 23.500000000000004 11.005631266092132 0.08587125543770581 1.0000000180025095e-35 0.03701885115870461 0.30664546620768618 0.50284122815353383 0.0013003901170348016 0.67740057948249188 1.1667490279846289 0.34630465854325226 1.273138341112878 0.80318283692646752 31.500000000000004 0.7865772244475403 1.9203644701683655 1.812654099256348 31.500000000000004 0.097619047619047633 0.6856354118838166 43.500000000000007 1.0991042848040917 0.67508924842741869 35.500000000000007 27.500000000000004 0.88876089023234017 0.29036871463549474 0.094615185079023029 0.58018506802634451 0.47853698600158706 0.48840047944250359 0.063560291562597321
decision_type=2 2 2 2 2 2 2 2 2 2 2 2 2 2 2 2 2 2 2 2 2 2 2 2 2 2 2 2 2 2 2 2 2 2 2 2 2 2 2 2 2 2 2 2 2 2 2 2 2 2 2 2 2 2 2 2 2 2 2 2 2 2
left_child=1 2 24 4 35 8 37 -3 9 10 12 -11 21 50 16 -16 20 19 -19 -18 -15 23 -23 -6 27 32 -27 -1 29 -29 31 -31 -9 34 -30 48 -37 38 40 -40 41 -7 43 -39 -45 46 -44 -47 -4 -50 -12 -13 -46 -54 55 -10 57 -57 60 -60 -58 -62
right_child=-2 7 3 -5 5 6 -8 25 54 11 13 51 -14 14 15 -17 17 18 -20 -21 -22 22 -24 -25 -26 26 -28 28 33 30 -32 -33 -34 -35 -36 36 -38 42 39 -41 -42 -43 45 44 52 47 -48 -49 49 -51 -52 -53 53 -55 -56 56 58 -59 59 -61 61 -63
leaf_value=0.0016309129356566433 -0.051100665077205447 0.0020789923419019534 -0.00096712489407574679 -0.051827384316081984 0.03464038465311594 0.064409744789163684 0.0043434892771244838 0.0036622538768385999 -0.031163040157327598 -0.011068111225444243 0.011080875683018514 -0.097823606841722269 -0.0069901188536395757 -0.060506050498957624 -0.0053697726735956151 0.044781002223148465 0.039105634707936529 -0.082844710775101471 0.018710221390972361 -0.040091166124059698 -0.022092169932837219 0.011162085270966508 0.042524095800490894 0.0015670412971943355 -0.040561238033416103 -0.052124876292500837 0.050911890971570686 0.055715175850062276 0.062384323665063017 0.0490462829249061 0.023674203303907737 -0.042440855599150951 0.0061247928713049418 -0.0021749723493384855 -0.0057363542643486826 -0.057155966622175473 0.034282603458833945 -0.0092426755366248215 -0.037257137451653023 0.029248580672840072 -0.039500593612730242 -0.029798565323387233 0.0048872958188341748 -0.00081673446632341516 -0.0090675250296584475 0.071459172057125181 -0.062331385404066825 0.014508979535007334 -0.049015170282673992 0.0019317846792091067 -0.0080275536049376223 -0.025193822630642945 -0.0098789988952777061 -0.089952095049457587 -0.0056232379577802211 -0.0025634039345989591 0.0039030337686194309 0.043609857938509251 -0.0090714777179532607 0.0092816656474336064 0.00236843427697253 -0.022651518148176661
leaf_weight=12548.551931983558 879.46321679744869 7481.4003216863493 4469.3930843599373 11.006470971769884 30.695904571097344 5.1371522194240224 758.41705467063002 13402.55699281441 33.37738984124735 166.3965282512363 137.87716347875539 7.3274575313553196 91.449099899968132 19.178906250745058 117.04015012504533 12.084567974321542 23.135499288327996 9.3937023319303972 4.1467984043993047 5.6799801529850802 74.453244194854051 94.256902205524966 54.304199853679165 173.37604530504905 11.518188053654738 12.375115683855254 3.0791933564469209 17.495073336176574 9.8107250265311468 5.1126380562782314 68.113306642742828 11.5421677515842 4112.1564867878333 128.070972698275 7.3861659292597315 15.066138711059468 6.3272049962542942 492.29017567029223 8.1212904129643011 16.370321634225547 43.001200290163979 6.9868500514421612 190.77471583709121 1555.8891552212881 56.349607981275767 8.4772894969210046 5.8320809802971771 21.936901464592665 17.323370118625462 17.268798548262566 73.033652564510703 5.9470489146187901 14.498015041346664 9.0750404968857747 9403.4724704140099 111.50490332301706 237.72417176142335 42.450920560397208 310.1443805899471 443.55420043598861 103.05400014761835 276.88018721807748
leaf_count=46811 131902 14294 8907 599 178 17 1719 18739 72 1942 1058 17 333 94 852 125 230 59 38 37 476 764 597 1090 654 333 18 35 138 18 255 46 10671 275 31 107 89 2601 37 66 230 34 658 4822 217 38 30 84 189 99 408 50 64 33 20450 218 357 105 430 834 200 590
internal_value=5.81155e-13 0.000780084 -0.00136182 -0.0033869 -0.00335994 -0.00397761 -0.00122258 0.00357175 -0.00470695 -0.000569126 0.00226323 -0.0150738 0.00913594 -0.00414831 -0.0109999 -0.000676245 -0.0208025 -0.000557647 -0.0517434 0.0234947 -0.0299606 0.0133179 0.022626 0.00654184 0.00176752 0.00420882 -0.0315953 0.00180562 0.0106624 0.022962 0.0162021 -0.0143564 0.00424042 0.00200399 0.0331261 -0.00127778 -0.0301125 -0.0029564 -0.0175799 0.00719563 -0.0285874 0.0101191 -0.00246204 -0.00342621 -0.00167577 0.0065761 0.00289334 0.0303826 -0.00114081 -0.0235819 0.00446406 -0.0652851 -0.018399 -0.0407052 -0.00512208 -0.00209861 -0.00146261 0.0101682 -0.00276834 0.00172941 -0.00825672 -0.0158651
internal_weight=58490.1 57610.7 32599.1 19791.5 19780.5 15255.1 3193.16 25011.6 12061.9 1099.78 920.106 179.671 444.082 476.024 265.113 129.125 135.988 42.356 13.5405 28.8155 93.6322 352.633 148.561 204.072 12807.6 17530.2 15.4543 12796.1 247.531 102.263 84.7681 16.6548 17514.7 145.268 17.1969 4525.38 21.3933 2434.74 79.6168 24.4916 55.1252 12.124 2355.12 2128.1 1635.81 227.021 196.607 30.4142 4503.99 34.5922 210.911 13.2745 79.9227 23.5731 10962.2 1558.69 1525.31 153.956 1371.36 753.699 617.658 379.934
internal_count=276464 144562 100507 52244 51645 42254 10650 44055 31604 8348 6339 2009 2962 3377 1911 977 934 364 97 267 570 2629 1361 1268 48263 29761 351 47609 798 354 319 64 29410 444 169 9391 196 8931 384 103 281 51 8547 7737 5136 810 688 122 9195 288 1466 67 314 97 23256 2806 2734 323 2411 1264 1147 790
is_linear=0
shrinkage=0.05


Tree=45
num_leaves=63
num_cat=0
split_feature=12 1 15 4 0 1 0 1 18 1 0 1 5 17 4 5 0 0 0 2 0 3 3 3 4 4 0 18 2 2 5 4 2 5 2 5 8 2 0 3 3 2 7 18 2 4 5 5 2 2 2 0 0 7 4 4 3 0 3 0 0 3
split_gain=871.37 136.358 78.8477 10.4076 9.95164 12.6429 12.901 14.7894 11.7684 9.26729 8.78852 7.94108 7.40714 8.72092 8.18957 7.66911 14.1708 12.9343 10.5711 28.6525 14.5133 14.6733 14.5628 17.0766 11.3429 10.457 10.0078 9.97414 9.96074 9.47203 23.0382 19.0736 12.4734 9.21915 8.99531 9.00019 13.9222 8.28888 12.2233 7.24608 15.2766 7.24022 7.16359 7.10014 17.7085 14.2351 13.3187 10.896 14.5342 12.3882 10.679 10.1681 9.96504 9.96056 19.035 20.304 8.5768 8.08443 7.9018 7.74416 7.50503 7.44823
threshold=1.0000000180025095e-35 0.11651583710407241 1.0000000180025095e-35 0.79633851063981576 25.500000000000004 0.07417582417582419 40.500000000000007 0.097619047619047633 1.0000000180025095e-35 0.20714285714285716 32.500000000000007 0.10818713450292398 0.36485047417419675 1.0000000180025095e-35 0.79633851063981576 0.24710370711911606 36.500000000000007 21.500000000000004 20.500000000000004 0.23224701715403048 22.500000000000004 0.84856168753358163 1.3518447337422124 1.1428571428571439 0.473359483674125 0.71522743849924442 26.500000000000004 1.0000000180025095e-35 0.038618295953425079 0.18336372748265045 0.33830127689328915 0.49978619276795005 0.25892037324173728 0.27083996628608947 0.18947970705414199 0.28610054172847738 1.0000000180025095e-35 0.14529471878133871 19.500000000000004 1.4305555555555567 3.2229554331968049 0.08587125543770581 0.0020904525689983346 1.0000000180025095e-35 0.19925475533784112 0.53488520511823789 0.50083144511883482 0.28825181470180611 0.17532122241791359 0.13800737554482215 0.1300517202628744 34.500000000000007 39.500000000000007 0.0094551528249518825 0.32245512307829022 0.50005356274867474 1.1143121316378422 26.500000000000004 3.4294641225401592 89.500000000000014 33.500000000000007 2.3964691773354523
decision_type=2 2 2 2 2 2 2 2 2 2 2 2 2 2 2 2 2 2 2 2 2 2 2 2 2 2 2 2 2 2 2 2 2 2 2 2 2 2 2 2 2 2 2 2 2 2 2 2 2 2 2 2 2 2 2 2 2 2 2 2 2 2
left_child=1 2 12 4 -4 43 7 8 -7 -3 11 42 13 15 -14 16 17 28 19 25 22 26 23 -20 -24 34 -22 -21 -1 -26 31 32 33 -31 35 36 -17 39 -39 -38 -41 -11 -9 44 46 -46 47 48 49 50 56 -50 -51 54 -48 57 -6 -56 -57 -49 -60 -54
right_child=-2 9 3 -5 5 6 -8 10 -10 41 -12 -13 14 -15 -16 18 -18 -19 20 27 21 -23 24 -25 29 -27 -28 -29 -30 30 -32 -33 -34 -35 -36 -37 37 38 -40 40 -42 -43 -44 -45 45 -47 53 59 51 52 -52 -53 61 -55 55 58 -58 -59 60 -61 -62 -63
leaf_value=-0.050487408588355959 -0.050943228968763569 0.0020367877086584735 -0.0012977903868054818 -0.052531671267443229 0.06518661929212316 -0.054976279693310239 0.0025318749254080977 -0.043271399804518051 -0.0092727542605794099 0.0035777330548808503 0.00088903493049002414 -0.0028506465426796699 0.00095485171220305266 0.02411013030829225 -0.04765880450571839 0.052816188894675611 0.013430106861557095 -0.0062875029416421275 0.012072910599350617 -0.0053193334064258833 0.061489866572883647 0.0041315238965502158 0.065330824171289534 -0.069327429604252533 0.027044759959805542 -0.072207649299458346 0.0063550200272329063 0.039116217811750155 0.0074498587834155227 -0.015819638429174786 0.058782338409086289 0.025023127949151566 0.014132032263081429 -0.077190319192567525 -0.02631243084567484 -0.0097192485404699672 0.014537064281303153 0.0031465604740815835 0.091682240384888383 -0.060343439835983663 0.0093672579451081657 0.0059785420562544636 -0.011404232323445535 -0.0052371438021892114 -0.0099732416053403203 -0.063336756540779623 0.041541873870629992 0.01484254174290032 -0.0068405118720709472 -0.060380718105172738 0.069877974035423715 0.082965571769570257 0.052863126777477655 0.0056638520559637228 -0.07666509626285492 -0.0066516448450994296 -0.0055934576057664678 -0.025251662153756949 0.062498283906263163 0.0929194286233401 0.0068179930592942809 -0.028564733814805274
leaf_weight=7.6035210617119438 827.48645695729647 7472.7630763450288 4519.0212355764816 10.766092470497822 4.4952365739736697 14.423424920067189 1300.9488003250444 19.668519147555344 600.25369784072973 13408.613318902208 1344.7749820291065 551.01788366213441 9192.6822418725351 51.051908113528043 8.6714986402948835 15.457216094247995 166.32867148413789 666.99515738722403 18.708545189001601 17.0419418271631 18.954092280240729 1689.0799686310347 14.131867274176328 9.827493420802055 132.9878416354768 6.3208552214782676 14.547563243424518 48.764426988549531 304.85744613781571 10.48327439883724 15.63837042218074 23.912394655169919 10.097680951468645 14.700546268839387 52.094449167139828 188.33274223352782 18.326798041118309 13.767142106778921 5.4384864270687094 15.508849875535818 15.932873561512677 4100.750019926345 170.59964779007714 10144.004962356761 221.90905503276736 13.242958594113587 16.78739906847477 236.63713597867172 5.1416205447167149 16.82815575692803 5.4357113945297888 8.1446009282954019 4.1892313342541447 175.31484964885749 8.2618353771977109 93.162049140082672 89.385382483713329 102.58162445272319 8.5669500711374003 3.2191236754879347 20.614015752798878 8.519543457310645
leaf_count=38 131902 14294 9391 599 25 75 3241 142 2984 19086 3610 2328 36608 169 511 28 573 1925 56 73 41 5653 48 44 352 32 45 109 754 19 43 62 27 37 164 585 68 65 21 69 44 10675 1184 20448 2411 75 71 1829 22 70 51 31 24 1382 35 671 616 669 69 6 151 34
internal_value=1.4379e-11 0.000733532 -0.00140228 -0.00338449 -0.00335764 -0.00397052 -0.00155858 -0.00352896 -0.0103452 0.00351089 -0.0015205 -0.00589165 0.00165884 0.00359308 0.000909037 0.00329517 -6.34145e-05 -0.00235485 0.00491884 -0.00252563 0.00641669 0.00478143 0.0176622 -0.0159605 0.021985 -0.00851341 0.0375484 0.0276087 0.00604 0.0190375 0.00480731 -0.00945229 -0.0328184 -0.0516435 -0.0072741 -0.00363802 0.00992677 0.000315185 0.0282173 -0.0104522 -0.025018 0.00414001 -0.0146984 -0.00483333 -0.000903832 -0.0129785 0.00261337 0.00938979 -0.00157983 -0.00671389 0.00174083 0.0482116 -0.0351424 -0.00347324 -0.00988138 -0.0135834 -0.00220433 -0.0290838 0.000460059 0.0158904 0.0231646 -0.00172343
internal_weight=58295.8 57468.3 32486.2 19717.9 19707.1 15188.1 4001.69 2700.74 614.677 24982.1 2086.06 741.286 12768.2 3566.89 9201.35 3515.84 1145.78 979.456 2370.06 396.986 1973.07 1722.58 250.488 28.536 221.952 331.179 33.5017 65.8064 312.461 207.82 74.8323 59.1939 35.2815 25.1838 324.859 272.764 84.4314 68.9742 19.2056 49.7685 31.4417 17509.4 190.268 11186.4 1042.44 235.152 807.284 381.996 142.139 128.853 99.3163 13.2862 29.5369 425.289 249.974 233.186 93.8806 110.843 122.343 239.856 29.181 12.7088
internal_count=276464 144562 100507 52244 51645 42254 13564 10323 3059 44055 7264 3654 48263 11144 37119 10975 3290 2717 7685 1258 6427 5739 688 100 588 1076 86 182 792 540 188 145 83 56 1044 880 295 267 86 181 113 29761 1326 28690 8242 2486 5756 2708 873 820 692 53 128 3048 1666 1595 641 704 891 1835 220 58
is_linear=0
shrinkage=0.05


Tree=46
num_leaves=63
num_cat=0
split_feature=12 1 15 0 1 0 1 2 5 1 2 0 0 0 3 3 2 4 5 0 1 4 7 3 4 5 5 5 7 2 7 2 2 0 0 2 7 2 7 1 2 0 5 0 0 0 1 5 7 5 3 3 5 4 4 2 3 3 5 5 0 2
split_gain=814.929 133.906 74.9504 9.79548 13.0907 10.6771 9.23802 8.50137 22.5017 16.7364 17.6765 19.7404 24.6356 22.9579 10.5703 8.38218 8.14398 13.3357 22.1813 16.2604 7.98338 10.0234 9.57947 13.9201 10.8942 9.54744 9.49565 9.46378 12.9774 9.19446 14.03 13.1286 12.0245 12.0042 10.2874 8.08515 8.02313 7.84123 7.49596 7.24503 23.3592 13.7438 7.13571 16.8756 16.6206 11.1604 22.3439 29.1196 20.022 18.6587 13.9452 12.3762 9.10539 7.23804 7.03765 13.6324 6.91934 7.08398 7.50241 6.78972 10.8956 13.8023
threshold=1.0000000180025095e-35 0.11651583710407241 1.0000000180025095e-35 25.500000000000004 0.085144927536231887 37.500000000000007 0.22649572649572652 0.15734983683087347 0.76726270014285147 0.162280701754386 0.19598009664683361 37.500000000000007 43.500000000000007 36.500000000000007 1.3080944580944587 1.2899048525043169 0.19598009664683361 0.48840047944250359 0.66047951922503334 37.500000000000007 0.10818713450292398 0.67740057948249188 0.0062458762724034228 0.92292082684224608 0.67295126174841102 0.47205925314072572 0.71708378672470074 0.6856354118838166 0.0041322314049584289 0.12409103529593216 0.0033731313293023529 0.10343701039425564 0.087940047106695507 35.500000000000007 34.500000000000007 0.19265216316070116 0.013123359580052526 0.044064271176309712 0.0024498378605051735 0.20714285714285716 0.16129568934875646 49.500000000000007 0.6069490708698404 51.500000000000007 25.500000000000004 38.500000000000007 0.19375000000000003 0.49127544506689713 0.91115531679446504 0.54359833122634482 2.1366445999321511 1.8564704058125117 0.64092296437996532 0.5086677888317005 0.48840047944250359 0.16831195027165877 1.5064297282645775 1.6878914381477148 0.28825181470180611 0.60351097094861816 20.500000000000004 0.066897678713903397
decision_type=2 2 2 2 2 2 2 2 2 2 2 2 2 2 2 2 2 2 2 2 2 2 2 2 2 2 2 2 2 2 2 2 2 2 2 2 2 2 2 2 2 2 2 2 2 2 2 2 2 2 2 2 2 2 2 2 2 2 2 2 2 2
left_child=1 2 -1 -4 -5 20 7 -3 14 -10 11 13 -13 -11 15 -9 39 18 19 -18 35 22 23 -22 -24 -23 27 -27 -29 31 34 32 -25 -32 38 -6 -37 -28 -31 42 -41 56 45 44 -44 46 54 51 53 -49 -50 -48 -46 -47 55 -16 -42 -58 -59 -8 61 -61
right_child=-2 6 3 4 5 -7 59 8 9 10 -12 12 -14 -15 16 -17 17 -19 -20 -21 21 25 24 29 -26 26 37 28 -30 30 33 -33 -34 -35 -36 36 -38 -39 -40 40 41 -43 43 -45 52 48 47 49 50 -51 -52 -53 -54 -55 -56 -57 57 58 -60 60 -62 -63
leaf_value=0.0015624622834785186 -0.050788322094543273 0.0017926247324050702 -0.001321991189660289 -0.0047291642118719324 -0.0074100889311430607 0.0028043953086195348 0.0052061833225385545 0.021994315765084645 -0.0081731102319763087 0.018467195549624258 0.085112572692624927 -0.050106932257441505 0.050864381142170456 0.087630544748032502 0.096761619849346975 0.095924509723956719 0.011595811452861385 0.00050244936601665804 0.024485577854251414 -0.076326748999625299 -0.059954242038800357 -0.005596640036092824 0.0032181395687553935 -0.011042300820226458 -0.057873275237323496 0.017075653829440211 -0.044212997596900311 0.094633028023467208 0.013695644237687148 0.053615402046953468 0.011195908119020298 -0.068461065254101935 0.04833963954439937 0.073524114128474538 -0.06651458156614394 -0.0079197562015321538 0.042942837105235318 0.0075576261576251053 -0.031556295320949349 0.095895370559289955 -0.020129773725798841 -0.052854730760318547 -0.031281935991118275 -0.060016156279883659 0.053977086636407351 0.0075056091521125247 -0.019252241027603274 -0.085589910841910269 0.0058976084812635459 -0.0075673458773488468 0.09209942422868965 0.050945109581431315 0.017162368365021646 -0.038522559026605487 0.00013512612298183807 -0.00098909378558285411 0.079933083874318689 -0.043223625976189901 0.02679243119624547 0.0033078786353913786 0.0029048273528858087 0.059811323721483872
leaf_weight=12698.929954169056 779.23363180353772 9052.4432651891839 4517.1182952653908 11989.454495729093 931.96393347790581 1122.5109795922181 8127.326876188803 22.431845088955018 26.012383597902954 31.099506987724453 15.947023180779068 14.880145963747056 10.169577708002178 19.534978691488504 5.7783331247046581 4.6244049444794646 6.9649083311669555 250.99470384139568 12.796017793472855 21.465026544872671 12.976981459651141 95.548258704366162 390.49773687357083 271.83123022899963 7.4365151310339561 69.977262372034602 7.8513115076348177 10.425285478122534 9.4343167040497047 4.6816231333650666 40.533579083159566 9.6610451368615013 8.8011143244802934 9.5440810914151353 8.9110346767120046 14.914686139672996 16.147440705448389 106.88230009563267 5.7637244402430952 9.1483266404829902 9.4595357668586058 7.552773362491279 15.922083813697098 7.5053940527141085 19.891146268695593 77.836047267075628 16.390134600456808 24.7479726402089 7.7212408171035376 11.099365174770353 11.957586084492503 10.178033465053884 107.92426034715027 9.5938450545072538 116.13694003550336 9.3189913895912451 5.5225533731281748 4.2574573066085568 37.753857174422592 24.86071296967566 6768.2262869288679 19.120174561161548
leaf_count=48263 131902 15611 9488 31938 4377 2740 13721 161 75 74 63 52 24 37 15 20 24 926 44 58 72 382 1315 877 17 237 57 15 43 24 120 32 28 25 21 73 77 264 22 32 27 24 67 67 49 176 35 51 23 28 26 49 333 33 289 37 26 10 172 41 11516 39
internal_value=1.59563e-11 0.000690483 -0.00143174 -0.00336549 -0.00397495 -0.00111 0.00344263 0.00226767 0.00673495 0.0272224 0.0372705 0.02719 -0.00911504 0.0451507 0.00388253 0.0346303 0.00286541 -0.00382643 -0.0301818 -0.054787 -0.00327047 -0.000299598 -0.00331853 -0.00907874 0.00207648 0.00745235 0.0135471 0.025721 0.0561837 -0.00724344 0.00910133 -0.0111529 -0.00917998 0.0230748 -0.0270499 -0.00657369 0.0185208 0.00401492 0.00661781 0.00658523 0.0211222 0.0105244 0.00421511 0.0130742 0.0168907 -0.000239885 -0.00740305 -0.0320304 0.0127109 -0.0614319 0.058277 0.00763975 0.0228916 0.00245485 0.00430982 0.0364239 0.0189234 0.0266953 0.019697 0.0042303 0.00306602 0.0278721
internal_weight=58095.6 57316.4 32361.8 19662.9 15145.7 3156.29 24954.6 10015.1 962.616 117.644 91.6312 75.6842 25.0497 50.6345 844.973 27.0563 817.917 292.221 41.226 28.4299 2033.78 1070.76 770.639 372.704 397.934 300.119 204.57 89.8369 19.8596 359.727 69.434 290.293 280.632 50.0777 19.3564 963.026 31.0621 114.734 10.4453 525.696 73.6945 64.5462 452.001 151.243 143.737 300.758 193.65 62.4155 107.109 35.8473 19.6788 26.5682 127.815 87.4299 131.234 15.0973 56.9934 47.5339 42.0113 14939.5 6812.21 43.9809
internal_count=276464 144562 100507 52244 42756 10818 44055 18738 3127 325 250 187 76 111 2802 181 2621 1052 126 82 8078 3551 2553 1221 1332 998 616 295 58 1149 212 937 905 145 67 4527 150 321 46 1569 291 259 1278 516 449 762 504 163 258 79 49 84 382 209 341 52 235 208 182 25317 11596 80
is_linear=0
shrinkage=0.05


Tree=47
num_leaves=63
num_cat=0
split_feature=12 1 15 0 1 0 1 1 18 2 13 5 2 7 3 5 4 2 5 3 8 3 0 5 0 4 2 3 3 4 5 4 0 0 7 4 2 3 5 2 5 3 3 7 5 5 0 0 7 3 3 7 2 3 0 2 2 5 4 3 0 0
split_gain=762.147 132.307 71.4286 9.45176 12.5085 11.3219 13.645 9.04325 7.3429 16.0889 14.0973 11.533 14.2161 12.2235 10.5158 15.0184 10.406 9.34516 7.76986 7.89872 12.6101 7.35263 7.26256 7.18148 7.08701 10.4813 8.61939 8.28368 7.88437 7.65676 12.0079 7.03266 7.01296 6.86395 6.80384 6.78877 6.78495 8.07532 8.22924 12.5751 8.2043 8.26093 7.622 6.73832 6.69976 9.98721 10.152 6.71518 6.51902 6.54062 10.7306 10.6607 9.69383 9.15913 8.31965 11.9488 8.75323 6.44239 7.60172 6.39004 8.63517 35.193
threshold=1.0000000180025095e-35 0.11651583710407241 1.0000000180025095e-35 25.500000000000004 0.067816091954023008 44.500000000000007 0.085144927536231887 0.22649572649572652 1.0000000180025095e-35 0.21946468754577278 1.0000000180025095e-35 0.50083144511883482 0.12117959175131944 0.005504874439010341 2.4738081171341491 0.76244369451063998 0.53488520511823789 0.17532122241791359 0.28825181470180611 2.0601535231968602 1.0000000180025095e-35 3.2885575010432961 26.500000000000004 0.76726270014285147 30.500000000000004 0.50479425433104874 0.1862936123229802 2.1107230787509121 2.7446230342275664 0.49892745243869357 0.54049073347574217 0.50029900675324768 33.500000000000007 29.500000000000004 0.0091597757747831094 0.79633851063981576 0.15539332244297496 1.3080944580944587 0.7865772244475403 0.18030290508926647 0.23152779075942839 2.651558015143761 1.2899048525043169 0.00060835363647043729 0.4262465233429899 0.61063193262033211 37.500000000000007 26.500000000000004 0.0024030541132540411 1.2396029647219269 1.812654099256348 0.0087829240588759867 0.067748719307791694 1.9408137879919847 39.500000000000007 0.13800737554482215 0.1300517202628744 0.36485047417419675 0.79633851063981576 6.0838125650872543 23.500000000000004 24.500000000000004
decision_type=2 2 2 2 2 2 2 2 2 2 2 2 2 2 2 2 2 2 2 2 2 2 2 2 2 2 2 2 2 2 2 2 2 2 2 2 2 2 2 2 2 2 2 2 2 2 2 2 2 2 2 2 2 2 2 2 2 2 2 2 2 2
left_child=1 2 57 43 8 6 -6 36 9 10 11 18 -13 14 15 -14 44 -17 48 -20 32 -16 -8 24 25 26 29 -26 -29 30 -15 -22 -21 -10 -25 -9 -3 42 40 -40 -39 -42 -38 -4 -11 46 -46 -47 -5 51 52 -50 -51 -52 55 56 -55 -1 59 -59 -61 -62
right_child=-2 7 3 4 5 -7 22 35 33 16 -12 12 13 23 21 17 -18 -19 19 20 31 -23 -24 34 27 -27 -28 28 -30 -31 -32 -33 -34 -35 -36 -37 37 38 39 -41 41 -43 -44 -45 45 47 -48 -49 49 50 53 -53 -54 54 -56 -57 -58 58 -60 60 61 -63
leaf_value=0.0032765350330779251 -0.050633646387781929 0.0018113397165297432 0.018014541941708654 0.056684250190495979 -0.011857414882501843 0.003561408934744271 -0.024412588718648612 0.0042084786361928968 -0.0031931891968326217 -0.02767887148367025 -0.011139968539032328 0.010926761648242141 0.022062771735141141 0.069283481420450072 -0.044541123893278717 0.02951901926212443 -0.059402143126948762 -0.076737568702690884 0.0064907957086086298 -0.029335459940999689 0.022131282101587744 0.023003688585383139 -0.0014804711173091471 -0.0194292828259401 0.0099121904960566901 -0.057605336619419106 -0.040574835840411529 -0.035284467918765744 0.017727150496548643 0.056827244451369253 -0.044905998975467348 0.050379541679119316 0.02013208212148072 -0.0060840569915010072 0.040021292427001837 -0.033771329311924565 0.021550704395283168 -0.059196496468773008 0.0093761183542566493 0.064686640927548208 0.0039920675073641162 0.039035983016078288 0.093509398660233514 -0.0015363370337781422 0.045213189128404593 0.04267519386032001 -0.0097324262392018968 -0.018408860881588295 0.085321843365398914 0.0059184718967194329 0.050792892877696949 -0.0041462086479816269 -0.077849705040432607 -0.007963111680701955 0.017349039907415851 -0.051184665208874908 0.075408433388134938 0.00035919475022138666 -0.047451929592278314 -0.001230440071795165 0.041939549921136132 0.0039454163099863389
leaf_weight=3540.8118396966893 733.75481771136401 8999.6485152262612 44.510464057791978 5.1932945377193382 378.54792087420356 845.18640115429298 34.950326296500862 14857.24587872019 2893.6368249693187 45.128289990825579 164.28826263011433 149.0300577461021 21.608159803552553 3.8070266721770221 45.769306424539536 2.7709133457392445 12.176294735400004 8.1717569343745691 85.964326973073184 13.059415329713376 45.390844522626139 4.4179175528697661 2841.1250668543507 6.518965883646163 23.890511055942625 4.5145447794347993 4.3850812274031332 40.195943353697658 8.4965970811899734 15.740961214061825 5.8247157642617822 42.816834399127401 15.87322963005863 7070.6754354796431 18.386323406128213 11.775238063943105 22.709970005787913 5.0521734163630745 36.116775365546346 14.362888887524603 818.20625037956052 17.169699204619974 4.3915699911303809 4469.8057407051383 16.930036978796124 4.7934203168842933 16.698417582549155 73.319148489274085 5.5398925490444517 5.6943206319119772 8.5416524457978067 8.3453040290623886 8.7768637854605895 27.779449536465112 28.968324565794319 16.407103775301948 3.5506785064935675 8186.6712078809505 8.1673147157998738 370.17369077622425 69.417496823705733 499.57546804263256
leaf_count=11144 131902 15492 92 50 1901 2130 285 25016 5342 331 615 1298 258 17 270 28 67 60 553 46 504 27 10012 78 229 52 34 288 102 67 39 640 76 14824 192 301 169 15 88 44 2833 77 20 9396 288 41 214 1060 32 30 36 27 32 254 216 83 28 34136 511 870 123 1479
internal_value=1.27866e-11 0.000651131 -0.00145893 -0.0033507 -0.00395143 -0.0015947 -0.00293368 0.00339842 -0.00483116 -0.000787933 0.00201466 0.00516765 -0.000935476 -0.00917716 -0.0242396 -0.00210594 -0.0148754 -0.0498312 0.01206 0.018001 0.0264478 -0.0385952 -0.00175914 0.000281191 -0.0053543 0.0133848 0.0241547 -0.0142026 -0.0260342 0.0353417 0.000228347 0.0358433 -0.00219623 -0.00524455 0.0244601 0.0041784 0.00222903 0.00632378 0.00550587 0.0251135 0.00432815 0.00471233 0.033211 -0.00134357 -0.0114192 -0.00485244 0.0179296 -0.0146604 0.00190284 -0.000601443 -0.00507829 0.0315496 -0.0448875 0.00167954 -0.00378955 -0.016617 0.00148548 0.00146602 0.000764172 0.000807324 0.00471364 0.00858072
internal_weight=57792.5 57058.7 32272 19597.2 15082.9 4099.81 3254.62 24786.7 10983.1 1018.76 849.719 685.43 363.529 214.499 82.7381 32.5508 169.046 10.9427 321.902 203.105 117.14 50.1872 2876.08 131.761 106.855 34.2723 29.7578 72.5831 48.6925 25.3727 9.63174 88.2077 28.9326 9964.31 24.9053 14869 9917.66 918.009 890.908 50.4797 840.428 835.376 27.1015 4514.32 156.869 111.741 33.6285 78.1126 118.797 113.604 99.7184 13.8852 14.4712 85.2472 76.7056 47.7372 31.3301 12674.8 9134.01 9125.84 939.167 568.993
internal_count=276464 144562 100507 52244 42756 14328 12198 44055 28428 8262 6261 5646 3039 1741 643 346 2001 88 2607 1819 1266 297 10297 1098 828 209 157 619 390 123 56 1144 122 20166 270 25317 18738 3246 3057 132 2925 2910 189 9488 1934 1603 502 1101 788 738 679 59 62 617 581 365 282 48263 37119 36608 2472 1602
is_linear=0
shrinkage=0.05


Tree=48
num_leaves=63
num_cat=0
split_feature=12 1 15 1 0 0 7 1 7 0 1 7 0 4 4 0 4 3 4 0 5 5 5 4 3 2 0 0 7 7 2 2 5 5 7 7 5 7 0 3 4 5 3 3 5 2 2 10 0 5 5 5 7 4 4 7 7 2 4 0 0 5
split_gain=713.243 132.368 63.1246 13.9913 14.4569 9.18056 7.7089 7.56448 18.188 10.5963 13.0581 8.63673 6.83343 9.64233 9.53026 10.0124 9.23087 13.8372 12.2355 14.6566 18.1486 14.43 16.8266 11.8734 8.48878 17.8544 17.9143 16.2693 26.1016 15.7809 13.0118 18.4927 9.33217 8.37391 9.50908 8.34068 8.52543 8.31198 10.8703 16.2365 30.5186 16.9794 11.6947 9.33789 9.90232 8.20734 11.1264 8.15873 7.78688 15.5261 33.6594 16.2345 12.9145 8.97671 8.66582 11.9293 7.76203 7.75082 23.187 7.72894 11.4987 9.34592
threshold=1.0000000180025095e-35 0.13809523809523813 1.0000000180025095e-35 0.10263157894736843 26.500000000000004 26.500000000000004 0.0028463146109177222 0.051315789473684217 0.0029021162980979458 42.500000000000007 0.078461538461538485 0.0036069108008312716 36.500000000000007 0.27240090112754239 0.48054842720636809 64.500000000000014 0.68497476854574646 1.596969328763161 0.70819236174381406 33.500000000000007 0.79373999344417123 0.39242434276051191 0.42906336088154273 0.69157937533384606 1.3518447337422124 0.059988884377262582 29.500000000000004 30.500000000000004 0.0078212290502801141 0.010440258913180737 0.067748719307791694 0.071322728087390139 0.39556567315125307 0.32227495735545736 0.0040188109608124819 0.010015579887272537 0.28226042484674346 0.0061173475672464846 37.500000000000007 2.4738081171341491 0.67740057948249188 0.48140103480406182 1.5813665670135968 2.4481243311084389 0.7423844816725097 0.044449575714521912 0.082056257993666226 1.0000000180025095e-35 37.500000000000007 0.51655020451889377 0.56875655297727523 0.78885645897731749 0.0033731313293023529 0.68896425508244263 0.50063124386348257 0.0045140667307370609 0.0091597757747831094 0.082056257993666226 0.69299232021019519 48.500000000000007 47.500000000000007 0.52897697082738826
decision_type=2 2 2 2 2 2 2 2 2 2 2 2 2 2 2 2 2 2 2 2 2 2 2 2 2 2 2 2 2 2 2 2 2 2 2 2 2 2 2 2 2 2 2 2 2 2 2 2 2 2 2 2 2 2 2 2 2 2 2 2 2 2
left_child=1 2 -1 4 -4 -5 -6 12 -9 10 -10 -11 16 -14 59 35 -8 18 19 24 21 23 -23 -21 27 32 -27 56 33 -30 -28 -32 -26 -29 -35 37 -37 48 39 40 41 -39 -43 44 -40 -46 -47 -17 49 54 -51 52 -52 -54 -16 -56 -18 58 -24 60 -15 -61
right_child=-2 -3 3 5 6 -7 7 8 9 11 -12 -13 13 14 15 47 17 -19 -20 20 -22 22 57 -25 25 26 30 28 29 -31 31 -33 -34 34 -36 36 -38 38 43 -41 -42 42 -44 -45 45 46 -48 -49 -50 50 51 -53 53 -55 55 -57 -58 -59 -60 61 -62 -63
leaf_value=0.0013797546612051475 -0.050482010634162834 0.0035021464322074975 -0.0013563040156620268 -0.0085218545033181811 -0.0016680133042116599 0.0013902527166704359 -0.0037629564291032148 -0.063084780721601466 -0.034911823471174372 0.015510293261662485 -0.0042868152289313264 4.8299843406209848e-05 0.0066834592707664398 -0.014031237635702867 -0.059667129189927275 -0.040279057027123331 0.0034088182927525489 -0.024791063306535372 0.0053966143770105626 -0.017547158400204592 -0.085171120496655164 0.040459111498647511 -0.0065982253474642068 -0.080019826832425103 0.024037782395371174 -0.0053043279788885433 0.051219522827124164 -0.017706025766286215 0.052447354276574792 -0.023809444910865483 -0.044012178372674335 0.041478326852625522 -0.028297935038786515 -0.034842615584264706 -0.085810946723892112 0.012642769080394554 -0.0034431392970991959 0.069368102351662631 -0.01839790096287262 -0.071976039249775678 -0.068419096873053004 0.035031079666032507 -0.065740737477396033 0.0030043553303734987 -0.042378667206773475 0.037149676218191395 -0.011963009389347003 0.006802538964393437 -0.0066285701239937184 0.079050883922135218 0.049927444326171737 0.040658011472671 -0.069580376198730434 0.00023026292442114311 0.033609897201878652 -0.035023533804388086 -0.018745518226155781 0.012543613156158033 -0.07709380556945046 0.0048227654283358595 -0.054522676283834504 -0.015475184956565649
leaf_weight=12714.286458605173 691.29835584131069 23372.590216931392 5252.2950402263377 260.11949426698266 2076.7142732704524 2291.5293522464926 4552.8786702570505 12.384604093618689 35.633063207031228 99.732430602423847 1501.4470375778037 956.41354735934874 112.94110939011443 664.25094135303516 9.0597104630433005 36.86222056671977 124.2802058737725 124.87741066666786 160.98134651675355 15.192841466516258 11.45454201241955 14.449526175856588 39.662723621353507 15.229680819436906 10.160622272640465 66.891453139483929 36.413510378450155 12.976962290704249 11.617310471832754 16.308680474758148 11.074248641729357 14.752073161303995 52.680652983486652 15.832474019378422 21.685362667776644 97.649737304775044 526.37885983492015 10.413047859445216 272.13995171000715 18.642706585815176 15.584423632360993 5.4049639189615828 6.160702196881175 99.144806749303825 7.8019098467193535 23.520785109139979 22.625027023488656 12.262484493199734 703.87379338638857 19.073360178619623 4.4672647165134576 14.011705990880726 12.641954146791251 7.2431562840938559 11.963251969777049 13.448291284963487 57.981849454343319 15.56327757053077 16.52382779866457 123.80983576644212 18.0085834012134 104.63810034422204
leaf_count=48403 131902 40717 10915 1366 5768 6078 11526 61 317 244 6012 2672 219 1409 28 118 188 356 359 26 41 17 56 36 24 91 54 18 18 34 19 23 79 25 47 337 2348 22 779 67 31 14 27 428 22 44 89 120 1975 29 14 27 68 13 37 23 99 29 31 237 51 237
internal_value=5.15562e-12 0.000612606 -0.00139775 -0.00308905 -0.00357199 0.000379795 -0.00446198 -0.00498951 -0.0026361 -0.00234741 -0.00499677 0.00150838 -0.00572008 -0.00764594 -0.00821159 -0.00623968 -0.00466324 -0.0093931 -0.00680065 -0.0101818 -0.0251148 -0.0192161 -0.00876751 -0.0488213 -0.00595656 0.00202239 0.0126597 -0.0118324 -0.0308752 0.00791365 0.0319662 0.00482026 -0.0198359 -0.0523273 -0.0643024 -0.00566383 -0.000925971 -0.00797867 -0.0131645 -0.0338298 -0.0148977 0.0230526 -0.0186472 -0.010433 -0.0145185 0.00505103 0.01307 -0.0285266 -0.00484132 0.00884616 0.0247666 -0.00222179 -0.0268937 -0.0441518 -0.0176811 -0.00271227 -0.003639 -0.0186811 -0.0273302 -0.0124346 -0.0151 -0.00447449
internal_weight=57657.9 56966.6 33594 20879.8 18328.1 2551.65 13075.8 10999.1 2605.61 2593.23 1537.08 1056.15 8393.49 2974.02 2861.08 1950.37 5419.47 866.591 741.713 580.732 128.076 116.622 86.1994 30.4225 452.655 191.973 129.131 260.683 78.4208 27.926 62.2398 25.8263 62.8413 50.4948 37.5178 1901.25 624.029 1277.22 481.438 56.2058 37.5631 21.9787 11.5657 425.232 326.088 53.9477 46.1458 49.1247 795.782 91.9087 57.4374 38.3641 24.3524 19.8851 34.4713 25.4115 182.262 71.7498 56.1866 910.707 682.26 228.448
internal_count=276464 144562 103845 55442 47998 7444 37083 31315 9306 9245 6329 2916 22009 8813 8594 6660 13196 1670 1314 955 236 195 133 62 719 290 187 429 142 52 96 42 103 90 72 6422 2685 3737 1523 161 94 63 41 1362 934 155 133 238 2214 239 151 122 95 81 88 60 287 116 87 1934 1460 474
is_linear=0
shrinkage=0.05


Tree=49
num_leaves=63
num_cat=0
split_feature=12 1 15 0 1 0 1 1 2 3 0 4 4 0 1 0 3 7 4 3 2 3 2 0 0 3 5 0 4 1 5 3 4 1 5 0 2 2 2 3 7 6 9 3 5 0 0 2 7 3 2 5 18 2 13 5 2 7 4 5 2 5
split_gain=667.781 130.126 66.6129 9.68727 12.7507 9.62885 11.4506 9.27309 6.21709 7.9121 7.62363 6.15362 6.12388 6.05491 6.16092 8.21351 8.74314 6.44667 7.94743 8.1353 6.71591 6.7034 11.2916 7.27444 13.0791 6.79269 6.62601 6.31528 5.97602 5.85086 9.36734 5.73708 5.664 5.63147 9.13844 5.54293 6.75319 5.51509 6.52197 5.46696 11.2452 9.7623 10.6677 8.72782 12.6823 8.69454 6.64332 6.50139 6.19286 6.05783 6.05414 6.47167 5.46687 15.3337 11.9958 13.4249 14.9406 11.8992 9.91916 9.87409 8.79742 20.6788
threshold=1.0000000180025095e-35 0.11651583710407241 1.0000000180025095e-35 25.500000000000004 0.067816091954023008 44.500000000000007 0.078461538461538485 0.22649572649572652 0.15539332244297496 1.3080944580944587 22.500000000000004 0.25045558540864821 0.79633851063981576 26.500000000000004 0.10818713450292398 37.500000000000007 3.4294641225401592 0.0062458762724034228 0.68750160399767435 0.99301167078287256 0.035456944811314096 1.3859192332222616 0.06645917992501045 31.500000000000004 28.500000000000004 1.3248740262384751 0.50773759193867407 40.500000000000007 0.71522743849924442 0.097619047619047633 0.6856354118838166 1.2899048525043169 0.32067023350194995 0.085144927536231887 0.81636695571497608 39.500000000000007 0.074455756663856273 0.06645917992501045 0.063136485450437776 3.8461756037536494 0.031446540880503117 1.0000000180025095e-35 1.0000000180025095e-35 3.2885575010432961 0.31956849124674808 21.500000000000004 21.500000000000004 0.079372840693522614 0.018530613815007872 6.4264968069012047 0.10698584444712256 0.49442952551741309 1.0000000180025095e-35 0.21946468754577278 1.0000000180025095e-35 0.50083144511883482 0.12117959175131944 0.0079462805788452686 0.53212749615975441 0.77165860665884523 0.17053390648022479 0.76244369451063998
decision_type=2 2 2 2 2 2 2 2 2 2 2 2 2 2 2 2 2 2 2 2 2 2 2 2 2 2 2 2 2 2 2 2 2 2 2 2 2 2 2 2 2 2 2 2 2 2 2 2 2 2 2 2 2 2 2 2 2 2 2 2 2 2
left_child=1 2 -1 29 52 6 28 8 -3 31 -11 -7 -9 37 15 33 -17 18 19 26 -20 25 23 24 -23 -22 -16 -18 -6 39 32 -10 -31 34 -15 -19 -37 38 -8 43 50 42 46 -4 -45 -44 49 -48 -46 -42 51 -41 53 54 55 -5 -57 60 -55 -59 -58 -62
right_child=-2 7 3 4 5 11 13 12 9 10 -12 -13 -14 14 17 16 27 35 20 -21 21 22 -24 -25 -26 -27 -28 -29 -30 30 -32 -33 -34 -35 -36 36 -38 -39 -40 40 41 -43 45 44 48 -47 47 -49 -50 -51 -52 -53 -54 58 -56 56 57 59 -60 -61 61 -63
leaf_value=0.001290154577023205 -0.050330269225552941 0.0017164256504307047 -0.0011805617985801461 0.011883540099538133 -0.024895183807778137 -0.03894749550456874 -0.023957547236344787 0.0041189176778531804 0.023706057782407607 -0.021445932871428017 0.0060854392475801966 0.0035912389770713436 -0.032582833847337511 -0.028933733352811769 -0.0091563733916340054 -0.0011377935973027802 0.0055836298578435502 0.0035250387879105644 -0.040100218453579223 -0.0045615065877683105 0.013812334793096376 0.029927602161525631 -0.052168254481019555 0.023765574398778383 -0.044509783334003628 0.05867156271976768 -0.057332787560443077 0.076147332594008008 0.039705497690656857 0.0026679681186857797 0.0039368349673444573 0.090585288273105039 -0.065255730234342155 -0.0060818316971555765 0.03432971858138547 -0.0054318212873243725 0.046725735316696208 -0.048273219053863219 0.039876022952808891 -0.059778373069067574 0.08363866815779139 0.049631364477771452 -0.082945428110118014 0.068365019721699102 0.024303742454175273 -0.0033514629141581827 0.050036864420653727 -0.044367562113630077 -0.024497572469765611 0.0019803467922802861 -0.092058510444471151 -0.0071933162407249009 -0.0052625707958836067 -0.011822571040888588 -0.010839474213861958 0.0099155996632847333 -0.031678051265461617 -0.0048320145219183765 -0.058305693790072312 0.039271362268615835 0.022971465294622798 -0.056533623001151972
leaf_weight=12648.270995241444 651.55615962191951 8984.2656520152232 4362.3408238356933 313.38059985009022 74.23120749311056 8.589474665001033 15.150132386246698 14836.989877327811 21.053719107992951 25.905642975354567 856.00626481836662 831.11849209520733 11.374331635102861 52.353215541574173 14.929306349949913 983.61780092527624 6.3821141844382492 528.16699875914492 7.161653069779276 389.89246165263467 66.477862853673287 10.106261271983387 9.7031677328050119 28.294587723910809 14.182366942521183 9.665732271037994 13.674237906001506 6.3016317307483405 3.7613560757017686 4.0551687749102738 17.084767369204201 3.7827715522143981 12.622656189196276 942.68805542375776 6.4068633636925361 9.9793227962218243 16.413299348670989 13.441990480292587 5.4376939949579528 10.041394461411988 4.7424495712621155 8.4546750001609308 7.0118283480405825 10.925625109812243 16.025161046069119 6.7186049734300468 2.5888389167375845 6.1708435891196132 10.937953647342509 4.3585540074855089 4.5450997184962025 14.020810269983484 9725.5445095364994 151.73928029206581 161.70757607452106 147.06293401913717 75.668315084301867 81.015296993311495 12.415989726083351 15.048207646701483 25.883285845629871 11.956535520032046
leaf_count=48263 131902 15492 8714 2607 516 21 131 25016 169 90 2967 2109 301 399 58 2741 32 1712 27 1281 184 38 29 56 57 28 66 23 47 29 101 20 164 4499 29 22 69 123 31 55 30 19 31 31 82 28 51 24 36 20 15 58 20166 1928 615 1298 544 647 73 189 264 97
internal_value=-4.36141e-13 0.000578565 -0.00152988 -0.00337873 -0.00399694 -0.00161359 -0.00285419 0.00330073 0.00211467 0.00606052 0.00527672 0.00315611 0.0040908 -0.00238566 -0.00215661 -0.00382018 -0.000605907 0.00081431 -0.00294919 -0.00644971 0.00711288 0.00955544 -0.00260985 0.00653515 -0.0135371 0.0195068 -0.0321876 0.0406416 -0.0217797 -0.00134814 -0.0220843 0.0338922 -0.0487403 -0.00701794 -0.0220358 0.00464247 0.0270044 -0.0233623 -0.00709771 -0.00119147 -0.0151922 0.00191122 -0.01086 -0.000973032 0.022921 -0.0439983 0.0146151 -0.0164673 0.00450683 0.0445317 -0.0391344 -0.0291376 -0.00490128 -0.00137297 0.00138335 0.00433332 -0.00230118 -0.0108741 -0.0153384 0.00207672 -0.0218345 -0.00215036
internal_weight=57331.4 56679.8 31940.5 19292.2 14789.5 4068.13 3228.42 24739.4 9891.01 906.748 881.912 839.708 14848.4 3150.43 3116.4 1997.75 996.302 1118.65 564.088 418.496 145.592 138.43 62.2864 52.5832 24.2886 76.1436 28.6035 12.6837 77.9926 4502.65 33.7626 24.8365 16.6778 1001.45 58.7601 554.56 26.3926 34.0298 20.5878 4468.88 68.6531 40.0458 31.5911 4400.23 37.8887 13.7304 17.8607 8.75968 26.9631 9.101 28.6073 24.0622 10721.4 995.878 831.723 670.015 356.635 209.572 164.155 96.0635 113.508 37.8398
internal_count=276464 144562 100507 52244 42756 14328 12198 44055 18738 3246 3057 2130 25317 11635 11350 7723 2796 3627 1824 1405 419 392 180 151 95 212 124 55 563 9488 294 189 193 4927 428 1803 91 285 162 9194 331 203 184 8863 149 59 125 75 118 50 128 113 28428 8262 6261 5646 3039 1741 2001 836 905 361
is_linear=0
shrinkage=0.05


Tree=50
num_leaves=63
num_cat=0
split_feature=12 1 15 0 1 1 0 1 4 3 5 4 7 5 3 0 5 1 3 1 0 2 4 2 5 5 5 0 2 3 7 0 2 2 1 0 7 3 3 7 7 5 4 4 3 7 3 2 3 7 0 2 7 2 2 4 0 7 2 2 1 7
split_gain=625.134 127.466 63.6348 9.34315 12.4978 8.84204 8.73427 10.5239 5.90688 9.75735 12.7891 7.03516 9.97528 10.5138 8.74688 7.77357 13.1536 20.3191 16.1336 9.78588 10.2272 17.6529 22.6257 23.6669 16.4681 15.7873 14.9482 13.9128 12.5906 11.389 9.53592 11.1175 14.9046 14.2366 9.98593 10.3689 21.7793 12.5113 17.8142 9.83773 12.5637 15.8414 9.79434 9.72489 9.46899 9.15413 8.8953 10.5749 17.3394 8.86073 12.5919 10.826 10.5288 10.1236 9.70472 9.75849 9.52751 13.678 9.20559 8.50838 8.4237 10.7643
threshold=1.0000000180025095e-35 0.11651583710407241 1.0000000180025095e-35 25.500000000000004 0.067816091954023008 0.22649572649572652 44.500000000000007 0.078461538461538485 0.32896572339217622 0.84856168753358163 0.58402870599568846 0.50393259127508916 0.00019338835671962114 0.70173008720096741 2.006867655750495 31.500000000000004 0.28825181470180611 0.21825396825396828 1.4502206932205015 0.20714285714285716 43.500000000000007 0.059650005458897093 0.52843847852678971 0.052058568383579841 0.82635321900053438 0.33052274816355121 0.79139142040675547 33.500000000000007 0.06071519068874049 0.99301167078287256 0.0013774104683195248 48.500000000000007 0.052544247760631706 0.057857657356643728 0.15587044534412958 58.500000000000007 0.0046547467338685956 1.4404711904061018 1.1143121316378422 0.0046884457842942861 0.0031150305730961014 0.64481370972408847 0.70430497503439571 0.66321984456263439 1.3248740262384751 0.0050584763617538822 1.0816074188197085 0.044449575714521912 1.725276656256389 0.0029629629629629459 33.500000000000007 0.071758828248965373 0.0018382352941175876 0.046240290239013472 0.049163466135687069 0.694543235937085 39.500000000000007 0.0085518814139110954 0.06071519068874049 0.048673336529719537 0.162280701754386 0.0068681318681317978
decision_type=2 2 2 2 2 2 2 2 2 2 2 2 2 2 2 2 2 2 2 2 2 2 2 2 2 2 2 2 2 2 2 2 2 2 2 2 2 2 2 2 2 2 2 2 2 2 2 2 2 2 2 2 2 2 2 2 2 2 2 2 2 2
left_child=1 2 -1 -4 -5 8 7 -6 9 10 -3 -10 13 -13 15 16 17 18 -14 20 21 22 -17 25 30 -24 27 -25 -23 -27 -22 32 -32 42 35 36 -35 38 -37 40 41 -34 59 -36 -38 -41 -31 -48 -49 50 58 52 -52 56 55 -55 57 -51 -21 -33 -61 -62
right_child=-2 5 3 4 6 -7 -8 -9 11 -11 -12 12 14 -15 -16 19 -18 -19 -20 49 24 28 23 26 -26 29 -28 -29 -30 46 31 33 39 34 43 37 44 -39 -40 45 -42 -43 -44 -45 -46 -47 47 48 -50 53 51 -53 -54 54 -56 -57 -58 -59 -60 60 61 -63
leaf_value=0.0012110413862026805 -0.050178128421239289 0.0024823770053752142 -0.0013596800609191417 -0.0048598991345384594 -0.021108664653036433 0.0040111204386712642 0.0029575311731111498 -0.002334345445076482 0.0049784271992216605 -0.00019562177093288962 0.047208426281400366 -0.0024853772192813795 -0.022640223797833918 -0.060179935693526435 -0.0029187253732708453 -0.060923683590493688 0.001058841854499335 -0.075454818510434035 0.025189103301688193 0.023710635652522547 0.03488016251421313 0.032235504963287476 0.035692937448602295 0.011910416136966669 -0.046239308649933863 -0.037908933333588662 0.021609043926934163 -0.032776722472395207 0.0023272487410839668 0.029300803201724863 -0.0043999209281464311 0.040389175544995083 0.039752265290245253 -0.040404684030260402 0.015421212434697752 -0.0025613581197919139 -0.0053687314070680735 -0.0123768228222045 0.074405525710909554 -0.035515772648161824 0.044427662293674383 -0.032858626427236998 -0.023694740156396464 -0.021885667586182503 0.036313814484196766 0.014986081922683312 -0.019719659005397985 -0.0034463883922767357 0.051708062438363046 0.011885030967067209 0.0027875424506801343 -0.025555675956763002 0.043148263948602418 -0.040389277809696908 0.0059584001063725939 0.014040877884091005 -0.011121234258545359 0.057240835510404632 0.073728477475660234 0.028740658492508005 0.016846341222530127 -0.037633124175655258
leaf_weight=12628.552088699391 614.03744612634182 43.706859152764082 4484.7961436620681 10702.255353367917 76.472918441635557 14834.516344644217 835.7200263813138 3119.3461619586742 2542.1764066363685 2952.5188772128895 25.197261602850631 19.530688682571054 63.943453934974968 13.255959711968897 779.09525552002015 20.112472951412201 707.80609869060572 13.435102339833973 24.343530307989568 21.222684741020203 31.212860651314259 37.046591591089964 33.885347340721637 20.303488597273827 14.353769376873968 19.194150389172137 18.268105216324329 122.54282522387803 701.71021565329283 26.526701599825174 85.174660010728985 35.361308946274221 15.923354335129263 30.554678091779351 20.913444435456768 13.119390636682512 32.549598965793848 16.553780604619533 17.608039687387645 9.648782052099703 66.350909528555349 14.219185788184403 14.307126967236398 106.03431196883321 23.434360749553889 128.13590358593501 53.234166510403156 63.675109199248254 18.358320020139217 39.203887417912483 39.013618417084217 16.665994727052748 27.58260970748961 22.969570249319077 570.90869484166615 12.836534865200518 16.609645815566182 28.85875421250239 16.236991462297738 32.915461651980877 21.644729286432266 15.603054232895373
leaf_count=48263 131902 75 9488 28428 563 25317 2130 11635 6543 4253 35 27 133 21 1714 31 1543 27 54 34 52 45 62 26 28 43 32 163 1130 43 127 58 25 52 55 21 51 33 32 18 87 22 27 173 48 194 88 110 23 70 56 26 43 43 904 20 28 51 21 53 33 32
internal_value=4.8732e-12 0.000544761 -0.00154614 -0.00335789 -0.00396613 0.00323936 -0.00159349 -0.0027836 0.00208031 0.000238445 0.0188381 0.002892 0.0016625 -0.0258118 0.0018729 0.00293887 -0.00135732 -0.0181696 -0.00945216 0.00423053 0.00224964 -0.000739188 -0.00925558 -0.00649174 0.00679875 0.00437073 -0.0209787 -0.0264251 0.00382706 -0.00149353 0.00783982 0.00663418 0.0135118 0.000861489 -0.0056939 0.00383604 -0.00645158 0.0226654 0.0415437 0.0200239 0.0322673 0.00549942 0.0151268 -0.0157397 0.0120792 0.0114495 0.00282654 -0.00236521 0.00889667 0.00881735 0.0213161 0.0104847 0.019504 0.00663497 0.00437473 -0.020876 0.0228306 0.031116 0.045391 0.0203902 0.010311 -0.00597504
internal_weight=57173.3 56559.3 31847.1 19218.6 14733.8 24712.1 4031.54 3195.82 9877.59 3021.42 68.9041 6856.17 4314 32.7866 4281.21 3502.11 809.528 101.722 88.287 2692.59 1880.48 1134.86 396.101 375.988 745.619 214.874 161.114 142.846 738.757 180.988 731.265 700.052 319.453 380.599 260.768 133.82 86.5386 47.2812 30.7274 234.278 96.4934 30.1425 119.832 126.948 55.984 137.785 161.794 135.268 82.0334 812.109 120.722 83.2622 66.5962 691.387 606.715 35.8061 84.6723 68.0626 37.4597 105.525 70.1632 37.2478
internal_count=276464 144562 100507 52244 42756 44055 14328 12198 18738 4363 110 14375 7832 48 7784 6070 1757 214 187 4313 3017 1796 621 590 1221 369 221 189 1175 307 1193 1141 473 668 465 237 151 86 53 346 134 47 203 228 99 212 264 221 133 1296 180 125 99 1116 967 63 149 121 55 176 118 65
is_linear=0
shrinkage=0.05


Tree=51
num_leaves=63
num_cat=0
split_feature=12 1 15 1 0 0 1 5 3 4 5 2 3 7 7 5 3 0 2 0 3 3 5 0 4 7 8 7 4 5 4 3 2 8 2 5 3 2 7 7 3 5 7 5 7 4 7 2 5 2 0 3 0 7 2 2 4 7 5 3 5 7
split_gain=585.597 129.349 56.7398 12.9352 16.5813 8.55338 10.4282 7.06982 10.3906 6.98236 6.82689 14.924 13.2288 12.3454 11.1702 10.7268 14.2354 12.9876 10.8206 10.1705 9.51619 11.4819 14.4297 10.9527 14.408 9.29747 8.68673 8.12132 11.6889 15.8937 9.03434 8.62138 8.04224 7.95285 7.15222 7.11912 16.2201 6.84146 6.76089 8.1332 7.07295 11.2731 7.01316 6.52654 10.5059 8.49606 6.40999 9.48031 11.1415 18.9082 15.0212 9.9986 9.1211 11.3224 8.72684 7.7247 6.37988 6.20834 10.5612 6.15315 6.12097 6.09968
threshold=1.0000000180025095e-35 0.12771739130434787 1.0000000180025095e-35 0.093073593073593086 26.500000000000004 32.500000000000007 0.10818713450292398 0.30107524996186469 3.0390117694805205 0.29627931907089111 0.66047951922503334 0.11968821280224608 1.6878914381477148 0.0033731313293023529 0.016487596394610435 0.50083144511883482 1.8796203463100796 26.500000000000004 0.14529471878133871 24.500000000000004 3.2885575010432961 1.9203644701683655 0.61063193262033211 29.500000000000004 0.49186937045239298 0.0053269607044203185 1.0000000180025095e-35 0.0085518814139110954 0.49430329003786294 0.72325760290145646 0.50000000247470411 2.1852446765965383 0.14150479023664866 1.0000000180025095e-35 0.14331921467320899 0.4262465233429899 1.7050677754511934 0.1364432339777851 0.014532431776827963 0.012867647058823544 1.1289922551972029 0.80318283692646752 0.0045662109674377577 0.20811384319771731 0.0038322288943726059 0.5081554440392726 0.0030227260056785213 0.060344616643712025 0.76726270014285147 0.066061758610958601 28.500000000000004 1.494632030350642 40.500000000000007 0.0022346368715081481 0.066897678713903397 0.1364432339777851 0.32245512307829022 0.0092359560409700399 0.33830127689328915 2.4738081171341491 0.39556567315125307 0.013123359580052526
decision_type=2 2 2 2 2 2 2 2 2 2 2 2 2 2 2 2 2 2 2 2 2 2 2 2 2 2 2 2 2 2 2 2 2 2 2 2 2 2 2 2 2 2 2 2 2 2 2 2 2 2 2 2 2 2 2 2 2 2 2 2 2 2
left_child=1 2 -1 4 43 6 7 8 9 -5 12 14 19 -13 38 16 18 -18 35 33 21 -17 23 24 -23 37 -16 28 -15 -30 32 -32 -29 -8 -31 36 -14 -19 39 40 41 42 -12 44 45 -4 47 -6 -49 50 -50 52 -52 -54 -51 -56 -46 58 -27 -39 -35 -26
right_child=-2 -3 3 5 46 -7 10 -9 -10 -11 11 13 15 27 26 20 17 25 -20 -21 -22 22 -24 -25 61 57 -28 30 29 34 31 -33 -34 60 -36 -37 -38 59 -40 -41 -42 -43 -44 -45 56 -47 -48 48 49 54 51 -53 53 -55 55 -57 -58 -59 -60 -61 -62 -63
leaf_value=0.0011420282387091859 -0.050025802476289342 0.003389529388987152 -0.094213341245494076 0.027533527437887468 -0.0065831706840963292 0.0020629794481938483 0.036115617561640549 -0.010756075714992888 0.058754764954393537 -0.068316639299409357 -0.02953632284009565 0.043202505716088808 0.048914766791366394 -0.092678878652362975 -0.032521621604627175 -0.00090484684870238002 -0.05220057342391609 -0.0034496870762901755 0.075512533969248785 -0.0011068069741480833 -0.026329615562725624 0.067288342673252621 0.089492732820942472 0.055798950309563722 -0.040828131183817132 -7.5836758053703343e-05 0.026378114884763205 0.038841423211263056 0.04810276287847251 -0.080219754747337571 -0.061083002613805941 -0.00079652254049263505 -0.014409458363111236 -0.072474781981132955 -0.016989665133008931 0.037978392150907488 -0.071136779751978615 0.010314749503154813 -0.045447518247054695 0.033212980381315357 -0.0022504157759683004 -0.093537130660796469 0.0044349244361939488 -0.0011926119967487537 -0.054313177544028902 -0.014523729673874462 -0.0052776852035057199 0.002611155496707351 0.065784601819863883 -0.065247300423438084 0.031673556102359383 -0.035244215851529988 -0.052005885315914671 0.022198658644977189 -0.011180587155179106 -0.042232016351377438 0.0088443444168850652 -0.002292344259802417 -0.083866707108358834 0.067316497140962439 -0.022780099963253447 0.010529719228029805
leaf_weight=12655.042327618256 579.02124409179669 23069.303789950587 7.2519080825149995 2.1788576096296373 775.61763997899834 1791.5123076871969 3.9482726347632733 166.30663699292927 2.2289103064686051 14.846364637836812 33.674404048593715 6.6502274349331847 5.2159268008545059 9.9455969836562854 7.1679259784868909 24.246782852802426 13.249995816149747 15.057542387861757 9.7637099649291468 605.86017251643352 8.6534515218809229 8.2527057391125691 11.777684392407535 21.959108496783301 9.3597208363935369 8.2310802759602648 49.417246211320162 9.3007308160886151 5.3072289032861617 9.4800355844199675 16.793981742113832 9.1675544669851643 29.833183689042926 9.4131504874676484 8.4665033889468742 13.430364595726131 6.1087593212723732 8.6232537238392997 9.9238678924739343 14.424447944387792 369.17947972507682 4.8311912561766794 27.681224712636322 5181.6215343477088 4.9290510686114457 6.2078002765774727 9636.5742440957692 1056.4057245397707 10.95735170226544 9.4968852773308736 27.833541202591732 13.802775993710382 9.5755621236749011 11.099407488480209 132.35650906187948 23.60028473706916 21.181009057210758 56.108815737068653 6.9241074286401263 10.497976901941 18.132594369817525 15.122319519985465
leaf_count=48403 131902 40916 30 16 1763 4835 23 1178 12 167 134 33 11 22 52 109 109 41 38 1874 23 16 29 60 42 29 135 29 18 34 133 42 136 78 47 33 43 21 24 38 1055 37 116 10740 12 22 27497 3202 12 22 66 36 28 22 348 131 74 183 21 28 97 37
internal_value=-7.12996e-12 0.00051595 -0.00148852 -0.00311903 -0.00369032 -0.000346554 -0.00289067 -0.0140768 -0.0427598 -0.0560499 -0.0015171 -0.00553937 0.00129075 -0.0227284 -0.00204546 0.0109744 0.0026761 -0.005543 0.0309375 -0.00254686 0.0237687 0.0285475 0.0392908 0.0284803 0.0101545 0.000320011 0.018917 -0.027189 -0.0473137 -0.027911 -0.0169252 -0.0397946 -0.00175363 -0.0302497 -0.0503902 0.0133565 -0.0158434 0.0217588 -0.00462568 -0.00372502 -0.00494884 -0.0200002 -0.0142098 -0.00134709 -0.0215762 -0.0574594 -0.00473534 -0.00221147 0.000406626 -0.00934897 0.011797 0.00230336 0.0129873 -0.012169 -0.0187131 -0.0158795 -0.00307852 -0.00996221 -0.0383582 0.04161 -0.0397622 -0.00910488
internal_weight=56720.1 56141.1 33071.8 20416.8 16928.5 3488.26 1696.74 185.561 19.2541 17.0252 1511.18 621.245 889.937 104.945 516.3 252.583 153.212 118.693 34.5188 637.354 99.3718 90.7183 66.4715 54.6939 32.7347 105.443 56.5852 98.2948 33.1994 23.2538 65.0955 25.9615 39.1339 31.494 17.9465 24.7551 11.3247 34.1788 459.715 449.791 435.366 66.1868 61.3556 5221.19 39.5698 13.4597 11707.3 2070.75 1295.13 238.722 73.2686 62.3113 48.5085 20.675 165.454 155.957 26.1101 71.264 15.1552 19.1212 27.5457 24.482
internal_count=276464 144562 103646 55243 44005 11238 6403 1373 195 183 5030 2085 2945 494 1591 873 557 432 125 2072 316 293 184 155 95 323 187 461 121 99 340 175 165 198 81 87 54 90 1404 1380 1342 287 250 10878 138 52 33127 5630 3867 665 164 152 116 50 501 479 86 233 50 49 175 79
is_linear=0
shrinkage=0.05


Tree=52
num_leaves=63
num_cat=0
split_feature=12 1 15 4 0 1 0 1 18 7 4 4 2 0 4 1 7 5 7 3 1 4 2 2 5 7 5 5 4 7 3 4 0 5 4 7 0 3 3 2 4 3 2 0 1 2 5 1 0 0 7 2 4 4 2 4 7 7 7 2 0 5
split_gain=548.847 126.038 58.9197 8.97978 8.8345 11.2052 9.16485 8.6452 7.90059 7.48696 9.48838 8.15251 8.21153 7.65419 8.61309 7.36854 6.72601 7.60383 6.95429 6.55928 7.57775 9.19361 11.5502 10.2921 12.0133 11.4206 11.4813 8.49816 14.0132 11.9256 10.2329 9.3017 8.46244 8.18469 6.8156 7.61236 6.39867 6.34937 6.32546 6.29377 6.13415 8.04216 8.80105 7.15663 8.81526 9.79573 6.75731 11.7374 11.6226 8.98907 10.9706 11.0939 11.8161 12.5243 11.9874 8.50403 8.21328 10.3544 17.836 13.6513 12.4736 11.7099
threshold=1.0000000180025095e-35 0.11651583710407241 1.0000000180025095e-35 0.79633851063981576 25.500000000000004 0.078461538461538485 40.500000000000007 0.097619047619047633 1.0000000180025095e-35 0.0023419203747073679 0.28688679665131872 0.75468457807386657 0.041583223469599459 29.500000000000004 0.68241479206264732 0.18465909090909094 0.0046884457842942861 0.39556567315125307 0.0043317753674699888 1.4709438475294152 0.10818713450292398 0.30333389876215427 0.050618530854489856 0.068227061045812054 0.77165860665884523 0.0076338072515332242 0.55396898164759711 0.75239762147416378 0.3138885951822476 0.0049583562858719664 1.2989690721649483 0.6986117694728321 35.500000000000007 0.8058845557734402 0.5031846438172044 0.0076338072515332242 31.500000000000004 0.88876089023234017 1.3782272272128095 0.072149767115891064 0.52995700706558724 7.0782578416613324 0.034276670942811914 21.500000000000004 0.38750000000000007 0.058915995735900083 0.73438131670195472 0.21825396825396828 22.500000000000004 47.500000000000007 0.0027907111541749185 0.072149767115891064 0.69157937533384606 0.66321984456263439 0.046691000676646596 0.69299232021019519 0.0027062027559465384 0.005790638112254211 0.0074385166082330924 0.06645917992501045 42.500000000000007 0.76961935348056931
decision_type=2 2 2 2 2 2 2 2 2 2 2 2 2 2 2 2 2 2 2 2 2 2 2 2 2 2 2 2 2 2 2 2 2 2 2 2 2 2 2 2 2 2 2 2 2 2 2 2 2 2 2 2 2 2 2 2 2 2 2 2 2 2
left_child=1 2 -1 4 -4 -6 7 8 -7 10 -9 12 -11 14 -14 -3 18 -18 38 20 21 23 34 25 -25 26 -15 31 -29 30 -30 36 33 -31 -23 -36 -24 -22 -16 -33 41 42 -17 44 -42 -46 49 56 -49 -45 -51 52 53 -52 -54 -53 -48 61 59 -59 -60 -58
right_child=-2 15 3 -5 5 6 -8 9 -10 11 -12 -13 13 19 16 40 17 -19 -20 -21 37 22 27 24 -26 -27 -28 28 29 32 -32 39 -34 -35 35 -37 -38 -39 -40 -41 43 -43 -44 46 45 -47 47 48 -50 50 51 55 54 -55 -56 -57 57 58 60 -61 -62 -63
leaf_value=0.0010672014258504038 -0.049873935872847365 0.0014379642498730989 -0.0013675263357886169 -0.050846505512140809 -0.004690255143511235 -0.048467643262068087 0.0025749185707994986 -0.058140864724081677 -0.0075936984680340493 -0.014120852416645567 -0.0081865388042260175 0.02877246485286011 -0.014815059153838548 -0.026834176463456164 0.043513665677223173 -0.0033869697777706323 -0.060122658811215812 0.0036290434469665729 0.068104380868089259 0.0051031967346236301 0.050975108372720526 -0.088071259527165255 -0.034570338115418507 0.0059110662886144617 -0.067196803900840416 0.073142307723655098 0.045568830896078542 -0.077972598248060881 0.057375797974212196 -0.032183878008948112 -0.017076192524389432 -0.08317643024492849 -0.070933610315785572 0.049321667913369602 0.012072717100107825 -0.068191528440863333 0.00052928933940146782 0.0026170715195003077 -0.017247666926761052 -0.019320921980932541 0.0047701367173240937 0.045896504362557523 0.0045835171282137925 0.0029008247362116457 0.016284308373401651 0.063192736366678492 0.011485205647672711 -0.035419305901270889 0.0016400507324541781 0.041210213072515892 -0.019756134416875386 0.015481053685966487 0.010887844630593016 0.020945861069904693 -0.05857003345162113 0.062460245416619591 -0.074755968337441581 0.066211950913649911 -0.025313534137740901 -0.0020374207466357487 0.022582155004090776 -0.020754893527709331
leaf_weight=12592.844907260296 546.2959615366417 4776.3116052228143 4472.9865621643839 9.9407765956129861 11084.451481908036 12.075712770223616 1006.4429706903175 10.011913007125257 563.64623245340772 109.39307076029945 188.01767631008988 23.529549671337008 157.95386929728556 10.731803001835944 7.7987084006890717 357.55801314022392 5.5854386552236965 28.764880602248013 7.3831868111155918 642.36597864702344 6.9175983835011712 6.7418889177497503 13.718302437802775 30.039631265215576 6.9121816316619507 10.691556500736622 11.179113446036352 10.271593683399258 8.6314222714863735 13.179351521655922 9.9183927960693818 5.4346266514621702 10.023978195153175 4.0195173723623148 6.3733555343933386 5.5060870377346873 242.73595197848044 361.95279518025927 9.5021875239908677 13.308234270894898 118.73982222436462 11.650442120619116 11040.814035964664 5470.23992114875 42.250423278659582 15.109608843922613 35.199073180556297 21.382739387452602 2001.6007161402667 30.842025972902775 26.838619069661945 32.465676071122289 10.659573925659062 63.89584075845778 14.887556523084639 13.696755938231943 12.170702904462813 12.945577882230284 76.773634005803615 16.881127364933491 16.5185300570447 57.315238773822784
leaf_count=48263 131902 10104 9391 599 29706 73 2398 60 2813 499 800 108 943 33 39 673 62 154 22 2174 15 56 123 90 20 29 35 43 36 68 36 29 30 23 32 23 656 919 53 54 198 30 20884 8363 55 24 54 33 2968 46 54 57 35 108 26 20 23 18 119 25 34 104
internal_value=-4.61101e-12 0.000486554 -0.00158863 -0.00333708 -0.00331238 -0.00390638 -0.00146622 -0.0030585 -0.00845103 -0.00148941 -0.0107121 -0.000463686 -0.000855205 2.55506e-05 -0.00872504 0.00319808 0.00756957 -0.00673713 0.0274787 0.00135276 -0.00170343 -0.00630082 -0.0096015 0.0103018 -0.00776444 0.0307782 0.0101064 -0.00744749 -0.0251941 -0.0133504 0.0175671 -0.00383336 -0.0344178 -0.0131354 -0.0479177 -0.0251295 -0.00134827 0.00352395 0.0101417 -0.0378363 0.00362919 0.00437593 0.00433349 0.00257606 0.0125454 0.0286408 0.00235423 3.66979e-05 0.00124834 0.00327526 0.0138724 0.00868192 0.000449092 0.0089065 -0.0295886 0.0294201 -0.0107231 -0.0147817 -0.00607242 0.0275846 -0.016833 -0.0302134
internal_weight=56544 55997.7 31721 19128.1 19118.2 14645.2 3560.76 2554.32 575.722 1978.59 198.03 1780.56 1757.03 1647.64 216.988 24276.7 59.0344 34.3503 24.6841 1430.65 788.287 419.417 349.863 69.5543 36.9518 32.6025 21.9109 331.241 56.0443 45.7727 18.5498 275.197 27.2228 17.1989 18.6213 11.8794 256.454 368.87 17.3009 18.7429 19500.4 11410 11398.4 8090.41 176.1 57.36 7914.31 2250.79 2022.98 5663.53 193.286 162.444 116.282 90.7345 25.5471 46.1624 227.804 192.605 123.119 29.8267 93.2922 69.4859
internal_count=276464 144562 100507 52244 51645 42254 12548 10150 2886 7264 860 6404 6296 5797 1273 44055 330 216 114 4524 2350 1416 1209 207 110 97 68 1098 236 193 72 862 121 91 111 55 779 934 92 83 33951 21587 21557 12364 277 79 12087 3378 3001 8709 346 300 223 162 61 77 377 323 196 43 153 127
is_linear=0
shrinkage=0.05


Tree=53
num_leaves=63
num_cat=0
split_feature=12 1 15 0 1 1 5 18 2 4 7 17 2 13 5 7 1 0 2 7 4 0 2 0 4 4 4 1 5 3 0 0 7 4 7 4 2 5 3 16 2 2 3 5 4 3 7 2 3 3 7 3 2 3 2 2 7 0 0 5 7 3
split_gain=514.406 123.846 56.42 8.76989 14.4614 11.3437 9.38237 7.85363 17.2235 11.1202 10.6132 11.3095 8.73553 7.88882 11.2375 7.76503 7.49357 7.36592 7.32309 7.0699 6.89572 6.79449 6.60558 8.01451 6.43517 6.36653 6.27792 5.95509 5.80807 11.3043 15.8359 53.1131 41.119 24.1766 38.7993 21.5446 18.1624 15.7552 15.5282 13.7496 13.2875 13.0001 12.2301 12.6637 11.6573 11.68 11.5565 11.4652 15.5687 19.0654 18.5368 11.2241 10.8504 10.8122 18.7167 17.3709 19.38 16.6989 20.5033 11.3019 11.0987 10.8142
threshold=1.0000000180025095e-35 0.11651583710407241 1.0000000180025095e-35 26.500000000000004 0.085144927536231887 0.085144927536231887 0.73750015948293646 1.0000000180025095e-35 0.21946468754577278 0.3138885951822476 0.36762690815237381 1.0000000180025095e-35 0.094615185079023029 1.0000000180025095e-35 0.50428309458411436 0.0040391512385736421 0.18465909090909094 35.500000000000007 0.12117959175131944 0.0061737678417542298 0.68750160399767435 37.500000000000007 0.070484375283545911 52.500000000000007 0.32451585984492265 0.48054842720636809 0.53212749615975441 0.10818713450292398 0.67134596533217328 2.941777561970365 27.500000000000004 23.500000000000004 0.34052010566929586 0.50073091620012511 0.0034241984727529668 0.473359483674125 0.047153228099672255 0.79837855411652103 3.1007607312275844 1.0000000180025095e-35 0.066897678713903397 0.12409103529593216 3.2885575010432961 0.86413954675046989 0.49908990550656501 4.3160912203474746 0.0033731313293023529 0.077900793776430957 6.4264968069012047 5.7714285714285678 0.0066238555170801969 3.8461756037536494 0.054247369763555951 4.9023791598846715 0.094615185079023029 0.076606344777224819 0.30742326252032154 20.500000000000004 21.500000000000004 0.8392635455669829 0.0019668279140259799 3.7630222463374992
decision_type=2 2 2 2 2 2 2 2 2 2 2 2 2 2 2 2 2 2 2 2 2 2 2 2 2 2 2 2 2 2 2 2 2 2 2 2 2 2 2 2 2 2 2 2 2 2 2 2 2 2 2 2 2 2 2 2 2 2 2 2 2 2
left_child=1 2 28 5 7 -4 -7 8 9 17 11 13 -12 14 15 -11 -3 -5 19 22 -8 27 24 -24 -16 -20 -10 -6 -1 -30 31 35 33 37 -35 36 -31 41 -36 -32 -34 -33 -37 53 46 -46 -39 48 49 50 -40 -49 -50 54 57 56 -55 -44 -59 -58 -56 -62
right_child=-2 16 3 4 21 6 20 -9 26 10 12 -13 -14 -15 18 -17 -18 -19 25 -21 -22 -23 23 -25 -26 -27 -28 -29 29 30 39 32 40 34 38 42 -38 44 47 -41 -42 -43 43 -45 45 -47 -48 51 52 -51 -52 -53 -54 55 60 -57 59 58 -60 -61 61 -63
leaf_value=0.0017804476656218095 -0.049720173664958012 0.0013861068446706698 -0.0013250081532424351 0.05680252490311203 -0.0056136741241541322 -0.03757357723640338 0.017028876905232873 -0.0052441268986349425 -0.013058346845232903 0.024509902849286776 -0.0012226881629262933 0.038360920140851164 0.025822157931942494 -0.012134401993683342 0.055524176934061788 0.0032285965529224962 0.003598302479630033 0.012722518101383079 0.029904364417880282 -0.0074348337971922281 -0.051861660428578163 0.0022683773976257524 0.0463762713183321 -0.059863234636331808 -0.018574377684984641 -0.014626357761348359 -0.051606412245584689 4.3918987752869665e-05 -0.0028783014658801086 0.057762399574101946 -0.0015679876949466081 0.042680114922940063 0.020218091815739775 0.038265203195741643 0.055753091961234437 0.013361722010235458 0.00019075612838069013 -0.043613178362941589 0.050877384880826076 -0.029806567845547884 0.064006373190697477 -0.0095537655823628789 -0.007114266911088441 0.014046181423387477 0.053853852544354236 -0.00078652072840073727 0.0071655647847117757 -0.017490035490632494 -0.00056139128447963956 0.1005731113722011 -0.082662180163936436 -0.060760448956384619 -0.083628057966403394 -0.0026318085681438941 0.023396877447335006 0.016785486599441367 -0.026225083719119614 -0.089842965068508404 -0.023977460625080309 -0.08733493192114361 -0.026428497870943726 -0.0010517657997590614
leaf_weight=8247.7079784861708 515.44521514669759 4773.5847587571479 5207.8782522820402 14.006000558612866 904.89072178764036 39.375452846579719 17.806710290256891 9861.7445613530581 142.12838613428175 59.107954289473128 51.492467586649582 17.271947382832877 71.065194611554034 163.13715991098434 3.7210227074101594 155.96402201242745 19327.094400424598 29.310408874182031 8.4422506121918541 50.7004462426994 4.563350671902298 1087.6103830380598 21.717745630536232 1.933210463495924 13.784795590443535 162.96587000926957 11.410027212230487 957.04986316268332 2302.3523692739836 26.617876764852554 768.35212078900076 94.965166884707287 24.478041487396695 38.726962757762522 6.2115754555852609 85.477004871121608 28.226304271956906 13.85548172960989 5.7319518185686338 45.668906573206186 59.284818527055904 13.620399478822945 28.200543477432802 65.33240808127448 23.408946868032217 16.799023930216208 58.5673885170836 30.295027963933535 8.8444508148240839 6.2656978392042211 4.7540117939934134 29.659172835992649 7.0768861323595038 170.09036451240536 24.276489914860576 83.03336531133391 32.710181123227812 22.806603523902595 24.516614293446764 9.842774714343248 77.93248677754309 91.007775085279718
leaf_count=30985 131902 10104 10876 98 4499 439 103 22153 1860 490 566 189 796 552 14 1129 33951 122 69 450 37 2740 238 22 108 1328 72 3294 11283 57 2689 204 99 76 37 269 85 24 17 221 162 22 116 136 34 41 112 98 39 17 42 69 12 393 54 146 105 56 85 30 217 231
internal_value=-9.98933e-12 0.000459807 -0.00159735 -0.00331261 -0.00397564 -0.00157761 -0.0228828 -0.00482027 -0.000546955 0.00231595 0.000948804 -0.00156478 0.0144593 -0.00263979 0.000598346 0.00907731 0.00316014 0.0269754 -0.00632846 0.005063 0.00297564 -0.000871529 0.0204589 0.0376923 -0.00282405 -0.0124331 -0.015923 -0.00270563 0.001002 -0.000481119 0.00224219 0.00586345 0.0196672 0.012303 -0.0041561 -0.00206929 0.0281324 0.0225383 -0.0207776 -0.00315225 0.0512101 0.0361282 -0.00438517 -0.00679399 0.00943646 0.0310249 -0.0025491 -0.0259097 -0.00208065 0.0315676 -0.00966533 -0.0388958 -0.0374838 -0.00920628 -0.0164651 -0.00260871 -0.0101818 -0.0375708 -0.0557202 -0.0403602 -0.00821545 -0.0127581
internal_weight=56251.9 55736.5 31635.8 19059.1 13789.5 5269.62 61.7455 10839.9 978.159 824.62 781.304 658.746 122.558 641.474 478.337 215.072 24100.7 43.3164 263.265 91.8572 22.3701 2949.55 41.1568 23.651 17.5058 171.408 153.538 1861.94 12576.7 4328.99 2026.64 1212.62 442.545 358.782 137.566 770.071 54.8442 221.216 98.8388 814.021 83.7629 108.586 715.227 629.75 112.631 40.208 72.4229 92.6272 32.673 16.7517 10.486 59.9542 15.9213 564.417 268.741 295.677 212.643 75.5238 47.3232 42.553 193.217 168.94
internal_count=276464 144562 100507 52244 40789 11455 579 30256 8103 6171 5951 4589 1362 4400 3848 1619 44055 220 2229 832 140 10533 382 260 122 1397 1932 7793 48263 17278 5995 3085 1105 844 407 1980 142 437 331 2910 261 226 1838 1569 211 75 136 294 127 76 59 167 51 1433 759 674 528 257 141 135 502 448
is_linear=0
shrinkage=0.05


Tree=54
num_leaves=63
num_cat=0
split_feature=12 1 15 1 0 0 3 2 5 5 2 4 7 5 1 5 7 4 5 4 0 4 3 4 5 5 2 7 2 5 5 2 0 3 4 1 2 0 3 7 5 7 3 18 2 7 4 11 17 5 13 1 5 3 3 2 3 4 7 0 0 13
split_gain=482.579 121.47 49.6321 11.81 15.4759 7.4224 6.99982 8.08809 7.10293 9.04995 9.04901 5.92774 10.5019 6.87206 5.7642 9.12111 6.20325 6.89651 12.1465 10.9538 7.79 8.83937 11.9788 9.25835 8.03457 9.41078 6.66223 12.2904 7.26776 6.61508 10.2441 14.521 10.0263 16.5605 10.0084 9.88251 9.17665 9.11634 6.36058 6.34162 5.7219 6.78681 8.09429 5.62047 12.8534 8.75618 10.141 7.77517 7.63018 6.54066 11.2351 8.74127 7.58007 6.75062 8.3653 9.10013 11.7171 9.07991 7.41381 7.26565 6.50428 6.13088
threshold=1.0000000180025095e-35 0.12771739130434787 1.0000000180025095e-35 0.093073593073593086 26.500000000000004 32.500000000000007 0.94894561785212006 0.037633751649285431 0.7423844816725097 0.44066454303970887 0.050618530854489856 0.79633851063981576 0.016487596394610435 0.15820646557867732 0.29285714285714287 0.85052591351725593 0.0017046930790590414 0.30132483120780201 0.20307776686790402 0.29627931907089111 22.500000000000004 0.68628776081959975 0.99301167078287256 0.70819236174381406 0.31956849124674808 0.79601843111875248 0.11968821280224608 0.013683010262257796 0.046691000676646596 0.37370105274780335 0.31458849592229282 0.061101646470258876 27.500000000000004 0.94894561785212006 0.28688679665131872 0.41428571428571431 0.077240772871044486 24.500000000000004 1.640364029768324 0.0012061906739954512 0.22387343519183436 0.0015017726797814073 1.2003582507909343 1.0000000180025095e-35 0.21946468754577278 0.36762690815237381 0.31709168822424133 1.0000000180025095e-35 1.0000000180025095e-35 0.52622768949837739 1.0000000180025095e-35 0.085144927536231887 0.51373626373626424 3.2885575010432961 2.006867655750495 0.18336372748265045 2.3964691773354523 0.4979022150116319 0.0053619302949062296 31.500000000000004 34.500000000000007 1.0000000180025095e-35
decision_type=2 2 2 2 2 2 2 2 2 2 2 2 2 2 2 2 2 2 2 2 2 2 2 2 2 2 2 2 2 2 2 2 2 2 2 2 2 2 2 2 2 2 2 2 2 2 2 2 2 2 2 2 2 2 2 2 2 2 2 2 2 2
left_child=1 2 -1 4 -4 6 7 -5 9 10 -9 13 -13 -3 -15 16 39 19 38 29 21 22 -20 -23 -24 26 28 -28 -26 30 31 -18 33 -31 35 37 -33 -35 -19 -16 -41 42 -42 44 45 46 60 -47 49 50 -48 53 -52 54 59 56 -56 -58 61 -51 -6 -59
right_child=-2 11 3 5 43 -7 -8 8 -10 -11 -12 12 -14 14 15 -17 17 18 20 -21 -22 23 24 -25 25 -27 27 -29 -30 32 -32 36 -34 34 -36 -37 -38 -39 -40 40 41 -43 -44 -45 -46 47 48 -49 -50 51 52 -53 -54 -55 55 -57 57 58 -60 -61 -62 -63
leaf_value=0.00095740702563760496 -0.049566705983316944 -0.03805694206091232 -0.0013304086211818429 -0.046877177039425365 0.050641442913597103 0.0019138014850482122 -0.0019727835948709417 -0.069923791651045827 -0.047169118393166697 0.010551734629933827 -0.0042004565888275223 0.040240425767374882 -0.038609784529054669 0.00279601383570275 0.0059331690703285089 -0.021503635152466345 -0.014176942348897568 -0.037635620422224993 -0.042509131051907748 0.020565840759956565 0.0034631565568779793 0.038179647408653324 -0.014139609248992116 -0.00063169437938738341 0.037754031185953663 -0.019224474889060914 -0.0025203580870897004 0.060900584522326467 0.0071602180898902015 0.056776975224066467 0.04344694400069718 0.048060200344126565 -0.0048853036552391101 -0.05530489263474745 0.02753789544151063 0.017980216880883321 -0.0046197251597195049 0.0014457510663360529 0.0062808403239744794 -0.013713362624579532 0.014545583396127108 0.011651173304838027 0.051422092291134348 -0.0049443948764716049 -0.014258343712136037 0.016877932712207631 0.0075035227626468332 -0.038365696246199329 0.030662057747477985 0.035396339902497201 -0.017921375620443467 -0.069945537782193742 0.023615544623553 0.0066866177563812941 0.015797370075776897 -0.045341814307384265 -0.042029099835058273 -0.020825773311532545 0.0031653065719714976 -0.0050837237871279375 0.0097674625604379645 -0.08927495247580064
leaf_weight=12475.053105789848 486.78527552407468 10.061432559043167 5205.5265579390107 17.354541159729706 13.806055591441689 1743.3379973623669 1536.3335272198456 8.3386585104744899 10.519793594488872 42.911314086290076 14.081101320218293 5.4118812798988101 19.219762804365018 16755.350798567175 232.82062600832433 33.296503784134984 39.252899317070842 26.836301898118109 11.652578624896703 161.73226729035378 4759.4235366550274 52.138614993309602 30.944659899454564 21.786587305366993 23.340995145961642 19.900915442034602 12.140553325880317 20.602796297054738 115.32625149562955 18.826123483479023 25.713355933781713 23.682098424062133 203.06953993393108 14.940726235508919 29.122424319386482 19.25519272685051 12.699902605265377 13.444205638021231 11.901213770732282 11.927869498729704 27.180599621497095 67.773321269778535 32.883041929686442 10635.698812634742 153.48183568159584 115.73034608369926 237.76176050619688 6.740150600206106 17.126098713255487 13.947029828559605 85.663937884848565 5.6858864342793813 12.598999609239398 66.265955140988808 28.642901677871123 25.133462231140584 32.937546686269343 26.121920062112626 42.154313164530322 54.016589361708611 32.990671488107182 3.7396768545731893
leaf_count=48403 131902 25 10878 142 97 4835 5910 68 75 154 54 55 418 29675 345 81 61 45 27 229 8556 96 72 41 47 39 41 83 168 32 39 31 331 28 37 34 26 25 28 15 41 93 52 24941 1939 1330 1781 63 188 122 292 35 30 595 234 207 216 202 288 418 133 16
internal_value=6.20368e-12 0.000434531 -0.00152202 -0.00305411 -0.00359572 -0.000353888 -0.00277994 -0.0160846 -0.00903929 -0.00289952 -0.0286452 0.00322971 -0.0212854 0.00325615 0.00327436 0.00459398 0.00473784 0.00432702 0.00374851 0.00958541 0.00396173 0.0116703 0.0069071 0.0267415 0.00949792 0.0133213 0.0170999 0.0373854 0.0123099 0.00514576 0.0161836 0.00691493 0.00140012 0.0147529 0.0044465 -0.00966928 0.0296712 -0.0284256 -0.0241433 0.0109873 0.0194065 0.0224967 0.0347344 -0.00461139 -0.000977114 0.00150555 -0.000656381 0.0138376 -0.00227055 -0.00315921 0.00162597 -0.00854333 -0.0125956 -0.00735161 -0.0114552 -0.0177401 -0.0125474 -0.020283 -0.0103371 0.00322332 0.0218262 -0.0293979
internal_weight=56014.1 55527.4 32663.7 20188.6 16815.8 3372.88 1629.54 93.2054 75.8509 65.3311 22.4198 22863.7 24.6316 22839 22829 6073.62 6040.32 5667.73 5106 561.739 5067.26 307.834 233.909 73.9252 222.256 191.312 171.411 32.7433 138.667 400.006 101.348 75.6349 298.658 95.5887 76.7625 47.6401 36.382 28.3849 38.7375 372.585 139.765 127.837 60.0636 11610.2 974.545 821.063 698.593 122.47 651.796 634.67 336.025 298.645 98.2629 292.959 226.693 158.73 133.596 104.953 72.0159 67.9636 46.7967 29.8616
internal_count=276464 144562 103646 55243 44005 11238 6403 493 351 276 122 40916 473 40443 40418 10743 10662 10116 9243 873 9170 614 477 137 450 378 339 124 215 644 157 118 487 156 124 87 57 53 73 546 201 186 93 33127 8186 6247 4854 1393 4624 4436 2103 2333 322 2298 1703 1163 956 722 506 540 230 218
is_linear=0
shrinkage=0.05


Tree=55
num_leaves=63
num_cat=0
split_feature=12 1 15 0 1 2 1 1 18 2 13 13 5 4 5 5 4 1 5 2 0 3 3 2 5 0 7 4 2 2 5 5 0 5 4 0 3 3 4 4 17 5 0 0 2 2 3 0 4 5 7 7 4 4 4 1 4 2 4 0 2 2
split_gain=452.649 121.162 52.419 8.59812 14.3685 9.866 9.82219 8.10261 7.59455 14.3705 11.2386 7.18913 10.5734 7.21936 9.20527 6.9894 8.1792 7.94225 8.03769 7.94416 10.7555 6.98274 7.04076 7.50483 6.67456 6.45074 6.37337 6.04913 5.99248 5.86399 5.77656 10.5904 9.81519 6.81757 6.66648 6.45852 6.09495 5.88343 7.00917 5.72237 5.72017 5.51369 5.36752 5.30392 6.06433 5.26735 10.369 5.06929 16.0416 9.96759 7.55694 8.75462 7.8936 9.46244 14.4345 7.28898 12.9568 6.97251 6.75404 6.40071 6.25959 5.63395
threshold=1.0000000180025095e-35 0.11651583710407241 1.0000000180025095e-35 26.500000000000004 0.067816091954023008 0.0069314244630747732 0.085144927536231887 0.22649572649572652 1.0000000180025095e-35 0.21946468754577278 1.0000000180025095e-35 1.0000000180025095e-35 0.70173008720096741 0.65815267566749702 0.24148954554352411 0.50428309458411436 0.31543749062609078 0.046536796536796543 0.2560397041481392 0.078597751922633838 43.500000000000007 7.0782578416613324 1.8995393803049152 0.08587125543770581 0.73750015948293646 44.500000000000007 0.0043317753674699888 0.46227184782316372 0.039892022947959696 0.063560291562597321 0.61063193262033211 0.4262465233429899 37.500000000000007 0.30559459251335225 0.49464285714285733 39.500000000000007 1.640364029768324 1.1428571428571439 0.50005356274867474 0.70107670487009088 1.0000000180025095e-35 0.27878620746909005 54.500000000000007 46.500000000000007 0.12117959175131944 0.16350047043977281 2.006867655750495 54.500000000000007 0.6986117694728321 0.22576968964262067 0.0091597757747831094 0.013683010262257796 0.28688679665131872 0.39300109892719604 0.49351841046757666 0.078461538461538485 0.68750160399767435 0.073056247389871473 0.32668649541243439 57.500000000000007 0.094615185079023029 0.060344616643712025
decision_type=2 2 2 2 2 2 2 2 2 2 2 2 2 2 2 2 2 2 2 2 2 2 2 2 2 2 2 2 2 2 2 2 2 2 2 2 2 2 2 2 2 2 2 2 2 2 2 2 2 2 2 2 2 2 2 2 2 2 2 2 2 2
left_child=1 2 -1 6 8 -6 -4 -3 9 10 15 47 13 14 -13 17 -17 18 19 25 27 22 23 -20 29 -5 -26 -21 -16 -8 31 33 37 35 -32 36 -11 38 -33 -15 42 -30 -18 -22 -45 46 -24 55 49 -49 52 60 -51 58 -55 56 61 -58 59 -54 -52 -7
right_child=-2 7 3 4 5 11 24 -9 -10 30 -12 12 -14 39 28 16 40 -19 21 20 43 -23 45 -25 26 -27 -28 -29 41 -31 34 32 -34 -35 -36 -37 -38 -39 -40 -41 -42 -43 -44 44 -46 -47 -48 48 -50 50 51 -53 53 54 -56 -57 57 -59 -60 -61 -62 -63
leaf_value=0.00089414520616970864 -0.049410915845152691 0.001947507291502573 -0.001334593353794049 0.033815143528462224 -0.069402936147826777 -0.0042314383652479574 -0.017289668569884911 0.0038317723197921374 -0.0054052415334988673 0.074522851971270482 -0.0099621280170683509 0.045729647479631881 0.020539192883215793 -0.027346614687380585 -0.038833284561922365 0.036252811159612562 -0.003966632096566787 -0.071535757100344488 0.019114037037616657 -0.11097710051490786 0.079256745884451418 -0.012925774864997555 -0.061861513132488444 -0.011545798026324324 -0.048763948050428954 -0.045166254442472235 0.014760692703908136 -0.028038846065420675 -0.015518980699303037 -0.057129874366747616 -0.06361840547819507 0.10052034032247306 -0.011904614918932625 -0.035917126152327776 -0.01881511430554178 -0.046165883865995155 -0.013000714228042748 0.054066869345007408 -0.077010874520094488 0.0051840010956967705 0.048983023938003023 0.0074735972892609696 0.02943190684799047 -0.060376930776572774 0.049221653162497297 0.041864002787428356 0.022888076687819239 -0.065695768547976346 0.068924224413249954 0.059964877781074788 -0.085808526721094902 0.00076251247761554544 -0.025841662987575915 0.081369261332454534 0.011095798493374637 -0.0017684614077803995 -0.00034516888447254634 0.042297177027332974 -0.037883166251265886 0.018857831587811374 -0.011438660987934442 -0.022404226355351518
leaf_weight=12415.974786519451 459.68639846605947 9396.8325674139196 5203.1367954593152 15.444650368881414 5.3220508439408141 63.615762385772541 21.329833189840429 14523.125648728979 8918.3671375154518 4.367165797390042 151.92380823905114 12.891732899937777 87.573139858897775 36.009349592030048 8.5360109489411098 14.951281163259408 285.51670892105903 2.8916828306391826 51.234582003671676 2.4224749971181181 3.2615821611834672 19.401039117248729 3.7648357264697543 32.696450919378549 5.1393081536516574 3.1049664263846344 17.039703208487481 23.77643829700537 30.805138288997114 16.289887320948765 9.4781531961634737 0.7802018525544584 16.642716409522109 27.703136999742128 66.945076616480947 3.5727211968041948 3.652913948521018 14.841202936368061 1.9345595227787269 21.644238437758759 5.4819225789397015 169.7691764900228 12.558959717862306 2.3899307117098942 2.6747076279716566 36.504218985443003 87.268970432283822 5.1710020359605542 9.6531053334474546 7.6755563244223586 6.093702966347335 27.91052394057624 12.478442183695732 8.3371300064027292 59.160399188520387 3105.2759652022942 28.66406317811925 14.403077075490726 14.37973693013191 22.358501337468624 5.2817868571728468 129.40342232957482
leaf_count=48263 131902 18738 10876 137 144 268 212 25317 18764 39 607 29 224 98 27 82 2559 14 246 9 17 100 30 260 47 45 93 191 54 227 68 31 219 239 1030 25 26 208 39 49 94 379 160 23 21 348 1115 14 22 14 19 79 23 29 129 11525 142 52 20 35 30 638
internal_value=5.63572e-12 0.000410608 -0.00163189 -0.00328424 -0.00394339 -0.0013724 -0.00156616 0.00309155 -0.00496189 -0.000603392 0.00219662 -0.00127926 0.00537792 0.000630222 0.00472417 0.0052481 0.000149577 0.0109096 0.0117492 -0.00579599 -0.0199751 0.0157827 0.0184165 0.00717009 -0.0217148 0.0205947 4.07983e-05 -0.0357077 0.00219616 -0.0345411 -0.0147469 -0.00473852 0.0156069 -0.0224449 -0.0243717 0.00974961 0.0346584 0.0416873 -0.0259897 -0.015134 -0.00162863 0.00394229 -0.00255944 0.0295283 -0.00249636 0.0258177 0.0193831 -0.0019738 0.00623583 0.00265188 0.00481119 -0.014306 0.010849 0.00761893 0.0197758 -0.00241237 -0.0108818 0.0139158 -0.00905345 0.00284667 -0.0512776 -0.0164148
internal_weight=55776.5 55316.8 31396.9 18980.9 13718 3892.41 5262.94 23920 9825.55 907.187 757.269 3887.09 367.229 279.656 222.002 605.345 318.509 286.837 283.945 53.0748 34.5251 230.87 211.469 83.931 59.7987 18.5496 22.179 26.1989 209.11 37.6197 149.918 73.4946 34.1987 39.2959 76.4232 11.5928 8.02008 17.556 2.71476 57.6536 303.558 200.574 298.076 8.32622 5.06464 127.538 91.0338 3519.86 178.5 168.847 163.676 39.286 124.39 116.714 67.4975 3341.36 236.086 43.0671 49.2167 34.8369 11.3755 193.019
internal_count=276464 144562 100507 52244 40789 14043 11455 44055 26746 7982 6058 13899 860 636 489 5451 2895 2556 2542 443 261 2099 1999 506 579 182 140 200 460 439 1924 826 497 329 1098 90 65 278 70 147 2813 433 2719 61 44 1493 1145 13039 414 392 378 128 250 236 158 12625 1100 194 78 58 49 906
is_linear=0
shrinkage=0.05


Tree=56
num_leaves=63
num_cat=0
split_feature=12 1 15 0 1 1 1 18 2 13 4 10 13 5 3 4 0 4 0 0 7 1 3 0 2 0 7 5 2 7 3 7 1 1 5 7 4 5 5 7 4 4 4 7 7 3 0 5 0 3 4 5 0 4 3 5 2 1 4 7 7 7
split_gain=424.695 119.822 50.8181 8.65215 14.3763 8.85687 7.79738 7.17358 11.87 10.5864 8.10187 8.79661 7.13755 8.26685 7.20637 6.41695 7.14125 6.72467 6.65147 6.16577 9.80304 9.52189 8.40665 6.10282 6.66573 6.02059 16.2632 5.93059 8.01772 5.85547 9.38871 7.6495 8.16834 7.59934 11.3011 7.97054 9.42094 6.29282 12.4119 13.6082 7.10049 10.0099 11.4911 7.5995 18.6216 10.3209 6.39649 5.73812 5.66688 5.65226 5.57158 6.99555 5.51233 12.702 11.8088 15.4502 19.0787 7.42225 7.38582 7.7659 6.66395 6.53365
threshold=1.0000000180025095e-35 0.11651583710407241 1.0000000180025095e-35 26.500000000000004 0.051315789473684217 0.085144927536231887 0.22649572649572652 1.0000000180025095e-35 0.21379680668142884 1.0000000180025095e-35 0.50434885786451533 1.0000000180025095e-35 1.0000000180025095e-35 0.70173008720096741 1.178571428571429 0.3138885951822476 53.500000000000007 0.50111026460532215 35.500000000000007 57.500000000000007 0.0021684730407308139 0.078461538461538485 1.725276656256389 42.500000000000007 0.063999820585144182 58.500000000000007 0.00095412301746931806 0.80074420145741787 0.055080946758993631 0.0030227260056785213 1.0647058823529412 0.0040391512385736421 0.070197044334975381 0.070197044334975381 0.69851124319439706 0.011941277262971116 0.49603620672203491 0.30786948368098416 0.38624262048725971 0.0090579710144927505 0.4904246084090727 0.29897065403428874 0.30986478584207655 0.0069070189064211968 0.011462290636471872 1.2899048525043169 54.500000000000007 0.73750015948293646 38.500000000000007 1.3931279703090911 0.65815267566749702 0.24148954554352411 41.500000000000007 0.67740057948249188 1.4709438475294152 0.47842046621226375 0.078597751922633838 0.10818713450292398 0.28688679665131872 0.0051773834186036342 0.0061173475672464846 0.005708395248835707
decision_type=2 2 2 2 2 2 2 2 2 2 2 2 2 2 2 2 2 2 2 2 2 2 2 2 2 2 2 2 2 2 2 2 2 2 2 2 2 2 2 2 2 2 2 2 2 2 2 2 2 2 2 2 2 2 2 2 2 2 2 2 2 2
left_child=1 2 -1 5 7 -4 -3 8 9 10 15 -12 19 50 -15 18 -17 -18 -5 21 22 23 -21 24 -6 -9 -27 -22 -29 30 -25 32 -31 34 35 -33 -37 46 39 -39 41 -40 -43 45 -45 -42 -35 -7 -20 -44 51 -14 57 58 55 -55 -57 -23 59 -54 61 -59
right_child=-2 6 3 4 12 47 -8 25 -10 -11 11 -13 13 14 -16 16 17 -19 48 20 27 52 -24 29 -26 26 -28 28 -30 31 -32 33 -34 37 -36 36 -38 38 40 -41 43 42 49 44 -46 -47 -48 -49 -50 -51 -52 -53 53 54 -56 56 -58 60 -60 -61 -62 -63
leaf_value=0.00083987153738230994 -0.049253542178677556 0.0019304119343665615 -0.0013402425520216762 0.055161592133293448 -0.01007433168068933 -0.033424471755683256 0.0037794814367603201 -0.0052359046901030541 -0.013404181037911822 -0.010047054676247362 0.0011194422518682951 0.026201645245637742 0.036689751240695005 0.069601316160209592 0.014041259531668404 -0.0012761853127859011 0.052160027835728907 -0.026749461909738259 -0.037122104835411174 -0.061970375043861818 0.0061077376391499953 -0.0051367743865398689 0.010777984159710628 0.016648222984303514 -0.052960650556772987 0.083607449053239205 -0.016178321770970398 -0.0061489669330230326 0.059779536772023995 0.045536575732736229 -0.037668430374430378 -0.082986328038463994 -1.1751284372657734e-05 0.0029568066620495742 0.0018156904942479915 -0.074959903610336359 0.0072018451622709494 -0.092927921563610974 0.024603482844576419 0.0098529473250803939 0.037678837332833504 -0.090020283353626884 -0.0016743038863130076 0.046275788204300755 -0.021990964361619039 -0.037355815350186526 0.05528741263081062 -0.00059474807655242508 0.023258474680679181 -0.046498022586186835 -0.012621441540711958 0.0020128375964824359 0.0014551246687646905 0.0016591450698272671 0.016730631147112381 -0.0580495692118718 0.0034535041597184009 -0.0025399513242189407 0.0072552565786453936 -0.052326985410876117 0.0044814031977276512 -0.032296733453703153
leaf_weight=12402.677980150067 434.25061341043329 9389.61842489423 5201.1103011046071 10.871216307510624 19.513363180565648 35.669322263973299 14514.922551676515 8499.9445061818114 152.84716325020418 148.03480252146255 61.82155298977159 80.439844866108615 15.556708485353736 6.2381846457719794 90.572617009514943 401.69783847092185 11.574716719158458 3.5213154047960407 5.4155652747722369 9.4569987319409865 187.48191834526369 1470.3656525092665 6.845836214721202 10.367872284725307 16.913970894180238 4.1714335875585666 193.20087036164477 7.3922976329922703 12.259103097021578 13.36573425773531 34.195358936209232 10.602505877614023 37.346136024454609 27.41158665320836 18.072465610224754 5.8481607544235876 8.6486397548578662 8.6546048471354862 10.262511711567639 5.1289696838648515 6.3220280762761858 6.783068443182855 19.269068806432191 25.091857521794736 16.596791639458388 16.658549654297531 7.4201242960989466 21.232928952435032 13.757277187425641 11.075634432025252 61.349099464016035 223.39495863078628 17.72008365998045 47.18299253762234 28.872166037443094 37.100968905258924 19.101380803622305 468.3667324418202 490.41931805247441 10.804689423646776 505.43072156654671 19.203260993817821
leaf_count=48263 131902 18738 10876 96 167 439 25317 17515 2017 587 294 1241 33 12 237 3388 197 45 20 33 533 6624 20 31 180 8 498 23 26 36 151 72 115 93 93 26 41 32 35 28 24 27 53 75 118 74 13 140 68 51 165 506 42 109 81 97 35 1606 1235 32 1741 90
internal_value=6.92973e-12 0.000387308 -0.00164746 -0.00327834 -0.00394183 -0.00155489 0.00305317 -0.00499886 -0.000723307 0.00190611 0.00490983 0.0153018 -0.00145231 0.00491563 0.0176214 0.00160128 -7.42964e-06 0.0337535 0.0239185 -0.00214068 0.00590867 -0.00266197 -0.0314221 -0.0106647 -0.0299873 -0.00543637 -0.0140694 0.00884686 0.0349791 -0.00831152 -0.0250314 -0.00538453 0.0119931 -0.00970763 -0.0283319 -0.0500394 -0.0259431 -0.00470346 -0.00990931 -0.0546824 -0.00440211 -0.0191047 -0.0311861 0.0063721 0.0190979 -0.0167136 0.0141047 -0.0211741 0.00620336 -0.0180347 0.000819563 0.00427044 -0.0017998 0.00229135 -0.0115411 -0.0194365 -0.0371466 -0.00288131 0.00581667 -0.0189166 0.000458416 -0.00371194
internal_weight=55657.4 55223.2 31318.7 18916 13658 5258.01 23904.5 9587.3 889.981 737.134 589.099 142.261 4070.66 397.112 96.8108 446.838 416.794 15.096 30.0441 3673.55 223.436 3450.12 16.3028 335.549 36.4273 8697.32 197.372 207.133 19.6514 299.122 44.5632 254.558 50.7119 203.847 43.1718 25.0993 14.4968 160.675 125.843 13.7836 112.06 47.3903 37.1278 64.6692 41.6886 22.9806 34.8317 56.9023 19.1728 30.3447 300.301 238.952 3114.57 651.202 132.258 103.385 56.2023 2463.37 518.944 28.5248 993.001 487.57
internal_count=276464 144562 100507 52244 40789 11455 44055 25974 7953 5936 5349 1535 14815 953 249 3814 3630 242 184 13862 635 13227 53 1535 347 18021 506 582 49 1188 182 1006 151 855 232 139 67 623 517 60 457 166 131 291 193 98 106 579 88 104 704 539 11692 1631 322 241 132 10061 1309 74 3437 1696
is_linear=0
shrinkage=0.05


Tree=57
num_leaves=63
num_cat=0
split_feature=12 1 15 1 0 0 4 4 4 5 4 0 1 2 4 3 1 4 5 4 3 5 3 0 3 2 2 5 5 4 0 7 7 0 1 2 2 7 3 0 2 2 5 2 3 7 4 0 3 3 0 7 3 8 14 2 4 4 0 14 7 0
split_gain=398.51 117.651 41.9306 15.6484 14.7335 9.00737 7.42354 11.7574 6.24115 6.55798 5.74758 7.80587 9.85205 8.10519 10.4961 9.75425 15.0763 7.88519 10.7643 8.77578 10.5314 10.3775 9.52522 8.31942 7.56513 12.4669 7.98181 8.65333 7.51879 7.42593 10.9934 7.51742 7.32417 7.21493 9.34075 7.68463 10.8107 7.36505 9.07512 8.84999 12.5507 10.4109 8.54689 7.02912 9.85936 11.6308 7.00335 10.3285 6.98862 10.7818 9.55207 6.98115 7.5418 6.77322 6.76385 6.58097 9.0346 6.76993 6.49956 6.35806 8.58445 6.29812
threshold=1.0000000180025095e-35 0.14642857142857144 1.0000000180025095e-35 0.093073593073593086 26.500000000000004 21.500000000000004 0.68365660228416758 0.64689781423172887 0.33128620602458619 0.71073420793088327 0.68750160399767435 33.500000000000007 0.10818713450292398 0.045791347053282659 0.67063818986037682 1.0467210342973874 0.11882352941176472 0.31543749062609078 0.35815697736813412 0.29897065403428874 1.0991042848040917 0.33576250098889121 1.2115427483795742 40.500000000000007 1.6727272727272737 0.054247369763555951 0.071758828248965373 0.7549657134102109 0.53457339891584155 0.50063124386348257 32.500000000000007 0.0021684730407308139 0.013921034555223939 28.500000000000004 0.11651583710407241 0.052544247760631706 0.04368055391387226 0.0051773834186036342 1.178571428571429 23.500000000000004 0.045791347053282659 0.071758828248965373 0.53159759481843361 0.16129568934875646 1.7913196047474609 0.0093302049108748408 0.690308138437154 41.500000000000007 1.5396461598526299 2.1852446765965383 32.500000000000007 0.0028463146109177222 1.2115427483795742 1.0000000180025095e-35 1.0000000180025095e-35 0.15734983683087347 0.64689781423172887 0.67295126174841102 34.500000000000007 1.0000000180025095e-35 0.008429349902475217 51.500000000000007
decision_type=2 2 2 2 2 2 2 2 2 2 2 2 2 2 2 2 2 2 2 2 2 2 2 2 2 2 2 2 2 2 2 2 2 2 2 2 2 2 2 2 2 2 2 2 2 2 2 2 2 2 2 2 2 2 2 2 2 2 2 2 2 2
left_child=1 2 -1 4 -4 6 7 8 9 -5 11 12 29 14 15 -13 28 19 43 20 -15 22 -21 -24 25 -23 32 58 -17 31 -31 -7 61 37 46 36 -36 38 42 -40 -41 -42 -12 -19 45 -45 -35 -48 50 -50 -33 -37 -53 -20 -14 56 -32 -58 -28 -55 -61 -27
right_child=-2 -3 3 5 -6 10 -8 -9 -10 -11 33 13 54 17 -16 16 -18 18 53 21 -22 24 23 -25 -26 26 27 -29 -30 30 55 48 -34 34 35 51 -38 -39 39 40 41 -43 -44 44 -46 -47 47 -49 49 -51 -52 52 -54 59 -56 -57 57 -59 -60 60 -62 -63
leaf_value=0.00079733556924728758 -0.049093391277422016 0.0032320159305276176 -0.0013507638781450068 -0.032604451884069387 -0.0045603476090505628 -0.06260799760695368 -0.053230146231381503 0.050464751926755702 -0.043774359683420278 0.032370625274799267 0.060187562971025857 0.0032520830979910088 -0.00033685686152983815 0.029839670024472659 0.041762075892975148 -0.045295686400621087 -0.083674685025469792 0.0076463090803503874 0.029379818706347195 -0.041373312239108874 -0.0078472684342469675 -0.036222713037936005 -0.011614059003373454 0.041741791706080549 0.052117992425726012 0.025348996448498248 0.015406686494605432 0.0065109371894181952 -0.0013946296712514913 -0.013364873035172512 0.071140448306542467 -0.015579371743062323 -0.030226733689582355 -0.018660427036187473 -0.013937669880911921 0.013362190864399857 -0.071741231203559033 -0.0048906995537052094 -0.048258855207554845 0.058584742440329754 -0.012953433655154971 0.04007579060403365 0.0071760643532295084 0.05850376407200724 0.054954143324341564 -0.022168355708711104 -0.0021715065497757229 0.033551891489398002 0.014916470217685314 -0.033783628053931668 -0.060093501950110179 0.0041889334526092848 -0.025634737923202224 -0.0021948987676122665 0.020530717753774561 -0.014250490704496285 -0.044314988566775584 0.03532798672763144 0.058563739704277584 0.075308349749374226 0.0025493806946607356 -0.0069918533771330948
leaf_weight=12474.616413851007 410.30869507981697 21698.73502182751 5199.6409500507289 7.655372351408003 11447.806162561144 9.1773513479856756 13.205612823367117 6.6911134533584109 16.541164044989273 7.8816772773861885 16.828173011075709 43.874048563884571 1790.1531052654609 23.402809428051114 9.1349611319601518 14.549128645099698 10.067162906751035 242.18546966044232 18.296582973562181 12.703007023781536 89.162942062132061 9.6828946517780405 17.846726263407621 12.36943047493696 19.026855337433517 61.526603598613292 11.755713276565073 18.025650320574641 29.585866797715425 54.810878402669914 10.73962626047433 49.702762984437868 8.9451982751488668 56.906142811407335 18.87383792642504 22.890894853509963 14.155448473989962 116.58282745920587 7.3551859324797979 10.859571379143743 39.567573221167549 12.081428487785159 13.870402200846 6.775946069275963 20.113896938506514 13.116876357235013 268.18500820585177 21.884690101956949 33.41381794330664 17.223087821388617 15.909002405591307 29.644876729696989 74.394675090909004 689.25588691118173 39.693058252567425 8.2409297712147218 4.0823678486049157 7.7030161456204951 33.829384166747332 6.2440814771689501 11.557923143729566 19.930270932614803
leaf_count=48515 131902 38710 10878 30 33127 78 40 20 55 18 49 125 5380 55 15 50 23 598 71 23 170 17 39 17 32 144 18 33 117 397 32 387 19 164 57 35 32 449 22 28 134 33 62 29 73 35 1036 52 154 135 110 52 133 2032 167 30 26 34 66 33 37 30
internal_value=-7.48963e-12 0.000365642 -0.00149698 -0.00286527 -0.00355787 -0.000164924 -0.0208526 -0.00982421 -0.0223997 0.000356284 8.99997e-05 0.000930249 -0.00106388 0.00373122 -0.00949961 -0.0142742 -0.0284609 0.00478527 0.00256783 0.0113912 -1.20235e-05 0.0170799 -0.00504474 0.0102279 0.0222767 0.0188082 0.022268 0.0358376 -0.0158666 -0.0112942 6.15362e-05 -0.0190422 0.0127199 -0.00396435 -0.00723091 -0.017227 -0.0387107 0.0036616 0.0135764 0.00361975 0.00972414 -0.000549152 0.0362356 0.0108536 0.0302694 0.0053104 -0.00262262 0.000523692 -0.0156028 -0.00164785 -0.0263728 -0.0116366 -0.0171368 -0.000655679 0.000115803 0.0239813 0.0379686 0.00774026 0.0474342 -0.00143291 0.0280697 0.0174361
internal_weight=55501 55090.7 33391.9 20917.3 16647.4 4269.87 51.9749 38.7693 32.0782 15.537 4217.9 3493.81 2040.85 1452.97 107.211 98.0762 54.2022 1345.75 1007.55 338.207 112.566 225.642 42.9192 30.2162 182.723 163.696 154.013 63.6107 44.135 211.003 85.5768 125.426 90.4021 724.081 506.936 159.96 33.0293 217.145 100.562 69.8638 62.5086 51.649 30.6986 282.192 40.0067 19.8928 346.976 290.07 116.249 50.6369 65.6118 126.93 104.04 725.354 1829.85 30.7659 22.525 11.7854 45.5851 707.058 17.802 81.4569
internal_count=276464 144562 105852 57337 44005 13332 163 123 103 48 13169 10831 6930 3901 330 315 190 3571 2908 663 225 438 79 56 359 327 310 117 167 1383 519 864 193 2338 1561 309 89 777 328 217 195 167 111 735 137 64 1252 1088 786 289 497 220 185 2173 5547 122 92 60 84 2102 70 174
is_linear=0
shrinkage=0.05


Tree=58
num_leaves=63
num_cat=0
split_feature=12 1 15 4 0 1 1 1 18 2 7 2 5 2 11 0 5 4 3 7 0 0 4 5 0 1 5 7 13 2 9 3 3 3 3 7 4 2 2 5 7 7 5 4 4 0 3 2 14 13 0 7 7 3 0 3 5 0 7 7 0 5
split_gain=374.033 115.483 47.3632 8.53125 8.09645 13.8018 7.85891 7.58209 7.43435 11.2144 9.141 9.70073 9.26574 9.12386 7.37665 6.04598 6.21789 9.2793 5.9688 7.17925 8.95251 6.55345 5.96258 9.33146 5.8166 5.77276 11.1413 13.1814 5.82947 7.19116 5.7055 5.9002 12.1511 5.50729 11.7558 6.09233 5.81359 5.36143 7.10457 5.77684 6.63692 5.71865 5.44735 4.98423 7.25739 9.96165 20.538 15.8537 14.2515 16.2479 12.5106 11.4808 11.7032 9.35479 9.09108 10.3877 9.00934 8.64869 8.62811 8.4842 8.83437 6.62258
threshold=1.0000000180025095e-35 0.11651583710407241 1.0000000180025095e-35 0.79633851063981576 26.500000000000004 0.051315789473684217 0.085144927536231887 0.22649572649572652 1.0000000180025095e-35 0.21379680668142884 0.28466705476691639 0.09641876010619832 0.25366039903209103 0.10698584444712256 1.0000000180025095e-35 57.500000000000007 0.80074420145741787 0.36262578053759503 4.6554072065732095 0.0087829240588759867 45.500000000000007 27.500000000000004 0.4904246084090727 0.66753825048137394 58.500000000000007 0.070197044334975381 0.53159759481843361 0.0043970978393446597 1.0000000180025095e-35 0.012000246967664486 1.0000000180025095e-35 1.2816901408450705 1.0816074188197085 1.3518447337422124 1.4104477611940314 0.014225769475573672 0.690308138437154 0.12696322556851089 0.075466335361727602 0.28610054172847738 0.0030227260056785213 0.0067314201728633253 0.46914826865850046 0.75468457807386657 0.690308138437154 19.500000000000004 0.88876089023234017 0.098170297995553005 1.0000000180025095e-35 1.0000000180025095e-35 17.500000000000004 0.01986169550556122 0.0078212290502801141 0.79675231805619362 32.500000000000007 1.2396029647219269 0.31956849124674808 32.500000000000007 0.013123359580052526 0.0030660258532349389 30.500000000000004 0.78030660160907062
decision_type=2 2 2 2 2 2 2 2 2 2 2 2 2 2 2 2 2 2 2 2 2 2 2 2 2 2 2 2 2 2 2 2 2 2 2 2 2 2 2 2 2 2 2 2 2 2 2 2 2 2 2 2 2 2 2 2 2 2 2 2 2 2
left_child=1 2 43 4 6 8 -4 -3 9 10 11 18 13 -13 -12 25 -17 -18 19 20 30 -20 23 -11 -10 26 -7 -28 29 -27 -6 32 -32 35 -35 36 -26 38 39 -36 -41 -39 -43 44 -1 47 48 56 -47 53 -49 52 57 -50 55 -54 -46 59 -58 -48 61 -61
right_child=-2 7 3 -5 5 15 -8 -9 24 22 14 12 -14 -15 -16 16 17 -19 21 -21 -22 -23 -24 -25 33 28 27 -29 -30 -31 31 -33 -34 34 37 -37 -38 41 -40 40 -42 42 -44 -45 45 46 51 50 49 -51 -52 -53 54 -55 -56 -57 58 -59 -60 60 -62 -63
leaf_value=0.00057041765531979825 -0.048929547630260459 0.0018529784924456534 -0.0013534165749546716 -0.050766805166859143 0.045292111661533463 -0.043492647914473409 -0.020193184267421858 0.0036808127747773901 -0.0051431901616815785 0.0055862088752894265 0.016163641896328931 -0.10337940514718136 -0.0038528298383658705 -0.018195289257389589 -0.047069244629160824 0.0035820871141487619 -0.013188652727158559 0.053054087301775549 -0.080682588959912746 -8.6947713267383693e-05 -0.0074002968521967695 -0.0015147241152018819 -0.010353366075952442 -0.096236669818495504 -0.0056305108393344006 -0.068514090664950469 0.03402231950650416 -0.020985497755598853 0.0046325305139034009 -0.0021748055041747746 -0.024347435683160713 -0.0023620934343249614 0.064367213081242589 -0.073549015569001133 -0.064054460629102097 -0.045583819031092716 0.035786808949400985 -0.07785650001813807 0.0131189884953914 0.022404272097559536 -0.025018443895168614 0.008206067263164302 -0.050001171833683071 -0.018464337266472276 0.045347271225067695 -0.031129224349216257 0.012380124884987924 0.0081153727793233446 0.045241609329927518 0.0027700015253603123 -0.069306254436822312 -0.013357276091328625 0.014582468781543376 0.096728561924242451 0.0023844305263160284 0.071414858848380419 -0.015852860121341007 0.021094353416016672 0.032790828018392483 -0.023186193039471378 -0.088286269579846921 0.01631013959835128
leaf_weight=11939.918835889606 387.84066408328363 9319.7545145598706 5197.4069835097762 9.4388330754300096 33.845252718660049 24.269945576786995 55.950196930905804 14501.702299415658 8483.2230669271667 3.9803935945965332 128.62430467037484 4.5230928119271985 361.74601445434382 10.305230017285792 4.7837897094432256 230.30164694157429 8.0072250980883855 15.559511416591702 2.7282788849552153 60.577384279109538 20.055300780571997 62.42901109601371 142.97461676236708 5.1760772080160677 72.610180805437267 4.0901531565468749 16.657857667654753 31.456102919299155 338.71321841562167 3272.781586151279 5.5501564480364349 19.218595575075597 12.673480747267602 9.9325970709323865 6.6017576158046714 8.3662160704843682 9.5919190645217878 6.3298943662084666 23.212771482300013 9.7170855179429036 30.648487058468163 7.8080787630751756 8.2839667857624573 33.689867487730226 11.497574505978262 6.7209003067691802 42.24463269545231 7.89664726110641 25.004646506160498 15.470785334706305 15.381557417567819 62.772744043730199 13.913724919431841 13.631935892626641 16.973959620110691 19.046241185278632 36.89007151639089 49.714106805156916 12.107983354595488 36.639042305527255 4.067117587896063 14.941546359797938
leaf_count=45831 131902 18738 10763 599 360 143 571 25317 17329 62 1417 19 2918 82 43 637 24 38 25 312 135 446 1926 29 148 46 42 163 819 12656 17 75 54 27 19 24 24 35 52 17 74 28 46 785 31 66 146 28 68 22 51 197 80 37 80 111 128 254 33 219 31 65
internal_value=4.80541e-12 0.000345284 -0.00165937 -0.00324337 -0.00321945 -0.00386764 -0.00155407 0.0029657 -0.00489456 -0.00051338 0.00206971 -0.000587997 -0.00544075 -0.0441791 0.0138962 -0.00137826 0.00608525 0.0305469 0.0078303 0.0132601 0.0221116 -0.00482966 -0.0128584 -0.0519734 -0.00533851 -0.00189203 -0.015873 -0.00194087 -0.00161213 -0.00225761 0.0304142 0.0169656 0.0373484 -0.0139192 -0.0218551 -0.00493475 -0.000797647 -0.0163104 -0.00951006 -0.0206941 -0.0136025 -0.0375952 -0.0217582 0.000741258 0.000793672 0.00737686 0.0113824 -0.00797806 0.0375399 0.0460696 -0.0430426 0.00527008 0.0111893 0.0634075 0.0321135 0.0474236 0.00551447 0.00411086 -0.00383244 -0.00451412 -0.0173393 -0.0117451
internal_weight=55348 54960.1 31138.7 18760.2 18750.7 13497.4 5253.36 23821.5 9555.52 879.191 727.06 593.652 376.574 14.8283 133.408 3941.84 253.868 23.5667 217.077 151.92 91.3428 65.1573 152.131 9.15647 8676.33 3687.97 72.3839 48.114 3615.58 3276.87 71.2875 37.4422 18.2236 193.103 102.535 90.5683 82.2021 92.602 70.1801 46.9673 40.3656 22.4219 16.092 12378.5 12344.8 404.915 321.141 83.7738 60.8283 54.1074 23.2782 260.313 197.54 38.6366 49.9339 32.96 60.4956 147.606 48.9981 97.8923 55.6477 51.5806
internal_count=276464 144562 100507 52244 51645 40311 11334 44055 25743 7920 5903 4443 3019 101 1460 14568 699 62 1424 953 641 471 2017 91 17823 13869 348 205 13521 12702 506 146 71 494 298 196 172 271 162 110 91 109 74 48263 47478 1647 1376 271 193 127 79 1183 986 105 271 191 192 715 161 461 315 284
is_linear=0
shrinkage=0.05


Tree=59
num_leaves=63
num_cat=0
split_feature=12 1 15 1 0 4 2 3 0 0 5 0 4 0 3 0 0 5 7 0 0 13 0 2 7 4 14 0 1 2 3 10 8 1 0 0 0 2 4 0 3 2 5 7 7 0 4 2 5 0 2 5 0 0 1 13 4 4 5 2 4 7
split_gain=351.301 112.792 41.4249 10.5562 13.6525 8.49199 12.8589 10.4854 16.2856 21.4454 14.7776 12.1071 8.52094 8.38126 19.9473 18.1294 15.9515 14.226 7.31922 6.99471 17.7096 32.2573 8.45408 12.4141 9.57094 5.72538 5.85306 5.69503 5.98127 6.30762 5.65008 6.5021 11.4925 5.63869 5.48339 7.09171 16.4702 6.34215 7.30572 7.8248 5.97049 5.70076 8.69599 7.97011 6.20749 5.32714 5.29923 5.18971 8.61939 6.38781 7.4722 11.1382 8.99855 5.52146 6.21546 5.08873 5.03758 5.97004 5.37056 4.92445 6.49547 7.92669
threshold=1.0000000180025095e-35 0.13809523809523813 1.0000000180025095e-35 0.093073593073593086 26.500000000000004 0.690308138437154 0.041895065587394587 0.79675231805619362 22.500000000000004 19.500000000000004 0.39242434276051191 18.500000000000004 0.27924737759099938 19.500000000000004 0.97336190216838669 20.500000000000004 17.500000000000004 0.63716789860916989 0.01986169550556122 40.500000000000007 31.500000000000004 1.0000000180025095e-35 23.500000000000004 0.086908727622992857 0.0097091266019579802 0.696477526536875 1.0000000180025095e-35 32.500000000000007 0.10818713450292398 0.20271137469450831 9.6854064678831016 1.0000000180025095e-35 1.0000000180025095e-35 0.29285714285714287 19.500000000000004 23.500000000000004 24.500000000000004 0.016386971332164737 0.49660864781061997 37.500000000000007 10.836549165120589 0.034276670942811914 0.81636695571497608 0.0046884457842942861 0.0068681318681317978 18.500000000000004 0.49878577660784068 0.2480421677900321 0.68228960417474127 23.500000000000004 0.3306394786638524 0.31713263153159726 54.500000000000007 29.500000000000004 0.24038461538461542 1.0000000180025095e-35 0.49892745243869357 0.60496282262992185 0.66412931942578113 0.040901035743974169 0.30132483120780201 0.0060454520113572456
decision_type=2 2 2 2 2 2 2 2 2 2 2 2 2 2 2 2 2 2 2 2 2 2 2 2 2 2 2 2 2 2 2 2 2 2 2 2 2 2 2 2 2 2 2 2 2 2 2 2 2 2 2 2 2 2 2 2 2 2 2 2 2 2
left_child=1 2 5 4 -4 7 55 8 9 11 -11 -1 -13 16 15 -15 25 -18 -16 20 21 22 24 -24 -17 26 -8 28 -5 -30 -9 32 -32 47 46 40 -37 -38 39 -39 -36 42 43 -40 -43 -35 -33 -3 49 -49 51 -51 -53 -50 -55 -7 58 -58 -10 -47 61 -61
right_child=-2 33 3 27 -6 6 13 30 56 10 -12 12 -14 14 18 19 17 -19 -20 -21 -22 -23 23 -25 -26 -27 -28 -29 29 -31 31 34 -34 45 35 36 37 38 41 -41 -42 44 -44 -45 -46 59 -48 48 53 50 -52 52 -54 54 -56 -57 57 -59 -60 60 -62 -63
leaf_value=-0.045832992125743488 -0.048764484994046113 0.0025043755558814677 -0.0013688353322898275 -0.011483762195250814 -0.0044606960249082761 -0.024931203502772753 0.00056955307092614114 0.0004328349457728068 0.01791834519357054 -0.1018854720114258 -0.017508943195592881 0.077656236922231808 -0.011533564444106276 0.078524465153672104 0.011070542018996812 0.032940718305649451 -0.059775537803495607 0.019404118536004468 -0.01063913605122185 -0.029199752955262139 0.075702860083492751 -0.057193338215046401 -0.00044043979582862326 0.070291045836905444 -0.086652884506339345 -0.00014213213896138621 0.059891464762201252 0.0015497359328973421 -0.001076063561830546 -0.026276903598383746 0.071448124399832905 0.046518193063405759 -0.076066920159056653 0.037251377396539408 0.024281697232967914 0.058040164901064707 -0.035053226475599539 0.048802285180131515 0.0060998250388040213 0.0016444728281754962 -0.031779202233002943 -0.00043639275074516234 -0.018124327480750515 0.068887270563948028 -0.036397694864509028 -9.3997306170573555e-05 0.010379391395112325 0.080992722438800457 0.017928719405537048 0.0035543879577212435 -0.032795184170199825 0.067796091786641144 -0.035663772889609618 5.7706551730799081e-05 -0.056707506633720275 0.037225230321144269 -0.070712178209542578 0.0080268300351677684 -0.037933499663086463 0.017817331809689956 0.0042647880759570335 0.0039990711853262135
leaf_weight=8.2156130645889789 366.87577849530498 16524.479040292324 5197.0315707744448 168.69228994403966 11406.932339089952 36.395409370452398 7.0128378127701589 11650.975333891693 34.546588951779995 14.737925756140614 8.0092672797618416 5.5761650954373181 5.1522470926865935 18.345647805836052 170.31970635632752 4.431961841590236 18.521415195660669 8.1773324849782494 50.286452772299526 5.9531842400319865 14.635978557867928 12.251080043613909 8.9521514895604941 20.203292050282471 2.6873163466807455 31.328549399506301 10.214511070866138 1754.9666748268064 1393.9489900935441 25.280232692370191 8.3070568231632897 14.749918208923189 1.5698446575552232 12.28908174484968 5.990846766508187 14.234904807526616 10.923984611406921 16.641680914908648 11.709593694657089 18.659318426856771 22.916813626186922 32.689476146828383 13.767525194445623 8.8926594280637783 18.960329385707155 576.18788257497363 32.484048985410482 5.0956457926658905 16.385087087284774 20.713374386075884 5.4832991183502591 17.92537247447763 2.3808339812094337 13.04746378795244 7.6493845912627867 3.6204493921250096 4.5809608940035087 5.0735272049205378 4.9166814403142771 203.68377531389706 4920.8829226758098 211.59825883433223
leaf_count=41 131902 29399 10878 1373 33127 806 34 44717 165 28 58 22 29 40 873 32 81 32 190 30 43 20 37 71 16 104 16 5034 4845 185 136 38 36 27 23 28 37 48 16 48 82 76 29 75 62 1254 65 32 42 31 33 170 12 44 27 14 49 22 34 318 8963 365
internal_value=6.15048e-13 0.00032598 -0.00156614 -0.00297684 -0.00349295 0.000703558 0.0076632 0.000457507 -0.0164681 -0.039451 -0.0721766 -0.000155506 0.0348234 0.0104787 0.0141329 0.0343395 -0.00448012 -0.0355243 0.00612189 0.0226112 0.0274945 0.0129543 0.0366452 0.048573 -0.0122023 0.0125897 0.0357429 -0.000413341 -0.00258293 -0.00152496 0.000586847 0.00830471 0.0480019 0.0030414 0.00654349 0.00247119 0.00693766 0.00143695 0.00472261 0.0238757 -0.0201611 -0.00313751 0.0126416 0.0332011 -0.0136376 0.00436574 0.0216646 0.00256911 0.0146324 0.0278471 0.0220235 0.0293514 0.0556658 -0.00375549 -0.0209222 -0.0193076 0.00303974 -0.0293341 0.0109598 0.00429739 0.00477156 0.0107765
internal_weight=55249.1 54882.3 32344.5 19946.9 16604 12397.6 423.337 11974.3 90.809 41.6912 22.7472 18.944 10.7284 383.321 308.067 87.4606 75.2546 26.6987 220.606 69.115 63.1618 48.5258 36.2747 29.1554 7.11928 48.5559 17.2273 3342.89 1587.92 1419.23 11883.5 232.498 9.8769 22537.8 222.621 175.387 146.479 132.245 121.321 35.301 28.9077 86.0196 34.3698 20.6023 51.6498 5924.64 47.234 16613.2 88.6805 51.5985 46.5029 41.0196 20.3062 37.0819 20.6968 40.0159 49.1178 9.65449 39.4633 5912.35 5336.16 415.282
internal_count=276464 144562 103845 55442 44005 48403 2439 45964 448 178 86 92 51 1619 1352 289 267 113 1063 249 219 176 156 108 48 154 50 11437 6403 5030 45516 799 172 40717 627 524 419 391 354 96 105 258 120 91 138 10927 103 29790 391 278 246 213 182 113 71 820 270 71 199 10900 9646 683
is_linear=0
shrinkage=0.05


Tree=60
num_leaves=63
num_cat=0
split_feature=12 1 15 4 3 0 1 1 18 2 13 0 1 2 4 2 0 3 0 0 5 5 5 1 0 0 3 2 8 4 5 0 10 8 3 0 3 7 7 7 0 2 5 2 4 5 2 7 2 5 7 0 5 4 8 0 3 3 2 2 3 2
split_gain=329.912 110.585 43.8002 7.79137 7.71108 7.65335 13.0239 7.41647 7.3722 11.1155 10.0178 7.17513 7.43963 7.16779 7.04127 9.18754 9.92532 9.11049 10.8461 11.6818 15.8983 8.72798 16.3192 7.01659 6.8227 6.78152 15.5007 12.5024 7.75434 7.7461 6.83102 6.69548 6.28371 8.14076 6.11566 6.09629 8.26752 8.3237 6.1164 6.02936 5.96474 11.1456 5.85892 6.54108 6.37047 5.79608 7.57178 7.69859 7.62495 16.1284 6.57034 6.23299 6.20874 8.58726 7.25574 10.5205 8.18294 7.47331 7.40243 6.90468 8.01583 6.61712
threshold=1.0000000180025095e-35 0.11651583710407241 1.0000000180025095e-35 0.79633851063981576 9.6854064678831016 26.500000000000004 0.067816091954023008 0.19375000000000003 1.0000000180025095e-35 0.20961523723513517 1.0000000180025095e-35 44.500000000000007 0.085144927536231887 0.17781952658736253 0.68750160399767435 0.041895065587394587 47.500000000000007 0.79675231805619362 22.500000000000004 19.500000000000004 0.51074019653773217 0.44066454303970887 0.71998301828277167 0.085144927536231887 14.500000000000002 19.500000000000004 0.97336190216838669 0.098170297995553005 1.0000000180025095e-35 0.6986117694728321 0.31956849124674808 17.500000000000004 1.0000000180025095e-35 1.0000000180025095e-35 1.5517279127909995 28.500000000000004 1.5064297282645775 0.031446540880503117 0.016903833209950082 1.0000000180025095e-35 18.500000000000004 0.1364432339777851 0.24318403434970828 0.065242913996420612 0.71522743849924442 0.50083144511883482 0.12117959175131944 0.0062458762724034228 0.17053390648022479 0.75995643490422127 0.0024030541132540411 29.500000000000004 0.2560397041481392 0.33730997216726577 1.0000000180025095e-35 30.500000000000004 2.2100043145175925 1.8564704058125117 0.086908727622992857 0.16350047043977281 2.006867655750495 0.078597751922633838
decision_type=2 2 2 2 2 2 2 2 2 2 2 2 2 2 2 2 2 2 2 2 2 2 2 2 2 2 2 2 2 2 2 2 2 2 2 2 2 2 2 2 2 2 2 2 2 2 2 2 2 2 2 2 2 2 2 2 2 2 2 2 2 2
left_child=1 2 4 5 14 23 8 -3 9 10 45 12 -8 -12 17 39 25 18 19 40 -21 -18 -23 -4 -6 27 29 30 -28 -27 -17 -29 33 -26 -15 -30 37 42 -38 -16 -1 -42 -37 44 -44 50 -47 48 51 -50 -7 -48 53 -52 55 -54 -57 58 -56 60 -59 -55
right_child=-2 7 3 -5 24 6 11 -9 -10 -11 13 -13 -14 34 15 16 21 -19 -20 20 -22 22 -24 -25 32 26 28 31 35 -31 -32 -33 -34 -35 -36 36 38 -39 -40 -41 41 -43 43 -45 -46 46 47 -49 49 -51 52 -53 54 61 57 56 -58 59 -60 -61 -62 -63
leaf_value=-0.039193337248467797 -0.048594393328439782 0.0011047476804387066 -0.0013536406139712752 -0.049979052085615205 0.064342823787317621 0.036038557726211902 -0.009271447544649954 0.0033144392044974027 -0.0051885950786998512 -0.012103850148747352 -0.0057652965484391626 0.0030686661248710591 -0.0014759713723340297 0.0068211239760120447 0.090857382273621903 0.044877427444238449 -0.070375768765767371 0.00037513889117162766 -0.00025444543068677548 -0.090512688695059906 0.00095561759333713113 0.049263244502811374 -0.044908137924912758 -0.019295805932433026 0.070017120276566411 0.055535272989353714 -0.03300470496703993 -0.0011756932097149249 0.0020847726962041151 0.02210902579369517 0.00096718248133148489 -0.062850517394688984 0.0067456403012922262 -0.066163162019162697 -0.064206593535042877 -0.052106215674385926 0.054476353954764051 -0.039751479719766773 0.013839231663197345 -0.019788654666960934 -0.047200375341250538 0.062759696217653968 0.0061974466472635003 0.027528516368839989 -0.08686603895455533 0.010175241824220808 -0.052337756510268077 0.0030887542707702647 0.038880955513754964 -0.050379647799751154 -0.082117191096084202 -0.016338388149025645 -0.07026095750362947 0.023829037957283895 0.01544977953933405 0.064642479663724356 -0.011940150458715049 -0.05729786662072206 -0.019353309644113584 0.047999797569975224 0.020785674305722174 -0.01570536751937451
leaf_weight=7.2161396018927926 347.07443429686828 4744.0139443129883 5193.9881437659496 8.890663224636226 5.6158036328852168 23.26534987706691 346.54520402813796 19028.12918704754 8849.7241293929983 164.08078512497013 127.42923027451616 756.43268387042917 2619.7969724262366 4.3266198476776472 1.2718107700347889 10.79101251560496 6.6917513580410768 11538.794911649835 49.15653340931749 14.351382696302609 7.1012576345819971 8.1583826814312506 10.548861175775526 55.067628659307957 7.4668425397830998 26.689704419404734 11.099192903406218 7.3121050965273779 116.35061827680329 49.433438166335691 49.422904165752698 11.05151219293475 205.42770565662067 1.2865133261075241 10.117264261469243 3.0853238400304681 21.902453031681944 8.0606192541308683 16.041160644963384 38.588271746586543 3.7288484326563776 6.0329761554021388 6.837431146821471 40.799545557121746 2.5153687242418528 121.22515607997775 17.570640355814248 101.01559887966141 14.185644635639621 7.8673916030675164 3.5795219263527533 38.089057494187728 6.0147610986605313 16.366842536837794 42.803754952037707 4.4847343917936113 15.696034347347448 3.4380546712782225 23.758991527254693 24.024805820081383 74.695321364415577 29.956966856960207
leaf_count=41 131902 10282 10763 599 13 235 1853 33773 18556 2126 507 2089 9864 20 2 37 33 44335 263 52 34 48 39 571 134 80 75 29 577 202 176 53 714 36 50 18 102 32 38 726 12 39 66 244 13 1226 114 907 162 70 18 317 23 158 206 13 93 29 184 255 1002 234
internal_value=-4.8232e-12 0.000307943 -0.00165959 -0.00318329 0.000658837 -0.00316103 -0.0037931 0.00287347 -0.00475594 -0.000375038 0.00233582 -0.00127821 -0.00238668 -0.00954903 0.000489869 0.0066505 0.00889525 0.000253195 -0.0158117 -0.035711 -0.0602348 -0.0213693 -0.00383922 -0.00154187 0.00993993 0.0109107 0.014307 -0.00217767 0.00775168 0.0338287 0.00883639 -0.0382926 0.00851349 0.0500022 -0.0429305 0.00984991 0.0189537 0.00759955 0.0372965 -0.0162583 -0.00472376 0.0207568 0.0147689 0.018883 -0.0188313 0.00530418 0.000529352 -0.00601312 -0.0178443 0.00703735 0.0106466 -0.0277027 0.0082336 -0.00750289 0.0122625 -0.0122201 0.00507866 0.0160637 0.00302712 0.0245578 0.0173498 -0.00173732
internal_weight=55116.5 54769.4 30997.3 18704.4 12292.8 18695.5 13446.5 23772.1 9723.72 873.993 709.912 3722.77 2966.34 141.873 12073 446.651 406.791 11626.4 87.5871 38.4306 21.4526 25.399 18.7072 5249.06 219.797 381.392 302.815 78.5775 226.692 76.1231 60.2139 18.3636 214.181 8.75336 14.4439 215.593 99.2419 61.2983 37.9436 39.8601 16.978 9.76182 53.2377 50.1523 9.3528 568.039 299.953 178.728 77.7127 22.053 268.085 55.6597 244.82 49.9033 194.916 26.1955 20.1808 168.721 66.5627 102.158 78.1334 46.3238
internal_count=276464 144562 100507 52244 48263 51645 40311 44055 26505 7949 5823 13806 11717 577 47366 2590 1862 44776 441 178 86 120 87 11334 897 1742 1447 295 1165 282 213 82 884 170 70 1090 513 373 140 728 92 51 341 323 79 5246 2796 1570 663 232 2450 431 2215 410 1805 129 106 1676 390 1286 1031 392
is_linear=0
shrinkage=0.05


Tree=61
num_leaves=63
num_cat=0
split_feature=12 1 15 0 1 1 18 2 13 1 5 4 0 7 0 1 4 4 0 5 2 8 3 3 0 3 2 4 4 3 0 0 5 2 7 0 3 7 7 7 7 2 5 3 0 2 2 5 7 5 7 5 5 7 7 5 0 7 0 4 0 4
split_gain=309.919 109.277 42.5475 7.66333 12.6978 7.30824 7.21292 10.3332 8.76935 6.44028 6.38022 6.23783 9.76522 6.03983 5.92427 5.76316 7.78472 8.23719 6.76459 5.57068 9.93186 6.49825 5.72812 8.53162 12.7406 9.00034 5.4873 5.48276 6.23119 5.77772 7.59628 8.61207 7.86219 5.41793 6.40139 6.38843 8.20562 7.02847 6.75352 5.64511 5.42538 5.47836 6.63067 5.47806 5.38356 5.08391 10.2254 7.20395 7.4988 6.4347 5.35479 5.10621 5.47613 5.07117 8.13879 13.7952 12.7707 7.99294 5.02712 6.75676 5.01338 10.1863
threshold=1.0000000180025095e-35 0.11651583710407241 1.0000000180025095e-35 26.500000000000004 0.060661764705882359 0.19375000000000003 1.0000000180025095e-35 0.20961523723513517 1.0000000180025095e-35 0.085144927536231887 0.50083144511883482 0.23604519089928958 33.500000000000007 0.0024030541132540411 54.500000000000007 0.07417582417582419 0.50073091620012511 0.68497476854574646 45.500000000000007 0.33830127689328915 0.067748719307791694 1.0000000180025095e-35 1.2215156154820181 1.8796203463100796 33.500000000000007 1.9408137879919847 0.17781952658736253 0.79633851063981576 0.68750160399767435 0.79675231805619362 21.500000000000004 19.500000000000004 0.51074019653773217 0.12117959175131944 0.01108332868748811 30.500000000000004 2.1107230787509121 0.016051951096045767 0.27638879243157316 0.024404855998406989 0.005425907003115688 0.06875992081959352 0.53457339891584155 5.3891163228419439 29.500000000000004 0.17053390648022479 0.15929130631764651 0.75995643490422127 0.0051773834186036342 0.62594103949901903 0.00060835363647043729 0.56130065132468576 0.61796238556806748 0.008663366336634358 0.016051951096045767 0.74735381470200724 64.500000000000014 0.0094551528249518825 17.500000000000004 0.30853744176111148 34.500000000000007 0.49958954492984886
decision_type=2 2 2 2 2 2 2 2 2 2 2 2 2 2 2 2 2 2 2 2 2 2 2 2 2 2 2 2 2 2 2 2 2 2 2 2 2 2 2 2 2 2 2 2 2 2 2 2 2 2 2 2 2 2 2 2 2 2 2 2 2 2
left_child=1 2 11 9 6 -3 7 8 10 -4 13 12 -1 -5 15 16 18 -18 -6 22 21 -21 -15 24 -24 -25 -10 28 29 30 31 58 -33 40 45 38 -37 -38 39 -36 -12 -42 -43 -44 -40 46 -35 50 -49 -48 -47 -52 -53 -16 55 56 57 -55 -13 -60 61 -27
right_child=-2 5 3 4 14 -7 -8 -9 26 -11 33 27 -14 19 53 -17 17 -19 -20 20 -22 -23 23 25 -26 60 -28 -29 -30 -31 -32 32 -34 34 35 36 37 -39 44 -41 41 42 43 -45 -46 47 49 48 -50 -51 51 52 -54 54 -56 -57 -58 -59 59 -61 -62 -63
leaf_value=-0.073737738702705155 -0.048421283280812653 0.0010844528380325106 -0.0013707063374518496 0.035732453679151746 -0.054647865800077904 0.0032787540049409379 -0.0052130760966338022 -0.011746203210850292 -0.0057040502221820145 -0.018645698224788461 0.024971980501486413 -0.039683234131992443 0.017639415185132189 0.033769560986450377 0.0099646878458795052 -0.0015618364818846681 -0.046424211355818507 -0.007519358038180381 0.0036014920368897629 -0.064225966385224306 0.026840580324726457 0.0022467170262095225 0.020731851339592568 0.064931843145966506 -0.053350347738942865 0.017752591100012243 -0.039074939868086474 -0.037892314054896403 0.0066416491733765045 0.0005633881579083631 -0.00076096038172759482 -0.085087113931513372 -0.014000672390923195 -0.0090987734703773891 0.044632010968181958 0.033335827075872008 0.048153048948862888 -0.02131375862028256 0.085049644684449907 -0.045841482528981708 0.016368035537381597 -0.081991255250516037 -0.00063399109931038661 -0.07703273039737607 0.010828305444557746 -0.070038392483037171 -0.070919616838218055 -0.069168722064995469 0.018813656395184231 -0.012048922986572327 0.062377521455924581 -0.030821062752459646 0.033917998946772436 -0.075094289489383417 0.010307868248132859 -0.084122182826884925 0.039085319102437052 -0.01032271234357298 0.054936479656913464 -0.034865668078324072 0.012014239779013064 -0.031807311036469013
leaf_weight=6.9691104256198724 328.48500717588468 4740.2850807702052 5193.5125883030123 22.062426482443698 5.4289059559814623 19019.342234770651 8701.7300263153156 163.48802549671382 127.46445495582884 54.518542123783845 34.465420908818487 6.0482872838620123 5.0370000142138451 12.718251316167878 198.45481601171196 3453.3563967232622 26.818607337074354 27.614635281963274 60.852700744289905 4.3214247077121426 74.3893448082963 24.640862706641201 8.9543245024979132 5.9234139900654545 16.49418491544202 17.720525365904905 13.636544156353919 9.2172333990602038 423.84769541525748 11734.077954814711 50.098617427574936 9.9345390179660189 6.3924723903182885 57.955940267536789 3.1081446197349605 12.125886546098625 4.0772315681679165 34.049351009365637 6.6718381628161278 3.8719505481421947 35.73732560116332 2.9523869623080818 43.93756167992251 2.4787291139364234 3.8547219131141901 1.5442968881689072 13.234245209954681 5.6703283190727216 4.2273074390832335 7.1489789602346709 6.6877212022664052 5.2887762882746747 8.5426451311213878 6.3854282542597529 45.199214358843165 7.0359836346469811 10.406809934647752 18.745330116013065 5.3178833832498622 3.4557919353246689 50.643129173491616 24.988127901568078
leaf_count=56 131902 10282 10876 234 61 33773 18230 2126 506 579 368 34 40 81 505 13192 164 132 240 27 936 176 64 24 101 130 70 654 2036 45048 264 46 28 501 37 118 64 297 39 23 328 42 478 24 20 5 51 55 41 70 54 37 156 18 151 29 24 80 38 19 485 195
internal_value=7.41461e-12 0.000290806 -0.00166781 -0.00317026 -0.00380348 0.00284097 -0.0047802 -0.000425903 0.00221202 -0.00155017 0.00501677 0.000620723 -0.0354017 0.0106933 -0.00138292 -0.00193722 -0.0126761 -0.0266873 -0.00116952 0.00839915 0.0171692 -0.00767158 0.00180437 -0.00145517 -0.0272838 0.00516581 -0.00892914 0.000656033 0.000685063 0.000471384 -0.0128162 -0.0322052 -0.0572548 3.45573e-06 -0.00552468 0.00657096 -0.00249066 -0.013885 0.0325821 -0.00555483 0.00823567 0.00145795 -0.00933526 -0.00471385 0.0578705 -0.0129552 -0.0198117 0.00385059 -0.0315912 -0.050272 0.0197497 0.0265073 0.00916346 0.00553862 -0.00446873 -0.0201567 -0.00749231 -0.0267804 -0.00461196 0.019565 0.0013735 -0.0112441
internal_weight=55023.6 54695.2 30935.5 18675.1 13427.1 23759.6 9566.81 865.076 701.588 5248.03 560.487 12260.4 12.0061 262.856 3860.3 3574.07 120.715 54.4332 66.2816 240.794 103.352 28.9623 137.442 124.724 25.4485 99.2752 141.101 12248.4 12239.2 11815.3 81.2476 31.149 16.327 297.631 178.059 67.7591 50.2525 38.1266 17.5067 6.9801 119.571 85.106 49.3687 46.4163 10.5266 110.3 78.3392 31.9611 9.89764 20.3832 22.0634 20.5191 13.8314 286.228 87.7728 42.5736 35.5376 25.1308 14.822 8.77368 93.3518 42.7087
internal_count=276464 144562 100507 52244 40789 44055 26193 7963 5837 11455 5261 48263 96 2453 14596 13789 597 296 301 2219 1139 203 1080 999 165 834 576 48167 47513 45477 429 165 74 2808 1568 598 479 361 119 60 1240 872 544 502 59 970 622 348 96 121 252 247 193 807 302 151 122 98 91 57 810 325
is_linear=0
shrinkage=0.05


Tree=62
num_leaves=63
num_cat=0
split_feature=12 1 15 1 0 5 3 0 4 7 0 5 5 3 2 14 7 4 3 4 2 0 5 0 0 7 1 0 5 7 7 4 7 2 0 16 0 18 2 7 4 18 4 4 4 2 4 7 7 0 7 14 0 4 0 0 3 2 0 2 0 13
split_gain=291.115 107.965 37.6051 9.35363 12.5538 5.65678 10.3882 14.0186 24.1196 22.4738 22.4485 26.7454 18.9909 17.5831 19.8214 16.2914 16.0324 14.3728 14.5893 13.6964 19.8972 13.5777 12.4592 17.4783 12.5569 13.4181 12.3186 11.93 17.2588 11.3664 24.0437 12.7297 12.496 10.9361 19.0731 10.2562 9.93338 9.17349 8.43333 8.28193 13.1641 7.77435 7.71461 7.47619 14.3948 14.2871 9.52124 7.82816 7.42297 7.23551 7.22891 7.10418 19.584 16.3475 16.1295 18.832 18.5475 16.6812 15.8264 16.8471 21.7644 16.4795
threshold=1.0000000180025095e-35 0.13809523809523813 1.0000000180025095e-35 0.093073593073593086 26.500000000000004 0.67134596533217328 3.1007607312275844 21.500000000000004 0.46227184782316372 0.21948284445679492 27.500000000000004 0.82289303088020149 0.69536777376834358 4.9023791598846715 0.076606344777224819 1.0000000180025095e-35 0.30742326252032154 0.49603620672203491 6.2641509433962286 0.49972686602307531 0.048673336529719537 26.500000000000004 0.69536777376834358 24.500000000000004 23.500000000000004 0.0068292682926831818 0.097619047619047633 22.500000000000004 0.74484189296350822 0.0043317753674699888 0.028334247884410666 0.50029900675324768 0.005708395248835707 0.094615185079023029 20.500000000000004 1.0000000180025095e-35 15.500000000000002 1.0000000180025095e-35 0.069146308050123409 0.0015017726797814073 0.50063124386348257 1.0000000180025095e-35 0.55743083797642634 0.5009081110505077 0.5001324884792635 0.08587125543770581 0.50127356273039581 0.0045140667307370609 0.91115531679446504 18.500000000000004 0.0053269607044203185 1.0000000180025095e-35 19.500000000000004 0.50029900675324768 18.500000000000004 16.500000000000004 2.1594921851073061 0.15109015898819245 27.500000000000004 0.25892037324173728 31.500000000000004 1.0000000180025095e-35
decision_type=2 2 2 2 2 2 2 2 2 2 2 2 2 2 2 2 2 2 2 2 2 2 2 2 2 2 2 2 2 2 2 2 2 2 2 2 2 2 2 2 2 2 2 2 2 2 2 2 2 2 2 2 2 2 2 2 2 2 2 2 2 2
left_child=1 2 5 4 -4 -1 51 8 9 -8 11 17 36 15 16 -14 19 18 -9 20 -15 -13 24 27 -19 -26 35 28 -24 -25 31 -31 -33 34 -17 39 -10 -37 -18 40 -12 -32 43 44 -41 -46 -45 -47 -16 -22 -51 54 53 -53 55 -7 -57 -58 61 -60 -61 -54
right_child=-2 -3 3 -5 -6 6 7 10 12 -11 26 21 13 14 48 33 38 22 -20 -21 49 -23 23 29 25 -27 -28 -29 -30 30 41 32 -34 -35 -36 37 -38 -39 -40 42 -42 -43 -44 46 45 47 -48 -49 -50 50 -52 52 58 -55 -56 56 57 -59 59 60 -62 -63
leaf_value=0.0013642614274063361 -0.048243135467090435 0.0029333300669705802 -0.0013786214977432828 -0.00050783304283540164 -0.0043467529098635913 -0.001347953429381217 -0.0053802397748974546 0.026850927588725648 -0.0022995513069648857 0.094618840878020916 -0.076244787699401906 -0.0065835440911859514 0.023497603720161526 0.064546625032541938 0.019383487811493908 -0.016581871810916707 -0.056300690594000925 0.077048687024430698 0.075524498941035134 -0.016676428199898282 0.019026917157625063 0.031847370631905743 -0.046372633174714691 0.045509765068185208 -0.024013463871826565 0.064622666537306403 0.049614064069028074 -0.0084133002049726537 0.053008921204411912 0.016737434855653214 -0.0042098306838364947 0.0069181066940220267 -0.069905016636730474 -0.014079667433481505 -0.086493715018322495 0.028610855890397281 -0.066705179029946826 -0.038465488807310398 0.0034441457725032567 0.00045499342421577319 0.0011038365792296091 0.070481926302123243 -0.04168213066880485 0.048291329724075883 -0.0086990812764705244 -0.025885006539051798 0.0050091326000736985 -0.089879326527748118 0.061609587610103593 0.014566387759549057 -0.039507349207864889 -0.038090117205750555 0.00077818532551320865 -0.0059653514653093334 -0.0022583176236714709 0.0047785212927278125 0.009491951042362487 0.084505613209681432 -0.0061969004284972802 -0.062627089461122748 -0.0028247430060087436 0.047776526208628087
leaf_weight=8079.3627879789419 310.93479662269237 22475.538974088326 5192.3516384611721 3322.4721841717255 11348.762676467857 65.945960523327813 11.115711239865051 74.13560634793248 8.5501074942294526 11.36120999092236 9.24703784362646 193.13389503437793 23.663296365586575 16.749263409059495 51.681779245845973 25.601228739600629 20.254491641186181 14.972910500131546 19.430210784077644 53.037185496534221 29.958645373699255 26.087310253060423 5.6808672564802718 42.633140050456859 9.8093730462715047 7.5609033820219329 11.766992839286102 111.81619470880833 18.911089424509555 24.278537515783682 4.3472662586136748 9.4520916771143693 12.030532711651174 145.16201876685955 15.762081612367181 6.0927856951020649 19.968599850079045 31.195716235088184 8.3381892153993231 318.77020868388354 13.577807325520551 17.540889449766837 10.729498994915046 13.293602871475739 36.849116216530092 8.5344470259151439 287.541504169174 10.859374463150742 13.032149314880369 10.518322698771955 14.987824766431002 78.016365333111025 671.34072247706354 80.426362150581554 758.62326890078839 25.205278786539566 10.75703623780282 23.827261476544663 594.95430445909733 31.563082309206948 29.372628841549158 19.184690945548937
leaf_count=31087 131902 40717 10878 11437 33127 336 41 190 19 29 39 505 173 35 93 79 83 33 40 138 66 66 26 89 24 28 33 292 72 45 43 18 55 292 46 27 50 181 18 1090 45 90 89 64 126 21 917 51 17 26 31 267 2039 317 6150 187 47 57 2007 128 184 62
internal_value=-6.45951e-12 0.000274544 -0.00158347 -0.00292877 -0.00341504 0.000589344 -0.000894534 0.00194027 -0.00540151 0.0451654 0.00454874 0.0118471 -0.00788714 -0.00525915 0.00467061 -0.0155843 -0.0050953 0.0200001 0.0369587 0.00261668 0.0167864 -0.00201027 0.0143135 0.0104879 0.0434927 0.0145679 -0.00114611 -0.00147882 0.0300513 0.0252896 0.0125466 -0.00806893 -0.0361038 -0.0205424 -0.0432228 -0.00194603 -0.0473959 -0.0275055 -0.0388779 -0.000602539 -0.0302324 0.0556472 0.000382489 0.00105029 -0.00365977 -0.0269812 0.00692173 -0.061718 0.027887 0.00236376 -0.0172082 -0.00306585 -0.00515594 -0.0217834 0.000490731 0.0170771 0.0373993 0.0611735 -0.00319927 -0.00876145 -0.0338008 0.00208393
internal_weight=54948.7 54637.7 32162.2 19863.6 16541.1 12298.6 4219.24 1830.02 479.742 22.4769 1350.28 591.821 457.265 428.746 218.558 210.189 153.844 372.6 93.5658 125.251 72.2141 219.221 279.034 246.691 32.3432 17.3703 758.458 136.408 24.592 110.282 67.6493 45.7612 21.4826 186.525 41.3633 746.691 28.5187 37.2885 28.5927 709.403 22.8248 21.8882 686.578 675.848 375.013 56.2429 300.835 19.3938 64.7139 55.4648 25.5061 2389.22 1504.86 158.443 884.359 125.736 59.7896 34.5843 1346.42 655.89 60.9357 690.525
internal_count=276464 144562 103845 55442 44005 48403 17316 5535 1236 70 4299 1616 1166 1097 507 590 397 1045 230 296 158 571 815 730 85 52 2683 390 98 340 251 118 73 417 125 2650 69 208 101 2442 84 133 2358 2269 1288 198 981 72 110 123 57 11781 5004 584 6777 627 291 104 4420 2319 312 2101
is_linear=0
shrinkage=0.05


Tree=63
num_leaves=63
num_cat=0
split_feature=12 1 15 1 0 0 5 1 3 7 2 14 2 2 4 4 3 4 2 2 4 5 7 3 1 5 5 7 0 7 0 0 0 0 3 3 5 0 5 7 5 5 0 4 4 5 4 2 3 2 2 5 0 2 3 7 4 0 3 3 3 0
split_gain=273.666 106.457 36.2457 9.00311 10.859 6.64363 9.24212 8.89721 13.0927 8.78561 8.23125 8.00837 7.28029 6.82974 8.29397 6.81849 7.15895 9.66982 8.209 9.42706 6.44828 6.63966 9.54114 6.21041 12.8451 14.6458 11.1562 7.16053 13.9857 8.1295 6.95624 8.39712 7.65901 28.6344 24.5026 14.0791 10.1692 11.4741 9.02513 8.7407 16.7102 12.6539 15.0001 10.9419 17.3426 7.74236 7.39587 7.38189 7.1496 6.9561 7.20097 6.55502 12.399 17.7916 23.9942 17.4183 12.687 23.3091 15.5351 12.2476 10.6217 10.4544
threshold=1.0000000180025095e-35 0.13809523809523813 1.0000000180025095e-35 0.10263157894736843 26.500000000000004 29.500000000000004 0.71073420793088327 0.11651583710407241 1.3695373045769137 0.00084158607634877145 0.067748719307791694 1.0000000180025095e-35 0.058915995735900083 0.035456944811314096 0.34751750368320194 0.68497476854574646 1.1893249811517723 0.5031846438172044 0.062323961281312602 0.069584421796224427 0.68082273625320655 0.48140103480406182 0.0027907111541749185 3.9285714285714293 0.10818713450292398 0.51655020451889377 0.22789998664364186 0.33453251879121138 14.500000000000002 0.00095412301746931806 40.500000000000007 42.500000000000007 26.500000000000004 27.500000000000004 4.9023791598846715 10.653846153846159 0.29624423414652373 32.500000000000007 0.32506643242739047 0.55731312363048702 0.7549657134102109 0.85052591351725593 30.500000000000004 0.53841295426132241 0.51421814084269257 0.28054137957630604 0.49603620672203491 0.045304022745987146 6.2641509433962286 0.029564440744294446 0.019876895563469773 0.67134596533217328 19.500000000000004 0.17289148049573108 1.9605383875631357 0.0050215995682819569 0.5017426312017419 17.500000000000004 2.1852446765965383 2.8153353820232998 2.2100043145175925 17.500000000000004
decision_type=2 2 2 2 2 2 2 2 2 2 2 2 2 2 2 2 2 2 2 2 2 2 2 2 2 2 2 2 2 2 2 2 2 2 2 2 2 2 2 2 2 2 2 2 2 2 2 2 2 2 2 2 2 2 2 2 2 2 2 2 2 2
left_child=1 2 23 4 -4 9 10 13 15 -5 -7 -12 -10 14 -8 16 17 -9 -18 -20 -11 -22 -23 51 26 -26 -25 29 -29 -28 32 -32 46 34 -34 36 37 48 -38 41 43 42 -40 44 -41 -39 -30 -36 -35 50 -31 -1 53 55 -55 61 57 59 -59 60 -57 -53
right_child=-2 -3 3 5 -6 6 7 8 12 20 11 -13 -14 -15 -16 -17 18 -19 19 -21 21 22 -24 24 25 -27 27 28 30 49 31 -33 33 35 47 -37 38 45 39 40 -42 -43 -44 -45 -46 -47 -48 -49 -50 -51 -52 52 -54 54 -56 56 -58 58 -60 -61 -62 -63
leaf_value=0.00081306948402219627 -0.048061508458714645 0.0028969779303513687 -0.0013826005849599556 -0.047704284568251112 -0.0041084333141896013 9.211146306458614e-06 0.017601009401348872 -0.042707863569943445 0.00294155453462774 -0.0058824406861532029 0.0079072482756069474 0.05531257428133747 -0.035061525868157764 0.0029590933366164356 -0.091473235514712037 -0.030381857148579057 -0.018238980103106272 0.011095937677188196 0.067075064745927379 0.01212617709827235 -0.0071818946299302871 0.039922340748885954 0.0049298982886394251 -0.0053507330575869603 0.06952728055370587 -0.0056700789208674017 0.019717657487409775 0.077049483998301097 0.01603001171810798 0.00019582299923110252 -0.038408347521962094 0.00042517753091907888 0.09143180514760664 -0.067248409877305723 -0.054641885655656586 0.052557511341050134 0.051202393318008271 0.061609715070957 -0.056391314568797424 0.015303458418947334 -0.020866771159181591 0.069657233662688792 0.030168257219325641 0.070070085030143586 -0.063463319857335401 -0.021372277566603214 0.00063571767241901776 0.028315686644930938 -0.010674023676628222 0.00083202125696321932 0.052762815436315127 -0.0084319807003445987 -0.00088752335993689526 -0.0090419379046524397 -0.058188325517944964 -0.0035525429042254637 0.021506816644770738 0.018741324677345614 -0.057542065690575156 -0.036518341113496312 0.045011974469743567 -0.044498411353456002
leaf_weight=5607.0225528264418 294.59107056379435 22467.7158086946 5196.1699442184181 11.175298957154153 12308.107929852762 540.79379028803669 2.9682633513584724 14.692199285491368 15.630020277574657 570.23958777496591 544.34384375042282 9.0572512384969723 65.058053042157553 259.58890614146367 4.2215849568601698 15.938261701725422 11.800507292151449 19.348188243806362 11.526111513376234 24.180348176509142 82.052286581776571 23.321533924899995 118.26581043715123 446.97124177886872 14.993506873026492 11.397151021985335 60.459391131647862 7.061707836110144 100.41433154139668 12.865348712628476 16.248029756301548 97.179083897150122 20.774219947168604 11.802553965710105 3.8320233032573006 17.176950372173451 12.40122568386141 5.8011382130207476 6.6341270642587942 86.608442681026645 53.163935063348617 12.558530810812952 20.381397310644388 7.9391231123590833 7.6015767105855039 5.4532251110067591 349.84917553589912 8.9324299897998554 10.599898661021141 2201.7607230026042 13.198323263815835 53.850795097183436 2482.8974515282316 63.623282484943047 40.735922091058455 19.534838843275793 72.611653909203596 8.9285355185274948 26.432709987508133 10.033760459569747 26.576097021403257 32.050912925391458
leaf_count=24737 131902 40717 10915 56 37083 1267 10 28 30 2330 1613 66 208 777 38 37 16 26 22 41 359 73 447 1127 50 34 167 41 270 183 88 484 57 29 24 129 57 39 30 321 204 25 63 34 30 17 909 40 19 5622 82 200 11896 301 220 77 324 64 119 48 80 162
internal_value=2.20287e-12 0.00026034 -0.00159571 -0.00290957 -0.00329927 3.25633e-07 0.0019254 -0.00415044 -0.012802 -0.00368014 0.00439613 0.00868311 -0.0277 0.00162768 -0.0464429 -0.000471039 0.00537497 -0.0121264 0.0179153 0.0298638 -0.00306042 0.00413521 0.0106937 0.000565157 0.00229653 0.0370523 0.00204158 0.00309028 0.00697301 0.00162695 0.00639446 -0.00513759 0.00815751 0.0144696 0.057932 0.00882234 0.00570447 -0.0197876 0.00984354 0.00721176 0.0018667 0.0281891 0.00891206 0.0136984 0.00894796 0.0214014 0.00406884 0.00341095 -0.0404798 0.001136 0.0268151 -0.000177899 -0.00213625 -0.0108853 -0.0282259 -0.0036472 0.00590073 -0.00648299 -0.0382809 0.0135441 0.0244377 -0.0218888
internal_weight=54679.1 54384.6 31916.8 19848.5 17504.3 2344.2 1539.15 444.952 178.174 805.055 1094.19 553.401 80.6881 266.779 7.18985 97.4856 81.5474 34.0404 47.507 35.7065 793.879 223.64 141.587 12068.4 3624.06 26.3907 3597.67 3150.7 862.413 2288.28 855.351 113.427 741.924 291.661 33.5387 258.122 240.945 33.6568 207.288 194.887 155.313 39.5741 27.0155 102.149 94.21 11.2544 450.264 12.7645 22.4025 2227.82 26.0637 8444.3 2837.28 354.379 104.359 250.019 164.118 91.5059 35.3612 56.1447 46.1109 85.9017
internal_count=276464 144562 103845 55442 47998 7444 4179 1233 408 3265 2946 1679 238 825 48 170 133 54 79 63 3209 879 520 48403 10175 84 10091 8964 2910 6054 2869 572 2297 1118 121 997 868 104 764 707 589 118 93 385 351 56 1179 64 48 5887 265 38228 13491 1595 521 1074 712 388 183 205 157 362
is_linear=0
shrinkage=0.05


Tree=64
num_leaves=63
num_cat=0
split_feature=12 1 15 1 0 1 18 2 13 5 0 1 4 3 5 5 2 3 0 5 7 1 5 7 0 4 2 5 4 18 3 2 0 3 14 5 0 5 7 1 4 0 3 0 5 3 1 7 7 1 6 2 3 5 7 5 0 2 0 4 0 7
split_gain=257.25 104.713 38.5075 7.4347 7.30744 12.5169 6.73522 10.9476 8.0718 7.23632 6.39213 9.18172 7.67319 7.93688 10.0823 15.8458 9.52419 7.99079 9.19618 7.47687 8.95418 7.20039 9.37835 7.02635 10.6979 6.78753 6.38163 6.2785 6.94936 5.78976 8.38071 5.71071 10.4195 7.34371 6.89282 11.4427 8.67883 6.33451 7.19443 5.68096 5.60866 9.49553 10.2636 6.57602 7.93921 13.9147 9.24858 8.98279 7.70748 7.60983 16.9974 11.3439 12.4447 13.2213 10.8663 8.5279 8.16815 8.12015 10.8882 8.93546 8.78221 8.74463
threshold=1.0000000180025095e-35 0.11651583710407241 1.0000000180025095e-35 0.22649572649572652 26.500000000000004 0.063508064516129045 1.0000000180025095e-35 0.20961523723513517 1.0000000180025095e-35 0.48802955993199532 42.500000000000007 0.07417582417582419 0.33128620602458619 2.006867655750495 0.40457483832049607 0.71073420793088327 0.14529471878133871 2.2100043145175925 50.500000000000007 0.80318283692646752 0.0010762612533140269 0.085144927536231887 0.48802955993199532 0.37536236552311913 51.500000000000007 0.30617722481003934 0.065656592060702387 0.16213615102956533 0.36262578053759503 1.0000000180025095e-35 4.0782565909700583 0.37040436727039622 18.500000000000004 1.1143121316378422 1.0000000180025095e-35 0.64481370972408847 20.500000000000004 0.37070145434685992 0.91115531679446504 0.085144927536231887 0.48232648380245791 40.500000000000007 1.3435241839556498 33.500000000000007 0.59573903799194239 1.2003582507909343 0.10818713450292398 0.003324998606242332 0.00084158607634877145 0.097619047619047633 1.0000000180025095e-35 0.051116942866754646 1.2215156154820181 0.74974474880133901 0.0091597757747831094 0.29624423414652373 39.500000000000007 0.064410016751422619 36.500000000000007 0.32668649541243439 39.500000000000007 0.0082644628099161292
decision_type=2 2 2 2 2 2 2 2 2 2 2 2 2 2 2 2 2 2 2 2 2 2 2 2 2 2 2 2 2 2 2 2 2 2 2 2 2 2 2 2 2 2 2 2 2 2 2 2 2 2 2 2 2 2 2 2 2 2 2 2 2 2
left_child=1 2 27 -3 39 6 7 8 9 -6 11 -7 26 23 16 -16 17 -15 -19 21 -21 22 25 -14 -25 -13 -12 28 -1 30 -30 -29 33 -33 36 37 -34 -36 -39 -4 43 -42 -43 44 45 47 -47 -23 -45 50 -50 -52 53 54 -53 56 -54 58 61 -59 -61 -51
right_child=-2 3 4 -5 5 10 -8 -9 -10 -11 12 19 13 14 15 -17 -18 18 -20 20 -22 40 -24 24 -26 -27 -28 31 29 -31 -32 32 34 -35 35 -37 -38 38 -40 -41 41 42 -44 48 -46 46 -48 -49 49 57 51 52 55 -55 -56 -57 -58 59 -60 60 -62 -63
leaf_value=-0.05696691612964825 -0.047874642811145111 0.0016340307846611701 -0.0013601920610296391 0.0034493066311960655 0.011497779699633438 -0.070902853521705181 -0.0051045163487235881 -0.012233133949094145 -0.0084876036835467121 -1.6447307938928734e-05 0.0018560925035898046 -0.069347818353698201 -0.0051175987408970279 -0.012913223143526316 -0.014269791723750383 0.020117067287788445 0.0017738598949883799 0.063771312916020118 0.014495548068093176 -0.051128851608843999 0.0075302350689855331 0.0089116515887125228 -0.0037949793017968054 0.0016688913250328518 0.079206992887131372 -0.02120108615419106 0.016252544336593216 0.00075677635067382713 -0.024708042628050056 -0.010036090198928756 0.080396950450573712 -0.00034563346142831502 -0.050445802644256146 0.079900206322253475 0.014980413707133456 0.041095018740460502 0.0076064268842136783 -0.020776889879226296 -0.066455150572614835 -0.017668270975410849 -0.0018578219788798632 0.032801251364713097 0.0025205376007017295 -0.052691718649069574 -0.02146985337442494 -0.016088369781781988 0.013892444107527012 -0.041294659880622024 -0.085219291771488515 -0.029531796194086204 0.021744676441873202 -0.081931033857305546 -0.011154487103933835 0.026255276264029816 -0.015414959469175199 -0.011307842806838123 0.056057596125376433 0.013724350674332348 0.0086459869814680523 -0.0014611416050685658 -0.059345596497950598 0.0032620153583269116
leaf_weight=7.4745258100447236 279.16045896979631 9255.7080055275001 5188.5746305459761 14440.954377082584 240.15425180381862 4.9103502922225735 8740.3000551505247 160.41263145342236 139.71612899482716 316.0106970029592 163.94450803555083 8.2385212669614685 524.41888811724493 7.1195189624559125 86.384081888827495 54.725885999854654 36.302197254728526 24.333326888328884 15.499666222371159 6.6904914085753253 235.56434971501585 12.099333268008193 116.42884475365281 15.534101962577553 6.2335277040256178 65.664639933092985 145.11108218412846 11671.194467356807 3.3598937999922773 122.5724504753598 4.354772742226487 6.8595088026486319 7.8646178487688294 4.8789918145048432 4.6691512882243833 4.9163584571797392 35.496787197713275 15.018658852088263 20.233580653904937 53.957127330941148 1271.4857142295368 41.735189378261566 84.929704735288396 7.5735519719310096 122.96512601012364 37.703842750284821 80.954579661600292 33.789039730327204 7.2992888749577096 58.592934106010944 28.061171883251518 15.806998250307521 8.1558554074727017 6.0068825804628423 10.03987624729052 91.143110347446054 10.140758063644169 172.0193523070775 65.612268595024943 52.170217085746117 7.4939556550234547 31.127449825406075
leaf_count=22 131902 18738 10876 25317 2327 73 18426 2126 577 2941 438 71 1572 20 305 214 86 68 53 49 1015 61 672 78 31 512 347 47183 20 253 79 43 42 18 12 60 280 159 92 579 5354 96 238 41 567 279 325 223 42 187 86 68 43 24 29 305 21 367 198 130 23 81
internal_value=-8.25216e-12 0.000246496 -0.00168962 0.00274028 -0.00311019 -0.00373054 -0.00468991 -0.000457975 0.0022564 0.00495544 -0.00129104 -0.00259359 0.00195975 -0.000709825 0.00720766 -0.000933729 0.0210067 0.0358769 0.0445973 -0.00246887 0.00591021 -0.00329833 -0.0126375 -0.0039622 0.0238732 -0.0265684 0.00861567 0.000530668 -0.0100816 -0.00739178 0.0346216 0.000654867 -0.0112466 0.0330078 -0.0171364 -0.0308821 -0.00292272 -0.0397461 -0.0469947 -0.00152804 -0.00251072 -0.000557278 0.0124978 -0.00569114 -0.0118585 -0.00467598 0.00436601 -0.0280568 -0.00258706 -0.00191384 -0.0105128 -0.00729295 -0.0130599 -0.0405646 -0.0560937 -0.00505429 0.0260973 0.00201118 -0.00683394 0.0079414 -0.00873156 -0.0181544
internal_weight=54497.9 54218.7 30522 23696.7 18613.1 13370.6 9596.59 856.294 695.881 556.165 3774.01 2694.4 1079.61 770.551 224.365 141.11 83.2547 46.9525 39.833 2689.49 242.255 2447.24 190.332 546.187 21.7676 73.9032 309.056 11908.9 137.762 130.287 7.71467 11771.1 99.9377 11.7385 88.1992 44.8377 43.3614 39.9214 35.2522 5242.53 2256.91 1398.15 126.665 858.756 287.512 164.547 118.658 45.8884 571.244 563.67 176.654 169.355 141.293 31.8538 25.8469 109.44 18.2966 387.016 155.333 231.684 59.6642 89.7204
internal_count=276464 144562 100507 44055 52244 40789 26397 7971 5845 5268 14392 11180 3212 2427 746 519 227 141 121 11107 1064 10043 1255 1681 109 583 785 48263 374 352 99 47889 706 61 645 323 322 263 251 11455 8788 5688 334 3100 1455 888 604 284 1645 1604 618 576 490 121 97 369 64 986 466 520 153 268
is_linear=0
shrinkage=0.05


Tree=65
num_leaves=63
num_cat=0
split_feature=12 1 15 1 0 10 7 2 14 0 5 2 5 0 2 0 2 3 5 7 7 7 0 7 2 3 2 2 5 7 3 5 4 3 0 5 4 3 0 4 0 7 1 3 2 4 0 7 4 4 5 4 0 4 4 3 4 5 4 5 5 7
split_gain=241.775 102.987 34.174 9.16429 14.0176 9.36156 9.30446 8.01429 9.16596 9.2681 9.46923 7.22487 6.87723 17.5633 38.0848 17.0379 20.6954 14.477 12.8766 12.546 13.2628 11.4536 11.0918 11.0892 8.8337 11.4934 8.32731 9.83749 9.27952 22.1916 7.53467 6.98929 6.8405 6.80611 6.31332 6.31156 12.6518 6.21891 9.22195 8.24824 6.05702 6.52275 5.66514 5.64704 7.23364 5.4231 5.37796 6.822 6.36116 5.35862 5.66049 5.33357 5.33024 5.90381 6.37155 8.76414 6.02538 11.9027 7.16044 5.78481 7.47067 5.32866
threshold=1.0000000180025095e-35 0.13809523809523813 1.0000000180025095e-35 0.085144927536231887 29.500000000000004 1.0000000180025095e-35 0.38169290533165812 0.37040436727039622 1.0000000180025095e-35 25.500000000000004 0.60351097094861816 0.20961523723513517 0.80074420145741787 20.500000000000004 0.058915995735900083 22.500000000000004 0.071322728087390139 1.256643021636165 0.81636695571497608 0.0021684730407308139 0.0026676049909299701 0.0044612225722861611 21.500000000000004 0.011261214246859623 0.0700892908369221 1.494632030350642 0.074455756663856273 0.082056257993666226 0.82635321900053438 0.0035501855877391195 1.3164971566876664 0.81946308724832206 0.52653807480709436 1.1554229099565887 26.500000000000004 0.82289303088020149 0.68628776081959975 1.2899048525043169 27.500000000000004 0.49966374720245593 62.500000000000007 0.0041666666666668644 0.29285714285714287 5.5080666146239938 0.038276146150411368 0.79633851063981576 23.500000000000004 0.007535387105539036 0.67908801761916471 0.50209996192053563 0.61796238556806748 0.53841295426132241 39.500000000000007 0.70819236174381406 0.30986478584207655 1.4823507022983657 0.31224089364072577 0.56875655297727523 0.3138885951822476 0.81636695571497608 0.8058845557734402 0.014225769475573672
decision_type=2 2 2 2 2 2 2 2 2 2 2 2 2 2 2 2 2 2 2 2 2 2 2 2 2 2 2 2 2 2 2 2 2 2 2 2 2 2 2 2 2 2 2 2 2 2 2 2 2 2 2 2 2 2 2 2 2 2 2 2 2 2
left_child=1 2 7 4 12 -6 11 45 -9 51 -11 -7 43 14 18 16 30 -18 -14 37 -21 26 -19 35 25 -16 28 -28 29 -22 -15 -32 -8 -34 -29 36 -23 -17 39 -39 41 -13 -3 -4 -45 -1 -37 -48 -49 50 -43 -10 -5 54 55 -54 57 -56 -58 60 -60 -25
right_child=-2 42 3 52 5 6 32 8 9 10 -12 40 13 15 24 19 17 22 -20 20 21 23 -24 61 -26 -27 27 34 -30 -31 31 -33 33 -35 -36 46 -38 38 -40 -41 -42 49 -44 44 -46 -47 47 48 -50 -51 -52 -53 53 -55 56 -57 58 -59 59 -61 -62 -63
leaf_value=0.00065432646844352745 -0.047681801252244138 0.0023495105308273985 -0.0022258721957033258 -0.0016575240747661079 -0.00540256937308458 7.1064684083174611e-05 0.015723726491425675 0.0019450210988643983 0.0025842679700789342 -0.063848860674895438 0.01984686454754974 0.0012073275215230151 -2.4252460018487428e-05 0.037408919732168588 -0.015044386523892634 -0.054140963139001366 -0.099907152280320155 -0.060728573593284443 -0.073703534347179619 0.033344402834286004 -0.010247384627275959 0.02872269692323174 0.0018316503438733829 -0.040085917854055991 0.054022873159230191 0.044005085282877797 0.059110727721990192 0.023416816382822767 -0.00021185473795088655 -0.087654293157570992 -0.045630344474033718 0.0028517567096802855 -0.067698015595883718 0.0029120437702643315 -0.053467760473616427 -0.024594932422622912 -0.022603688931808398 -0.04348648166288991 0.020282896422892945 0.0045592658533602053 0.057641925336398225 -0.015162273666988402 0.004154608441120246 0.03188288949571879 -0.034996680123694127 -0.038311212321799348 0.019563633890857201 -0.048646421285016062 0.012128200476142235 -0.0012961383210846045 -0.047281299101424673 -0.053812496965831173 -0.0020410362182444711 -0.02080803135479042 0.067345635598786285 -0.044299246836606035 -0.039349019565714606 -0.0062458650820237582 0.0054652254994036536 0.044782703685542796 -0.036402201105927359 -0.0021790746211570278
leaf_weight=11837.914827152592 264.56136095550028 16553.037756016478 6734.7218223577365 3182.2510886451637 7456.6286245894007 577.9965599742718 126.27185100284987 49.501229863322806 22.243023828254085 20.767554325633686 4.0362836897838852 38.587275846337434 13.270875111920761 10.890610083937643 13.853331334888933 9.6879440117627365 10.012512082350439 14.409614725038409 10.720042814034967 41.651123087853193 32.890094809234142 100.63371190661564 13.938577771885321 11.975812975317238 43.628526649437845 20.339076097821817 8.7800237513147312 5.7562702761497331 45.831966232508421 12.887010441627352 10.016732700169085 28.828414560877718 4.9535103137604883 10.972030137811087 4.9800508418120444 13.413929763250051 13.632864248938857 22.536754579283297 16.671818369999528 14.798566999845205 2.9065784186823285 26.074338276172057 5894.3754981040838 4.8301792760903508 24.810239881859161 8.9362249371188209 49.371232595294714 8.2578969057649392 8.9960002545267326 19.058860499178991 28.944749049376696 5.1659302157349876 98.016148210735992 25.393998080398887 11.217647422105076 14.025156935676931 9.1032758904620987 10.769619796890764 609.05271668266505 9.1493211721535754 10.844553949544204 41.046593432460213
leaf_count=47040 131902 29790 14385 12153 18130 3946 1343 361 112 128 85 568 31 21 18 19 26 39 47 66 54 170 40 25 95 33 12 22 84 28 22 54 25 141 23 26 32 36 39 32 32 305 10927 58 149 656 86 23 17 400 281 21 201 100 29 37 27 23 1680 35 25 149
internal_value=-1.0624e-11 0.000233234 -0.00160453 -0.00288462 -0.00342753 -0.00484013 0.000177898 0.000504947 -0.0134702 -0.0280848 -0.0502292 -0.00221087 -0.00184844 0.00304881 0.0221302 -0.000471258 -0.0206287 -0.0482229 -0.0329469 0.00335755 0.00663868 0.00353556 -0.0299682 0.00952649 0.0391096 0.0200807 -0.00979824 0.0198559 -0.0161158 -0.0320387 0.000654471 -0.00964999 0.0118291 -0.0190506 -0.0122462 0.0150571 0.0225991 -0.0172531 -0.010636 -0.0244426 -0.0136233 -0.0154618 0.0028235 -0.00232171 -0.024098 0.000624934 0.00428983 0.0101053 -0.0169592 -0.0241448 -0.0320596 -0.00804517 -0.000741453 0.0029136 0.00369371 -0.00733085 0.00556485 0.0312997 0.00467817 0.00531531 0.00473279 -0.0107408
internal_weight=54350.8 54086.3 31638.9 19690.3 15710.5 8292.39 835.766 11948.6 101.714 52.2128 24.8038 693.568 7418.07 653.708 101.812 551.896 88.0965 38.3607 23.9909 463.8 400.105 358.453 28.3482 247.328 77.8209 34.1924 111.125 19.5163 91.6091 45.7771 49.7358 38.8451 142.197 15.9255 10.7363 194.306 114.267 63.6951 54.0071 37.3353 115.572 112.665 22447.4 6764.36 29.6404 11846.9 80.0391 66.6251 17.2539 74.0779 55.0191 27.409 3979.82 797.572 772.178 112.041 660.137 21.9873 638.15 629.047 619.897 53.0224
internal_count=276464 144562 103845 55442 41132 25171 7041 48403 707 346 213 5532 15961 1369 224 1145 202 105 78 943 817 751 79 528 146 51 223 57 166 82 97 76 1509 166 45 354 202 126 107 68 1586 1554 40717 14592 207 47696 152 126 40 986 586 133 14310 2157 2057 238 1819 52 1767 1740 1705 174
is_linear=0
shrinkage=0.05


Tree=66
num_leaves=63
num_cat=0
split_feature=12 1 15 2 14 8 0 5 1 0 1 18 2 4 4 0 0 3 0 1 5 4 7 0 7 17 10 11 13 5 4 2 7 4 7 2 0 0 5 4 3 1 7 5 7 4 5 17 7 5 18 5 3 2 3 3 0 0 3 7 2 2
split_gain=227.262 101.222 36.6321 10.5705 10.5985 10.3748 9.74328 7.81685 7.13614 7.0705 11.4661 6.67069 8.70428 8.99946 9.16337 6.8377 6.82394 6.69287 6.34804 7.23326 10.4276 6.29258 6.05351 6.44436 5.92724 6.97078 5.83668 5.8225 5.7745 5.53321 12.7011 15.5239 9.70982 10.8611 14.6178 9.90028 7.3945 14.0069 20.4866 13.9509 7.82414 6.97961 6.81365 6.80358 6.59947 6.12302 9.18226 7.86715 7.28273 10.1752 11.7414 15.7381 15.3011 10.5379 18.9996 19.7969 10.2115 9.40239 9.26708 8.39066 10.7294 8.28155
threshold=1.0000000180025095e-35 0.11651583710407241 1.0000000180025095e-35 0.37040436727039622 1.0000000180025095e-35 1.0000000180025095e-35 19.500000000000004 0.58402870599568846 0.22649572649572652 26.500000000000004 0.067816091954023008 1.0000000180025095e-35 0.22613196335137464 0.50434885786451533 0.3138885951822476 27.500000000000004 34.500000000000007 1.1554229099565887 42.500000000000007 0.085144927536231887 0.48802955993199532 0.50005356274867474 0.0019668279140259799 36.500000000000007 0.28466705476691639 1.0000000180025095e-35 1.0000000180025095e-35 1.0000000180025095e-35 1.0000000180025095e-35 0.80318283692646752 0.70107670487009088 0.044064271176309712 0.0017046930790590414 0.30853744176111148 0.0038322288943726059 0.03701885115870461 20.500000000000004 21.500000000000004 0.84473229744595069 0.68497476854574646 2.619139194139199 0.085144927536231887 0.0045609627900154263 0.81342281879194567 0.0096153846153844702 0.31543749062609078 0.22990686716585698 1.0000000180025095e-35 0.010262257696693282 0.56494760538834832 1.0000000180025095e-35 0.69851124319439706 1.5064297282645775 0.091654132977105854 2.1852446765965383 1.8564704058125117 16.500000000000004 25.500000000000004 2.5000000000000031 0.016487596394610435 0.078597751922633838 0.06645917992501045
decision_type=2 2 2 2 2 2 2 2 2 2 2 2 2 2 2 2 2 2 2 2 2 2 2 2 2 2 2 2 2 2 2 2 2 2 2 2 2 2 2 2 2 2 2 2 2 2 2 2 2 2 2 2 2 2 2 2 2 2 2 2 2 2
left_child=1 2 3 -1 -5 -6 -7 -8 -3 29 11 12 13 14 -11 -14 17 21 19 20 -12 -17 23 -18 25 -16 -15 -26 -28 41 32 -32 -31 34 -34 -35 40 38 -38 -39 43 45 -33 -37 -36 46 -4 48 -47 56 51 -51 59 54 55 -54 -50 58 -55 60 61 -52
right_child=-2 8 9 4 5 6 7 -9 -10 10 18 -13 15 26 24 16 22 -19 -20 -21 -22 -23 -24 -25 27 -27 28 -29 -30 30 31 42 33 35 44 36 37 39 -40 -41 -42 -43 -44 -45 -46 47 -48 -49 49 50 52 -53 53 57 -56 -57 -58 -59 -60 -61 -62 -63
leaf_value=0.00061063214419035134 -0.047483194341605424 0.0015861433582106703 -0.027088782549329438 0.0017982677233233599 0.0053411397973917698 0.042104854308617386 -0.058701300663281844 0.004536774894446865 0.003365730004735638 0.025541617649186051 -0.026525774509186358 -0.0050113961073825182 -0.059232759384539049 7.2381207497451577e-05 -0.0064361270621720026 0.015834482486362093 -0.077768547527267085 0.0097500805090258297 0.0021796998777777704 -0.0017745049731901609 -0.0034153371884546313 -0.083555320017209847 -0.023847468842284076 0.082575090661116929 0.010140032698130279 0.035693673408845071 0.026703645155030487 -0.062140885990234186 0.00061284030947923447 -0.026711749198315024 0.029839077879051396 -0.017105622504307458 -0.065639301492263158 -0.04179572778792201 0.0099231717439410682 0.045793967527569049 -0.062015100621511311 0.022227081825562975 0.03390616535552169 -0.0096682869881093633 0.068918097491260197 -0.022141435405606202 -0.062848855147252927 0.0078507206691539686 -0.033372518058313698 -0.0044778620214439603 0.0026703360617489754 0.043119468084503294 -0.022474981119131102 -0.0099808214874229674 0.016582219569872318 0.055845470034297795 -0.050998004974252276 -0.019066154175153536 -0.085525479398259163 0.025209766747021901 0.0049914600999164905 0.015750775050669848 0.0049982017387567622 -0.0050625551299205498 0.036120741624838852 -0.019501724344810456
leaf_weight=11801.999783689826 250.82695774521562 9241.5860899298568 26.687606859020889 49.47630534885684 15.416009503882377 3.1422796064289278 33.282943602069281 5.7276319130323818 14428.274867859844 30.047374903282616 74.118235088244546 8785.0702033374691 7.3249560475815079 64.433870458044112 413.93508410651702 2.6561863411334334 0.82359811064088662 49.181001328688581 964.61036021442851 2394.2341435251583 142.94478525401792 3.9768386105424725 63.035662063513882 2.6202992792241275 97.51440059102606 10.056986206618602 74.050960076827323 2.8680800718720993 29.717652485123836 20.116473026107997 11.026699629554058 17.183377561159432 9.8994892686605436 7.9730701753869644 41.002025565132499 18.711382351815701 14.782869211398067 147.85599604877643 8.9284729161299747 44.632775974459946 10.680954691255463 42.654803744197125 15.469685616699278 32.051601374987513 11.207347773015497 2421.5343726535211 902.22933322022436 9.3407255365164001 35.41971211694181 18.320386337582022 38.82069069519639 18.002970529778395 18.451565396040678 177.69558913237415 13.664221744838867 15.835747108096255 758.52393969567493 30.855760280042887 51.631271081976593 146.58033547055675 34.844056788133457 26.932539694011211
leaf_count=47557 131902 18738 72 361 44 24 156 121 25317 205 625 18764 86 325 3044 46 16 615 2866 9693 859 84 875 86 1022 139 1279 31 129 43 47 38 27 26 76 37 46 331 17 81 49 514 42 65 24 5316 1342 69 69 198 48 104 34 421 49 21 1741 76 114 217 66 35
internal_value=-5.58927e-12 0.000220591 -0.00169218 0.000468764 -0.0151726 -0.0297578 -0.0425941 -0.0494165 0.00267091 -0.00308985 -0.00370448 -0.00460168 -0.000378218 0.00176187 -0.00131152 -0.0123092 -0.00949868 0.00339148 -0.00128646 -0.00256686 -0.0113066 -0.0437548 -0.0203208 0.0442294 -0.00285024 -0.00543682 0.0118923 0.00807486 0.0192317 -0.00152793 0.00403569 -0.0214552 0.00706262 0.00901652 -0.00993325 0.0131372 0.0147147 0.0103647 -0.0258961 0.0148314 0.030021 -0.00200611 -0.0387769 0.0218367 0.00062925 -0.00182512 0.00181536 -0.00271121 -0.00282366 6.73497e-05 -0.0048962 0.0226447 -0.00669768 -0.0141313 -0.0356697 -0.0158011 0.00376612 -0.0101617 -0.0136482 0.0025691 0.0136892 0.00180223
internal_weight=54242.5 53991.7 30321.8 11909 107.045 57.5689 42.1529 39.0106 23669.9 18412.8 13213.2 9637.31 852.243 722.624 554.422 129.619 122.294 55.814 3575.91 2611.3 217.063 6.63302 66.4796 3.4439 524.375 423.992 168.202 100.382 103.769 5199.55 411.522 43.6798 367.842 347.726 62.1089 285.617 277.644 216.2 23.7113 192.489 61.4439 4788.03 32.6531 50.763 52.2094 4745.37 928.917 3816.45 3807.11 1385.58 591.635 36.3234 555.312 308.134 47.9515 34.2873 793.944 260.183 229.327 247.178 100.597 65.7532
internal_count=276464 144562 100507 48263 706 345 301 277 44055 52244 40789 26746 7982 6174 4441 1808 1722 745 14043 11177 1484 130 977 102 4236 3183 1733 1053 1408 11455 949 127 822 779 127 652 626 475 63 412 151 10506 80 102 100 9992 1414 8578 8509 3193 1383 302 1081 715 104 55 1810 611 535 366 149 83
is_linear=0
shrinkage=0.05


Tree=67
num_leaves=63
num_cat=0
split_feature=12 1 15 1 0 2 14 0 7 7 0 5 4 5 1 7 7 4 0 4 5 0 5 4 4 7 0 2 7 0 0 0 0 3 4 0 2 0 5 2 7 7 7 3 2 0 7 2 5 3 2 0 0 5 5 0 2 2 5 2 2 2
split_gain=213.662 99.6784 30.4896 12.2008 11.0446 9.78286 9.28662 8.15903 8.12579 8.70023 7.29281 5.63057 5.11535 5.06184 4.92372 6.44877 7.23257 9.67599 7.5336 6.73463 6.34174 10.1521 9.94767 8.61226 13.1438 7.57354 7.6411 7.00842 6.77244 9.98082 12.2258 7.41317 9.42607 6.38083 6.13744 7.61386 12.2966 11.23 11.5111 9.70217 8.60086 8.46479 9.69453 10.5717 8.28948 8.28453 9.78941 21.212 15.6284 14.8989 8.11819 7.59685 8.09059 19.0515 7.0724 10.4373 7.04677 7.99152 7.97771 8.0254 7.73231 7.23525
threshold=1.0000000180025095e-35 0.14642857142857144 1.0000000180025095e-35 0.093073593073593086 26.500000000000004 0.37040436727039622 1.0000000180025095e-35 19.500000000000004 0.91115531679446504 0.0061173475672464846 21.500000000000004 0.62969130022121345 0.79633851063981576 0.64866800770653466 0.31666666666666671 0.0037209302325581528 0.0041322314049584289 0.33730997216726577 29.500000000000004 0.31100191534652449 0.79837855411652103 27.500000000000004 0.81342281879194567 0.49864573525731898 0.696477526536875 0.0080321285140561929 30.500000000000004 0.056734450196698046 0.0045140667307370609 23.500000000000004 33.500000000000007 31.500000000000004 29.500000000000004 2.7119883271593435 0.68365660228416758 30.500000000000004 0.039600886009862765 28.500000000000004 0.81636695571497608 0.050618530854489856 0.008346248518858481 0.0034241984727529668 0.0020228033964042988 1.3080944580944587 0.055507835310461877 31.500000000000004 0.0042095562248660222 0.055507835310461877 0.77389512267160299 1.3333333333333348 0.06149764463625864 42.500000000000007 48.500000000000007 0.54049073347574217 0.7549657134102109 52.500000000000007 0.05856612746948054 0.063136485450437776 0.55396898164759711 0.055080946758993631 0.064410016751422619 0.068227061045812054
decision_type=2 2 2 2 2 2 2 2 2 2 2 2 2 2 2 2 2 2 2 2 2 2 2 2 2 2 2 2 2 2 2 2 2 2 2 2 2 2 2 2 2 2 2 2 2 2 2 2 2 2 2 2 2 2 2 2 2 2 2 2 2 2
left_child=1 2 5 4 -4 12 -7 -8 9 -9 -5 -11 -1 -2 34 -16 17 19 -19 -17 28 23 25 27 -25 26 -23 -22 29 -18 31 32 -31 -24 -3 36 -36 38 41 -39 45 42 -38 -44 -41 46 48 -48 50 -49 -37 -47 -53 -54 -55 -56 58 -58 -43 -60 -59 -62
right_child=13 14 3 10 -6 6 7 8 -10 11 -12 -13 -14 -15 15 16 20 18 -20 -21 21 22 33 24 -26 -27 -28 -29 -30 30 -32 -33 -34 -35 35 40 37 39 -40 44 -42 56 43 -45 -46 51 47 49 -50 -51 -52 52 53 54 55 -57 57 60 59 -61 61 -63
leaf_value=0.00061535521172902943 -0.051061107726984745 0.0020066688257749038 -0.0014004339266687268 -0.020077806234065122 -0.0042164568437411875 0.0017007002542051702 0.040265372021208674 -0.051343214560356155 -0.046276001808841817 0.0023902077956042475 -4.5145061821854421e-05 0.088519340309051203 -0.038124312787486188 -0.03321457679268091 0.0076048091440237067 -0.0049744017646830008 0.057500907440518279 -0.027511071435143943 -0.0024662329239261011 0.027474425984576969 0.0032971384267259035 -0.021924636386748096 0.0025085825012051591 -0.015633309019892901 0.034825404323505268 -0.011126528582249813 -0.073878963831204778 0.037259153753965171 0.0039572568722189153 -0.0018665051616360132 0.038693614234638449 -0.022240797589837762 0.03764344501877448 -0.037826173833967386 0.022493359078638829 0.010215164737480027 0.010732880446722671 -0.032783184270620346 -0.017029148162766568 0.018595285352203134 0.0011554391886535729 0.0082948464819182516 0.016409017113147777 -0.030732697779097137 -0.0073217769938613694 0.0051885905660322392 -0.013231589532316956 0.024363920015432656 0.035000225297369118 0.08775273340855938 -0.042855288997613677 0.019880271919945416 0.026600796497475002 -0.033296453005981337 0.032937186668781662 -0.025239698936673022 -0.013142901837129101 0.03873829030168266 0.020390505331992353 0.059713456125662173 -0.011784258290376499 0.011262209902838225
leaf_weight=11871.803715592105 187.49442256966722 13980.915920174157 5051.8039873480157 45.953612499171868 11204.556127232616 49.505941185692791 4.1423665678594253 6.9882566523738232 36.897797816665843 10.40973352990113 3999.2639312101091 2.3205489057581863 8.5273828723002207 50.41559098471771 1119.1729158357484 36.741567907854915 12.731477858498691 59.134247795445845 61.001213304349221 28.311847604811192 29.384044520556927 14.968417328782381 88.444583968725055 58.338502841070294 16.572033206524793 32.442785142920911 13.423818212002514 31.448157636448741 2723.6889129222836 49.415825919015333 30.251741616753861 23.395901389885694 21.73585232696496 11.02782128471881 61.923289964324795 13.385522395372393 49.127507276833057 33.838838867843151 59.235479838680476 34.307261776179075 609.22660847206134 85.837796336971223 15.887006230652331 47.298899170011282 306.41555476305075 1083.6428013558034 14.910495281219481 17.803803147748113 26.060470908880234 19.338658154010773 15.608944823034106 204.63564411678817 47.692859390750527 29.307241999544203 14.009049471467735 17.144562151283026 51.023168623447418 19.704538227058947 45.18315033428371 18.202379044145346 44.573903638869524 144.31353930977639
leaf_count=47149 109824 25355 10878 163 33127 361 29 68 118 95 13169 39 656 22078 1773 52 22 110 101 41 50 20 148 128 37 64 34 47 5494 83 55 32 33 44 174 18 69 52 88 49 1190 134 23 60 409 1565 28 29 29 19 24 318 85 54 26 38 69 26 71 22 66 252
internal_value=-5.10813e-12 0.000208825 -0.00154917 -0.00272991 -0.00334135 0.000449959 -0.0143745 -0.0274725 -0.0324286 -0.00651695 -0.000272716 0.0180903 0.000587549 -0.0472792 0.00284043 0.00431973 0.00321977 -0.00638378 -0.014794 0.00914763 0.00378306 -0.00318338 -0.0117035 0.00687859 -0.00447061 -0.0276303 -0.0464886 0.0208543 0.00450388 0.0153293 0.0110272 0.00217493 0.0102032 -0.00196305 0.0024547 0.00445619 0.000901366 -0.000498758 0.0038571 -0.0072482 0.00616712 0.00623108 -0.00592674 -0.0188797 -0.0047122 0.00819783 0.0215991 0.0371449 0.00690096 0.057368 -0.0183549 0.00716993 0.0140342 0.00297295 -0.0156652 0.000921084 0.009571 0.00459429 0.0182294 0.0316829 0.00893294 0.00582367
internal_weight=54102.3 53864.4 32292.2 20301.6 16256.4 11990.6 110.265 60.7587 56.6163 19.7185 4045.22 12.7303 11880.3 237.91 21572.2 4461.63 3342.46 185.189 120.135 65.0534 3157.27 296.05 160.307 135.743 74.9105 60.835 28.3922 60.8322 2861.22 137.531 124.799 94.5476 71.1517 99.4724 17110.6 3129.64 1016.87 954.949 580.387 374.562 2112.77 521.152 112.313 63.1859 340.723 1503.54 107.108 52.053 55.0549 37.1425 28.9945 1396.43 312.789 108.154 60.4609 31.1536 408.838 259.615 149.223 63.3855 208.592 188.887
internal_count=276464 144562 105852 57337 44005 48515 710 349 320 202 13332 134 47805 131902 38710 8368 6595 304 211 93 6291 572 310 262 165 118 54 97 5719 225 203 148 116 192 30342 4987 1564 1390 880 510 3423 792 152 83 458 2233 147 76 71 48 42 2086 521 203 118 64 640 413 227 93 344 318
is_linear=0
shrinkage=0.05


Tree=68
num_leaves=63
num_cat=0
split_feature=12 1 5 15 3 5 5 0 15 0 0 4 3 7 1 0 10 7 2 7 14 8 0 0 5 8 0 3 2 4 0 4 5 2 7 2 2 5 4 0 0 2 5 0 0 0 3 0 0 2 5 3 2 7 5 2 3 0 5 4 4 3
split_gain=149.356 100.429 72.5549 31.9982 23.6812 22.6571 11.9803 10.9566 10.7435 9.26571 9.00086 8.63728 8.63124 8.76117 8.32273 14.2196 11.2276 8.51317 8.13658 7.84496 7.63261 13.7108 6.6875 6.67363 6.62318 10.1998 25.3926 43.519 30.865 14.4125 9.28 18.2698 9.04678 22.7839 14.3557 14.355 13.5389 9.96454 8.79159 13.5352 10.8604 8.55476 7.5563 7.62484 10.6851 11.8184 17.9762 22.7443 48.1449 14.8239 17.691 14.5857 12.4497 19.7805 13.7982 12.6695 11.3668 20.1489 11.1128 10.6577 10.3477 13.0001
threshold=1.0000000180025095e-35 0.13809523809523813 0.58018506802634451 1.0000000180025095e-35 3.7630222463374992 0.72325760290145646 0.88806001943279178 61.500000000000007 1.0000000180025095e-35 45.500000000000007 42.500000000000007 0.79633851063981576 8.5333654637621645 0.2596141293768176 0.067816091954023008 29.500000000000004 1.0000000180025095e-35 0.38169290533165812 0.37040436727039622 0.22382422850095954 1.0000000180025095e-35 1.0000000180025095e-35 19.500000000000004 44.500000000000007 0.42906336088154273 1.0000000180025095e-35 35.500000000000007 1.6727272727272737 0.1300517202628744 0.70107670487009088 66.500000000000014 0.3138885951822476 0.73148971006255792 0.19598009664683361 0.014837833228938687 0.20961523723513517 0.20271137469450831 0.7549657134102109 0.7369530981585376 34.500000000000007 43.500000000000007 0.079372840693522614 0.2220686478513951 66.500000000000014 41.500000000000007 35.500000000000007 2.3440273904078679 37.500000000000007 36.500000000000007 0.15734983683087347 0.33324430763119789 2.5000000000000031 0.11278040579100206 0.0069873157724266574 0.36171733132383149 0.16831195027165877 2.5000000000000031 50.500000000000007 0.31956849124674808 0.57367071952775084 0.6675935463264836 1.3435241839556498
decision_type=2 2 2 2 2 2 2 2 2 2 2 2 2 2 2 2 2 2 2 2 2 2 2 2 2 2 2 2 2 2 2 2 2 2 2 2 2 2 2 2 2 2 2 2 2 2 2 2 2 2 2 2 2 2 2 2 2 2 2 2 2 2
left_child=1 3 -2 18 5 8 7 12 10 23 -4 14 -6 19 15 -5 24 -18 -1 -14 -20 -22 -23 -10 25 26 28 -28 29 -17 32 -32 36 -34 35 37 38 -35 -26 -40 -41 -33 -27 44 45 52 49 48 -48 60 58 -49 -44 55 59 -54 -46 -58 -51 -55 -47 -62
right_child=2 -3 4 11 6 -7 -8 -9 9 -11 -12 -13 13 -15 -16 16 17 -19 20 -21 21 22 -24 -25 30 42 27 -29 -30 -31 31 41 33 34 -36 -37 -38 -39 39 40 -42 -43 43 -45 56 46 47 51 -50 50 -52 -53 53 54 -56 -57 57 -59 -60 -61 61 -63
leaf_value=0.00054577775486934412 -0.053934569821601802 0.0027819094119668208 -0.056791914618545915 -0.0018627769253082346 -0.012657638508072087 0.074076857724118331 0.043974204409357134 0.054568264335676422 -0.051008359863930569 -0.096239010593024685 0.081292529219452278 -0.050861279741246129 -0.058742903191282315 -0.063262142212299158 -0.0010370975787245141 -0.025032782243395821 -0.0017207746623697639 0.011998418127607735 0.0014936204224360301 0.041866233346499526 0.017080341956286667 0.03849614121121165 -0.043019983544096974 0.097339561684294362 -0.0081052981388455899 -0.016782931214983775 -0.066053127121245322 0.016638176732746285 0.060948227178734264 0.049746057056295007 -0.08648713386714324 0.004686943314452954 -0.0049815524806458879 0.031980324035264102 -0.014415628377614689 0.0099673495444728179 -0.024930744586295572 0.092640557569814319 0.045016356584383771 -0.054535763371607919 0.015385289907811059 -0.04751010865925423 -0.0020904304145032411 0.019883302124819799 -0.0076575645922092178 -0.0084905568420412785 0.029595596011666364 -0.013504688508163599 -0.071778363105444359 0.023778612444413455 -0.034482961728191389 0.062691879564628447 0.024420679905471369 -0.025244740631603792 0.019958697802367666 -0.020302046815708949 -0.054239407003512069 0.018718715065345205 0.086120793198430523 -0.063419959528050143 0.019724037260104951 -0.0094101232831132857
leaf_weight=11834.548759591504 189.52579508836789 22088.290793944441 1.6967937345034458 7258.525279383728 41.787243952305289 16.471540617611026 7.3515175213397006 4.3145945589349131 1.6857864895137027 4.6606383472098969 3.8758494143839926 9.3698866841878026 3.4415455770504222 22.827789194649085 4800.4512936866377 24.101477393880486 668.69932398744277 136.08979476671084 49.534508133772761 4.4337080518016592 14.729819083819164 2.6702383838710366 43.568248569325078 1.3776868567219935 2320.6278682970442 116.08838538313285 24.256270356476307 46.247195938660298 38.410051562590525 8.794787807390092 10.664635327644644 24.553827597759664 1641.8907746617333 13.37047168496065 17.8688454690855 24.661705736536533 119.60102584725246 13.71390651585534 19.856790924444795 8.9145770799368638 14.729992710053919 11.538591894321142 660.05857216543518 33.782759164460003 565.51431270095054 290.31534116494004 43.702023501507938 7.5728078691754481 16.000237133353949 19.251041174866263 8.5327130760997516 36.804840470664203 39.517721445998177 105.3917708019726 14.281592534156514 26.425400093197823 33.137833087821491 13.246113049332051 11.370146053843198 22.119867296889424 90.829021261073649 66.194894231855869
leaf_count=47696 101433 40717 801 15817 11370 1323 747 687 709 180 168 643 2223 10990 17531 63 5450 1488 361 1257 44 24 278 14 4933 328 38 115 78 13 34 76 3669 21 50 42 510 40 36 27 29 64 1166 92 1168 534 89 22 50 41 34 104 113 293 53 87 98 46 21 58 164 114
internal_value=2.59663e-13 0.000198362 -0.0349791 -0.00161775 -0.0034447 0.0348845 -0.0170027 -0.0228393 -0.0136656 -0.0518404 0.0392477 -0.00286728 -0.0274465 -0.0475744 -0.00284418 -0.00343563 -0.00497659 0.00059914 0.00041968 -0.00210072 -0.0130851 -0.0249297 -0.0383125 0.0157058 -0.00565607 -0.00353404 0.0094667 -0.0118112 0.0305051 -0.00504072 -0.00683762 -0.0289897 -0.00659073 -0.00379367 0.0242229 0.0375655 -0.00851815 0.062695 -0.00768784 0.0145821 -0.0109766 -0.0120002 -0.00436446 -0.00367928 -0.00406378 -0.00173702 0.00371914 0.0225789 0.00242732 -0.000315709 0.0291857 0.0496893 -0.00545017 -0.0161254 -0.0266472 0.00649893 -0.00960926 -0.0334044 0.0469273 -0.0318671 -0.00289786 0.00744226
internal_weight=53813.9 53510.4 303.45 31422.1 113.925 29.7683 84.1564 76.8049 13.2968 7.72411 5.57264 19477.1 72.4903 30.703 19467.7 14667.3 7408.73 804.789 11945.1 7.87525 110.503 60.9683 46.2385 3.06347 6603.94 2361.95 141.81 70.5035 71.3063 32.8963 4241.99 46.7571 4195.24 1711.51 69.6149 51.7461 2483.73 27.0844 2364.13 43.5014 23.6446 36.0924 2220.14 2104.05 2070.27 1458.37 590.573 104.08 59.7023 486.493 39.1539 44.3776 867.795 207.736 141.793 65.9431 611.898 46.3839 30.6212 127.512 447.339 157.024
internal_count=276464 144562 131902 103845 30469 3195 27274 26527 1872 903 969 55442 25840 14470 54799 37268 21451 6938 48403 3480 707 346 302 723 14513 4982 307 153 154 76 9531 174 9357 3822 153 103 5535 61 5025 92 56 140 4675 4347 4255 2943 1173 265 139 908 96 126 1770 604 404 200 1312 144 62 351 812 278
is_linear=0
shrinkage=0.05


Tree=69
num_leaves=63
num_cat=0
split_feature=12 1 5 15 3 5 1 0 0 5 2 0 3 0 1 5 0 5 14 3 0 4 4 0 7 0 1 7 4 4 5 3 7 5 3 1 0 5 3 3 0 2 7 0 4 0 3 7 7 4 0 5 0 3 3 2 3 0 5 4 4 3
split_gain=149.415 99.4742 42.5224 29.5076 15.0093 11.5845 11.1557 10.9794 6.34214 5.70052 5.31279 6.14849 6.14188 5.25484 5.11856 6.7524 4.9762 8.68498 6.82965 7.23044 8.8153 9.91648 4.91632 7.05276 6.57081 9.33423 9.12896 11.3153 13.8538 8.05 6.15507 6.99987 6.79896 11.5798 10.1699 6.24583 14.0508 11.8125 7.45475 6.51001 5.99041 5.92986 12.7625 5.70532 6.44849 6.35596 5.71153 5.4934 5.72939 5.1852 7.99935 5.11965 5.02915 8.72655 8.44507 5.31604 4.94585 6.10285 4.9284 4.76367 4.73948 4.71533
threshold=1.0000000180025095e-35 0.14642857142857144 0.58018506802634451 1.0000000180025095e-35 3.7630222463374992 0.70759387705096144 0.093073593073593086 26.500000000000004 21.500000000000004 0.88806001943279178 0.37040436727039622 17.500000000000004 1.0991042848040917 50.500000000000007 0.31666666666666671 0.85052591351725593 20.500000000000004 0.58402870599568846 1.0000000180025095e-35 1.0467210342973874 30.500000000000004 0.50136201767525601 0.32896572339217622 21.500000000000004 0.0025887377179639099 34.500000000000007 0.35416666666666669 0.0018978671952124329 0.30986478584207655 0.31543749062609078 0.40457483832049607 1.9408137879919847 0.018530613815007872 0.67134596533217328 1.0647058823529412 0.41428571428571431 26.500000000000004 0.81636695571497608 1.2215156154820181 1.0295794297514334 31.500000000000004 0.025545463878097172 0.0091597757747831094 37.500000000000007 0.30617722481003934 35.500000000000007 1.1143121316378422 0.00060835363647043729 0.00095412301746931806 0.33426807108567214 24.500000000000004 0.6856354118838166 22.500000000000004 1.7701520688358665 1.596969328763161 0.06645917992501045 0.94894561785212006 24.500000000000004 0.61063193262033211 0.49994759421251384 0.79633851063981576 1.5064297282645775
decision_type=2 2 2 2 2 2 2 2 2 2 2 2 2 2 2 2 2 2 2 2 2 2 2 2 2 2 2 2 2 2 2 2 2 2 2 2 2 2 2 2 2 2 2 2 2 2 2 2 2 2 2 2 2 2 2 2 2 2 2 2 2 2
left_child=1 3 -2 10 5 -4 7 -5 -8 -6 60 12 -12 -7 -3 22 -13 18 -18 -20 21 -21 24 -24 25 26 27 28 -16 -29 52 32 35 34 -34 36 37 -32 -37 58 -35 42 -25 45 -45 46 -41 -43 -49 50 -50 -52 55 54 56 -26 -54 -58 -38 -17 -1 -36
right_child=2 14 4 6 9 13 8 -9 -10 -11 11 16 -14 -15 15 59 17 -19 19 20 -22 -23 23 41 30 -27 -28 29 -30 -31 31 -33 33 40 61 38 39 -39 -40 43 -42 47 -44 44 -46 -47 -48 48 49 -51 51 -53 53 -55 -56 -57 57 -59 -60 -61 -62 -63
leaf_value=0.00052474842829445905 -0.051915061376715269 0.0024480083773364197 -0.029358036740718737 -0.001394390859494534 -0.025250761309349126 0.069662802418460887 -0.018998913856241861 -0.0042086479666829067 -0.00017627005234069915 0.021592247821787917 -0.025415740084130389 -0.04051648491881512 0.063935564887035987 0.00033189953695252441 -0.0060220821657976792 0.004232264654041409 0.0028548757354308215 0.01985048898602515 0.0087110192013410744 0.010361834866610346 -0.081701843950443387 -0.056014766338409509 0.013814298952876163 -0.002447288828783162 -0.04329911769644329 -0.01474951238781276 0.0077196497221822709 0.062652109021027497 0.047624601604571194 0.020208131827048482 -0.019582378781695321 -0.019177338887691828 0.040820190821821103 0.052073740752238307 -0.031011183604574832 0.032767030360767883 0.0042705772184061892 0.028580549750341827 0.0020567350051555336 0.037266886552326371 0.014853237606367767 0.020650033437944679 -0.076775084088743742 0.012537100591381327 -0.040505896685338126 0.041149023452598014 0.0057722039408966922 -0.023932838112579409 -0.038946361016952181 0.00343066218374561 0.0092826376226843952 -0.021682321921489497 0.038110256717185431 0.049376292940827925 -0.026935278026471984 0.015809306007313711 -0.01243336253971271 0.014853659107884871 -0.028702736101299305 -0.041733690948476176 -0.037660321876801739 0.0022692699229995084
leaf_weight=11857.450939399409 173.4252944229811 16856.817075768951 6.2861131902755032 5049.3809252018691 68.38525001439848 10.727646545157766 45.259354999288917 11050.139108383461 3994.0675419796171 7.1763562842970705 3.0519481000374054 15.04882126796292 5.2004937690217048 3.6673567649704628 33.761431828141212 9.6747446432709712 24.553383539838251 19.635466076026205 9.1778116372879577 10.706850713235326 9.6112338176462782 11.859547075000592 155.99919364525704 29.190320455119945 8.1079278048127872 23.645845778286457 99.121452078223228 29.82161895185709 18.700118746608496 17.86275676637888 113.35103144915774 33.344414573628455 13.247440055012701 24.473689674632624 15.826495431363581 34.618297342211008 21.578695389442146 14.341575793921946 46.043308304157108 15.085619892925022 19.362812939099967 44.196020300965756 7.1997480888967393 10.298112191259863 12.916566967964171 14.400741391815243 314.54238970961887 19.775638375431299 17.923406764864922 2778.6835476469714 40.545237474143505 19.900583758950233 19.177132262848318 16.266048260033131 13.469871958601287 7.1657913033850482 23.407595671713352 164.44637097185478 23.865903366357088 13.503768494701943 8.1316915016504918 32.497952543199062
leaf_count=47149 101433 30342 1674 10878 26527 1336 163 33127 13169 747 32 81 18 185 45 24 157 251 94 25 23 29 331 70 27 36 139 42 28 24 196 77 18 42 25 62 37 22 64 37 34 67 124 18 27 32 459 35 34 5581 57 26 34 30 20 16 36 249 51 51 656 41
internal_value=-3.76743e-12 0.000187682 -0.0371243 -0.00156784 -0.0104718 0.0272706 -0.00273655 -0.003326 -0.000387172 -0.0208019 0.000397709 -0.0105985 0.0308913 0.0519996 0.00284338 0.00436802 -0.0140022 -0.0093379 -0.0180337 -0.0304355 -0.041601 -0.0245217 0.0045115 0.00345272 0.00718123 0.0149522 0.0184768 0.0291238 0.0131005 0.0467524 0.00546923 0.00322318 0.00425138 0.0159925 0.00200922 0.00225857 0.000321308 -0.014173 0.015237 0.0048061 0.0356332 0.00290616 -0.017153 0.0070152 -0.0169758 0.00863408 0.00721358 0.00315605 0.0028873 0.00307294 -0.0096106 -0.000911959 0.0122401 0.014034 0.0114268 -0.0155679 0.0139227 0.0114536 -0.0130458 -0.0225474 0.00049858 -0.00863024
internal_weight=53611.1 53341.4 269.668 32113.3 96.2427 20.6811 20138.8 16099.5 4039.33 75.5616 11974.4 108.846 8.25244 14.395 21228.2 4371.34 100.593 85.5443 65.9088 41.3554 32.1776 22.5664 4348.16 3113.41 1234.75 222.913 199.267 100.146 52.4616 47.6844 1011.84 759.795 726.451 105.408 61.5719 621.042 540.381 127.693 80.6616 412.688 43.8365 2957.41 36.3901 367.243 23.2147 344.029 329.628 2921.02 2876.83 2857.05 78.3692 60.4458 252.041 236.767 220.501 15.2737 207.031 187.854 45.4446 23.1785 11865.6 48.3244
internal_count=276464 144562 131902 105852 30469 3195 57337 44005 13332 27274 48515 710 50 1521 38710 8368 660 579 328 171 77 54 8293 6325 1968 314 278 139 73 66 1654 1242 1165 160 84 1005 879 218 126 661 76 5994 194 573 45 528 496 5800 5733 5698 117 83 412 369 339 43 319 285 88 75 47805 66
is_linear=0
shrinkage=0.05


Tree=70
num_leaves=63
num_cat=0
split_feature=12 1 5 15 1 0 3 5 1 14 5 1 0 18 2 13 4 10 2 3 5 5 2 5 4 0 0 2 2 4 0 1 2 2 1 1 0 13 5 3 0 17 3 0 5 5 5 8 0 2 3 4 8 0 0 4 2 5 3 7 4 4
split_gain=143.593 99.0787 34.5561 28.891 10.5616 9.40089 7.95908 8.24698 5.79509 5.74493 9.45164 5.50428 9.0858 7.02838 8.13116 7.10046 6.27887 6.61276 5.87513 5.98956 6.15636 8.65471 8.20747 6.91762 6.01728 7.0519 5.68897 6.15225 5.63858 5.29278 10.1841 7.0389 5.56332 7.71866 5.15934 4.97893 4.95442 14.3828 10.6439 11.098 7.25458 4.92877 4.83693 4.78319 8.57996 7.99215 6.66274 8.20486 20.0906 29.1181 28.5382 9.812 8.11051 12.8487 33.6421 28.3592 16.2768 7.83771 7.75863 7.59886 7.36185 7.2665
threshold=1.0000000180025095e-35 0.14642857142857144 0.58018506802634451 1.0000000180025095e-35 0.10263157894736843 26.500000000000004 3.7630222463374992 0.70759387705096144 0.31666666666666671 1.0000000180025095e-35 0.72325760290145646 0.051315789473684217 37.500000000000007 1.0000000180025095e-35 0.20961523723513517 1.0000000180025095e-35 0.50434885786451533 1.0000000180025095e-35 0.052544247760631706 4.9643874682072022 0.50083144511883482 0.25366039903209103 0.076606344777224819 0.26650754747316324 0.45815994018833134 33.500000000000007 27.500000000000004 0.2480421677900321 0.044064271176309712 0.7369530981585376 39.500000000000007 0.070197044334975381 0.024785251833363973 0.018885444631002075 0.07417582417582419 0.085144927536231887 23.500000000000004 1.0000000180025095e-35 0.4137337214612587 1.7050677754511934 22.500000000000004 1.0000000180025095e-35 0.71834253183378771 29.500000000000004 0.2220686478513951 0.22789998664364186 0.42906336088154273 1.0000000180025095e-35 35.500000000000007 0.14331921467320899 1.6727272727272737 0.5001324884792635 1.0000000180025095e-35 35.500000000000007 34.500000000000007 0.57367071952775084 0.17532122241791359 0.71073420793088327 3.1007607312275844 0.0061737678417542298 0.50045600867109286 0.49548163490653302
decision_type=2 2 2 2 2 2 2 2 2 2 2 2 2 2 2 2 2 2 2 2 2 2 2 2 2 2 2 2 2 2 2 2 2 2 2 2 2 2 2 2 2 2 2 2 2 2 2 2 2 2 2 2 2 2 2 2 2 2 2 2 2 2
left_child=1 3 -2 -1 5 -5 7 -4 -3 36 -11 13 -13 14 15 16 18 -18 28 20 21 22 -20 -23 -24 -26 27 -16 -7 32 -31 -32 33 -14 -33 -36 37 38 39 40 -6 -22 -34 44 -15 -46 47 48 49 51 59 -45 53 54 61 58 -57 -56 -55 -50 -51 -48
right_child=2 8 6 4 9 11 -8 -9 -10 10 -12 12 29 43 26 -17 17 -19 19 -21 41 23 24 -25 25 -27 -28 -29 -30 30 31 34 42 -35 35 -37 -38 -39 -40 -41 -42 -43 -44 46 45 -47 52 -49 50 60 -52 -53 -54 55 57 56 -58 -59 -60 -61 -62 -63
leaf_value=0.00037579582088389472 -0.051300654643276225 0.0024272760827827415 -0.032157418634631792 -0.0014076858267766366 -0.0075406516778206882 0.0047159180778982646 -0.019836259745673122 0.042170088192972272 0.0044992260695344193 0.0046495244480643152 0.05002838771511247 -0.0061366496237455171 -0.00087054936766546131 0.019775349353845988 0.020434282269142061 -0.0080152045110475894 0.0018652944011274223 0.024769709751993607 0.067105417163396228 -0.020999773446157347 -0.0049542893408536445 0.053485175826658155 -0.10083723366429534 0.011116228636800739 -0.054745887069879019 0.0085578468101325262 -0.0081071259382242827 -0.073054856367775992 0.045542432524637286 -0.090303122823085599 -0.059243484256468318 0.041225172807597438 0.038624007648187741 -0.090942120534526702 -0.05240388744691668 0.018262588115653847 0.00013745404251162875 0.050882147236379197 -0.0046815380246774596 -0.090815166138630138 -0.05837772388199497 0.052885961827243123 0.00040691559217952589 -0.040950067579716865 -0.042100602345341125 -0.0031128818981183606 -0.043360719501506245 -0.0042574126284436326 -0.031390892721164 0.025441030962357499 0.010593027722015971 0.013636289901757173 -0.0064206203015682488 -0.03955958200420804 -0.096592154756711485 0.0039574109515034955 0.07880636996477125 -0.041869468175112681 0.0075114834702897509 -0.094556696425206907 0.075794757996424558 -0.0023911463573098122
leaf_weight=11956.711466312219 163.32106035873585 16850.72863730113 5.5120485291845425 5054.2297837442311 24.482633579522371 20.740228755341377 71.471847148641245 11.555921764549565 4219.8837417031173 54.298399034771137 14.549307097680865 885.38813292088162 5.9302266105078143 40.857600671239197 2.3779429482528922 136.78818750364007 57.363025421102066 69.927634483523434 2.4832219802774516 31.276368451857707 197.56054507000954 10.504065427638123 2.5610664559062597 116.29218126699561 7.7692988433991585 10.142489509191362 146.57788059941959 6.7691019775811583 14.28015216893982 4.5404951040982295 5.1387941378779969 6.8010473400354412 8.3184313941746932 3.9713715696707368 4.7377367208828201 5.2598498748848215 2852.9814779762528 9.6546621914021653 126.73448726325296 7.0929098926717407 9.8374156164936704 3.7531117371399878 1760.3785095240455 12.016645891591905 13.23019854724407 2032.0675898471382 13.550623293966053 2162.978180199163 9.4126965049654263 10.534642884507774 41.459254659595899 26.142034418298863 3894.889858215116 33.065114508382976 17.36172761768103 17.0409552740166 12.659014880657194 10.500787247903643 11.906558464281259 9.6350610016379488 23.343076847260818 53.764712142583448
leaf_count=48515 101433 30342 1674 10915 68 222 27274 1521 8368 218 55 4971 30 88 35 572 293 1221 19 261 1678 67 12 1145 52 103 2027 64 129 47 28 27 18 24 74 42 8472 34 405 45 42 53 5848 26 30 3822 34 4467 16 34 105 73 8761 107 36 95 25 24 30 26 36 186
internal_value=-9.0705e-12 0.000178461 -0.0376642 -0.00157089 -0.00272729 -0.00321595 -0.0125105 0.0181662 0.00284223 -4.27835e-05 0.0142393 -0.00397922 -0.00198788 -0.00455632 -0.000186437 0.00216918 0.00472696 0.0144479 0.00176218 -3.31955e-05 0.00183471 0.00951164 -0.0187381 0.0146262 -0.0291503 -0.0189004 -0.0104945 -0.0487506 0.0213636 4.70812e-05 -0.0221431 -0.00803572 0.000377426 -0.0369968 0.00762901 -0.0152254 -0.000367216 -0.00846507 -0.0118727 -0.0338794 -0.0221125 -0.00387597 0.000586656 -0.00498944 -0.00291187 -0.00336508 -0.00567089 -0.00351744 0.00855825 0.0263991 -0.0126821 -0.00355364 -0.00688702 -0.0175823 -0.0297632 -0.00205643 0.0358603 -0.0759683 -0.0270972 -0.0633425 0.0601367 -0.0106383
internal_weight=53407.1 53155.2 251.861 32084.6 20127.9 17028.3 88.5398 17.068 21070.6 3099.63 68.8477 11974 2690.46 9283.58 837.167 681.442 544.653 127.291 417.363 382.342 351.066 149.752 22.9561 126.796 20.4729 17.9118 155.725 9.14704 35.0204 1805.08 26.4779 21.9374 1778.6 9.9016 16.7986 9.99759 3030.78 177.802 168.147 41.413 34.32 201.314 1768.7 8446.42 2086.16 2045.3 6360.26 2295.52 132.543 72.0364 60.507 38.1587 4064.74 169.849 95.1779 74.6716 29.7 27.8625 44.9717 19.0478 33.8777 67.3153
internal_count=276464 144562 131902 105852 57337 47998 30469 3195 38710 9339 273 37083 11109 25974 7953 5827 5255 1514 3741 3390 3129 1398 186 1212 167 155 2126 99 351 6138 218 171 5920 54 143 116 9066 594 560 155 110 1731 5866 18021 3940 3852 14081 4783 316 169 147 99 9298 537 280 257 120 60 137 42 70 220
is_linear=0
shrinkage=0.05


Tree=71
num_leaves=63
num_cat=0
split_feature=12 1 5 15 1 0 4 4 0 1 7 0 3 3 5 4 4 0 4 5 4 0 15 2 4 18 7 2 3 0 5 2 5 1 3 3 5 1 0 5 7 5 3 5 5 5 5 5 7 0 2 2 7 2 7 7 7 7 2 7 7 3
split_gain=136.354 98.0667 30.0555 28.4284 10.2743 10.6723 7.0324 8.24373 6.40144 5.62673 4.7944 6.30466 7.13445 4.7727 6.94333 6.82154 7.53724 8.29699 4.7381 4.67372 8.82605 4.64394 4.56343 6.09787 4.36465 4.34123 6.57827 8.85326 8.61937 5.91517 6.69034 6.88783 6.1566 7.31733 6.13596 5.90988 5.45177 5.11947 7.19558 10.5989 6.8634 4.93202 4.90391 5.04169 7.8212 5.97644 7.15819 7.31557 5.20711 4.67519 6.72072 7.21665 15.0268 9.02041 8.19977 5.71221 9.85423 8.8605 5.30597 10.8692 6.56679 5.03831
threshold=1.0000000180025095e-35 0.14642857142857144 0.58018506802634451 1.0000000180025095e-35 0.093073593073593086 26.500000000000004 0.50238114633275965 0.50127356273039581 21.500000000000004 0.31666666666666671 0.47891652489029013 30.500000000000004 8.5333654637621645 1.273138341112878 0.73438131670195472 0.66321984456263439 0.57367071952775084 19.500000000000004 0.52181845003933947 0.17220088250350865 0.4964093357271096 18.500000000000004 1.0000000180025095e-35 0.1018090380931647 0.79633851063981576 1.0000000180025095e-35 0.15193854260859899 0.09641876010619832 1.640364029768324 63.500000000000007 0.26424449547930867 0.10698584444712256 0.53457339891584155 0.078461538461538485 3.2885575010432961 1.0295794297514334 0.57635292663558124 0.051315789473684217 42.500000000000007 0.48802955993199532 0.012595549840014203 0.59573903799194239 1.6108391551852064 0.27878620746909005 0.30786948368098416 0.38948880153367565 0.61063193262033211 0.63348388174926307 0.026060335841030489 29.500000000000004 0.042267599040761557 0.046691000676646596 0.010015579887272537 0.045791347053282659 0.00084158607634877145 0.0048449759114524661 0.0068292682926831818 0.0027907111541749185 0.03701885115870461 0.008429349902475217 0.013374692924146706 2.619139194139199
decision_type=2 2 2 2 2 2 2 2 2 2 2 2 2 2 2 2 2 2 2 2 2 2 2 2 2 2 2 2 2 2 2 2 2 2 2 2 2 2 2 2 2 2 2 2 2 2 2 2 2 2 2 2 2 2 2 2 2 2 2 2 2 2
left_child=1 3 -2 24 5 -5 7 22 13 19 -8 -12 18 14 -6 16 17 -15 -13 20 -3 -11 23 -4 -1 26 27 -7 42 30 31 -30 -32 34 36 -28 -34 49 39 -39 -41 -31 43 -29 -45 -46 -47 -48 -49 50 55 52 53 -52 -53 57 -57 -27 59 -58 -61 -56
right_child=2 9 6 4 8 25 10 -9 -10 21 11 12 -14 15 -16 -17 -18 -19 -20 -21 -22 -23 -24 -25 -26 37 35 28 29 41 32 -33 33 -35 -36 -37 -38 38 -40 40 -42 -43 -44 44 45 46 47 48 -50 -51 51 54 -54 -55 61 56 58 -59 -60 60 -62 -63
leaf_value=0.00037962479401530648 -0.050990471085203715 0.017184385798643176 -0.0078317349435166033 -0.0013912610797697925 -0.024901802881190056 0.0053143490140763099 -0.054337870110334224 0.044967639651245006 -0.00025746891164747789 0.036706504356739021 -0.069304859228809801 -0.019147506975962535 -0.054962044363269319 0.0092314054334947243 0.040427088293572611 -0.081402408494816558 0.022408010016471691 -0.06816228924636708 0.05101414114766975 0.0024391359842323742 -0.049112877221597857 0.0043666822218460981 -0.030964352661057459 0.059348204805082454 -0.037098970469439871 0.00083332276663719779 -0.065649008484197108 -0.090774166357189157 -0.093952787745181177 0.084944867097500223 0.0030889111437490107 -0.017893254262514518 -0.03258136189277494 -0.081530403127532389 0.018030361150435537 0.0080737706398818308 -0.0073339063877904719 -0.013147030793811125 0.00092032159578925516 0.0023348943186722606 -0.0127006585184229 -0.020235689077154423 -0.064657335724824225 0.047340472406020781 -0.04375550810404371 0.015691982252004671 -0.086343207571391009 -0.01168714350333779 -0.08892915877300428 -0.0056506489589038924 -0.071135227347197974 0.029760998090998358 0.0034242305914053729 -0.012323246541330903 -0.004068379934345806 -0.042921430736934267 0.052740528315149582 0.044298777627255426 0.031297768399513412 -0.073426093828980854 -0.0043031908782233145 0.0057835412127465562
leaf_weight=11944.054088056684 152.92855565837817 8.6315954541787523 24.227620302379368 5047.4911943393818 9.9984935782849806 212.66758310576552 14.074784753713173 7.7075906475511138 3982.5046266556747 11.13010312989354 4.2077030958025743 3.9936395862314367 4.1261617324344106 5.4588831327855649 6.8562031164765349 5.5928274057805529 7.2033605426549903 9.4713691630167869 6.0539228601555806 16824.119528540177 11.998397995368576 4206.9916042779805 17.526301014120691 3.9250797039130694 7.7733012051612596 23.536303042201325 2.7557437502546227 2.2867812830954781 3.8160797310411025 3.3765692882006979 196.81306949368445 13.530140065762678 26.5247529616463 3.5094057000242165 19.091079506528331 200.65477311005816 110.27414669198333 288.15833857527468 951.2713292879489 355.43489042628789 96.508174159331247 1.6636826874455435 5.8703024176065801 4.6764038389082989 18.976857789966743 17.272279729659203 4.0349059785366981 40.111446787777822 2.3073849386419161 6299.8315159055637 16.492952366359535 18.887869492988102 29.923664316534996 10.78204729221761 1769.3040765817277 11.28245013207197 5.6215449906885651 23.363995987921953 16.753952188417315 5.316871151328086 9.7126662542577815 140.04443288920447
leaf_count=47859 101433 22 9081 10878 47 1439 9069 1211 13169 27 2024 867 1591 17 15 27 10 47 411 30285 35 8341 5620 595 656 45 49 21 18 34 1383 96 205 21 188 2060 1222 1574 3114 1647 585 28 64 54 161 385 119 623 16 14081 33 39 41 25 3225 23 10 37 32 12 45 373
internal_value=-7.24288e-12 0.000169676 -0.0376997 -0.0015747 -0.00272589 -0.00329374 -0.0140224 -0.00286395 -0.000468386 0.00281892 -0.0323766 -0.0155608 0.00039405 -0.0193099 0.00167288 -0.0320652 -0.0195984 -0.0398652 0.0231267 0.00240997 -0.0213741 0.00445202 -0.0109347 0.00153456 0.000355249 -0.00416971 -0.000822841 -0.00316194 -0.00696388 -0.00357738 -0.00430334 -0.034626 -0.00282674 -0.0101309 -0.00852354 0.007075 -0.0122293 -0.00446551 -0.00195626 -0.00565361 -0.000875806 0.0502269 -0.0203842 -0.0174857 -0.0155677 -0.0191248 -0.01179 -0.0220083 -0.0158887 -0.00497191 -0.0029172 -0.00354067 -0.021043 -0.0478863 -0.00302148 0.0100327 -0.00196368 0.0224862 0.0103904 -0.00657153 -0.0287562 -0.00334577
internal_weight=53290.5 53051.7 238.771 31988.8 20037 16009.9 85.8428 53.3866 4027.09 21062.9 32.4562 18.3814 14.1737 44.5811 16.8547 27.7264 22.1336 14.9303 10.0476 16844.7 20.63 4218.12 45.679 28.1527 11951.8 10962.4 890.213 686.803 474.135 378.599 373.559 17.3462 356.212 159.399 155.89 203.411 136.799 10072.2 1691.37 740.101 451.943 5.04025 95.5364 89.6661 87.3793 82.7029 63.726 46.4537 42.4188 8380.85 2081.02 1985.44 57.1987 27.275 1928.24 95.5878 48.6875 46.9003 37.405 20.6511 15.0295 1909.35
internal_count=276464 144562 131902 105852 57337 44005 30469 16507 13332 38710 13962 4893 2869 163 62 101 74 64 1278 30342 57 8368 15296 9676 48515 33127 8186 6077 4638 3195 3133 114 3019 1636 1615 2109 1427 24941 6920 3806 2232 62 1443 1379 1358 1304 1143 758 639 18021 3940 3736 99 58 3637 204 122 82 99 67 57 3598
is_linear=0
shrinkage=0.05


Tree=72
num_leaves=63
num_cat=0
split_feature=12 1 15 5 4 1 0 10 7 2 4 17 7 3 3 0 5 13 13 5 4 0 5 5 4 2 7 14 0 2 7 1 5 0 2 0 3 3 0 7 7 7 0 0 5 7 4 0 1 5 1 1 5 2 5 7 1 1 0 7 2 4
split_gain=130.492 96.6479 29.7659 26.826 7.64854 7.15641 12.7697 8.94716 7.87475 6.27626 6.19962 6.08643 6.1105 7.12946 6.39443 6.0486 7.55189 7.4661 5.94376 7.63969 7.12329 6.71722 8.3002 9.4147 10.1477 9.03012 8.97695 7.98747 6.7439 6.54776 6.22258 5.7513 8.42988 19.1136 12.1638 24.5625 27.322 24.6365 15.6196 18.0676 15.1573 13.5453 12.9657 14.252 19.573 11.8752 13.4873 16.4669 20.4159 18.2717 21.5494 15.7421 13.7459 12.1912 11.0471 12.436 10.3195 17.5363 10.1399 9.83643 9.30534 15.253
threshold=1.0000000180025095e-35 0.13809523809523813 1.0000000180025095e-35 0.58018506802634451 0.79633851063981576 0.078461538461538485 29.500000000000004 1.0000000180025095e-35 0.38169290533165812 0.056313640108735789 0.27240090112754239 1.0000000180025095e-35 0.0028463146109177222 2.4738081171341491 2.2100043145175925 54.500000000000007 0.65669218151308506 1.0000000180025095e-35 1.0000000180025095e-35 0.37370105274780335 0.50371803067937881 30.500000000000004 0.51655020451889377 0.38948880153367565 0.50148843423160139 0.16350047043977281 0.016903833209950082 1.0000000180025095e-35 35.500000000000007 0.13335136326739608 0.19643694110000853 0.22649572649572652 0.60351097094861816 38.500000000000007 0.13177389228851785 38.500000000000007 2.5878315134808276 1.8995393803049152 36.500000000000007 0.0024030541132540411 0.08365111110576523 0.11977955455240177 25.500000000000004 33.500000000000007 0.69851124319439706 0.098515826470156581 0.68497476854574646 36.500000000000007 0.17914438502673799 0.46284246815815805 0.19375000000000003 0.19375000000000003 0.28226042484674346 0.17781952658736253 0.7865772244475403 0.0079462805788452686 0.15192307692307697 0.15587044534412958 36.500000000000007 0.01986169550556122 0.073056247389871473 0.690308138437154
decision_type=2 2 2 2 2 2 2 2 2 2 2 2 2 2 2 2 2 2 2 2 2 2 2 2 2 2 2 2 2 2 2 2 2 2 2 2 2 2 2 2 2 2 2 2 2 2 2 2 2 2 2 2 2 2 2 2 2 2 2 2 2 2
left_child=1 2 -1 -2 5 6 -4 -8 10 -5 -9 12 13 14 -12 18 -17 -18 20 -20 21 -14 23 24 26 -25 -23 29 -28 -24 -27 32 33 45 -34 37 40 42 54 -40 56 -42 -36 -44 -45 59 47 53 -49 51 -51 -50 -53 -47 -39 -56 -37 -58 -46 60 -3 -62
right_child=3 31 4 9 -6 -7 7 8 -10 -11 11 -13 15 -15 -16 16 17 -19 19 -21 -22 22 27 25 -26 30 28 -29 -30 -31 -32 -33 34 -35 35 36 -38 38 39 -41 41 -43 43 44 58 46 -48 48 49 50 -52 52 -54 -55 55 -57 57 -59 -60 -61 61 -63
leaf_value=0.00033211932396348746 -0.050899867828737448 -8.9115845288302681e-05 -0.0018538827239560575 -0.026297105797767031 -0.04943626467539794 -0.0010583220925829107 -0.0053884685809213826 0.046012722183431123 0.011401455039800159 0.0024665784688882057 0.012240609948343912 0.020968519854863824 0.017775814065517898 -0.0055752549177797957 0.064095149931697848 0.030924561183260504 0.017148318006585866 -0.055187550039276972 -0.041469687197761826 -0.010041918430574451 0.0084970309669598031 0.0033499012180212076 0.0091669328282065737 0.001853340314187696 -0.055747517218648047 0.068618357927407156 -0.01019201481386243 -0.040416025103083626 -0.087222715415538735 -0.019663037978135411 -0.020421386226721881 0.0033160383806274903 0.0022027123286975005 0.0037378340067317703 -0.032392601280445403 0.069135454096419802 -0.049610087167471 0.0098470969174633185 -0.011852327385964301 0.066477914921182796 -0.095630398313961126 -0.009317594927450842 0.025811249293145513 0.027581098651791831 -0.066287574489381218 -0.012271598143772468 0.013698204718596951 -0.075510220258260791 -0.039247596420031741 0.0028400888465704472 -0.08006866466315718 -0.01554230538630862 0.068684160769595229 0.029364449350563 0.074517255224974807 0.021018041018204044 -0.035242492364739961 0.017944293160007795 -0.006475779818526331 0.010550009901403777 -0.0099099010258083681 0.020830953784431748
leaf_weight=11906.771036399688 144.78345903973968 1223.7381743644364 7226.7776033527043 46.733715422451496 8.8067089866672159 4396.8145517322118 6745.0002115953248 6.6587940016761413 131.14545801696659 31.91727511951467 63.052088084310526 26.583370659471257 22.623657885589637 68.684146462677745 6.5641635268693781 23.199293609446613 7.9922373106237483 6.4428296759724617 26.452330781379715 71.888060388737358 80.383212170505431 63.191241923923371 26.486505566048436 26.055520672613056 10.870632288482737 10.865193995268781 6.343450613843741 33.344181794556789 5.1465909974067472 76.801382836361881 2.3946588039398184 13958.362688265799 3165.856973369664 1958.1813803993864 21.417492427397519 7.906121229985728 26.829457851359621 74.688394719327334 8.7649704217910749 45.984967235592194 4.9374840110540381 57.248133635031991 62.765007349080406 19.991382468666416 14.480981889413671 160.18142681731842 43.559695225208998 22.266100710257888 11.579182175686585 13.230517975986002 19.227152099600062 8.2339666647603753 11.766400341643019 19.748750655562617 17.278644589066971 29.251859199954197 18.125841042841785 106.89076563931303 13.875986243656369 154.44052379432833 557.6773974634707 43.499243977013975
leaf_count=48403 101433 1928 15817 21951 643 15990 16027 22 1490 8518 573 239 164 415 53 219 84 19 121 329 994 368 356 220 77 130 22 220 25 821 4 25317 5311 3657 98 37 85 334 9 141 10 219 207 67 45 405 99 42 23 20 61 15 38 71 47 75 53 400 34 333 1441 95
internal_value=-1.22363e-11 0.000160781 -0.00163157 -0.0381306 -0.00285057 -0.00282917 -0.00335615 -0.00479444 0.000194164 -0.0146245 -0.00199294 -0.00247337 -0.00344892 0.00585389 0.01713 -0.00601961 0.013257 -0.0151375 -0.007587 -0.0184956 -0.00464397 -0.00836178 -0.0106231 -0.0013049 -0.010612 0.0189478 -0.00404208 -0.0191389 -0.0446954 -0.0122701 0.0525383 0.00270481 0.00163077 0.000111287 0.00337678 0.0103841 -0.00230122 0.01951 0.0317723 0.053938 0.00420425 -0.0161708 0.00322862 0.0100947 -0.0103082 -0.00299093 -0.0120938 -0.0163138 -0.0342687 -0.0199287 -0.0462731 0.00714815 0.0340089 -0.00770171 0.0217609 0.0408844 0.0137363 0.0102329 -0.0370197 -0.00156622 -0.0025916 -0.00768559
internal_weight=53212.8 52989.3 31087.3 223.434 19180.6 19171.8 14774.9 7548.17 803.169 78.651 672.024 665.365 638.781 138.3 69.6163 500.481 37.6344 14.4351 462.847 98.3404 364.506 284.123 261.499 124.867 85.5519 39.3154 74.6813 136.632 11.49 103.288 13.2599 21902 7943.62 4247.33 3696.29 530.437 221.938 308.5 175.969 54.7499 195.108 62.1856 132.531 111.113 48.3484 2289.15 309.793 266.233 86.3033 64.0372 32.4577 31.5795 20.0004 179.93 121.219 46.5305 132.923 125.017 28.357 1979.36 1824.91 601.177
internal_count=276464 144562 103845 131902 55442 54799 38809 22992 6965 30469 5475 5453 5214 1041 626 4173 322 103 3851 450 3401 2407 2243 846 492 354 415 1397 47 1177 134 40717 15400 8228 7172 1861 804 1057 606 150 719 229 451 353 146 4571 774 675 199 157 81 76 53 476 456 122 490 453 79 3797 3464 1536
is_linear=0
shrinkage=0.05


Tree=73
num_leaves=63
num_cat=0
split_feature=12 1 15 5 1 0 10 13 5 5 2 2 4 5 0 5 0 2 0 6 14 2 5 7 0 4 5 3 7 5 5 4 4 2 0 1 0 5 2 4 1 2 2 7 5 5 7 5 5 7 3 7 2 5 3 5 3 14 2 3 0 0
split_gain=123.195 95.5395 29.0969 24.7344 7.04372 13.6536 8.84124 6.70096 7.95058 15.8829 9.6694 8.14264 8.12563 7.94738 7.51719 10.5066 6.28227 6.22551 8.2086 6.68317 7.72335 7.5876 7.18183 6.6314 6.13602 21.8149 8.52902 6.77965 9.59065 7.53902 6.10386 5.95956 5.98558 5.95597 5.62702 5.51449 5.48994 5.48908 5.28965 6.14128 6.77129 5.63087 5.26693 5.75055 5.17014 5.16545 5.67288 4.91485 4.89531 5.04117 4.9961 6.84205 6.10189 8.47251 4.87824 6.75076 4.87318 5.50596 5.18168 4.85146 7.86363 7.00511
threshold=1.0000000180025095e-35 0.13809523809523813 1.0000000180025095e-35 0.58018506802634451 0.063508064516129045 29.500000000000004 1.0000000180025095e-35 1.0000000180025095e-35 0.51074019653773217 0.41049030786773111 0.17289148049573108 0.28752421634218589 0.50005356274867474 0.51373626373626424 54.500000000000007 0.28226042484674346 31.500000000000004 0.13177389228851785 30.500000000000004 1.0000000180025095e-35 1.0000000180025095e-35 0.17781952658736253 0.70461154974687823 0.25574913888096223 33.500000000000007 0.49966374720245593 0.36485047417419675 1.8796203463100796 0.0069873157724266574 0.21549592428312211 0.37701295203477819 0.50371803067937881 0.48232648380245791 0.18947970705414199 45.500000000000007 0.31666666666666671 59.500000000000007 0.28610054172847738 0.12696322556851089 0.50574743285299872 0.11651583710407241 0.14704839199032899 0.047153228099672255 0.0065346810018987681 0.54049073347574217 0.53457339891584155 0.0033731313293023529 0.31019805463610856 0.80074420145741787 0.0021684730407308139 5.5080666146239938 0.28897947638131871 0.055894356600807514 0.39858712480560371 1.3931279703090911 0.23329449382737752 1.3782272272128095 1.0000000180025095e-35 0.081086709515742858 4.8352658366695156 27.500000000000004 24.500000000000004
decision_type=2 2 2 2 2 2 2 2 2 2 2 2 2 2 2 2 2 2 2 2 2 2 2 2 2 2 2 2 2 2 2 2 2 2 2 2 2 2 2 2 2 2 2 2 2 2 2 2 2 2 2 2 2 2 2 2 2 2 2 2 2 2
left_child=1 2 -1 -2 5 48 -7 8 9 11 12 24 16 14 15 -9 -11 18 -10 21 -21 -19 23 -23 25 26 54 28 -26 -29 -27 32 -31 -17 44 -3 -6 -30 42 40 41 -40 43 -38 -22 46 -20 -16 50 -50 59 52 53 -52 -8 -56 58 -58 -47 -4 61 -61
right_child=3 35 4 -5 36 6 7 13 17 10 -12 -13 -14 -15 47 33 -18 19 45 20 34 22 -24 -25 27 30 -28 29 37 31 -32 -33 -34 -35 -36 -37 38 -39 39 -41 -42 -43 -44 -45 -46 56 -48 -49 49 -51 51 -53 -54 -55 55 -57 57 -59 -60 60 -62 -63
leaf_value=0.00031315543981175003 -0.050749888183057396 0.0023006078430385202 -0.0022211355969784566 -0.015314479522679961 -0.0015272093262615125 -0.0055726991782854823 0.087212666714137271 -0.06446771960685807 0.047699526541669632 -0.058629182080910919 0.0562959459165909 -0.036992213733687884 0.036692998926006075 0.003441597211982856 0.05685895600609582 -0.0087841860670803667 0.0078724502761091733 -0.017564675066536365 0.027019023773048413 -0.0082585245165804743 0.031223084492670729 0.069437393541014747 0.043734432617931099 -0.0088430245436502443 0.0054500831713375341 -0.050522816024135164 -0.045746580803302087 -0.022815337132097158 -0.077951507506401244 0.057502973620360089 0.01334975901383414 0.052550645569966983 0.011450125515131047 -0.047003348326923676 0.0048247108690388837 0.0043139999876728634 0.057529869074719499 -0.0094932629540230209 -0.066577832999763747 0.078264867612974798 0.0520166136985179 0.019208434717760771 0.0012119278337232135 0.0023154719386881853 -0.054597066108723773 0.014831195123720158 -0.071616685433332147 -0.0075016833141738617 -0.01039970338154287 0.00409396731604367 -0.067107314821782948 0.0076182073074005556 -0.071184301258161942 0.031431436708038767 -0.027158538603739471 0.045772070811822434 0.01082438019895289 -0.015578555038678419 0.08317658016229082 0.039203147529843219 0.090912937926870663 -0.056340772770620329
leaf_weight=11902.551988298655 136.08196026617952 17586.751537373348 6586.0690615914064 77.172672600703663 4647.4857500652142 6306.43129884261 3.9857906746910947 13.519637597084509 10.798912282509262 4.2212019917788011 21.865653455228312 12.826061895815654 25.824841852605459 73.101906946685631 4.8368391559924913 53.371459656977095 22.378974332823418 23.994140864757355 2.1319161241990505 103.92870139575098 1.904707588837488 3.0909218695014742 16.194519358279649 21.693420466879616 47.242719058674993 23.823161646621887 3.61449193075532 10.762185901374322 6.0947903542546538 7.8568548761541015 4.4370147966546929 13.163234911990001 69.184373630268965 12.600241977546828 6.4123192210681728 4216.1638879947714 9.1943201706744748 5.6356317229219712 3.2730218251235801 5.19946592405904 6.6719793934025802 4.6029317962820642 152.49219059397001 9.6809465915430319 22.31983792851679 12.491504664416427 4.6095900540240109 7.6699993184302002 67.61273509147577 532.49538127757842 3.9482176596648078 11.232364225899802 8.9964564185356704 4.8747331524209585 4.4135034949285901 11.289253463561179 47.557305313792313 33.76419444475323 3.5646759730298063 4.9949473678134364 3.6463254975969894 3.1147435760358348
leaf_count=48403 101433 32349 14310 30469 17660 14326 23 93 85 26 309 96 329 368 22 178 237 192 15 1663 13 11 112 185 187 190 28 97 35 64 35 194 519 74 39 8368 18 82 16 31 60 39 311 34 206 74 48 33 159 1210 29 96 48 34 25 98 829 153 19 27 17 31
internal_value=-9.54503e-12 0.000153021 -0.00162822 -0.0379265 -0.00283486 -0.00339243 -0.00495224 7.60667e-05 0.00248384 0.00832681 0.0283647 0.0016909 0.016715 -0.00886487 -0.0186436 -0.0243128 -0.00268074 -0.00306485 0.0062055 -0.00840383 -0.0147622 0.00476504 0.0178396 0.000919537 0.00403674 -0.0109623 0.0248521 0.0088723 -0.00459738 0.0167397 -0.0404944 0.021459 0.0161467 -0.0160838 -0.0368246 0.00268995 -0.00118568 -0.0450622 0.00711963 0.0316241 0.0149546 -0.0164419 0.00429588 0.0292109 -0.0478493 0.00190187 -0.0404244 0.0173889 -0.00186335 0.002461 -0.00225495 -0.0229442 -0.0422091 -0.0126641 0.0378128 0.0252738 0.00483214 -0.000137959 0.0300047 -0.00216385 0.0299275 0.00250695
internal_weight=53068.9 52855.7 31052.7 213.255 19150.2 14311.6 7084.61 778.176 613.076 298.62 74.2907 224.329 52.425 165.1 91.9982 79.4913 26.6002 314.457 114.918 199.539 134.566 64.973 40.9789 24.7843 211.503 51.5632 23.303 159.94 58.9731 100.967 28.2602 90.2045 77.0412 65.9717 30.6369 21802.9 4838.6 11.7304 191.115 19.7474 14.5479 7.87595 171.367 18.8753 24.2245 104.119 6.74151 12.5068 7226.98 600.108 6626.88 29.0518 17.8194 8.82295 19.6885 15.7028 97.3777 81.3215 16.0562 6597.83 11.756 8.10969
internal_count=276464 144562 103845 131902 55442 37273 21312 6986 6218 2574 901 1673 592 768 400 345 263 3644 1223 2421 1921 500 308 196 1577 399 174 1178 304 874 225 777 583 252 258 40717 18169 117 509 146 115 55 363 52 219 1138 63 55 15961 1369 14592 207 111 63 146 123 1075 982 93 14385 75 58
is_linear=0
shrinkage=0.05


Tree=74
num_leaves=63
num_cat=0
split_feature=12 1 15 5 1 0 10 7 0 1 17 1 5 2 0 0 0 2 3 5 4 0 4 2 0 0 7 0 7 4 1 2 1 5 6 4 3 1 7 2 4 4 5 1 3 0 2 5 13 0 4 0 5 7 0 3 2 2 4 7 7 4
split_gain=116.238 94.4285 28.5752 23.1549 7.24474 12.6333 7.78064 8.37266 5.53781 5.71349 5.29596 5.27775 7.09791 9.46312 11.3128 12.0883 18.3871 30.3892 17.0485 14.2668 12.8374 11.6422 9.4227 9.14265 9.69121 8.98206 8.76101 7.9526 7.13574 7.01432 6.49994 6.34087 6.00593 8.41386 10.98 7.79291 5.81491 8.88589 19.7766 10.1402 8.5522 7.81182 11.3368 15.1577 7.96406 9.84954 12.1363 7.0634 14.8764 11.7236 18.6147 23.2552 14.9982 12.0241 8.5004 10.8452 13.845 6.84542 6.46277 12.185 10.0671 9.72241
threshold=1.0000000180025095e-35 0.13809523809523813 1.0000000180025095e-35 0.58018506802634451 0.078461538461538485 29.500000000000004 1.0000000180025095e-35 0.38169290533165812 40.500000000000007 0.097619047619047633 1.0000000180025095e-35 0.22649572649572652 0.71073420793088327 0.13177389228851785 48.500000000000007 43.500000000000007 38.500000000000007 0.17781952658736253 2.4228108170870679 0.7423844816725097 0.51935387589771442 32.500000000000007 0.49391162356704893 0.15109015898819245 54.500000000000007 46.500000000000007 0.0025887377179639099 30.500000000000004 0.0098604226921307301 0.50209996192053563 0.21825396825396828 0.044064271176309712 0.17914438502673799 0.22576968964262067 1.0000000180025095e-35 0.5031846438172044 2.4738081171341491 0.15192307692307697 0.0091597757747831094 0.10888875398326274 0.49878577660784068 0.32067023350194995 0.4169417040465348 0.15192307692307697 1.2396029647219269 39.500000000000007 0.053412244327442251 0.36775289329118893 1.0000000180025095e-35 25.500000000000004 0.66321984456263439 32.500000000000007 0.4536227013154352 0.0019668279140259799 41.500000000000007 1.4603878729849085 0.0700892908369221 0.062323961281312602 0.68082273625320655 0.008429349902475217 0.0047456679594718937 0.35384009980751824
decision_type=2 2 2 2 2 2 2 2 2 2 2 2 2 2 2 2 2 2 2 2 2 2 2 2 2 2 2 2 2 2 2 2 2 2 2 2 2 2 2 2 2 2 2 2 2 2 2 2 2 2 2 2 2 2 2 2 2 2 2 2 2 2
left_child=1 2 -1 -2 5 -4 -7 10 9 -6 -8 12 25 -14 15 16 18 19 20 -18 -15 27 -19 -16 -25 32 31 29 -23 -20 -30 -27 33 34 -3 -36 41 40 -39 -40 -38 42 44 -44 -35 46 -46 48 58 52 53 -52 -49 -51 -53 56 -56 -45 60 -60 -43 -62
right_child=3 11 4 -5 8 6 7 -9 -10 -11 -12 -13 13 14 23 -17 17 22 21 -21 -22 28 -24 24 -26 26 -28 -29 30 -31 -32 -33 -34 36 35 -37 37 38 39 -41 -42 47 43 57 45 -47 -48 49 -50 50 51 54 -54 -55 55 -57 -58 -59 59 -61 61 -63
leaf_value=0.00029627096518977745 -0.050608920984370288 0.0122607237943223 -0.0018632653182035495 -0.015799521524814248 -0.0068499377861492676 -0.0053370806336576378 -0.0032840225567177268 0.011672576190318227 0.0021887269690123098 -0.0011396173500932021 0.019861737271309673 0.0032512582558937328 0.002664344621401638 0.0028454225529881937 0.021316309894095779 0.045401091334713255 0.011395430793484382 0.086919251456174823 0.057963845936011921 -0.070020624613489887 0.06128542347143149 0.092594986482914185 0.010506085748957644 -0.048458684768079005 0.0097905476002674088 -0.0068169978447519056 0.0032725347932813908 -0.029017379057057053 0.060674763646583023 -0.0035023375860622585 0.011718899545809586 0.024386514681308386 0.00062813593091121502 0.022235520077289853 -0.023581621104815348 -0.07998031925569106 0.017292667570314457 -0.073730413452862964 0.017944073174153741 -0.0413519153808296 -0.015267165780254825 -0.034945804424881897 -0.0022175122164032222 -0.064975512219387466 0.022760098855530254 0.023028598337603342 -0.047333512788703472 0.054278305084641633 0.053741307548297007 0.072474609422516698 -0.05949638984474085 0.025844193404998279 0.0092980509944381121 0.0070735549910138701 -0.063347625655601467 0.011421809592553235 0.0080421125019667812 -0.026832052939689783 0.02619406288015156 -0.027108775460164453 0.026676157125973134 -0.010643628154254049
leaf_weight=11898.542881469679 128.19962035652134 12.190820865100248 7220.2017886198591 76.152114472075482 517.76649520741194 6734.242488676944 615.51140989927808 127.53694808007276 1018.9871461369912 2845.0472993337899 25.747757669683779 13948.295224808797 2221.4105039589922 109.07360770873493 14.646301792701705 30.716313925338909 7.2444827995495897 5.472412786853968 10.656100571621215 20.916077242873143 10.283053204766473 10.138878530357031 15.353052493883295 19.148318011721134 11.386996052984612 20.076515913009644 867.46155559580075 7.7300108985509715 20.072691987908911 8.2231929977424425 10.238543850253338 86.119960577692837 3351.4374866812141 33.348026039078832 15.907764868345113 9.9597074873745424 32.26629204308847 16.71440821554279 17.957088256545834 12.047066897910552 53.785143085988238 37.168363883160055 50.19882223661989 18.754702230915427 8.7510460466146487 14.967547327280043 20.982309298589826 24.520533415488899 10.329089886974542 7.3213739673956288 24.548709048889577 18.7520343917422 75.890172704064753 175.31591536878841 16.75843114824966 23.805475860834122 11.419045768678187 31.549825473688543 32.912682436173782 15.902068419265559 19.854825869202614 144.18111171922646
leaf_count=48403 101433 37 15961 30469 2937 16228 5274 1502 2836 10465 239 25317 3746 415 50 102 34 23 38 103 34 40 62 60 63 30 1811 39 65 18 28 163 6199 62 35 24 69 51 38 38 119 70 111 37 17 23 55 67 36 23 53 31 259 478 29 38 22 54 61 38 25 277
internal_value=-5.98778e-12 0.000145673 -0.0016272 -0.0376371 -0.00282513 -0.0033563 -0.00479305 -2.76711e-05 -0.00104036 -0.00201883 -0.00235468 0.0026677 0.00163026 0.00380846 0.0119728 0.0159002 0.0120508 -0.0152093 0.0192141 -0.0490758 0.00788026 0.0393869 0.0305856 -0.0111597 -0.0267368 0.000591937 0.00493202 0.0137006 0.0562841 0.0311912 0.0441384 0.0184875 -0.000381853 -0.00380767 -0.0268599 -0.0452967 -0.00288417 -0.0125893 -0.0301445 -0.00586405 -0.00305836 -0.00130744 -0.010553 -0.0216556 0.00374381 -0.0100515 -0.0267037 0.00127728 -0.00506133 0.00563919 0.000348733 -0.0175665 0.0202823 0.00969528 -0.00301464 -0.013425 -0.0344166 -0.0410528 -0.00749066 0.00882994 -0.0114502 -0.00612646
internal_weight=53002.1 52797.7 31003.6 204.352 19105 14723.2 7503.04 768.796 4381.8 3362.81 641.259 21794.2 7845.87 2532.71 311.3 266.118 235.402 48.986 186.416 28.1606 119.357 67.0594 20.8255 45.1816 30.5353 5313.16 973.658 26.6093 40.4501 18.8793 30.3112 106.196 4339.5 988.06 38.0583 25.8675 950.002 132.77 46.7186 30.0042 86.0514 817.232 178.552 100.503 78.0489 44.7009 29.7334 638.68 260.348 378.332 277.921 95.2837 100.411 182.637 70.735 51.983 28.1775 50.3045 250.019 48.8148 201.204 164.036
internal_count=276464 144562 103845 131902 55442 39204 23243 7015 16238 13402 5513 40717 15400 4920 1174 1001 899 222 677 137 449 228 85 173 123 10480 2004 95 133 56 93 193 8476 2277 96 59 2181 315 127 76 188 1866 359 202 157 95 72 1507 507 1000 674 173 326 501 120 89 51 91 471 99 372 302
is_linear=0
shrinkage=0.05


Tree=75
num_leaves=63
num_cat=0
split_feature=12 1 15 5 1 0 1 4 18 0 2 3 13 0 2 0 2 4 3 0 1 5 3 4 4 2 3 4 3 2 5 2 4 1 2 0 5 7 5 5 1 3 3 1 3 0 3 4 3 3 7 0 0 3 1 7 3 0 7 0 0 2
split_gain=109.55 93.4362 31.0182 21.7817 6.41396 6.18275 9.72637 5.20635 5.0188 6.09748 9.01204 9.43233 6.39467 6.09889 6.16495 6.09633 4.92551 4.84284 7.06024 4.51071 5.67255 9.18664 5.77362 11.0224 7.9121 7.01586 6.21674 12.9239 8.88861 6.23628 9.66123 4.63959 4.5048 4.4913 4.35082 5.33633 11.2637 11.1346 6.94821 7.14646 7.38937 10.3815 8.27695 12.8867 12.8691 6.6692 8.7943 8.18535 6.51576 6.27035 6.04615 7.25976 16.754 6.58058 12.1568 5.73348 5.16403 4.92527 4.90444 4.58544 5.89564 13.6017
threshold=1.0000000180025095e-35 0.11651583710407241 1.0000000180025095e-35 0.58018506802634451 0.22649572649572652 26.500000000000004 0.051315789473684217 0.79633851063981576 1.0000000180025095e-35 27.500000000000004 0.15109015898819245 4.9643874682072022 1.0000000180025095e-35 31.500000000000004 0.15929130631764651 44.500000000000007 0.0069314244630747732 0.50458798313260778 1.0991042848040917 42.500000000000007 0.085144927536231887 0.44720589002874989 1.2396029647219269 0.70430497503439571 0.27240090112754239 0.041583223469599459 1.4603878729849085 0.30986478584207655 1.4502206932205015 0.059274494558283458 0.80846557795907692 0.081086709515742858 0.50148843423160139 0.085144927536231887 0.15734983683087347 24.500000000000004 0.63716789860916989 0.0051229405678243087 0.59191092830798719 0.35815697736813412 0.13809523809523813 2.2983852714705191 1.9605383875631357 0.15587044534412958 2.1107230787509121 42.500000000000007 1.7477335947463841 0.49493571523003727 1.6878914381477148 2.4481243311084389 0.013374692924146706 31.500000000000004 33.500000000000007 2.0861391240338611 0.19375000000000003 0.01986169550556122 1.5655827427677822 43.500000000000007 0.0048895420159119048 32.500000000000007 37.500000000000007 0.17532122241791359
decision_type=2 2 2 2 2 2 2 2 2 2 2 2 2 2 2 2 2 2 2 2 2 2 2 2 2 2 2 2 2 2 2 2 2 2 2 2 2 2 2 2 2 2 2 2 2 2 2 2 2 2 2 2 2 2 2 2 2 2 2 2 2 2
left_child=1 2 -1 -2 34 33 8 -6 9 10 11 -7 17 32 -15 -16 -8 -11 -19 20 21 -18 23 -23 -24 -26 28 -28 -27 -29 31 -31 -14 -4 -3 36 37 -36 39 45 41 -41 43 48 -44 49 56 -48 -42 50 -37 55 -53 54 -54 -52 -47 -45 -46 -60 -61 -62
right_child=3 4 5 -5 7 6 16 -9 -10 12 -12 -13 13 14 15 -17 19 18 -20 -21 -22 22 24 -25 25 26 27 29 -30 30 -32 -33 -34 -35 35 38 -38 -39 -40 40 42 -43 44 57 58 46 47 -49 -50 -51 51 52 53 -55 -56 -57 -58 -59 59 60 61 -63
leaf_value=0.00027619901756340833 -0.050461217662829863 0.0011610370535653292 -0.0013959680780840419 -0.016183306166307681 0.0032373414086173677 0.017634730566884315 -0.059410903215759092 -0.031756185581346741 -0.0048486040205874825 0.0001207446